Build Started 28_09_2026_09_59_52
2026-09-28 10:00:03.168 7 INFO oslo_service.backend._eventlet.service [None req-72ae3b4a-8f6f-4877-b42a-d25abe28b6a2 - - - - - -] Caught SIGTERM, stopping children
2026-09-28 10:00:03.171 7 INFO oslo_service.backend._eventlet.service [None req-72ae3b4a-8f6f-4877-b42a-d25abe28b6a2 - - - - - -] Waiting on 1 children to exit
2026-09-28 10:00:03.803 7 INFO oslo_service.backend._eventlet.service [None req-72ae3b4a-8f6f-4877-b42a-d25abe28b6a2 - - - - - -] Child 77 exited with status 0
2026-09-28 10:00:30.946 7 INFO cinder.rpc [None req-f3177a0c-8415-4bc1-8081-9e9de44101ef - - - - - -] Automatically selected cinder-scheduler objects version 1.39 as minimum service version.
2026-09-28 10:00:30.950 7 INFO cinder.rpc [None req-f3177a0c-8415-4bc1-8081-9e9de44101ef - - - - - -] Automatically selected cinder-scheduler RPC version 3.12 as minimum service version.
2026-09-28 10:00:30.979 7 INFO cinder.volume.manager [None req-f3177a0c-8415-4bc1-8081-9e9de44101ef - - - - - -] Determined volume DB was empty at startup.
2026-09-28 10:00:30.989 7 INFO cinder.volume.manager [None req-f3177a0c-8415-4bc1-8081-9e9de44101ef - - - - - -] Image-volume cache disabled for host rack11-server81@LIGHTOSvemhmp.
2026-09-28 10:00:31.005 7 INFO oslo_service.backend._eventlet.service [None req-f3177a0c-8415-4bc1-8081-9e9de44101ef - - - - - -] Starting 1 workers
2026-09-28 10:00:31.019 77 INFO cinder.service [-] Starting cinder-volume node (version 29.1.0)
2026-09-28 10:00:31.021 7 WARNING oslo_config.cfg [None req-f3177a0c-8415-4bc1-8081-9e9de44101ef - - - - - -] Deprecated: Option "heartbeat_in_pthread" from group "oslo_messaging_rabbit" is deprecated for removal (The option is related to Eventlet which will be removed. In addition this has never worked as expected with services using eventlet for core service framework.).  Its value may be silently ignored in the future.
2026-09-28 10:00:31.036 77 INFO cinder.volume.manager [None req-650d57b5-ea91-4797-9a0c-348ded5f452e - - - - - -] Starting volume driver LightOSVolumeDriver (2.3.12)
2026-09-28 10:00:31.036 77 INFO cinder.volume.drivers.lightos [None req-650d57b5-ea91-4797-9a0c-348ded5f452e - - - - - -] Invoking get_cluster_info using GET url: /api/v2/clusterinfo             request.body: {} ssl_verify: False
2026-09-28 10:00:31.077 77 WARNING py.warnings [None req-650d57b5-ea91-4797-9a0c-348ded5f452e - - - - - -] /var/lib/kolla/venv/lib/python3.12/site-packages/urllib3/connectionpool.py:1110: InsecureRequestWarning: Unverified HTTPS request is being made to host '[LB_IP_ADDRESS]'. Adding certificate verification is strongly advised. See: https://urllib3.readthedocs.io/en/latest/advanced-usage.html#tls-warnings
  warnings.warn(

2026-09-28 10:00:31.170 77 INFO cinder.volume.drivers.lightos [None req-650d57b5-ea91-4797-9a0c-348ded5f452e - - - - - -] Connected to LightOS cluster 01a075ac-5f50-7ded-b878-53b360bb9ca3 subsysnqn nqn.2016-01.com.lightbitslabs:uuid:023e92f0-1271-4fe0-9397-657649be716c:suffix
2026-09-28 10:00:31.172 77 INFO cinder.volume.drivers.lightos [None req-650d57b5-ea91-4797-9a0c-348ded5f452e - - - - - -] Invoking get_nodes using GET url: /api/v2/nodes             request.body: {} ssl_verify: False
2026-09-28 10:00:31.211 77 WARNING py.warnings [None req-650d57b5-ea91-4797-9a0c-348ded5f452e - - - - - -] /var/lib/kolla/venv/lib/python3.12/site-packages/urllib3/connectionpool.py:1110: InsecureRequestWarning: Unverified HTTPS request is being made to host '[LB_IP_ADDRESS]'. Adding certificate verification is strongly advised. See: https://urllib3.readthedocs.io/en/latest/advanced-usage.html#tls-warnings
  warnings.warn(

2026-09-28 10:00:31.243 77 INFO os_brick.initiator.connectors.lightos [None req-650d57b5-ea91-4797-9a0c-348ded5f452e - - - - - -] Current host hostNQN nqn.2014-08.org.nvmexpress:uuid:1136ecdd-b326-5080-93cd-b4d75d7810d9 and IP(s) are ['[LB_IP_ADDRESS]', 'fe80::3e47:9a62:83ae:42f6', '[LB_IP_ADDRESS]', 'fe80::1527:3e78:1ef1:1fe7', '[LB_IP_ADDRESS]', 'fd00::a:13:1a:6', 'fe80::5fef:b54a:d77d:fcd4'] 
2026-09-28 10:00:31.289 77 WARNING oslo_config.cfg [None req-650d57b5-ea91-4797-9a0c-348ded5f452e - - - - - -] Deprecated: Option "heartbeat_in_pthread" from group "oslo_messaging_rabbit" is deprecated for removal (The option is related to Eventlet which will be removed. In addition this has never worked as expected with services using eventlet for core service framework.).  Its value may be silently ignored in the future.
2026-09-28 10:00:31.298 77 INFO cinder.keymgr.migration [None req-cbaec1a8-7b35-474f-a8fe-14371971fd48 - - - - - -] Not migrating encryption keys because the ConfKeyManager's fixed_key is not in use.
2026-09-28 10:00:31.320 77 INFO cinder.volume.manager [None req-650d57b5-ea91-4797-9a0c-348ded5f452e - - - - - -] Driver initialization completed successfully.
2026-09-28 10:00:31.321 77 INFO cinder.manager [None req-650d57b5-ea91-4797-9a0c-348ded5f452e - - - - - -] Initiating service 2 cleanup
2026-09-28 10:00:31.326 77 INFO cinder.manager [None req-650d57b5-ea91-4797-9a0c-348ded5f452e - - - - - -] Service 2 cleanup completed.
2026-09-28 10:00:31.352 77 INFO oslo.messaging._drivers.impl_rabbit [None req-650d57b5-ea91-4797-9a0c-348ded5f452e - - - - - -] [a513c654-8667-4a55-ac05-f23ba7655f1b] Stream Queue.declare: cinder-volume_fanout after offset last
2026-09-28 10:00:31.373 77 INFO oslo.messaging._drivers.impl_rabbit [None req-650d57b5-ea91-4797-9a0c-348ded5f452e - - - - - -] [14c160c6-36aa-434b-b4b2-7bff83265e79] Stream Queue.declare: cinder-volume.rack11-server81@LIGHTOSvemhmp_fanout after offset last
2026-09-28 10:00:31.378 77 INFO cinder.volume.manager [None req-650d57b5-ea91-4797-9a0c-348ded5f452e - - - - - -] Initializing RPC dependent components of volume driver LightOSVolumeDriver (2.3.12)
2026-09-28 10:00:31.382 77 INFO cinder.volume.manager [None req-650d57b5-ea91-4797-9a0c-348ded5f452e - - - - - -] Driver post RPC initialization completed successfully.
2026-09-28 10:01:40.962 77 INFO cinder.volume.flows.manager.create_volume [req-d5c51e49-5af4-4c68-a38d-492b9ddfd090 req-f1c2926a-152e-4e0e-a27e-717544efc267 baa85d434f6d4946ac27e1c7f89acbcb 19356c49d56b4b419d2d61b529c0f7cb - - - -] Volume 2e6bb8b7-a261-434a-b85b-b2c5e499e919: being created as raw with specification: {'status': 'creating', 'volume_name': 'vol_2e6bb8b7-a261-434a-b85b-b2c5e499e919', 'volume_size': 1}
2026-09-28 10:01:40.962 77 INFO cinder.volume.drivers.lightos [req-d5c51e49-5af4-4c68-a38d-492b9ddfd090 req-f1c2926a-152e-4e0e-a27e-717544efc267 baa85d434f6d4946ac27e1c7f89acbcb 19356c49d56b4b419d2d61b529c0f7cb - - - -] Invoking get_volume_by_name using GET url: /api/v2/projects/default/volumes/?name=vol_2e6bb8b7-a261-434a-b85b-b2c5e499e919             request.body: {} ssl_verify: False
2026-09-28 10:01:41.005 77 WARNING py.warnings [req-d5c51e49-5af4-4c68-a38d-492b9ddfd090 req-f1c2926a-152e-4e0e-a27e-717544efc267 baa85d434f6d4946ac27e1c7f89acbcb 19356c49d56b4b419d2d61b529c0f7cb - - - -] /var/lib/kolla/venv/lib/python3.12/site-packages/urllib3/connectionpool.py:1110: InsecureRequestWarning: Unverified HTTPS request is being made to host '[LB_IP_ADDRESS]'. Adding certificate verification is strongly advised. See: https://urllib3.readthedocs.io/en/latest/advanced-usage.html#tls-warnings
  warnings.warn(

2026-09-28 10:01:41.015 77 INFO cinder.volume.flows.manager.create_volume [req-f7ffecbb-a915-4015-8000-80496535047e req-2a53b521-1694-44dc-b520-3b22cab80087 2e0607f8ea3d46e69e5b363f084db099 af97680275d04b31b5c63382981192ef - - - -] Volume 3501fab8-860b-4797-baa0-6c5943a346b6: being created as raw with specification: {'status': 'creating', 'volume_name': 'vol_3501fab8-860b-4797-baa0-6c5943a346b6', 'volume_size': 1}
2026-09-28 10:01:41.015 77 INFO cinder.volume.drivers.lightos [req-f7ffecbb-a915-4015-8000-80496535047e req-2a53b521-1694-44dc-b520-3b22cab80087 2e0607f8ea3d46e69e5b363f084db099 af97680275d04b31b5c63382981192ef - - - -] Invoking get_volume_by_name using GET url: /api/v2/projects/default/volumes/?name=vol_3501fab8-860b-4797-baa0-6c5943a346b6             request.body: {} ssl_verify: False
2026-09-28 10:01:41.019 77 INFO cinder.volume.drivers.lightos [req-d5c51e49-5af4-4c68-a38d-492b9ddfd090 req-f1c2926a-152e-4e0e-a27e-717544efc267 baa85d434f6d4946ac27e1c7f89acbcb 19356c49d56b4b419d2d61b529c0f7cb - - - -] Invoking create_volume using POST url: /api/v2/projects/default/volumes             request.body: {'name': 'vol_2e6bb8b7-a261-434a-b85b-b2c5e499e919', 'size': '1 gib', 'replicaCount': '3', 'compression': 'False', 'acl': {'values': ['ALLOW_NONE']}, 'IPAcl': {'values': ['ALLOW_NONE']}, 'sourceSnapshotUUID': None, 'sourceSnapshotName': None} ssl_verify: False
2026-09-28 10:01:41.073 77 WARNING py.warnings [req-f7ffecbb-a915-4015-8000-80496535047e req-2a53b521-1694-44dc-b520-3b22cab80087 2e0607f8ea3d46e69e5b363f084db099 af97680275d04b31b5c63382981192ef - - - -] /var/lib/kolla/venv/lib/python3.12/site-packages/urllib3/connectionpool.py:1110: InsecureRequestWarning: Unverified HTTPS request is being made to host '[LB_IP_ADDRESS]'. Adding certificate verification is strongly advised. See: https://urllib3.readthedocs.io/en/latest/advanced-usage.html#tls-warnings
  warnings.warn(

2026-09-28 10:01:41.088 77 WARNING py.warnings [req-d5c51e49-5af4-4c68-a38d-492b9ddfd090 req-f1c2926a-152e-4e0e-a27e-717544efc267 baa85d434f6d4946ac27e1c7f89acbcb 19356c49d56b4b419d2d61b529c0f7cb - - - -] /var/lib/kolla/venv/lib/python3.12/site-packages/urllib3/connectionpool.py:1110: InsecureRequestWarning: Unverified HTTPS request is being made to host '[LB_IP_ADDRESS]'. Adding certificate verification is strongly advised. See: https://urllib3.readthedocs.io/en/latest/advanced-usage.html#tls-warnings
  warnings.warn(

2026-09-28 10:01:41.099 77 INFO cinder.volume.flows.manager.create_volume [None req-b22e1d1a-cd0c-4f0c-8def-8183bb160644 073091866ed849e49f04a4851416d0e7 1030fff8bc58446d95204609eab77f1c - - - -] Volume 9ddf7ea3-cd73-4fac-b0d3-092041f1f571: being created as raw with specification: {'status': 'creating', 'volume_name': 'vol_9ddf7ea3-cd73-4fac-b0d3-092041f1f571', 'volume_size': 1}
2026-09-28 10:01:41.099 77 INFO cinder.volume.drivers.lightos [None req-b22e1d1a-cd0c-4f0c-8def-8183bb160644 073091866ed849e49f04a4851416d0e7 1030fff8bc58446d95204609eab77f1c - - - -] Invoking get_volume_by_name using GET url: /api/v2/projects/default/volumes/?name=vol_9ddf7ea3-cd73-4fac-b0d3-092041f1f571             request.body: {} ssl_verify: False
2026-09-28 10:01:41.102 77 INFO cinder.volume.drivers.lightos [req-f7ffecbb-a915-4015-8000-80496535047e req-2a53b521-1694-44dc-b520-3b22cab80087 2e0607f8ea3d46e69e5b363f084db099 af97680275d04b31b5c63382981192ef - - - -] Invoking create_volume using POST url: /api/v2/projects/default/volumes             request.body: {'name': 'vol_3501fab8-860b-4797-baa0-6c5943a346b6', 'size': '1 gib', 'replicaCount': '3', 'compression': 'False', 'acl': {'values': ['ALLOW_NONE']}, 'IPAcl': {'values': ['ALLOW_NONE']}, 'sourceSnapshotUUID': None, 'sourceSnapshotName': None} ssl_verify: False
2026-09-28 10:01:41.156 77 INFO cinder.volume.drivers.lightos [req-d5c51e49-5af4-4c68-a38d-492b9ddfd090 req-f1c2926a-152e-4e0e-a27e-717544efc267 baa85d434f6d4946ac27e1c7f89acbcb 19356c49d56b4b419d2d61b529c0f7cb - - - -] Invoking get_volume using GET url: /api/v2/projects/default/volumes/4c4bf32b-fe50-4642-84c1-2a1dedf587c7             request.body: {} ssl_verify: False
2026-09-28 10:01:41.158 77 WARNING py.warnings [None req-b22e1d1a-cd0c-4f0c-8def-8183bb160644 073091866ed849e49f04a4851416d0e7 1030fff8bc58446d95204609eab77f1c - - - -] /var/lib/kolla/venv/lib/python3.12/site-packages/urllib3/connectionpool.py:1110: InsecureRequestWarning: Unverified HTTPS request is being made to host '[LB_IP_ADDRESS]'. Adding certificate verification is strongly advised. See: https://urllib3.readthedocs.io/en/latest/advanced-usage.html#tls-warnings
  warnings.warn(

2026-09-28 10:01:41.186 77 INFO cinder.volume.drivers.lightos [None req-b22e1d1a-cd0c-4f0c-8def-8183bb160644 073091866ed849e49f04a4851416d0e7 1030fff8bc58446d95204609eab77f1c - - - -] Invoking create_volume using POST url: /api/v2/projects/default/volumes             request.body: {'name': 'vol_9ddf7ea3-cd73-4fac-b0d3-092041f1f571', 'size': '1 gib', 'replicaCount': '3', 'compression': 'False', 'acl': {'values': ['ALLOW_NONE']}, 'IPAcl': {'values': ['ALLOW_NONE']}, 'sourceSnapshotUUID': None, 'sourceSnapshotName': None} ssl_verify: False
2026-09-28 10:01:41.189 77 WARNING py.warnings [req-f7ffecbb-a915-4015-8000-80496535047e req-2a53b521-1694-44dc-b520-3b22cab80087 2e0607f8ea3d46e69e5b363f084db099 af97680275d04b31b5c63382981192ef - - - -] /var/lib/kolla/venv/lib/python3.12/site-packages/urllib3/connectionpool.py:1110: InsecureRequestWarning: Unverified HTTPS request is being made to host '[LB_IP_ADDRESS]'. Adding certificate verification is strongly advised. See: https://urllib3.readthedocs.io/en/latest/advanced-usage.html#tls-warnings
  warnings.warn(

2026-09-28 10:01:41.216 77 WARNING py.warnings [req-d5c51e49-5af4-4c68-a38d-492b9ddfd090 req-f1c2926a-152e-4e0e-a27e-717544efc267 baa85d434f6d4946ac27e1c7f89acbcb 19356c49d56b4b419d2d61b529c0f7cb - - - -] /var/lib/kolla/venv/lib/python3.12/site-packages/urllib3/connectionpool.py:1110: InsecureRequestWarning: Unverified HTTPS request is being made to host '[LB_IP_ADDRESS]'. Adding certificate verification is strongly advised. See: https://urllib3.readthedocs.io/en/latest/advanced-usage.html#tls-warnings
  warnings.warn(

2026-09-28 10:01:41.229 77 WARNING py.warnings [None req-b22e1d1a-cd0c-4f0c-8def-8183bb160644 073091866ed849e49f04a4851416d0e7 1030fff8bc58446d95204609eab77f1c - - - -] /var/lib/kolla/venv/lib/python3.12/site-packages/urllib3/connectionpool.py:1110: InsecureRequestWarning: Unverified HTTPS request is being made to host '[LB_IP_ADDRESS]'. Adding certificate verification is strongly advised. See: https://urllib3.readthedocs.io/en/latest/advanced-usage.html#tls-warnings
  warnings.warn(

2026-09-28 10:01:41.253 77 INFO cinder.volume.drivers.lightos [req-f7ffecbb-a915-4015-8000-80496535047e req-2a53b521-1694-44dc-b520-3b22cab80087 2e0607f8ea3d46e69e5b363f084db099 af97680275d04b31b5c63382981192ef - - - -] Invoking get_volume using GET url: /api/v2/projects/default/volumes/51191741-c4fb-4e64-b9ad-b0f0f2bb846d             request.body: {} ssl_verify: False
2026-09-28 10:01:41.285 77 INFO cinder.volume.drivers.lightos [None req-b22e1d1a-cd0c-4f0c-8def-8183bb160644 073091866ed849e49f04a4851416d0e7 1030fff8bc58446d95204609eab77f1c - - - -] Invoking get_volume using GET url: /api/v2/projects/default/volumes/8c87165e-b719-4673-917c-f070154b5f7a             request.body: {} ssl_verify: False
2026-09-28 10:01:41.314 77 WARNING py.warnings [req-f7ffecbb-a915-4015-8000-80496535047e req-2a53b521-1694-44dc-b520-3b22cab80087 2e0607f8ea3d46e69e5b363f084db099 af97680275d04b31b5c63382981192ef - - - -] /var/lib/kolla/venv/lib/python3.12/site-packages/urllib3/connectionpool.py:1110: InsecureRequestWarning: Unverified HTTPS request is being made to host '[LB_IP_ADDRESS]'. Adding certificate verification is strongly advised. See: https://urllib3.readthedocs.io/en/latest/advanced-usage.html#tls-warnings
  warnings.warn(

2026-09-28 10:01:41.321 77 WARNING py.warnings [None req-b22e1d1a-cd0c-4f0c-8def-8183bb160644 073091866ed849e49f04a4851416d0e7 1030fff8bc58446d95204609eab77f1c - - - -] /var/lib/kolla/venv/lib/python3.12/site-packages/urllib3/connectionpool.py:1110: InsecureRequestWarning: Unverified HTTPS request is being made to host '[LB_IP_ADDRESS]'. Adding certificate verification is strongly advised. See: https://urllib3.readthedocs.io/en/latest/advanced-usage.html#tls-warnings
  warnings.warn(

2026-09-28 10:01:41.324 77 INFO cinder.volume.flows.manager.create_volume [req-d5c51e49-5af4-4c68-a38d-492b9ddfd090 req-f1c2926a-152e-4e0e-a27e-717544efc267 baa85d434f6d4946ac27e1c7f89acbcb 19356c49d56b4b419d2d61b529c0f7cb - - - -] Volume vol_2e6bb8b7-a261-434a-b85b-b2c5e499e919 (2e6bb8b7-a261-434a-b85b-b2c5e499e919): created successfully
2026-09-28 10:01:41.335 77 INFO cinder.volume.manager [req-d5c51e49-5af4-4c68-a38d-492b9ddfd090 req-f1c2926a-152e-4e0e-a27e-717544efc267 baa85d434f6d4946ac27e1c7f89acbcb 19356c49d56b4b419d2d61b529c0f7cb - - - -] Created volume successfully.
2026-09-28 10:01:42.302 77 INFO cinder.volume.drivers.lightos [req-8fbef2a9-929f-4a4b-9818-8bc1465cfbd6 req-bc0d0752-b9d9-45a7-949f-453330a7d721 baa85d434f6d4946ac27e1c7f89acbcb 19356c49d56b4b419d2d61b529c0f7cb - - - -] Invoking get_snapshot_by_name using GET url: /api/v2/projects/default/snapshots/?Name=snapshot-5c00550b-fa4a-493d-a5e5-880524505111             request.body: {} ssl_verify: False
2026-09-28 10:01:42.336 77 WARNING py.warnings [req-8fbef2a9-929f-4a4b-9818-8bc1465cfbd6 req-bc0d0752-b9d9-45a7-949f-453330a7d721 baa85d434f6d4946ac27e1c7f89acbcb 19356c49d56b4b419d2d61b529c0f7cb - - - -] /var/lib/kolla/venv/lib/python3.12/site-packages/urllib3/connectionpool.py:1110: InsecureRequestWarning: Unverified HTTPS request is being made to host '[LB_IP_ADDRESS]'. Adding certificate verification is strongly advised. See: https://urllib3.readthedocs.io/en/latest/advanced-usage.html#tls-warnings
  warnings.warn(

2026-09-28 10:01:42.346 77 INFO cinder.volume.drivers.lightos [req-8fbef2a9-929f-4a4b-9818-8bc1465cfbd6 req-bc0d0752-b9d9-45a7-949f-453330a7d721 baa85d434f6d4946ac27e1c7f89acbcb 19356c49d56b4b419d2d61b529c0f7cb - - - -] Invoking create_snapshot using POST url: /api/v2/projects/default/snapshots             request.body: {'name': 'snapshot-5c00550b-fa4a-493d-a5e5-880524505111', 'sourceVolumeUUID': None, 'sourceVolumeName': 'vol_2e6bb8b7-a261-434a-b85b-b2c5e499e919'} ssl_verify: False
2026-09-28 10:01:42.374 77 INFO cinder.volume.drivers.lightos [req-f7ffecbb-a915-4015-8000-80496535047e req-2a53b521-1694-44dc-b520-3b22cab80087 2e0607f8ea3d46e69e5b363f084db099 af97680275d04b31b5c63382981192ef - - - -] Invoking get_volume using GET url: /api/v2/projects/default/volumes/51191741-c4fb-4e64-b9ad-b0f0f2bb846d             request.body: {} ssl_verify: False
2026-09-28 10:01:42.401 77 WARNING py.warnings [req-8fbef2a9-929f-4a4b-9818-8bc1465cfbd6 req-bc0d0752-b9d9-45a7-949f-453330a7d721 baa85d434f6d4946ac27e1c7f89acbcb 19356c49d56b4b419d2d61b529c0f7cb - - - -] /var/lib/kolla/venv/lib/python3.12/site-packages/urllib3/connectionpool.py:1110: InsecureRequestWarning: Unverified HTTPS request is being made to host '[LB_IP_ADDRESS]'. Adding certificate verification is strongly advised. See: https://urllib3.readthedocs.io/en/latest/advanced-usage.html#tls-warnings
  warnings.warn(

2026-09-28 10:01:42.406 77 WARNING py.warnings [req-f7ffecbb-a915-4015-8000-80496535047e req-2a53b521-1694-44dc-b520-3b22cab80087 2e0607f8ea3d46e69e5b363f084db099 af97680275d04b31b5c63382981192ef - - - -] /var/lib/kolla/venv/lib/python3.12/site-packages/urllib3/connectionpool.py:1110: InsecureRequestWarning: Unverified HTTPS request is being made to host '[LB_IP_ADDRESS]'. Adding certificate verification is strongly advised. See: https://urllib3.readthedocs.io/en/latest/advanced-usage.html#tls-warnings
  warnings.warn(

2026-09-28 10:01:42.409 77 INFO cinder.volume.drivers.lightos [None req-b22e1d1a-cd0c-4f0c-8def-8183bb160644 073091866ed849e49f04a4851416d0e7 1030fff8bc58446d95204609eab77f1c - - - -] Invoking get_volume using GET url: /api/v2/projects/default/volumes/8c87165e-b719-4673-917c-f070154b5f7a             request.body: {} ssl_verify: False
2026-09-28 10:01:42.446 77 INFO cinder.volume.drivers.lightos [req-8fbef2a9-929f-4a4b-9818-8bc1465cfbd6 req-bc0d0752-b9d9-45a7-949f-453330a7d721 baa85d434f6d4946ac27e1c7f89acbcb 19356c49d56b4b419d2d61b529c0f7cb - - - -] Invoking get_snapshot_by_name using GET url: /api/v2/projects/default/snapshots/?Name=snapshot-5c00550b-fa4a-493d-a5e5-880524505111             request.body: {} ssl_verify: False
2026-09-28 10:01:42.475 77 WARNING py.warnings [None req-b22e1d1a-cd0c-4f0c-8def-8183bb160644 073091866ed849e49f04a4851416d0e7 1030fff8bc58446d95204609eab77f1c - - - -] /var/lib/kolla/venv/lib/python3.12/site-packages/urllib3/connectionpool.py:1110: InsecureRequestWarning: Unverified HTTPS request is being made to host '[LB_IP_ADDRESS]'. Adding certificate verification is strongly advised. See: https://urllib3.readthedocs.io/en/latest/advanced-usage.html#tls-warnings
  warnings.warn(

2026-09-28 10:01:42.483 77 WARNING py.warnings [req-8fbef2a9-929f-4a4b-9818-8bc1465cfbd6 req-bc0d0752-b9d9-45a7-949f-453330a7d721 baa85d434f6d4946ac27e1c7f89acbcb 19356c49d56b4b419d2d61b529c0f7cb - - - -] /var/lib/kolla/venv/lib/python3.12/site-packages/urllib3/connectionpool.py:1110: InsecureRequestWarning: Unverified HTTPS request is being made to host '[LB_IP_ADDRESS]'. Adding certificate verification is strongly advised. See: https://urllib3.readthedocs.io/en/latest/advanced-usage.html#tls-warnings
  warnings.warn(

2026-09-28 10:01:42.486 77 INFO cinder.volume.flows.manager.create_volume [req-f7ffecbb-a915-4015-8000-80496535047e req-2a53b521-1694-44dc-b520-3b22cab80087 2e0607f8ea3d46e69e5b363f084db099 af97680275d04b31b5c63382981192ef - - - -] Volume vol_3501fab8-860b-4797-baa0-6c5943a346b6 (3501fab8-860b-4797-baa0-6c5943a346b6): created successfully
2026-09-28 10:01:42.494 77 INFO cinder.volume.manager [req-f7ffecbb-a915-4015-8000-80496535047e req-2a53b521-1694-44dc-b520-3b22cab80087 2e0607f8ea3d46e69e5b363f084db099 af97680275d04b31b5c63382981192ef - - - -] Created volume successfully.
2026-09-28 10:01:42.515 77 INFO cinder.volume.flows.manager.create_volume [None req-b22e1d1a-cd0c-4f0c-8def-8183bb160644 073091866ed849e49f04a4851416d0e7 1030fff8bc58446d95204609eab77f1c - - - -] Volume vol_9ddf7ea3-cd73-4fac-b0d3-092041f1f571 (9ddf7ea3-cd73-4fac-b0d3-092041f1f571): created successfully
2026-09-28 10:01:42.522 77 INFO cinder.volume.manager [None req-b22e1d1a-cd0c-4f0c-8def-8183bb160644 073091866ed849e49f04a4851416d0e7 1030fff8bc58446d95204609eab77f1c - - - -] Created volume successfully.
2026-09-28 10:01:43.298 77 INFO cinder.volume.drivers.lightos [req-f449f6d5-b15a-4f53-b649-f59a843d6c3c req-7feded19-73c6-4865-94c5-9d072b462542 2e0607f8ea3d46e69e5b363f084db099 af97680275d04b31b5c63382981192ef - - default default] Invoking delete_volume using DELETE url: /api/v2/projects/default/volumes/51191741-c4fb-4e64-b9ad-b0f0f2bb846d?             request.body:  ssl_verify: False
2026-09-28 10:01:43.336 77 WARNING py.warnings [req-f449f6d5-b15a-4f53-b649-f59a843d6c3c req-7feded19-73c6-4865-94c5-9d072b462542 2e0607f8ea3d46e69e5b363f084db099 af97680275d04b31b5c63382981192ef - - default default] /var/lib/kolla/venv/lib/python3.12/site-packages/urllib3/connectionpool.py:1110: InsecureRequestWarning: Unverified HTTPS request is being made to host '[LB_IP_ADDRESS]'. Adding certificate verification is strongly advised. See: https://urllib3.readthedocs.io/en/latest/advanced-usage.html#tls-warnings
  warnings.warn(

2026-09-28 10:01:43.367 77 INFO cinder.volume.drivers.lightos [req-f449f6d5-b15a-4f53-b649-f59a843d6c3c req-7feded19-73c6-4865-94c5-9d072b462542 2e0607f8ea3d46e69e5b363f084db099 af97680275d04b31b5c63382981192ef - - default default] Invoking get_volume using GET url: /api/v2/projects/default/volumes/51191741-c4fb-4e64-b9ad-b0f0f2bb846d             request.body: {} ssl_verify: False
2026-09-28 10:01:43.433 77 WARNING py.warnings [req-f449f6d5-b15a-4f53-b649-f59a843d6c3c req-7feded19-73c6-4865-94c5-9d072b462542 2e0607f8ea3d46e69e5b363f084db099 af97680275d04b31b5c63382981192ef - - default default] /var/lib/kolla/venv/lib/python3.12/site-packages/urllib3/connectionpool.py:1110: InsecureRequestWarning: Unverified HTTPS request is being made to host '[LB_IP_ADDRESS]'. Adding certificate verification is strongly advised. See: https://urllib3.readthedocs.io/en/latest/advanced-usage.html#tls-warnings
  warnings.warn(

2026-09-28 10:01:43.516 77 WARNING cinder.quota [req-f449f6d5-b15a-4f53-b649-f59a843d6c3c req-7feded19-73c6-4865-94c5-9d072b462542 2e0607f8ea3d46e69e5b363f084db099 af97680275d04b31b5c63382981192ef - - default default] Deprecated: Default quota for resource: volumes___DEFAULT__ is set by the default quota flag: quota_volumes___DEFAULT__, it is now deprecated. Please use the default quota class for default quota.
2026-09-28 10:01:43.516 77 WARNING cinder.quota [req-f449f6d5-b15a-4f53-b649-f59a843d6c3c req-7feded19-73c6-4865-94c5-9d072b462542 2e0607f8ea3d46e69e5b363f084db099 af97680275d04b31b5c63382981192ef - - default default] Deprecated: Default quota for resource: gigabytes___DEFAULT__ is set by the default quota flag: quota_gigabytes___DEFAULT__, it is now deprecated. Please use the default quota class for default quota.
2026-09-28 10:01:43.573 77 INFO cinder.volume.drivers.lightos [req-8fbef2a9-929f-4a4b-9818-8bc1465cfbd6 req-bc0d0752-b9d9-45a7-949f-453330a7d721 baa85d434f6d4946ac27e1c7f89acbcb 19356c49d56b4b419d2d61b529c0f7cb - - - -] Invoking get_snapshot_by_name using GET url: /api/v2/projects/default/snapshots/?Name=snapshot-5c00550b-fa4a-493d-a5e5-880524505111             request.body: {} ssl_verify: False
2026-09-28 10:01:43.613 77 INFO cinder.volume.flows.manager.create_volume [None req-6ea0f722-428a-40d5-882f-0a522fd42d64 073091866ed849e49f04a4851416d0e7 1030fff8bc58446d95204609eab77f1c - - - -] Volume 325e4e58-2e94-4771-8636-08c6ee12fd9c: being created as raw with specification: {'status': 'creating', 'volume_name': 'vol_325e4e58-2e94-4771-8636-08c6ee12fd9c', 'volume_size': 1}
2026-09-28 10:01:43.613 77 INFO cinder.volume.drivers.lightos [None req-6ea0f722-428a-40d5-882f-0a522fd42d64 073091866ed849e49f04a4851416d0e7 1030fff8bc58446d95204609eab77f1c - - - -] Invoking get_volume_by_name using GET url: /api/v2/projects/default/volumes/?name=vol_325e4e58-2e94-4771-8636-08c6ee12fd9c             request.body: {} ssl_verify: False
2026-09-28 10:01:43.615 77 WARNING py.warnings [req-8fbef2a9-929f-4a4b-9818-8bc1465cfbd6 req-bc0d0752-b9d9-45a7-949f-453330a7d721 baa85d434f6d4946ac27e1c7f89acbcb 19356c49d56b4b419d2d61b529c0f7cb - - - -] /var/lib/kolla/venv/lib/python3.12/site-packages/urllib3/connectionpool.py:1110: InsecureRequestWarning: Unverified HTTPS request is being made to host '[LB_IP_ADDRESS]'. Adding certificate verification is strongly advised. See: https://urllib3.readthedocs.io/en/latest/advanced-usage.html#tls-warnings
  warnings.warn(

2026-09-28 10:01:43.660 77 INFO cinder.volume.manager [req-f449f6d5-b15a-4f53-b649-f59a843d6c3c req-7feded19-73c6-4865-94c5-9d072b462542 2e0607f8ea3d46e69e5b363f084db099 af97680275d04b31b5c63382981192ef - - default default] Deleted volume successfully.
2026-09-28 10:01:43.662 77 INFO cinder.volume.manager [req-8fbef2a9-929f-4a4b-9818-8bc1465cfbd6 req-bc0d0752-b9d9-45a7-949f-453330a7d721 baa85d434f6d4946ac27e1c7f89acbcb 19356c49d56b4b419d2d61b529c0f7cb - - - -] Create snapshot completed successfully
2026-09-28 10:01:43.685 77 WARNING py.warnings [None req-6ea0f722-428a-40d5-882f-0a522fd42d64 073091866ed849e49f04a4851416d0e7 1030fff8bc58446d95204609eab77f1c - - - -] /var/lib/kolla/venv/lib/python3.12/site-packages/urllib3/connectionpool.py:1110: InsecureRequestWarning: Unverified HTTPS request is being made to host '[LB_IP_ADDRESS]'. Adding certificate verification is strongly advised. See: https://urllib3.readthedocs.io/en/latest/advanced-usage.html#tls-warnings
  warnings.warn(

2026-09-28 10:01:43.712 77 INFO cinder.volume.drivers.lightos [None req-6ea0f722-428a-40d5-882f-0a522fd42d64 073091866ed849e49f04a4851416d0e7 1030fff8bc58446d95204609eab77f1c - - - -] Invoking create_volume using POST url: /api/v2/projects/default/volumes             request.body: {'name': 'vol_325e4e58-2e94-4771-8636-08c6ee12fd9c', 'size': '1 gib', 'replicaCount': '3', 'compression': 'False', 'acl': {'values': ['ALLOW_NONE']}, 'IPAcl': {'values': ['ALLOW_NONE']}, 'sourceSnapshotUUID': None, 'sourceSnapshotName': None} ssl_verify: False
2026-09-28 10:01:43.753 77 WARNING py.warnings [None req-6ea0f722-428a-40d5-882f-0a522fd42d64 073091866ed849e49f04a4851416d0e7 1030fff8bc58446d95204609eab77f1c - - - -] /var/lib/kolla/venv/lib/python3.12/site-packages/urllib3/connectionpool.py:1110: InsecureRequestWarning: Unverified HTTPS request is being made to host '[LB_IP_ADDRESS]'. Adding certificate verification is strongly advised. See: https://urllib3.readthedocs.io/en/latest/advanced-usage.html#tls-warnings
  warnings.warn(

2026-09-28 10:01:43.783 77 INFO cinder.volume.drivers.lightos [None req-6ea0f722-428a-40d5-882f-0a522fd42d64 073091866ed849e49f04a4851416d0e7 1030fff8bc58446d95204609eab77f1c - - - -] Invoking get_volume using GET url: /api/v2/projects/default/volumes/a3e865c6-cb95-49d7-883e-088e5183eac7             request.body: {} ssl_verify: False
2026-09-28 10:01:43.825 77 WARNING py.warnings [None req-6ea0f722-428a-40d5-882f-0a522fd42d64 073091866ed849e49f04a4851416d0e7 1030fff8bc58446d95204609eab77f1c - - - -] /var/lib/kolla/venv/lib/python3.12/site-packages/urllib3/connectionpool.py:1110: InsecureRequestWarning: Unverified HTTPS request is being made to host '[LB_IP_ADDRESS]'. Adding certificate verification is strongly advised. See: https://urllib3.readthedocs.io/en/latest/advanced-usage.html#tls-warnings
  warnings.warn(

2026-09-28 10:01:44.566 77 INFO cinder.volume.drivers.lightos [req-7d4471f0-dd98-48c2-b33b-8c8aa71bfb99 req-e561655f-ad43-4457-9ee3-fa05e8997184 baa85d434f6d4946ac27e1c7f89acbcb 19356c49d56b4b419d2d61b529c0f7cb - - default default] Invoking get_snapshot_by_name using GET url: /api/v2/projects/default/snapshots/?Name=snapshot-5c00550b-fa4a-493d-a5e5-880524505111             request.body: {} ssl_verify: False
2026-09-28 10:01:44.608 77 WARNING py.warnings [req-7d4471f0-dd98-48c2-b33b-8c8aa71bfb99 req-e561655f-ad43-4457-9ee3-fa05e8997184 baa85d434f6d4946ac27e1c7f89acbcb 19356c49d56b4b419d2d61b529c0f7cb - - default default] /var/lib/kolla/venv/lib/python3.12/site-packages/urllib3/connectionpool.py:1110: InsecureRequestWarning: Unverified HTTPS request is being made to host '[LB_IP_ADDRESS]'. Adding certificate verification is strongly advised. See: https://urllib3.readthedocs.io/en/latest/advanced-usage.html#tls-warnings
  warnings.warn(

2026-09-28 10:01:44.621 77 INFO cinder.volume.drivers.lightos [req-7d4471f0-dd98-48c2-b33b-8c8aa71bfb99 req-e561655f-ad43-4457-9ee3-fa05e8997184 baa85d434f6d4946ac27e1c7f89acbcb 19356c49d56b4b419d2d61b529c0f7cb - - default default] Invoking delete_snapshot using DELETE url: /api/v2/projects/default/snapshots/8e87c434-67a8-46fe-be1d-ba001ed2165a?             request.body:  ssl_verify: False
2026-09-28 10:01:44.661 77 WARNING py.warnings [req-7d4471f0-dd98-48c2-b33b-8c8aa71bfb99 req-e561655f-ad43-4457-9ee3-fa05e8997184 baa85d434f6d4946ac27e1c7f89acbcb 19356c49d56b4b419d2d61b529c0f7cb - - default default] /var/lib/kolla/venv/lib/python3.12/site-packages/urllib3/connectionpool.py:1110: InsecureRequestWarning: Unverified HTTPS request is being made to host '[LB_IP_ADDRESS]'. Adding certificate verification is strongly advised. See: https://urllib3.readthedocs.io/en/latest/advanced-usage.html#tls-warnings
  warnings.warn(

2026-09-28 10:01:44.683 77 INFO cinder.volume.drivers.lightos [req-7d4471f0-dd98-48c2-b33b-8c8aa71bfb99 req-e561655f-ad43-4457-9ee3-fa05e8997184 baa85d434f6d4946ac27e1c7f89acbcb 19356c49d56b4b419d2d61b529c0f7cb - - default default] Invoking get_snapshot using GET url: /api/v2/projects/default/snapshots/8e87c434-67a8-46fe-be1d-ba001ed2165a             request.body: {} ssl_verify: False
2026-09-28 10:01:44.731 77 WARNING py.warnings [req-7d4471f0-dd98-48c2-b33b-8c8aa71bfb99 req-e561655f-ad43-4457-9ee3-fa05e8997184 baa85d434f6d4946ac27e1c7f89acbcb 19356c49d56b4b419d2d61b529c0f7cb - - default default] /var/lib/kolla/venv/lib/python3.12/site-packages/urllib3/connectionpool.py:1110: InsecureRequestWarning: Unverified HTTPS request is being made to host '[LB_IP_ADDRESS]'. Adding certificate verification is strongly advised. See: https://urllib3.readthedocs.io/en/latest/advanced-usage.html#tls-warnings
  warnings.warn(

2026-09-28 10:01:44.805 77 WARNING cinder.quota [req-7d4471f0-dd98-48c2-b33b-8c8aa71bfb99 req-e561655f-ad43-4457-9ee3-fa05e8997184 baa85d434f6d4946ac27e1c7f89acbcb 19356c49d56b4b419d2d61b529c0f7cb - - default default] Deprecated: Default quota for resource: snapshots___DEFAULT__ is set by the default quota flag: quota_snapshots___DEFAULT__, it is now deprecated. Please use the default quota class for default quota.
2026-09-28 10:01:44.844 77 INFO cinder.volume.manager [req-7d4471f0-dd98-48c2-b33b-8c8aa71bfb99 req-e561655f-ad43-4457-9ee3-fa05e8997184 baa85d434f6d4946ac27e1c7f89acbcb 19356c49d56b4b419d2d61b529c0f7cb - - default default] Delete snapshot completed successfully.
2026-09-28 10:01:44.865 77 INFO cinder.volume.drivers.lightos [None req-6ea0f722-428a-40d5-882f-0a522fd42d64 073091866ed849e49f04a4851416d0e7 1030fff8bc58446d95204609eab77f1c - - - -] Invoking get_volume using GET url: /api/v2/projects/default/volumes/a3e865c6-cb95-49d7-883e-088e5183eac7             request.body: {} ssl_verify: False
2026-09-28 10:01:44.912 77 WARNING py.warnings [None req-6ea0f722-428a-40d5-882f-0a522fd42d64 073091866ed849e49f04a4851416d0e7 1030fff8bc58446d95204609eab77f1c - - - -] /var/lib/kolla/venv/lib/python3.12/site-packages/urllib3/connectionpool.py:1110: InsecureRequestWarning: Unverified HTTPS request is being made to host '[LB_IP_ADDRESS]'. Adding certificate verification is strongly advised. See: https://urllib3.readthedocs.io/en/latest/advanced-usage.html#tls-warnings
  warnings.warn(

2026-09-28 10:01:44.944 77 INFO cinder.volume.flows.manager.create_volume [None req-6ea0f722-428a-40d5-882f-0a522fd42d64 073091866ed849e49f04a4851416d0e7 1030fff8bc58446d95204609eab77f1c - - - -] Volume vol_325e4e58-2e94-4771-8636-08c6ee12fd9c (325e4e58-2e94-4771-8636-08c6ee12fd9c): created successfully
2026-09-28 10:01:44.952 77 INFO cinder.volume.manager [None req-6ea0f722-428a-40d5-882f-0a522fd42d64 073091866ed849e49f04a4851416d0e7 1030fff8bc58446d95204609eab77f1c - - - -] Created volume successfully.
2026-09-28 10:01:45.745 77 INFO cinder.volume.drivers.lightos [req-0fd47b97-d724-40e7-875d-7106d65fc425 req-511b2e72-fd7a-4bb1-908c-9572fe11320f baa85d434f6d4946ac27e1c7f89acbcb 19356c49d56b4b419d2d61b529c0f7cb - - default default] Invoking delete_volume using DELETE url: /api/v2/projects/default/volumes/4c4bf32b-fe50-4642-84c1-2a1dedf587c7?             request.body:  ssl_verify: False
2026-09-28 10:01:45.779 77 WARNING py.warnings [req-0fd47b97-d724-40e7-875d-7106d65fc425 req-511b2e72-fd7a-4bb1-908c-9572fe11320f baa85d434f6d4946ac27e1c7f89acbcb 19356c49d56b4b419d2d61b529c0f7cb - - default default] /var/lib/kolla/venv/lib/python3.12/site-packages/urllib3/connectionpool.py:1110: InsecureRequestWarning: Unverified HTTPS request is being made to host '[LB_IP_ADDRESS]'. Adding certificate verification is strongly advised. See: https://urllib3.readthedocs.io/en/latest/advanced-usage.html#tls-warnings
  warnings.warn(

2026-09-28 10:01:45.807 77 INFO cinder.volume.drivers.lightos [req-0fd47b97-d724-40e7-875d-7106d65fc425 req-511b2e72-fd7a-4bb1-908c-9572fe11320f baa85d434f6d4946ac27e1c7f89acbcb 19356c49d56b4b419d2d61b529c0f7cb - - default default] Invoking get_volume using GET url: /api/v2/projects/default/volumes/4c4bf32b-fe50-4642-84c1-2a1dedf587c7             request.body: {} ssl_verify: False
2026-09-28 10:01:45.849 77 WARNING py.warnings [req-0fd47b97-d724-40e7-875d-7106d65fc425 req-511b2e72-fd7a-4bb1-908c-9572fe11320f baa85d434f6d4946ac27e1c7f89acbcb 19356c49d56b4b419d2d61b529c0f7cb - - default default] /var/lib/kolla/venv/lib/python3.12/site-packages/urllib3/connectionpool.py:1110: InsecureRequestWarning: Unverified HTTPS request is being made to host '[LB_IP_ADDRESS]'. Adding certificate verification is strongly advised. See: https://urllib3.readthedocs.io/en/latest/advanced-usage.html#tls-warnings
  warnings.warn(

2026-09-28 10:01:45.979 77 INFO cinder.volume.manager [req-0fd47b97-d724-40e7-875d-7106d65fc425 req-511b2e72-fd7a-4bb1-908c-9572fe11320f baa85d434f6d4946ac27e1c7f89acbcb 19356c49d56b4b419d2d61b529c0f7cb - - default default] Deleted volume successfully.
2026-09-28 10:01:46.163 77 INFO cinder.volume.flows.manager.create_volume [None req-e761b165-4fa5-421d-9318-cd3dbd576042 073091866ed849e49f04a4851416d0e7 1030fff8bc58446d95204609eab77f1c - - - -] Volume a18f2e7b-0807-41e2-93a2-9baaa1bf26bd: being created as raw with specification: {'status': 'creating', 'volume_name': 'vol_a18f2e7b-0807-41e2-93a2-9baaa1bf26bd', 'volume_size': 1}
2026-09-28 10:01:46.163 77 INFO cinder.volume.drivers.lightos [None req-e761b165-4fa5-421d-9318-cd3dbd576042 073091866ed849e49f04a4851416d0e7 1030fff8bc58446d95204609eab77f1c - - - -] Invoking get_volume_by_name using GET url: /api/v2/projects/default/volumes/?name=vol_a18f2e7b-0807-41e2-93a2-9baaa1bf26bd             request.body: {} ssl_verify: False
2026-09-28 10:01:46.202 77 WARNING py.warnings [None req-e761b165-4fa5-421d-9318-cd3dbd576042 073091866ed849e49f04a4851416d0e7 1030fff8bc58446d95204609eab77f1c - - - -] /var/lib/kolla/venv/lib/python3.12/site-packages/urllib3/connectionpool.py:1110: InsecureRequestWarning: Unverified HTTPS request is being made to host '[LB_IP_ADDRESS]'. Adding certificate verification is strongly advised. See: https://urllib3.readthedocs.io/en/latest/advanced-usage.html#tls-warnings
  warnings.warn(

2026-09-28 10:01:46.213 77 INFO cinder.volume.drivers.lightos [None req-e761b165-4fa5-421d-9318-cd3dbd576042 073091866ed849e49f04a4851416d0e7 1030fff8bc58446d95204609eab77f1c - - - -] Invoking create_volume using POST url: /api/v2/projects/default/volumes             request.body: {'name': 'vol_a18f2e7b-0807-41e2-93a2-9baaa1bf26bd', 'size': '1 gib', 'replicaCount': '3', 'compression': 'False', 'acl': {'values': ['ALLOW_NONE']}, 'IPAcl': {'values': ['ALLOW_NONE']}, 'sourceSnapshotUUID': None, 'sourceSnapshotName': None} ssl_verify: False
2026-09-28 10:01:46.252 77 WARNING py.warnings [None req-e761b165-4fa5-421d-9318-cd3dbd576042 073091866ed849e49f04a4851416d0e7 1030fff8bc58446d95204609eab77f1c - - - -] /var/lib/kolla/venv/lib/python3.12/site-packages/urllib3/connectionpool.py:1110: InsecureRequestWarning: Unverified HTTPS request is being made to host '[LB_IP_ADDRESS]'. Adding certificate verification is strongly advised. See: https://urllib3.readthedocs.io/en/latest/advanced-usage.html#tls-warnings
  warnings.warn(

2026-09-28 10:01:46.279 77 INFO cinder.volume.drivers.lightos [None req-e761b165-4fa5-421d-9318-cd3dbd576042 073091866ed849e49f04a4851416d0e7 1030fff8bc58446d95204609eab77f1c - - - -] Invoking get_volume using GET url: /api/v2/projects/default/volumes/9452dd40-ab8e-4a8e-b54f-045f6e449d38             request.body: {} ssl_verify: False
2026-09-28 10:01:46.323 77 WARNING py.warnings [None req-e761b165-4fa5-421d-9318-cd3dbd576042 073091866ed849e49f04a4851416d0e7 1030fff8bc58446d95204609eab77f1c - - - -] /var/lib/kolla/venv/lib/python3.12/site-packages/urllib3/connectionpool.py:1110: InsecureRequestWarning: Unverified HTTPS request is being made to host '[LB_IP_ADDRESS]'. Adding certificate verification is strongly advised. See: https://urllib3.readthedocs.io/en/latest/advanced-usage.html#tls-warnings
  warnings.warn(

2026-09-28 10:01:47.350 77 INFO cinder.volume.drivers.lightos [None req-e761b165-4fa5-421d-9318-cd3dbd576042 073091866ed849e49f04a4851416d0e7 1030fff8bc58446d95204609eab77f1c - - - -] Invoking get_volume using GET url: /api/v2/projects/default/volumes/9452dd40-ab8e-4a8e-b54f-045f6e449d38             request.body: {} ssl_verify: False
2026-09-28 10:01:47.401 77 WARNING py.warnings [None req-e761b165-4fa5-421d-9318-cd3dbd576042 073091866ed849e49f04a4851416d0e7 1030fff8bc58446d95204609eab77f1c - - - -] /var/lib/kolla/venv/lib/python3.12/site-packages/urllib3/connectionpool.py:1110: InsecureRequestWarning: Unverified HTTPS request is being made to host '[LB_IP_ADDRESS]'. Adding certificate verification is strongly advised. See: https://urllib3.readthedocs.io/en/latest/advanced-usage.html#tls-warnings
  warnings.warn(

2026-09-28 10:01:47.505 77 INFO cinder.volume.flows.manager.create_volume [None req-e761b165-4fa5-421d-9318-cd3dbd576042 073091866ed849e49f04a4851416d0e7 1030fff8bc58446d95204609eab77f1c - - - -] Volume vol_a18f2e7b-0807-41e2-93a2-9baaa1bf26bd (a18f2e7b-0807-41e2-93a2-9baaa1bf26bd): created successfully
2026-09-28 10:01:47.513 77 INFO cinder.volume.manager [None req-e761b165-4fa5-421d-9318-cd3dbd576042 073091866ed849e49f04a4851416d0e7 1030fff8bc58446d95204609eab77f1c - - - -] Created volume successfully.
2026-09-28 10:01:48.829 77 INFO cinder.volume.drivers.lightos [None req-c9c239cd-ce5d-40ba-b702-62f20a6406ae 073091866ed849e49f04a4851416d0e7 1030fff8bc58446d95204609eab77f1c - - default default] Invoking delete_volume using DELETE url: /api/v2/projects/default/volumes/9452dd40-ab8e-4a8e-b54f-045f6e449d38?             request.body:  ssl_verify: False
2026-09-28 10:01:48.865 77 WARNING py.warnings [None req-c9c239cd-ce5d-40ba-b702-62f20a6406ae 073091866ed849e49f04a4851416d0e7 1030fff8bc58446d95204609eab77f1c - - default default] /var/lib/kolla/venv/lib/python3.12/site-packages/urllib3/connectionpool.py:1110: InsecureRequestWarning: Unverified HTTPS request is being made to host '[LB_IP_ADDRESS]'. Adding certificate verification is strongly advised. See: https://urllib3.readthedocs.io/en/latest/advanced-usage.html#tls-warnings
  warnings.warn(

2026-09-28 10:01:48.896 77 INFO cinder.volume.drivers.lightos [None req-c9c239cd-ce5d-40ba-b702-62f20a6406ae 073091866ed849e49f04a4851416d0e7 1030fff8bc58446d95204609eab77f1c - - default default] Invoking get_volume using GET url: /api/v2/projects/default/volumes/9452dd40-ab8e-4a8e-b54f-045f6e449d38             request.body: {} ssl_verify: False
2026-09-28 10:01:48.944 77 WARNING py.warnings [None req-c9c239cd-ce5d-40ba-b702-62f20a6406ae 073091866ed849e49f04a4851416d0e7 1030fff8bc58446d95204609eab77f1c - - default default] /var/lib/kolla/venv/lib/python3.12/site-packages/urllib3/connectionpool.py:1110: InsecureRequestWarning: Unverified HTTPS request is being made to host '[LB_IP_ADDRESS]'. Adding certificate verification is strongly advised. See: https://urllib3.readthedocs.io/en/latest/advanced-usage.html#tls-warnings
  warnings.warn(

2026-09-28 10:01:49.081 77 INFO cinder.volume.manager [None req-c9c239cd-ce5d-40ba-b702-62f20a6406ae 073091866ed849e49f04a4851416d0e7 1030fff8bc58446d95204609eab77f1c - - default default] Deleted volume successfully.
2026-09-28 10:01:49.957 77 INFO cinder.volume.drivers.lightos [None req-5cdf5066-cf03-47dc-ba6b-ae10e8c3ffc5 073091866ed849e49f04a4851416d0e7 1030fff8bc58446d95204609eab77f1c - - default default] Invoking delete_volume using DELETE url: /api/v2/projects/default/volumes/a3e865c6-cb95-49d7-883e-088e5183eac7?             request.body:  ssl_verify: False
2026-09-28 10:01:49.991 77 WARNING py.warnings [None req-5cdf5066-cf03-47dc-ba6b-ae10e8c3ffc5 073091866ed849e49f04a4851416d0e7 1030fff8bc58446d95204609eab77f1c - - default default] /var/lib/kolla/venv/lib/python3.12/site-packages/urllib3/connectionpool.py:1110: InsecureRequestWarning: Unverified HTTPS request is being made to host '[LB_IP_ADDRESS]'. Adding certificate verification is strongly advised. See: https://urllib3.readthedocs.io/en/latest/advanced-usage.html#tls-warnings
  warnings.warn(

2026-09-28 10:01:50.023 77 INFO cinder.volume.drivers.lightos [None req-5cdf5066-cf03-47dc-ba6b-ae10e8c3ffc5 073091866ed849e49f04a4851416d0e7 1030fff8bc58446d95204609eab77f1c - - default default] Invoking get_volume using GET url: /api/v2/projects/default/volumes/a3e865c6-cb95-49d7-883e-088e5183eac7             request.body: {} ssl_verify: False
2026-09-28 10:01:50.070 77 WARNING py.warnings [None req-5cdf5066-cf03-47dc-ba6b-ae10e8c3ffc5 073091866ed849e49f04a4851416d0e7 1030fff8bc58446d95204609eab77f1c - - default default] /var/lib/kolla/venv/lib/python3.12/site-packages/urllib3/connectionpool.py:1110: InsecureRequestWarning: Unverified HTTPS request is being made to host '[LB_IP_ADDRESS]'. Adding certificate verification is strongly advised. See: https://urllib3.readthedocs.io/en/latest/advanced-usage.html#tls-warnings
  warnings.warn(

2026-09-28 10:01:50.200 77 INFO cinder.volume.manager [None req-5cdf5066-cf03-47dc-ba6b-ae10e8c3ffc5 073091866ed849e49f04a4851416d0e7 1030fff8bc58446d95204609eab77f1c - - default default] Deleted volume successfully.
2026-09-28 10:01:51.084 77 INFO cinder.volume.drivers.lightos [None req-3d3949ac-68ef-4abd-b521-e51466135d5b 073091866ed849e49f04a4851416d0e7 1030fff8bc58446d95204609eab77f1c - - default default] Invoking delete_volume using DELETE url: /api/v2/projects/default/volumes/8c87165e-b719-4673-917c-f070154b5f7a?             request.body:  ssl_verify: False
2026-09-28 10:01:51.119 77 WARNING py.warnings [None req-3d3949ac-68ef-4abd-b521-e51466135d5b 073091866ed849e49f04a4851416d0e7 1030fff8bc58446d95204609eab77f1c - - default default] /var/lib/kolla/venv/lib/python3.12/site-packages/urllib3/connectionpool.py:1110: InsecureRequestWarning: Unverified HTTPS request is being made to host '[LB_IP_ADDRESS]'. Adding certificate verification is strongly advised. See: https://urllib3.readthedocs.io/en/latest/advanced-usage.html#tls-warnings
  warnings.warn(

2026-09-28 10:01:51.156 77 INFO cinder.volume.drivers.lightos [None req-3d3949ac-68ef-4abd-b521-e51466135d5b 073091866ed849e49f04a4851416d0e7 1030fff8bc58446d95204609eab77f1c - - default default] Invoking get_volume using GET url: /api/v2/projects/default/volumes/8c87165e-b719-4673-917c-f070154b5f7a             request.body: {} ssl_verify: False
2026-09-28 10:01:51.275 77 WARNING py.warnings [None req-3d3949ac-68ef-4abd-b521-e51466135d5b 073091866ed849e49f04a4851416d0e7 1030fff8bc58446d95204609eab77f1c - - default default] /var/lib/kolla/venv/lib/python3.12/site-packages/urllib3/connectionpool.py:1110: InsecureRequestWarning: Unverified HTTPS request is being made to host '[LB_IP_ADDRESS]'. Adding certificate verification is strongly advised. See: https://urllib3.readthedocs.io/en/latest/advanced-usage.html#tls-warnings
  warnings.warn(

2026-09-28 10:01:51.408 77 INFO cinder.volume.manager [None req-3d3949ac-68ef-4abd-b521-e51466135d5b 073091866ed849e49f04a4851416d0e7 1030fff8bc58446d95204609eab77f1c - - default default] Deleted volume successfully.
2026-09-28 10:01:51.747 77 INFO cinder.volume.manager [None req-a5550424-6982-4fd1-a6a4-d553a346cf3c 95d1d5be3b7446af93e184f53821a623 9a187b1e884b49a08e2db3eb0ed867ab - - - -] Group tempest-GroupSnapshotsTest-Group-619016900: creating
2026-09-28 10:01:51.768 77 INFO cinder.volume.manager [None req-a5550424-6982-4fd1-a6a4-d553a346cf3c 95d1d5be3b7446af93e184f53821a623 9a187b1e884b49a08e2db3eb0ed867ab - - - -] Group tempest-GroupSnapshotsTest-Group-619016900: created successfully
2026-09-28 10:01:51.772 77 INFO cinder.volume.manager [None req-a5550424-6982-4fd1-a6a4-d553a346cf3c 95d1d5be3b7446af93e184f53821a623 9a187b1e884b49a08e2db3eb0ed867ab - - - -] Create group completed successfully.
2026-09-28 10:01:53.213 77 INFO cinder.volume.flows.manager.create_volume [None req-7b031e1c-2a03-466e-8035-0c5e992bb9b6 95d1d5be3b7446af93e184f53821a623 9a187b1e884b49a08e2db3eb0ed867ab - - - -] Volume abd07cb1-d637-4d60-b271-8ecd577949f4: being created as raw with specification: {'status': 'creating', 'volume_name': 'vol_abd07cb1-d637-4d60-b271-8ecd577949f4', 'volume_size': 1}
2026-09-28 10:01:53.214 77 INFO cinder.volume.drivers.lightos [None req-7b031e1c-2a03-466e-8035-0c5e992bb9b6 95d1d5be3b7446af93e184f53821a623 9a187b1e884b49a08e2db3eb0ed867ab - - - -] Invoking get_volume_by_name using GET url: /api/v2/projects/default/volumes/?name=vol_abd07cb1-d637-4d60-b271-8ecd577949f4             request.body: {} ssl_verify: False
2026-09-28 10:01:53.248 77 WARNING py.warnings [None req-7b031e1c-2a03-466e-8035-0c5e992bb9b6 95d1d5be3b7446af93e184f53821a623 9a187b1e884b49a08e2db3eb0ed867ab - - - -] /var/lib/kolla/venv/lib/python3.12/site-packages/urllib3/connectionpool.py:1110: InsecureRequestWarning: Unverified HTTPS request is being made to host '[LB_IP_ADDRESS]'. Adding certificate verification is strongly advised. See: https://urllib3.readthedocs.io/en/latest/advanced-usage.html#tls-warnings
  warnings.warn(

2026-09-28 10:01:53.259 77 INFO cinder.volume.drivers.lightos [None req-7b031e1c-2a03-466e-8035-0c5e992bb9b6 95d1d5be3b7446af93e184f53821a623 9a187b1e884b49a08e2db3eb0ed867ab - - - -] Invoking create_volume using POST url: /api/v2/projects/default/volumes             request.body: {'name': 'vol_abd07cb1-d637-4d60-b271-8ecd577949f4', 'size': '1 gib', 'replicaCount': '3', 'compression': 'False', 'acl': {'values': ['ALLOW_NONE']}, 'IPAcl': {'values': ['ALLOW_NONE']}, 'sourceSnapshotUUID': None, 'sourceSnapshotName': None} ssl_verify: False
2026-09-28 10:01:53.300 77 WARNING py.warnings [None req-7b031e1c-2a03-466e-8035-0c5e992bb9b6 95d1d5be3b7446af93e184f53821a623 9a187b1e884b49a08e2db3eb0ed867ab - - - -] /var/lib/kolla/venv/lib/python3.12/site-packages/urllib3/connectionpool.py:1110: InsecureRequestWarning: Unverified HTTPS request is being made to host '[LB_IP_ADDRESS]'. Adding certificate verification is strongly advised. See: https://urllib3.readthedocs.io/en/latest/advanced-usage.html#tls-warnings
  warnings.warn(

2026-09-28 10:01:53.325 77 INFO cinder.volume.drivers.lightos [None req-7b031e1c-2a03-466e-8035-0c5e992bb9b6 95d1d5be3b7446af93e184f53821a623 9a187b1e884b49a08e2db3eb0ed867ab - - - -] Invoking get_volume using GET url: /api/v2/projects/default/volumes/e226b040-66c5-4c37-a739-9c8a29a3c4ad             request.body: {} ssl_verify: False
2026-09-28 10:01:53.384 77 WARNING py.warnings [None req-7b031e1c-2a03-466e-8035-0c5e992bb9b6 95d1d5be3b7446af93e184f53821a623 9a187b1e884b49a08e2db3eb0ed867ab - - - -] /var/lib/kolla/venv/lib/python3.12/site-packages/urllib3/connectionpool.py:1110: InsecureRequestWarning: Unverified HTTPS request is being made to host '[LB_IP_ADDRESS]'. Adding certificate verification is strongly advised. See: https://urllib3.readthedocs.io/en/latest/advanced-usage.html#tls-warnings
  warnings.warn(

2026-09-28 10:01:53.455 77 INFO cinder.volume.flows.manager.create_volume [None req-7b031e1c-2a03-466e-8035-0c5e992bb9b6 95d1d5be3b7446af93e184f53821a623 9a187b1e884b49a08e2db3eb0ed867ab - - - -] Volume vol_abd07cb1-d637-4d60-b271-8ecd577949f4 (abd07cb1-d637-4d60-b271-8ecd577949f4): created successfully
2026-09-28 10:01:53.466 77 INFO cinder.volume.manager [None req-7b031e1c-2a03-466e-8035-0c5e992bb9b6 95d1d5be3b7446af93e184f53821a623 9a187b1e884b49a08e2db3eb0ed867ab - - - -] Created volume successfully.
2026-09-28 10:01:54.447 77 INFO cinder.volume.manager [None req-d7220c62-a208-4bc4-a581-413ed2ce5845 95d1d5be3b7446af93e184f53821a623 9a187b1e884b49a08e2db3eb0ed867ab - - default default] GroupSnapshot 7de14c0c-09cd-49c0-aeba-b18e1131fe1d: creating.
2026-09-28 10:01:54.483 77 INFO cinder.volume.drivers.lightos [None req-d7220c62-a208-4bc4-a581-413ed2ce5845 95d1d5be3b7446af93e184f53821a623 9a187b1e884b49a08e2db3eb0ed867ab - - default default] Invoking get_snapshot_by_name using GET url: /api/v2/projects/default/snapshots/?Name=snapshot-a70924f0-aad9-4ac7-afee-efa7deaf778f             request.body: {} ssl_verify: False
2026-09-28 10:01:54.520 77 WARNING py.warnings [None req-d7220c62-a208-4bc4-a581-413ed2ce5845 95d1d5be3b7446af93e184f53821a623 9a187b1e884b49a08e2db3eb0ed867ab - - default default] /var/lib/kolla/venv/lib/python3.12/site-packages/urllib3/connectionpool.py:1110: InsecureRequestWarning: Unverified HTTPS request is being made to host '[LB_IP_ADDRESS]'. Adding certificate verification is strongly advised. See: https://urllib3.readthedocs.io/en/latest/advanced-usage.html#tls-warnings
  warnings.warn(
: NotImplementedError
2026-09-28 10:01:54.531 77 INFO cinder.volume.drivers.lightos [None req-d7220c62-a208-4bc4-a581-413ed2ce5845 95d1d5be3b7446af93e184f53821a623 9a187b1e884b49a08e2db3eb0ed867ab - - default default] Invoking create_snapshot using POST url: /api/v2/projects/default/snapshots             request.body: {'name': 'snapshot-a70924f0-aad9-4ac7-afee-efa7deaf778f', 'sourceVolumeUUID': None, 'sourceVolumeName': 'vol_abd07cb1-d637-4d60-b271-8ecd577949f4'} ssl_verify: False
2026-09-28 10:01:54.569 77 WARNING py.warnings [None req-d7220c62-a208-4bc4-a581-413ed2ce5845 95d1d5be3b7446af93e184f53821a623 9a187b1e884b49a08e2db3eb0ed867ab - - default default] /var/lib/kolla/venv/lib/python3.12/site-packages/urllib3/connectionpool.py:1110: InsecureRequestWarning: Unverified HTTPS request is being made to host '[LB_IP_ADDRESS]'. Adding certificate verification is strongly advised. See: https://urllib3.readthedocs.io/en/latest/advanced-usage.html#tls-warnings
  warnings.warn(
: NotImplementedError
2026-09-28 10:01:54.599 77 INFO cinder.volume.drivers.lightos [None req-d7220c62-a208-4bc4-a581-413ed2ce5845 95d1d5be3b7446af93e184f53821a623 9a187b1e884b49a08e2db3eb0ed867ab - - default default] Invoking get_snapshot_by_name using GET url: /api/v2/projects/default/snapshots/?Name=snapshot-a70924f0-aad9-4ac7-afee-efa7deaf778f             request.body: {} ssl_verify: False
2026-09-28 10:01:54.660 77 WARNING py.warnings [None req-d7220c62-a208-4bc4-a581-413ed2ce5845 95d1d5be3b7446af93e184f53821a623 9a187b1e884b49a08e2db3eb0ed867ab - - default default] /var/lib/kolla/venv/lib/python3.12/site-packages/urllib3/connectionpool.py:1110: InsecureRequestWarning: Unverified HTTPS request is being made to host '[LB_IP_ADDRESS]'. Adding certificate verification is strongly advised. See: https://urllib3.readthedocs.io/en/latest/advanced-usage.html#tls-warnings
  warnings.warn(
: NotImplementedError
2026-09-28 10:01:55.711 77 INFO cinder.volume.drivers.lightos [None req-d7220c62-a208-4bc4-a581-413ed2ce5845 95d1d5be3b7446af93e184f53821a623 9a187b1e884b49a08e2db3eb0ed867ab - - default default] Invoking get_snapshot_by_name using GET url: /api/v2/projects/default/snapshots/?Name=snapshot-a70924f0-aad9-4ac7-afee-efa7deaf778f             request.body: {} ssl_verify: False
2026-09-28 10:01:55.758 77 WARNING py.warnings [None req-d7220c62-a208-4bc4-a581-413ed2ce5845 95d1d5be3b7446af93e184f53821a623 9a187b1e884b49a08e2db3eb0ed867ab - - default default] /var/lib/kolla/venv/lib/python3.12/site-packages/urllib3/connectionpool.py:1110: InsecureRequestWarning: Unverified HTTPS request is being made to host '[LB_IP_ADDRESS]'. Adding certificate verification is strongly advised. See: https://urllib3.readthedocs.io/en/latest/advanced-usage.html#tls-warnings
  warnings.warn(
: NotImplementedError
2026-09-28 10:01:55.818 77 INFO cinder.volume.manager [None req-d7220c62-a208-4bc4-a581-413ed2ce5845 95d1d5be3b7446af93e184f53821a623 9a187b1e884b49a08e2db3eb0ed867ab - - default default] group_snapshot 7de14c0c-09cd-49c0-aeba-b18e1131fe1d: created successfully
2026-09-28 10:01:55.862 77 INFO cinder.volume.manager [None req-c67fe261-4ad7-4f66-b27c-c6a6f16d6031 b52517b0fa9946bca50e0789326b046e 15a89988a6d0475b93b645436c6c1eb8 - - - -] Group tempest-GroupSnapshotsV319Test-Group-2138633653: creating
2026-09-28 10:01:55.878 77 INFO cinder.volume.manager [None req-c67fe261-4ad7-4f66-b27c-c6a6f16d6031 b52517b0fa9946bca50e0789326b046e 15a89988a6d0475b93b645436c6c1eb8 - - - -] Group tempest-GroupSnapshotsV319Test-Group-2138633653: created successfully
2026-09-28 10:01:55.887 77 INFO cinder.volume.manager [None req-c67fe261-4ad7-4f66-b27c-c6a6f16d6031 b52517b0fa9946bca50e0789326b046e 15a89988a6d0475b93b645436c6c1eb8 - - - -] Create group completed successfully.
2026-09-28 10:01:57.328 77 INFO cinder.volume.flows.manager.create_volume [None req-c534b153-c71d-42a7-b965-b7b1c4f587ab b52517b0fa9946bca50e0789326b046e 15a89988a6d0475b93b645436c6c1eb8 - - - -] Volume 5d56c9e6-0759-456c-8250-25699223bbe5: being created as raw with specification: {'status': 'creating', 'volume_name': 'vol_5d56c9e6-0759-456c-8250-25699223bbe5', 'volume_size': 1}
2026-09-28 10:01:57.328 77 INFO cinder.volume.drivers.lightos [None req-c534b153-c71d-42a7-b965-b7b1c4f587ab b52517b0fa9946bca50e0789326b046e 15a89988a6d0475b93b645436c6c1eb8 - - - -] Invoking get_volume_by_name using GET url: /api/v2/projects/default/volumes/?name=vol_5d56c9e6-0759-456c-8250-25699223bbe5             request.body: {} ssl_verify: False
2026-09-28 10:01:57.363 77 WARNING py.warnings [None req-c534b153-c71d-42a7-b965-b7b1c4f587ab b52517b0fa9946bca50e0789326b046e 15a89988a6d0475b93b645436c6c1eb8 - - - -] /var/lib/kolla/venv/lib/python3.12/site-packages/urllib3/connectionpool.py:1110: InsecureRequestWarning: Unverified HTTPS request is being made to host '[LB_IP_ADDRESS]'. Adding certificate verification is strongly advised. See: https://urllib3.readthedocs.io/en/latest/advanced-usage.html#tls-warnings
  warnings.warn(

2026-09-28 10:01:57.374 77 INFO cinder.volume.drivers.lightos [None req-c534b153-c71d-42a7-b965-b7b1c4f587ab b52517b0fa9946bca50e0789326b046e 15a89988a6d0475b93b645436c6c1eb8 - - - -] Invoking create_volume using POST url: /api/v2/projects/default/volumes             request.body: {'name': 'vol_5d56c9e6-0759-456c-8250-25699223bbe5', 'size': '1 gib', 'replicaCount': '3', 'compression': 'False', 'acl': {'values': ['ALLOW_NONE']}, 'IPAcl': {'values': ['ALLOW_NONE']}, 'sourceSnapshotUUID': None, 'sourceSnapshotName': None} ssl_verify: False
2026-09-28 10:01:57.416 77 WARNING py.warnings [None req-c534b153-c71d-42a7-b965-b7b1c4f587ab b52517b0fa9946bca50e0789326b046e 15a89988a6d0475b93b645436c6c1eb8 - - - -] /var/lib/kolla/venv/lib/python3.12/site-packages/urllib3/connectionpool.py:1110: InsecureRequestWarning: Unverified HTTPS request is being made to host '[LB_IP_ADDRESS]'. Adding certificate verification is strongly advised. See: https://urllib3.readthedocs.io/en/latest/advanced-usage.html#tls-warnings
  warnings.warn(

2026-09-28 10:01:57.441 77 INFO cinder.volume.drivers.lightos [None req-c534b153-c71d-42a7-b965-b7b1c4f587ab b52517b0fa9946bca50e0789326b046e 15a89988a6d0475b93b645436c6c1eb8 - - - -] Invoking get_volume using GET url: /api/v2/projects/default/volumes/0e05f95b-a311-4c6b-ac47-d9120a2ae9a9             request.body: {} ssl_verify: False
2026-09-28 10:01:57.486 77 WARNING py.warnings [None req-c534b153-c71d-42a7-b965-b7b1c4f587ab b52517b0fa9946bca50e0789326b046e 15a89988a6d0475b93b645436c6c1eb8 - - - -] /var/lib/kolla/venv/lib/python3.12/site-packages/urllib3/connectionpool.py:1110: InsecureRequestWarning: Unverified HTTPS request is being made to host '[LB_IP_ADDRESS]'. Adding certificate verification is strongly advised. See: https://urllib3.readthedocs.io/en/latest/advanced-usage.html#tls-warnings
  warnings.warn(

2026-09-28 10:01:57.511 77 INFO cinder.volume.drivers.lightos [None req-655c0a1b-71b3-440e-8401-749b035c23c3 95d1d5be3b7446af93e184f53821a623 9a187b1e884b49a08e2db3eb0ed867ab - - default default] Invoking get_volume_by_name using GET url: /api/v2/projects/default/volumes/?name=vol_bc18140b-717f-44c3-b9e8-7c0529b0191f             request.body: {} ssl_verify: False
2026-09-28 10:01:57.545 77 WARNING py.warnings [None req-655c0a1b-71b3-440e-8401-749b035c23c3 95d1d5be3b7446af93e184f53821a623 9a187b1e884b49a08e2db3eb0ed867ab - - default default] /var/lib/kolla/venv/lib/python3.12/site-packages/urllib3/connectionpool.py:1110: InsecureRequestWarning: Unverified HTTPS request is being made to host '[LB_IP_ADDRESS]'. Adding certificate verification is strongly advised. See: https://urllib3.readthedocs.io/en/latest/advanced-usage.html#tls-warnings
  warnings.warn(
: NotImplementedError
2026-09-28 10:01:57.554 77 INFO cinder.volume.drivers.lightos [None req-655c0a1b-71b3-440e-8401-749b035c23c3 95d1d5be3b7446af93e184f53821a623 9a187b1e884b49a08e2db3eb0ed867ab - - default default] Invoking create_volume using POST url: /api/v2/projects/default/volumes             request.body: {'name': 'vol_bc18140b-717f-44c3-b9e8-7c0529b0191f', 'size': '1 gib', 'replicaCount': '3', 'compression': 'False', 'acl': {'values': ['ALLOW_NONE']}, 'IPAcl': {'values': ['ALLOW_NONE']}, 'sourceSnapshotUUID': None, 'sourceSnapshotName': 'snapshot-a70924f0-aad9-4ac7-afee-efa7deaf778f'} ssl_verify: False
2026-09-28 10:01:57.597 77 WARNING py.warnings [None req-655c0a1b-71b3-440e-8401-749b035c23c3 95d1d5be3b7446af93e184f53821a623 9a187b1e884b49a08e2db3eb0ed867ab - - default default] /var/lib/kolla/venv/lib/python3.12/site-packages/urllib3/connectionpool.py:1110: InsecureRequestWarning: Unverified HTTPS request is being made to host '[LB_IP_ADDRESS]'. Adding certificate verification is strongly advised. See: https://urllib3.readthedocs.io/en/latest/advanced-usage.html#tls-warnings
  warnings.warn(
: NotImplementedError
2026-09-28 10:01:57.629 77 INFO cinder.volume.drivers.lightos [None req-655c0a1b-71b3-440e-8401-749b035c23c3 95d1d5be3b7446af93e184f53821a623 9a187b1e884b49a08e2db3eb0ed867ab - - default default] Invoking get_volume using GET url: /api/v2/projects/default/volumes/b19327dc-99ad-4070-a9f7-dca34ede040b             request.body: {} ssl_verify: False
2026-09-28 10:01:57.671 77 WARNING py.warnings [None req-655c0a1b-71b3-440e-8401-749b035c23c3 95d1d5be3b7446af93e184f53821a623 9a187b1e884b49a08e2db3eb0ed867ab - - default default] /var/lib/kolla/venv/lib/python3.12/site-packages/urllib3/connectionpool.py:1110: InsecureRequestWarning: Unverified HTTPS request is being made to host '[LB_IP_ADDRESS]'. Adding certificate verification is strongly advised. See: https://urllib3.readthedocs.io/en/latest/advanced-usage.html#tls-warnings
  warnings.warn(
: NotImplementedError
2026-09-28 10:01:58.500 77 INFO cinder.volume.drivers.lightos [None req-c534b153-c71d-42a7-b965-b7b1c4f587ab b52517b0fa9946bca50e0789326b046e 15a89988a6d0475b93b645436c6c1eb8 - - - -] Invoking get_volume using GET url: /api/v2/projects/default/volumes/0e05f95b-a311-4c6b-ac47-d9120a2ae9a9             request.body: {} ssl_verify: False
2026-09-28 10:01:58.544 77 WARNING py.warnings [None req-c534b153-c71d-42a7-b965-b7b1c4f587ab b52517b0fa9946bca50e0789326b046e 15a89988a6d0475b93b645436c6c1eb8 - - - -] /var/lib/kolla/venv/lib/python3.12/site-packages/urllib3/connectionpool.py:1110: InsecureRequestWarning: Unverified HTTPS request is being made to host '[LB_IP_ADDRESS]'. Adding certificate verification is strongly advised. See: https://urllib3.readthedocs.io/en/latest/advanced-usage.html#tls-warnings
  warnings.warn(

2026-09-28 10:01:58.578 77 INFO cinder.volume.flows.manager.create_volume [None req-c534b153-c71d-42a7-b965-b7b1c4f587ab b52517b0fa9946bca50e0789326b046e 15a89988a6d0475b93b645436c6c1eb8 - - - -] Volume vol_5d56c9e6-0759-456c-8250-25699223bbe5 (5d56c9e6-0759-456c-8250-25699223bbe5): created successfully
2026-09-28 10:01:58.585 77 INFO cinder.volume.manager [None req-c534b153-c71d-42a7-b965-b7b1c4f587ab b52517b0fa9946bca50e0789326b046e 15a89988a6d0475b93b645436c6c1eb8 - - - -] Created volume successfully.
2026-09-28 10:01:58.681 77 INFO cinder.volume.drivers.lightos [None req-655c0a1b-71b3-440e-8401-749b035c23c3 95d1d5be3b7446af93e184f53821a623 9a187b1e884b49a08e2db3eb0ed867ab - - default default] Invoking get_volume using GET url: /api/v2/projects/default/volumes/b19327dc-99ad-4070-a9f7-dca34ede040b             request.body: {} ssl_verify: False
2026-09-28 10:01:58.726 77 WARNING py.warnings [None req-655c0a1b-71b3-440e-8401-749b035c23c3 95d1d5be3b7446af93e184f53821a623 9a187b1e884b49a08e2db3eb0ed867ab - - default default] /var/lib/kolla/venv/lib/python3.12/site-packages/urllib3/connectionpool.py:1110: InsecureRequestWarning: Unverified HTTPS request is being made to host '[LB_IP_ADDRESS]'. Adding certificate verification is strongly advised. See: https://urllib3.readthedocs.io/en/latest/advanced-usage.html#tls-warnings
  warnings.warn(
: NotImplementedError
2026-09-28 10:01:58.780 77 INFO cinder.volume.manager [None req-655c0a1b-71b3-440e-8401-749b035c23c3 95d1d5be3b7446af93e184f53821a623 9a187b1e884b49a08e2db3eb0ed867ab - - default default] Create group from source-snapshot-7de14c0c-09cd-49c0-aeba-b18e1131fe1d completed successfully.
2026-09-28 10:01:59.621 77 INFO cinder.volume.manager [None req-b8ef3506-99d3-415c-9f6e-532df4eeda6b b52517b0fa9946bca50e0789326b046e 15a89988a6d0475b93b645436c6c1eb8 - - default default] GroupSnapshot 7fb6fd34-f568-4977-a42a-5679a688a037: creating.
2026-09-28 10:01:59.649 77 INFO cinder.volume.drivers.lightos [None req-b8ef3506-99d3-415c-9f6e-532df4eeda6b b52517b0fa9946bca50e0789326b046e 15a89988a6d0475b93b645436c6c1eb8 - - default default] Invoking get_snapshot_by_name using GET url: /api/v2/projects/default/snapshots/?Name=snapshot-b4f8f96a-6f5b-498d-be1f-45fce7d0f11e             request.body: {} ssl_verify: False
2026-09-28 10:01:59.682 77 WARNING py.warnings [None req-b8ef3506-99d3-415c-9f6e-532df4eeda6b b52517b0fa9946bca50e0789326b046e 15a89988a6d0475b93b645436c6c1eb8 - - default default] /var/lib/kolla/venv/lib/python3.12/site-packages/urllib3/connectionpool.py:1110: InsecureRequestWarning: Unverified HTTPS request is being made to host '[LB_IP_ADDRESS]'. Adding certificate verification is strongly advised. See: https://urllib3.readthedocs.io/en/latest/advanced-usage.html#tls-warnings
  warnings.warn(
: NotImplementedError
2026-09-28 10:01:59.692 77 INFO cinder.volume.drivers.lightos [None req-b8ef3506-99d3-415c-9f6e-532df4eeda6b b52517b0fa9946bca50e0789326b046e 15a89988a6d0475b93b645436c6c1eb8 - - default default] Invoking create_snapshot using POST url: /api/v2/projects/default/snapshots             request.body: {'name': 'snapshot-b4f8f96a-6f5b-498d-be1f-45fce7d0f11e', 'sourceVolumeUUID': None, 'sourceVolumeName': 'vol_5d56c9e6-0759-456c-8250-25699223bbe5'} ssl_verify: False
2026-09-28 10:01:59.733 77 WARNING py.warnings [None req-b8ef3506-99d3-415c-9f6e-532df4eeda6b b52517b0fa9946bca50e0789326b046e 15a89988a6d0475b93b645436c6c1eb8 - - default default] /var/lib/kolla/venv/lib/python3.12/site-packages/urllib3/connectionpool.py:1110: InsecureRequestWarning: Unverified HTTPS request is being made to host '[LB_IP_ADDRESS]'. Adding certificate verification is strongly advised. See: https://urllib3.readthedocs.io/en/latest/advanced-usage.html#tls-warnings
  warnings.warn(
: NotImplementedError
2026-09-28 10:01:59.763 77 INFO cinder.volume.drivers.lightos [None req-b8ef3506-99d3-415c-9f6e-532df4eeda6b b52517b0fa9946bca50e0789326b046e 15a89988a6d0475b93b645436c6c1eb8 - - default default] Invoking get_snapshot_by_name using GET url: /api/v2/projects/default/snapshots/?Name=snapshot-b4f8f96a-6f5b-498d-be1f-45fce7d0f11e             request.body: {} ssl_verify: False
2026-09-28 10:01:59.820 77 WARNING py.warnings [None req-b8ef3506-99d3-415c-9f6e-532df4eeda6b b52517b0fa9946bca50e0789326b046e 15a89988a6d0475b93b645436c6c1eb8 - - default default] /var/lib/kolla/venv/lib/python3.12/site-packages/urllib3/connectionpool.py:1110: InsecureRequestWarning: Unverified HTTPS request is being made to host '[LB_IP_ADDRESS]'. Adding certificate verification is strongly advised. See: https://urllib3.readthedocs.io/en/latest/advanced-usage.html#tls-warnings
  warnings.warn(
: NotImplementedError
2026-09-28 10:01:59.934 77 INFO cinder.volume.drivers.lightos [None req-55663f2d-7cd6-43ec-b965-bc37bf00504e 95d1d5be3b7446af93e184f53821a623 9a187b1e884b49a08e2db3eb0ed867ab - - default default] Invoking delete_volume using DELETE url: /api/v2/projects/default/volumes/b19327dc-99ad-4070-a9f7-dca34ede040b?             request.body:  ssl_verify: False
2026-09-28 10:01:59.968 77 WARNING py.warnings [None req-55663f2d-7cd6-43ec-b965-bc37bf00504e 95d1d5be3b7446af93e184f53821a623 9a187b1e884b49a08e2db3eb0ed867ab - - default default] /var/lib/kolla/venv/lib/python3.12/site-packages/urllib3/connectionpool.py:1110: InsecureRequestWarning: Unverified HTTPS request is being made to host '[LB_IP_ADDRESS]'. Adding certificate verification is strongly advised. See: https://urllib3.readthedocs.io/en/latest/advanced-usage.html#tls-warnings
  warnings.warn(
: NotImplementedError
2026-09-28 10:02:00.022 77 INFO cinder.volume.drivers.lightos [None req-55663f2d-7cd6-43ec-b965-bc37bf00504e 95d1d5be3b7446af93e184f53821a623 9a187b1e884b49a08e2db3eb0ed867ab - - default default] Invoking get_volume using GET url: /api/v2/projects/default/volumes/b19327dc-99ad-4070-a9f7-dca34ede040b             request.body: {} ssl_verify: False
2026-09-28 10:02:00.067 77 WARNING py.warnings [None req-55663f2d-7cd6-43ec-b965-bc37bf00504e 95d1d5be3b7446af93e184f53821a623 9a187b1e884b49a08e2db3eb0ed867ab - - default default] /var/lib/kolla/venv/lib/python3.12/site-packages/urllib3/connectionpool.py:1110: InsecureRequestWarning: Unverified HTTPS request is being made to host '[LB_IP_ADDRESS]'. Adding certificate verification is strongly advised. See: https://urllib3.readthedocs.io/en/latest/advanced-usage.html#tls-warnings
  warnings.warn(
: NotImplementedError
2026-09-28 10:02:00.194 77 WARNING cinder.quota [None req-55663f2d-7cd6-43ec-b965-bc37bf00504e 95d1d5be3b7446af93e184f53821a623 9a187b1e884b49a08e2db3eb0ed867ab - - default default] Deprecated: Default quota for resource: volumes_tempest-GroupSnapshotsTest-volume-type-1776964658 is set by the default quota flag: quota_volumes_tempest-GroupSnapshotsTest-volume-type-1776964658, it is now deprecated. Please use the default quota class for default quota.
2026-09-28 10:02:00.195 77 WARNING cinder.quota [None req-55663f2d-7cd6-43ec-b965-bc37bf00504e 95d1d5be3b7446af93e184f53821a623 9a187b1e884b49a08e2db3eb0ed867ab - - default default] Deprecated: Default quota for resource: gigabytes_tempest-GroupSnapshotsTest-volume-type-1776964658 is set by the default quota flag: quota_gigabytes_tempest-GroupSnapshotsTest-volume-type-1776964658, it is now deprecated. Please use the default quota class for default quota.
2026-09-28 10:02:00.262 77 INFO cinder.volume.manager [None req-55663f2d-7cd6-43ec-b965-bc37bf00504e 95d1d5be3b7446af93e184f53821a623 9a187b1e884b49a08e2db3eb0ed867ab - - default default] Delete group completed successfully.
2026-09-28 10:02:00.938 77 INFO cinder.volume.drivers.lightos [None req-b8ef3506-99d3-415c-9f6e-532df4eeda6b b52517b0fa9946bca50e0789326b046e 15a89988a6d0475b93b645436c6c1eb8 - - default default] Invoking get_snapshot_by_name using GET url: /api/v2/projects/default/snapshots/?Name=snapshot-b4f8f96a-6f5b-498d-be1f-45fce7d0f11e             request.body: {} ssl_verify: False
2026-09-28 10:02:00.981 77 WARNING py.warnings [None req-b8ef3506-99d3-415c-9f6e-532df4eeda6b b52517b0fa9946bca50e0789326b046e 15a89988a6d0475b93b645436c6c1eb8 - - default default] /var/lib/kolla/venv/lib/python3.12/site-packages/urllib3/connectionpool.py:1110: InsecureRequestWarning: Unverified HTTPS request is being made to host '[LB_IP_ADDRESS]'. Adding certificate verification is strongly advised. See: https://urllib3.readthedocs.io/en/latest/advanced-usage.html#tls-warnings
  warnings.warn(
: NotImplementedError
2026-09-28 10:02:01.033 77 INFO cinder.volume.manager [None req-b8ef3506-99d3-415c-9f6e-532df4eeda6b b52517b0fa9946bca50e0789326b046e 15a89988a6d0475b93b645436c6c1eb8 - - default default] group_snapshot 7fb6fd34-f568-4977-a42a-5679a688a037: created successfully
2026-09-28 10:02:01.076 77 INFO cinder.volume.manager [None req-74a86dfa-a80d-4b06-97a2-f0f44c0b5011 95d1d5be3b7446af93e184f53821a623 9a187b1e884b49a08e2db3eb0ed867ab - - default default] group_snapshot 7de14c0c-09cd-49c0-aeba-b18e1131fe1d: deleting
2026-09-28 10:02:01.107 77 INFO cinder.volume.drivers.lightos [None req-74a86dfa-a80d-4b06-97a2-f0f44c0b5011 95d1d5be3b7446af93e184f53821a623 9a187b1e884b49a08e2db3eb0ed867ab - - default default] Invoking get_snapshot_by_name using GET url: /api/v2/projects/default/snapshots/?Name=snapshot-a70924f0-aad9-4ac7-afee-efa7deaf778f             request.body: {} ssl_verify: False
2026-09-28 10:02:01.142 77 WARNING py.warnings [None req-74a86dfa-a80d-4b06-97a2-f0f44c0b5011 95d1d5be3b7446af93e184f53821a623 9a187b1e884b49a08e2db3eb0ed867ab - - default default] /var/lib/kolla/venv/lib/python3.12/site-packages/urllib3/connectionpool.py:1110: InsecureRequestWarning: Unverified HTTPS request is being made to host '[LB_IP_ADDRESS]'. Adding certificate verification is strongly advised. See: https://urllib3.readthedocs.io/en/latest/advanced-usage.html#tls-warnings
  warnings.warn(
: NotImplementedError
2026-09-28 10:02:01.168 77 INFO cinder.volume.drivers.lightos [None req-74a86dfa-a80d-4b06-97a2-f0f44c0b5011 95d1d5be3b7446af93e184f53821a623 9a187b1e884b49a08e2db3eb0ed867ab - - default default] Invoking delete_snapshot using DELETE url: /api/v2/projects/default/snapshots/cfee35b9-5943-4dfd-9f77-367280a186ba?             request.body:  ssl_verify: False
2026-09-28 10:02:01.212 77 WARNING py.warnings [None req-74a86dfa-a80d-4b06-97a2-f0f44c0b5011 95d1d5be3b7446af93e184f53821a623 9a187b1e884b49a08e2db3eb0ed867ab - - default default] /var/lib/kolla/venv/lib/python3.12/site-packages/urllib3/connectionpool.py:1110: InsecureRequestWarning: Unverified HTTPS request is being made to host '[LB_IP_ADDRESS]'. Adding certificate verification is strongly advised. See: https://urllib3.readthedocs.io/en/latest/advanced-usage.html#tls-warnings
  warnings.warn(
: NotImplementedError
2026-09-28 10:02:01.236 77 INFO cinder.volume.drivers.lightos [None req-74a86dfa-a80d-4b06-97a2-f0f44c0b5011 95d1d5be3b7446af93e184f53821a623 9a187b1e884b49a08e2db3eb0ed867ab - - default default] Invoking get_snapshot using GET url: /api/v2/projects/default/snapshots/cfee35b9-5943-4dfd-9f77-367280a186ba             request.body: {} ssl_verify: False
2026-09-28 10:02:01.291 77 WARNING py.warnings [None req-74a86dfa-a80d-4b06-97a2-f0f44c0b5011 95d1d5be3b7446af93e184f53821a623 9a187b1e884b49a08e2db3eb0ed867ab - - default default] /var/lib/kolla/venv/lib/python3.12/site-packages/urllib3/connectionpool.py:1110: InsecureRequestWarning: Unverified HTTPS request is being made to host '[LB_IP_ADDRESS]'. Adding certificate verification is strongly advised. See: https://urllib3.readthedocs.io/en/latest/advanced-usage.html#tls-warnings
  warnings.warn(
: NotImplementedError
2026-09-28 10:02:01.373 77 WARNING cinder.quota [None req-74a86dfa-a80d-4b06-97a2-f0f44c0b5011 95d1d5be3b7446af93e184f53821a623 9a187b1e884b49a08e2db3eb0ed867ab - - default default] Deprecated: Default quota for resource: snapshots_tempest-GroupSnapshotsTest-volume-type-1776964658 is set by the default quota flag: quota_snapshots_tempest-GroupSnapshotsTest-volume-type-1776964658, it is now deprecated. Please use the default quota class for default quota.
2026-09-28 10:02:01.420 77 INFO cinder.volume.manager [None req-74a86dfa-a80d-4b06-97a2-f0f44c0b5011 95d1d5be3b7446af93e184f53821a623 9a187b1e884b49a08e2db3eb0ed867ab - - default default] group_snapshot 7de14c0c-09cd-49c0-aeba-b18e1131fe1d: deleted successfully
2026-09-28 10:02:02.048 77 INFO cinder.volume.manager [None req-210c4079-e2b2-4167-97b6-f7a2995c8176 b52517b0fa9946bca50e0789326b046e 15a89988a6d0475b93b645436c6c1eb8 - - default default] group_snapshot 7fb6fd34-f568-4977-a42a-5679a688a037: deleting
2026-09-28 10:02:02.082 77 INFO cinder.volume.drivers.lightos [None req-210c4079-e2b2-4167-97b6-f7a2995c8176 b52517b0fa9946bca50e0789326b046e 15a89988a6d0475b93b645436c6c1eb8 - - default default] Invoking get_snapshot_by_name using GET url: /api/v2/projects/default/snapshots/?Name=snapshot-b4f8f96a-6f5b-498d-be1f-45fce7d0f11e             request.body: {} ssl_verify: False
2026-09-28 10:02:02.119 77 WARNING py.warnings [None req-210c4079-e2b2-4167-97b6-f7a2995c8176 b52517b0fa9946bca50e0789326b046e 15a89988a6d0475b93b645436c6c1eb8 - - default default] /var/lib/kolla/venv/lib/python3.12/site-packages/urllib3/connectionpool.py:1110: InsecureRequestWarning: Unverified HTTPS request is being made to host '[LB_IP_ADDRESS]'. Adding certificate verification is strongly advised. See: https://urllib3.readthedocs.io/en/latest/advanced-usage.html#tls-warnings
  warnings.warn(
: NotImplementedError
2026-09-28 10:02:02.133 77 INFO cinder.volume.drivers.lightos [None req-210c4079-e2b2-4167-97b6-f7a2995c8176 b52517b0fa9946bca50e0789326b046e 15a89988a6d0475b93b645436c6c1eb8 - - default default] Invoking delete_snapshot using DELETE url: /api/v2/projects/default/snapshots/70d6bc3d-6c4e-4ea2-96c6-d28631c21c43?             request.body:  ssl_verify: False
2026-09-28 10:02:02.178 77 WARNING py.warnings [None req-210c4079-e2b2-4167-97b6-f7a2995c8176 b52517b0fa9946bca50e0789326b046e 15a89988a6d0475b93b645436c6c1eb8 - - default default] /var/lib/kolla/venv/lib/python3.12/site-packages/urllib3/connectionpool.py:1110: InsecureRequestWarning: Unverified HTTPS request is being made to host '[LB_IP_ADDRESS]'. Adding certificate verification is strongly advised. See: https://urllib3.readthedocs.io/en/latest/advanced-usage.html#tls-warnings
  warnings.warn(
: NotImplementedError
2026-09-28 10:02:02.203 77 INFO cinder.volume.drivers.lightos [None req-210c4079-e2b2-4167-97b6-f7a2995c8176 b52517b0fa9946bca50e0789326b046e 15a89988a6d0475b93b645436c6c1eb8 - - default default] Invoking get_snapshot using GET url: /api/v2/projects/default/snapshots/70d6bc3d-6c4e-4ea2-96c6-d28631c21c43             request.body: {} ssl_verify: False
2026-09-28 10:02:02.249 77 WARNING py.warnings [None req-210c4079-e2b2-4167-97b6-f7a2995c8176 b52517b0fa9946bca50e0789326b046e 15a89988a6d0475b93b645436c6c1eb8 - - default default] /var/lib/kolla/venv/lib/python3.12/site-packages/urllib3/connectionpool.py:1110: InsecureRequestWarning: Unverified HTTPS request is being made to host '[LB_IP_ADDRESS]'. Adding certificate verification is strongly advised. See: https://urllib3.readthedocs.io/en/latest/advanced-usage.html#tls-warnings
  warnings.warn(
: NotImplementedError
2026-09-28 10:02:02.334 77 WARNING cinder.quota [None req-210c4079-e2b2-4167-97b6-f7a2995c8176 b52517b0fa9946bca50e0789326b046e 15a89988a6d0475b93b645436c6c1eb8 - - default default] Deprecated: Default quota for resource: gigabytes_tempest-GroupSnapshotsV319Test-volume-type-1555043588 is set by the default quota flag: quota_gigabytes_tempest-GroupSnapshotsV319Test-volume-type-1555043588, it is now deprecated. Please use the default quota class for default quota.
2026-09-28 10:02:02.335 77 WARNING cinder.quota [None req-210c4079-e2b2-4167-97b6-f7a2995c8176 b52517b0fa9946bca50e0789326b046e 15a89988a6d0475b93b645436c6c1eb8 - - default default] Deprecated: Default quota for resource: snapshots_tempest-GroupSnapshotsV319Test-volume-type-1555043588 is set by the default quota flag: quota_snapshots_tempest-GroupSnapshotsV319Test-volume-type-1555043588, it is now deprecated. Please use the default quota class for default quota.
2026-09-28 10:02:02.381 77 INFO cinder.volume.manager [None req-210c4079-e2b2-4167-97b6-f7a2995c8176 b52517b0fa9946bca50e0789326b046e 15a89988a6d0475b93b645436c6c1eb8 - - default default] group_snapshot 7fb6fd34-f568-4977-a42a-5679a688a037: deleted successfully
2026-09-28 10:02:02.394 77 INFO cinder.volume.drivers.lightos [None req-3f02eebb-674a-4254-ae09-73cf3c4d2c33 95d1d5be3b7446af93e184f53821a623 9a187b1e884b49a08e2db3eb0ed867ab - - default default] Invoking delete_volume using DELETE url: /api/v2/projects/default/volumes/e226b040-66c5-4c37-a739-9c8a29a3c4ad?             request.body:  ssl_verify: False
2026-09-28 10:02:02.428 77 WARNING py.warnings [None req-3f02eebb-674a-4254-ae09-73cf3c4d2c33 95d1d5be3b7446af93e184f53821a623 9a187b1e884b49a08e2db3eb0ed867ab - - default default] /var/lib/kolla/venv/lib/python3.12/site-packages/urllib3/connectionpool.py:1110: InsecureRequestWarning: Unverified HTTPS request is being made to host '[LB_IP_ADDRESS]'. Adding certificate verification is strongly advised. See: https://urllib3.readthedocs.io/en/latest/advanced-usage.html#tls-warnings
  warnings.warn(
: NotImplementedError
2026-09-28 10:02:02.454 77 INFO cinder.volume.drivers.lightos [None req-3f02eebb-674a-4254-ae09-73cf3c4d2c33 95d1d5be3b7446af93e184f53821a623 9a187b1e884b49a08e2db3eb0ed867ab - - default default] Invoking get_volume using GET url: /api/v2/projects/default/volumes/e226b040-66c5-4c37-a739-9c8a29a3c4ad             request.body: {} ssl_verify: False
2026-09-28 10:02:02.500 77 WARNING py.warnings [None req-3f02eebb-674a-4254-ae09-73cf3c4d2c33 95d1d5be3b7446af93e184f53821a623 9a187b1e884b49a08e2db3eb0ed867ab - - default default] /var/lib/kolla/venv/lib/python3.12/site-packages/urllib3/connectionpool.py:1110: InsecureRequestWarning: Unverified HTTPS request is being made to host '[LB_IP_ADDRESS]'. Adding certificate verification is strongly advised. See: https://urllib3.readthedocs.io/en/latest/advanced-usage.html#tls-warnings
  warnings.warn(
: NotImplementedError
2026-09-28 10:02:02.631 77 WARNING cinder.db.api [None req-3f02eebb-674a-4254-ae09-73cf3c4d2c33 95d1d5be3b7446af93e184f53821a623 9a187b1e884b49a08e2db3eb0ed867ab - - default default] Reservation would make usage less than 0 for the following resources, so on commit they will be limited to prevent going below 0: ['gigabytes', 'gigabytes_tempest-GroupSnapshotsTest-volume-type-1776964658']
2026-09-28 10:02:02.695 77 INFO cinder.volume.manager [None req-3f02eebb-674a-4254-ae09-73cf3c4d2c33 95d1d5be3b7446af93e184f53821a623 9a187b1e884b49a08e2db3eb0ed867ab - - default default] Delete group completed successfully.
2026-09-28 10:02:03.376 77 INFO cinder.volume.drivers.lightos [None req-a8b7d286-3c82-4c80-822f-d69a94796c2c b52517b0fa9946bca50e0789326b046e 15a89988a6d0475b93b645436c6c1eb8 - - default default] Invoking delete_volume using DELETE url: /api/v2/projects/default/volumes/0e05f95b-a311-4c6b-ac47-d9120a2ae9a9?             request.body:  ssl_verify: False
2026-09-28 10:02:03.412 77 WARNING py.warnings [None req-a8b7d286-3c82-4c80-822f-d69a94796c2c b52517b0fa9946bca50e0789326b046e 15a89988a6d0475b93b645436c6c1eb8 - - default default] /var/lib/kolla/venv/lib/python3.12/site-packages/urllib3/connectionpool.py:1110: InsecureRequestWarning: Unverified HTTPS request is being made to host '[LB_IP_ADDRESS]'. Adding certificate verification is strongly advised. See: https://urllib3.readthedocs.io/en/latest/advanced-usage.html#tls-warnings
  warnings.warn(
: NotImplementedError
2026-09-28 10:02:03.447 77 INFO cinder.volume.drivers.lightos [None req-a8b7d286-3c82-4c80-822f-d69a94796c2c b52517b0fa9946bca50e0789326b046e 15a89988a6d0475b93b645436c6c1eb8 - - default default] Invoking get_volume using GET url: /api/v2/projects/default/volumes/0e05f95b-a311-4c6b-ac47-d9120a2ae9a9             request.body: {} ssl_verify: False
2026-09-28 10:02:03.489 77 WARNING py.warnings [None req-a8b7d286-3c82-4c80-822f-d69a94796c2c b52517b0fa9946bca50e0789326b046e 15a89988a6d0475b93b645436c6c1eb8 - - default default] /var/lib/kolla/venv/lib/python3.12/site-packages/urllib3/connectionpool.py:1110: InsecureRequestWarning: Unverified HTTPS request is being made to host '[LB_IP_ADDRESS]'. Adding certificate verification is strongly advised. See: https://urllib3.readthedocs.io/en/latest/advanced-usage.html#tls-warnings
  warnings.warn(
: NotImplementedError
2026-09-28 10:02:03.610 77 WARNING cinder.quota [None req-a8b7d286-3c82-4c80-822f-d69a94796c2c b52517b0fa9946bca50e0789326b046e 15a89988a6d0475b93b645436c6c1eb8 - - default default] Deprecated: Default quota for resource: volumes_tempest-GroupSnapshotsV319Test-volume-type-1555043588 is set by the default quota flag: quota_volumes_tempest-GroupSnapshotsV319Test-volume-type-1555043588, it is now deprecated. Please use the default quota class for default quota.
2026-09-28 10:02:03.683 77 INFO cinder.volume.manager [None req-a8b7d286-3c82-4c80-822f-d69a94796c2c b52517b0fa9946bca50e0789326b046e 15a89988a6d0475b93b645436c6c1eb8 - - default default] Delete group completed successfully.
2026-09-28 10:02:03.847 77 INFO cinder.volume.manager [None req-73a47122-e3ff-436f-95fe-2ef8dad93f58 95d1d5be3b7446af93e184f53821a623 9a187b1e884b49a08e2db3eb0ed867ab - - - -] Group tempest-GroupSnapshotsTest-Group-186778147: creating
2026-09-28 10:02:03.862 77 INFO cinder.volume.manager [None req-73a47122-e3ff-436f-95fe-2ef8dad93f58 95d1d5be3b7446af93e184f53821a623 9a187b1e884b49a08e2db3eb0ed867ab - - - -] Group tempest-GroupSnapshotsTest-Group-186778147: created successfully
2026-09-28 10:02:03.869 77 INFO cinder.volume.manager [None req-73a47122-e3ff-436f-95fe-2ef8dad93f58 95d1d5be3b7446af93e184f53821a623 9a187b1e884b49a08e2db3eb0ed867ab - - - -] Create group completed successfully.
2026-09-28 10:02:05.331 77 INFO cinder.volume.flows.manager.create_volume [None req-4e7e7b91-fdea-49a3-b506-a2fef3ab2e85 95d1d5be3b7446af93e184f53821a623 9a187b1e884b49a08e2db3eb0ed867ab - - - -] Volume 9a6f0e04-0421-4d60-94a5-bc5dae094aca: being created as raw with specification: {'status': 'creating', 'volume_name': 'vol_9a6f0e04-0421-4d60-94a5-bc5dae094aca', 'volume_size': 1}
2026-09-28 10:02:05.332 77 INFO cinder.volume.drivers.lightos [None req-4e7e7b91-fdea-49a3-b506-a2fef3ab2e85 95d1d5be3b7446af93e184f53821a623 9a187b1e884b49a08e2db3eb0ed867ab - - - -] Invoking get_volume_by_name using GET url: /api/v2/projects/default/volumes/?name=vol_9a6f0e04-0421-4d60-94a5-bc5dae094aca             request.body: {} ssl_verify: False
2026-09-28 10:02:05.366 77 WARNING py.warnings [None req-4e7e7b91-fdea-49a3-b506-a2fef3ab2e85 95d1d5be3b7446af93e184f53821a623 9a187b1e884b49a08e2db3eb0ed867ab - - - -] /var/lib/kolla/venv/lib/python3.12/site-packages/urllib3/connectionpool.py:1110: InsecureRequestWarning: Unverified HTTPS request is being made to host '[LB_IP_ADDRESS]'. Adding certificate verification is strongly advised. See: https://urllib3.readthedocs.io/en/latest/advanced-usage.html#tls-warnings
  warnings.warn(

2026-09-28 10:02:05.375 77 INFO cinder.volume.drivers.lightos [None req-4e7e7b91-fdea-49a3-b506-a2fef3ab2e85 95d1d5be3b7446af93e184f53821a623 9a187b1e884b49a08e2db3eb0ed867ab - - - -] Invoking create_volume using POST url: /api/v2/projects/default/volumes             request.body: {'name': 'vol_9a6f0e04-0421-4d60-94a5-bc5dae094aca', 'size': '1 gib', 'replicaCount': '3', 'compression': 'False', 'acl': {'values': ['ALLOW_NONE']}, 'IPAcl': {'values': ['ALLOW_NONE']}, 'sourceSnapshotUUID': None, 'sourceSnapshotName': None} ssl_verify: False
2026-09-28 10:02:05.410 77 WARNING py.warnings [None req-4e7e7b91-fdea-49a3-b506-a2fef3ab2e85 95d1d5be3b7446af93e184f53821a623 9a187b1e884b49a08e2db3eb0ed867ab - - - -] /var/lib/kolla/venv/lib/python3.12/site-packages/urllib3/connectionpool.py:1110: InsecureRequestWarning: Unverified HTTPS request is being made to host '[LB_IP_ADDRESS]'. Adding certificate verification is strongly advised. See: https://urllib3.readthedocs.io/en/latest/advanced-usage.html#tls-warnings
  warnings.warn(

2026-09-28 10:02:05.433 77 INFO cinder.volume.drivers.lightos [None req-4e7e7b91-fdea-49a3-b506-a2fef3ab2e85 95d1d5be3b7446af93e184f53821a623 9a187b1e884b49a08e2db3eb0ed867ab - - - -] Invoking get_volume using GET url: /api/v2/projects/default/volumes/670e99d1-e5a6-4ec1-bfbc-300e81129f56             request.body: {} ssl_verify: False
2026-09-28 10:02:05.476 77 WARNING py.warnings [None req-4e7e7b91-fdea-49a3-b506-a2fef3ab2e85 95d1d5be3b7446af93e184f53821a623 9a187b1e884b49a08e2db3eb0ed867ab - - - -] /var/lib/kolla/venv/lib/python3.12/site-packages/urllib3/connectionpool.py:1110: InsecureRequestWarning: Unverified HTTPS request is being made to host '[LB_IP_ADDRESS]'. Adding certificate verification is strongly advised. See: https://urllib3.readthedocs.io/en/latest/advanced-usage.html#tls-warnings
  warnings.warn(

2026-09-28 10:02:06.492 77 INFO cinder.volume.drivers.lightos [None req-4e7e7b91-fdea-49a3-b506-a2fef3ab2e85 95d1d5be3b7446af93e184f53821a623 9a187b1e884b49a08e2db3eb0ed867ab - - - -] Invoking get_volume using GET url: /api/v2/projects/default/volumes/670e99d1-e5a6-4ec1-bfbc-300e81129f56             request.body: {} ssl_verify: False
2026-09-28 10:02:06.537 77 WARNING py.warnings [None req-4e7e7b91-fdea-49a3-b506-a2fef3ab2e85 95d1d5be3b7446af93e184f53821a623 9a187b1e884b49a08e2db3eb0ed867ab - - - -] /var/lib/kolla/venv/lib/python3.12/site-packages/urllib3/connectionpool.py:1110: InsecureRequestWarning: Unverified HTTPS request is being made to host '[LB_IP_ADDRESS]'. Adding certificate verification is strongly advised. See: https://urllib3.readthedocs.io/en/latest/advanced-usage.html#tls-warnings
  warnings.warn(

2026-09-28 10:02:06.570 77 INFO cinder.volume.flows.manager.create_volume [None req-4e7e7b91-fdea-49a3-b506-a2fef3ab2e85 95d1d5be3b7446af93e184f53821a623 9a187b1e884b49a08e2db3eb0ed867ab - - - -] Volume vol_9a6f0e04-0421-4d60-94a5-bc5dae094aca (9a6f0e04-0421-4d60-94a5-bc5dae094aca): created successfully
2026-09-28 10:02:06.577 77 INFO cinder.volume.manager [None req-4e7e7b91-fdea-49a3-b506-a2fef3ab2e85 95d1d5be3b7446af93e184f53821a623 9a187b1e884b49a08e2db3eb0ed867ab - - - -] Created volume successfully.
2026-09-28 10:02:07.854 77 INFO cinder.volume.flows.manager.create_volume [None req-6c1eec58-5640-4f43-85e3-9971626e6a2c 95d1d5be3b7446af93e184f53821a623 9a187b1e884b49a08e2db3eb0ed867ab - - - -] Volume 99a9ab5e-43dd-43be-8d84-de6f07bfd4c3: being created as raw with specification: {'status': 'creating', 'volume_name': 'vol_99a9ab5e-43dd-43be-8d84-de6f07bfd4c3', 'volume_size': 1}
2026-09-28 10:02:07.854 77 INFO cinder.volume.drivers.lightos [None req-6c1eec58-5640-4f43-85e3-9971626e6a2c 95d1d5be3b7446af93e184f53821a623 9a187b1e884b49a08e2db3eb0ed867ab - - - -] Invoking get_volume_by_name using GET url: /api/v2/projects/default/volumes/?name=vol_99a9ab5e-43dd-43be-8d84-de6f07bfd4c3             request.body: {} ssl_verify: False
2026-09-28 10:02:07.889 77 WARNING py.warnings [None req-6c1eec58-5640-4f43-85e3-9971626e6a2c 95d1d5be3b7446af93e184f53821a623 9a187b1e884b49a08e2db3eb0ed867ab - - - -] /var/lib/kolla/venv/lib/python3.12/site-packages/urllib3/connectionpool.py:1110: InsecureRequestWarning: Unverified HTTPS request is being made to host '[LB_IP_ADDRESS]'. Adding certificate verification is strongly advised. See: https://urllib3.readthedocs.io/en/latest/advanced-usage.html#tls-warnings
  warnings.warn(

2026-09-28 10:02:07.898 77 INFO cinder.volume.drivers.lightos [None req-6c1eec58-5640-4f43-85e3-9971626e6a2c 95d1d5be3b7446af93e184f53821a623 9a187b1e884b49a08e2db3eb0ed867ab - - - -] Invoking create_volume using POST url: /api/v2/projects/default/volumes             request.body: {'name': 'vol_99a9ab5e-43dd-43be-8d84-de6f07bfd4c3', 'size': '1 gib', 'replicaCount': '3', 'compression': 'False', 'acl': {'values': ['ALLOW_NONE']}, 'IPAcl': {'values': ['ALLOW_NONE']}, 'sourceSnapshotUUID': None, 'sourceSnapshotName': None} ssl_verify: False
2026-09-28 10:02:07.935 77 WARNING py.warnings [None req-6c1eec58-5640-4f43-85e3-9971626e6a2c 95d1d5be3b7446af93e184f53821a623 9a187b1e884b49a08e2db3eb0ed867ab - - - -] /var/lib/kolla/venv/lib/python3.12/site-packages/urllib3/connectionpool.py:1110: InsecureRequestWarning: Unverified HTTPS request is being made to host '[LB_IP_ADDRESS]'. Adding certificate verification is strongly advised. See: https://urllib3.readthedocs.io/en/latest/advanced-usage.html#tls-warnings
  warnings.warn(

2026-09-28 10:02:07.959 77 INFO cinder.volume.drivers.lightos [None req-6c1eec58-5640-4f43-85e3-9971626e6a2c 95d1d5be3b7446af93e184f53821a623 9a187b1e884b49a08e2db3eb0ed867ab - - - -] Invoking get_volume using GET url: /api/v2/projects/default/volumes/a4658815-589d-41dd-914e-828082fb92f4             request.body: {} ssl_verify: False
2026-09-28 10:02:08.016 77 WARNING py.warnings [None req-6c1eec58-5640-4f43-85e3-9971626e6a2c 95d1d5be3b7446af93e184f53821a623 9a187b1e884b49a08e2db3eb0ed867ab - - - -] /var/lib/kolla/venv/lib/python3.12/site-packages/urllib3/connectionpool.py:1110: InsecureRequestWarning: Unverified HTTPS request is being made to host '[LB_IP_ADDRESS]'. Adding certificate verification is strongly advised. See: https://urllib3.readthedocs.io/en/latest/advanced-usage.html#tls-warnings
  warnings.warn(

2026-09-28 10:02:08.052 77 INFO cinder.volume.flows.manager.create_volume [None req-6c1eec58-5640-4f43-85e3-9971626e6a2c 95d1d5be3b7446af93e184f53821a623 9a187b1e884b49a08e2db3eb0ed867ab - - - -] Volume vol_99a9ab5e-43dd-43be-8d84-de6f07bfd4c3 (99a9ab5e-43dd-43be-8d84-de6f07bfd4c3): created successfully
2026-09-28 10:02:08.060 77 INFO cinder.volume.manager [None req-6c1eec58-5640-4f43-85e3-9971626e6a2c 95d1d5be3b7446af93e184f53821a623 9a187b1e884b49a08e2db3eb0ed867ab - - - -] Created volume successfully.
2026-09-28 10:02:09.023 77 INFO cinder.volume.manager [None req-1ef38762-1330-4540-bc8d-ee574219b4fe 95d1d5be3b7446af93e184f53821a623 9a187b1e884b49a08e2db3eb0ed867ab - - default default] Update group completed successfully.
2026-09-28 10:02:09.339 77 INFO cinder.volume.manager [None req-9f7c52f4-797e-4167-8475-39e22383d92b c910aaffc738484c91d0a70a230a17f0 9c1a8b2cb5ce49d0b107a3af02e56e12 - - - -] Group tempest-Group1-1222947076: creating
2026-09-28 10:02:09.356 77 INFO cinder.volume.manager [None req-9f7c52f4-797e-4167-8475-39e22383d92b c910aaffc738484c91d0a70a230a17f0 9c1a8b2cb5ce49d0b107a3af02e56e12 - - - -] Group tempest-Group1-1222947076: created successfully
2026-09-28 10:02:09.363 77 INFO cinder.volume.manager [None req-9f7c52f4-797e-4167-8475-39e22383d92b c910aaffc738484c91d0a70a230a17f0 9c1a8b2cb5ce49d0b107a3af02e56e12 - - - -] Create group completed successfully.
2026-09-28 10:02:09.427 77 INFO cinder.volume.manager [None req-3b56a067-87cf-41e6-927c-bf3f8658728c 15fc23c68835468fb0cdb726e0ffbb62 17efc4c73f024d38bb9ddfa5abd60fc1 - - - -] Group tempest-GroupsV314Test-Group-30769300: creating
2026-09-28 10:02:09.443 77 INFO cinder.volume.manager [None req-3b56a067-87cf-41e6-927c-bf3f8658728c 15fc23c68835468fb0cdb726e0ffbb62 17efc4c73f024d38bb9ddfa5abd60fc1 - - - -] Group tempest-GroupsV314Test-Group-30769300: created successfully
2026-09-28 10:02:09.450 77 INFO cinder.volume.manager [None req-3b56a067-87cf-41e6-927c-bf3f8658728c 15fc23c68835468fb0cdb726e0ffbb62 17efc4c73f024d38bb9ddfa5abd60fc1 - - - -] Create group completed successfully.
2026-09-28 10:02:10.200 77 INFO cinder.volume.manager [None req-6a760e21-ada7-4418-b53c-e96f230fb9c4 95d1d5be3b7446af93e184f53821a623 9a187b1e884b49a08e2db3eb0ed867ab - - default default] Update group completed successfully.
2026-09-28 10:02:10.539 77 INFO cinder.volume.manager [None req-7dd3944d-59ce-4c10-b1e6-447f568a077e c910aaffc738484c91d0a70a230a17f0 9c1a8b2cb5ce49d0b107a3af02e56e12 - - - -] Group tempest-Group2-2024441580: creating
2026-09-28 10:02:10.554 77 INFO cinder.volume.manager [None req-7dd3944d-59ce-4c10-b1e6-447f568a077e c910aaffc738484c91d0a70a230a17f0 9c1a8b2cb5ce49d0b107a3af02e56e12 - - - -] Group tempest-Group2-2024441580: created successfully
2026-09-28 10:02:10.562 77 INFO cinder.volume.manager [None req-7dd3944d-59ce-4c10-b1e6-447f568a077e c910aaffc738484c91d0a70a230a17f0 9c1a8b2cb5ce49d0b107a3af02e56e12 - - - -] Create group completed successfully.
2026-09-28 10:02:10.925 77 INFO cinder.volume.flows.manager.create_volume [None req-4239167f-f5d2-42de-9e32-c1a926b37158 15fc23c68835468fb0cdb726e0ffbb62 17efc4c73f024d38bb9ddfa5abd60fc1 - - - -] Volume 05c53264-e8f2-4dd3-9e66-f5e3557ca0da: being created as raw with specification: {'status': 'creating', 'volume_name': 'vol_05c53264-e8f2-4dd3-9e66-f5e3557ca0da', 'volume_size': 1}
2026-09-28 10:02:10.925 77 INFO cinder.volume.drivers.lightos [None req-4239167f-f5d2-42de-9e32-c1a926b37158 15fc23c68835468fb0cdb726e0ffbb62 17efc4c73f024d38bb9ddfa5abd60fc1 - - - -] Invoking get_volume_by_name using GET url: /api/v2/projects/default/volumes/?name=vol_05c53264-e8f2-4dd3-9e66-f5e3557ca0da             request.body: {} ssl_verify: False
2026-09-28 10:02:10.960 77 WARNING py.warnings [None req-4239167f-f5d2-42de-9e32-c1a926b37158 15fc23c68835468fb0cdb726e0ffbb62 17efc4c73f024d38bb9ddfa5abd60fc1 - - - -] /var/lib/kolla/venv/lib/python3.12/site-packages/urllib3/connectionpool.py:1110: InsecureRequestWarning: Unverified HTTPS request is being made to host '[LB_IP_ADDRESS]'. Adding certificate verification is strongly advised. See: https://urllib3.readthedocs.io/en/latest/advanced-usage.html#tls-warnings
  warnings.warn(

2026-09-28 10:02:10.971 77 INFO cinder.volume.drivers.lightos [None req-4239167f-f5d2-42de-9e32-c1a926b37158 15fc23c68835468fb0cdb726e0ffbb62 17efc4c73f024d38bb9ddfa5abd60fc1 - - - -] Invoking create_volume using POST url: /api/v2/projects/default/volumes             request.body: {'name': 'vol_05c53264-e8f2-4dd3-9e66-f5e3557ca0da', 'size': '1 gib', 'replicaCount': '3', 'compression': 'False', 'acl': {'values': ['ALLOW_NONE']}, 'IPAcl': {'values': ['ALLOW_NONE']}, 'sourceSnapshotUUID': None, 'sourceSnapshotName': None} ssl_verify: False
2026-09-28 10:02:11.012 77 WARNING py.warnings [None req-4239167f-f5d2-42de-9e32-c1a926b37158 15fc23c68835468fb0cdb726e0ffbb62 17efc4c73f024d38bb9ddfa5abd60fc1 - - - -] /var/lib/kolla/venv/lib/python3.12/site-packages/urllib3/connectionpool.py:1110: InsecureRequestWarning: Unverified HTTPS request is being made to host '[LB_IP_ADDRESS]'. Adding certificate verification is strongly advised. See: https://urllib3.readthedocs.io/en/latest/advanced-usage.html#tls-warnings
  warnings.warn(

2026-09-28 10:02:11.040 77 INFO cinder.volume.drivers.lightos [None req-4239167f-f5d2-42de-9e32-c1a926b37158 15fc23c68835468fb0cdb726e0ffbb62 17efc4c73f024d38bb9ddfa5abd60fc1 - - - -] Invoking get_volume using GET url: /api/v2/projects/default/volumes/310bfbd8-2da5-4064-a01f-fd4a3b9f2f36             request.body: {} ssl_verify: False
2026-09-28 10:02:11.106 77 WARNING py.warnings [None req-4239167f-f5d2-42de-9e32-c1a926b37158 15fc23c68835468fb0cdb726e0ffbb62 17efc4c73f024d38bb9ddfa5abd60fc1 - - - -] /var/lib/kolla/venv/lib/python3.12/site-packages/urllib3/connectionpool.py:1110: InsecureRequestWarning: Unverified HTTPS request is being made to host '[LB_IP_ADDRESS]'. Adding certificate verification is strongly advised. See: https://urllib3.readthedocs.io/en/latest/advanced-usage.html#tls-warnings
  warnings.warn(

2026-09-28 10:02:11.287 77 INFO cinder.volume.manager [None req-9cb8c6cb-8909-45d3-93a2-eb1a3fcda5b8 95d1d5be3b7446af93e184f53821a623 9a187b1e884b49a08e2db3eb0ed867ab - - default default] Update group completed successfully.
2026-09-28 10:02:12.037 77 INFO cinder.volume.flows.manager.create_volume [None req-36016e29-b7fe-4c86-ae8a-a18357d96329 c910aaffc738484c91d0a70a230a17f0 9c1a8b2cb5ce49d0b107a3af02e56e12 - - - -] Volume 818603a5-ac17-4497-8dd4-1496049f3bb2: being created as raw with specification: {'status': 'creating', 'volume_name': 'vol_818603a5-ac17-4497-8dd4-1496049f3bb2', 'volume_size': 1}
2026-09-28 10:02:12.037 77 INFO cinder.volume.drivers.lightos [None req-36016e29-b7fe-4c86-ae8a-a18357d96329 c910aaffc738484c91d0a70a230a17f0 9c1a8b2cb5ce49d0b107a3af02e56e12 - - - -] Invoking get_volume_by_name using GET url: /api/v2/projects/default/volumes/?name=vol_818603a5-ac17-4497-8dd4-1496049f3bb2             request.body: {} ssl_verify: False
2026-09-28 10:02:12.071 77 WARNING py.warnings [None req-36016e29-b7fe-4c86-ae8a-a18357d96329 c910aaffc738484c91d0a70a230a17f0 9c1a8b2cb5ce49d0b107a3af02e56e12 - - - -] /var/lib/kolla/venv/lib/python3.12/site-packages/urllib3/connectionpool.py:1110: InsecureRequestWarning: Unverified HTTPS request is being made to host '[LB_IP_ADDRESS]'. Adding certificate verification is strongly advised. See: https://urllib3.readthedocs.io/en/latest/advanced-usage.html#tls-warnings
  warnings.warn(

2026-09-28 10:02:12.088 77 INFO cinder.volume.drivers.lightos [None req-36016e29-b7fe-4c86-ae8a-a18357d96329 c910aaffc738484c91d0a70a230a17f0 9c1a8b2cb5ce49d0b107a3af02e56e12 - - - -] Invoking create_volume using POST url: /api/v2/projects/default/volumes             request.body: {'name': 'vol_818603a5-ac17-4497-8dd4-1496049f3bb2', 'size': '1 gib', 'replicaCount': '3', 'compression': 'False', 'acl': {'values': ['ALLOW_NONE']}, 'IPAcl': {'values': ['ALLOW_NONE']}, 'sourceSnapshotUUID': None, 'sourceSnapshotName': None} ssl_verify: False
2026-09-28 10:02:12.130 77 WARNING py.warnings [None req-36016e29-b7fe-4c86-ae8a-a18357d96329 c910aaffc738484c91d0a70a230a17f0 9c1a8b2cb5ce49d0b107a3af02e56e12 - - - -] /var/lib/kolla/venv/lib/python3.12/site-packages/urllib3/connectionpool.py:1110: InsecureRequestWarning: Unverified HTTPS request is being made to host '[LB_IP_ADDRESS]'. Adding certificate verification is strongly advised. See: https://urllib3.readthedocs.io/en/latest/advanced-usage.html#tls-warnings
  warnings.warn(

2026-09-28 10:02:12.160 77 INFO cinder.volume.drivers.lightos [None req-36016e29-b7fe-4c86-ae8a-a18357d96329 c910aaffc738484c91d0a70a230a17f0 9c1a8b2cb5ce49d0b107a3af02e56e12 - - - -] Invoking get_volume using GET url: /api/v2/projects/default/volumes/4509ebfb-de07-4149-a048-48aa7dee4d75             request.body: {} ssl_verify: False
2026-09-28 10:02:12.163 77 INFO cinder.volume.drivers.lightos [None req-4239167f-f5d2-42de-9e32-c1a926b37158 15fc23c68835468fb0cdb726e0ffbb62 17efc4c73f024d38bb9ddfa5abd60fc1 - - - -] Invoking get_volume using GET url: /api/v2/projects/default/volumes/310bfbd8-2da5-4064-a01f-fd4a3b9f2f36             request.body: {} ssl_verify: False
2026-09-28 10:02:12.223 77 WARNING py.warnings [None req-4239167f-f5d2-42de-9e32-c1a926b37158 15fc23c68835468fb0cdb726e0ffbb62 17efc4c73f024d38bb9ddfa5abd60fc1 - - - -] /var/lib/kolla/venv/lib/python3.12/site-packages/urllib3/connectionpool.py:1110: InsecureRequestWarning: Unverified HTTPS request is being made to host '[LB_IP_ADDRESS]'. Adding certificate verification is strongly advised. See: https://urllib3.readthedocs.io/en/latest/advanced-usage.html#tls-warnings
  warnings.warn(

2026-09-28 10:02:12.228 77 WARNING py.warnings [None req-36016e29-b7fe-4c86-ae8a-a18357d96329 c910aaffc738484c91d0a70a230a17f0 9c1a8b2cb5ce49d0b107a3af02e56e12 - - - -] /var/lib/kolla/venv/lib/python3.12/site-packages/urllib3/connectionpool.py:1110: InsecureRequestWarning: Unverified HTTPS request is being made to host '[LB_IP_ADDRESS]'. Adding certificate verification is strongly advised. See: https://urllib3.readthedocs.io/en/latest/advanced-usage.html#tls-warnings
  warnings.warn(

2026-09-28 10:02:12.253 77 INFO cinder.volume.flows.manager.create_volume [None req-4239167f-f5d2-42de-9e32-c1a926b37158 15fc23c68835468fb0cdb726e0ffbb62 17efc4c73f024d38bb9ddfa5abd60fc1 - - - -] Volume vol_05c53264-e8f2-4dd3-9e66-f5e3557ca0da (05c53264-e8f2-4dd3-9e66-f5e3557ca0da): created successfully
2026-09-28 10:02:12.262 77 INFO cinder.volume.manager [None req-4239167f-f5d2-42de-9e32-c1a926b37158 15fc23c68835468fb0cdb726e0ffbb62 17efc4c73f024d38bb9ddfa5abd60fc1 - - - -] Created volume successfully.
2026-09-28 10:02:12.264 77 INFO cinder.volume.flows.manager.create_volume [None req-36016e29-b7fe-4c86-ae8a-a18357d96329 c910aaffc738484c91d0a70a230a17f0 9c1a8b2cb5ce49d0b107a3af02e56e12 - - - -] Volume vol_818603a5-ac17-4497-8dd4-1496049f3bb2 (818603a5-ac17-4497-8dd4-1496049f3bb2): created successfully
2026-09-28 10:02:12.271 77 INFO cinder.volume.manager [None req-36016e29-b7fe-4c86-ae8a-a18357d96329 c910aaffc738484c91d0a70a230a17f0 9c1a8b2cb5ce49d0b107a3af02e56e12 - - - -] Created volume successfully.
2026-09-28 10:02:12.435 77 INFO cinder.volume.manager [None req-fcea5909-4b65-4145-96be-f2cd73cc27e3 95d1d5be3b7446af93e184f53821a623 9a187b1e884b49a08e2db3eb0ed867ab - - default default] Update group completed successfully.
2026-09-28 10:02:13.480 77 INFO cinder.volume.drivers.lightos [None req-2d915607-cf61-4410-8ab5-810603be5543 c910aaffc738484c91d0a70a230a17f0 9c1a8b2cb5ce49d0b107a3af02e56e12 - - default default] Invoking delete_volume using DELETE url: /api/v2/projects/default/volumes/4509ebfb-de07-4149-a048-48aa7dee4d75?             request.body:  ssl_verify: False
2026-09-28 10:02:13.515 77 WARNING py.warnings [None req-2d915607-cf61-4410-8ab5-810603be5543 c910aaffc738484c91d0a70a230a17f0 9c1a8b2cb5ce49d0b107a3af02e56e12 - - default default] /var/lib/kolla/venv/lib/python3.12/site-packages/urllib3/connectionpool.py:1110: InsecureRequestWarning: Unverified HTTPS request is being made to host '[LB_IP_ADDRESS]'. Adding certificate verification is strongly advised. See: https://urllib3.readthedocs.io/en/latest/advanced-usage.html#tls-warnings
  warnings.warn(
: NotImplementedError
2026-09-28 10:02:13.558 77 INFO cinder.volume.drivers.lightos [None req-2d915607-cf61-4410-8ab5-810603be5543 c910aaffc738484c91d0a70a230a17f0 9c1a8b2cb5ce49d0b107a3af02e56e12 - - default default] Invoking get_volume using GET url: /api/v2/projects/default/volumes/4509ebfb-de07-4149-a048-48aa7dee4d75             request.body: {} ssl_verify: False
2026-09-28 10:02:13.601 77 WARNING py.warnings [None req-2d915607-cf61-4410-8ab5-810603be5543 c910aaffc738484c91d0a70a230a17f0 9c1a8b2cb5ce49d0b107a3af02e56e12 - - default default] /var/lib/kolla/venv/lib/python3.12/site-packages/urllib3/connectionpool.py:1110: InsecureRequestWarning: Unverified HTTPS request is being made to host '[LB_IP_ADDRESS]'. Adding certificate verification is strongly advised. See: https://urllib3.readthedocs.io/en/latest/advanced-usage.html#tls-warnings
  warnings.warn(
: NotImplementedError
2026-09-28 10:02:13.713 77 WARNING cinder.quota [None req-2d915607-cf61-4410-8ab5-810603be5543 c910aaffc738484c91d0a70a230a17f0 9c1a8b2cb5ce49d0b107a3af02e56e12 - - default default] Deprecated: Default quota for resource: volumes_tempest-GroupsTest-volume-type-416306982 is set by the default quota flag: quota_volumes_tempest-GroupsTest-volume-type-416306982, it is now deprecated. Please use the default quota class for default quota.
2026-09-28 10:02:13.714 77 WARNING cinder.quota [None req-2d915607-cf61-4410-8ab5-810603be5543 c910aaffc738484c91d0a70a230a17f0 9c1a8b2cb5ce49d0b107a3af02e56e12 - - default default] Deprecated: Default quota for resource: gigabytes_tempest-GroupsTest-volume-type-416306982 is set by the default quota flag: quota_gigabytes_tempest-GroupsTest-volume-type-416306982, it is now deprecated. Please use the default quota class for default quota.
2026-09-28 10:02:13.743 77 INFO cinder.volume.manager [None req-43a6618b-b586-4ba5-8c4b-dbc05aaefc08 95d1d5be3b7446af93e184f53821a623 9a187b1e884b49a08e2db3eb0ed867ab - - default default] GroupSnapshot 53ec71f7-efa8-4651-a215-ad8623aad30d: creating.
2026-09-28 10:02:13.770 77 INFO cinder.volume.drivers.lightos [None req-43a6618b-b586-4ba5-8c4b-dbc05aaefc08 95d1d5be3b7446af93e184f53821a623 9a187b1e884b49a08e2db3eb0ed867ab - - default default] Invoking get_snapshot_by_name using GET url: /api/v2/projects/default/snapshots/?Name=snapshot-0af87c88-3b6d-439a-bf3f-2d9e1cb6f9de             request.body: {} ssl_verify: False
2026-09-28 10:02:13.804 77 WARNING py.warnings [None req-43a6618b-b586-4ba5-8c4b-dbc05aaefc08 95d1d5be3b7446af93e184f53821a623 9a187b1e884b49a08e2db3eb0ed867ab - - default default] /var/lib/kolla/venv/lib/python3.12/site-packages/urllib3/connectionpool.py:1110: InsecureRequestWarning: Unverified HTTPS request is being made to host '[LB_IP_ADDRESS]'. Adding certificate verification is strongly advised. See: https://urllib3.readthedocs.io/en/latest/advanced-usage.html#tls-warnings
  warnings.warn(
: NotImplementedError
2026-09-28 10:02:13.805 77 INFO cinder.volume.manager [None req-2d915607-cf61-4410-8ab5-810603be5543 c910aaffc738484c91d0a70a230a17f0 9c1a8b2cb5ce49d0b107a3af02e56e12 - - default default] Delete group completed successfully.
2026-09-28 10:02:13.812 77 INFO cinder.volume.drivers.lightos [None req-43a6618b-b586-4ba5-8c4b-dbc05aaefc08 95d1d5be3b7446af93e184f53821a623 9a187b1e884b49a08e2db3eb0ed867ab - - default default] Invoking create_snapshot using POST url: /api/v2/projects/default/snapshots             request.body: {'name': 'snapshot-0af87c88-3b6d-439a-bf3f-2d9e1cb6f9de', 'sourceVolumeUUID': None, 'sourceVolumeName': 'vol_99a9ab5e-43dd-43be-8d84-de6f07bfd4c3'} ssl_verify: False
2026-09-28 10:02:13.845 77 WARNING py.warnings [None req-43a6618b-b586-4ba5-8c4b-dbc05aaefc08 95d1d5be3b7446af93e184f53821a623 9a187b1e884b49a08e2db3eb0ed867ab - - default default] /var/lib/kolla/venv/lib/python3.12/site-packages/urllib3/connectionpool.py:1110: InsecureRequestWarning: Unverified HTTPS request is being made to host '[LB_IP_ADDRESS]'. Adding certificate verification is strongly advised. See: https://urllib3.readthedocs.io/en/latest/advanced-usage.html#tls-warnings
  warnings.warn(
: NotImplementedError
2026-09-28 10:02:13.901 77 INFO cinder.volume.drivers.lightos [None req-43a6618b-b586-4ba5-8c4b-dbc05aaefc08 95d1d5be3b7446af93e184f53821a623 9a187b1e884b49a08e2db3eb0ed867ab - - default default] Invoking get_snapshot_by_name using GET url: /api/v2/projects/default/snapshots/?Name=snapshot-0af87c88-3b6d-439a-bf3f-2d9e1cb6f9de             request.body: {} ssl_verify: False
2026-09-28 10:02:13.953 77 WARNING py.warnings [None req-43a6618b-b586-4ba5-8c4b-dbc05aaefc08 95d1d5be3b7446af93e184f53821a623 9a187b1e884b49a08e2db3eb0ed867ab - - default default] /var/lib/kolla/venv/lib/python3.12/site-packages/urllib3/connectionpool.py:1110: InsecureRequestWarning: Unverified HTTPS request is being made to host '[LB_IP_ADDRESS]'. Adding certificate verification is strongly advised. See: https://urllib3.readthedocs.io/en/latest/advanced-usage.html#tls-warnings
  warnings.warn(
: NotImplementedError
2026-09-28 10:02:13.975 77 INFO cinder.volume.drivers.lightos [None req-c9ea8897-8df4-48f4-a30a-fcac96e8b3ea 15fc23c68835468fb0cdb726e0ffbb62 17efc4c73f024d38bb9ddfa5abd60fc1 - - default default] Invoking get_snapshot_by_name using GET url: /api/v2/projects/default/snapshots/?Name=for_clone_7e4979b2-caa5-48c1-b32b-37d45c0ce4ce             request.body: {} ssl_verify: False
2026-09-28 10:02:14.012 77 WARNING py.warnings [None req-c9ea8897-8df4-48f4-a30a-fcac96e8b3ea 15fc23c68835468fb0cdb726e0ffbb62 17efc4c73f024d38bb9ddfa5abd60fc1 - - default default] /var/lib/kolla/venv/lib/python3.12/site-packages/urllib3/connectionpool.py:1110: InsecureRequestWarning: Unverified HTTPS request is being made to host '[LB_IP_ADDRESS]'. Adding certificate verification is strongly advised. See: https://urllib3.readthedocs.io/en/latest/advanced-usage.html#tls-warnings
  warnings.warn(
: NotImplementedError
2026-09-28 10:02:14.021 77 INFO cinder.volume.drivers.lightos [None req-c9ea8897-8df4-48f4-a30a-fcac96e8b3ea 15fc23c68835468fb0cdb726e0ffbb62 17efc4c73f024d38bb9ddfa5abd60fc1 - - default default] Invoking create_snapshot using POST url: /api/v2/projects/default/snapshots             request.body: {'name': 'for_clone_7e4979b2-caa5-48c1-b32b-37d45c0ce4ce', 'sourceVolumeUUID': None, 'sourceVolumeName': 'vol_05c53264-e8f2-4dd3-9e66-f5e3557ca0da'} ssl_verify: False
2026-09-28 10:02:14.064 77 WARNING py.warnings [None req-c9ea8897-8df4-48f4-a30a-fcac96e8b3ea 15fc23c68835468fb0cdb726e0ffbb62 17efc4c73f024d38bb9ddfa5abd60fc1 - - default default] /var/lib/kolla/venv/lib/python3.12/site-packages/urllib3/connectionpool.py:1110: InsecureRequestWarning: Unverified HTTPS request is being made to host '[LB_IP_ADDRESS]'. Adding certificate verification is strongly advised. See: https://urllib3.readthedocs.io/en/latest/advanced-usage.html#tls-warnings
  warnings.warn(
: NotImplementedError
2026-09-28 10:02:14.245 77 INFO cinder.volume.drivers.lightos [None req-c9ea8897-8df4-48f4-a30a-fcac96e8b3ea 15fc23c68835468fb0cdb726e0ffbb62 17efc4c73f024d38bb9ddfa5abd60fc1 - - default default] Invoking get_snapshot_by_name using GET url: /api/v2/projects/default/snapshots/?Name=for_clone_7e4979b2-caa5-48c1-b32b-37d45c0ce4ce             request.body: {} ssl_verify: False
2026-09-28 10:02:14.287 77 WARNING py.warnings [None req-c9ea8897-8df4-48f4-a30a-fcac96e8b3ea 15fc23c68835468fb0cdb726e0ffbb62 17efc4c73f024d38bb9ddfa5abd60fc1 - - default default] /var/lib/kolla/venv/lib/python3.12/site-packages/urllib3/connectionpool.py:1110: InsecureRequestWarning: Unverified HTTPS request is being made to host '[LB_IP_ADDRESS]'. Adding certificate verification is strongly advised. See: https://urllib3.readthedocs.io/en/latest/advanced-usage.html#tls-warnings
  warnings.warn(
: NotImplementedError
2026-09-28 10:02:14.738 77 INFO cinder.volume.manager [None req-f1fc0b88-3ae4-4217-a5f6-3baf55c5f486 c910aaffc738484c91d0a70a230a17f0 9c1a8b2cb5ce49d0b107a3af02e56e12 - - default default] Delete group completed successfully.
2026-09-28 10:02:15.007 77 INFO cinder.volume.drivers.lightos [None req-43a6618b-b586-4ba5-8c4b-dbc05aaefc08 95d1d5be3b7446af93e184f53821a623 9a187b1e884b49a08e2db3eb0ed867ab - - default default] Invoking get_snapshot_by_name using GET url: /api/v2/projects/default/snapshots/?Name=snapshot-0af87c88-3b6d-439a-bf3f-2d9e1cb6f9de             request.body: {} ssl_verify: False
2026-09-28 10:02:15.052 77 WARNING py.warnings [None req-43a6618b-b586-4ba5-8c4b-dbc05aaefc08 95d1d5be3b7446af93e184f53821a623 9a187b1e884b49a08e2db3eb0ed867ab - - default default] /var/lib/kolla/venv/lib/python3.12/site-packages/urllib3/connectionpool.py:1110: InsecureRequestWarning: Unverified HTTPS request is being made to host '[LB_IP_ADDRESS]'. Adding certificate verification is strongly advised. See: https://urllib3.readthedocs.io/en/latest/advanced-usage.html#tls-warnings
  warnings.warn(
: NotImplementedError
2026-09-28 10:02:15.080 77 INFO cinder.volume.drivers.lightos [None req-43a6618b-b586-4ba5-8c4b-dbc05aaefc08 95d1d5be3b7446af93e184f53821a623 9a187b1e884b49a08e2db3eb0ed867ab - - default default] Invoking get_snapshot_by_name using GET url: /api/v2/projects/default/snapshots/?Name=snapshot-3cdde8cd-3d78-48df-9bc7-daabae202cee             request.body: {} ssl_verify: False
2026-09-28 10:02:15.117 77 WARNING py.warnings [None req-43a6618b-b586-4ba5-8c4b-dbc05aaefc08 95d1d5be3b7446af93e184f53821a623 9a187b1e884b49a08e2db3eb0ed867ab - - default default] /var/lib/kolla/venv/lib/python3.12/site-packages/urllib3/connectionpool.py:1110: InsecureRequestWarning: Unverified HTTPS request is being made to host '[LB_IP_ADDRESS]'. Adding certificate verification is strongly advised. See: https://urllib3.readthedocs.io/en/latest/advanced-usage.html#tls-warnings
  warnings.warn(
: NotImplementedError
2026-09-28 10:02:15.128 77 INFO cinder.volume.drivers.lightos [None req-43a6618b-b586-4ba5-8c4b-dbc05aaefc08 95d1d5be3b7446af93e184f53821a623 9a187b1e884b49a08e2db3eb0ed867ab - - default default] Invoking create_snapshot using POST url: /api/v2/projects/default/snapshots             request.body: {'name': 'snapshot-3cdde8cd-3d78-48df-9bc7-daabae202cee', 'sourceVolumeUUID': None, 'sourceVolumeName': 'vol_9a6f0e04-0421-4d60-94a5-bc5dae094aca'} ssl_verify: False
2026-09-28 10:02:15.171 77 WARNING py.warnings [None req-43a6618b-b586-4ba5-8c4b-dbc05aaefc08 95d1d5be3b7446af93e184f53821a623 9a187b1e884b49a08e2db3eb0ed867ab - - default default] /var/lib/kolla/venv/lib/python3.12/site-packages/urllib3/connectionpool.py:1110: InsecureRequestWarning: Unverified HTTPS request is being made to host '[LB_IP_ADDRESS]'. Adding certificate verification is strongly advised. See: https://urllib3.readthedocs.io/en/latest/advanced-usage.html#tls-warnings
  warnings.warn(
: NotImplementedError
2026-09-28 10:02:15.217 77 INFO cinder.volume.drivers.lightos [None req-43a6618b-b586-4ba5-8c4b-dbc05aaefc08 95d1d5be3b7446af93e184f53821a623 9a187b1e884b49a08e2db3eb0ed867ab - - default default] Invoking get_snapshot_by_name using GET url: /api/v2/projects/default/snapshots/?Name=snapshot-3cdde8cd-3d78-48df-9bc7-daabae202cee             request.body: {} ssl_verify: False
2026-09-28 10:02:15.270 77 WARNING py.warnings [None req-43a6618b-b586-4ba5-8c4b-dbc05aaefc08 95d1d5be3b7446af93e184f53821a623 9a187b1e884b49a08e2db3eb0ed867ab - - default default] /var/lib/kolla/venv/lib/python3.12/site-packages/urllib3/connectionpool.py:1110: InsecureRequestWarning: Unverified HTTPS request is being made to host '[LB_IP_ADDRESS]'. Adding certificate verification is strongly advised. See: https://urllib3.readthedocs.io/en/latest/advanced-usage.html#tls-warnings
  warnings.warn(
: NotImplementedError
2026-09-28 10:02:15.334 77 INFO cinder.volume.drivers.lightos [None req-c9ea8897-8df4-48f4-a30a-fcac96e8b3ea 15fc23c68835468fb0cdb726e0ffbb62 17efc4c73f024d38bb9ddfa5abd60fc1 - - default default] Invoking get_snapshot_by_name using GET url: /api/v2/projects/default/snapshots/?Name=for_clone_7e4979b2-caa5-48c1-b32b-37d45c0ce4ce             request.body: {} ssl_verify: False
2026-09-28 10:02:15.383 77 WARNING py.warnings [None req-c9ea8897-8df4-48f4-a30a-fcac96e8b3ea 15fc23c68835468fb0cdb726e0ffbb62 17efc4c73f024d38bb9ddfa5abd60fc1 - - default default] /var/lib/kolla/venv/lib/python3.12/site-packages/urllib3/connectionpool.py:1110: InsecureRequestWarning: Unverified HTTPS request is being made to host '[LB_IP_ADDRESS]'. Adding certificate verification is strongly advised. See: https://urllib3.readthedocs.io/en/latest/advanced-usage.html#tls-warnings
  warnings.warn(
: NotImplementedError
2026-09-28 10:02:15.411 77 INFO cinder.volume.drivers.lightos [None req-c9ea8897-8df4-48f4-a30a-fcac96e8b3ea 15fc23c68835468fb0cdb726e0ffbb62 17efc4c73f024d38bb9ddfa5abd60fc1 - - default default] Invoking get_volume_by_name using GET url: /api/v2/projects/default/volumes/?name=vol_7e4979b2-caa5-48c1-b32b-37d45c0ce4ce             request.body: {} ssl_verify: False
2026-09-28 10:02:15.453 77 WARNING py.warnings [None req-c9ea8897-8df4-48f4-a30a-fcac96e8b3ea 15fc23c68835468fb0cdb726e0ffbb62 17efc4c73f024d38bb9ddfa5abd60fc1 - - default default] /var/lib/kolla/venv/lib/python3.12/site-packages/urllib3/connectionpool.py:1110: InsecureRequestWarning: Unverified HTTPS request is being made to host '[LB_IP_ADDRESS]'. Adding certificate verification is strongly advised. See: https://urllib3.readthedocs.io/en/latest/advanced-usage.html#tls-warnings
  warnings.warn(
: NotImplementedError
2026-09-28 10:02:15.463 77 INFO cinder.volume.drivers.lightos [None req-c9ea8897-8df4-48f4-a30a-fcac96e8b3ea 15fc23c68835468fb0cdb726e0ffbb62 17efc4c73f024d38bb9ddfa5abd60fc1 - - default default] Invoking create_volume using POST url: /api/v2/projects/default/volumes             request.body: {'name': 'vol_7e4979b2-caa5-48c1-b32b-37d45c0ce4ce', 'size': '1 gib', 'replicaCount': '3', 'compression': 'False', 'acl': {'values': ['ALLOW_NONE']}, 'IPAcl': {'values': ['ALLOW_NONE']}, 'sourceSnapshotUUID': None, 'sourceSnapshotName': 'for_clone_7e4979b2-caa5-48c1-b32b-37d45c0ce4ce'} ssl_verify: False
2026-09-28 10:02:15.505 77 WARNING py.warnings [None req-c9ea8897-8df4-48f4-a30a-fcac96e8b3ea 15fc23c68835468fb0cdb726e0ffbb62 17efc4c73f024d38bb9ddfa5abd60fc1 - - default default] /var/lib/kolla/venv/lib/python3.12/site-packages/urllib3/connectionpool.py:1110: InsecureRequestWarning: Unverified HTTPS request is being made to host '[LB_IP_ADDRESS]'. Adding certificate verification is strongly advised. See: https://urllib3.readthedocs.io/en/latest/advanced-usage.html#tls-warnings
  warnings.warn(
: NotImplementedError
2026-09-28 10:02:15.527 77 INFO cinder.volume.drivers.lightos [None req-c9ea8897-8df4-48f4-a30a-fcac96e8b3ea 15fc23c68835468fb0cdb726e0ffbb62 17efc4c73f024d38bb9ddfa5abd60fc1 - - default default] Invoking get_volume using GET url: /api/v2/projects/default/volumes/0fe3ad35-d694-4cb3-8041-4a41b89baa5f             request.body: {} ssl_verify: False
2026-09-28 10:02:15.591 77 WARNING py.warnings [None req-c9ea8897-8df4-48f4-a30a-fcac96e8b3ea 15fc23c68835468fb0cdb726e0ffbb62 17efc4c73f024d38bb9ddfa5abd60fc1 - - default default] /var/lib/kolla/venv/lib/python3.12/site-packages/urllib3/connectionpool.py:1110: InsecureRequestWarning: Unverified HTTPS request is being made to host '[LB_IP_ADDRESS]'. Adding certificate verification is strongly advised. See: https://urllib3.readthedocs.io/en/latest/advanced-usage.html#tls-warnings
  warnings.warn(
: NotImplementedError
2026-09-28 10:02:15.605 77 INFO cinder.volume.drivers.lightos [None req-c9ea8897-8df4-48f4-a30a-fcac96e8b3ea 15fc23c68835468fb0cdb726e0ffbb62 17efc4c73f024d38bb9ddfa5abd60fc1 - - default default] Invoking get_snapshot_by_name using GET url: /api/v2/projects/default/snapshots/?Name=for_clone_7e4979b2-caa5-48c1-b32b-37d45c0ce4ce             request.body: {} ssl_verify: False
2026-09-28 10:02:15.645 77 WARNING py.warnings [None req-c9ea8897-8df4-48f4-a30a-fcac96e8b3ea 15fc23c68835468fb0cdb726e0ffbb62 17efc4c73f024d38bb9ddfa5abd60fc1 - - default default] /var/lib/kolla/venv/lib/python3.12/site-packages/urllib3/connectionpool.py:1110: InsecureRequestWarning: Unverified HTTPS request is being made to host '[LB_IP_ADDRESS]'. Adding certificate verification is strongly advised. See: https://urllib3.readthedocs.io/en/latest/advanced-usage.html#tls-warnings
  warnings.warn(
: NotImplementedError
2026-09-28 10:02:15.658 77 INFO cinder.volume.drivers.lightos [None req-c9ea8897-8df4-48f4-a30a-fcac96e8b3ea 15fc23c68835468fb0cdb726e0ffbb62 17efc4c73f024d38bb9ddfa5abd60fc1 - - default default] Invoking delete_snapshot using DELETE url: /api/v2/projects/default/snapshots/48a627e2-edb5-4cf2-8ecb-338e5dfa4f80?             request.body:  ssl_verify: False
2026-09-28 10:02:15.706 77 WARNING py.warnings [None req-c9ea8897-8df4-48f4-a30a-fcac96e8b3ea 15fc23c68835468fb0cdb726e0ffbb62 17efc4c73f024d38bb9ddfa5abd60fc1 - - default default] /var/lib/kolla/venv/lib/python3.12/site-packages/urllib3/connectionpool.py:1110: InsecureRequestWarning: Unverified HTTPS request is being made to host '[LB_IP_ADDRESS]'. Adding certificate verification is strongly advised. See: https://urllib3.readthedocs.io/en/latest/advanced-usage.html#tls-warnings
  warnings.warn(
: NotImplementedError
2026-09-28 10:02:15.733 77 INFO cinder.volume.drivers.lightos [None req-c9ea8897-8df4-48f4-a30a-fcac96e8b3ea 15fc23c68835468fb0cdb726e0ffbb62 17efc4c73f024d38bb9ddfa5abd60fc1 - - default default] Invoking get_snapshot using GET url: /api/v2/projects/default/snapshots/48a627e2-edb5-4cf2-8ecb-338e5dfa4f80             request.body: {} ssl_verify: False
2026-09-28 10:02:15.776 77 WARNING py.warnings [None req-c9ea8897-8df4-48f4-a30a-fcac96e8b3ea 15fc23c68835468fb0cdb726e0ffbb62 17efc4c73f024d38bb9ddfa5abd60fc1 - - default default] /var/lib/kolla/venv/lib/python3.12/site-packages/urllib3/connectionpool.py:1110: InsecureRequestWarning: Unverified HTTPS request is being made to host '[LB_IP_ADDRESS]'. Adding certificate verification is strongly advised. See: https://urllib3.readthedocs.io/en/latest/advanced-usage.html#tls-warnings
  warnings.warn(
: NotImplementedError
2026-09-28 10:02:15.839 77 INFO cinder.volume.manager [None req-c9ea8897-8df4-48f4-a30a-fcac96e8b3ea 15fc23c68835468fb0cdb726e0ffbb62 17efc4c73f024d38bb9ddfa5abd60fc1 - - default default] Create group from source-group-6c45e267-aa49-4f80-a758-bdaf0771f690 completed successfully.
2026-09-28 10:02:16.206 77 INFO cinder.volume.manager [None req-03b865da-47e0-4121-8a0b-129c96830bc0 c910aaffc738484c91d0a70a230a17f0 9c1a8b2cb5ce49d0b107a3af02e56e12 - - - -] Group tempest-GroupsTest-Group-576465671: creating
2026-09-28 10:02:16.222 77 INFO cinder.volume.manager [None req-03b865da-47e0-4121-8a0b-129c96830bc0 c910aaffc738484c91d0a70a230a17f0 9c1a8b2cb5ce49d0b107a3af02e56e12 - - - -] Group tempest-GroupsTest-Group-576465671: created successfully
2026-09-28 10:02:16.230 77 INFO cinder.volume.manager [None req-03b865da-47e0-4121-8a0b-129c96830bc0 c910aaffc738484c91d0a70a230a17f0 9c1a8b2cb5ce49d0b107a3af02e56e12 - - - -] Create group completed successfully.
2026-09-28 10:02:16.326 77 INFO cinder.volume.drivers.lightos [None req-43a6618b-b586-4ba5-8c4b-dbc05aaefc08 95d1d5be3b7446af93e184f53821a623 9a187b1e884b49a08e2db3eb0ed867ab - - default default] Invoking get_snapshot_by_name using GET url: /api/v2/projects/default/snapshots/?Name=snapshot-3cdde8cd-3d78-48df-9bc7-daabae202cee             request.body: {} ssl_verify: False
2026-09-28 10:02:16.370 77 WARNING py.warnings [None req-43a6618b-b586-4ba5-8c4b-dbc05aaefc08 95d1d5be3b7446af93e184f53821a623 9a187b1e884b49a08e2db3eb0ed867ab - - default default] /var/lib/kolla/venv/lib/python3.12/site-packages/urllib3/connectionpool.py:1110: InsecureRequestWarning: Unverified HTTPS request is being made to host '[LB_IP_ADDRESS]'. Adding certificate verification is strongly advised. See: https://urllib3.readthedocs.io/en/latest/advanced-usage.html#tls-warnings
  warnings.warn(
: NotImplementedError
2026-09-28 10:02:16.452 77 INFO cinder.volume.manager [None req-43a6618b-b586-4ba5-8c4b-dbc05aaefc08 95d1d5be3b7446af93e184f53821a623 9a187b1e884b49a08e2db3eb0ed867ab - - default default] group_snapshot 53ec71f7-efa8-4651-a215-ad8623aad30d: created successfully
2026-09-28 10:02:16.467 77 INFO cinder.volume.drivers.lightos [None req-8c50950a-7b53-49f0-be11-025bc45f6b73 15fc23c68835468fb0cdb726e0ffbb62 17efc4c73f024d38bb9ddfa5abd60fc1 - - default default] Invoking delete_volume using DELETE url: /api/v2/projects/default/volumes/0fe3ad35-d694-4cb3-8041-4a41b89baa5f?             request.body:  ssl_verify: False
2026-09-28 10:02:16.524 77 WARNING py.warnings [None req-8c50950a-7b53-49f0-be11-025bc45f6b73 15fc23c68835468fb0cdb726e0ffbb62 17efc4c73f024d38bb9ddfa5abd60fc1 - - default default] /var/lib/kolla/venv/lib/python3.12/site-packages/urllib3/connectionpool.py:1110: InsecureRequestWarning: Unverified HTTPS request is being made to host '[LB_IP_ADDRESS]'. Adding certificate verification is strongly advised. See: https://urllib3.readthedocs.io/en/latest/advanced-usage.html#tls-warnings
  warnings.warn(
: NotImplementedError
2026-09-28 10:02:16.549 77 INFO cinder.volume.drivers.lightos [None req-8c50950a-7b53-49f0-be11-025bc45f6b73 15fc23c68835468fb0cdb726e0ffbb62 17efc4c73f024d38bb9ddfa5abd60fc1 - - default default] Invoking get_volume using GET url: /api/v2/projects/default/volumes/0fe3ad35-d694-4cb3-8041-4a41b89baa5f             request.body: {} ssl_verify: False
2026-09-28 10:02:16.592 77 WARNING py.warnings [None req-8c50950a-7b53-49f0-be11-025bc45f6b73 15fc23c68835468fb0cdb726e0ffbb62 17efc4c73f024d38bb9ddfa5abd60fc1 - - default default] /var/lib/kolla/venv/lib/python3.12/site-packages/urllib3/connectionpool.py:1110: InsecureRequestWarning: Unverified HTTPS request is being made to host '[LB_IP_ADDRESS]'. Adding certificate verification is strongly advised. See: https://urllib3.readthedocs.io/en/latest/advanced-usage.html#tls-warnings
  warnings.warn(
: NotImplementedError
2026-09-28 10:02:16.709 77 WARNING cinder.quota [None req-8c50950a-7b53-49f0-be11-025bc45f6b73 15fc23c68835468fb0cdb726e0ffbb62 17efc4c73f024d38bb9ddfa5abd60fc1 - - default default] Deprecated: Default quota for resource: volumes_tempest-GroupsV314Test-volume-type-2037265787 is set by the default quota flag: quota_volumes_tempest-GroupsV314Test-volume-type-2037265787, it is now deprecated. Please use the default quota class for default quota.
2026-09-28 10:02:16.710 77 WARNING cinder.quota [None req-8c50950a-7b53-49f0-be11-025bc45f6b73 15fc23c68835468fb0cdb726e0ffbb62 17efc4c73f024d38bb9ddfa5abd60fc1 - - default default] Deprecated: Default quota for resource: gigabytes_tempest-GroupsV314Test-volume-type-2037265787 is set by the default quota flag: quota_gigabytes_tempest-GroupsV314Test-volume-type-2037265787, it is now deprecated. Please use the default quota class for default quota.
2026-09-28 10:02:16.786 77 INFO cinder.volume.manager [None req-8c50950a-7b53-49f0-be11-025bc45f6b73 15fc23c68835468fb0cdb726e0ffbb62 17efc4c73f024d38bb9ddfa5abd60fc1 - - default default] Delete group completed successfully.
2026-09-28 10:02:17.030 77 INFO cinder.volume.manager [None req-961af6ac-8eb2-412a-b9f7-35aee71911fd 95d1d5be3b7446af93e184f53821a623 9a187b1e884b49a08e2db3eb0ed867ab - - default default] group_snapshot 53ec71f7-efa8-4651-a215-ad8623aad30d: deleting
2026-09-28 10:02:17.066 77 INFO cinder.volume.drivers.lightos [None req-961af6ac-8eb2-412a-b9f7-35aee71911fd 95d1d5be3b7446af93e184f53821a623 9a187b1e884b49a08e2db3eb0ed867ab - - default default] Invoking get_snapshot_by_name using GET url: /api/v2/projects/default/snapshots/?Name=snapshot-0af87c88-3b6d-439a-bf3f-2d9e1cb6f9de             request.body: {} ssl_verify: False
2026-09-28 10:02:17.102 77 WARNING py.warnings [None req-961af6ac-8eb2-412a-b9f7-35aee71911fd 95d1d5be3b7446af93e184f53821a623 9a187b1e884b49a08e2db3eb0ed867ab - - default default] /var/lib/kolla/venv/lib/python3.12/site-packages/urllib3/connectionpool.py:1110: InsecureRequestWarning: Unverified HTTPS request is being made to host '[LB_IP_ADDRESS]'. Adding certificate verification is strongly advised. See: https://urllib3.readthedocs.io/en/latest/advanced-usage.html#tls-warnings
  warnings.warn(
: NotImplementedError
2026-09-28 10:02:17.114 77 INFO cinder.volume.drivers.lightos [None req-961af6ac-8eb2-412a-b9f7-35aee71911fd 95d1d5be3b7446af93e184f53821a623 9a187b1e884b49a08e2db3eb0ed867ab - - default default] Invoking delete_snapshot using DELETE url: /api/v2/projects/default/snapshots/d0642667-c56f-43f4-bc23-739dfa84fc06?             request.body:  ssl_verify: False
2026-09-28 10:02:17.156 77 WARNING py.warnings [None req-961af6ac-8eb2-412a-b9f7-35aee71911fd 95d1d5be3b7446af93e184f53821a623 9a187b1e884b49a08e2db3eb0ed867ab - - default default] /var/lib/kolla/venv/lib/python3.12/site-packages/urllib3/connectionpool.py:1110: InsecureRequestWarning: Unverified HTTPS request is being made to host '[LB_IP_ADDRESS]'. Adding certificate verification is strongly advised. See: https://urllib3.readthedocs.io/en/latest/advanced-usage.html#tls-warnings
  warnings.warn(
: NotImplementedError
2026-09-28 10:02:17.190 77 INFO cinder.volume.drivers.lightos [None req-961af6ac-8eb2-412a-b9f7-35aee71911fd 95d1d5be3b7446af93e184f53821a623 9a187b1e884b49a08e2db3eb0ed867ab - - default default] Invoking get_snapshot using GET url: /api/v2/projects/default/snapshots/d0642667-c56f-43f4-bc23-739dfa84fc06             request.body: {} ssl_verify: False
2026-09-28 10:02:17.233 77 WARNING py.warnings [None req-961af6ac-8eb2-412a-b9f7-35aee71911fd 95d1d5be3b7446af93e184f53821a623 9a187b1e884b49a08e2db3eb0ed867ab - - default default] /var/lib/kolla/venv/lib/python3.12/site-packages/urllib3/connectionpool.py:1110: InsecureRequestWarning: Unverified HTTPS request is being made to host '[LB_IP_ADDRESS]'. Adding certificate verification is strongly advised. See: https://urllib3.readthedocs.io/en/latest/advanced-usage.html#tls-warnings
  warnings.warn(
: NotImplementedError
2026-09-28 10:02:17.258 77 INFO cinder.volume.drivers.lightos [None req-961af6ac-8eb2-412a-b9f7-35aee71911fd 95d1d5be3b7446af93e184f53821a623 9a187b1e884b49a08e2db3eb0ed867ab - - default default] Invoking get_snapshot_by_name using GET url: /api/v2/projects/default/snapshots/?Name=snapshot-3cdde8cd-3d78-48df-9bc7-daabae202cee             request.body: {} ssl_verify: False
2026-09-28 10:02:17.294 77 WARNING py.warnings [None req-961af6ac-8eb2-412a-b9f7-35aee71911fd 95d1d5be3b7446af93e184f53821a623 9a187b1e884b49a08e2db3eb0ed867ab - - default default] /var/lib/kolla/venv/lib/python3.12/site-packages/urllib3/connectionpool.py:1110: InsecureRequestWarning: Unverified HTTPS request is being made to host '[LB_IP_ADDRESS]'. Adding certificate verification is strongly advised. See: https://urllib3.readthedocs.io/en/latest/advanced-usage.html#tls-warnings
  warnings.warn(
: NotImplementedError
2026-09-28 10:02:17.306 77 INFO cinder.volume.drivers.lightos [None req-961af6ac-8eb2-412a-b9f7-35aee71911fd 95d1d5be3b7446af93e184f53821a623 9a187b1e884b49a08e2db3eb0ed867ab - - default default] Invoking delete_snapshot using DELETE url: /api/v2/projects/default/snapshots/0d3591c1-0934-4b7e-a7c5-7c645b91ea22?             request.body:  ssl_verify: False
2026-09-28 10:02:17.348 77 WARNING py.warnings [None req-961af6ac-8eb2-412a-b9f7-35aee71911fd 95d1d5be3b7446af93e184f53821a623 9a187b1e884b49a08e2db3eb0ed867ab - - default default] /var/lib/kolla/venv/lib/python3.12/site-packages/urllib3/connectionpool.py:1110: InsecureRequestWarning: Unverified HTTPS request is being made to host '[LB_IP_ADDRESS]'. Adding certificate verification is strongly advised. See: https://urllib3.readthedocs.io/en/latest/advanced-usage.html#tls-warnings
  warnings.warn(
: NotImplementedError
2026-09-28 10:02:17.394 77 INFO cinder.volume.drivers.lightos [None req-961af6ac-8eb2-412a-b9f7-35aee71911fd 95d1d5be3b7446af93e184f53821a623 9a187b1e884b49a08e2db3eb0ed867ab - - default default] Invoking get_snapshot using GET url: /api/v2/projects/default/snapshots/0d3591c1-0934-4b7e-a7c5-7c645b91ea22             request.body: {} ssl_verify: False
2026-09-28 10:02:17.436 77 WARNING py.warnings [None req-961af6ac-8eb2-412a-b9f7-35aee71911fd 95d1d5be3b7446af93e184f53821a623 9a187b1e884b49a08e2db3eb0ed867ab - - default default] /var/lib/kolla/venv/lib/python3.12/site-packages/urllib3/connectionpool.py:1110: InsecureRequestWarning: Unverified HTTPS request is being made to host '[LB_IP_ADDRESS]'. Adding certificate verification is strongly advised. See: https://urllib3.readthedocs.io/en/latest/advanced-usage.html#tls-warnings
  warnings.warn(
: NotImplementedError
2026-09-28 10:02:17.520 77 WARNING cinder.quota [None req-961af6ac-8eb2-412a-b9f7-35aee71911fd 95d1d5be3b7446af93e184f53821a623 9a187b1e884b49a08e2db3eb0ed867ab - - default default] Deprecated: Default quota for resource: gigabytes_tempest-GroupSnapshotsTest-volume-type-192077184 is set by the default quota flag: quota_gigabytes_tempest-GroupSnapshotsTest-volume-type-192077184, it is now deprecated. Please use the default quota class for default quota.
2026-09-28 10:02:17.520 77 WARNING cinder.quota [None req-961af6ac-8eb2-412a-b9f7-35aee71911fd 95d1d5be3b7446af93e184f53821a623 9a187b1e884b49a08e2db3eb0ed867ab - - default default] Deprecated: Default quota for resource: snapshots_tempest-GroupSnapshotsTest-volume-type-192077184 is set by the default quota flag: quota_snapshots_tempest-GroupSnapshotsTest-volume-type-192077184, it is now deprecated. Please use the default quota class for default quota.
2026-09-28 10:02:17.659 77 INFO cinder.volume.manager [None req-961af6ac-8eb2-412a-b9f7-35aee71911fd 95d1d5be3b7446af93e184f53821a623 9a187b1e884b49a08e2db3eb0ed867ab - - default default] group_snapshot 53ec71f7-efa8-4651-a215-ad8623aad30d: deleted successfully
2026-09-28 10:02:17.704 77 INFO cinder.volume.flows.manager.create_volume [None req-2beb940d-1627-40e6-be66-1c2d39cf5e4e c910aaffc738484c91d0a70a230a17f0 9c1a8b2cb5ce49d0b107a3af02e56e12 - - - -] Volume 18349074-3c12-47b5-bd9c-43d1ab7e34d4: being created as raw with specification: {'status': 'creating', 'volume_name': 'vol_18349074-3c12-47b5-bd9c-43d1ab7e34d4', 'volume_size': 1}
2026-09-28 10:02:17.704 77 INFO cinder.volume.drivers.lightos [None req-2beb940d-1627-40e6-be66-1c2d39cf5e4e c910aaffc738484c91d0a70a230a17f0 9c1a8b2cb5ce49d0b107a3af02e56e12 - - - -] Invoking get_volume_by_name using GET url: /api/v2/projects/default/volumes/?name=vol_18349074-3c12-47b5-bd9c-43d1ab7e34d4             request.body: {} ssl_verify: False
2026-09-28 10:02:17.741 77 WARNING py.warnings [None req-2beb940d-1627-40e6-be66-1c2d39cf5e4e c910aaffc738484c91d0a70a230a17f0 9c1a8b2cb5ce49d0b107a3af02e56e12 - - - -] /var/lib/kolla/venv/lib/python3.12/site-packages/urllib3/connectionpool.py:1110: InsecureRequestWarning: Unverified HTTPS request is being made to host '[LB_IP_ADDRESS]'. Adding certificate verification is strongly advised. See: https://urllib3.readthedocs.io/en/latest/advanced-usage.html#tls-warnings
  warnings.warn(

2026-09-28 10:02:17.747 77 INFO cinder.volume.drivers.lightos [None req-c7af242c-cae4-404e-9847-aec9a3d88b0c 15fc23c68835468fb0cdb726e0ffbb62 17efc4c73f024d38bb9ddfa5abd60fc1 - - default default] Invoking delete_volume using DELETE url: /api/v2/projects/default/volumes/310bfbd8-2da5-4064-a01f-fd4a3b9f2f36?             request.body:  ssl_verify: False
2026-09-28 10:02:17.775 77 INFO cinder.volume.drivers.lightos [None req-2beb940d-1627-40e6-be66-1c2d39cf5e4e c910aaffc738484c91d0a70a230a17f0 9c1a8b2cb5ce49d0b107a3af02e56e12 - - - -] Invoking create_volume using POST url: /api/v2/projects/default/volumes             request.body: {'name': 'vol_18349074-3c12-47b5-bd9c-43d1ab7e34d4', 'size': '1 gib', 'replicaCount': '3', 'compression': 'False', 'acl': {'values': ['ALLOW_NONE']}, 'IPAcl': {'values': ['ALLOW_NONE']}, 'sourceSnapshotUUID': None, 'sourceSnapshotName': None} ssl_verify: False
2026-09-28 10:02:17.804 77 WARNING py.warnings [None req-c7af242c-cae4-404e-9847-aec9a3d88b0c 15fc23c68835468fb0cdb726e0ffbb62 17efc4c73f024d38bb9ddfa5abd60fc1 - - default default] /var/lib/kolla/venv/lib/python3.12/site-packages/urllib3/connectionpool.py:1110: InsecureRequestWarning: Unverified HTTPS request is being made to host '[LB_IP_ADDRESS]'. Adding certificate verification is strongly advised. See: https://urllib3.readthedocs.io/en/latest/advanced-usage.html#tls-warnings
  warnings.warn(
: NotImplementedError
2026-09-28 10:02:17.824 77 WARNING py.warnings [None req-2beb940d-1627-40e6-be66-1c2d39cf5e4e c910aaffc738484c91d0a70a230a17f0 9c1a8b2cb5ce49d0b107a3af02e56e12 - - - -] /var/lib/kolla/venv/lib/python3.12/site-packages/urllib3/connectionpool.py:1110: InsecureRequestWarning: Unverified HTTPS request is being made to host '[LB_IP_ADDRESS]'. Adding certificate verification is strongly advised. See: https://urllib3.readthedocs.io/en/latest/advanced-usage.html#tls-warnings
  warnings.warn(

2026-09-28 10:02:18.039 77 INFO cinder.volume.drivers.lightos [None req-2beb940d-1627-40e6-be66-1c2d39cf5e4e c910aaffc738484c91d0a70a230a17f0 9c1a8b2cb5ce49d0b107a3af02e56e12 - - - -] Invoking get_volume using GET url: /api/v2/projects/default/volumes/c4179ab1-4b43-42a9-b434-7cc7a6721d61             request.body: {} ssl_verify: False
2026-09-28 10:02:18.108 77 WARNING py.warnings [None req-2beb940d-1627-40e6-be66-1c2d39cf5e4e c910aaffc738484c91d0a70a230a17f0 9c1a8b2cb5ce49d0b107a3af02e56e12 - - - -] /var/lib/kolla/venv/lib/python3.12/site-packages/urllib3/connectionpool.py:1110: InsecureRequestWarning: Unverified HTTPS request is being made to host '[LB_IP_ADDRESS]'. Adding certificate verification is strongly advised. See: https://urllib3.readthedocs.io/en/latest/advanced-usage.html#tls-warnings
  warnings.warn(

2026-09-28 10:02:18.112 77 INFO cinder.volume.drivers.lightos [None req-c7af242c-cae4-404e-9847-aec9a3d88b0c 15fc23c68835468fb0cdb726e0ffbb62 17efc4c73f024d38bb9ddfa5abd60fc1 - - default default] Invoking get_volume using GET url: /api/v2/projects/default/volumes/310bfbd8-2da5-4064-a01f-fd4a3b9f2f36             request.body: {} ssl_verify: False
2026-09-28 10:02:18.174 77 WARNING py.warnings [None req-c7af242c-cae4-404e-9847-aec9a3d88b0c 15fc23c68835468fb0cdb726e0ffbb62 17efc4c73f024d38bb9ddfa5abd60fc1 - - default default] /var/lib/kolla/venv/lib/python3.12/site-packages/urllib3/connectionpool.py:1110: InsecureRequestWarning: Unverified HTTPS request is being made to host '[LB_IP_ADDRESS]'. Adding certificate verification is strongly advised. See: https://urllib3.readthedocs.io/en/latest/advanced-usage.html#tls-warnings
  warnings.warn(
: NotImplementedError
2026-09-28 10:02:18.203 77 INFO cinder.volume.flows.manager.create_volume [None req-2beb940d-1627-40e6-be66-1c2d39cf5e4e c910aaffc738484c91d0a70a230a17f0 9c1a8b2cb5ce49d0b107a3af02e56e12 - - - -] Volume vol_18349074-3c12-47b5-bd9c-43d1ab7e34d4 (18349074-3c12-47b5-bd9c-43d1ab7e34d4): created successfully
2026-09-28 10:02:18.210 77 INFO cinder.volume.manager [None req-2beb940d-1627-40e6-be66-1c2d39cf5e4e c910aaffc738484c91d0a70a230a17f0 9c1a8b2cb5ce49d0b107a3af02e56e12 - - - -] Created volume successfully.
2026-09-28 10:02:18.347 77 INFO cinder.volume.manager [None req-c7af242c-cae4-404e-9847-aec9a3d88b0c 15fc23c68835468fb0cdb726e0ffbb62 17efc4c73f024d38bb9ddfa5abd60fc1 - - default default] Delete group completed successfully.
2026-09-28 10:02:18.437 77 INFO cinder.volume.drivers.lightos [None req-67ae7241-9449-457c-b165-60996a1a7d21 95d1d5be3b7446af93e184f53821a623 9a187b1e884b49a08e2db3eb0ed867ab - - default default] Invoking delete_volume using DELETE url: /api/v2/projects/default/volumes/a4658815-589d-41dd-914e-828082fb92f4?             request.body:  ssl_verify: False
2026-09-28 10:02:18.472 77 WARNING py.warnings [None req-67ae7241-9449-457c-b165-60996a1a7d21 95d1d5be3b7446af93e184f53821a623 9a187b1e884b49a08e2db3eb0ed867ab - - default default] /var/lib/kolla/venv/lib/python3.12/site-packages/urllib3/connectionpool.py:1110: InsecureRequestWarning: Unverified HTTPS request is being made to host '[LB_IP_ADDRESS]'. Adding certificate verification is strongly advised. See: https://urllib3.readthedocs.io/en/latest/advanced-usage.html#tls-warnings
  warnings.warn(
: NotImplementedError
2026-09-28 10:02:18.504 77 INFO cinder.volume.drivers.lightos [None req-67ae7241-9449-457c-b165-60996a1a7d21 95d1d5be3b7446af93e184f53821a623 9a187b1e884b49a08e2db3eb0ed867ab - - default default] Invoking get_volume using GET url: /api/v2/projects/default/volumes/a4658815-589d-41dd-914e-828082fb92f4             request.body: {} ssl_verify: False
2026-09-28 10:02:18.561 77 WARNING py.warnings [None req-67ae7241-9449-457c-b165-60996a1a7d21 95d1d5be3b7446af93e184f53821a623 9a187b1e884b49a08e2db3eb0ed867ab - - default default] /var/lib/kolla/venv/lib/python3.12/site-packages/urllib3/connectionpool.py:1110: InsecureRequestWarning: Unverified HTTPS request is being made to host '[LB_IP_ADDRESS]'. Adding certificate verification is strongly advised. See: https://urllib3.readthedocs.io/en/latest/advanced-usage.html#tls-warnings
  warnings.warn(
: NotImplementedError
2026-09-28 10:02:18.577 77 INFO cinder.volume.drivers.lightos [None req-67ae7241-9449-457c-b165-60996a1a7d21 95d1d5be3b7446af93e184f53821a623 9a187b1e884b49a08e2db3eb0ed867ab - - default default] Invoking delete_volume using DELETE url: /api/v2/projects/default/volumes/670e99d1-e5a6-4ec1-bfbc-300e81129f56?             request.body:  ssl_verify: False
2026-09-28 10:02:18.618 77 WARNING py.warnings [None req-67ae7241-9449-457c-b165-60996a1a7d21 95d1d5be3b7446af93e184f53821a623 9a187b1e884b49a08e2db3eb0ed867ab - - default default] /var/lib/kolla/venv/lib/python3.12/site-packages/urllib3/connectionpool.py:1110: InsecureRequestWarning: Unverified HTTPS request is being made to host '[LB_IP_ADDRESS]'. Adding certificate verification is strongly advised. See: https://urllib3.readthedocs.io/en/latest/advanced-usage.html#tls-warnings
  warnings.warn(
: NotImplementedError
2026-09-28 10:02:18.640 77 INFO cinder.volume.drivers.lightos [None req-67ae7241-9449-457c-b165-60996a1a7d21 95d1d5be3b7446af93e184f53821a623 9a187b1e884b49a08e2db3eb0ed867ab - - default default] Invoking get_volume using GET url: /api/v2/projects/default/volumes/670e99d1-e5a6-4ec1-bfbc-300e81129f56             request.body: {} ssl_verify: False
2026-09-28 10:02:18.684 77 WARNING py.warnings [None req-67ae7241-9449-457c-b165-60996a1a7d21 95d1d5be3b7446af93e184f53821a623 9a187b1e884b49a08e2db3eb0ed867ab - - default default] /var/lib/kolla/venv/lib/python3.12/site-packages/urllib3/connectionpool.py:1110: InsecureRequestWarning: Unverified HTTPS request is being made to host '[LB_IP_ADDRESS]'. Adding certificate verification is strongly advised. See: https://urllib3.readthedocs.io/en/latest/advanced-usage.html#tls-warnings
  warnings.warn(
: NotImplementedError
2026-09-28 10:02:18.842 77 WARNING cinder.quota [None req-67ae7241-9449-457c-b165-60996a1a7d21 95d1d5be3b7446af93e184f53821a623 9a187b1e884b49a08e2db3eb0ed867ab - - default default] Deprecated: Default quota for resource: volumes_tempest-GroupSnapshotsTest-volume-type-192077184 is set by the default quota flag: quota_volumes_tempest-GroupSnapshotsTest-volume-type-192077184, it is now deprecated. Please use the default quota class for default quota.
2026-09-28 10:02:19.000 77 INFO cinder.volume.manager [None req-67ae7241-9449-457c-b165-60996a1a7d21 95d1d5be3b7446af93e184f53821a623 9a187b1e884b49a08e2db3eb0ed867ab - - default default] Delete group completed successfully.
2026-09-28 10:02:19.210 77 INFO cinder.volume.flows.manager.create_volume [None req-4e0c5b35-d860-47a9-a6cc-00475b10f117 c910aaffc738484c91d0a70a230a17f0 9c1a8b2cb5ce49d0b107a3af02e56e12 - - - -] Volume bff4b910-b89a-4cbf-8dd0-ca6c241755ad: being created as raw with specification: {'status': 'creating', 'volume_name': 'vol_bff4b910-b89a-4cbf-8dd0-ca6c241755ad', 'volume_size': 1}
2026-09-28 10:02:19.211 77 INFO cinder.volume.drivers.lightos [None req-4e0c5b35-d860-47a9-a6cc-00475b10f117 c910aaffc738484c91d0a70a230a17f0 9c1a8b2cb5ce49d0b107a3af02e56e12 - - - -] Invoking get_volume_by_name using GET url: /api/v2/projects/default/volumes/?name=vol_bff4b910-b89a-4cbf-8dd0-ca6c241755ad             request.body: {} ssl_verify: False
2026-09-28 10:02:19.245 77 WARNING py.warnings [None req-4e0c5b35-d860-47a9-a6cc-00475b10f117 c910aaffc738484c91d0a70a230a17f0 9c1a8b2cb5ce49d0b107a3af02e56e12 - - - -] /var/lib/kolla/venv/lib/python3.12/site-packages/urllib3/connectionpool.py:1110: InsecureRequestWarning: Unverified HTTPS request is being made to host '[LB_IP_ADDRESS]'. Adding certificate verification is strongly advised. See: https://urllib3.readthedocs.io/en/latest/advanced-usage.html#tls-warnings
  warnings.warn(

2026-09-28 10:02:19.255 77 INFO cinder.volume.drivers.lightos [None req-4e0c5b35-d860-47a9-a6cc-00475b10f117 c910aaffc738484c91d0a70a230a17f0 9c1a8b2cb5ce49d0b107a3af02e56e12 - - - -] Invoking create_volume using POST url: /api/v2/projects/default/volumes             request.body: {'name': 'vol_bff4b910-b89a-4cbf-8dd0-ca6c241755ad', 'size': '1 gib', 'replicaCount': '3', 'compression': 'False', 'acl': {'values': ['ALLOW_NONE']}, 'IPAcl': {'values': ['ALLOW_NONE']}, 'sourceSnapshotUUID': None, 'sourceSnapshotName': None} ssl_verify: False
2026-09-28 10:02:19.292 77 WARNING py.warnings [None req-4e0c5b35-d860-47a9-a6cc-00475b10f117 c910aaffc738484c91d0a70a230a17f0 9c1a8b2cb5ce49d0b107a3af02e56e12 - - - -] /var/lib/kolla/venv/lib/python3.12/site-packages/urllib3/connectionpool.py:1110: InsecureRequestWarning: Unverified HTTPS request is being made to host '[LB_IP_ADDRESS]'. Adding certificate verification is strongly advised. See: https://urllib3.readthedocs.io/en/latest/advanced-usage.html#tls-warnings
  warnings.warn(

2026-09-28 10:02:19.317 77 INFO cinder.volume.drivers.lightos [None req-4e0c5b35-d860-47a9-a6cc-00475b10f117 c910aaffc738484c91d0a70a230a17f0 9c1a8b2cb5ce49d0b107a3af02e56e12 - - - -] Invoking get_volume using GET url: /api/v2/projects/default/volumes/6b15e6f4-0ddc-4088-a052-ec7dd04fc334             request.body: {} ssl_verify: False
2026-09-28 10:02:19.360 77 WARNING py.warnings [None req-4e0c5b35-d860-47a9-a6cc-00475b10f117 c910aaffc738484c91d0a70a230a17f0 9c1a8b2cb5ce49d0b107a3af02e56e12 - - - -] /var/lib/kolla/venv/lib/python3.12/site-packages/urllib3/connectionpool.py:1110: InsecureRequestWarning: Unverified HTTPS request is being made to host '[LB_IP_ADDRESS]'. Adding certificate verification is strongly advised. See: https://urllib3.readthedocs.io/en/latest/advanced-usage.html#tls-warnings
  warnings.warn(

2026-09-28 10:02:19.920 77 INFO cinder.volume.manager [None req-9ec152db-8be8-42b6-b2f6-a4d52f53b828 95d1d5be3b7446af93e184f53821a623 9a187b1e884b49a08e2db3eb0ed867ab - - - -] Group tempest-GroupSnapshotsTest-Group-1545679041: creating
2026-09-28 10:02:19.934 77 INFO cinder.volume.manager [None req-9ec152db-8be8-42b6-b2f6-a4d52f53b828 95d1d5be3b7446af93e184f53821a623 9a187b1e884b49a08e2db3eb0ed867ab - - - -] Group tempest-GroupSnapshotsTest-Group-1545679041: created successfully
2026-09-28 10:02:19.940 77 INFO cinder.volume.manager [None req-9ec152db-8be8-42b6-b2f6-a4d52f53b828 95d1d5be3b7446af93e184f53821a623 9a187b1e884b49a08e2db3eb0ed867ab - - - -] Create group completed successfully.
2026-09-28 10:02:20.394 77 INFO cinder.volume.drivers.lightos [None req-4e0c5b35-d860-47a9-a6cc-00475b10f117 c910aaffc738484c91d0a70a230a17f0 9c1a8b2cb5ce49d0b107a3af02e56e12 - - - -] Invoking get_volume using GET url: /api/v2/projects/default/volumes/6b15e6f4-0ddc-4088-a052-ec7dd04fc334             request.body: {} ssl_verify: False
2026-09-28 10:02:20.439 77 WARNING py.warnings [None req-4e0c5b35-d860-47a9-a6cc-00475b10f117 c910aaffc738484c91d0a70a230a17f0 9c1a8b2cb5ce49d0b107a3af02e56e12 - - - -] /var/lib/kolla/venv/lib/python3.12/site-packages/urllib3/connectionpool.py:1110: InsecureRequestWarning: Unverified HTTPS request is being made to host '[LB_IP_ADDRESS]'. Adding certificate verification is strongly advised. See: https://urllib3.readthedocs.io/en/latest/advanced-usage.html#tls-warnings
  warnings.warn(

2026-09-28 10:02:20.466 77 INFO cinder.volume.flows.manager.create_volume [None req-4e0c5b35-d860-47a9-a6cc-00475b10f117 c910aaffc738484c91d0a70a230a17f0 9c1a8b2cb5ce49d0b107a3af02e56e12 - - - -] Volume vol_bff4b910-b89a-4cbf-8dd0-ca6c241755ad (bff4b910-b89a-4cbf-8dd0-ca6c241755ad): created successfully
2026-09-28 10:02:20.473 77 INFO cinder.volume.manager [None req-4e0c5b35-d860-47a9-a6cc-00475b10f117 c910aaffc738484c91d0a70a230a17f0 9c1a8b2cb5ce49d0b107a3af02e56e12 - - - -] Created volume successfully.
2026-09-28 10:02:21.387 77 INFO cinder.volume.flows.manager.create_volume [None req-35e2a6bb-9267-4c18-9a5b-439f2f4b8f57 95d1d5be3b7446af93e184f53821a623 9a187b1e884b49a08e2db3eb0ed867ab - - - -] Volume 80b1eb74-d190-430b-befa-63ac93caeb2a: being created as raw with specification: {'status': 'creating', 'volume_name': 'vol_80b1eb74-d190-430b-befa-63ac93caeb2a', 'volume_size': 1}
2026-09-28 10:02:21.388 77 INFO cinder.volume.drivers.lightos [None req-35e2a6bb-9267-4c18-9a5b-439f2f4b8f57 95d1d5be3b7446af93e184f53821a623 9a187b1e884b49a08e2db3eb0ed867ab - - - -] Invoking get_volume_by_name using GET url: /api/v2/projects/default/volumes/?name=vol_80b1eb74-d190-430b-befa-63ac93caeb2a             request.body: {} ssl_verify: False
2026-09-28 10:02:21.422 77 WARNING py.warnings [None req-35e2a6bb-9267-4c18-9a5b-439f2f4b8f57 95d1d5be3b7446af93e184f53821a623 9a187b1e884b49a08e2db3eb0ed867ab - - - -] /var/lib/kolla/venv/lib/python3.12/site-packages/urllib3/connectionpool.py:1110: InsecureRequestWarning: Unverified HTTPS request is being made to host '[LB_IP_ADDRESS]'. Adding certificate verification is strongly advised. See: https://urllib3.readthedocs.io/en/latest/advanced-usage.html#tls-warnings
  warnings.warn(

2026-09-28 10:02:21.430 77 INFO cinder.volume.drivers.lightos [None req-35e2a6bb-9267-4c18-9a5b-439f2f4b8f57 95d1d5be3b7446af93e184f53821a623 9a187b1e884b49a08e2db3eb0ed867ab - - - -] Invoking create_volume using POST url: /api/v2/projects/default/volumes             request.body: {'name': 'vol_80b1eb74-d190-430b-befa-63ac93caeb2a', 'size': '1 gib', 'replicaCount': '3', 'compression': 'False', 'acl': {'values': ['ALLOW_NONE']}, 'IPAcl': {'values': ['ALLOW_NONE']}, 'sourceSnapshotUUID': None, 'sourceSnapshotName': None} ssl_verify: False
2026-09-28 10:02:21.466 77 WARNING py.warnings [None req-35e2a6bb-9267-4c18-9a5b-439f2f4b8f57 95d1d5be3b7446af93e184f53821a623 9a187b1e884b49a08e2db3eb0ed867ab - - - -] /var/lib/kolla/venv/lib/python3.12/site-packages/urllib3/connectionpool.py:1110: InsecureRequestWarning: Unverified HTTPS request is being made to host '[LB_IP_ADDRESS]'. Adding certificate verification is strongly advised. See: https://urllib3.readthedocs.io/en/latest/advanced-usage.html#tls-warnings
  warnings.warn(

2026-09-28 10:02:21.488 77 INFO cinder.volume.manager [None req-6a3d2dbb-9ea7-4b53-a545-924d2e53e7ff c910aaffc738484c91d0a70a230a17f0 9c1a8b2cb5ce49d0b107a3af02e56e12 - - default default] Update group completed successfully.
2026-09-28 10:02:21.524 77 INFO cinder.volume.drivers.lightos [None req-35e2a6bb-9267-4c18-9a5b-439f2f4b8f57 95d1d5be3b7446af93e184f53821a623 9a187b1e884b49a08e2db3eb0ed867ab - - - -] Invoking get_volume using GET url: /api/v2/projects/default/volumes/c0c795e7-61d6-432a-8bdb-6cbbf573749e             request.body: {} ssl_verify: False
2026-09-28 10:02:21.567 77 WARNING py.warnings [None req-35e2a6bb-9267-4c18-9a5b-439f2f4b8f57 95d1d5be3b7446af93e184f53821a623 9a187b1e884b49a08e2db3eb0ed867ab - - - -] /var/lib/kolla/venv/lib/python3.12/site-packages/urllib3/connectionpool.py:1110: InsecureRequestWarning: Unverified HTTPS request is being made to host '[LB_IP_ADDRESS]'. Adding certificate verification is strongly advised. See: https://urllib3.readthedocs.io/en/latest/advanced-usage.html#tls-warnings
  warnings.warn(

2026-09-28 10:02:22.578 77 INFO cinder.volume.drivers.lightos [None req-35e2a6bb-9267-4c18-9a5b-439f2f4b8f57 95d1d5be3b7446af93e184f53821a623 9a187b1e884b49a08e2db3eb0ed867ab - - - -] Invoking get_volume using GET url: /api/v2/projects/default/volumes/c0c795e7-61d6-432a-8bdb-6cbbf573749e             request.body: {} ssl_verify: False
2026-09-28 10:02:22.622 77 WARNING py.warnings [None req-35e2a6bb-9267-4c18-9a5b-439f2f4b8f57 95d1d5be3b7446af93e184f53821a623 9a187b1e884b49a08e2db3eb0ed867ab - - - -] /var/lib/kolla/venv/lib/python3.12/site-packages/urllib3/connectionpool.py:1110: InsecureRequestWarning: Unverified HTTPS request is being made to host '[LB_IP_ADDRESS]'. Adding certificate verification is strongly advised. See: https://urllib3.readthedocs.io/en/latest/advanced-usage.html#tls-warnings
  warnings.warn(

2026-09-28 10:02:22.649 77 INFO cinder.volume.flows.manager.create_volume [None req-35e2a6bb-9267-4c18-9a5b-439f2f4b8f57 95d1d5be3b7446af93e184f53821a623 9a187b1e884b49a08e2db3eb0ed867ab - - - -] Volume vol_80b1eb74-d190-430b-befa-63ac93caeb2a (80b1eb74-d190-430b-befa-63ac93caeb2a): created successfully
2026-09-28 10:02:22.656 77 INFO cinder.volume.manager [None req-35e2a6bb-9267-4c18-9a5b-439f2f4b8f57 95d1d5be3b7446af93e184f53821a623 9a187b1e884b49a08e2db3eb0ed867ab - - - -] Created volume successfully.
2026-09-28 10:02:22.713 77 INFO cinder.volume.manager [None req-96820901-0edb-4a26-93f0-5fda36179e6d c910aaffc738484c91d0a70a230a17f0 9c1a8b2cb5ce49d0b107a3af02e56e12 - - default default] Update group completed successfully.
2026-09-28 10:02:23.675 77 INFO cinder.volume.manager [None req-8e4caf3b-9822-4e92-afca-947837e0c2a3 95d1d5be3b7446af93e184f53821a623 9a187b1e884b49a08e2db3eb0ed867ab - - default default] GroupSnapshot af2629fb-9e1a-4eb4-958e-f9e599051cb3: creating.
2026-09-28 10:02:23.707 77 INFO cinder.volume.drivers.lightos [None req-8e4caf3b-9822-4e92-afca-947837e0c2a3 95d1d5be3b7446af93e184f53821a623 9a187b1e884b49a08e2db3eb0ed867ab - - default default] Invoking get_snapshot_by_name using GET url: /api/v2/projects/default/snapshots/?Name=snapshot-234f649c-6932-435d-b3a6-60db9f1fbf34             request.body: {} ssl_verify: False
2026-09-28 10:02:23.754 77 WARNING py.warnings [None req-8e4caf3b-9822-4e92-afca-947837e0c2a3 95d1d5be3b7446af93e184f53821a623 9a187b1e884b49a08e2db3eb0ed867ab - - default default] /var/lib/kolla/venv/lib/python3.12/site-packages/urllib3/connectionpool.py:1110: InsecureRequestWarning: Unverified HTTPS request is being made to host '[LB_IP_ADDRESS]'. Adding certificate verification is strongly advised. See: https://urllib3.readthedocs.io/en/latest/advanced-usage.html#tls-warnings
  warnings.warn(
: NotImplementedError
2026-09-28 10:02:23.774 77 INFO cinder.volume.drivers.lightos [None req-8e4caf3b-9822-4e92-afca-947837e0c2a3 95d1d5be3b7446af93e184f53821a623 9a187b1e884b49a08e2db3eb0ed867ab - - default default] Invoking create_snapshot using POST url: /api/v2/projects/default/snapshots             request.body: {'name': 'snapshot-234f649c-6932-435d-b3a6-60db9f1fbf34', 'sourceVolumeUUID': None, 'sourceVolumeName': 'vol_80b1eb74-d190-430b-befa-63ac93caeb2a'} ssl_verify: False
2026-09-28 10:02:23.820 77 WARNING py.warnings [None req-8e4caf3b-9822-4e92-afca-947837e0c2a3 95d1d5be3b7446af93e184f53821a623 9a187b1e884b49a08e2db3eb0ed867ab - - default default] /var/lib/kolla/venv/lib/python3.12/site-packages/urllib3/connectionpool.py:1110: InsecureRequestWarning: Unverified HTTPS request is being made to host '[LB_IP_ADDRESS]'. Adding certificate verification is strongly advised. See: https://urllib3.readthedocs.io/en/latest/advanced-usage.html#tls-warnings
  warnings.warn(
: NotImplementedError
2026-09-28 10:02:23.853 77 INFO cinder.volume.drivers.lightos [None req-8e4caf3b-9822-4e92-afca-947837e0c2a3 95d1d5be3b7446af93e184f53821a623 9a187b1e884b49a08e2db3eb0ed867ab - - default default] Invoking get_snapshot_by_name using GET url: /api/v2/projects/default/snapshots/?Name=snapshot-234f649c-6932-435d-b3a6-60db9f1fbf34             request.body: {} ssl_verify: False
2026-09-28 10:02:23.919 77 WARNING py.warnings [None req-8e4caf3b-9822-4e92-afca-947837e0c2a3 95d1d5be3b7446af93e184f53821a623 9a187b1e884b49a08e2db3eb0ed867ab - - default default] /var/lib/kolla/venv/lib/python3.12/site-packages/urllib3/connectionpool.py:1110: InsecureRequestWarning: Unverified HTTPS request is being made to host '[LB_IP_ADDRESS]'. Adding certificate verification is strongly advised. See: https://urllib3.readthedocs.io/en/latest/advanced-usage.html#tls-warnings
  warnings.warn(
: NotImplementedError
2026-09-28 10:02:24.019 77 INFO cinder.volume.flows.manager.create_volume [None req-a29bd4ab-eae5-477a-b86f-8b17ac5f6ede 50c6935da34645679a9ad46c26c5208e 87ceb2f00fc944fa8723ebc30317f791 - - - -] Volume 0cb34251-8e5f-44ec-9a83-3f70899e3507: being created as raw with specification: {'status': 'creating', 'volume_name': 'vol_0cb34251-8e5f-44ec-9a83-3f70899e3507', 'volume_size': 1}
2026-09-28 10:02:24.019 77 INFO cinder.volume.drivers.lightos [None req-a29bd4ab-eae5-477a-b86f-8b17ac5f6ede 50c6935da34645679a9ad46c26c5208e 87ceb2f00fc944fa8723ebc30317f791 - - - -] Invoking get_volume_by_name using GET url: /api/v2/projects/default/volumes/?name=vol_0cb34251-8e5f-44ec-9a83-3f70899e3507             request.body: {} ssl_verify: False
2026-09-28 10:02:24.059 77 INFO cinder.volume.drivers.lightos [None req-cccad4a7-4ef1-4ca7-b1ac-ec342b1c80ec c910aaffc738484c91d0a70a230a17f0 9c1a8b2cb5ce49d0b107a3af02e56e12 - - default default] Invoking delete_volume using DELETE url: /api/v2/projects/default/volumes/c4179ab1-4b43-42a9-b434-7cc7a6721d61?             request.body:  ssl_verify: False
2026-09-28 10:02:24.091 77 WARNING py.warnings [None req-a29bd4ab-eae5-477a-b86f-8b17ac5f6ede 50c6935da34645679a9ad46c26c5208e 87ceb2f00fc944fa8723ebc30317f791 - - - -] /var/lib/kolla/venv/lib/python3.12/site-packages/urllib3/connectionpool.py:1110: InsecureRequestWarning: Unverified HTTPS request is being made to host '[LB_IP_ADDRESS]'. Adding certificate verification is strongly advised. See: https://urllib3.readthedocs.io/en/latest/advanced-usage.html#tls-warnings
  warnings.warn(

2026-09-28 10:02:24.120 77 WARNING py.warnings [None req-cccad4a7-4ef1-4ca7-b1ac-ec342b1c80ec c910aaffc738484c91d0a70a230a17f0 9c1a8b2cb5ce49d0b107a3af02e56e12 - - default default] /var/lib/kolla/venv/lib/python3.12/site-packages/urllib3/connectionpool.py:1110: InsecureRequestWarning: Unverified HTTPS request is being made to host '[LB_IP_ADDRESS]'. Adding certificate verification is strongly advised. See: https://urllib3.readthedocs.io/en/latest/advanced-usage.html#tls-warnings
  warnings.warn(
: NotImplementedError
2026-09-28 10:02:24.149 77 INFO cinder.volume.drivers.lightos [None req-a29bd4ab-eae5-477a-b86f-8b17ac5f6ede 50c6935da34645679a9ad46c26c5208e 87ceb2f00fc944fa8723ebc30317f791 - - - -] Invoking create_volume using POST url: /api/v2/projects/default/volumes             request.body: {'name': 'vol_0cb34251-8e5f-44ec-9a83-3f70899e3507', 'size': '1 gib', 'replicaCount': '3', 'compression': 'False', 'acl': {'values': ['ALLOW_NONE']}, 'IPAcl': {'values': ['ALLOW_NONE']}, 'sourceSnapshotUUID': None, 'sourceSnapshotName': None} ssl_verify: False
2026-09-28 10:02:24.185 77 INFO cinder.volume.drivers.lightos [None req-cccad4a7-4ef1-4ca7-b1ac-ec342b1c80ec c910aaffc738484c91d0a70a230a17f0 9c1a8b2cb5ce49d0b107a3af02e56e12 - - default default] Invoking get_volume using GET url: /api/v2/projects/default/volumes/c4179ab1-4b43-42a9-b434-7cc7a6721d61             request.body: {} ssl_verify: False
2026-09-28 10:02:24.214 77 WARNING py.warnings [None req-a29bd4ab-eae5-477a-b86f-8b17ac5f6ede 50c6935da34645679a9ad46c26c5208e 87ceb2f00fc944fa8723ebc30317f791 - - - -] /var/lib/kolla/venv/lib/python3.12/site-packages/urllib3/connectionpool.py:1110: InsecureRequestWarning: Unverified HTTPS request is being made to host '[LB_IP_ADDRESS]'. Adding certificate verification is strongly advised. See: https://urllib3.readthedocs.io/en/latest/advanced-usage.html#tls-warnings
  warnings.warn(

2026-09-28 10:02:24.233 77 WARNING py.warnings [None req-cccad4a7-4ef1-4ca7-b1ac-ec342b1c80ec c910aaffc738484c91d0a70a230a17f0 9c1a8b2cb5ce49d0b107a3af02e56e12 - - default default] /var/lib/kolla/venv/lib/python3.12/site-packages/urllib3/connectionpool.py:1110: InsecureRequestWarning: Unverified HTTPS request is being made to host '[LB_IP_ADDRESS]'. Adding certificate verification is strongly advised. See: https://urllib3.readthedocs.io/en/latest/advanced-usage.html#tls-warnings
  warnings.warn(
: NotImplementedError
2026-09-28 10:02:24.273 77 INFO cinder.volume.drivers.lightos [None req-cccad4a7-4ef1-4ca7-b1ac-ec342b1c80ec c910aaffc738484c91d0a70a230a17f0 9c1a8b2cb5ce49d0b107a3af02e56e12 - - default default] Invoking delete_volume using DELETE url: /api/v2/projects/default/volumes/6b15e6f4-0ddc-4088-a052-ec7dd04fc334?             request.body:  ssl_verify: False
2026-09-28 10:02:24.309 77 INFO cinder.volume.drivers.lightos [None req-a29bd4ab-eae5-477a-b86f-8b17ac5f6ede 50c6935da34645679a9ad46c26c5208e 87ceb2f00fc944fa8723ebc30317f791 - - - -] Invoking get_volume using GET url: /api/v2/projects/default/volumes/e41edc08-f175-4069-a270-3c260ea7b8d0             request.body: {} ssl_verify: False
2026-09-28 10:02:24.337 77 WARNING py.warnings [None req-cccad4a7-4ef1-4ca7-b1ac-ec342b1c80ec c910aaffc738484c91d0a70a230a17f0 9c1a8b2cb5ce49d0b107a3af02e56e12 - - default default] /var/lib/kolla/venv/lib/python3.12/site-packages/urllib3/connectionpool.py:1110: InsecureRequestWarning: Unverified HTTPS request is being made to host '[LB_IP_ADDRESS]'. Adding certificate verification is strongly advised. See: https://urllib3.readthedocs.io/en/latest/advanced-usage.html#tls-warnings
  warnings.warn(
: NotImplementedError
2026-09-28 10:02:24.343 77 WARNING py.warnings [None req-a29bd4ab-eae5-477a-b86f-8b17ac5f6ede 50c6935da34645679a9ad46c26c5208e 87ceb2f00fc944fa8723ebc30317f791 - - - -] /var/lib/kolla/venv/lib/python3.12/site-packages/urllib3/connectionpool.py:1110: InsecureRequestWarning: Unverified HTTPS request is being made to host '[LB_IP_ADDRESS]'. Adding certificate verification is strongly advised. See: https://urllib3.readthedocs.io/en/latest/advanced-usage.html#tls-warnings
  warnings.warn(

2026-09-28 10:02:24.409 77 INFO cinder.volume.drivers.lightos [None req-cccad4a7-4ef1-4ca7-b1ac-ec342b1c80ec c910aaffc738484c91d0a70a230a17f0 9c1a8b2cb5ce49d0b107a3af02e56e12 - - default default] Invoking get_volume using GET url: /api/v2/projects/default/volumes/6b15e6f4-0ddc-4088-a052-ec7dd04fc334             request.body: {} ssl_verify: False
2026-09-28 10:02:24.446 77 WARNING py.warnings [None req-cccad4a7-4ef1-4ca7-b1ac-ec342b1c80ec c910aaffc738484c91d0a70a230a17f0 9c1a8b2cb5ce49d0b107a3af02e56e12 - - default default] /var/lib/kolla/venv/lib/python3.12/site-packages/urllib3/connectionpool.py:1110: InsecureRequestWarning: Unverified HTTPS request is being made to host '[LB_IP_ADDRESS]'. Adding certificate verification is strongly advised. See: https://urllib3.readthedocs.io/en/latest/advanced-usage.html#tls-warnings
  warnings.warn(
: NotImplementedError
2026-09-28 10:02:24.447 77 INFO cinder.volume.flows.manager.create_volume [None req-a29bd4ab-eae5-477a-b86f-8b17ac5f6ede 50c6935da34645679a9ad46c26c5208e 87ceb2f00fc944fa8723ebc30317f791 - - - -] Volume vol_0cb34251-8e5f-44ec-9a83-3f70899e3507 (0cb34251-8e5f-44ec-9a83-3f70899e3507): created successfully
2026-09-28 10:02:24.454 77 INFO cinder.volume.manager [None req-a29bd4ab-eae5-477a-b86f-8b17ac5f6ede 50c6935da34645679a9ad46c26c5208e 87ceb2f00fc944fa8723ebc30317f791 - - - -] Created volume successfully.
2026-09-28 10:02:24.569 77 WARNING cinder.quota [None req-cccad4a7-4ef1-4ca7-b1ac-ec342b1c80ec c910aaffc738484c91d0a70a230a17f0 9c1a8b2cb5ce49d0b107a3af02e56e12 - - default default] Deprecated: Default quota for resource: volumes_tempest-GroupsTest-volume-type-2039828582 is set by the default quota flag: quota_volumes_tempest-GroupsTest-volume-type-2039828582, it is now deprecated. Please use the default quota class for default quota.
2026-09-28 10:02:24.570 77 WARNING cinder.quota [None req-cccad4a7-4ef1-4ca7-b1ac-ec342b1c80ec c910aaffc738484c91d0a70a230a17f0 9c1a8b2cb5ce49d0b107a3af02e56e12 - - default default] Deprecated: Default quota for resource: gigabytes_tempest-GroupsTest-volume-type-2039828582 is set by the default quota flag: quota_gigabytes_tempest-GroupsTest-volume-type-2039828582, it is now deprecated. Please use the default quota class for default quota.
2026-09-28 10:02:24.725 77 INFO cinder.volume.manager [None req-cccad4a7-4ef1-4ca7-b1ac-ec342b1c80ec c910aaffc738484c91d0a70a230a17f0 9c1a8b2cb5ce49d0b107a3af02e56e12 - - default default] Delete group completed successfully.
2026-09-28 10:02:24.980 77 INFO cinder.volume.drivers.lightos [None req-8e4caf3b-9822-4e92-afca-947837e0c2a3 95d1d5be3b7446af93e184f53821a623 9a187b1e884b49a08e2db3eb0ed867ab - - default default] Invoking get_snapshot_by_name using GET url: /api/v2/projects/default/snapshots/?Name=snapshot-234f649c-6932-435d-b3a6-60db9f1fbf34             request.body: {} ssl_verify: False
2026-09-28 10:02:25.027 77 WARNING py.warnings [None req-8e4caf3b-9822-4e92-afca-947837e0c2a3 95d1d5be3b7446af93e184f53821a623 9a187b1e884b49a08e2db3eb0ed867ab - - default default] /var/lib/kolla/venv/lib/python3.12/site-packages/urllib3/connectionpool.py:1110: InsecureRequestWarning: Unverified HTTPS request is being made to host '[LB_IP_ADDRESS]'. Adding certificate verification is strongly advised. See: https://urllib3.readthedocs.io/en/latest/advanced-usage.html#tls-warnings
  warnings.warn(
: NotImplementedError
2026-09-28 10:02:25.081 77 INFO cinder.volume.manager [None req-8e4caf3b-9822-4e92-afca-947837e0c2a3 95d1d5be3b7446af93e184f53821a623 9a187b1e884b49a08e2db3eb0ed867ab - - default default] group_snapshot af2629fb-9e1a-4eb4-958e-f9e599051cb3: created successfully
2026-09-28 10:02:25.245 77 INFO cinder.volume.drivers.lightos [None req-0827e5e3-37f1-46d8-8928-ab34ad950fde 50c6935da34645679a9ad46c26c5208e 87ceb2f00fc944fa8723ebc30317f791 - - - -] Invoking get_snapshot_by_name using GET url: /api/v2/projects/default/snapshots/?Name=snapshot-3354c1fa-01df-4285-a3eb-aa0d0eb2d9e8             request.body: {} ssl_verify: False
2026-09-28 10:02:25.288 77 WARNING py.warnings [None req-0827e5e3-37f1-46d8-8928-ab34ad950fde 50c6935da34645679a9ad46c26c5208e 87ceb2f00fc944fa8723ebc30317f791 - - - -] /var/lib/kolla/venv/lib/python3.12/site-packages/urllib3/connectionpool.py:1110: InsecureRequestWarning: Unverified HTTPS request is being made to host '[LB_IP_ADDRESS]'. Adding certificate verification is strongly advised. See: https://urllib3.readthedocs.io/en/latest/advanced-usage.html#tls-warnings
  warnings.warn(

2026-09-28 10:02:25.299 77 INFO cinder.volume.drivers.lightos [None req-0827e5e3-37f1-46d8-8928-ab34ad950fde 50c6935da34645679a9ad46c26c5208e 87ceb2f00fc944fa8723ebc30317f791 - - - -] Invoking create_snapshot using POST url: /api/v2/projects/default/snapshots             request.body: {'name': 'snapshot-3354c1fa-01df-4285-a3eb-aa0d0eb2d9e8', 'sourceVolumeUUID': None, 'sourceVolumeName': 'vol_0cb34251-8e5f-44ec-9a83-3f70899e3507'} ssl_verify: False
2026-09-28 10:02:25.340 77 WARNING py.warnings [None req-0827e5e3-37f1-46d8-8928-ab34ad950fde 50c6935da34645679a9ad46c26c5208e 87ceb2f00fc944fa8723ebc30317f791 - - - -] /var/lib/kolla/venv/lib/python3.12/site-packages/urllib3/connectionpool.py:1110: InsecureRequestWarning: Unverified HTTPS request is being made to host '[LB_IP_ADDRESS]'. Adding certificate verification is strongly advised. See: https://urllib3.readthedocs.io/en/latest/advanced-usage.html#tls-warnings
  warnings.warn(

2026-09-28 10:02:25.394 77 INFO cinder.volume.drivers.lightos [None req-0827e5e3-37f1-46d8-8928-ab34ad950fde 50c6935da34645679a9ad46c26c5208e 87ceb2f00fc944fa8723ebc30317f791 - - - -] Invoking get_snapshot_by_name using GET url: /api/v2/projects/default/snapshots/?Name=snapshot-3354c1fa-01df-4285-a3eb-aa0d0eb2d9e8             request.body: {} ssl_verify: False
2026-09-28 10:02:25.460 77 WARNING py.warnings [None req-0827e5e3-37f1-46d8-8928-ab34ad950fde 50c6935da34645679a9ad46c26c5208e 87ceb2f00fc944fa8723ebc30317f791 - - - -] /var/lib/kolla/venv/lib/python3.12/site-packages/urllib3/connectionpool.py:1110: InsecureRequestWarning: Unverified HTTPS request is being made to host '[LB_IP_ADDRESS]'. Adding certificate verification is strongly advised. See: https://urllib3.readthedocs.io/en/latest/advanced-usage.html#tls-warnings
  warnings.warn(

2026-09-28 10:02:25.954 77 INFO cinder.volume.manager [None req-5eb23e44-720e-4228-b0bb-e2cbac219a32 95d1d5be3b7446af93e184f53821a623 9a187b1e884b49a08e2db3eb0ed867ab - - default default] group_snapshot af2629fb-9e1a-4eb4-958e-f9e599051cb3: deleting
2026-09-28 10:02:25.982 77 INFO cinder.volume.drivers.lightos [None req-5eb23e44-720e-4228-b0bb-e2cbac219a32 95d1d5be3b7446af93e184f53821a623 9a187b1e884b49a08e2db3eb0ed867ab - - default default] Invoking get_snapshot_by_name using GET url: /api/v2/projects/default/snapshots/?Name=snapshot-234f649c-6932-435d-b3a6-60db9f1fbf34             request.body: {} ssl_verify: False
2026-09-28 10:02:26.015 77 WARNING py.warnings [None req-5eb23e44-720e-4228-b0bb-e2cbac219a32 95d1d5be3b7446af93e184f53821a623 9a187b1e884b49a08e2db3eb0ed867ab - - default default] /var/lib/kolla/venv/lib/python3.12/site-packages/urllib3/connectionpool.py:1110: InsecureRequestWarning: Unverified HTTPS request is being made to host '[LB_IP_ADDRESS]'. Adding certificate verification is strongly advised. See: https://urllib3.readthedocs.io/en/latest/advanced-usage.html#tls-warnings
  warnings.warn(
: NotImplementedError
2026-09-28 10:02:26.028 77 INFO cinder.volume.drivers.lightos [None req-5eb23e44-720e-4228-b0bb-e2cbac219a32 95d1d5be3b7446af93e184f53821a623 9a187b1e884b49a08e2db3eb0ed867ab - - default default] Invoking delete_snapshot using DELETE url: /api/v2/projects/default/snapshots/42d40855-68b1-4896-aec9-25b5c4898e03?             request.body:  ssl_verify: False
2026-09-28 10:02:26.087 77 WARNING py.warnings [None req-5eb23e44-720e-4228-b0bb-e2cbac219a32 95d1d5be3b7446af93e184f53821a623 9a187b1e884b49a08e2db3eb0ed867ab - - default default] /var/lib/kolla/venv/lib/python3.12/site-packages/urllib3/connectionpool.py:1110: InsecureRequestWarning: Unverified HTTPS request is being made to host '[LB_IP_ADDRESS]'. Adding certificate verification is strongly advised. See: https://urllib3.readthedocs.io/en/latest/advanced-usage.html#tls-warnings
  warnings.warn(
: NotImplementedError
2026-09-28 10:02:26.119 77 INFO cinder.volume.drivers.lightos [None req-5eb23e44-720e-4228-b0bb-e2cbac219a32 95d1d5be3b7446af93e184f53821a623 9a187b1e884b49a08e2db3eb0ed867ab - - default default] Invoking get_snapshot using GET url: /api/v2/projects/default/snapshots/42d40855-68b1-4896-aec9-25b5c4898e03             request.body: {} ssl_verify: False
2026-09-28 10:02:26.163 77 WARNING py.warnings [None req-5eb23e44-720e-4228-b0bb-e2cbac219a32 95d1d5be3b7446af93e184f53821a623 9a187b1e884b49a08e2db3eb0ed867ab - - default default] /var/lib/kolla/venv/lib/python3.12/site-packages/urllib3/connectionpool.py:1110: InsecureRequestWarning: Unverified HTTPS request is being made to host '[LB_IP_ADDRESS]'. Adding certificate verification is strongly advised. See: https://urllib3.readthedocs.io/en/latest/advanced-usage.html#tls-warnings
  warnings.warn(
: NotImplementedError
2026-09-28 10:02:26.239 77 WARNING cinder.quota [None req-5eb23e44-720e-4228-b0bb-e2cbac219a32 95d1d5be3b7446af93e184f53821a623 9a187b1e884b49a08e2db3eb0ed867ab - - default default] Deprecated: Default quota for resource: gigabytes_tempest-GroupSnapshotsTest-volume-type-465306425 is set by the default quota flag: quota_gigabytes_tempest-GroupSnapshotsTest-volume-type-465306425, it is now deprecated. Please use the default quota class for default quota.
2026-09-28 10:02:26.240 77 WARNING cinder.quota [None req-5eb23e44-720e-4228-b0bb-e2cbac219a32 95d1d5be3b7446af93e184f53821a623 9a187b1e884b49a08e2db3eb0ed867ab - - default default] Deprecated: Default quota for resource: snapshots_tempest-GroupSnapshotsTest-volume-type-465306425 is set by the default quota flag: quota_snapshots_tempest-GroupSnapshotsTest-volume-type-465306425, it is now deprecated. Please use the default quota class for default quota.
2026-09-28 10:02:26.284 77 INFO cinder.volume.manager [None req-5eb23e44-720e-4228-b0bb-e2cbac219a32 95d1d5be3b7446af93e184f53821a623 9a187b1e884b49a08e2db3eb0ed867ab - - default default] group_snapshot af2629fb-9e1a-4eb4-958e-f9e599051cb3: deleted successfully
2026-09-28 10:02:26.474 77 INFO cinder.volume.drivers.lightos [None req-0827e5e3-37f1-46d8-8928-ab34ad950fde 50c6935da34645679a9ad46c26c5208e 87ceb2f00fc944fa8723ebc30317f791 - - - -] Invoking get_snapshot_by_name using GET url: /api/v2/projects/default/snapshots/?Name=snapshot-3354c1fa-01df-4285-a3eb-aa0d0eb2d9e8             request.body: {} ssl_verify: False
2026-09-28 10:02:26.519 77 WARNING py.warnings [None req-0827e5e3-37f1-46d8-8928-ab34ad950fde 50c6935da34645679a9ad46c26c5208e 87ceb2f00fc944fa8723ebc30317f791 - - - -] /var/lib/kolla/venv/lib/python3.12/site-packages/urllib3/connectionpool.py:1110: InsecureRequestWarning: Unverified HTTPS request is being made to host '[LB_IP_ADDRESS]'. Adding certificate verification is strongly advised. See: https://urllib3.readthedocs.io/en/latest/advanced-usage.html#tls-warnings
  warnings.warn(

2026-09-28 10:02:26.552 77 INFO cinder.volume.manager [None req-0827e5e3-37f1-46d8-8928-ab34ad950fde 50c6935da34645679a9ad46c26c5208e 87ceb2f00fc944fa8723ebc30317f791 - - - -] Create snapshot completed successfully
2026-09-28 10:02:27.324 77 INFO cinder.volume.drivers.lightos [None req-aca6fcf1-ca13-438e-b0e8-312082eddf73 95d1d5be3b7446af93e184f53821a623 9a187b1e884b49a08e2db3eb0ed867ab - - default default] Invoking delete_volume using DELETE url: /api/v2/projects/default/volumes/c0c795e7-61d6-432a-8bdb-6cbbf573749e?             request.body:  ssl_verify: False
2026-09-28 10:02:27.359 77 WARNING py.warnings [None req-aca6fcf1-ca13-438e-b0e8-312082eddf73 95d1d5be3b7446af93e184f53821a623 9a187b1e884b49a08e2db3eb0ed867ab - - default default] /var/lib/kolla/venv/lib/python3.12/site-packages/urllib3/connectionpool.py:1110: InsecureRequestWarning: Unverified HTTPS request is being made to host '[LB_IP_ADDRESS]'. Adding certificate verification is strongly advised. See: https://urllib3.readthedocs.io/en/latest/advanced-usage.html#tls-warnings
  warnings.warn(
: NotImplementedError
2026-09-28 10:02:27.387 77 INFO cinder.volume.drivers.lightos [None req-aca6fcf1-ca13-438e-b0e8-312082eddf73 95d1d5be3b7446af93e184f53821a623 9a187b1e884b49a08e2db3eb0ed867ab - - default default] Invoking get_volume using GET url: /api/v2/projects/default/volumes/c0c795e7-61d6-432a-8bdb-6cbbf573749e             request.body: {} ssl_verify: False
2026-09-28 10:02:27.433 77 WARNING py.warnings [None req-aca6fcf1-ca13-438e-b0e8-312082eddf73 95d1d5be3b7446af93e184f53821a623 9a187b1e884b49a08e2db3eb0ed867ab - - default default] /var/lib/kolla/venv/lib/python3.12/site-packages/urllib3/connectionpool.py:1110: InsecureRequestWarning: Unverified HTTPS request is being made to host '[LB_IP_ADDRESS]'. Adding certificate verification is strongly advised. See: https://urllib3.readthedocs.io/en/latest/advanced-usage.html#tls-warnings
  warnings.warn(
: NotImplementedError
2026-09-28 10:02:27.535 77 WARNING cinder.quota [None req-aca6fcf1-ca13-438e-b0e8-312082eddf73 95d1d5be3b7446af93e184f53821a623 9a187b1e884b49a08e2db3eb0ed867ab - - default default] Deprecated: Default quota for resource: volumes_tempest-GroupSnapshotsTest-volume-type-465306425 is set by the default quota flag: quota_volumes_tempest-GroupSnapshotsTest-volume-type-465306425, it is now deprecated. Please use the default quota class for default quota.
2026-09-28 10:02:27.607 77 INFO cinder.volume.manager [None req-aca6fcf1-ca13-438e-b0e8-312082eddf73 95d1d5be3b7446af93e184f53821a623 9a187b1e884b49a08e2db3eb0ed867ab - - default default] Delete group completed successfully.
2026-09-28 10:02:27.824 77 INFO cinder.volume.drivers.lightos [None req-df284e9e-dabe-4f1f-8889-5d002626c8a9 50c6935da34645679a9ad46c26c5208e 87ceb2f00fc944fa8723ebc30317f791 - - - -] Invoking get_snapshot_by_name using GET url: /api/v2/projects/default/snapshots/?Name=snapshot-a42b40dd-e057-48bf-9369-592d31ac10aa             request.body: {} ssl_verify: False
2026-09-28 10:02:27.858 77 WARNING py.warnings [None req-df284e9e-dabe-4f1f-8889-5d002626c8a9 50c6935da34645679a9ad46c26c5208e 87ceb2f00fc944fa8723ebc30317f791 - - - -] /var/lib/kolla/venv/lib/python3.12/site-packages/urllib3/connectionpool.py:1110: InsecureRequestWarning: Unverified HTTPS request is being made to host '[LB_IP_ADDRESS]'. Adding certificate verification is strongly advised. See: https://urllib3.readthedocs.io/en/latest/advanced-usage.html#tls-warnings
  warnings.warn(

2026-09-28 10:02:27.870 77 INFO cinder.volume.drivers.lightos [None req-df284e9e-dabe-4f1f-8889-5d002626c8a9 50c6935da34645679a9ad46c26c5208e 87ceb2f00fc944fa8723ebc30317f791 - - - -] Invoking create_snapshot using POST url: /api/v2/projects/default/snapshots             request.body: {'name': 'snapshot-a42b40dd-e057-48bf-9369-592d31ac10aa', 'sourceVolumeUUID': None, 'sourceVolumeName': 'vol_0cb34251-8e5f-44ec-9a83-3f70899e3507'} ssl_verify: False
2026-09-28 10:02:27.914 77 WARNING py.warnings [None req-df284e9e-dabe-4f1f-8889-5d002626c8a9 50c6935da34645679a9ad46c26c5208e 87ceb2f00fc944fa8723ebc30317f791 - - - -] /var/lib/kolla/venv/lib/python3.12/site-packages/urllib3/connectionpool.py:1110: InsecureRequestWarning: Unverified HTTPS request is being made to host '[LB_IP_ADDRESS]'. Adding certificate verification is strongly advised. See: https://urllib3.readthedocs.io/en/latest/advanced-usage.html#tls-warnings
  warnings.warn(

2026-09-28 10:02:27.959 77 INFO cinder.volume.drivers.lightos [None req-df284e9e-dabe-4f1f-8889-5d002626c8a9 50c6935da34645679a9ad46c26c5208e 87ceb2f00fc944fa8723ebc30317f791 - - - -] Invoking get_snapshot_by_name using GET url: /api/v2/projects/default/snapshots/?Name=snapshot-a42b40dd-e057-48bf-9369-592d31ac10aa             request.body: {} ssl_verify: False
2026-09-28 10:02:28.031 77 WARNING py.warnings [None req-df284e9e-dabe-4f1f-8889-5d002626c8a9 50c6935da34645679a9ad46c26c5208e 87ceb2f00fc944fa8723ebc30317f791 - - - -] /var/lib/kolla/venv/lib/python3.12/site-packages/urllib3/connectionpool.py:1110: InsecureRequestWarning: Unverified HTTPS request is being made to host '[LB_IP_ADDRESS]'. Adding certificate verification is strongly advised. See: https://urllib3.readthedocs.io/en/latest/advanced-usage.html#tls-warnings
  warnings.warn(

2026-09-28 10:02:29.064 77 INFO cinder.volume.drivers.lightos [None req-df284e9e-dabe-4f1f-8889-5d002626c8a9 50c6935da34645679a9ad46c26c5208e 87ceb2f00fc944fa8723ebc30317f791 - - - -] Invoking get_snapshot_by_name using GET url: /api/v2/projects/default/snapshots/?Name=snapshot-a42b40dd-e057-48bf-9369-592d31ac10aa             request.body: {} ssl_verify: False
2026-09-28 10:02:29.110 77 WARNING py.warnings [None req-df284e9e-dabe-4f1f-8889-5d002626c8a9 50c6935da34645679a9ad46c26c5208e 87ceb2f00fc944fa8723ebc30317f791 - - - -] /var/lib/kolla/venv/lib/python3.12/site-packages/urllib3/connectionpool.py:1110: InsecureRequestWarning: Unverified HTTPS request is being made to host '[LB_IP_ADDRESS]'. Adding certificate verification is strongly advised. See: https://urllib3.readthedocs.io/en/latest/advanced-usage.html#tls-warnings
  warnings.warn(

2026-09-28 10:02:29.134 77 INFO cinder.volume.manager [None req-df284e9e-dabe-4f1f-8889-5d002626c8a9 50c6935da34645679a9ad46c26c5208e 87ceb2f00fc944fa8723ebc30317f791 - - - -] Create snapshot completed successfully
2026-09-28 10:02:29.996 77 INFO cinder.volume.drivers.lightos [None req-337295f8-7ea4-4bf2-ae01-5d3b4a2457f8 1bd7b89811814b00991f507915073aad 43df7ed8190d4809a66cbca37b0e08d8 - - default default] Invoking get_snapshot_by_name using GET url: /api/v2/projects/default/snapshots/?Name=snapshot-a42b40dd-e057-48bf-9369-592d31ac10aa             request.body: {} ssl_verify: False
2026-09-28 10:02:30.035 77 WARNING py.warnings [None req-337295f8-7ea4-4bf2-ae01-5d3b4a2457f8 1bd7b89811814b00991f507915073aad 43df7ed8190d4809a66cbca37b0e08d8 - - default default] /var/lib/kolla/venv/lib/python3.12/site-packages/urllib3/connectionpool.py:1110: InsecureRequestWarning: Unverified HTTPS request is being made to host '[LB_IP_ADDRESS]'. Adding certificate verification is strongly advised. See: https://urllib3.readthedocs.io/en/latest/advanced-usage.html#tls-warnings
  warnings.warn(

2026-09-28 10:02:30.047 77 INFO cinder.volume.drivers.lightos [None req-337295f8-7ea4-4bf2-ae01-5d3b4a2457f8 1bd7b89811814b00991f507915073aad 43df7ed8190d4809a66cbca37b0e08d8 - - default default] Invoking delete_snapshot using DELETE url: /api/v2/projects/default/snapshots/1a3327f9-64a7-4f15-bb72-acaa965a5fe9?             request.body:  ssl_verify: False
2026-09-28 10:02:30.095 77 WARNING py.warnings [None req-337295f8-7ea4-4bf2-ae01-5d3b4a2457f8 1bd7b89811814b00991f507915073aad 43df7ed8190d4809a66cbca37b0e08d8 - - default default] /var/lib/kolla/venv/lib/python3.12/site-packages/urllib3/connectionpool.py:1110: InsecureRequestWarning: Unverified HTTPS request is being made to host '[LB_IP_ADDRESS]'. Adding certificate verification is strongly advised. See: https://urllib3.readthedocs.io/en/latest/advanced-usage.html#tls-warnings
  warnings.warn(

2026-09-28 10:02:30.125 77 INFO cinder.volume.drivers.lightos [None req-337295f8-7ea4-4bf2-ae01-5d3b4a2457f8 1bd7b89811814b00991f507915073aad 43df7ed8190d4809a66cbca37b0e08d8 - - default default] Invoking get_snapshot using GET url: /api/v2/projects/default/snapshots/1a3327f9-64a7-4f15-bb72-acaa965a5fe9             request.body: {} ssl_verify: False
2026-09-28 10:02:30.166 77 WARNING py.warnings [None req-337295f8-7ea4-4bf2-ae01-5d3b4a2457f8 1bd7b89811814b00991f507915073aad 43df7ed8190d4809a66cbca37b0e08d8 - - default default] /var/lib/kolla/venv/lib/python3.12/site-packages/urllib3/connectionpool.py:1110: InsecureRequestWarning: Unverified HTTPS request is being made to host '[LB_IP_ADDRESS]'. Adding certificate verification is strongly advised. See: https://urllib3.readthedocs.io/en/latest/advanced-usage.html#tls-warnings
  warnings.warn(

2026-09-28 10:02:30.263 77 INFO cinder.volume.manager [None req-337295f8-7ea4-4bf2-ae01-5d3b4a2457f8 1bd7b89811814b00991f507915073aad 43df7ed8190d4809a66cbca37b0e08d8 - - default default] Delete snapshot completed successfully.
2026-09-28 10:02:31.333 77 INFO cinder.volume.drivers.lightos [None req-2c141699-ce39-4963-8a97-d23cb70c21b6 50c6935da34645679a9ad46c26c5208e 87ceb2f00fc944fa8723ebc30317f791 - - - -] Invoking get_snapshot_by_name using GET url: /api/v2/projects/default/snapshots/?Name=snapshot-478c77d3-2446-48b7-a325-78d4ffe07b19             request.body: {} ssl_verify: False
2026-09-28 10:02:31.368 77 WARNING py.warnings [None req-2c141699-ce39-4963-8a97-d23cb70c21b6 50c6935da34645679a9ad46c26c5208e 87ceb2f00fc944fa8723ebc30317f791 - - - -] /var/lib/kolla/venv/lib/python3.12/site-packages/urllib3/connectionpool.py:1110: InsecureRequestWarning: Unverified HTTPS request is being made to host '[LB_IP_ADDRESS]'. Adding certificate verification is strongly advised. See: https://urllib3.readthedocs.io/en/latest/advanced-usage.html#tls-warnings
  warnings.warn(

2026-09-28 10:02:31.377 77 INFO cinder.volume.drivers.lightos [None req-2c141699-ce39-4963-8a97-d23cb70c21b6 50c6935da34645679a9ad46c26c5208e 87ceb2f00fc944fa8723ebc30317f791 - - - -] Invoking create_snapshot using POST url: /api/v2/projects/default/snapshots             request.body: {'name': 'snapshot-478c77d3-2446-48b7-a325-78d4ffe07b19', 'sourceVolumeUUID': None, 'sourceVolumeName': 'vol_0cb34251-8e5f-44ec-9a83-3f70899e3507'} ssl_verify: False
2026-09-28 10:02:31.413 77 WARNING py.warnings [None req-2c141699-ce39-4963-8a97-d23cb70c21b6 50c6935da34645679a9ad46c26c5208e 87ceb2f00fc944fa8723ebc30317f791 - - - -] /var/lib/kolla/venv/lib/python3.12/site-packages/urllib3/connectionpool.py:1110: InsecureRequestWarning: Unverified HTTPS request is being made to host '[LB_IP_ADDRESS]'. Adding certificate verification is strongly advised. See: https://urllib3.readthedocs.io/en/latest/advanced-usage.html#tls-warnings
  warnings.warn(

2026-09-28 10:02:31.447 77 INFO cinder.volume.drivers.lightos [None req-2c141699-ce39-4963-8a97-d23cb70c21b6 50c6935da34645679a9ad46c26c5208e 87ceb2f00fc944fa8723ebc30317f791 - - - -] Invoking get_snapshot_by_name using GET url: /api/v2/projects/default/snapshots/?Name=snapshot-478c77d3-2446-48b7-a325-78d4ffe07b19             request.body: {} ssl_verify: False
2026-09-28 10:02:31.538 77 WARNING py.warnings [None req-2c141699-ce39-4963-8a97-d23cb70c21b6 50c6935da34645679a9ad46c26c5208e 87ceb2f00fc944fa8723ebc30317f791 - - - -] /var/lib/kolla/venv/lib/python3.12/site-packages/urllib3/connectionpool.py:1110: InsecureRequestWarning: Unverified HTTPS request is being made to host '[LB_IP_ADDRESS]'. Adding certificate verification is strongly advised. See: https://urllib3.readthedocs.io/en/latest/advanced-usage.html#tls-warnings
  warnings.warn(

2026-09-28 10:02:32.595 77 INFO cinder.volume.drivers.lightos [None req-2c141699-ce39-4963-8a97-d23cb70c21b6 50c6935da34645679a9ad46c26c5208e 87ceb2f00fc944fa8723ebc30317f791 - - - -] Invoking get_snapshot_by_name using GET url: /api/v2/projects/default/snapshots/?Name=snapshot-478c77d3-2446-48b7-a325-78d4ffe07b19             request.body: {} ssl_verify: False
2026-09-28 10:02:32.640 77 WARNING py.warnings [None req-2c141699-ce39-4963-8a97-d23cb70c21b6 50c6935da34645679a9ad46c26c5208e 87ceb2f00fc944fa8723ebc30317f791 - - - -] /var/lib/kolla/venv/lib/python3.12/site-packages/urllib3/connectionpool.py:1110: InsecureRequestWarning: Unverified HTTPS request is being made to host '[LB_IP_ADDRESS]'. Adding certificate verification is strongly advised. See: https://urllib3.readthedocs.io/en/latest/advanced-usage.html#tls-warnings
  warnings.warn(

2026-09-28 10:02:32.686 77 INFO cinder.volume.manager [None req-2c141699-ce39-4963-8a97-d23cb70c21b6 50c6935da34645679a9ad46c26c5208e 87ceb2f00fc944fa8723ebc30317f791 - - - -] Create snapshot completed successfully
2026-09-28 10:02:33.345 77 INFO cinder.volume.manager [None req-cd878867-939f-4435-9f61-c3eca8bb4a34 49c3c19f7a354816bd8f2e2e13f34fd2 8d1e2aadd91c4e4ba1035c255d00ce6e - - - -] Group tempest-GroupsV320Test-Group-1214366466: creating
2026-09-28 10:02:33.360 77 INFO cinder.volume.manager [None req-cd878867-939f-4435-9f61-c3eca8bb4a34 49c3c19f7a354816bd8f2e2e13f34fd2 8d1e2aadd91c4e4ba1035c255d00ce6e - - - -] Group tempest-GroupsV320Test-Group-1214366466: created successfully
2026-09-28 10:02:33.365 77 INFO cinder.volume.manager [None req-cd878867-939f-4435-9f61-c3eca8bb4a34 49c3c19f7a354816bd8f2e2e13f34fd2 8d1e2aadd91c4e4ba1035c255d00ce6e - - - -] Create group completed successfully.
2026-09-28 10:02:33.515 77 INFO cinder.volume.drivers.lightos [None req-65e495b9-4d20-4527-aeac-793dce65c5c0 1bd7b89811814b00991f507915073aad 43df7ed8190d4809a66cbca37b0e08d8 - - default default] Invoking get_snapshot_by_name using GET url: /api/v2/projects/default/snapshots/?Name=snapshot-478c77d3-2446-48b7-a325-78d4ffe07b19             request.body: {} ssl_verify: False
2026-09-28 10:02:33.558 77 WARNING py.warnings [None req-65e495b9-4d20-4527-aeac-793dce65c5c0 1bd7b89811814b00991f507915073aad 43df7ed8190d4809a66cbca37b0e08d8 - - default default] /var/lib/kolla/venv/lib/python3.12/site-packages/urllib3/connectionpool.py:1110: InsecureRequestWarning: Unverified HTTPS request is being made to host '[LB_IP_ADDRESS]'. Adding certificate verification is strongly advised. See: https://urllib3.readthedocs.io/en/latest/advanced-usage.html#tls-warnings
  warnings.warn(

2026-09-28 10:02:33.573 77 INFO cinder.volume.drivers.lightos [None req-65e495b9-4d20-4527-aeac-793dce65c5c0 1bd7b89811814b00991f507915073aad 43df7ed8190d4809a66cbca37b0e08d8 - - default default] Invoking delete_snapshot using DELETE url: /api/v2/projects/default/snapshots/23e7efa8-d645-4783-b9a8-bee40afab76f?             request.body:  ssl_verify: False
2026-09-28 10:02:33.618 77 WARNING py.warnings [None req-65e495b9-4d20-4527-aeac-793dce65c5c0 1bd7b89811814b00991f507915073aad 43df7ed8190d4809a66cbca37b0e08d8 - - default default] /var/lib/kolla/venv/lib/python3.12/site-packages/urllib3/connectionpool.py:1110: InsecureRequestWarning: Unverified HTTPS request is being made to host '[LB_IP_ADDRESS]'. Adding certificate verification is strongly advised. See: https://urllib3.readthedocs.io/en/latest/advanced-usage.html#tls-warnings
  warnings.warn(

2026-09-28 10:02:33.642 77 INFO cinder.volume.drivers.lightos [None req-65e495b9-4d20-4527-aeac-793dce65c5c0 1bd7b89811814b00991f507915073aad 43df7ed8190d4809a66cbca37b0e08d8 - - default default] Invoking get_snapshot using GET url: /api/v2/projects/default/snapshots/23e7efa8-d645-4783-b9a8-bee40afab76f             request.body: {} ssl_verify: False
2026-09-28 10:02:33.688 77 WARNING py.warnings [None req-65e495b9-4d20-4527-aeac-793dce65c5c0 1bd7b89811814b00991f507915073aad 43df7ed8190d4809a66cbca37b0e08d8 - - default default] /var/lib/kolla/venv/lib/python3.12/site-packages/urllib3/connectionpool.py:1110: InsecureRequestWarning: Unverified HTTPS request is being made to host '[LB_IP_ADDRESS]'. Adding certificate verification is strongly advised. See: https://urllib3.readthedocs.io/en/latest/advanced-usage.html#tls-warnings
  warnings.warn(

2026-09-28 10:02:33.815 77 INFO cinder.volume.manager [None req-65e495b9-4d20-4527-aeac-793dce65c5c0 1bd7b89811814b00991f507915073aad 43df7ed8190d4809a66cbca37b0e08d8 - - default default] Delete snapshot completed successfully.
2026-09-28 10:02:34.839 77 INFO cinder.volume.manager [None req-5c153dc7-59d9-4f98-a9b3-883557e5dbcc 49c3c19f7a354816bd8f2e2e13f34fd2 8d1e2aadd91c4e4ba1035c255d00ce6e - - default default] Delete group completed successfully.
2026-09-28 10:02:34.841 77 INFO cinder.volume.drivers.lightos [None req-fd8f6fb8-5f00-4dce-94b2-6309d2848bfb 50c6935da34645679a9ad46c26c5208e 87ceb2f00fc944fa8723ebc30317f791 - - - -] Invoking get_snapshot_by_name using GET url: /api/v2/projects/default/snapshots/?Name=snapshot-0d160d52-6f93-40b7-8e0b-f9ab3895840b             request.body: {} ssl_verify: False
2026-09-28 10:02:34.877 77 WARNING py.warnings [None req-fd8f6fb8-5f00-4dce-94b2-6309d2848bfb 50c6935da34645679a9ad46c26c5208e 87ceb2f00fc944fa8723ebc30317f791 - - - -] /var/lib/kolla/venv/lib/python3.12/site-packages/urllib3/connectionpool.py:1110: InsecureRequestWarning: Unverified HTTPS request is being made to host '[LB_IP_ADDRESS]'. Adding certificate verification is strongly advised. See: https://urllib3.readthedocs.io/en/latest/advanced-usage.html#tls-warnings
  warnings.warn(

2026-09-28 10:02:34.890 77 INFO cinder.volume.drivers.lightos [None req-fd8f6fb8-5f00-4dce-94b2-6309d2848bfb 50c6935da34645679a9ad46c26c5208e 87ceb2f00fc944fa8723ebc30317f791 - - - -] Invoking create_snapshot using POST url: /api/v2/projects/default/snapshots             request.body: {'name': 'snapshot-0d160d52-6f93-40b7-8e0b-f9ab3895840b', 'sourceVolumeUUID': None, 'sourceVolumeName': 'vol_0cb34251-8e5f-44ec-9a83-3f70899e3507'} ssl_verify: False
2026-09-28 10:02:34.933 77 WARNING py.warnings [None req-fd8f6fb8-5f00-4dce-94b2-6309d2848bfb 50c6935da34645679a9ad46c26c5208e 87ceb2f00fc944fa8723ebc30317f791 - - - -] /var/lib/kolla/venv/lib/python3.12/site-packages/urllib3/connectionpool.py:1110: InsecureRequestWarning: Unverified HTTPS request is being made to host '[LB_IP_ADDRESS]'. Adding certificate verification is strongly advised. See: https://urllib3.readthedocs.io/en/latest/advanced-usage.html#tls-warnings
  warnings.warn(

2026-09-28 10:02:34.964 77 INFO cinder.volume.drivers.lightos [None req-fd8f6fb8-5f00-4dce-94b2-6309d2848bfb 50c6935da34645679a9ad46c26c5208e 87ceb2f00fc944fa8723ebc30317f791 - - - -] Invoking get_snapshot_by_name using GET url: /api/v2/projects/default/snapshots/?Name=snapshot-0d160d52-6f93-40b7-8e0b-f9ab3895840b             request.body: {} ssl_verify: False
2026-09-28 10:02:35.009 77 WARNING py.warnings [None req-fd8f6fb8-5f00-4dce-94b2-6309d2848bfb 50c6935da34645679a9ad46c26c5208e 87ceb2f00fc944fa8723ebc30317f791 - - - -] /var/lib/kolla/venv/lib/python3.12/site-packages/urllib3/connectionpool.py:1110: InsecureRequestWarning: Unverified HTTPS request is being made to host '[LB_IP_ADDRESS]'. Adding certificate verification is strongly advised. See: https://urllib3.readthedocs.io/en/latest/advanced-usage.html#tls-warnings
  warnings.warn(

2026-09-28 10:02:36.116 77 INFO cinder.volume.drivers.lightos [None req-fd8f6fb8-5f00-4dce-94b2-6309d2848bfb 50c6935da34645679a9ad46c26c5208e 87ceb2f00fc944fa8723ebc30317f791 - - - -] Invoking get_snapshot_by_name using GET url: /api/v2/projects/default/snapshots/?Name=snapshot-0d160d52-6f93-40b7-8e0b-f9ab3895840b             request.body: {} ssl_verify: False
2026-09-28 10:02:36.166 77 WARNING py.warnings [None req-fd8f6fb8-5f00-4dce-94b2-6309d2848bfb 50c6935da34645679a9ad46c26c5208e 87ceb2f00fc944fa8723ebc30317f791 - - - -] /var/lib/kolla/venv/lib/python3.12/site-packages/urllib3/connectionpool.py:1110: InsecureRequestWarning: Unverified HTTPS request is being made to host '[LB_IP_ADDRESS]'. Adding certificate verification is strongly advised. See: https://urllib3.readthedocs.io/en/latest/advanced-usage.html#tls-warnings
  warnings.warn(

2026-09-28 10:02:36.198 77 INFO cinder.volume.manager [None req-fd8f6fb8-5f00-4dce-94b2-6309d2848bfb 50c6935da34645679a9ad46c26c5208e 87ceb2f00fc944fa8723ebc30317f791 - - - -] Create snapshot completed successfully
2026-09-28 10:02:37.015 77 INFO cinder.volume.drivers.lightos [None req-083fcff9-bf9c-453b-9f23-12d70873de1b 1bd7b89811814b00991f507915073aad 43df7ed8190d4809a66cbca37b0e08d8 - - default default] Invoking get_snapshot_by_name using GET url: /api/v2/projects/default/snapshots/?Name=snapshot-0d160d52-6f93-40b7-8e0b-f9ab3895840b             request.body: {} ssl_verify: False
2026-09-28 10:02:37.056 77 WARNING py.warnings [None req-083fcff9-bf9c-453b-9f23-12d70873de1b 1bd7b89811814b00991f507915073aad 43df7ed8190d4809a66cbca37b0e08d8 - - default default] /var/lib/kolla/venv/lib/python3.12/site-packages/urllib3/connectionpool.py:1110: InsecureRequestWarning: Unverified HTTPS request is being made to host '[LB_IP_ADDRESS]'. Adding certificate verification is strongly advised. See: https://urllib3.readthedocs.io/en/latest/advanced-usage.html#tls-warnings
  warnings.warn(

2026-09-28 10:02:37.070 77 INFO cinder.volume.drivers.lightos [None req-083fcff9-bf9c-453b-9f23-12d70873de1b 1bd7b89811814b00991f507915073aad 43df7ed8190d4809a66cbca37b0e08d8 - - default default] Invoking delete_snapshot using DELETE url: /api/v2/projects/default/snapshots/f359f7b1-9c38-4681-ba92-c1433f8831ce?             request.body:  ssl_verify: False
2026-09-28 10:02:37.121 77 WARNING py.warnings [None req-083fcff9-bf9c-453b-9f23-12d70873de1b 1bd7b89811814b00991f507915073aad 43df7ed8190d4809a66cbca37b0e08d8 - - default default] /var/lib/kolla/venv/lib/python3.12/site-packages/urllib3/connectionpool.py:1110: InsecureRequestWarning: Unverified HTTPS request is being made to host '[LB_IP_ADDRESS]'. Adding certificate verification is strongly advised. See: https://urllib3.readthedocs.io/en/latest/advanced-usage.html#tls-warnings
  warnings.warn(

2026-09-28 10:02:37.144 77 INFO cinder.volume.drivers.lightos [None req-083fcff9-bf9c-453b-9f23-12d70873de1b 1bd7b89811814b00991f507915073aad 43df7ed8190d4809a66cbca37b0e08d8 - - default default] Invoking get_snapshot using GET url: /api/v2/projects/default/snapshots/f359f7b1-9c38-4681-ba92-c1433f8831ce             request.body: {} ssl_verify: False
2026-09-28 10:02:37.188 77 WARNING py.warnings [None req-083fcff9-bf9c-453b-9f23-12d70873de1b 1bd7b89811814b00991f507915073aad 43df7ed8190d4809a66cbca37b0e08d8 - - default default] /var/lib/kolla/venv/lib/python3.12/site-packages/urllib3/connectionpool.py:1110: InsecureRequestWarning: Unverified HTTPS request is being made to host '[LB_IP_ADDRESS]'. Adding certificate verification is strongly advised. See: https://urllib3.readthedocs.io/en/latest/advanced-usage.html#tls-warnings
  warnings.warn(

2026-09-28 10:02:37.310 77 INFO cinder.volume.manager [None req-083fcff9-bf9c-453b-9f23-12d70873de1b 1bd7b89811814b00991f507915073aad 43df7ed8190d4809a66cbca37b0e08d8 - - default default] Delete snapshot completed successfully.
2026-09-28 10:02:38.322 77 INFO cinder.volume.drivers.lightos [None req-b3a9680a-ff9f-4d8a-bbe1-a8040befdcf3 50c6935da34645679a9ad46c26c5208e 87ceb2f00fc944fa8723ebc30317f791 - - - -] Invoking get_snapshot_by_name using GET url: /api/v2/projects/default/snapshots/?Name=snapshot-2dc24d11-3661-4c59-8c2e-7079eb16afb4             request.body: {} ssl_verify: False
2026-09-28 10:02:38.357 77 WARNING py.warnings [None req-b3a9680a-ff9f-4d8a-bbe1-a8040befdcf3 50c6935da34645679a9ad46c26c5208e 87ceb2f00fc944fa8723ebc30317f791 - - - -] /var/lib/kolla/venv/lib/python3.12/site-packages/urllib3/connectionpool.py:1110: InsecureRequestWarning: Unverified HTTPS request is being made to host '[LB_IP_ADDRESS]'. Adding certificate verification is strongly advised. See: https://urllib3.readthedocs.io/en/latest/advanced-usage.html#tls-warnings
  warnings.warn(

2026-09-28 10:02:38.378 77 INFO cinder.volume.drivers.lightos [None req-b3a9680a-ff9f-4d8a-bbe1-a8040befdcf3 50c6935da34645679a9ad46c26c5208e 87ceb2f00fc944fa8723ebc30317f791 - - - -] Invoking create_snapshot using POST url: /api/v2/projects/default/snapshots             request.body: {'name': 'snapshot-2dc24d11-3661-4c59-8c2e-7079eb16afb4', 'sourceVolumeUUID': None, 'sourceVolumeName': 'vol_0cb34251-8e5f-44ec-9a83-3f70899e3507'} ssl_verify: False
2026-09-28 10:02:38.422 77 WARNING py.warnings [None req-b3a9680a-ff9f-4d8a-bbe1-a8040befdcf3 50c6935da34645679a9ad46c26c5208e 87ceb2f00fc944fa8723ebc30317f791 - - - -] /var/lib/kolla/venv/lib/python3.12/site-packages/urllib3/connectionpool.py:1110: InsecureRequestWarning: Unverified HTTPS request is being made to host '[LB_IP_ADDRESS]'. Adding certificate verification is strongly advised. See: https://urllib3.readthedocs.io/en/latest/advanced-usage.html#tls-warnings
  warnings.warn(

2026-09-28 10:02:38.456 77 INFO cinder.volume.drivers.lightos [None req-b3a9680a-ff9f-4d8a-bbe1-a8040befdcf3 50c6935da34645679a9ad46c26c5208e 87ceb2f00fc944fa8723ebc30317f791 - - - -] Invoking get_snapshot_by_name using GET url: /api/v2/projects/default/snapshots/?Name=snapshot-2dc24d11-3661-4c59-8c2e-7079eb16afb4             request.body: {} ssl_verify: False
2026-09-28 10:02:38.531 77 WARNING py.warnings [None req-b3a9680a-ff9f-4d8a-bbe1-a8040befdcf3 50c6935da34645679a9ad46c26c5208e 87ceb2f00fc944fa8723ebc30317f791 - - - -] /var/lib/kolla/venv/lib/python3.12/site-packages/urllib3/connectionpool.py:1110: InsecureRequestWarning: Unverified HTTPS request is being made to host '[LB_IP_ADDRESS]'. Adding certificate verification is strongly advised. See: https://urllib3.readthedocs.io/en/latest/advanced-usage.html#tls-warnings
  warnings.warn(

2026-09-28 10:02:39.564 77 INFO cinder.volume.drivers.lightos [None req-b3a9680a-ff9f-4d8a-bbe1-a8040befdcf3 50c6935da34645679a9ad46c26c5208e 87ceb2f00fc944fa8723ebc30317f791 - - - -] Invoking get_snapshot_by_name using GET url: /api/v2/projects/default/snapshots/?Name=snapshot-2dc24d11-3661-4c59-8c2e-7079eb16afb4             request.body: {} ssl_verify: False
2026-09-28 10:02:39.612 77 WARNING py.warnings [None req-b3a9680a-ff9f-4d8a-bbe1-a8040befdcf3 50c6935da34645679a9ad46c26c5208e 87ceb2f00fc944fa8723ebc30317f791 - - - -] /var/lib/kolla/venv/lib/python3.12/site-packages/urllib3/connectionpool.py:1110: InsecureRequestWarning: Unverified HTTPS request is being made to host '[LB_IP_ADDRESS]'. Adding certificate verification is strongly advised. See: https://urllib3.readthedocs.io/en/latest/advanced-usage.html#tls-warnings
  warnings.warn(

2026-09-28 10:02:39.660 77 INFO cinder.volume.manager [None req-b3a9680a-ff9f-4d8a-bbe1-a8040befdcf3 50c6935da34645679a9ad46c26c5208e 87ceb2f00fc944fa8723ebc30317f791 - - - -] Create snapshot completed successfully
2026-09-28 10:02:40.505 77 INFO cinder.volume.drivers.lightos [None req-2494f089-67ba-4f29-bdff-1638ec526be9 1bd7b89811814b00991f507915073aad 43df7ed8190d4809a66cbca37b0e08d8 - - default default] Invoking get_snapshot_by_name using GET url: /api/v2/projects/default/snapshots/?Name=snapshot-2dc24d11-3661-4c59-8c2e-7079eb16afb4             request.body: {} ssl_verify: False
2026-09-28 10:02:40.551 77 WARNING py.warnings [None req-2494f089-67ba-4f29-bdff-1638ec526be9 1bd7b89811814b00991f507915073aad 43df7ed8190d4809a66cbca37b0e08d8 - - default default] /var/lib/kolla/venv/lib/python3.12/site-packages/urllib3/connectionpool.py:1110: InsecureRequestWarning: Unverified HTTPS request is being made to host '[LB_IP_ADDRESS]'. Adding certificate verification is strongly advised. See: https://urllib3.readthedocs.io/en/latest/advanced-usage.html#tls-warnings
  warnings.warn(

2026-09-28 10:02:40.564 77 INFO cinder.volume.drivers.lightos [None req-2494f089-67ba-4f29-bdff-1638ec526be9 1bd7b89811814b00991f507915073aad 43df7ed8190d4809a66cbca37b0e08d8 - - default default] Invoking delete_snapshot using DELETE url: /api/v2/projects/default/snapshots/ce87a998-e9d6-4a2c-b1a3-138a6ce94155?             request.body:  ssl_verify: False
2026-09-28 10:02:40.608 77 WARNING py.warnings [None req-2494f089-67ba-4f29-bdff-1638ec526be9 1bd7b89811814b00991f507915073aad 43df7ed8190d4809a66cbca37b0e08d8 - - default default] /var/lib/kolla/venv/lib/python3.12/site-packages/urllib3/connectionpool.py:1110: InsecureRequestWarning: Unverified HTTPS request is being made to host '[LB_IP_ADDRESS]'. Adding certificate verification is strongly advised. See: https://urllib3.readthedocs.io/en/latest/advanced-usage.html#tls-warnings
  warnings.warn(

2026-09-28 10:02:40.658 77 INFO cinder.volume.drivers.lightos [None req-2494f089-67ba-4f29-bdff-1638ec526be9 1bd7b89811814b00991f507915073aad 43df7ed8190d4809a66cbca37b0e08d8 - - default default] Invoking get_snapshot using GET url: /api/v2/projects/default/snapshots/ce87a998-e9d6-4a2c-b1a3-138a6ce94155             request.body: {} ssl_verify: False
2026-09-28 10:02:40.705 77 WARNING py.warnings [None req-2494f089-67ba-4f29-bdff-1638ec526be9 1bd7b89811814b00991f507915073aad 43df7ed8190d4809a66cbca37b0e08d8 - - default default] /var/lib/kolla/venv/lib/python3.12/site-packages/urllib3/connectionpool.py:1110: InsecureRequestWarning: Unverified HTTPS request is being made to host '[LB_IP_ADDRESS]'. Adding certificate verification is strongly advised. See: https://urllib3.readthedocs.io/en/latest/advanced-usage.html#tls-warnings
  warnings.warn(

2026-09-28 10:02:40.829 77 INFO cinder.volume.manager [None req-2494f089-67ba-4f29-bdff-1638ec526be9 1bd7b89811814b00991f507915073aad 43df7ed8190d4809a66cbca37b0e08d8 - - default default] Delete snapshot completed successfully.
2026-09-28 10:02:41.915 77 INFO cinder.volume.drivers.lightos [None req-ac8bd7f7-81f5-409d-9b55-e132238fdda4 50c6935da34645679a9ad46c26c5208e 87ceb2f00fc944fa8723ebc30317f791 - - default default] Invoking get_snapshot_by_name using GET url: /api/v2/projects/default/snapshots/?Name=snapshot-3354c1fa-01df-4285-a3eb-aa0d0eb2d9e8             request.body: {} ssl_verify: False
2026-09-28 10:02:41.959 77 WARNING py.warnings [None req-ac8bd7f7-81f5-409d-9b55-e132238fdda4 50c6935da34645679a9ad46c26c5208e 87ceb2f00fc944fa8723ebc30317f791 - - default default] /var/lib/kolla/venv/lib/python3.12/site-packages/urllib3/connectionpool.py:1110: InsecureRequestWarning: Unverified HTTPS request is being made to host '[LB_IP_ADDRESS]'. Adding certificate verification is strongly advised. See: https://urllib3.readthedocs.io/en/latest/advanced-usage.html#tls-warnings
  warnings.warn(

2026-09-28 10:02:41.974 77 INFO cinder.volume.drivers.lightos [None req-ac8bd7f7-81f5-409d-9b55-e132238fdda4 50c6935da34645679a9ad46c26c5208e 87ceb2f00fc944fa8723ebc30317f791 - - default default] Invoking delete_snapshot using DELETE url: /api/v2/projects/default/snapshots/43ed186f-cc8b-4d7b-915b-7067817cdde1?             request.body:  ssl_verify: False
2026-09-28 10:02:42.017 77 WARNING py.warnings [None req-ac8bd7f7-81f5-409d-9b55-e132238fdda4 50c6935da34645679a9ad46c26c5208e 87ceb2f00fc944fa8723ebc30317f791 - - default default] /var/lib/kolla/venv/lib/python3.12/site-packages/urllib3/connectionpool.py:1110: InsecureRequestWarning: Unverified HTTPS request is being made to host '[LB_IP_ADDRESS]'. Adding certificate verification is strongly advised. See: https://urllib3.readthedocs.io/en/latest/advanced-usage.html#tls-warnings
  warnings.warn(

2026-09-28 10:02:42.094 77 INFO cinder.volume.drivers.lightos [None req-ac8bd7f7-81f5-409d-9b55-e132238fdda4 50c6935da34645679a9ad46c26c5208e 87ceb2f00fc944fa8723ebc30317f791 - - default default] Invoking get_snapshot using GET url: /api/v2/projects/default/snapshots/43ed186f-cc8b-4d7b-915b-7067817cdde1             request.body: {} ssl_verify: False
2026-09-28 10:02:42.138 77 WARNING py.warnings [None req-ac8bd7f7-81f5-409d-9b55-e132238fdda4 50c6935da34645679a9ad46c26c5208e 87ceb2f00fc944fa8723ebc30317f791 - - default default] /var/lib/kolla/venv/lib/python3.12/site-packages/urllib3/connectionpool.py:1110: InsecureRequestWarning: Unverified HTTPS request is being made to host '[LB_IP_ADDRESS]'. Adding certificate verification is strongly advised. See: https://urllib3.readthedocs.io/en/latest/advanced-usage.html#tls-warnings
  warnings.warn(

2026-09-28 10:02:42.249 77 INFO cinder.volume.manager [None req-ac8bd7f7-81f5-409d-9b55-e132238fdda4 50c6935da34645679a9ad46c26c5208e 87ceb2f00fc944fa8723ebc30317f791 - - default default] Delete snapshot completed successfully.
2026-09-28 10:02:43.084 77 INFO cinder.volume.drivers.lightos [None req-d5413110-3420-4f85-9b6a-8c3747be96aa 50c6935da34645679a9ad46c26c5208e 87ceb2f00fc944fa8723ebc30317f791 - - default default] Invoking delete_volume using DELETE url: /api/v2/projects/default/volumes/e41edc08-f175-4069-a270-3c260ea7b8d0?             request.body:  ssl_verify: False
2026-09-28 10:02:43.119 77 WARNING py.warnings [None req-d5413110-3420-4f85-9b6a-8c3747be96aa 50c6935da34645679a9ad46c26c5208e 87ceb2f00fc944fa8723ebc30317f791 - - default default] /var/lib/kolla/venv/lib/python3.12/site-packages/urllib3/connectionpool.py:1110: InsecureRequestWarning: Unverified HTTPS request is being made to host '[LB_IP_ADDRESS]'. Adding certificate verification is strongly advised. See: https://urllib3.readthedocs.io/en/latest/advanced-usage.html#tls-warnings
  warnings.warn(

2026-09-28 10:02:43.149 77 INFO cinder.volume.drivers.lightos [None req-d5413110-3420-4f85-9b6a-8c3747be96aa 50c6935da34645679a9ad46c26c5208e 87ceb2f00fc944fa8723ebc30317f791 - - default default] Invoking get_volume using GET url: /api/v2/projects/default/volumes/e41edc08-f175-4069-a270-3c260ea7b8d0             request.body: {} ssl_verify: False
2026-09-28 10:02:43.192 77 WARNING py.warnings [None req-d5413110-3420-4f85-9b6a-8c3747be96aa 50c6935da34645679a9ad46c26c5208e 87ceb2f00fc944fa8723ebc30317f791 - - default default] /var/lib/kolla/venv/lib/python3.12/site-packages/urllib3/connectionpool.py:1110: InsecureRequestWarning: Unverified HTTPS request is being made to host '[LB_IP_ADDRESS]'. Adding certificate verification is strongly advised. See: https://urllib3.readthedocs.io/en/latest/advanced-usage.html#tls-warnings
  warnings.warn(

2026-09-28 10:02:43.310 77 INFO cinder.volume.manager [None req-d5413110-3420-4f85-9b6a-8c3747be96aa 50c6935da34645679a9ad46c26c5208e 87ceb2f00fc944fa8723ebc30317f791 - - default default] Deleted volume successfully.
2026-09-28 10:02:44.432 77 INFO cinder.volume.flows.manager.create_volume [None req-a38f00aa-ee0a-4570-9258-1209ffaf7763 fd1c9bd4518143d68b463418a3922c8a 5e70aaba0ce34798a49f62e8eb0eb6f3 - - - -] Volume 74ddde31-48bf-41f4-8a2b-4d8d171bd8f2: being created as raw with specification: {'status': 'creating', 'volume_name': 'vol_74ddde31-48bf-41f4-8a2b-4d8d171bd8f2', 'volume_size': 1}
2026-09-28 10:02:44.432 77 INFO cinder.volume.drivers.lightos [None req-a38f00aa-ee0a-4570-9258-1209ffaf7763 fd1c9bd4518143d68b463418a3922c8a 5e70aaba0ce34798a49f62e8eb0eb6f3 - - - -] Invoking get_volume_by_name using GET url: /api/v2/projects/default/volumes/?name=vol_74ddde31-48bf-41f4-8a2b-4d8d171bd8f2             request.body: {} ssl_verify: False
2026-09-28 10:02:44.467 77 WARNING py.warnings [None req-a38f00aa-ee0a-4570-9258-1209ffaf7763 fd1c9bd4518143d68b463418a3922c8a 5e70aaba0ce34798a49f62e8eb0eb6f3 - - - -] /var/lib/kolla/venv/lib/python3.12/site-packages/urllib3/connectionpool.py:1110: InsecureRequestWarning: Unverified HTTPS request is being made to host '[LB_IP_ADDRESS]'. Adding certificate verification is strongly advised. See: https://urllib3.readthedocs.io/en/latest/advanced-usage.html#tls-warnings
  warnings.warn(

2026-09-28 10:02:44.478 77 INFO cinder.volume.drivers.lightos [None req-a38f00aa-ee0a-4570-9258-1209ffaf7763 fd1c9bd4518143d68b463418a3922c8a 5e70aaba0ce34798a49f62e8eb0eb6f3 - - - -] Invoking create_volume using POST url: /api/v2/projects/default/volumes             request.body: {'name': 'vol_74ddde31-48bf-41f4-8a2b-4d8d171bd8f2', 'size': '1 gib', 'replicaCount': '3', 'compression': 'False', 'acl': {'values': ['ALLOW_NONE']}, 'IPAcl': {'values': ['ALLOW_NONE']}, 'sourceSnapshotUUID': None, 'sourceSnapshotName': None} ssl_verify: False
2026-09-28 10:02:44.521 77 WARNING py.warnings [None req-a38f00aa-ee0a-4570-9258-1209ffaf7763 fd1c9bd4518143d68b463418a3922c8a 5e70aaba0ce34798a49f62e8eb0eb6f3 - - - -] /var/lib/kolla/venv/lib/python3.12/site-packages/urllib3/connectionpool.py:1110: InsecureRequestWarning: Unverified HTTPS request is being made to host '[LB_IP_ADDRESS]'. Adding certificate verification is strongly advised. See: https://urllib3.readthedocs.io/en/latest/advanced-usage.html#tls-warnings
  warnings.warn(

2026-09-28 10:02:44.590 77 INFO cinder.volume.drivers.lightos [None req-a38f00aa-ee0a-4570-9258-1209ffaf7763 fd1c9bd4518143d68b463418a3922c8a 5e70aaba0ce34798a49f62e8eb0eb6f3 - - - -] Invoking get_volume using GET url: /api/v2/projects/default/volumes/1938198d-85bb-48f9-8db2-734d9231db3b             request.body: {} ssl_verify: False
2026-09-28 10:02:44.633 77 WARNING py.warnings [None req-a38f00aa-ee0a-4570-9258-1209ffaf7763 fd1c9bd4518143d68b463418a3922c8a 5e70aaba0ce34798a49f62e8eb0eb6f3 - - - -] /var/lib/kolla/venv/lib/python3.12/site-packages/urllib3/connectionpool.py:1110: InsecureRequestWarning: Unverified HTTPS request is being made to host '[LB_IP_ADDRESS]'. Adding certificate verification is strongly advised. See: https://urllib3.readthedocs.io/en/latest/advanced-usage.html#tls-warnings
  warnings.warn(

2026-09-28 10:02:45.648 77 INFO cinder.volume.drivers.lightos [None req-a38f00aa-ee0a-4570-9258-1209ffaf7763 fd1c9bd4518143d68b463418a3922c8a 5e70aaba0ce34798a49f62e8eb0eb6f3 - - - -] Invoking get_volume using GET url: /api/v2/projects/default/volumes/1938198d-85bb-48f9-8db2-734d9231db3b             request.body: {} ssl_verify: False
2026-09-28 10:02:45.695 77 WARNING py.warnings [None req-a38f00aa-ee0a-4570-9258-1209ffaf7763 fd1c9bd4518143d68b463418a3922c8a 5e70aaba0ce34798a49f62e8eb0eb6f3 - - - -] /var/lib/kolla/venv/lib/python3.12/site-packages/urllib3/connectionpool.py:1110: InsecureRequestWarning: Unverified HTTPS request is being made to host '[LB_IP_ADDRESS]'. Adding certificate verification is strongly advised. See: https://urllib3.readthedocs.io/en/latest/advanced-usage.html#tls-warnings
  warnings.warn(

2026-09-28 10:02:45.736 77 INFO cinder.volume.flows.manager.create_volume [None req-a38f00aa-ee0a-4570-9258-1209ffaf7763 fd1c9bd4518143d68b463418a3922c8a 5e70aaba0ce34798a49f62e8eb0eb6f3 - - - -] Volume vol_74ddde31-48bf-41f4-8a2b-4d8d171bd8f2 (74ddde31-48bf-41f4-8a2b-4d8d171bd8f2): created successfully
2026-09-28 10:02:45.746 77 INFO cinder.volume.manager [None req-a38f00aa-ee0a-4570-9258-1209ffaf7763 fd1c9bd4518143d68b463418a3922c8a 5e70aaba0ce34798a49f62e8eb0eb6f3 - - - -] Created volume successfully.
2026-09-28 10:02:46.854 77 INFO cinder.volume.manager [None req-4492c673-2004-4c22-8e09-f6422b78912d fd1c9bd4518143d68b463418a3922c8a 5e70aaba0ce34798a49f62e8eb0eb6f3 - - - -] Retype volume completed successfully.
2026-09-28 10:02:48.063 77 INFO cinder.volume.drivers.lightos [None req-731860e8-9dc2-4299-9de0-f714c8843fe8 fd1c9bd4518143d68b463418a3922c8a 5e70aaba0ce34798a49f62e8eb0eb6f3 - - default default] Invoking delete_volume using DELETE url: /api/v2/projects/default/volumes/1938198d-85bb-48f9-8db2-734d9231db3b?             request.body:  ssl_verify: False
2026-09-28 10:02:48.102 77 WARNING py.warnings [None req-731860e8-9dc2-4299-9de0-f714c8843fe8 fd1c9bd4518143d68b463418a3922c8a 5e70aaba0ce34798a49f62e8eb0eb6f3 - - default default] /var/lib/kolla/venv/lib/python3.12/site-packages/urllib3/connectionpool.py:1110: InsecureRequestWarning: Unverified HTTPS request is being made to host '[LB_IP_ADDRESS]'. Adding certificate verification is strongly advised. See: https://urllib3.readthedocs.io/en/latest/advanced-usage.html#tls-warnings
  warnings.warn(

2026-09-28 10:02:48.129 77 INFO cinder.volume.drivers.lightos [None req-731860e8-9dc2-4299-9de0-f714c8843fe8 fd1c9bd4518143d68b463418a3922c8a 5e70aaba0ce34798a49f62e8eb0eb6f3 - - default default] Invoking get_volume using GET url: /api/v2/projects/default/volumes/1938198d-85bb-48f9-8db2-734d9231db3b             request.body: {} ssl_verify: False
2026-09-28 10:02:48.176 77 WARNING py.warnings [None req-731860e8-9dc2-4299-9de0-f714c8843fe8 fd1c9bd4518143d68b463418a3922c8a 5e70aaba0ce34798a49f62e8eb0eb6f3 - - default default] /var/lib/kolla/venv/lib/python3.12/site-packages/urllib3/connectionpool.py:1110: InsecureRequestWarning: Unverified HTTPS request is being made to host '[LB_IP_ADDRESS]'. Adding certificate verification is strongly advised. See: https://urllib3.readthedocs.io/en/latest/advanced-usage.html#tls-warnings
  warnings.warn(

2026-09-28 10:02:48.258 77 WARNING cinder.quota [None req-731860e8-9dc2-4299-9de0-f714c8843fe8 fd1c9bd4518143d68b463418a3922c8a 5e70aaba0ce34798a49f62e8eb0eb6f3 - - default default] Deprecated: Default quota for resource: volumes_volume-type-2 is set by the default quota flag: quota_volumes_volume-type-2, it is now deprecated. Please use the default quota class for default quota.
2026-09-28 10:02:48.259 77 WARNING cinder.quota [None req-731860e8-9dc2-4299-9de0-f714c8843fe8 fd1c9bd4518143d68b463418a3922c8a 5e70aaba0ce34798a49f62e8eb0eb6f3 - - default default] Deprecated: Default quota for resource: gigabytes_volume-type-2 is set by the default quota flag: quota_gigabytes_volume-type-2, it is now deprecated. Please use the default quota class for default quota.
2026-09-28 10:02:48.309 77 INFO cinder.volume.manager [None req-731860e8-9dc2-4299-9de0-f714c8843fe8 fd1c9bd4518143d68b463418a3922c8a 5e70aaba0ce34798a49f62e8eb0eb6f3 - - default default] Deleted volume successfully.
2026-09-28 10:02:49.284 77 INFO cinder.volume.flows.manager.create_volume [None req-eae57c94-5451-4f5a-b5d1-1d77ba4dc98e 21c0db00bddb4ed3ba68b43d3dd72b7c 45c585e072ca4c7eaa068e94aa9ec1c6 - - - -] Volume 8d840fda-f637-4de6-b769-c5e18c762700: being created as raw with specification: {'status': 'creating', 'volume_name': 'vol_8d840fda-f637-4de6-b769-c5e18c762700', 'volume_size': 1}
2026-09-28 10:02:49.284 77 INFO cinder.volume.drivers.lightos [None req-eae57c94-5451-4f5a-b5d1-1d77ba4dc98e 21c0db00bddb4ed3ba68b43d3dd72b7c 45c585e072ca4c7eaa068e94aa9ec1c6 - - - -] Invoking get_volume_by_name using GET url: /api/v2/projects/default/volumes/?name=vol_8d840fda-f637-4de6-b769-c5e18c762700             request.body: {} ssl_verify: False
2026-09-28 10:02:49.319 77 WARNING py.warnings [None req-eae57c94-5451-4f5a-b5d1-1d77ba4dc98e 21c0db00bddb4ed3ba68b43d3dd72b7c 45c585e072ca4c7eaa068e94aa9ec1c6 - - - -] /var/lib/kolla/venv/lib/python3.12/site-packages/urllib3/connectionpool.py:1110: InsecureRequestWarning: Unverified HTTPS request is being made to host '[LB_IP_ADDRESS]'. Adding certificate verification is strongly advised. See: https://urllib3.readthedocs.io/en/latest/advanced-usage.html#tls-warnings
  warnings.warn(

2026-09-28 10:02:49.331 77 INFO cinder.volume.drivers.lightos [None req-eae57c94-5451-4f5a-b5d1-1d77ba4dc98e 21c0db00bddb4ed3ba68b43d3dd72b7c 45c585e072ca4c7eaa068e94aa9ec1c6 - - - -] Invoking create_volume using POST url: /api/v2/projects/default/volumes             request.body: {'name': 'vol_8d840fda-f637-4de6-b769-c5e18c762700', 'size': '1 gib', 'replicaCount': '3', 'compression': 'False', 'acl': {'values': ['ALLOW_NONE']}, 'IPAcl': {'values': ['ALLOW_NONE']}, 'sourceSnapshotUUID': None, 'sourceSnapshotName': None} ssl_verify: False
2026-09-28 10:02:49.382 77 WARNING py.warnings [None req-eae57c94-5451-4f5a-b5d1-1d77ba4dc98e 21c0db00bddb4ed3ba68b43d3dd72b7c 45c585e072ca4c7eaa068e94aa9ec1c6 - - - -] /var/lib/kolla/venv/lib/python3.12/site-packages/urllib3/connectionpool.py:1110: InsecureRequestWarning: Unverified HTTPS request is being made to host '[LB_IP_ADDRESS]'. Adding certificate verification is strongly advised. See: https://urllib3.readthedocs.io/en/latest/advanced-usage.html#tls-warnings
  warnings.warn(

2026-09-28 10:02:49.419 77 INFO cinder.volume.drivers.lightos [None req-eae57c94-5451-4f5a-b5d1-1d77ba4dc98e 21c0db00bddb4ed3ba68b43d3dd72b7c 45c585e072ca4c7eaa068e94aa9ec1c6 - - - -] Invoking get_volume using GET url: /api/v2/projects/default/volumes/494b02c7-bdff-487e-9f38-acfda8057dd6             request.body: {} ssl_verify: False
2026-09-28 10:02:49.464 77 WARNING py.warnings [None req-eae57c94-5451-4f5a-b5d1-1d77ba4dc98e 21c0db00bddb4ed3ba68b43d3dd72b7c 45c585e072ca4c7eaa068e94aa9ec1c6 - - - -] /var/lib/kolla/venv/lib/python3.12/site-packages/urllib3/connectionpool.py:1110: InsecureRequestWarning: Unverified HTTPS request is being made to host '[LB_IP_ADDRESS]'. Adding certificate verification is strongly advised. See: https://urllib3.readthedocs.io/en/latest/advanced-usage.html#tls-warnings
  warnings.warn(

2026-09-28 10:02:50.481 77 INFO cinder.volume.drivers.lightos [None req-eae57c94-5451-4f5a-b5d1-1d77ba4dc98e 21c0db00bddb4ed3ba68b43d3dd72b7c 45c585e072ca4c7eaa068e94aa9ec1c6 - - - -] Invoking get_volume using GET url: /api/v2/projects/default/volumes/494b02c7-bdff-487e-9f38-acfda8057dd6             request.body: {} ssl_verify: False
2026-09-28 10:02:50.530 77 WARNING py.warnings [None req-eae57c94-5451-4f5a-b5d1-1d77ba4dc98e 21c0db00bddb4ed3ba68b43d3dd72b7c 45c585e072ca4c7eaa068e94aa9ec1c6 - - - -] /var/lib/kolla/venv/lib/python3.12/site-packages/urllib3/connectionpool.py:1110: InsecureRequestWarning: Unverified HTTPS request is being made to host '[LB_IP_ADDRESS]'. Adding certificate verification is strongly advised. See: https://urllib3.readthedocs.io/en/latest/advanced-usage.html#tls-warnings
  warnings.warn(

2026-09-28 10:02:50.568 77 INFO cinder.volume.flows.manager.create_volume [None req-eae57c94-5451-4f5a-b5d1-1d77ba4dc98e 21c0db00bddb4ed3ba68b43d3dd72b7c 45c585e072ca4c7eaa068e94aa9ec1c6 - - - -] Volume vol_8d840fda-f637-4de6-b769-c5e18c762700 (8d840fda-f637-4de6-b769-c5e18c762700): created successfully
2026-09-28 10:02:50.576 77 INFO cinder.volume.manager [None req-eae57c94-5451-4f5a-b5d1-1d77ba4dc98e 21c0db00bddb4ed3ba68b43d3dd72b7c 45c585e072ca4c7eaa068e94aa9ec1c6 - - - -] Created volume successfully.
2026-09-28 10:02:52.754 77 INFO cinder.volume.drivers.lightos [None req-1073e917-6b2a-4785-ac39-5d99f6446915 21c0db00bddb4ed3ba68b43d3dd72b7c 45c585e072ca4c7eaa068e94aa9ec1c6 - - default default] Invoking delete_volume using DELETE url: /api/v2/projects/default/volumes/494b02c7-bdff-487e-9f38-acfda8057dd6?             request.body:  ssl_verify: False
2026-09-28 10:02:52.790 77 WARNING py.warnings [None req-1073e917-6b2a-4785-ac39-5d99f6446915 21c0db00bddb4ed3ba68b43d3dd72b7c 45c585e072ca4c7eaa068e94aa9ec1c6 - - default default] /var/lib/kolla/venv/lib/python3.12/site-packages/urllib3/connectionpool.py:1110: InsecureRequestWarning: Unverified HTTPS request is being made to host '[LB_IP_ADDRESS]'. Adding certificate verification is strongly advised. See: https://urllib3.readthedocs.io/en/latest/advanced-usage.html#tls-warnings
  warnings.warn(

2026-09-28 10:02:52.818 77 INFO cinder.volume.drivers.lightos [None req-1073e917-6b2a-4785-ac39-5d99f6446915 21c0db00bddb4ed3ba68b43d3dd72b7c 45c585e072ca4c7eaa068e94aa9ec1c6 - - default default] Invoking get_volume using GET url: /api/v2/projects/default/volumes/494b02c7-bdff-487e-9f38-acfda8057dd6             request.body: {} ssl_verify: False
2026-09-28 10:02:52.860 77 WARNING py.warnings [None req-1073e917-6b2a-4785-ac39-5d99f6446915 21c0db00bddb4ed3ba68b43d3dd72b7c 45c585e072ca4c7eaa068e94aa9ec1c6 - - default default] /var/lib/kolla/venv/lib/python3.12/site-packages/urllib3/connectionpool.py:1110: InsecureRequestWarning: Unverified HTTPS request is being made to host '[LB_IP_ADDRESS]'. Adding certificate verification is strongly advised. See: https://urllib3.readthedocs.io/en/latest/advanced-usage.html#tls-warnings
  warnings.warn(

2026-09-28 10:02:52.992 77 INFO cinder.volume.manager [None req-1073e917-6b2a-4785-ac39-5d99f6446915 21c0db00bddb4ed3ba68b43d3dd72b7c 45c585e072ca4c7eaa068e94aa9ec1c6 - - default default] Deleted volume successfully.
2026-09-28 10:02:59.236 77 INFO cinder.volume.flows.manager.create_volume [None req-40a1459c-a1fe-4370-971a-32bfed2ac3c8 c90d254a5fae4437939b32475221219f 15bd1807516f462ba4de19cbd5bf6677 - - - -] Volume 0f599797-19a7-4a40-93b8-19a888667c1c: being created as raw with specification: {'status': 'creating', 'volume_name': 'vol_0f599797-19a7-4a40-93b8-19a888667c1c', 'volume_size': 1}
2026-09-28 10:02:59.236 77 INFO cinder.volume.drivers.lightos [None req-40a1459c-a1fe-4370-971a-32bfed2ac3c8 c90d254a5fae4437939b32475221219f 15bd1807516f462ba4de19cbd5bf6677 - - - -] Invoking get_volume_by_name using GET url: /api/v2/projects/default/volumes/?name=vol_0f599797-19a7-4a40-93b8-19a888667c1c             request.body: {} ssl_verify: False
2026-09-28 10:02:59.271 77 WARNING py.warnings [None req-40a1459c-a1fe-4370-971a-32bfed2ac3c8 c90d254a5fae4437939b32475221219f 15bd1807516f462ba4de19cbd5bf6677 - - - -] /var/lib/kolla/venv/lib/python3.12/site-packages/urllib3/connectionpool.py:1110: InsecureRequestWarning: Unverified HTTPS request is being made to host '[LB_IP_ADDRESS]'. Adding certificate verification is strongly advised. See: https://urllib3.readthedocs.io/en/latest/advanced-usage.html#tls-warnings
  warnings.warn(

2026-09-28 10:02:59.284 77 INFO cinder.volume.drivers.lightos [None req-40a1459c-a1fe-4370-971a-32bfed2ac3c8 c90d254a5fae4437939b32475221219f 15bd1807516f462ba4de19cbd5bf6677 - - - -] Invoking create_volume using POST url: /api/v2/projects/default/volumes             request.body: {'name': 'vol_0f599797-19a7-4a40-93b8-19a888667c1c', 'size': '1 gib', 'replicaCount': '3', 'compression': 'False', 'acl': {'values': ['ALLOW_NONE']}, 'IPAcl': {'values': ['ALLOW_NONE']}, 'sourceSnapshotUUID': None, 'sourceSnapshotName': None} ssl_verify: False
2026-09-28 10:02:59.327 77 WARNING py.warnings [None req-40a1459c-a1fe-4370-971a-32bfed2ac3c8 c90d254a5fae4437939b32475221219f 15bd1807516f462ba4de19cbd5bf6677 - - - -] /var/lib/kolla/venv/lib/python3.12/site-packages/urllib3/connectionpool.py:1110: InsecureRequestWarning: Unverified HTTPS request is being made to host '[LB_IP_ADDRESS]'. Adding certificate verification is strongly advised. See: https://urllib3.readthedocs.io/en/latest/advanced-usage.html#tls-warnings
  warnings.warn(

2026-09-28 10:02:59.355 77 INFO cinder.volume.drivers.lightos [None req-40a1459c-a1fe-4370-971a-32bfed2ac3c8 c90d254a5fae4437939b32475221219f 15bd1807516f462ba4de19cbd5bf6677 - - - -] Invoking get_volume using GET url: /api/v2/projects/default/volumes/a37927c7-7769-4779-872d-f45b66a528a6             request.body: {} ssl_verify: False
2026-09-28 10:02:59.429 77 WARNING py.warnings [None req-40a1459c-a1fe-4370-971a-32bfed2ac3c8 c90d254a5fae4437939b32475221219f 15bd1807516f462ba4de19cbd5bf6677 - - - -] /var/lib/kolla/venv/lib/python3.12/site-packages/urllib3/connectionpool.py:1110: InsecureRequestWarning: Unverified HTTPS request is being made to host '[LB_IP_ADDRESS]'. Adding certificate verification is strongly advised. See: https://urllib3.readthedocs.io/en/latest/advanced-usage.html#tls-warnings
  warnings.warn(

2026-09-28 10:02:59.466 77 INFO cinder.volume.flows.manager.create_volume [None req-40a1459c-a1fe-4370-971a-32bfed2ac3c8 c90d254a5fae4437939b32475221219f 15bd1807516f462ba4de19cbd5bf6677 - - - -] Volume vol_0f599797-19a7-4a40-93b8-19a888667c1c (0f599797-19a7-4a40-93b8-19a888667c1c): created successfully
2026-09-28 10:02:59.474 77 INFO cinder.volume.manager [None req-40a1459c-a1fe-4370-971a-32bfed2ac3c8 c90d254a5fae4437939b32475221219f 15bd1807516f462ba4de19cbd5bf6677 - - - -] Created volume successfully.
2026-09-28 10:03:00.716 77 INFO cinder.volume.flows.manager.create_volume [None req-72572a2f-e62b-40ac-a3ee-ec6c5abe274e c90d254a5fae4437939b32475221219f 15bd1807516f462ba4de19cbd5bf6677 - - - -] Volume 60547e8d-18b9-4c0e-b4dd-b3f55d83cfe5: being created as raw with specification: {'status': 'creating', 'volume_name': 'vol_60547e8d-18b9-4c0e-b4dd-b3f55d83cfe5', 'volume_size': 1}
2026-09-28 10:03:00.716 77 INFO cinder.volume.drivers.lightos [None req-72572a2f-e62b-40ac-a3ee-ec6c5abe274e c90d254a5fae4437939b32475221219f 15bd1807516f462ba4de19cbd5bf6677 - - - -] Invoking get_volume_by_name using GET url: /api/v2/projects/default/volumes/?name=vol_60547e8d-18b9-4c0e-b4dd-b3f55d83cfe5             request.body: {} ssl_verify: False
2026-09-28 10:03:00.751 77 WARNING py.warnings [None req-72572a2f-e62b-40ac-a3ee-ec6c5abe274e c90d254a5fae4437939b32475221219f 15bd1807516f462ba4de19cbd5bf6677 - - - -] /var/lib/kolla/venv/lib/python3.12/site-packages/urllib3/connectionpool.py:1110: InsecureRequestWarning: Unverified HTTPS request is being made to host '[LB_IP_ADDRESS]'. Adding certificate verification is strongly advised. See: https://urllib3.readthedocs.io/en/latest/advanced-usage.html#tls-warnings
  warnings.warn(

2026-09-28 10:03:00.761 77 INFO cinder.volume.drivers.lightos [None req-72572a2f-e62b-40ac-a3ee-ec6c5abe274e c90d254a5fae4437939b32475221219f 15bd1807516f462ba4de19cbd5bf6677 - - - -] Invoking create_volume using POST url: /api/v2/projects/default/volumes             request.body: {'name': 'vol_60547e8d-18b9-4c0e-b4dd-b3f55d83cfe5', 'size': '1 gib', 'replicaCount': '3', 'compression': 'False', 'acl': {'values': ['ALLOW_NONE']}, 'IPAcl': {'values': ['ALLOW_NONE']}, 'sourceSnapshotUUID': None, 'sourceSnapshotName': None} ssl_verify: False
2026-09-28 10:03:00.797 77 WARNING py.warnings [None req-72572a2f-e62b-40ac-a3ee-ec6c5abe274e c90d254a5fae4437939b32475221219f 15bd1807516f462ba4de19cbd5bf6677 - - - -] /var/lib/kolla/venv/lib/python3.12/site-packages/urllib3/connectionpool.py:1110: InsecureRequestWarning: Unverified HTTPS request is being made to host '[LB_IP_ADDRESS]'. Adding certificate verification is strongly advised. See: https://urllib3.readthedocs.io/en/latest/advanced-usage.html#tls-warnings
  warnings.warn(

2026-09-28 10:03:00.829 77 INFO cinder.volume.flows.manager.create_volume [None req-f5421866-7dcc-4370-b4cb-507b113b109f d0f696da54784d8195e9bdece8475f75 17eb5e5e9dc04fdfb95d74e896f90960 - - - -] Volume d871f9da-ee1c-4f5f-8dff-2d31744d4b09: being created as raw with specification: {'status': 'creating', 'volume_name': 'vol_d871f9da-ee1c-4f5f-8dff-2d31744d4b09', 'volume_size': 1}
2026-09-28 10:03:00.830 77 INFO cinder.volume.drivers.lightos [None req-f5421866-7dcc-4370-b4cb-507b113b109f d0f696da54784d8195e9bdece8475f75 17eb5e5e9dc04fdfb95d74e896f90960 - - - -] Invoking get_volume_by_name using GET url: /api/v2/projects/default/volumes/?name=vol_d871f9da-ee1c-4f5f-8dff-2d31744d4b09             request.body: {} ssl_verify: False
2026-09-28 10:03:00.832 77 INFO cinder.volume.drivers.lightos [None req-72572a2f-e62b-40ac-a3ee-ec6c5abe274e c90d254a5fae4437939b32475221219f 15bd1807516f462ba4de19cbd5bf6677 - - - -] Invoking get_volume using GET url: /api/v2/projects/default/volumes/fe2d2e07-31d1-4bdc-9116-d318bebd6b17             request.body: {} ssl_verify: False
2026-09-28 10:03:00.885 77 WARNING py.warnings [None req-72572a2f-e62b-40ac-a3ee-ec6c5abe274e c90d254a5fae4437939b32475221219f 15bd1807516f462ba4de19cbd5bf6677 - - - -] /var/lib/kolla/venv/lib/python3.12/site-packages/urllib3/connectionpool.py:1110: InsecureRequestWarning: Unverified HTTPS request is being made to host '[LB_IP_ADDRESS]'. Adding certificate verification is strongly advised. See: https://urllib3.readthedocs.io/en/latest/advanced-usage.html#tls-warnings
  warnings.warn(

2026-09-28 10:03:00.924 77 WARNING py.warnings [None req-f5421866-7dcc-4370-b4cb-507b113b109f d0f696da54784d8195e9bdece8475f75 17eb5e5e9dc04fdfb95d74e896f90960 - - - -] /var/lib/kolla/venv/lib/python3.12/site-packages/urllib3/connectionpool.py:1110: InsecureRequestWarning: Unverified HTTPS request is being made to host '[LB_IP_ADDRESS]'. Adding certificate verification is strongly advised. See: https://urllib3.readthedocs.io/en/latest/advanced-usage.html#tls-warnings
  warnings.warn(

2026-09-28 10:03:00.942 77 INFO cinder.volume.drivers.lightos [None req-f5421866-7dcc-4370-b4cb-507b113b109f d0f696da54784d8195e9bdece8475f75 17eb5e5e9dc04fdfb95d74e896f90960 - - - -] Invoking create_volume using POST url: /api/v2/projects/default/volumes             request.body: {'name': 'vol_d871f9da-ee1c-4f5f-8dff-2d31744d4b09', 'size': '1 gib', 'replicaCount': '3', 'compression': 'False', 'acl': {'values': ['ALLOW_NONE']}, 'IPAcl': {'values': ['ALLOW_NONE']}, 'sourceSnapshotUUID': None, 'sourceSnapshotName': None} ssl_verify: False
2026-09-28 10:03:00.980 77 WARNING py.warnings [None req-f5421866-7dcc-4370-b4cb-507b113b109f d0f696da54784d8195e9bdece8475f75 17eb5e5e9dc04fdfb95d74e896f90960 - - - -] /var/lib/kolla/venv/lib/python3.12/site-packages/urllib3/connectionpool.py:1110: InsecureRequestWarning: Unverified HTTPS request is being made to host '[LB_IP_ADDRESS]'. Adding certificate verification is strongly advised. See: https://urllib3.readthedocs.io/en/latest/advanced-usage.html#tls-warnings
  warnings.warn(

2026-09-28 10:03:00.983 77 INFO cinder.volume.flows.manager.create_volume [None req-72572a2f-e62b-40ac-a3ee-ec6c5abe274e c90d254a5fae4437939b32475221219f 15bd1807516f462ba4de19cbd5bf6677 - - - -] Volume vol_60547e8d-18b9-4c0e-b4dd-b3f55d83cfe5 (60547e8d-18b9-4c0e-b4dd-b3f55d83cfe5): created successfully
2026-09-28 10:03:00.993 77 INFO cinder.volume.manager [None req-72572a2f-e62b-40ac-a3ee-ec6c5abe274e c90d254a5fae4437939b32475221219f 15bd1807516f462ba4de19cbd5bf6677 - - - -] Created volume successfully.
2026-09-28 10:03:01.002 77 INFO cinder.volume.drivers.lightos [None req-f5421866-7dcc-4370-b4cb-507b113b109f d0f696da54784d8195e9bdece8475f75 17eb5e5e9dc04fdfb95d74e896f90960 - - - -] Invoking get_volume using GET url: /api/v2/projects/default/volumes/acc76d73-1d31-4667-911b-5c1c5df2921a             request.body: {} ssl_verify: False
2026-09-28 10:03:01.058 77 WARNING py.warnings [None req-f5421866-7dcc-4370-b4cb-507b113b109f d0f696da54784d8195e9bdece8475f75 17eb5e5e9dc04fdfb95d74e896f90960 - - - -] /var/lib/kolla/venv/lib/python3.12/site-packages/urllib3/connectionpool.py:1110: InsecureRequestWarning: Unverified HTTPS request is being made to host '[LB_IP_ADDRESS]'. Adding certificate verification is strongly advised. See: https://urllib3.readthedocs.io/en/latest/advanced-usage.html#tls-warnings
  warnings.warn(

2026-09-28 10:03:02.126 77 INFO cinder.volume.drivers.lightos [None req-f5421866-7dcc-4370-b4cb-507b113b109f d0f696da54784d8195e9bdece8475f75 17eb5e5e9dc04fdfb95d74e896f90960 - - - -] Invoking get_volume using GET url: /api/v2/projects/default/volumes/acc76d73-1d31-4667-911b-5c1c5df2921a             request.body: {} ssl_verify: False
2026-09-28 10:03:02.174 77 WARNING py.warnings [None req-f5421866-7dcc-4370-b4cb-507b113b109f d0f696da54784d8195e9bdece8475f75 17eb5e5e9dc04fdfb95d74e896f90960 - - - -] /var/lib/kolla/venv/lib/python3.12/site-packages/urllib3/connectionpool.py:1110: InsecureRequestWarning: Unverified HTTPS request is being made to host '[LB_IP_ADDRESS]'. Adding certificate verification is strongly advised. See: https://urllib3.readthedocs.io/en/latest/advanced-usage.html#tls-warnings
  warnings.warn(

2026-09-28 10:03:02.207 77 INFO cinder.volume.flows.manager.create_volume [None req-cbc2682a-247d-4881-817b-18b3aedc0332 c90d254a5fae4437939b32475221219f 15bd1807516f462ba4de19cbd5bf6677 - - - -] Volume cc7c1bee-8e59-44ca-9fde-c2cdc40232aa: being created as raw with specification: {'status': 'creating', 'volume_name': 'vol_cc7c1bee-8e59-44ca-9fde-c2cdc40232aa', 'volume_size': 1}
2026-09-28 10:03:02.207 77 INFO cinder.volume.drivers.lightos [None req-cbc2682a-247d-4881-817b-18b3aedc0332 c90d254a5fae4437939b32475221219f 15bd1807516f462ba4de19cbd5bf6677 - - - -] Invoking get_volume_by_name using GET url: /api/v2/projects/default/volumes/?name=vol_cc7c1bee-8e59-44ca-9fde-c2cdc40232aa             request.body: {} ssl_verify: False
2026-09-28 10:03:02.242 77 WARNING py.warnings [None req-cbc2682a-247d-4881-817b-18b3aedc0332 c90d254a5fae4437939b32475221219f 15bd1807516f462ba4de19cbd5bf6677 - - - -] /var/lib/kolla/venv/lib/python3.12/site-packages/urllib3/connectionpool.py:1110: InsecureRequestWarning: Unverified HTTPS request is being made to host '[LB_IP_ADDRESS]'. Adding certificate verification is strongly advised. See: https://urllib3.readthedocs.io/en/latest/advanced-usage.html#tls-warnings
  warnings.warn(

2026-09-28 10:03:02.246 77 INFO cinder.volume.flows.manager.create_volume [None req-f5421866-7dcc-4370-b4cb-507b113b109f d0f696da54784d8195e9bdece8475f75 17eb5e5e9dc04fdfb95d74e896f90960 - - - -] Volume vol_d871f9da-ee1c-4f5f-8dff-2d31744d4b09 (d871f9da-ee1c-4f5f-8dff-2d31744d4b09): created successfully
2026-09-28 10:03:02.251 77 INFO cinder.volume.drivers.lightos [None req-cbc2682a-247d-4881-817b-18b3aedc0332 c90d254a5fae4437939b32475221219f 15bd1807516f462ba4de19cbd5bf6677 - - - -] Invoking create_volume using POST url: /api/v2/projects/default/volumes             request.body: {'name': 'vol_cc7c1bee-8e59-44ca-9fde-c2cdc40232aa', 'size': '1 gib', 'replicaCount': '3', 'compression': 'False', 'acl': {'values': ['ALLOW_NONE']}, 'IPAcl': {'values': ['ALLOW_NONE']}, 'sourceSnapshotUUID': None, 'sourceSnapshotName': None} ssl_verify: False
2026-09-28 10:03:02.280 77 INFO cinder.volume.manager [None req-f5421866-7dcc-4370-b4cb-507b113b109f d0f696da54784d8195e9bdece8475f75 17eb5e5e9dc04fdfb95d74e896f90960 - - - -] Created volume successfully.
2026-09-28 10:03:02.286 77 WARNING py.warnings [None req-cbc2682a-247d-4881-817b-18b3aedc0332 c90d254a5fae4437939b32475221219f 15bd1807516f462ba4de19cbd5bf6677 - - - -] /var/lib/kolla/venv/lib/python3.12/site-packages/urllib3/connectionpool.py:1110: InsecureRequestWarning: Unverified HTTPS request is being made to host '[LB_IP_ADDRESS]'. Adding certificate verification is strongly advised. See: https://urllib3.readthedocs.io/en/latest/advanced-usage.html#tls-warnings
  warnings.warn(

2026-09-28 10:03:02.312 77 INFO cinder.volume.drivers.lightos [None req-cbc2682a-247d-4881-817b-18b3aedc0332 c90d254a5fae4437939b32475221219f 15bd1807516f462ba4de19cbd5bf6677 - - - -] Invoking get_volume using GET url: /api/v2/projects/default/volumes/51e635a6-5f63-41ef-94c4-0dad5dd6d6bc             request.body: {} ssl_verify: False
2026-09-28 10:03:02.358 77 WARNING py.warnings [None req-cbc2682a-247d-4881-817b-18b3aedc0332 c90d254a5fae4437939b32475221219f 15bd1807516f462ba4de19cbd5bf6677 - - - -] /var/lib/kolla/venv/lib/python3.12/site-packages/urllib3/connectionpool.py:1110: InsecureRequestWarning: Unverified HTTPS request is being made to host '[LB_IP_ADDRESS]'. Adding certificate verification is strongly advised. See: https://urllib3.readthedocs.io/en/latest/advanced-usage.html#tls-warnings
  warnings.warn(

2026-09-28 10:03:03.106 77 INFO cinder.volume.drivers.lightos [None req-46a5dbe4-574f-49f8-aa39-7139b038df70 d0f696da54784d8195e9bdece8475f75 17eb5e5e9dc04fdfb95d74e896f90960 - - default default] Invoking delete_volume using DELETE url: /api/v2/projects/default/volumes/acc76d73-1d31-4667-911b-5c1c5df2921a?             request.body:  ssl_verify: False
2026-09-28 10:03:03.142 77 WARNING py.warnings [None req-46a5dbe4-574f-49f8-aa39-7139b038df70 d0f696da54784d8195e9bdece8475f75 17eb5e5e9dc04fdfb95d74e896f90960 - - default default] /var/lib/kolla/venv/lib/python3.12/site-packages/urllib3/connectionpool.py:1110: InsecureRequestWarning: Unverified HTTPS request is being made to host '[LB_IP_ADDRESS]'. Adding certificate verification is strongly advised. See: https://urllib3.readthedocs.io/en/latest/advanced-usage.html#tls-warnings
  warnings.warn(

2026-09-28 10:03:03.174 77 INFO cinder.volume.drivers.lightos [None req-46a5dbe4-574f-49f8-aa39-7139b038df70 d0f696da54784d8195e9bdece8475f75 17eb5e5e9dc04fdfb95d74e896f90960 - - default default] Invoking get_volume using GET url: /api/v2/projects/default/volumes/acc76d73-1d31-4667-911b-5c1c5df2921a             request.body: {} ssl_verify: False
2026-09-28 10:03:03.216 77 WARNING py.warnings [None req-46a5dbe4-574f-49f8-aa39-7139b038df70 d0f696da54784d8195e9bdece8475f75 17eb5e5e9dc04fdfb95d74e896f90960 - - default default] /var/lib/kolla/venv/lib/python3.12/site-packages/urllib3/connectionpool.py:1110: InsecureRequestWarning: Unverified HTTPS request is being made to host '[LB_IP_ADDRESS]'. Adding certificate verification is strongly advised. See: https://urllib3.readthedocs.io/en/latest/advanced-usage.html#tls-warnings
  warnings.warn(

2026-09-28 10:03:03.340 77 INFO cinder.volume.manager [None req-46a5dbe4-574f-49f8-aa39-7139b038df70 d0f696da54784d8195e9bdece8475f75 17eb5e5e9dc04fdfb95d74e896f90960 - - default default] Deleted volume successfully.
2026-09-28 10:03:03.416 77 INFO cinder.volume.drivers.lightos [None req-cbc2682a-247d-4881-817b-18b3aedc0332 c90d254a5fae4437939b32475221219f 15bd1807516f462ba4de19cbd5bf6677 - - - -] Invoking get_volume using GET url: /api/v2/projects/default/volumes/51e635a6-5f63-41ef-94c4-0dad5dd6d6bc             request.body: {} ssl_verify: False
2026-09-28 10:03:03.465 77 WARNING py.warnings [None req-cbc2682a-247d-4881-817b-18b3aedc0332 c90d254a5fae4437939b32475221219f 15bd1807516f462ba4de19cbd5bf6677 - - - -] /var/lib/kolla/venv/lib/python3.12/site-packages/urllib3/connectionpool.py:1110: InsecureRequestWarning: Unverified HTTPS request is being made to host '[LB_IP_ADDRESS]'. Adding certificate verification is strongly advised. See: https://urllib3.readthedocs.io/en/latest/advanced-usage.html#tls-warnings
  warnings.warn(

2026-09-28 10:03:03.499 77 INFO cinder.volume.flows.manager.create_volume [None req-cbc2682a-247d-4881-817b-18b3aedc0332 c90d254a5fae4437939b32475221219f 15bd1807516f462ba4de19cbd5bf6677 - - - -] Volume vol_cc7c1bee-8e59-44ca-9fde-c2cdc40232aa (cc7c1bee-8e59-44ca-9fde-c2cdc40232aa): created successfully
2026-09-28 10:03:03.506 77 INFO cinder.volume.manager [None req-cbc2682a-247d-4881-817b-18b3aedc0332 c90d254a5fae4437939b32475221219f 15bd1807516f462ba4de19cbd5bf6677 - - - -] Created volume successfully.
2026-09-28 10:03:04.587 77 INFO cinder.volume.flows.manager.create_volume [None req-f7be7e0c-3b36-48e2-9e3f-3b82f6b3c73f d0f696da54784d8195e9bdece8475f75 17eb5e5e9dc04fdfb95d74e896f90960 - - - -] Volume a7993115-2075-4b90-acbf-5783b96b8d6e: being created as raw with specification: {'status': 'creating', 'volume_name': 'vol_a7993115-2075-4b90-acbf-5783b96b8d6e', 'volume_size': 1}
2026-09-28 10:03:04.588 77 INFO cinder.volume.drivers.lightos [None req-f7be7e0c-3b36-48e2-9e3f-3b82f6b3c73f d0f696da54784d8195e9bdece8475f75 17eb5e5e9dc04fdfb95d74e896f90960 - - - -] Invoking get_volume_by_name using GET url: /api/v2/projects/default/volumes/?name=vol_a7993115-2075-4b90-acbf-5783b96b8d6e             request.body: {} ssl_verify: False
2026-09-28 10:03:04.622 77 WARNING py.warnings [None req-f7be7e0c-3b36-48e2-9e3f-3b82f6b3c73f d0f696da54784d8195e9bdece8475f75 17eb5e5e9dc04fdfb95d74e896f90960 - - - -] /var/lib/kolla/venv/lib/python3.12/site-packages/urllib3/connectionpool.py:1110: InsecureRequestWarning: Unverified HTTPS request is being made to host '[LB_IP_ADDRESS]'. Adding certificate verification is strongly advised. See: https://urllib3.readthedocs.io/en/latest/advanced-usage.html#tls-warnings
  warnings.warn(

2026-09-28 10:03:04.633 77 INFO cinder.volume.drivers.lightos [None req-f7be7e0c-3b36-48e2-9e3f-3b82f6b3c73f d0f696da54784d8195e9bdece8475f75 17eb5e5e9dc04fdfb95d74e896f90960 - - - -] Invoking create_volume using POST url: /api/v2/projects/default/volumes             request.body: {'name': 'vol_a7993115-2075-4b90-acbf-5783b96b8d6e', 'size': '1 gib', 'replicaCount': '3', 'compression': 'False', 'acl': {'values': ['ALLOW_NONE']}, 'IPAcl': {'values': ['ALLOW_NONE']}, 'sourceSnapshotUUID': None, 'sourceSnapshotName': None} ssl_verify: False
2026-09-28 10:03:04.674 77 WARNING py.warnings [None req-f7be7e0c-3b36-48e2-9e3f-3b82f6b3c73f d0f696da54784d8195e9bdece8475f75 17eb5e5e9dc04fdfb95d74e896f90960 - - - -] /var/lib/kolla/venv/lib/python3.12/site-packages/urllib3/connectionpool.py:1110: InsecureRequestWarning: Unverified HTTPS request is being made to host '[LB_IP_ADDRESS]'. Adding certificate verification is strongly advised. See: https://urllib3.readthedocs.io/en/latest/advanced-usage.html#tls-warnings
  warnings.warn(

2026-09-28 10:03:04.701 77 INFO cinder.volume.drivers.lightos [None req-f7be7e0c-3b36-48e2-9e3f-3b82f6b3c73f d0f696da54784d8195e9bdece8475f75 17eb5e5e9dc04fdfb95d74e896f90960 - - - -] Invoking get_volume using GET url: /api/v2/projects/default/volumes/36c2bfe9-0742-44b0-ab19-a48e9dbef56b             request.body: {} ssl_verify: False
2026-09-28 10:03:04.771 77 WARNING py.warnings [None req-f7be7e0c-3b36-48e2-9e3f-3b82f6b3c73f d0f696da54784d8195e9bdece8475f75 17eb5e5e9dc04fdfb95d74e896f90960 - - - -] /var/lib/kolla/venv/lib/python3.12/site-packages/urllib3/connectionpool.py:1110: InsecureRequestWarning: Unverified HTTPS request is being made to host '[LB_IP_ADDRESS]'. Adding certificate verification is strongly advised. See: https://urllib3.readthedocs.io/en/latest/advanced-usage.html#tls-warnings
  warnings.warn(

2026-09-28 10:03:04.821 77 INFO cinder.volume.flows.manager.create_volume [None req-f7be7e0c-3b36-48e2-9e3f-3b82f6b3c73f d0f696da54784d8195e9bdece8475f75 17eb5e5e9dc04fdfb95d74e896f90960 - - - -] Volume vol_a7993115-2075-4b90-acbf-5783b96b8d6e (a7993115-2075-4b90-acbf-5783b96b8d6e): created successfully
2026-09-28 10:03:04.830 77 INFO cinder.volume.manager [None req-f7be7e0c-3b36-48e2-9e3f-3b82f6b3c73f d0f696da54784d8195e9bdece8475f75 17eb5e5e9dc04fdfb95d74e896f90960 - - - -] Created volume successfully.
2026-09-28 10:03:04.986 77 INFO cinder.volume.flows.manager.create_volume [None req-aa8397aa-cdb9-4fbc-8caf-d78011bb26be 82b0271cffaf441bb9d0c0190f36dd97 36436ef0f9054d84824e12197fc75325 - - - -] Volume e18c2c9f-c4c0-4926-9e6d-e028e092e1e4: being created as raw with specification: {'status': 'creating', 'volume_name': 'vol_e18c2c9f-c4c0-4926-9e6d-e028e092e1e4', 'volume_size': 1}
2026-09-28 10:03:04.986 77 INFO cinder.volume.drivers.lightos [None req-aa8397aa-cdb9-4fbc-8caf-d78011bb26be 82b0271cffaf441bb9d0c0190f36dd97 36436ef0f9054d84824e12197fc75325 - - - -] Invoking get_volume_by_name using GET url: /api/v2/projects/default/volumes/?name=vol_e18c2c9f-c4c0-4926-9e6d-e028e092e1e4             request.body: {} ssl_verify: False
2026-09-28 10:03:05.019 77 WARNING py.warnings [None req-aa8397aa-cdb9-4fbc-8caf-d78011bb26be 82b0271cffaf441bb9d0c0190f36dd97 36436ef0f9054d84824e12197fc75325 - - - -] /var/lib/kolla/venv/lib/python3.12/site-packages/urllib3/connectionpool.py:1110: InsecureRequestWarning: Unverified HTTPS request is being made to host '[LB_IP_ADDRESS]'. Adding certificate verification is strongly advised. See: https://urllib3.readthedocs.io/en/latest/advanced-usage.html#tls-warnings
  warnings.warn(

2026-09-28 10:03:05.027 77 INFO cinder.volume.drivers.lightos [None req-aa8397aa-cdb9-4fbc-8caf-d78011bb26be 82b0271cffaf441bb9d0c0190f36dd97 36436ef0f9054d84824e12197fc75325 - - - -] Invoking create_volume using POST url: /api/v2/projects/default/volumes             request.body: {'name': 'vol_e18c2c9f-c4c0-4926-9e6d-e028e092e1e4', 'size': '1 gib', 'replicaCount': '3', 'compression': 'False', 'acl': {'values': ['ALLOW_NONE']}, 'IPAcl': {'values': ['ALLOW_NONE']}, 'sourceSnapshotUUID': None, 'sourceSnapshotName': None} ssl_verify: False
2026-09-28 10:03:05.060 77 WARNING py.warnings [None req-aa8397aa-cdb9-4fbc-8caf-d78011bb26be 82b0271cffaf441bb9d0c0190f36dd97 36436ef0f9054d84824e12197fc75325 - - - -] /var/lib/kolla/venv/lib/python3.12/site-packages/urllib3/connectionpool.py:1110: InsecureRequestWarning: Unverified HTTPS request is being made to host '[LB_IP_ADDRESS]'. Adding certificate verification is strongly advised. See: https://urllib3.readthedocs.io/en/latest/advanced-usage.html#tls-warnings
  warnings.warn(

2026-09-28 10:03:05.099 77 INFO cinder.volume.drivers.lightos [None req-aa8397aa-cdb9-4fbc-8caf-d78011bb26be 82b0271cffaf441bb9d0c0190f36dd97 36436ef0f9054d84824e12197fc75325 - - - -] Invoking get_volume using GET url: /api/v2/projects/default/volumes/3ee06ef7-3226-41cd-81e4-b0c5d48908f3             request.body: {} ssl_verify: False
2026-09-28 10:03:05.142 77 WARNING py.warnings [None req-aa8397aa-cdb9-4fbc-8caf-d78011bb26be 82b0271cffaf441bb9d0c0190f36dd97 36436ef0f9054d84824e12197fc75325 - - - -] /var/lib/kolla/venv/lib/python3.12/site-packages/urllib3/connectionpool.py:1110: InsecureRequestWarning: Unverified HTTPS request is being made to host '[LB_IP_ADDRESS]'. Adding certificate verification is strongly advised. See: https://urllib3.readthedocs.io/en/latest/advanced-usage.html#tls-warnings
  warnings.warn(

2026-09-28 10:03:06.160 77 INFO cinder.volume.drivers.lightos [None req-aa8397aa-cdb9-4fbc-8caf-d78011bb26be 82b0271cffaf441bb9d0c0190f36dd97 36436ef0f9054d84824e12197fc75325 - - - -] Invoking get_volume using GET url: /api/v2/projects/default/volumes/3ee06ef7-3226-41cd-81e4-b0c5d48908f3             request.body: {} ssl_verify: False
2026-09-28 10:03:06.206 77 WARNING py.warnings [None req-aa8397aa-cdb9-4fbc-8caf-d78011bb26be 82b0271cffaf441bb9d0c0190f36dd97 36436ef0f9054d84824e12197fc75325 - - - -] /var/lib/kolla/venv/lib/python3.12/site-packages/urllib3/connectionpool.py:1110: InsecureRequestWarning: Unverified HTTPS request is being made to host '[LB_IP_ADDRESS]'. Adding certificate verification is strongly advised. See: https://urllib3.readthedocs.io/en/latest/advanced-usage.html#tls-warnings
  warnings.warn(

2026-09-28 10:03:06.241 77 INFO cinder.volume.flows.manager.create_volume [None req-aa8397aa-cdb9-4fbc-8caf-d78011bb26be 82b0271cffaf441bb9d0c0190f36dd97 36436ef0f9054d84824e12197fc75325 - - - -] Volume vol_e18c2c9f-c4c0-4926-9e6d-e028e092e1e4 (e18c2c9f-c4c0-4926-9e6d-e028e092e1e4): created successfully
2026-09-28 10:03:06.250 77 INFO cinder.volume.manager [None req-aa8397aa-cdb9-4fbc-8caf-d78011bb26be 82b0271cffaf441bb9d0c0190f36dd97 36436ef0f9054d84824e12197fc75325 - - - -] Created volume successfully.
2026-09-28 10:03:06.680 77 INFO cinder.volume.manager [None req-60377873-37ce-498e-ad7a-e88e1b0e6e25 4c19d8ef395b4a95847394da07ffdab8 36d2820c5f7842069ae6a56fde339d7c - - default default] Transfer volume completed successfully.
2026-09-28 10:03:07.176 77 INFO cinder.volume.drivers.lightos [None req-26a2ddd4-4af5-467c-9b67-9722292379dd 82b0271cffaf441bb9d0c0190f36dd97 36436ef0f9054d84824e12197fc75325 - - default default] Invoking delete_volume using DELETE url: /api/v2/projects/default/volumes/3ee06ef7-3226-41cd-81e4-b0c5d48908f3?             request.body:  ssl_verify: False
2026-09-28 10:03:07.211 77 WARNING py.warnings [None req-26a2ddd4-4af5-467c-9b67-9722292379dd 82b0271cffaf441bb9d0c0190f36dd97 36436ef0f9054d84824e12197fc75325 - - default default] /var/lib/kolla/venv/lib/python3.12/site-packages/urllib3/connectionpool.py:1110: InsecureRequestWarning: Unverified HTTPS request is being made to host '[LB_IP_ADDRESS]'. Adding certificate verification is strongly advised. See: https://urllib3.readthedocs.io/en/latest/advanced-usage.html#tls-warnings
  warnings.warn(

2026-09-28 10:03:07.245 77 INFO cinder.volume.drivers.lightos [None req-26a2ddd4-4af5-467c-9b67-9722292379dd 82b0271cffaf441bb9d0c0190f36dd97 36436ef0f9054d84824e12197fc75325 - - default default] Invoking get_volume using GET url: /api/v2/projects/default/volumes/3ee06ef7-3226-41cd-81e4-b0c5d48908f3             request.body: {} ssl_verify: False
2026-09-28 10:03:07.288 77 WARNING py.warnings [None req-26a2ddd4-4af5-467c-9b67-9722292379dd 82b0271cffaf441bb9d0c0190f36dd97 36436ef0f9054d84824e12197fc75325 - - default default] /var/lib/kolla/venv/lib/python3.12/site-packages/urllib3/connectionpool.py:1110: InsecureRequestWarning: Unverified HTTPS request is being made to host '[LB_IP_ADDRESS]'. Adding certificate verification is strongly advised. See: https://urllib3.readthedocs.io/en/latest/advanced-usage.html#tls-warnings
  warnings.warn(

2026-09-28 10:03:07.316 77 INFO cinder.volume.drivers.lightos [None req-fd8c6cc8-728f-48be-8d02-472e5a4c90ed c90d254a5fae4437939b32475221219f 15bd1807516f462ba4de19cbd5bf6677 - - default default] Invoking delete_volume using DELETE url: /api/v2/projects/default/volumes/51e635a6-5f63-41ef-94c4-0dad5dd6d6bc?             request.body:  ssl_verify: False
2026-09-28 10:03:07.349 77 WARNING py.warnings [None req-fd8c6cc8-728f-48be-8d02-472e5a4c90ed c90d254a5fae4437939b32475221219f 15bd1807516f462ba4de19cbd5bf6677 - - default default] /var/lib/kolla/venv/lib/python3.12/site-packages/urllib3/connectionpool.py:1110: InsecureRequestWarning: Unverified HTTPS request is being made to host '[LB_IP_ADDRESS]'. Adding certificate verification is strongly advised. See: https://urllib3.readthedocs.io/en/latest/advanced-usage.html#tls-warnings
  warnings.warn(

2026-09-28 10:03:07.391 77 INFO cinder.volume.drivers.lightos [None req-fd8c6cc8-728f-48be-8d02-472e5a4c90ed c90d254a5fae4437939b32475221219f 15bd1807516f462ba4de19cbd5bf6677 - - default default] Invoking get_volume using GET url: /api/v2/projects/default/volumes/51e635a6-5f63-41ef-94c4-0dad5dd6d6bc             request.body: {} ssl_verify: False
2026-09-28 10:03:07.427 77 WARNING py.warnings [None req-fd8c6cc8-728f-48be-8d02-472e5a4c90ed c90d254a5fae4437939b32475221219f 15bd1807516f462ba4de19cbd5bf6677 - - default default] /var/lib/kolla/venv/lib/python3.12/site-packages/urllib3/connectionpool.py:1110: InsecureRequestWarning: Unverified HTTPS request is being made to host '[LB_IP_ADDRESS]'. Adding certificate verification is strongly advised. See: https://urllib3.readthedocs.io/en/latest/advanced-usage.html#tls-warnings
  warnings.warn(

2026-09-28 10:03:07.471 77 INFO cinder.volume.manager [None req-26a2ddd4-4af5-467c-9b67-9722292379dd 82b0271cffaf441bb9d0c0190f36dd97 36436ef0f9054d84824e12197fc75325 - - default default] Deleted volume successfully.
2026-09-28 10:03:07.540 77 INFO cinder.volume.manager [None req-fd8c6cc8-728f-48be-8d02-472e5a4c90ed c90d254a5fae4437939b32475221219f 15bd1807516f462ba4de19cbd5bf6677 - - default default] Deleted volume successfully.
2026-09-28 10:03:07.643 77 INFO cinder.volume.drivers.lightos [None req-a032dba5-2529-434c-9e6c-b4a603237d97 24512349e59f414eb9974a65171375ba a5f701da7be944478241a15451b6af8a - - default default] Invoking delete_volume using DELETE url: /api/v2/projects/default/volumes/36c2bfe9-0742-44b0-ab19-a48e9dbef56b?             request.body:  ssl_verify: False
2026-09-28 10:03:07.677 77 WARNING py.warnings [None req-a032dba5-2529-434c-9e6c-b4a603237d97 24512349e59f414eb9974a65171375ba a5f701da7be944478241a15451b6af8a - - default default] /var/lib/kolla/venv/lib/python3.12/site-packages/urllib3/connectionpool.py:1110: InsecureRequestWarning: Unverified HTTPS request is being made to host '[LB_IP_ADDRESS]'. Adding certificate verification is strongly advised. See: https://urllib3.readthedocs.io/en/latest/advanced-usage.html#tls-warnings
  warnings.warn(

2026-09-28 10:03:07.704 77 INFO cinder.volume.drivers.lightos [None req-a032dba5-2529-434c-9e6c-b4a603237d97 24512349e59f414eb9974a65171375ba a5f701da7be944478241a15451b6af8a - - default default] Invoking get_volume using GET url: /api/v2/projects/default/volumes/36c2bfe9-0742-44b0-ab19-a48e9dbef56b             request.body: {} ssl_verify: False
2026-09-28 10:03:07.747 77 WARNING py.warnings [None req-a032dba5-2529-434c-9e6c-b4a603237d97 24512349e59f414eb9974a65171375ba a5f701da7be944478241a15451b6af8a - - default default] /var/lib/kolla/venv/lib/python3.12/site-packages/urllib3/connectionpool.py:1110: InsecureRequestWarning: Unverified HTTPS request is being made to host '[LB_IP_ADDRESS]'. Adding certificate verification is strongly advised. See: https://urllib3.readthedocs.io/en/latest/advanced-usage.html#tls-warnings
  warnings.warn(

2026-09-28 10:03:07.865 77 INFO cinder.volume.manager [None req-a032dba5-2529-434c-9e6c-b4a603237d97 24512349e59f414eb9974a65171375ba a5f701da7be944478241a15451b6af8a - - default default] Deleted volume successfully.
2026-09-28 10:03:08.132 77 INFO cinder.volume.flows.manager.create_volume [None req-e82c496a-f897-4bef-a5d8-9b754906e1cf 98c0660fcaca4e5ebae3d1d515b6ae9c 8f98a5a25d8b4634a512455e6495affe - - - -] Volume 4d6e8f49-09ad-4b55-b87a-4d2834e7b523: being created as raw with specification: {'status': 'creating', 'volume_name': 'vol_4d6e8f49-09ad-4b55-b87a-4d2834e7b523', 'volume_size': 1}
2026-09-28 10:03:08.132 77 INFO cinder.volume.drivers.lightos [None req-e82c496a-f897-4bef-a5d8-9b754906e1cf 98c0660fcaca4e5ebae3d1d515b6ae9c 8f98a5a25d8b4634a512455e6495affe - - - -] Invoking get_volume_by_name using GET url: /api/v2/projects/default/volumes/?name=vol_4d6e8f49-09ad-4b55-b87a-4d2834e7b523             request.body: {} ssl_verify: False
2026-09-28 10:03:08.167 77 WARNING py.warnings [None req-e82c496a-f897-4bef-a5d8-9b754906e1cf 98c0660fcaca4e5ebae3d1d515b6ae9c 8f98a5a25d8b4634a512455e6495affe - - - -] /var/lib/kolla/venv/lib/python3.12/site-packages/urllib3/connectionpool.py:1110: InsecureRequestWarning: Unverified HTTPS request is being made to host '[LB_IP_ADDRESS]'. Adding certificate verification is strongly advised. See: https://urllib3.readthedocs.io/en/latest/advanced-usage.html#tls-warnings
  warnings.warn(

2026-09-28 10:03:08.177 77 INFO cinder.volume.drivers.lightos [None req-e82c496a-f897-4bef-a5d8-9b754906e1cf 98c0660fcaca4e5ebae3d1d515b6ae9c 8f98a5a25d8b4634a512455e6495affe - - - -] Invoking create_volume using POST url: /api/v2/projects/default/volumes             request.body: {'name': 'vol_4d6e8f49-09ad-4b55-b87a-4d2834e7b523', 'size': '1 gib', 'replicaCount': '3', 'compression': 'False', 'acl': {'values': ['ALLOW_NONE']}, 'IPAcl': {'values': ['ALLOW_NONE']}, 'sourceSnapshotUUID': None, 'sourceSnapshotName': None} ssl_verify: False
2026-09-28 10:03:08.217 77 WARNING py.warnings [None req-e82c496a-f897-4bef-a5d8-9b754906e1cf 98c0660fcaca4e5ebae3d1d515b6ae9c 8f98a5a25d8b4634a512455e6495affe - - - -] /var/lib/kolla/venv/lib/python3.12/site-packages/urllib3/connectionpool.py:1110: InsecureRequestWarning: Unverified HTTPS request is being made to host '[LB_IP_ADDRESS]'. Adding certificate verification is strongly advised. See: https://urllib3.readthedocs.io/en/latest/advanced-usage.html#tls-warnings
  warnings.warn(

2026-09-28 10:03:08.253 77 INFO cinder.volume.drivers.lightos [None req-e82c496a-f897-4bef-a5d8-9b754906e1cf 98c0660fcaca4e5ebae3d1d515b6ae9c 8f98a5a25d8b4634a512455e6495affe - - - -] Invoking get_volume using GET url: /api/v2/projects/default/volumes/43f86359-5833-4221-8fab-0207d82abdb6             request.body: {} ssl_verify: False
2026-09-28 10:03:08.308 77 WARNING py.warnings [None req-e82c496a-f897-4bef-a5d8-9b754906e1cf 98c0660fcaca4e5ebae3d1d515b6ae9c 8f98a5a25d8b4634a512455e6495affe - - - -] /var/lib/kolla/venv/lib/python3.12/site-packages/urllib3/connectionpool.py:1110: InsecureRequestWarning: Unverified HTTPS request is being made to host '[LB_IP_ADDRESS]'. Adding certificate verification is strongly advised. See: https://urllib3.readthedocs.io/en/latest/advanced-usage.html#tls-warnings
  warnings.warn(

2026-09-28 10:03:08.467 77 INFO cinder.volume.drivers.lightos [None req-98cd2d2a-22d9-4b32-ba03-51c2cc2fc98c c90d254a5fae4437939b32475221219f 15bd1807516f462ba4de19cbd5bf6677 - - default default] Invoking delete_volume using DELETE url: /api/v2/projects/default/volumes/fe2d2e07-31d1-4bdc-9116-d318bebd6b17?             request.body:  ssl_verify: False
2026-09-28 10:03:08.502 77 WARNING py.warnings [None req-98cd2d2a-22d9-4b32-ba03-51c2cc2fc98c c90d254a5fae4437939b32475221219f 15bd1807516f462ba4de19cbd5bf6677 - - default default] /var/lib/kolla/venv/lib/python3.12/site-packages/urllib3/connectionpool.py:1110: InsecureRequestWarning: Unverified HTTPS request is being made to host '[LB_IP_ADDRESS]'. Adding certificate verification is strongly advised. See: https://urllib3.readthedocs.io/en/latest/advanced-usage.html#tls-warnings
  warnings.warn(

2026-09-28 10:03:08.534 77 INFO cinder.volume.drivers.lightos [None req-98cd2d2a-22d9-4b32-ba03-51c2cc2fc98c c90d254a5fae4437939b32475221219f 15bd1807516f462ba4de19cbd5bf6677 - - default default] Invoking get_volume using GET url: /api/v2/projects/default/volumes/fe2d2e07-31d1-4bdc-9116-d318bebd6b17             request.body: {} ssl_verify: False
2026-09-28 10:03:08.575 77 WARNING py.warnings [None req-98cd2d2a-22d9-4b32-ba03-51c2cc2fc98c c90d254a5fae4437939b32475221219f 15bd1807516f462ba4de19cbd5bf6677 - - default default] /var/lib/kolla/venv/lib/python3.12/site-packages/urllib3/connectionpool.py:1110: InsecureRequestWarning: Unverified HTTPS request is being made to host '[LB_IP_ADDRESS]'. Adding certificate verification is strongly advised. See: https://urllib3.readthedocs.io/en/latest/advanced-usage.html#tls-warnings
  warnings.warn(

2026-09-28 10:03:08.701 77 INFO cinder.volume.manager [None req-98cd2d2a-22d9-4b32-ba03-51c2cc2fc98c c90d254a5fae4437939b32475221219f 15bd1807516f462ba4de19cbd5bf6677 - - default default] Deleted volume successfully.
2026-09-28 10:03:09.342 77 INFO cinder.volume.drivers.lightos [None req-e82c496a-f897-4bef-a5d8-9b754906e1cf 98c0660fcaca4e5ebae3d1d515b6ae9c 8f98a5a25d8b4634a512455e6495affe - - - -] Invoking get_volume using GET url: /api/v2/projects/default/volumes/43f86359-5833-4221-8fab-0207d82abdb6             request.body: {} ssl_verify: False
2026-09-28 10:03:09.389 77 WARNING py.warnings [None req-e82c496a-f897-4bef-a5d8-9b754906e1cf 98c0660fcaca4e5ebae3d1d515b6ae9c 8f98a5a25d8b4634a512455e6495affe - - - -] /var/lib/kolla/venv/lib/python3.12/site-packages/urllib3/connectionpool.py:1110: InsecureRequestWarning: Unverified HTTPS request is being made to host '[LB_IP_ADDRESS]'. Adding certificate verification is strongly advised. See: https://urllib3.readthedocs.io/en/latest/advanced-usage.html#tls-warnings
  warnings.warn(

2026-09-28 10:03:09.422 77 INFO cinder.volume.flows.manager.create_volume [None req-e82c496a-f897-4bef-a5d8-9b754906e1cf 98c0660fcaca4e5ebae3d1d515b6ae9c 8f98a5a25d8b4634a512455e6495affe - - - -] Volume vol_4d6e8f49-09ad-4b55-b87a-4d2834e7b523 (4d6e8f49-09ad-4b55-b87a-4d2834e7b523): created successfully
2026-09-28 10:03:09.430 77 INFO cinder.volume.manager [None req-e82c496a-f897-4bef-a5d8-9b754906e1cf 98c0660fcaca4e5ebae3d1d515b6ae9c 8f98a5a25d8b4634a512455e6495affe - - - -] Created volume successfully.
2026-09-28 10:03:09.632 77 INFO cinder.volume.drivers.lightos [None req-6de1b77b-9f01-4aca-8d73-a27c70b39aa1 c90d254a5fae4437939b32475221219f 15bd1807516f462ba4de19cbd5bf6677 - - default default] Invoking delete_volume using DELETE url: /api/v2/projects/default/volumes/a37927c7-7769-4779-872d-f45b66a528a6?             request.body:  ssl_verify: False
2026-09-28 10:03:09.668 77 WARNING py.warnings [None req-6de1b77b-9f01-4aca-8d73-a27c70b39aa1 c90d254a5fae4437939b32475221219f 15bd1807516f462ba4de19cbd5bf6677 - - default default] /var/lib/kolla/venv/lib/python3.12/site-packages/urllib3/connectionpool.py:1110: InsecureRequestWarning: Unverified HTTPS request is being made to host '[LB_IP_ADDRESS]'. Adding certificate verification is strongly advised. See: https://urllib3.readthedocs.io/en/latest/advanced-usage.html#tls-warnings
  warnings.warn(

2026-09-28 10:03:09.694 77 INFO cinder.volume.drivers.lightos [None req-6de1b77b-9f01-4aca-8d73-a27c70b39aa1 c90d254a5fae4437939b32475221219f 15bd1807516f462ba4de19cbd5bf6677 - - default default] Invoking get_volume using GET url: /api/v2/projects/default/volumes/a37927c7-7769-4779-872d-f45b66a528a6             request.body: {} ssl_verify: False
2026-09-28 10:03:09.737 77 WARNING py.warnings [None req-6de1b77b-9f01-4aca-8d73-a27c70b39aa1 c90d254a5fae4437939b32475221219f 15bd1807516f462ba4de19cbd5bf6677 - - default default] /var/lib/kolla/venv/lib/python3.12/site-packages/urllib3/connectionpool.py:1110: InsecureRequestWarning: Unverified HTTPS request is being made to host '[LB_IP_ADDRESS]'. Adding certificate verification is strongly advised. See: https://urllib3.readthedocs.io/en/latest/advanced-usage.html#tls-warnings
  warnings.warn(

2026-09-28 10:03:09.902 77 INFO cinder.volume.manager [None req-6de1b77b-9f01-4aca-8d73-a27c70b39aa1 c90d254a5fae4437939b32475221219f 15bd1807516f462ba4de19cbd5bf6677 - - default default] Deleted volume successfully.
2026-09-28 10:03:10.393 77 INFO cinder.volume.drivers.lightos [None req-f03c432b-32d3-4ffa-a025-c0292b7cd604 98c0660fcaca4e5ebae3d1d515b6ae9c 8f98a5a25d8b4634a512455e6495affe - - - -] Invoking get_snapshot_by_name using GET url: /api/v2/projects/default/snapshots/?Name=snapshot-c2581cf4-8308-4d37-8c7b-bedd21b09077             request.body: {} ssl_verify: False
2026-09-28 10:03:10.427 77 WARNING py.warnings [None req-f03c432b-32d3-4ffa-a025-c0292b7cd604 98c0660fcaca4e5ebae3d1d515b6ae9c 8f98a5a25d8b4634a512455e6495affe - - - -] /var/lib/kolla/venv/lib/python3.12/site-packages/urllib3/connectionpool.py:1110: InsecureRequestWarning: Unverified HTTPS request is being made to host '[LB_IP_ADDRESS]'. Adding certificate verification is strongly advised. See: https://urllib3.readthedocs.io/en/latest/advanced-usage.html#tls-warnings
  warnings.warn(

2026-09-28 10:03:10.437 77 INFO cinder.volume.drivers.lightos [None req-f03c432b-32d3-4ffa-a025-c0292b7cd604 98c0660fcaca4e5ebae3d1d515b6ae9c 8f98a5a25d8b4634a512455e6495affe - - - -] Invoking create_snapshot using POST url: /api/v2/projects/default/snapshots             request.body: {'name': 'snapshot-c2581cf4-8308-4d37-8c7b-bedd21b09077', 'sourceVolumeUUID': None, 'sourceVolumeName': 'vol_4d6e8f49-09ad-4b55-b87a-4d2834e7b523'} ssl_verify: False
2026-09-28 10:03:10.478 77 WARNING py.warnings [None req-f03c432b-32d3-4ffa-a025-c0292b7cd604 98c0660fcaca4e5ebae3d1d515b6ae9c 8f98a5a25d8b4634a512455e6495affe - - - -] /var/lib/kolla/venv/lib/python3.12/site-packages/urllib3/connectionpool.py:1110: InsecureRequestWarning: Unverified HTTPS request is being made to host '[LB_IP_ADDRESS]'. Adding certificate verification is strongly advised. See: https://urllib3.readthedocs.io/en/latest/advanced-usage.html#tls-warnings
  warnings.warn(

2026-09-28 10:03:10.525 77 INFO cinder.volume.drivers.lightos [None req-f03c432b-32d3-4ffa-a025-c0292b7cd604 98c0660fcaca4e5ebae3d1d515b6ae9c 8f98a5a25d8b4634a512455e6495affe - - - -] Invoking get_snapshot_by_name using GET url: /api/v2/projects/default/snapshots/?Name=snapshot-c2581cf4-8308-4d37-8c7b-bedd21b09077             request.body: {} ssl_verify: False
2026-09-28 10:03:10.568 77 WARNING py.warnings [None req-f03c432b-32d3-4ffa-a025-c0292b7cd604 98c0660fcaca4e5ebae3d1d515b6ae9c 8f98a5a25d8b4634a512455e6495affe - - - -] /var/lib/kolla/venv/lib/python3.12/site-packages/urllib3/connectionpool.py:1110: InsecureRequestWarning: Unverified HTTPS request is being made to host '[LB_IP_ADDRESS]'. Adding certificate verification is strongly advised. See: https://urllib3.readthedocs.io/en/latest/advanced-usage.html#tls-warnings
  warnings.warn(

2026-09-28 10:03:11.584 77 INFO cinder.volume.drivers.lightos [None req-f03c432b-32d3-4ffa-a025-c0292b7cd604 98c0660fcaca4e5ebae3d1d515b6ae9c 8f98a5a25d8b4634a512455e6495affe - - - -] Invoking get_snapshot_by_name using GET url: /api/v2/projects/default/snapshots/?Name=snapshot-c2581cf4-8308-4d37-8c7b-bedd21b09077             request.body: {} ssl_verify: False
2026-09-28 10:03:11.628 77 WARNING py.warnings [None req-f03c432b-32d3-4ffa-a025-c0292b7cd604 98c0660fcaca4e5ebae3d1d515b6ae9c 8f98a5a25d8b4634a512455e6495affe - - - -] /var/lib/kolla/venv/lib/python3.12/site-packages/urllib3/connectionpool.py:1110: InsecureRequestWarning: Unverified HTTPS request is being made to host '[LB_IP_ADDRESS]'. Adding certificate verification is strongly advised. See: https://urllib3.readthedocs.io/en/latest/advanced-usage.html#tls-warnings
  warnings.warn(

2026-09-28 10:03:11.659 77 INFO cinder.volume.manager [None req-f03c432b-32d3-4ffa-a025-c0292b7cd604 98c0660fcaca4e5ebae3d1d515b6ae9c 8f98a5a25d8b4634a512455e6495affe - - - -] Create snapshot completed successfully
2026-09-28 10:03:12.985 77 INFO cinder.volume.drivers.lightos [None req-2099613f-2232-437e-9da3-90ee3fca4c0d 98c0660fcaca4e5ebae3d1d515b6ae9c 8f98a5a25d8b4634a512455e6495affe - - default default] Invoking get_snapshot_by_name using GET url: /api/v2/projects/default/snapshots/?Name=snapshot-c2581cf4-8308-4d37-8c7b-bedd21b09077             request.body: {} ssl_verify: False
2026-09-28 10:03:13.026 77 WARNING py.warnings [None req-2099613f-2232-437e-9da3-90ee3fca4c0d 98c0660fcaca4e5ebae3d1d515b6ae9c 8f98a5a25d8b4634a512455e6495affe - - default default] /var/lib/kolla/venv/lib/python3.12/site-packages/urllib3/connectionpool.py:1110: InsecureRequestWarning: Unverified HTTPS request is being made to host '[LB_IP_ADDRESS]'. Adding certificate verification is strongly advised. See: https://urllib3.readthedocs.io/en/latest/advanced-usage.html#tls-warnings
  warnings.warn(

2026-09-28 10:03:13.039 77 INFO cinder.volume.drivers.lightos [None req-2099613f-2232-437e-9da3-90ee3fca4c0d 98c0660fcaca4e5ebae3d1d515b6ae9c 8f98a5a25d8b4634a512455e6495affe - - default default] Invoking delete_snapshot using DELETE url: /api/v2/projects/default/snapshots/761b9670-d67c-4120-820d-6c83159af8ca?             request.body:  ssl_verify: False
2026-09-28 10:03:13.082 77 WARNING py.warnings [None req-2099613f-2232-437e-9da3-90ee3fca4c0d 98c0660fcaca4e5ebae3d1d515b6ae9c 8f98a5a25d8b4634a512455e6495affe - - default default] /var/lib/kolla/venv/lib/python3.12/site-packages/urllib3/connectionpool.py:1110: InsecureRequestWarning: Unverified HTTPS request is being made to host '[LB_IP_ADDRESS]'. Adding certificate verification is strongly advised. See: https://urllib3.readthedocs.io/en/latest/advanced-usage.html#tls-warnings
  warnings.warn(

2026-09-28 10:03:13.116 77 INFO cinder.volume.drivers.lightos [None req-2099613f-2232-437e-9da3-90ee3fca4c0d 98c0660fcaca4e5ebae3d1d515b6ae9c 8f98a5a25d8b4634a512455e6495affe - - default default] Invoking get_snapshot using GET url: /api/v2/projects/default/snapshots/761b9670-d67c-4120-820d-6c83159af8ca             request.body: {} ssl_verify: False
2026-09-28 10:03:13.157 77 WARNING py.warnings [None req-2099613f-2232-437e-9da3-90ee3fca4c0d 98c0660fcaca4e5ebae3d1d515b6ae9c 8f98a5a25d8b4634a512455e6495affe - - default default] /var/lib/kolla/venv/lib/python3.12/site-packages/urllib3/connectionpool.py:1110: InsecureRequestWarning: Unverified HTTPS request is being made to host '[LB_IP_ADDRESS]'. Adding certificate verification is strongly advised. See: https://urllib3.readthedocs.io/en/latest/advanced-usage.html#tls-warnings
  warnings.warn(

2026-09-28 10:03:13.271 77 INFO cinder.volume.manager [None req-2099613f-2232-437e-9da3-90ee3fca4c0d 98c0660fcaca4e5ebae3d1d515b6ae9c 8f98a5a25d8b4634a512455e6495affe - - default default] Delete snapshot completed successfully.
2026-09-28 10:03:14.252 77 INFO cinder.volume.drivers.lightos [None req-fa7485ad-be43-4295-a3f5-af15a91d353f 98c0660fcaca4e5ebae3d1d515b6ae9c 8f98a5a25d8b4634a512455e6495affe - - default default] Invoking delete_volume using DELETE url: /api/v2/projects/default/volumes/43f86359-5833-4221-8fab-0207d82abdb6?             request.body:  ssl_verify: False
2026-09-28 10:03:14.287 77 WARNING py.warnings [None req-fa7485ad-be43-4295-a3f5-af15a91d353f 98c0660fcaca4e5ebae3d1d515b6ae9c 8f98a5a25d8b4634a512455e6495affe - - default default] /var/lib/kolla/venv/lib/python3.12/site-packages/urllib3/connectionpool.py:1110: InsecureRequestWarning: Unverified HTTPS request is being made to host '[LB_IP_ADDRESS]'. Adding certificate verification is strongly advised. See: https://urllib3.readthedocs.io/en/latest/advanced-usage.html#tls-warnings
  warnings.warn(

2026-09-28 10:03:14.312 77 INFO cinder.volume.drivers.lightos [None req-fa7485ad-be43-4295-a3f5-af15a91d353f 98c0660fcaca4e5ebae3d1d515b6ae9c 8f98a5a25d8b4634a512455e6495affe - - default default] Invoking get_volume using GET url: /api/v2/projects/default/volumes/43f86359-5833-4221-8fab-0207d82abdb6             request.body: {} ssl_verify: False
2026-09-28 10:03:14.358 77 WARNING py.warnings [None req-fa7485ad-be43-4295-a3f5-af15a91d353f 98c0660fcaca4e5ebae3d1d515b6ae9c 8f98a5a25d8b4634a512455e6495affe - - default default] /var/lib/kolla/venv/lib/python3.12/site-packages/urllib3/connectionpool.py:1110: InsecureRequestWarning: Unverified HTTPS request is being made to host '[LB_IP_ADDRESS]'. Adding certificate verification is strongly advised. See: https://urllib3.readthedocs.io/en/latest/advanced-usage.html#tls-warnings
  warnings.warn(

2026-09-28 10:03:14.483 77 INFO cinder.volume.manager [None req-fa7485ad-be43-4295-a3f5-af15a91d353f 98c0660fcaca4e5ebae3d1d515b6ae9c 8f98a5a25d8b4634a512455e6495affe - - default default] Deleted volume successfully.
2026-09-28 10:03:15.122 77 INFO cinder.volume.flows.manager.create_volume [None req-73b2c240-9b06-41d2-b312-6ea623de7d1d 65529853b5cb43dfa5b607ee41693326 25ca7dcc12e944ac901f3a22eba1b7ce - - - -] Volume 9748816a-a23e-481b-8abc-a49040a9a820: being created as raw with specification: {'status': 'creating', 'volume_name': 'vol_9748816a-a23e-481b-8abc-a49040a9a820', 'volume_size': 1}
2026-09-28 10:03:15.123 77 INFO cinder.volume.drivers.lightos [None req-73b2c240-9b06-41d2-b312-6ea623de7d1d 65529853b5cb43dfa5b607ee41693326 25ca7dcc12e944ac901f3a22eba1b7ce - - - -] Invoking get_volume_by_name using GET url: /api/v2/projects/default/volumes/?name=vol_9748816a-a23e-481b-8abc-a49040a9a820             request.body: {} ssl_verify: False
2026-09-28 10:03:15.159 77 WARNING py.warnings [None req-73b2c240-9b06-41d2-b312-6ea623de7d1d 65529853b5cb43dfa5b607ee41693326 25ca7dcc12e944ac901f3a22eba1b7ce - - - -] /var/lib/kolla/venv/lib/python3.12/site-packages/urllib3/connectionpool.py:1110: InsecureRequestWarning: Unverified HTTPS request is being made to host '[LB_IP_ADDRESS]'. Adding certificate verification is strongly advised. See: https://urllib3.readthedocs.io/en/latest/advanced-usage.html#tls-warnings
  warnings.warn(

2026-09-28 10:03:15.172 77 INFO cinder.volume.drivers.lightos [None req-73b2c240-9b06-41d2-b312-6ea623de7d1d 65529853b5cb43dfa5b607ee41693326 25ca7dcc12e944ac901f3a22eba1b7ce - - - -] Invoking create_volume using POST url: /api/v2/projects/default/volumes             request.body: {'name': 'vol_9748816a-a23e-481b-8abc-a49040a9a820', 'size': '1 gib', 'replicaCount': '3', 'compression': 'False', 'acl': {'values': ['ALLOW_NONE']}, 'IPAcl': {'values': ['ALLOW_NONE']}, 'sourceSnapshotUUID': None, 'sourceSnapshotName': None} ssl_verify: False
2026-09-28 10:03:15.214 77 WARNING py.warnings [None req-73b2c240-9b06-41d2-b312-6ea623de7d1d 65529853b5cb43dfa5b607ee41693326 25ca7dcc12e944ac901f3a22eba1b7ce - - - -] /var/lib/kolla/venv/lib/python3.12/site-packages/urllib3/connectionpool.py:1110: InsecureRequestWarning: Unverified HTTPS request is being made to host '[LB_IP_ADDRESS]'. Adding certificate verification is strongly advised. See: https://urllib3.readthedocs.io/en/latest/advanced-usage.html#tls-warnings
  warnings.warn(

2026-09-28 10:03:15.239 77 INFO cinder.volume.drivers.lightos [None req-73b2c240-9b06-41d2-b312-6ea623de7d1d 65529853b5cb43dfa5b607ee41693326 25ca7dcc12e944ac901f3a22eba1b7ce - - - -] Invoking get_volume using GET url: /api/v2/projects/default/volumes/00d716c7-2a29-4b3e-b7ed-2e881417e62d             request.body: {} ssl_verify: False
2026-09-28 10:03:15.285 77 WARNING py.warnings [None req-73b2c240-9b06-41d2-b312-6ea623de7d1d 65529853b5cb43dfa5b607ee41693326 25ca7dcc12e944ac901f3a22eba1b7ce - - - -] /var/lib/kolla/venv/lib/python3.12/site-packages/urllib3/connectionpool.py:1110: InsecureRequestWarning: Unverified HTTPS request is being made to host '[LB_IP_ADDRESS]'. Adding certificate verification is strongly advised. See: https://urllib3.readthedocs.io/en/latest/advanced-usage.html#tls-warnings
  warnings.warn(

2026-09-28 10:03:16.321 77 INFO cinder.volume.drivers.lightos [None req-73b2c240-9b06-41d2-b312-6ea623de7d1d 65529853b5cb43dfa5b607ee41693326 25ca7dcc12e944ac901f3a22eba1b7ce - - - -] Invoking get_volume using GET url: /api/v2/projects/default/volumes/00d716c7-2a29-4b3e-b7ed-2e881417e62d             request.body: {} ssl_verify: False
2026-09-28 10:03:16.369 77 WARNING py.warnings [None req-73b2c240-9b06-41d2-b312-6ea623de7d1d 65529853b5cb43dfa5b607ee41693326 25ca7dcc12e944ac901f3a22eba1b7ce - - - -] /var/lib/kolla/venv/lib/python3.12/site-packages/urllib3/connectionpool.py:1110: InsecureRequestWarning: Unverified HTTPS request is being made to host '[LB_IP_ADDRESS]'. Adding certificate verification is strongly advised. See: https://urllib3.readthedocs.io/en/latest/advanced-usage.html#tls-warnings
  warnings.warn(

2026-09-28 10:03:16.405 77 INFO cinder.volume.flows.manager.create_volume [None req-73b2c240-9b06-41d2-b312-6ea623de7d1d 65529853b5cb43dfa5b607ee41693326 25ca7dcc12e944ac901f3a22eba1b7ce - - - -] Volume vol_9748816a-a23e-481b-8abc-a49040a9a820 (9748816a-a23e-481b-8abc-a49040a9a820): created successfully
2026-09-28 10:03:16.415 77 INFO cinder.volume.manager [None req-73b2c240-9b06-41d2-b312-6ea623de7d1d 65529853b5cb43dfa5b607ee41693326 25ca7dcc12e944ac901f3a22eba1b7ce - - - -] Created volume successfully.
2026-09-28 10:03:17.389 77 INFO cinder.volume.drivers.lightos [None req-9a322077-39fd-4676-982e-e270e37c73b3 65529853b5cb43dfa5b607ee41693326 25ca7dcc12e944ac901f3a22eba1b7ce - - default default] Invoking delete_volume using DELETE url: /api/v2/projects/default/volumes/00d716c7-2a29-4b3e-b7ed-2e881417e62d?             request.body:  ssl_verify: False
2026-09-28 10:03:17.426 77 WARNING py.warnings [None req-9a322077-39fd-4676-982e-e270e37c73b3 65529853b5cb43dfa5b607ee41693326 25ca7dcc12e944ac901f3a22eba1b7ce - - default default] /var/lib/kolla/venv/lib/python3.12/site-packages/urllib3/connectionpool.py:1110: InsecureRequestWarning: Unverified HTTPS request is being made to host '[LB_IP_ADDRESS]'. Adding certificate verification is strongly advised. See: https://urllib3.readthedocs.io/en/latest/advanced-usage.html#tls-warnings
  warnings.warn(

2026-09-28 10:03:17.525 77 INFO cinder.volume.drivers.lightos [None req-9a322077-39fd-4676-982e-e270e37c73b3 65529853b5cb43dfa5b607ee41693326 25ca7dcc12e944ac901f3a22eba1b7ce - - default default] Invoking get_volume using GET url: /api/v2/projects/default/volumes/00d716c7-2a29-4b3e-b7ed-2e881417e62d             request.body: {} ssl_verify: False
2026-09-28 10:03:17.569 77 WARNING py.warnings [None req-9a322077-39fd-4676-982e-e270e37c73b3 65529853b5cb43dfa5b607ee41693326 25ca7dcc12e944ac901f3a22eba1b7ce - - default default] /var/lib/kolla/venv/lib/python3.12/site-packages/urllib3/connectionpool.py:1110: InsecureRequestWarning: Unverified HTTPS request is being made to host '[LB_IP_ADDRESS]'. Adding certificate verification is strongly advised. See: https://urllib3.readthedocs.io/en/latest/advanced-usage.html#tls-warnings
  warnings.warn(

2026-09-28 10:03:17.723 77 INFO cinder.volume.manager [None req-9a322077-39fd-4676-982e-e270e37c73b3 65529853b5cb43dfa5b607ee41693326 25ca7dcc12e944ac901f3a22eba1b7ce - - default default] Deleted volume successfully.
2026-09-28 10:03:19.731 77 WARNING cinder.image.glance [None req-e9fcb404-dc62-4f8b-ae22-1a82aa73d9b7 078745b9d893484b877dd5b6afc67170 5360abc6b474409b88632dfdeb0b299e - - - -] Glance method get_image_locations is available but a dedicated [glance] section is required in the cinder configuration file to allow service-to-service communication.: glanceclient.exc.HTTPForbidden: HTTP 403 Forbidden: You are not authorized to complete fetch_image_location action.
2026-09-28 10:03:19.800 77 INFO cinder.volume.flows.manager.create_volume [None req-e9fcb404-dc62-4f8b-ae22-1a82aa73d9b7 078745b9d893484b877dd5b6afc67170 5360abc6b474409b88632dfdeb0b299e - - - -] Volume bdeb11d0-12ad-493c-a61e-414b385c6dfe: being created as image with specification: {'status': 'creating', 'volume_name': 'vol_bdeb11d0-12ad-493c-a61e-414b385c6dfe', 'volume_size': 1, 'image_id': '545c8ea5-cae4-4d3e-b3ff-02364f54bc85', 'image_location': (None, []), 'image_meta': {'name': 'cirros', 'disk_format': 'qcow2', 'container_format': 'bare', 'visibility': 'public', 'size': 12716032, 'virtual_size': 46137344, 'status': 'active', 'checksum': '443b7623e27ecf03dc9e01ee93f67afe', 'protected': False, 'min_ram': 0, 'min_disk': 0, 'owner': 'fa83639000624d7785ca4a397a2ed070', 'os_hidden': False, 'os_hash_algo': 'sha512', 'os_hash_value': '6513f21e44aa3da349f248188a44bc304a3653a04122d8fb4535423c8e1d14cd6a153f735bb0982e2161b5b5186106570c17a9e58b64dd39390617cd5a350f78', 'id': '545c8ea5-cae4-4d3e-b3ff-02364f54bc85', 'created_at': datetime.datetime(2026, 9, 6, 8, 21, 35, tzinfo=datetime.timezone.utc), 'updated_at': datetime.datetime(2026, 9, 6, 8, 21, 35, tzinfo=datetime.timezone.utc), 'tags': [], 'file': '/v2/images/545c8ea5-cae4-4d3e-b3ff-02364f54bc85/file', 'stores': 'file', 'properties': {'owner_specified.openstack.md5': '', 'owner_specified.openstack.object': 'images/cirros', 'owner_specified.openstack.sha256': ''}}, 'image_service': <cinder.image.glance.GlanceImageService object at 0x70d74d0042f0>}
2026-09-28 10:03:20.003 77 INFO cinder.image.image_utils [None req-e9fcb404-dc62-4f8b-ae22-1a82aa73d9b7 078745b9d893484b877dd5b6afc67170 5360abc6b474409b88632dfdeb0b299e - - - -] Image download 12.13 MB at 12.13 MB/s
2026-09-28 10:03:20.034 77 INFO oslo.privsep.daemon [None req-e9fcb404-dc62-4f8b-ae22-1a82aa73d9b7 078745b9d893484b877dd5b6afc67170 5360abc6b474409b88632dfdeb0b299e - - - -] Running privsep helper: ['sudo', 'cinder-rootwrap', '/etc/cinder/rootwrap.conf', 'privsep-helper', '--config-file', '/etc/cinder/cinder.conf', '--privsep_context', 'cinder.privsep.sys_admin_pctxt', '--privsep_sock_path', '/tmp/tmpqjvz36h8/privsep.sock']
2026-09-28 10:03:20.767 77 INFO oslo.privsep.daemon [None req-e9fcb404-dc62-4f8b-ae22-1a82aa73d9b7 078745b9d893484b877dd5b6afc67170 5360abc6b474409b88632dfdeb0b299e - - - -] Spawned new privsep daemon via rootwrap
2026-09-28 10:03:20.632 151 INFO oslo.privsep.daemon [-] privsep daemon starting
2026-09-28 10:03:20.641 151 INFO oslo.privsep.daemon [-] privsep process running with uid/gid: 0/0
2026-09-28 10:03:20.644 151 INFO oslo.privsep.daemon [-] privsep process running with capabilities (eff/prm/inh): CAP_CHOWN|CAP_DAC_OVERRIDE|CAP_DAC_READ_SEARCH|CAP_FOWNER|CAP_NET_ADMIN|CAP_SYS_ADMIN/CAP_CHOWN|CAP_DAC_OVERRIDE|CAP_DAC_READ_SEARCH|CAP_FOWNER|CAP_NET_ADMIN|CAP_SYS_ADMIN/none
2026-09-28 10:03:20.644 151 INFO oslo.privsep.daemon [-] privsep daemon running as pid 151
2026-09-28 10:03:21.547 77 INFO cinder.volume.drivers.lightos [None req-e9fcb404-dc62-4f8b-ae22-1a82aa73d9b7 078745b9d893484b877dd5b6afc67170 5360abc6b474409b88632dfdeb0b299e - - - -] Invoking get_volume_by_name using GET url: /api/v2/projects/default/volumes/?name=vol_bdeb11d0-12ad-493c-a61e-414b385c6dfe             request.body: {} ssl_verify: False
2026-09-28 10:03:21.597 77 WARNING py.warnings [None req-e9fcb404-dc62-4f8b-ae22-1a82aa73d9b7 078745b9d893484b877dd5b6afc67170 5360abc6b474409b88632dfdeb0b299e - - - -] /var/lib/kolla/venv/lib/python3.12/site-packages/urllib3/connectionpool.py:1110: InsecureRequestWarning: Unverified HTTPS request is being made to host '[LB_IP_ADDRESS]'. Adding certificate verification is strongly advised. See: https://urllib3.readthedocs.io/en/latest/advanced-usage.html#tls-warnings
  warnings.warn(

2026-09-28 10:03:21.610 77 INFO cinder.volume.drivers.lightos [None req-e9fcb404-dc62-4f8b-ae22-1a82aa73d9b7 078745b9d893484b877dd5b6afc67170 5360abc6b474409b88632dfdeb0b299e - - - -] Invoking create_volume using POST url: /api/v2/projects/default/volumes             request.body: {'name': 'vol_bdeb11d0-12ad-493c-a61e-414b385c6dfe', 'size': '1 gib', 'replicaCount': '3', 'compression': 'False', 'acl': {'values': ['ALLOW_NONE']}, 'IPAcl': {'values': ['ALLOW_NONE']}, 'sourceSnapshotUUID': None, 'sourceSnapshotName': None} ssl_verify: False
2026-09-28 10:03:21.655 77 WARNING py.warnings [None req-e9fcb404-dc62-4f8b-ae22-1a82aa73d9b7 078745b9d893484b877dd5b6afc67170 5360abc6b474409b88632dfdeb0b299e - - - -] /var/lib/kolla/venv/lib/python3.12/site-packages/urllib3/connectionpool.py:1110: InsecureRequestWarning: Unverified HTTPS request is being made to host '[LB_IP_ADDRESS]'. Adding certificate verification is strongly advised. See: https://urllib3.readthedocs.io/en/latest/advanced-usage.html#tls-warnings
  warnings.warn(

2026-09-28 10:03:21.686 77 INFO cinder.volume.drivers.lightos [None req-e9fcb404-dc62-4f8b-ae22-1a82aa73d9b7 078745b9d893484b877dd5b6afc67170 5360abc6b474409b88632dfdeb0b299e - - - -] Invoking get_volume using GET url: /api/v2/projects/default/volumes/c100ea5e-d134-4eeb-b5d3-a585f9c83e41             request.body: {} ssl_verify: False
2026-09-28 10:03:21.735 77 WARNING py.warnings [None req-e9fcb404-dc62-4f8b-ae22-1a82aa73d9b7 078745b9d893484b877dd5b6afc67170 5360abc6b474409b88632dfdeb0b299e - - - -] /var/lib/kolla/venv/lib/python3.12/site-packages/urllib3/connectionpool.py:1110: InsecureRequestWarning: Unverified HTTPS request is being made to host '[LB_IP_ADDRESS]'. Adding certificate verification is strongly advised. See: https://urllib3.readthedocs.io/en/latest/advanced-usage.html#tls-warnings
  warnings.warn(

2026-09-28 10:03:22.768 77 INFO cinder.volume.drivers.lightos [None req-e9fcb404-dc62-4f8b-ae22-1a82aa73d9b7 078745b9d893484b877dd5b6afc67170 5360abc6b474409b88632dfdeb0b299e - - - -] Invoking get_volume using GET url: /api/v2/projects/default/volumes/c100ea5e-d134-4eeb-b5d3-a585f9c83e41             request.body: {} ssl_verify: False
2026-09-28 10:03:22.814 77 WARNING py.warnings [None req-e9fcb404-dc62-4f8b-ae22-1a82aa73d9b7 078745b9d893484b877dd5b6afc67170 5360abc6b474409b88632dfdeb0b299e - - - -] /var/lib/kolla/venv/lib/python3.12/site-packages/urllib3/connectionpool.py:1110: InsecureRequestWarning: Unverified HTTPS request is being made to host '[LB_IP_ADDRESS]'. Adding certificate verification is strongly advised. See: https://urllib3.readthedocs.io/en/latest/advanced-usage.html#tls-warnings
  warnings.warn(

2026-09-28 10:03:22.848 77 INFO oslo.privsep.daemon [None req-e9fcb404-dc62-4f8b-ae22-1a82aa73d9b7 078745b9d893484b877dd5b6afc67170 5360abc6b474409b88632dfdeb0b299e - - - -] Running privsep helper: ['sudo', '-E', 'cinder-rootwrap', '/etc/cinder/rootwrap.conf', 'privsep-helper', '--config-file', '/etc/cinder/cinder.conf', '--privsep_context', 'os_brick.privileged.default', '--privsep_sock_path', '/tmp/tmpmxcj449v/privsep.sock']
2026-09-28 10:03:22.901 77 INFO cinder.volume.flows.manager.create_volume [None req-41b04dc6-d930-4b98-ba65-e2a09800ea05 d7924689fc3d43daae9da3468f735777 b0b84db6f2f640a9af87e035dab9b12a - - - -] Volume 141d8539-8d83-4b78-a7d7-9e1a903d03aa: being created as raw with specification: {'status': 'creating', 'volume_name': 'vol_141d8539-8d83-4b78-a7d7-9e1a903d03aa', 'volume_size': 1}
2026-09-28 10:03:22.901 77 INFO cinder.volume.drivers.lightos [None req-41b04dc6-d930-4b98-ba65-e2a09800ea05 d7924689fc3d43daae9da3468f735777 b0b84db6f2f640a9af87e035dab9b12a - - - -] Invoking get_volume_by_name using GET url: /api/v2/projects/default/volumes/?name=vol_141d8539-8d83-4b78-a7d7-9e1a903d03aa             request.body: {} ssl_verify: False
2026-09-28 10:03:22.936 77 WARNING py.warnings [None req-41b04dc6-d930-4b98-ba65-e2a09800ea05 d7924689fc3d43daae9da3468f735777 b0b84db6f2f640a9af87e035dab9b12a - - - -] /var/lib/kolla/venv/lib/python3.12/site-packages/urllib3/connectionpool.py:1110: InsecureRequestWarning: Unverified HTTPS request is being made to host '[LB_IP_ADDRESS]'. Adding certificate verification is strongly advised. See: https://urllib3.readthedocs.io/en/latest/advanced-usage.html#tls-warnings
  warnings.warn(

2026-09-28 10:03:22.953 77 INFO cinder.volume.drivers.lightos [None req-41b04dc6-d930-4b98-ba65-e2a09800ea05 d7924689fc3d43daae9da3468f735777 b0b84db6f2f640a9af87e035dab9b12a - - - -] Invoking create_volume using POST url: /api/v2/projects/default/volumes             request.body: {'name': 'vol_141d8539-8d83-4b78-a7d7-9e1a903d03aa', 'size': '1 gib', 'replicaCount': '3', 'compression': 'False', 'acl': {'values': ['ALLOW_NONE']}, 'IPAcl': {'values': ['ALLOW_NONE']}, 'sourceSnapshotUUID': None, 'sourceSnapshotName': None} ssl_verify: False
2026-09-28 10:03:22.995 77 WARNING py.warnings [None req-41b04dc6-d930-4b98-ba65-e2a09800ea05 d7924689fc3d43daae9da3468f735777 b0b84db6f2f640a9af87e035dab9b12a - - - -] /var/lib/kolla/venv/lib/python3.12/site-packages/urllib3/connectionpool.py:1110: InsecureRequestWarning: Unverified HTTPS request is being made to host '[LB_IP_ADDRESS]'. Adding certificate verification is strongly advised. See: https://urllib3.readthedocs.io/en/latest/advanced-usage.html#tls-warnings
  warnings.warn(

2026-09-28 10:03:23.023 77 INFO cinder.volume.drivers.lightos [None req-41b04dc6-d930-4b98-ba65-e2a09800ea05 d7924689fc3d43daae9da3468f735777 b0b84db6f2f640a9af87e035dab9b12a - - - -] Invoking get_volume using GET url: /api/v2/projects/default/volumes/b808d9fb-2f71-4100-a5fd-7f695b329740             request.body: {} ssl_verify: False
2026-09-28 10:03:23.066 77 WARNING py.warnings [None req-41b04dc6-d930-4b98-ba65-e2a09800ea05 d7924689fc3d43daae9da3468f735777 b0b84db6f2f640a9af87e035dab9b12a - - - -] /var/lib/kolla/venv/lib/python3.12/site-packages/urllib3/connectionpool.py:1110: InsecureRequestWarning: Unverified HTTPS request is being made to host '[LB_IP_ADDRESS]'. Adding certificate verification is strongly advised. See: https://urllib3.readthedocs.io/en/latest/advanced-usage.html#tls-warnings
  warnings.warn(

2026-09-28 10:03:23.358 77 INFO oslo.privsep.daemon [None req-e9fcb404-dc62-4f8b-ae22-1a82aa73d9b7 078745b9d893484b877dd5b6afc67170 5360abc6b474409b88632dfdeb0b299e - - - -] Spawned new privsep daemon via rootwrap
2026-09-28 10:03:23.506 77 INFO os_brick.initiator.connectors.lightos [None req-e9fcb404-dc62-4f8b-ae22-1a82aa73d9b7 078745b9d893484b877dd5b6afc67170 5360abc6b474409b88632dfdeb0b299e - - - -] Current host hostNQN nqn.2014-08.org.nvmexpress:uuid:1136ecdd-b326-5080-93cd-b4d75d7810d9 and IP(s) are ['[LB_IP_ADDRESS]', 'fe80::3e47:9a62:83ae:42f6', '[LB_IP_ADDRESS]', 'fe80::1527:3e78:1ef1:1fe7', '[LB_IP_ADDRESS]', 'fd00::a:13:1a:6', 'fe80::5fef:b54a:d77d:fcd4'] 
2026-09-28 10:03:23.507 77 INFO cinder.volume.drivers.lightos [None req-e9fcb404-dc62-4f8b-ae22-1a82aa73d9b7 078745b9d893484b877dd5b6afc67170 5360abc6b474409b88632dfdeb0b299e - - - -] Current host hostNQN is nqn.2014-08.org.nvmexpress:uuid:1136ecdd-b326-5080-93cd-b4d75d7810d9 and IP(s) are ['[LB_IP_ADDRESS]', 'fe80::3e47:9a62:83ae:42f6', '[LB_IP_ADDRESS]', 'fe80::1527:3e78:1ef1:1fe7', '[LB_IP_ADDRESS]', 'fd00::a:13:1a:6', 'fe80::5fef:b54a:d77d:fcd4']
2026-09-28 10:03:23.508 77 INFO cinder.volume.drivers.lightos [None req-e9fcb404-dc62-4f8b-ae22-1a82aa73d9b7 078745b9d893484b877dd5b6afc67170 5360abc6b474409b88632dfdeb0b299e - - - -] Invoking get_volume_by_name using GET url: /api/v2/projects/default/volumes/?name=vol_bdeb11d0-12ad-493c-a61e-414b385c6dfe             request.body: {} ssl_verify: False
2026-09-28 10:03:23.555 77 WARNING py.warnings [None req-e9fcb404-dc62-4f8b-ae22-1a82aa73d9b7 078745b9d893484b877dd5b6afc67170 5360abc6b474409b88632dfdeb0b299e - - - -] /var/lib/kolla/venv/lib/python3.12/site-packages/urllib3/connectionpool.py:1110: InsecureRequestWarning: Unverified HTTPS request is being made to host '[LB_IP_ADDRESS]'. Adding certificate verification is strongly advised. See: https://urllib3.readthedocs.io/en/latest/advanced-usage.html#tls-warnings
  warnings.warn(

2026-09-28 10:03:23.573 77 INFO cinder.volume.drivers.lightos [None req-e9fcb404-dc62-4f8b-ae22-1a82aa73d9b7 078745b9d893484b877dd5b6afc67170 5360abc6b474409b88632dfdeb0b299e - - - -] Invoking update_volume using PUT url: /api/v2/projects/default/volumes/c100ea5e-d134-4eeb-b5d3-a585f9c83e41             request.body: {'acl': {'values': ['nqn.2014-08.org.nvmexpress:uuid:1136ecdd-b326-5080-93cd-b4d75d7810d9']}, 'IPAcl': {'values': ['fe80::5fef:b54a:d77d:fcd4', 'fd00::a:13:1a:6', '[LB_IP_ADDRESS]', '[LB_IP_ADDRESS]', 'fe80::3e47:9a62:83ae:42f6', '[LB_IP_ADDRESS]', 'fe80::1527:3e78:1ef1:1fe7']}} ssl_verify: False
2026-09-28 10:03:23.620 77 WARNING py.warnings [None req-e9fcb404-dc62-4f8b-ae22-1a82aa73d9b7 078745b9d893484b877dd5b6afc67170 5360abc6b474409b88632dfdeb0b299e - - - -] /var/lib/kolla/venv/lib/python3.12/site-packages/urllib3/connectionpool.py:1110: InsecureRequestWarning: Unverified HTTPS request is being made to host '[LB_IP_ADDRESS]'. Adding certificate verification is strongly advised. See: https://urllib3.readthedocs.io/en/latest/advanced-usage.html#tls-warnings
  warnings.warn(

2026-09-28 10:03:23.647 77 INFO cinder.volume.drivers.lightos [None req-e9fcb404-dc62-4f8b-ae22-1a82aa73d9b7 078745b9d893484b877dd5b6afc67170 5360abc6b474409b88632dfdeb0b299e - - - -] Invoking get_volume_by_name using GET url: /api/v2/projects/default/volumes/?name=vol_bdeb11d0-12ad-493c-a61e-414b385c6dfe             request.body: {} ssl_verify: False
2026-09-28 10:03:23.694 77 WARNING py.warnings [None req-e9fcb404-dc62-4f8b-ae22-1a82aa73d9b7 078745b9d893484b877dd5b6afc67170 5360abc6b474409b88632dfdeb0b299e - - - -] /var/lib/kolla/venv/lib/python3.12/site-packages/urllib3/connectionpool.py:1110: InsecureRequestWarning: Unverified HTTPS request is being made to host '[LB_IP_ADDRESS]'. Adding certificate verification is strongly advised. See: https://urllib3.readthedocs.io/en/latest/advanced-usage.html#tls-warnings
  warnings.warn(

2026-09-28 10:03:24.132 77 INFO cinder.volume.drivers.lightos [None req-41b04dc6-d930-4b98-ba65-e2a09800ea05 d7924689fc3d43daae9da3468f735777 b0b84db6f2f640a9af87e035dab9b12a - - - -] Invoking get_volume using GET url: /api/v2/projects/default/volumes/b808d9fb-2f71-4100-a5fd-7f695b329740             request.body: {} ssl_verify: False
2026-09-28 10:03:24.178 77 WARNING py.warnings [None req-41b04dc6-d930-4b98-ba65-e2a09800ea05 d7924689fc3d43daae9da3468f735777 b0b84db6f2f640a9af87e035dab9b12a - - - -] /var/lib/kolla/venv/lib/python3.12/site-packages/urllib3/connectionpool.py:1110: InsecureRequestWarning: Unverified HTTPS request is being made to host '[LB_IP_ADDRESS]'. Adding certificate verification is strongly advised. See: https://urllib3.readthedocs.io/en/latest/advanced-usage.html#tls-warnings
  warnings.warn(

2026-09-28 10:03:24.215 77 INFO cinder.volume.flows.manager.create_volume [None req-41b04dc6-d930-4b98-ba65-e2a09800ea05 d7924689fc3d43daae9da3468f735777 b0b84db6f2f640a9af87e035dab9b12a - - - -] Volume vol_141d8539-8d83-4b78-a7d7-9e1a903d03aa (141d8539-8d83-4b78-a7d7-9e1a903d03aa): created successfully
2026-09-28 10:03:24.223 77 INFO cinder.volume.manager [None req-41b04dc6-d930-4b98-ba65-e2a09800ea05 d7924689fc3d43daae9da3468f735777 b0b84db6f2f640a9af87e035dab9b12a - - - -] Created volume successfully.
2026-09-28 10:03:24.755 77 INFO cinder.volume.drivers.lightos [None req-e9fcb404-dc62-4f8b-ae22-1a82aa73d9b7 078745b9d893484b877dd5b6afc67170 5360abc6b474409b88632dfdeb0b299e - - - -] Invoking get_volume_by_name using GET url: /api/v2/projects/default/volumes/?name=vol_bdeb11d0-12ad-493c-a61e-414b385c6dfe             request.body: {} ssl_verify: False
2026-09-28 10:03:24.801 77 WARNING py.warnings [None req-e9fcb404-dc62-4f8b-ae22-1a82aa73d9b7 078745b9d893484b877dd5b6afc67170 5360abc6b474409b88632dfdeb0b299e - - - -] /var/lib/kolla/venv/lib/python3.12/site-packages/urllib3/connectionpool.py:1110: InsecureRequestWarning: Unverified HTTPS request is being made to host '[LB_IP_ADDRESS]'. Adding certificate verification is strongly advised. See: https://urllib3.readthedocs.io/en/latest/advanced-usage.html#tls-warnings
  warnings.warn(

2026-09-28 10:03:24.816 77 INFO cinder.volume.drivers.lightos [None req-e9fcb404-dc62-4f8b-ae22-1a82aa73d9b7 078745b9d893484b877dd5b6afc67170 5360abc6b474409b88632dfdeb0b299e - - - -] Invoking get_volume_by_name using GET url: /api/v2/projects/default/volumes/?name=vol_bdeb11d0-12ad-493c-a61e-414b385c6dfe             request.body: {} ssl_verify: False
2026-09-28 10:03:24.859 77 WARNING py.warnings [None req-e9fcb404-dc62-4f8b-ae22-1a82aa73d9b7 078745b9d893484b877dd5b6afc67170 5360abc6b474409b88632dfdeb0b299e - - - -] /var/lib/kolla/venv/lib/python3.12/site-packages/urllib3/connectionpool.py:1110: InsecureRequestWarning: Unverified HTTPS request is being made to host '[LB_IP_ADDRESS]'. Adding certificate verification is strongly advised. See: https://urllib3.readthedocs.io/en/latest/advanced-usage.html#tls-warnings
  warnings.warn(

2026-09-28 10:03:24.892 77 INFO os_brick.initiator.connectors.lightos [None req-e9fcb404-dc62-4f8b-ae22-1a82aa73d9b7 078745b9d893484b877dd5b6afc67170 5360abc6b474409b88632dfdeb0b299e - - - -] LIGHTOS: connect_volume called for volume c100ea5e-d134-4eeb-b5d3-a585f9c83e41, connection properties: {'lightos_nodes': {'[LB_IP_ADDRESS]': {'target_portal': '[LB_IP_ADDRESS]', 'target_port': 8009, 'transport_type': 'tcp'}, '[LB_IP_ADDRESS]': {'target_portal': '[LB_IP_ADDRESS]', 'target_port': 8009, 'transport_type': 'tcp'}, '[LB_IP_ADDRESS]': {'target_portal': '[LB_IP_ADDRESS]', 'target_port': 8009, 'transport_type': 'tcp'}}, 'uuid': 'c100ea5e-d134-4eeb-b5d3-a585f9c83e41', 'subsysnqn': 'nqn.2016-01.com.lightbitslabs:uuid:023e92f0-1271-4fe0-9397-657649be716c:suffix', 'encrypted': False, 'enforce_multipath': False}
2026-09-28 10:03:24.924 77 INFO os_brick.initiator.connectors.lightos [None req-e9fcb404-dc62-4f8b-ae22-1a82aa73d9b7 078745b9d893484b877dd5b6afc67170 5360abc6b474409b88632dfdeb0b299e - - - -] LIGHTOS: devpath /dev/nvme0n1 detected for uuid c100ea5e-d134-4eeb-b5d3-a585f9c83e41
2026-09-28 10:03:25.224 77 INFO cinder.volume.drivers.lightos [None req-1858f061-911c-4383-973d-9e82da84dba6 d7924689fc3d43daae9da3468f735777 b0b84db6f2f640a9af87e035dab9b12a - - default default] Invoking delete_volume using DELETE url: /api/v2/projects/default/volumes/b808d9fb-2f71-4100-a5fd-7f695b329740?             request.body:  ssl_verify: False
2026-09-28 10:03:25.261 77 WARNING py.warnings [None req-1858f061-911c-4383-973d-9e82da84dba6 d7924689fc3d43daae9da3468f735777 b0b84db6f2f640a9af87e035dab9b12a - - default default] /var/lib/kolla/venv/lib/python3.12/site-packages/urllib3/connectionpool.py:1110: InsecureRequestWarning: Unverified HTTPS request is being made to host '[LB_IP_ADDRESS]'. Adding certificate verification is strongly advised. See: https://urllib3.readthedocs.io/en/latest/advanced-usage.html#tls-warnings
  warnings.warn(

2026-09-28 10:03:25.321 77 INFO cinder.volume.drivers.lightos [None req-1858f061-911c-4383-973d-9e82da84dba6 d7924689fc3d43daae9da3468f735777 b0b84db6f2f640a9af87e035dab9b12a - - default default] Invoking get_volume using GET url: /api/v2/projects/default/volumes/b808d9fb-2f71-4100-a5fd-7f695b329740             request.body: {} ssl_verify: False
2026-09-28 10:03:25.364 77 WARNING py.warnings [None req-1858f061-911c-4383-973d-9e82da84dba6 d7924689fc3d43daae9da3468f735777 b0b84db6f2f640a9af87e035dab9b12a - - default default] /var/lib/kolla/venv/lib/python3.12/site-packages/urllib3/connectionpool.py:1110: InsecureRequestWarning: Unverified HTTPS request is being made to host '[LB_IP_ADDRESS]'. Adding certificate verification is strongly advised. See: https://urllib3.readthedocs.io/en/latest/advanced-usage.html#tls-warnings
  warnings.warn(

2026-09-28 10:03:25.494 77 INFO cinder.volume.manager [None req-1858f061-911c-4383-973d-9e82da84dba6 d7924689fc3d43daae9da3468f735777 b0b84db6f2f640a9af87e035dab9b12a - - default default] Deleted volume successfully.
2026-09-28 10:03:27.049 77 INFO cinder.image.image_utils [None req-e9fcb404-dc62-4f8b-ae22-1a82aa73d9b7 078745b9d893484b877dd5b6afc67170 5360abc6b474409b88632dfdeb0b299e - - - -] Converted 44.00 MB image at 44.00 MB/s
2026-09-28 10:03:27.052 77 INFO os_brick.initiator.connectors.lightos [None req-e9fcb404-dc62-4f8b-ae22-1a82aa73d9b7 078745b9d893484b877dd5b6afc67170 5360abc6b474409b88632dfdeb0b299e - - - -] LIGHTOS: devpath /dev/nvme0n1 detected for uuid c100ea5e-d134-4eeb-b5d3-a585f9c83e41
2026-09-28 10:03:27.068 77 INFO cinder.volume.drivers.lightos [None req-e9fcb404-dc62-4f8b-ae22-1a82aa73d9b7 078745b9d893484b877dd5b6afc67170 5360abc6b474409b88632dfdeb0b299e - - - -] Invoking get_volume_by_name using GET url: /api/v2/projects/default/volumes/?name=vol_bdeb11d0-12ad-493c-a61e-414b385c6dfe             request.body: {} ssl_verify: False
2026-09-28 10:03:27.116 77 WARNING py.warnings [None req-e9fcb404-dc62-4f8b-ae22-1a82aa73d9b7 078745b9d893484b877dd5b6afc67170 5360abc6b474409b88632dfdeb0b299e - - - -] /var/lib/kolla/venv/lib/python3.12/site-packages/urllib3/connectionpool.py:1110: InsecureRequestWarning: Unverified HTTPS request is being made to host '[LB_IP_ADDRESS]'. Adding certificate verification is strongly advised. See: https://urllib3.readthedocs.io/en/latest/advanced-usage.html#tls-warnings
  warnings.warn(

2026-09-28 10:03:27.133 77 INFO cinder.volume.drivers.lightos [None req-e9fcb404-dc62-4f8b-ae22-1a82aa73d9b7 078745b9d893484b877dd5b6afc67170 5360abc6b474409b88632dfdeb0b299e - - - -] Invoking get_volume_by_name using GET url: /api/v2/projects/default/volumes/?name=vol_bdeb11d0-12ad-493c-a61e-414b385c6dfe             request.body: {} ssl_verify: False
2026-09-28 10:03:27.174 77 WARNING py.warnings [None req-e9fcb404-dc62-4f8b-ae22-1a82aa73d9b7 078745b9d893484b877dd5b6afc67170 5360abc6b474409b88632dfdeb0b299e - - - -] /var/lib/kolla/venv/lib/python3.12/site-packages/urllib3/connectionpool.py:1110: InsecureRequestWarning: Unverified HTTPS request is being made to host '[LB_IP_ADDRESS]'. Adding certificate verification is strongly advised. See: https://urllib3.readthedocs.io/en/latest/advanced-usage.html#tls-warnings
  warnings.warn(

2026-09-28 10:03:27.188 77 INFO cinder.volume.drivers.lightos [None req-e9fcb404-dc62-4f8b-ae22-1a82aa73d9b7 078745b9d893484b877dd5b6afc67170 5360abc6b474409b88632dfdeb0b299e - - - -] Invoking update_volume using PUT url: /api/v2/projects/default/volumes/c100ea5e-d134-4eeb-b5d3-a585f9c83e41             request.body: {'acl': {'values': ['ALLOW_NONE']}, 'IPAcl': {'values': ['ALLOW_NONE']}} ssl_verify: False
2026-09-28 10:03:27.230 77 WARNING py.warnings [None req-e9fcb404-dc62-4f8b-ae22-1a82aa73d9b7 078745b9d893484b877dd5b6afc67170 5360abc6b474409b88632dfdeb0b299e - - - -] /var/lib/kolla/venv/lib/python3.12/site-packages/urllib3/connectionpool.py:1110: InsecureRequestWarning: Unverified HTTPS request is being made to host '[LB_IP_ADDRESS]'. Adding certificate verification is strongly advised. See: https://urllib3.readthedocs.io/en/latest/advanced-usage.html#tls-warnings
  warnings.warn(

2026-09-28 10:03:27.254 77 INFO cinder.volume.drivers.lightos [None req-e9fcb404-dc62-4f8b-ae22-1a82aa73d9b7 078745b9d893484b877dd5b6afc67170 5360abc6b474409b88632dfdeb0b299e - - - -] Invoking get_volume_by_name using GET url: /api/v2/projects/default/volumes/?name=vol_bdeb11d0-12ad-493c-a61e-414b385c6dfe             request.body: {} ssl_verify: False
2026-09-28 10:03:27.299 77 WARNING py.warnings [None req-e9fcb404-dc62-4f8b-ae22-1a82aa73d9b7 078745b9d893484b877dd5b6afc67170 5360abc6b474409b88632dfdeb0b299e - - - -] /var/lib/kolla/venv/lib/python3.12/site-packages/urllib3/connectionpool.py:1110: InsecureRequestWarning: Unverified HTTPS request is being made to host '[LB_IP_ADDRESS]'. Adding certificate verification is strongly advised. See: https://urllib3.readthedocs.io/en/latest/advanced-usage.html#tls-warnings
  warnings.warn(

2026-09-28 10:03:28.314 77 INFO cinder.volume.drivers.lightos [None req-e9fcb404-dc62-4f8b-ae22-1a82aa73d9b7 078745b9d893484b877dd5b6afc67170 5360abc6b474409b88632dfdeb0b299e - - - -] Invoking get_volume_by_name using GET url: /api/v2/projects/default/volumes/?name=vol_bdeb11d0-12ad-493c-a61e-414b385c6dfe             request.body: {} ssl_verify: False
2026-09-28 10:03:28.359 77 WARNING py.warnings [None req-e9fcb404-dc62-4f8b-ae22-1a82aa73d9b7 078745b9d893484b877dd5b6afc67170 5360abc6b474409b88632dfdeb0b299e - - - -] /var/lib/kolla/venv/lib/python3.12/site-packages/urllib3/connectionpool.py:1110: InsecureRequestWarning: Unverified HTTPS request is being made to host '[LB_IP_ADDRESS]'. Adding certificate verification is strongly advised. See: https://urllib3.readthedocs.io/en/latest/advanced-usage.html#tls-warnings
  warnings.warn(

2026-09-28 10:03:28.377 77 INFO cinder.volume.drivers.lightos [None req-e9fcb404-dc62-4f8b-ae22-1a82aa73d9b7 078745b9d893484b877dd5b6afc67170 5360abc6b474409b88632dfdeb0b299e - - - -] Invoking get_volume_by_name using GET url: /api/v2/projects/default/volumes/?name=vol_bdeb11d0-12ad-493c-a61e-414b385c6dfe             request.body: {} ssl_verify: False
2026-09-28 10:03:28.418 77 WARNING py.warnings [None req-e9fcb404-dc62-4f8b-ae22-1a82aa73d9b7 078745b9d893484b877dd5b6afc67170 5360abc6b474409b88632dfdeb0b299e - - - -] /var/lib/kolla/venv/lib/python3.12/site-packages/urllib3/connectionpool.py:1110: InsecureRequestWarning: Unverified HTTPS request is being made to host '[LB_IP_ADDRESS]'. Adding certificate verification is strongly advised. See: https://urllib3.readthedocs.io/en/latest/advanced-usage.html#tls-warnings
  warnings.warn(

2026-09-28 10:03:28.517 77 INFO cinder.volume.flows.manager.create_volume [None req-e9fcb404-dc62-4f8b-ae22-1a82aa73d9b7 078745b9d893484b877dd5b6afc67170 5360abc6b474409b88632dfdeb0b299e - - - -] Volume vol_bdeb11d0-12ad-493c-a61e-414b385c6dfe (bdeb11d0-12ad-493c-a61e-414b385c6dfe): created successfully
2026-09-28 10:03:28.525 77 INFO cinder.volume.manager [None req-e9fcb404-dc62-4f8b-ae22-1a82aa73d9b7 078745b9d893484b877dd5b6afc67170 5360abc6b474409b88632dfdeb0b299e - - - -] Created volume successfully.
2026-09-28 10:03:28.647 77 INFO cinder.volume.flows.manager.create_volume [None req-65605fbc-557b-4845-9ee7-c1fa33542e7e f5807df6bef84b95a099ae84b574e57d 712543bced19410799812a7724be508a - - - -] Volume 81c4f525-2379-4f22-a8d5-121d5b51b226: being created as raw with specification: {'status': 'creating', 'volume_name': 'vol_81c4f525-2379-4f22-a8d5-121d5b51b226', 'volume_size': 1}
2026-09-28 10:03:28.647 77 INFO cinder.volume.drivers.lightos [None req-65605fbc-557b-4845-9ee7-c1fa33542e7e f5807df6bef84b95a099ae84b574e57d 712543bced19410799812a7724be508a - - - -] Invoking get_volume_by_name using GET url: /api/v2/projects/default/volumes/?name=vol_81c4f525-2379-4f22-a8d5-121d5b51b226             request.body: {} ssl_verify: False
2026-09-28 10:03:28.684 77 WARNING py.warnings [None req-65605fbc-557b-4845-9ee7-c1fa33542e7e f5807df6bef84b95a099ae84b574e57d 712543bced19410799812a7724be508a - - - -] /var/lib/kolla/venv/lib/python3.12/site-packages/urllib3/connectionpool.py:1110: InsecureRequestWarning: Unverified HTTPS request is being made to host '[LB_IP_ADDRESS]'. Adding certificate verification is strongly advised. See: https://urllib3.readthedocs.io/en/latest/advanced-usage.html#tls-warnings
  warnings.warn(

2026-09-28 10:03:28.696 77 INFO cinder.volume.drivers.lightos [None req-65605fbc-557b-4845-9ee7-c1fa33542e7e f5807df6bef84b95a099ae84b574e57d 712543bced19410799812a7724be508a - - - -] Invoking create_volume using POST url: /api/v2/projects/default/volumes             request.body: {'name': 'vol_81c4f525-2379-4f22-a8d5-121d5b51b226', 'size': '1 gib', 'replicaCount': '3', 'compression': 'False', 'acl': {'values': ['ALLOW_NONE']}, 'IPAcl': {'values': ['ALLOW_NONE']}, 'sourceSnapshotUUID': None, 'sourceSnapshotName': None} ssl_verify: False
2026-09-28 10:03:28.737 77 WARNING py.warnings [None req-65605fbc-557b-4845-9ee7-c1fa33542e7e f5807df6bef84b95a099ae84b574e57d 712543bced19410799812a7724be508a - - - -] /var/lib/kolla/venv/lib/python3.12/site-packages/urllib3/connectionpool.py:1110: InsecureRequestWarning: Unverified HTTPS request is being made to host '[LB_IP_ADDRESS]'. Adding certificate verification is strongly advised. See: https://urllib3.readthedocs.io/en/latest/advanced-usage.html#tls-warnings
  warnings.warn(

2026-09-28 10:03:28.768 77 INFO cinder.volume.drivers.lightos [None req-65605fbc-557b-4845-9ee7-c1fa33542e7e f5807df6bef84b95a099ae84b574e57d 712543bced19410799812a7724be508a - - - -] Invoking get_volume using GET url: /api/v2/projects/default/volumes/853017ec-29b2-4b8a-857e-214180dd3848             request.body: {} ssl_verify: False
2026-09-28 10:03:28.822 77 WARNING py.warnings [None req-65605fbc-557b-4845-9ee7-c1fa33542e7e f5807df6bef84b95a099ae84b574e57d 712543bced19410799812a7724be508a - - - -] /var/lib/kolla/venv/lib/python3.12/site-packages/urllib3/connectionpool.py:1110: InsecureRequestWarning: Unverified HTTPS request is being made to host '[LB_IP_ADDRESS]'. Adding certificate verification is strongly advised. See: https://urllib3.readthedocs.io/en/latest/advanced-usage.html#tls-warnings
  warnings.warn(

2026-09-28 10:03:28.889 77 INFO cinder.volume.flows.manager.create_volume [None req-65605fbc-557b-4845-9ee7-c1fa33542e7e f5807df6bef84b95a099ae84b574e57d 712543bced19410799812a7724be508a - - - -] Volume vol_81c4f525-2379-4f22-a8d5-121d5b51b226 (81c4f525-2379-4f22-a8d5-121d5b51b226): created successfully
2026-09-28 10:03:28.897 77 INFO cinder.volume.manager [None req-65605fbc-557b-4845-9ee7-c1fa33542e7e f5807df6bef84b95a099ae84b574e57d 712543bced19410799812a7724be508a - - - -] Created volume successfully.
2026-09-28 10:03:29.512 77 INFO cinder.volume.drivers.lightos [None req-6dfd2b5f-a63f-4f64-b01e-1d2d1462fcaa 078745b9d893484b877dd5b6afc67170 5360abc6b474409b88632dfdeb0b299e - - default default] Invoking delete_volume using DELETE url: /api/v2/projects/default/volumes/c100ea5e-d134-4eeb-b5d3-a585f9c83e41?             request.body:  ssl_verify: False
2026-09-28 10:03:29.548 77 WARNING py.warnings [None req-6dfd2b5f-a63f-4f64-b01e-1d2d1462fcaa 078745b9d893484b877dd5b6afc67170 5360abc6b474409b88632dfdeb0b299e - - default default] /var/lib/kolla/venv/lib/python3.12/site-packages/urllib3/connectionpool.py:1110: InsecureRequestWarning: Unverified HTTPS request is being made to host '[LB_IP_ADDRESS]'. Adding certificate verification is strongly advised. See: https://urllib3.readthedocs.io/en/latest/advanced-usage.html#tls-warnings
  warnings.warn(

2026-09-28 10:03:29.578 77 INFO cinder.volume.flows.manager.create_volume [None req-7b23de7a-d28d-421a-8723-a3650a9be644 79d69b1be70e4b11b11acb874c59b7ed 53dd55bb13e2409b859a1dda1e026de2 - - - -] Volume a0018f30-cf26-4658-9476-bcc0e3bd893c: being created as raw with specification: {'status': 'creating', 'volume_name': 'vol_a0018f30-cf26-4658-9476-bcc0e3bd893c', 'volume_size': 1}
2026-09-28 10:03:29.579 77 INFO cinder.volume.drivers.lightos [None req-7b23de7a-d28d-421a-8723-a3650a9be644 79d69b1be70e4b11b11acb874c59b7ed 53dd55bb13e2409b859a1dda1e026de2 - - - -] Invoking get_volume_by_name using GET url: /api/v2/projects/default/volumes/?name=vol_a0018f30-cf26-4658-9476-bcc0e3bd893c             request.body: {} ssl_verify: False
2026-09-28 10:03:29.581 77 INFO cinder.volume.drivers.lightos [None req-6dfd2b5f-a63f-4f64-b01e-1d2d1462fcaa 078745b9d893484b877dd5b6afc67170 5360abc6b474409b88632dfdeb0b299e - - default default] Invoking get_volume using GET url: /api/v2/projects/default/volumes/c100ea5e-d134-4eeb-b5d3-a585f9c83e41             request.body: {} ssl_verify: False
2026-09-28 10:03:29.635 77 WARNING py.warnings [None req-6dfd2b5f-a63f-4f64-b01e-1d2d1462fcaa 078745b9d893484b877dd5b6afc67170 5360abc6b474409b88632dfdeb0b299e - - default default] /var/lib/kolla/venv/lib/python3.12/site-packages/urllib3/connectionpool.py:1110: InsecureRequestWarning: Unverified HTTPS request is being made to host '[LB_IP_ADDRESS]'. Adding certificate verification is strongly advised. See: https://urllib3.readthedocs.io/en/latest/advanced-usage.html#tls-warnings
  warnings.warn(

2026-09-28 10:03:29.640 77 WARNING py.warnings [None req-7b23de7a-d28d-421a-8723-a3650a9be644 79d69b1be70e4b11b11acb874c59b7ed 53dd55bb13e2409b859a1dda1e026de2 - - - -] /var/lib/kolla/venv/lib/python3.12/site-packages/urllib3/connectionpool.py:1110: InsecureRequestWarning: Unverified HTTPS request is being made to host '[LB_IP_ADDRESS]'. Adding certificate verification is strongly advised. See: https://urllib3.readthedocs.io/en/latest/advanced-usage.html#tls-warnings
  warnings.warn(

2026-09-28 10:03:29.664 77 INFO cinder.volume.drivers.lightos [None req-7b23de7a-d28d-421a-8723-a3650a9be644 79d69b1be70e4b11b11acb874c59b7ed 53dd55bb13e2409b859a1dda1e026de2 - - - -] Invoking create_volume using POST url: /api/v2/projects/default/volumes             request.body: {'name': 'vol_a0018f30-cf26-4658-9476-bcc0e3bd893c', 'size': '1 gib', 'replicaCount': '3', 'compression': 'False', 'acl': {'values': ['ALLOW_NONE']}, 'IPAcl': {'values': ['ALLOW_NONE']}, 'sourceSnapshotUUID': None, 'sourceSnapshotName': None} ssl_verify: False
2026-09-28 10:03:29.705 77 WARNING py.warnings [None req-7b23de7a-d28d-421a-8723-a3650a9be644 79d69b1be70e4b11b11acb874c59b7ed 53dd55bb13e2409b859a1dda1e026de2 - - - -] /var/lib/kolla/venv/lib/python3.12/site-packages/urllib3/connectionpool.py:1110: InsecureRequestWarning: Unverified HTTPS request is being made to host '[LB_IP_ADDRESS]'. Adding certificate verification is strongly advised. See: https://urllib3.readthedocs.io/en/latest/advanced-usage.html#tls-warnings
  warnings.warn(

2026-09-28 10:03:29.751 77 INFO cinder.volume.drivers.lightos [None req-7b23de7a-d28d-421a-8723-a3650a9be644 79d69b1be70e4b11b11acb874c59b7ed 53dd55bb13e2409b859a1dda1e026de2 - - - -] Invoking get_volume using GET url: /api/v2/projects/default/volumes/68f030c5-1e2c-4aef-92fa-caf02b198a05             request.body: {} ssl_verify: False
2026-09-28 10:03:29.801 77 WARNING py.warnings [None req-7b23de7a-d28d-421a-8723-a3650a9be644 79d69b1be70e4b11b11acb874c59b7ed 53dd55bb13e2409b859a1dda1e026de2 - - - -] /var/lib/kolla/venv/lib/python3.12/site-packages/urllib3/connectionpool.py:1110: InsecureRequestWarning: Unverified HTTPS request is being made to host '[LB_IP_ADDRESS]'. Adding certificate verification is strongly advised. See: https://urllib3.readthedocs.io/en/latest/advanced-usage.html#tls-warnings
  warnings.warn(

2026-09-28 10:03:29.828 77 INFO cinder.volume.manager [None req-6dfd2b5f-a63f-4f64-b01e-1d2d1462fcaa 078745b9d893484b877dd5b6afc67170 5360abc6b474409b88632dfdeb0b299e - - default default] Deleted volume successfully.
2026-09-28 10:03:29.843 77 INFO cinder.volume.drivers.lightos [None req-00ad636e-3e21-458e-bad8-e781f97671ad f5807df6bef84b95a099ae84b574e57d 712543bced19410799812a7724be508a - - - -] Invoking get_snapshot_by_name using GET url: /api/v2/projects/default/snapshots/?Name=snapshot-b91c5de3-0b64-4f47-869f-bf3f58e5c897             request.body: {} ssl_verify: False
2026-09-28 10:03:29.879 77 WARNING py.warnings [None req-00ad636e-3e21-458e-bad8-e781f97671ad f5807df6bef84b95a099ae84b574e57d 712543bced19410799812a7724be508a - - - -] /var/lib/kolla/venv/lib/python3.12/site-packages/urllib3/connectionpool.py:1110: InsecureRequestWarning: Unverified HTTPS request is being made to host '[LB_IP_ADDRESS]'. Adding certificate verification is strongly advised. See: https://urllib3.readthedocs.io/en/latest/advanced-usage.html#tls-warnings
  warnings.warn(

2026-09-28 10:03:29.887 77 INFO cinder.volume.drivers.lightos [None req-00ad636e-3e21-458e-bad8-e781f97671ad f5807df6bef84b95a099ae84b574e57d 712543bced19410799812a7724be508a - - - -] Invoking create_snapshot using POST url: /api/v2/projects/default/snapshots             request.body: {'name': 'snapshot-b91c5de3-0b64-4f47-869f-bf3f58e5c897', 'sourceVolumeUUID': None, 'sourceVolumeName': 'vol_81c4f525-2379-4f22-a8d5-121d5b51b226'} ssl_verify: False
2026-09-28 10:03:29.921 77 WARNING py.warnings [None req-00ad636e-3e21-458e-bad8-e781f97671ad f5807df6bef84b95a099ae84b574e57d 712543bced19410799812a7724be508a - - - -] /var/lib/kolla/venv/lib/python3.12/site-packages/urllib3/connectionpool.py:1110: InsecureRequestWarning: Unverified HTTPS request is being made to host '[LB_IP_ADDRESS]'. Adding certificate verification is strongly advised. See: https://urllib3.readthedocs.io/en/latest/advanced-usage.html#tls-warnings
  warnings.warn(

2026-09-28 10:03:29.951 77 INFO cinder.volume.drivers.lightos [None req-00ad636e-3e21-458e-bad8-e781f97671ad f5807df6bef84b95a099ae84b574e57d 712543bced19410799812a7724be508a - - - -] Invoking get_snapshot_by_name using GET url: /api/v2/projects/default/snapshots/?Name=snapshot-b91c5de3-0b64-4f47-869f-bf3f58e5c897             request.body: {} ssl_verify: False
2026-09-28 10:03:30.000 77 WARNING py.warnings [None req-00ad636e-3e21-458e-bad8-e781f97671ad f5807df6bef84b95a099ae84b574e57d 712543bced19410799812a7724be508a - - - -] /var/lib/kolla/venv/lib/python3.12/site-packages/urllib3/connectionpool.py:1110: InsecureRequestWarning: Unverified HTTPS request is being made to host '[LB_IP_ADDRESS]'. Adding certificate verification is strongly advised. See: https://urllib3.readthedocs.io/en/latest/advanced-usage.html#tls-warnings
  warnings.warn(

2026-09-28 10:03:30.825 77 INFO cinder.volume.drivers.lightos [None req-7b23de7a-d28d-421a-8723-a3650a9be644 79d69b1be70e4b11b11acb874c59b7ed 53dd55bb13e2409b859a1dda1e026de2 - - - -] Invoking get_volume using GET url: /api/v2/projects/default/volumes/68f030c5-1e2c-4aef-92fa-caf02b198a05             request.body: {} ssl_verify: False
2026-09-28 10:03:30.869 77 WARNING py.warnings [None req-7b23de7a-d28d-421a-8723-a3650a9be644 79d69b1be70e4b11b11acb874c59b7ed 53dd55bb13e2409b859a1dda1e026de2 - - - -] /var/lib/kolla/venv/lib/python3.12/site-packages/urllib3/connectionpool.py:1110: InsecureRequestWarning: Unverified HTTPS request is being made to host '[LB_IP_ADDRESS]'. Adding certificate verification is strongly advised. See: https://urllib3.readthedocs.io/en/latest/advanced-usage.html#tls-warnings
  warnings.warn(

2026-09-28 10:03:30.901 77 INFO cinder.volume.flows.manager.create_volume [None req-7b23de7a-d28d-421a-8723-a3650a9be644 79d69b1be70e4b11b11acb874c59b7ed 53dd55bb13e2409b859a1dda1e026de2 - - - -] Volume vol_a0018f30-cf26-4658-9476-bcc0e3bd893c (a0018f30-cf26-4658-9476-bcc0e3bd893c): created successfully
2026-09-28 10:03:30.908 77 INFO cinder.volume.manager [None req-7b23de7a-d28d-421a-8723-a3650a9be644 79d69b1be70e4b11b11acb874c59b7ed 53dd55bb13e2409b859a1dda1e026de2 - - - -] Created volume successfully.
2026-09-28 10:03:31.040 77 INFO cinder.volume.drivers.lightos [None req-00ad636e-3e21-458e-bad8-e781f97671ad f5807df6bef84b95a099ae84b574e57d 712543bced19410799812a7724be508a - - - -] Invoking get_snapshot_by_name using GET url: /api/v2/projects/default/snapshots/?Name=snapshot-b91c5de3-0b64-4f47-869f-bf3f58e5c897             request.body: {} ssl_verify: False
2026-09-28 10:03:31.086 77 WARNING py.warnings [None req-00ad636e-3e21-458e-bad8-e781f97671ad f5807df6bef84b95a099ae84b574e57d 712543bced19410799812a7724be508a - - - -] /var/lib/kolla/venv/lib/python3.12/site-packages/urllib3/connectionpool.py:1110: InsecureRequestWarning: Unverified HTTPS request is being made to host '[LB_IP_ADDRESS]'. Adding certificate verification is strongly advised. See: https://urllib3.readthedocs.io/en/latest/advanced-usage.html#tls-warnings
  warnings.warn(

2026-09-28 10:03:31.126 77 INFO cinder.volume.manager [None req-00ad636e-3e21-458e-bad8-e781f97671ad f5807df6bef84b95a099ae84b574e57d 712543bced19410799812a7724be508a - - - -] Create snapshot completed successfully
2026-09-28 10:03:32.307 77 INFO cinder.volume.drivers.lightos [None req-d994e6a8-2f74-4231-855b-c46efa99ed8c 79d69b1be70e4b11b11acb874c59b7ed 53dd55bb13e2409b859a1dda1e026de2 - - default default] Invoking delete_volume using DELETE url: /api/v2/projects/default/volumes/68f030c5-1e2c-4aef-92fa-caf02b198a05?             request.body:  ssl_verify: False
2026-09-28 10:03:32.341 77 WARNING py.warnings [None req-d994e6a8-2f74-4231-855b-c46efa99ed8c 79d69b1be70e4b11b11acb874c59b7ed 53dd55bb13e2409b859a1dda1e026de2 - - default default] /var/lib/kolla/venv/lib/python3.12/site-packages/urllib3/connectionpool.py:1110: InsecureRequestWarning: Unverified HTTPS request is being made to host '[LB_IP_ADDRESS]'. Adding certificate verification is strongly advised. See: https://urllib3.readthedocs.io/en/latest/advanced-usage.html#tls-warnings
  warnings.warn(

2026-09-28 10:03:32.369 77 INFO cinder.volume.drivers.lightos [None req-d994e6a8-2f74-4231-855b-c46efa99ed8c 79d69b1be70e4b11b11acb874c59b7ed 53dd55bb13e2409b859a1dda1e026de2 - - default default] Invoking get_volume using GET url: /api/v2/projects/default/volumes/68f030c5-1e2c-4aef-92fa-caf02b198a05             request.body: {} ssl_verify: False
2026-09-28 10:03:32.412 77 WARNING py.warnings [None req-d994e6a8-2f74-4231-855b-c46efa99ed8c 79d69b1be70e4b11b11acb874c59b7ed 53dd55bb13e2409b859a1dda1e026de2 - - default default] /var/lib/kolla/venv/lib/python3.12/site-packages/urllib3/connectionpool.py:1110: InsecureRequestWarning: Unverified HTTPS request is being made to host '[LB_IP_ADDRESS]'. Adding certificate verification is strongly advised. See: https://urllib3.readthedocs.io/en/latest/advanced-usage.html#tls-warnings
  warnings.warn(

2026-09-28 10:03:32.532 77 INFO cinder.volume.manager [None req-d994e6a8-2f74-4231-855b-c46efa99ed8c 79d69b1be70e4b11b11acb874c59b7ed 53dd55bb13e2409b859a1dda1e026de2 - - default default] Deleted volume successfully.
2026-09-28 10:03:32.629 77 INFO cinder.volume.drivers.lightos [None req-27ef59f3-f72f-4f78-b0c1-bc8351236e80 f5807df6bef84b95a099ae84b574e57d 712543bced19410799812a7724be508a - - default default] Invoking get_snapshot_by_name using GET url: /api/v2/projects/default/snapshots/?Name=snapshot-b91c5de3-0b64-4f47-869f-bf3f58e5c897             request.body: {} ssl_verify: False
2026-09-28 10:03:32.671 77 WARNING py.warnings [None req-27ef59f3-f72f-4f78-b0c1-bc8351236e80 f5807df6bef84b95a099ae84b574e57d 712543bced19410799812a7724be508a - - default default] /var/lib/kolla/venv/lib/python3.12/site-packages/urllib3/connectionpool.py:1110: InsecureRequestWarning: Unverified HTTPS request is being made to host '[LB_IP_ADDRESS]'. Adding certificate verification is strongly advised. See: https://urllib3.readthedocs.io/en/latest/advanced-usage.html#tls-warnings
  warnings.warn(

2026-09-28 10:03:32.684 77 INFO cinder.volume.drivers.lightos [None req-27ef59f3-f72f-4f78-b0c1-bc8351236e80 f5807df6bef84b95a099ae84b574e57d 712543bced19410799812a7724be508a - - default default] Invoking delete_snapshot using DELETE url: /api/v2/projects/default/snapshots/51d150df-ea9e-4880-b871-f78c8f896282?             request.body:  ssl_verify: False
2026-09-28 10:03:32.725 77 WARNING py.warnings [None req-27ef59f3-f72f-4f78-b0c1-bc8351236e80 f5807df6bef84b95a099ae84b574e57d 712543bced19410799812a7724be508a - - default default] /var/lib/kolla/venv/lib/python3.12/site-packages/urllib3/connectionpool.py:1110: InsecureRequestWarning: Unverified HTTPS request is being made to host '[LB_IP_ADDRESS]'. Adding certificate verification is strongly advised. See: https://urllib3.readthedocs.io/en/latest/advanced-usage.html#tls-warnings
  warnings.warn(

2026-09-28 10:03:32.751 77 INFO cinder.volume.drivers.lightos [None req-27ef59f3-f72f-4f78-b0c1-bc8351236e80 f5807df6bef84b95a099ae84b574e57d 712543bced19410799812a7724be508a - - default default] Invoking get_snapshot using GET url: /api/v2/projects/default/snapshots/51d150df-ea9e-4880-b871-f78c8f896282             request.body: {} ssl_verify: False
2026-09-28 10:03:32.794 77 WARNING py.warnings [None req-27ef59f3-f72f-4f78-b0c1-bc8351236e80 f5807df6bef84b95a099ae84b574e57d 712543bced19410799812a7724be508a - - default default] /var/lib/kolla/venv/lib/python3.12/site-packages/urllib3/connectionpool.py:1110: InsecureRequestWarning: Unverified HTTPS request is being made to host '[LB_IP_ADDRESS]'. Adding certificate verification is strongly advised. See: https://urllib3.readthedocs.io/en/latest/advanced-usage.html#tls-warnings
  warnings.warn(

2026-09-28 10:03:32.910 77 INFO cinder.volume.manager [None req-27ef59f3-f72f-4f78-b0c1-bc8351236e80 f5807df6bef84b95a099ae84b574e57d 712543bced19410799812a7724be508a - - default default] Delete snapshot completed successfully.
2026-09-28 10:03:33.802 77 INFO cinder.volume.drivers.lightos [None req-e619936f-1f71-4228-be39-7b12b7cbfa5b f5807df6bef84b95a099ae84b574e57d 712543bced19410799812a7724be508a - - default default] Invoking delete_volume using DELETE url: /api/v2/projects/default/volumes/853017ec-29b2-4b8a-857e-214180dd3848?             request.body:  ssl_verify: False
2026-09-28 10:03:33.839 77 WARNING py.warnings [None req-e619936f-1f71-4228-be39-7b12b7cbfa5b f5807df6bef84b95a099ae84b574e57d 712543bced19410799812a7724be508a - - default default] /var/lib/kolla/venv/lib/python3.12/site-packages/urllib3/connectionpool.py:1110: InsecureRequestWarning: Unverified HTTPS request is being made to host '[LB_IP_ADDRESS]'. Adding certificate verification is strongly advised. See: https://urllib3.readthedocs.io/en/latest/advanced-usage.html#tls-warnings
  warnings.warn(

2026-09-28 10:03:33.890 77 INFO cinder.volume.drivers.lightos [None req-e619936f-1f71-4228-be39-7b12b7cbfa5b f5807df6bef84b95a099ae84b574e57d 712543bced19410799812a7724be508a - - default default] Invoking get_volume using GET url: /api/v2/projects/default/volumes/853017ec-29b2-4b8a-857e-214180dd3848             request.body: {} ssl_verify: False
2026-09-28 10:03:33.933 77 WARNING py.warnings [None req-e619936f-1f71-4228-be39-7b12b7cbfa5b f5807df6bef84b95a099ae84b574e57d 712543bced19410799812a7724be508a - - default default] /var/lib/kolla/venv/lib/python3.12/site-packages/urllib3/connectionpool.py:1110: InsecureRequestWarning: Unverified HTTPS request is being made to host '[LB_IP_ADDRESS]'. Adding certificate verification is strongly advised. See: https://urllib3.readthedocs.io/en/latest/advanced-usage.html#tls-warnings
  warnings.warn(

2026-09-28 10:03:34.099 77 INFO cinder.volume.manager [None req-e619936f-1f71-4228-be39-7b12b7cbfa5b f5807df6bef84b95a099ae84b574e57d 712543bced19410799812a7724be508a - - default default] Deleted volume successfully.
2026-09-28 10:03:36.730 77 INFO cinder.volume.flows.manager.create_volume [None req-9b6766af-f939-4468-a73d-a88b978090cc 5077198cf44543e5a2aca37faf40a834 2d76d73df58142668c65659c5de77408 - - - -] Volume 175255d5-25e8-4d38-b8b1-bcf74a110afe: being created as raw with specification: {'status': 'creating', 'volume_name': 'vol_175255d5-25e8-4d38-b8b1-bcf74a110afe', 'volume_size': 1}
2026-09-28 10:03:36.730 77 INFO cinder.volume.drivers.lightos [None req-9b6766af-f939-4468-a73d-a88b978090cc 5077198cf44543e5a2aca37faf40a834 2d76d73df58142668c65659c5de77408 - - - -] Invoking get_volume_by_name using GET url: /api/v2/projects/default/volumes/?name=vol_175255d5-25e8-4d38-b8b1-bcf74a110afe             request.body: {} ssl_verify: False
2026-09-28 10:03:36.767 77 WARNING py.warnings [None req-9b6766af-f939-4468-a73d-a88b978090cc 5077198cf44543e5a2aca37faf40a834 2d76d73df58142668c65659c5de77408 - - - -] /var/lib/kolla/venv/lib/python3.12/site-packages/urllib3/connectionpool.py:1110: InsecureRequestWarning: Unverified HTTPS request is being made to host '[LB_IP_ADDRESS]'. Adding certificate verification is strongly advised. See: https://urllib3.readthedocs.io/en/latest/advanced-usage.html#tls-warnings
  warnings.warn(

2026-09-28 10:03:36.777 77 INFO cinder.volume.drivers.lightos [None req-9b6766af-f939-4468-a73d-a88b978090cc 5077198cf44543e5a2aca37faf40a834 2d76d73df58142668c65659c5de77408 - - - -] Invoking create_volume using POST url: /api/v2/projects/default/volumes             request.body: {'name': 'vol_175255d5-25e8-4d38-b8b1-bcf74a110afe', 'size': '1 gib', 'replicaCount': '3', 'compression': 'False', 'acl': {'values': ['ALLOW_NONE']}, 'IPAcl': {'values': ['ALLOW_NONE']}, 'sourceSnapshotUUID': None, 'sourceSnapshotName': None} ssl_verify: False
2026-09-28 10:03:36.817 77 WARNING py.warnings [None req-9b6766af-f939-4468-a73d-a88b978090cc 5077198cf44543e5a2aca37faf40a834 2d76d73df58142668c65659c5de77408 - - - -] /var/lib/kolla/venv/lib/python3.12/site-packages/urllib3/connectionpool.py:1110: InsecureRequestWarning: Unverified HTTPS request is being made to host '[LB_IP_ADDRESS]'. Adding certificate verification is strongly advised. See: https://urllib3.readthedocs.io/en/latest/advanced-usage.html#tls-warnings
  warnings.warn(

2026-09-28 10:03:36.842 77 INFO cinder.volume.drivers.lightos [None req-9b6766af-f939-4468-a73d-a88b978090cc 5077198cf44543e5a2aca37faf40a834 2d76d73df58142668c65659c5de77408 - - - -] Invoking get_volume using GET url: /api/v2/projects/default/volumes/67a1fa35-7d61-4d36-8778-375287f64de4             request.body: {} ssl_verify: False
2026-09-28 10:03:36.915 77 WARNING py.warnings [None req-9b6766af-f939-4468-a73d-a88b978090cc 5077198cf44543e5a2aca37faf40a834 2d76d73df58142668c65659c5de77408 - - - -] /var/lib/kolla/venv/lib/python3.12/site-packages/urllib3/connectionpool.py:1110: InsecureRequestWarning: Unverified HTTPS request is being made to host '[LB_IP_ADDRESS]'. Adding certificate verification is strongly advised. See: https://urllib3.readthedocs.io/en/latest/advanced-usage.html#tls-warnings
  warnings.warn(

2026-09-28 10:03:37.965 77 INFO cinder.volume.drivers.lightos [None req-9b6766af-f939-4468-a73d-a88b978090cc 5077198cf44543e5a2aca37faf40a834 2d76d73df58142668c65659c5de77408 - - - -] Invoking get_volume using GET url: /api/v2/projects/default/volumes/67a1fa35-7d61-4d36-8778-375287f64de4             request.body: {} ssl_verify: False
2026-09-28 10:03:38.018 77 WARNING py.warnings [None req-9b6766af-f939-4468-a73d-a88b978090cc 5077198cf44543e5a2aca37faf40a834 2d76d73df58142668c65659c5de77408 - - - -] /var/lib/kolla/venv/lib/python3.12/site-packages/urllib3/connectionpool.py:1110: InsecureRequestWarning: Unverified HTTPS request is being made to host '[LB_IP_ADDRESS]'. Adding certificate verification is strongly advised. See: https://urllib3.readthedocs.io/en/latest/advanced-usage.html#tls-warnings
  warnings.warn(

2026-09-28 10:03:38.044 77 INFO cinder.volume.flows.manager.create_volume [None req-9b6766af-f939-4468-a73d-a88b978090cc 5077198cf44543e5a2aca37faf40a834 2d76d73df58142668c65659c5de77408 - - - -] Volume vol_175255d5-25e8-4d38-b8b1-bcf74a110afe (175255d5-25e8-4d38-b8b1-bcf74a110afe): created successfully
2026-09-28 10:03:38.052 77 INFO cinder.volume.manager [None req-9b6766af-f939-4468-a73d-a88b978090cc 5077198cf44543e5a2aca37faf40a834 2d76d73df58142668c65659c5de77408 - - - -] Created volume successfully.
2026-09-28 10:03:39.502 77 INFO cinder.volume.manager [None req-fb220134-eb54-45e9-8af2-d119586f09a3 4eb20167e320435b81a828cdc8bcd8a1 ca86027e480a418196d4f4567a648b15 - - default default] Transfer volume completed successfully.
2026-09-28 10:03:39.527 77 INFO cinder.volume.flows.manager.create_volume [None req-b9dd1df6-3a54-46d0-93a1-2ee79b5f2c62 7deb29b12c95480c88e78a60edd34c97 5f62eb776b2546338324de7ce115c997 - - - -] Volume 14295611-4900-47eb-876d-49d0bad75050: being created as raw with specification: {'status': 'creating', 'volume_name': 'vol_14295611-4900-47eb-876d-49d0bad75050', 'volume_size': 1}
2026-09-28 10:03:39.527 77 INFO cinder.volume.drivers.lightos [None req-b9dd1df6-3a54-46d0-93a1-2ee79b5f2c62 7deb29b12c95480c88e78a60edd34c97 5f62eb776b2546338324de7ce115c997 - - - -] Invoking get_volume_by_name using GET url: /api/v2/projects/default/volumes/?name=vol_14295611-4900-47eb-876d-49d0bad75050             request.body: {} ssl_verify: False
2026-09-28 10:03:39.562 77 WARNING py.warnings [None req-b9dd1df6-3a54-46d0-93a1-2ee79b5f2c62 7deb29b12c95480c88e78a60edd34c97 5f62eb776b2546338324de7ce115c997 - - - -] /var/lib/kolla/venv/lib/python3.12/site-packages/urllib3/connectionpool.py:1110: InsecureRequestWarning: Unverified HTTPS request is being made to host '[LB_IP_ADDRESS]'. Adding certificate verification is strongly advised. See: https://urllib3.readthedocs.io/en/latest/advanced-usage.html#tls-warnings
  warnings.warn(

2026-09-28 10:03:39.571 77 INFO cinder.volume.drivers.lightos [None req-b9dd1df6-3a54-46d0-93a1-2ee79b5f2c62 7deb29b12c95480c88e78a60edd34c97 5f62eb776b2546338324de7ce115c997 - - - -] Invoking create_volume using POST url: /api/v2/projects/default/volumes             request.body: {'name': 'vol_14295611-4900-47eb-876d-49d0bad75050', 'size': '1 gib', 'replicaCount': '3', 'compression': 'False', 'acl': {'values': ['ALLOW_NONE']}, 'IPAcl': {'values': ['ALLOW_NONE']}, 'sourceSnapshotUUID': None, 'sourceSnapshotName': None} ssl_verify: False
2026-09-28 10:03:39.609 77 WARNING py.warnings [None req-b9dd1df6-3a54-46d0-93a1-2ee79b5f2c62 7deb29b12c95480c88e78a60edd34c97 5f62eb776b2546338324de7ce115c997 - - - -] /var/lib/kolla/venv/lib/python3.12/site-packages/urllib3/connectionpool.py:1110: InsecureRequestWarning: Unverified HTTPS request is being made to host '[LB_IP_ADDRESS]'. Adding certificate verification is strongly advised. See: https://urllib3.readthedocs.io/en/latest/advanced-usage.html#tls-warnings
  warnings.warn(

2026-09-28 10:03:39.636 77 INFO cinder.volume.drivers.lightos [None req-b9dd1df6-3a54-46d0-93a1-2ee79b5f2c62 7deb29b12c95480c88e78a60edd34c97 5f62eb776b2546338324de7ce115c997 - - - -] Invoking get_volume using GET url: /api/v2/projects/default/volumes/744f7ef9-d715-40a3-b706-0634dd1d3d21             request.body: {} ssl_verify: False
2026-09-28 10:03:39.682 77 WARNING py.warnings [None req-b9dd1df6-3a54-46d0-93a1-2ee79b5f2c62 7deb29b12c95480c88e78a60edd34c97 5f62eb776b2546338324de7ce115c997 - - - -] /var/lib/kolla/venv/lib/python3.12/site-packages/urllib3/connectionpool.py:1110: InsecureRequestWarning: Unverified HTTPS request is being made to host '[LB_IP_ADDRESS]'. Adding certificate verification is strongly advised. See: https://urllib3.readthedocs.io/en/latest/advanced-usage.html#tls-warnings
  warnings.warn(

2026-09-28 10:03:39.742 77 INFO cinder.volume.flows.manager.create_volume [None req-b9dd1df6-3a54-46d0-93a1-2ee79b5f2c62 7deb29b12c95480c88e78a60edd34c97 5f62eb776b2546338324de7ce115c997 - - - -] Volume vol_14295611-4900-47eb-876d-49d0bad75050 (14295611-4900-47eb-876d-49d0bad75050): created successfully
2026-09-28 10:03:39.749 77 INFO cinder.volume.manager [None req-b9dd1df6-3a54-46d0-93a1-2ee79b5f2c62 7deb29b12c95480c88e78a60edd34c97 5f62eb776b2546338324de7ce115c997 - - - -] Created volume successfully.
2026-09-28 10:03:40.465 77 INFO cinder.volume.drivers.lightos [None req-a8f4cd8f-9b2f-4e75-b7cb-66429b8da544 0eea051fd9b0459d9f9eada3701a4ee7 7c6d1f4703b944f68c33db6ca4b32c61 - - default default] Invoking delete_volume using DELETE url: /api/v2/projects/default/volumes/67a1fa35-7d61-4d36-8778-375287f64de4?             request.body:  ssl_verify: False
2026-09-28 10:03:40.501 77 WARNING py.warnings [None req-a8f4cd8f-9b2f-4e75-b7cb-66429b8da544 0eea051fd9b0459d9f9eada3701a4ee7 7c6d1f4703b944f68c33db6ca4b32c61 - - default default] /var/lib/kolla/venv/lib/python3.12/site-packages/urllib3/connectionpool.py:1110: InsecureRequestWarning: Unverified HTTPS request is being made to host '[LB_IP_ADDRESS]'. Adding certificate verification is strongly advised. See: https://urllib3.readthedocs.io/en/latest/advanced-usage.html#tls-warnings
  warnings.warn(

2026-09-28 10:03:40.529 77 INFO cinder.volume.drivers.lightos [None req-a8f4cd8f-9b2f-4e75-b7cb-66429b8da544 0eea051fd9b0459d9f9eada3701a4ee7 7c6d1f4703b944f68c33db6ca4b32c61 - - default default] Invoking get_volume using GET url: /api/v2/projects/default/volumes/67a1fa35-7d61-4d36-8778-375287f64de4             request.body: {} ssl_verify: False
2026-09-28 10:03:40.575 77 WARNING py.warnings [None req-a8f4cd8f-9b2f-4e75-b7cb-66429b8da544 0eea051fd9b0459d9f9eada3701a4ee7 7c6d1f4703b944f68c33db6ca4b32c61 - - default default] /var/lib/kolla/venv/lib/python3.12/site-packages/urllib3/connectionpool.py:1110: InsecureRequestWarning: Unverified HTTPS request is being made to host '[LB_IP_ADDRESS]'. Adding certificate verification is strongly advised. See: https://urllib3.readthedocs.io/en/latest/advanced-usage.html#tls-warnings
  warnings.warn(

2026-09-28 10:03:40.693 77 INFO cinder.volume.manager [None req-a8f4cd8f-9b2f-4e75-b7cb-66429b8da544 0eea051fd9b0459d9f9eada3701a4ee7 7c6d1f4703b944f68c33db6ca4b32c61 - - default default] Deleted volume successfully.
2026-09-28 10:03:41.217 77 INFO cinder.volume.manager [None req-46ab7461-668d-4fbe-aa47-6d5b3c1116e8 6e6a5dca7d3a47af8d000d996fce3db8 634780cb072f4d989e7d04651415c64c - - default default] Transfer volume completed successfully.
2026-09-28 10:03:41.980 77 INFO cinder.volume.flows.manager.create_volume [None req-5e491a4a-8608-4ebd-a30c-e59157b26579 5077198cf44543e5a2aca37faf40a834 2d76d73df58142668c65659c5de77408 - - - -] Volume b50738f0-937e-4a41-b6fc-2ae3161637e8: being created as raw with specification: {'status': 'creating', 'volume_name': 'vol_b50738f0-937e-4a41-b6fc-2ae3161637e8', 'volume_size': 1}
2026-09-28 10:03:41.981 77 INFO cinder.volume.drivers.lightos [None req-5e491a4a-8608-4ebd-a30c-e59157b26579 5077198cf44543e5a2aca37faf40a834 2d76d73df58142668c65659c5de77408 - - - -] Invoking get_volume_by_name using GET url: /api/v2/projects/default/volumes/?name=vol_b50738f0-937e-4a41-b6fc-2ae3161637e8             request.body: {} ssl_verify: False
2026-09-28 10:03:42.018 77 WARNING py.warnings [None req-5e491a4a-8608-4ebd-a30c-e59157b26579 5077198cf44543e5a2aca37faf40a834 2d76d73df58142668c65659c5de77408 - - - -] /var/lib/kolla/venv/lib/python3.12/site-packages/urllib3/connectionpool.py:1110: InsecureRequestWarning: Unverified HTTPS request is being made to host '[LB_IP_ADDRESS]'. Adding certificate verification is strongly advised. See: https://urllib3.readthedocs.io/en/latest/advanced-usage.html#tls-warnings
  warnings.warn(

2026-09-28 10:03:42.031 77 INFO cinder.volume.drivers.lightos [None req-5e491a4a-8608-4ebd-a30c-e59157b26579 5077198cf44543e5a2aca37faf40a834 2d76d73df58142668c65659c5de77408 - - - -] Invoking create_volume using POST url: /api/v2/projects/default/volumes             request.body: {'name': 'vol_b50738f0-937e-4a41-b6fc-2ae3161637e8', 'size': '1 gib', 'replicaCount': '3', 'compression': 'False', 'acl': {'values': ['ALLOW_NONE']}, 'IPAcl': {'values': ['ALLOW_NONE']}, 'sourceSnapshotUUID': None, 'sourceSnapshotName': None} ssl_verify: False
2026-09-28 10:03:42.076 77 WARNING py.warnings [None req-5e491a4a-8608-4ebd-a30c-e59157b26579 5077198cf44543e5a2aca37faf40a834 2d76d73df58142668c65659c5de77408 - - - -] /var/lib/kolla/venv/lib/python3.12/site-packages/urllib3/connectionpool.py:1110: InsecureRequestWarning: Unverified HTTPS request is being made to host '[LB_IP_ADDRESS]'. Adding certificate verification is strongly advised. See: https://urllib3.readthedocs.io/en/latest/advanced-usage.html#tls-warnings
  warnings.warn(

2026-09-28 10:03:42.128 77 INFO cinder.volume.drivers.lightos [None req-5e491a4a-8608-4ebd-a30c-e59157b26579 5077198cf44543e5a2aca37faf40a834 2d76d73df58142668c65659c5de77408 - - - -] Invoking get_volume using GET url: /api/v2/projects/default/volumes/fc833229-2a97-4e5e-a397-f898c60f511d             request.body: {} ssl_verify: False
2026-09-28 10:03:42.169 77 WARNING py.warnings [None req-5e491a4a-8608-4ebd-a30c-e59157b26579 5077198cf44543e5a2aca37faf40a834 2d76d73df58142668c65659c5de77408 - - - -] /var/lib/kolla/venv/lib/python3.12/site-packages/urllib3/connectionpool.py:1110: InsecureRequestWarning: Unverified HTTPS request is being made to host '[LB_IP_ADDRESS]'. Adding certificate verification is strongly advised. See: https://urllib3.readthedocs.io/en/latest/advanced-usage.html#tls-warnings
  warnings.warn(

2026-09-28 10:03:42.181 77 INFO cinder.volume.drivers.lightos [None req-53119699-4843-46ea-a9ee-84848ff1b2d4 29783e39bdaf4f71a0ea89b2a3beb6d2 a93f9cd37d814de08ca3ac9e3947b213 - - default default] Invoking delete_volume using DELETE url: /api/v2/projects/default/volumes/744f7ef9-d715-40a3-b706-0634dd1d3d21?             request.body:  ssl_verify: False
2026-09-28 10:03:42.213 77 WARNING py.warnings [None req-53119699-4843-46ea-a9ee-84848ff1b2d4 29783e39bdaf4f71a0ea89b2a3beb6d2 a93f9cd37d814de08ca3ac9e3947b213 - - default default] /var/lib/kolla/venv/lib/python3.12/site-packages/urllib3/connectionpool.py:1110: InsecureRequestWarning: Unverified HTTPS request is being made to host '[LB_IP_ADDRESS]'. Adding certificate verification is strongly advised. See: https://urllib3.readthedocs.io/en/latest/advanced-usage.html#tls-warnings
  warnings.warn(

2026-09-28 10:03:42.237 77 INFO cinder.volume.drivers.lightos [None req-53119699-4843-46ea-a9ee-84848ff1b2d4 29783e39bdaf4f71a0ea89b2a3beb6d2 a93f9cd37d814de08ca3ac9e3947b213 - - default default] Invoking get_volume using GET url: /api/v2/projects/default/volumes/744f7ef9-d715-40a3-b706-0634dd1d3d21             request.body: {} ssl_verify: False
2026-09-28 10:03:42.278 77 WARNING py.warnings [None req-53119699-4843-46ea-a9ee-84848ff1b2d4 29783e39bdaf4f71a0ea89b2a3beb6d2 a93f9cd37d814de08ca3ac9e3947b213 - - default default] /var/lib/kolla/venv/lib/python3.12/site-packages/urllib3/connectionpool.py:1110: InsecureRequestWarning: Unverified HTTPS request is being made to host '[LB_IP_ADDRESS]'. Adding certificate verification is strongly advised. See: https://urllib3.readthedocs.io/en/latest/advanced-usage.html#tls-warnings
  warnings.warn(

2026-09-28 10:03:42.391 77 INFO cinder.volume.manager [None req-53119699-4843-46ea-a9ee-84848ff1b2d4 29783e39bdaf4f71a0ea89b2a3beb6d2 a93f9cd37d814de08ca3ac9e3947b213 - - default default] Deleted volume successfully.
2026-09-28 10:03:43.211 77 INFO cinder.volume.drivers.lightos [None req-5e491a4a-8608-4ebd-a30c-e59157b26579 5077198cf44543e5a2aca37faf40a834 2d76d73df58142668c65659c5de77408 - - - -] Invoking get_volume using GET url: /api/v2/projects/default/volumes/fc833229-2a97-4e5e-a397-f898c60f511d             request.body: {} ssl_verify: False
2026-09-28 10:03:43.256 77 WARNING py.warnings [None req-5e491a4a-8608-4ebd-a30c-e59157b26579 5077198cf44543e5a2aca37faf40a834 2d76d73df58142668c65659c5de77408 - - - -] /var/lib/kolla/venv/lib/python3.12/site-packages/urllib3/connectionpool.py:1110: InsecureRequestWarning: Unverified HTTPS request is being made to host '[LB_IP_ADDRESS]'. Adding certificate verification is strongly advised. See: https://urllib3.readthedocs.io/en/latest/advanced-usage.html#tls-warnings
  warnings.warn(

2026-09-28 10:03:43.289 77 INFO cinder.volume.flows.manager.create_volume [None req-5e491a4a-8608-4ebd-a30c-e59157b26579 5077198cf44543e5a2aca37faf40a834 2d76d73df58142668c65659c5de77408 - - - -] Volume vol_b50738f0-937e-4a41-b6fc-2ae3161637e8 (b50738f0-937e-4a41-b6fc-2ae3161637e8): created successfully
2026-09-28 10:03:43.299 77 INFO cinder.volume.manager [None req-5e491a4a-8608-4ebd-a30c-e59157b26579 5077198cf44543e5a2aca37faf40a834 2d76d73df58142668c65659c5de77408 - - - -] Created volume successfully.
2026-09-28 10:03:43.690 77 INFO cinder.volume.flows.manager.create_volume [None req-ff1f624a-91c7-4a9f-a944-049dbc98adbf 7deb29b12c95480c88e78a60edd34c97 5f62eb776b2546338324de7ce115c997 - - - -] Volume a557ca79-43dc-4662-a1c9-b8324770c941: being created as raw with specification: {'status': 'creating', 'volume_name': 'vol_a557ca79-43dc-4662-a1c9-b8324770c941', 'volume_size': 1}
2026-09-28 10:03:43.690 77 INFO cinder.volume.drivers.lightos [None req-ff1f624a-91c7-4a9f-a944-049dbc98adbf 7deb29b12c95480c88e78a60edd34c97 5f62eb776b2546338324de7ce115c997 - - - -] Invoking get_volume_by_name using GET url: /api/v2/projects/default/volumes/?name=vol_a557ca79-43dc-4662-a1c9-b8324770c941             request.body: {} ssl_verify: False
2026-09-28 10:03:43.729 77 WARNING py.warnings [None req-ff1f624a-91c7-4a9f-a944-049dbc98adbf 7deb29b12c95480c88e78a60edd34c97 5f62eb776b2546338324de7ce115c997 - - - -] /var/lib/kolla/venv/lib/python3.12/site-packages/urllib3/connectionpool.py:1110: InsecureRequestWarning: Unverified HTTPS request is being made to host '[LB_IP_ADDRESS]'. Adding certificate verification is strongly advised. See: https://urllib3.readthedocs.io/en/latest/advanced-usage.html#tls-warnings
  warnings.warn(

2026-09-28 10:03:43.742 77 INFO cinder.volume.drivers.lightos [None req-ff1f624a-91c7-4a9f-a944-049dbc98adbf 7deb29b12c95480c88e78a60edd34c97 5f62eb776b2546338324de7ce115c997 - - - -] Invoking create_volume using POST url: /api/v2/projects/default/volumes             request.body: {'name': 'vol_a557ca79-43dc-4662-a1c9-b8324770c941', 'size': '1 gib', 'replicaCount': '3', 'compression': 'False', 'acl': {'values': ['ALLOW_NONE']}, 'IPAcl': {'values': ['ALLOW_NONE']}, 'sourceSnapshotUUID': None, 'sourceSnapshotName': None} ssl_verify: False
2026-09-28 10:03:43.788 77 WARNING py.warnings [None req-ff1f624a-91c7-4a9f-a944-049dbc98adbf 7deb29b12c95480c88e78a60edd34c97 5f62eb776b2546338324de7ce115c997 - - - -] /var/lib/kolla/venv/lib/python3.12/site-packages/urllib3/connectionpool.py:1110: InsecureRequestWarning: Unverified HTTPS request is being made to host '[LB_IP_ADDRESS]'. Adding certificate verification is strongly advised. See: https://urllib3.readthedocs.io/en/latest/advanced-usage.html#tls-warnings
  warnings.warn(

2026-09-28 10:03:43.814 77 INFO cinder.volume.drivers.lightos [None req-ff1f624a-91c7-4a9f-a944-049dbc98adbf 7deb29b12c95480c88e78a60edd34c97 5f62eb776b2546338324de7ce115c997 - - - -] Invoking get_volume using GET url: /api/v2/projects/default/volumes/7f077b87-c28b-4083-aead-90339486e274             request.body: {} ssl_verify: False
2026-09-28 10:03:43.861 77 WARNING py.warnings [None req-ff1f624a-91c7-4a9f-a944-049dbc98adbf 7deb29b12c95480c88e78a60edd34c97 5f62eb776b2546338324de7ce115c997 - - - -] /var/lib/kolla/venv/lib/python3.12/site-packages/urllib3/connectionpool.py:1110: InsecureRequestWarning: Unverified HTTPS request is being made to host '[LB_IP_ADDRESS]'. Adding certificate verification is strongly advised. See: https://urllib3.readthedocs.io/en/latest/advanced-usage.html#tls-warnings
  warnings.warn(

2026-09-28 10:03:44.423 77 INFO cinder.volume.drivers.lightos [None req-e2e711e1-63b4-4f80-8123-f68db7c52bb1 0eea051fd9b0459d9f9eada3701a4ee7 7c6d1f4703b944f68c33db6ca4b32c61 - - default default] Invoking delete_volume using DELETE url: /api/v2/projects/default/volumes/fc833229-2a97-4e5e-a397-f898c60f511d?             request.body:  ssl_verify: False
2026-09-28 10:03:44.478 77 WARNING py.warnings [None req-e2e711e1-63b4-4f80-8123-f68db7c52bb1 0eea051fd9b0459d9f9eada3701a4ee7 7c6d1f4703b944f68c33db6ca4b32c61 - - default default] /var/lib/kolla/venv/lib/python3.12/site-packages/urllib3/connectionpool.py:1110: InsecureRequestWarning: Unverified HTTPS request is being made to host '[LB_IP_ADDRESS]'. Adding certificate verification is strongly advised. See: https://urllib3.readthedocs.io/en/latest/advanced-usage.html#tls-warnings
  warnings.warn(

2026-09-28 10:03:44.512 77 INFO cinder.volume.drivers.lightos [None req-e2e711e1-63b4-4f80-8123-f68db7c52bb1 0eea051fd9b0459d9f9eada3701a4ee7 7c6d1f4703b944f68c33db6ca4b32c61 - - default default] Invoking get_volume using GET url: /api/v2/projects/default/volumes/fc833229-2a97-4e5e-a397-f898c60f511d             request.body: {} ssl_verify: False
2026-09-28 10:03:44.570 77 WARNING py.warnings [None req-e2e711e1-63b4-4f80-8123-f68db7c52bb1 0eea051fd9b0459d9f9eada3701a4ee7 7c6d1f4703b944f68c33db6ca4b32c61 - - default default] /var/lib/kolla/venv/lib/python3.12/site-packages/urllib3/connectionpool.py:1110: InsecureRequestWarning: Unverified HTTPS request is being made to host '[LB_IP_ADDRESS]'. Adding certificate verification is strongly advised. See: https://urllib3.readthedocs.io/en/latest/advanced-usage.html#tls-warnings
  warnings.warn(

2026-09-28 10:03:44.875 77 INFO cinder.volume.drivers.lightos [None req-ff1f624a-91c7-4a9f-a944-049dbc98adbf 7deb29b12c95480c88e78a60edd34c97 5f62eb776b2546338324de7ce115c997 - - - -] Invoking get_volume using GET url: /api/v2/projects/default/volumes/7f077b87-c28b-4083-aead-90339486e274             request.body: {} ssl_verify: False
2026-09-28 10:03:44.919 77 WARNING py.warnings [None req-ff1f624a-91c7-4a9f-a944-049dbc98adbf 7deb29b12c95480c88e78a60edd34c97 5f62eb776b2546338324de7ce115c997 - - - -] /var/lib/kolla/venv/lib/python3.12/site-packages/urllib3/connectionpool.py:1110: InsecureRequestWarning: Unverified HTTPS request is being made to host '[LB_IP_ADDRESS]'. Adding certificate verification is strongly advised. See: https://urllib3.readthedocs.io/en/latest/advanced-usage.html#tls-warnings
  warnings.warn(

2026-09-28 10:03:44.933 77 INFO cinder.volume.manager [None req-e2e711e1-63b4-4f80-8123-f68db7c52bb1 0eea051fd9b0459d9f9eada3701a4ee7 7c6d1f4703b944f68c33db6ca4b32c61 - - default default] Deleted volume successfully.
2026-09-28 10:03:45.000 77 INFO cinder.volume.flows.manager.create_volume [None req-ff1f624a-91c7-4a9f-a944-049dbc98adbf 7deb29b12c95480c88e78a60edd34c97 5f62eb776b2546338324de7ce115c997 - - - -] Volume vol_a557ca79-43dc-4662-a1c9-b8324770c941 (a557ca79-43dc-4662-a1c9-b8324770c941): created successfully
2026-09-28 10:03:45.035 77 INFO cinder.volume.manager [None req-ff1f624a-91c7-4a9f-a944-049dbc98adbf 7deb29b12c95480c88e78a60edd34c97 5f62eb776b2546338324de7ce115c997 - - - -] Created volume successfully.
2026-09-28 10:03:46.035 77 INFO cinder.volume.drivers.lightos [None req-d1188435-8833-4d73-bea7-2a69003d1926 29783e39bdaf4f71a0ea89b2a3beb6d2 a93f9cd37d814de08ca3ac9e3947b213 - - default default] Invoking delete_volume using DELETE url: /api/v2/projects/default/volumes/7f077b87-c28b-4083-aead-90339486e274?             request.body:  ssl_verify: False
2026-09-28 10:03:46.073 77 WARNING py.warnings [None req-d1188435-8833-4d73-bea7-2a69003d1926 29783e39bdaf4f71a0ea89b2a3beb6d2 a93f9cd37d814de08ca3ac9e3947b213 - - default default] /var/lib/kolla/venv/lib/python3.12/site-packages/urllib3/connectionpool.py:1110: InsecureRequestWarning: Unverified HTTPS request is being made to host '[LB_IP_ADDRESS]'. Adding certificate verification is strongly advised. See: https://urllib3.readthedocs.io/en/latest/advanced-usage.html#tls-warnings
  warnings.warn(

2026-09-28 10:03:46.137 77 INFO cinder.volume.drivers.lightos [None req-d1188435-8833-4d73-bea7-2a69003d1926 29783e39bdaf4f71a0ea89b2a3beb6d2 a93f9cd37d814de08ca3ac9e3947b213 - - default default] Invoking get_volume using GET url: /api/v2/projects/default/volumes/7f077b87-c28b-4083-aead-90339486e274             request.body: {} ssl_verify: False
2026-09-28 10:03:46.182 77 WARNING py.warnings [None req-d1188435-8833-4d73-bea7-2a69003d1926 29783e39bdaf4f71a0ea89b2a3beb6d2 a93f9cd37d814de08ca3ac9e3947b213 - - default default] /var/lib/kolla/venv/lib/python3.12/site-packages/urllib3/connectionpool.py:1110: InsecureRequestWarning: Unverified HTTPS request is being made to host '[LB_IP_ADDRESS]'. Adding certificate verification is strongly advised. See: https://urllib3.readthedocs.io/en/latest/advanced-usage.html#tls-warnings
  warnings.warn(

2026-09-28 10:03:46.423 77 INFO cinder.volume.manager [None req-d1188435-8833-4d73-bea7-2a69003d1926 29783e39bdaf4f71a0ea89b2a3beb6d2 a93f9cd37d814de08ca3ac9e3947b213 - - default default] Deleted volume successfully.
2026-09-28 10:03:49.282 77 INFO cinder.volume.flows.manager.create_volume [None req-37f95341-a31e-4882-b191-3f05838af28a b828c1c43bc74a4d99f6abf99aaac37b db688237390347a28632068a5b48f90d - - - -] Volume 2b47c3d1-b5d4-4111-b5a4-753f015dafcb: being created as raw with specification: {'status': 'creating', 'volume_name': 'vol_2b47c3d1-b5d4-4111-b5a4-753f015dafcb', 'volume_size': 2}
2026-09-28 10:03:49.283 77 INFO cinder.volume.drivers.lightos [None req-37f95341-a31e-4882-b191-3f05838af28a b828c1c43bc74a4d99f6abf99aaac37b db688237390347a28632068a5b48f90d - - - -] Invoking get_volume_by_name using GET url: /api/v2/projects/default/volumes/?name=vol_2b47c3d1-b5d4-4111-b5a4-753f015dafcb             request.body: {} ssl_verify: False
2026-09-28 10:03:49.319 77 WARNING py.warnings [None req-37f95341-a31e-4882-b191-3f05838af28a b828c1c43bc74a4d99f6abf99aaac37b db688237390347a28632068a5b48f90d - - - -] /var/lib/kolla/venv/lib/python3.12/site-packages/urllib3/connectionpool.py:1110: InsecureRequestWarning: Unverified HTTPS request is being made to host '[LB_IP_ADDRESS]'. Adding certificate verification is strongly advised. See: https://urllib3.readthedocs.io/en/latest/advanced-usage.html#tls-warnings
  warnings.warn(

2026-09-28 10:03:49.334 77 INFO cinder.volume.drivers.lightos [None req-37f95341-a31e-4882-b191-3f05838af28a b828c1c43bc74a4d99f6abf99aaac37b db688237390347a28632068a5b48f90d - - - -] Invoking create_volume using POST url: /api/v2/projects/default/volumes             request.body: {'name': 'vol_2b47c3d1-b5d4-4111-b5a4-753f015dafcb', 'size': '2 gib', 'replicaCount': '3', 'compression': 'False', 'acl': {'values': ['ALLOW_NONE']}, 'IPAcl': {'values': ['ALLOW_NONE']}, 'sourceSnapshotUUID': None, 'sourceSnapshotName': None} ssl_verify: False
2026-09-28 10:03:49.382 77 WARNING py.warnings [None req-37f95341-a31e-4882-b191-3f05838af28a b828c1c43bc74a4d99f6abf99aaac37b db688237390347a28632068a5b48f90d - - - -] /var/lib/kolla/venv/lib/python3.12/site-packages/urllib3/connectionpool.py:1110: InsecureRequestWarning: Unverified HTTPS request is being made to host '[LB_IP_ADDRESS]'. Adding certificate verification is strongly advised. See: https://urllib3.readthedocs.io/en/latest/advanced-usage.html#tls-warnings
  warnings.warn(

2026-09-28 10:03:49.439 77 INFO cinder.volume.drivers.lightos [None req-37f95341-a31e-4882-b191-3f05838af28a b828c1c43bc74a4d99f6abf99aaac37b db688237390347a28632068a5b48f90d - - - -] Invoking get_volume using GET url: /api/v2/projects/default/volumes/81a785bb-a317-41e5-9834-363a692e62a9             request.body: {} ssl_verify: False
2026-09-28 10:03:49.486 77 WARNING py.warnings [None req-37f95341-a31e-4882-b191-3f05838af28a b828c1c43bc74a4d99f6abf99aaac37b db688237390347a28632068a5b48f90d - - - -] /var/lib/kolla/venv/lib/python3.12/site-packages/urllib3/connectionpool.py:1110: InsecureRequestWarning: Unverified HTTPS request is being made to host '[LB_IP_ADDRESS]'. Adding certificate verification is strongly advised. See: https://urllib3.readthedocs.io/en/latest/advanced-usage.html#tls-warnings
  warnings.warn(

2026-09-28 10:03:49.785 77 INFO cinder.volume.flows.manager.create_volume [None req-2fa67b8b-25ad-4831-8f05-1a1834812acb 8c6d01cf5aa44ac19adc6792de36f5f4 8c350135ded04b0ba8c553cc56f30532 - - - -] Volume 8eae56f3-3195-4b3f-b66b-af4caf7129d0: being created as raw with specification: {'status': 'creating', 'volume_name': 'vol_8eae56f3-3195-4b3f-b66b-af4caf7129d0', 'volume_size': 1}
2026-09-28 10:03:49.785 77 INFO cinder.volume.drivers.lightos [None req-2fa67b8b-25ad-4831-8f05-1a1834812acb 8c6d01cf5aa44ac19adc6792de36f5f4 8c350135ded04b0ba8c553cc56f30532 - - - -] Invoking get_volume_by_name using GET url: /api/v2/projects/default/volumes/?name=vol_8eae56f3-3195-4b3f-b66b-af4caf7129d0             request.body: {} ssl_verify: False
2026-09-28 10:03:49.822 77 WARNING py.warnings [None req-2fa67b8b-25ad-4831-8f05-1a1834812acb 8c6d01cf5aa44ac19adc6792de36f5f4 8c350135ded04b0ba8c553cc56f30532 - - - -] /var/lib/kolla/venv/lib/python3.12/site-packages/urllib3/connectionpool.py:1110: InsecureRequestWarning: Unverified HTTPS request is being made to host '[LB_IP_ADDRESS]'. Adding certificate verification is strongly advised. See: https://urllib3.readthedocs.io/en/latest/advanced-usage.html#tls-warnings
  warnings.warn(

2026-09-28 10:03:49.835 77 INFO cinder.volume.drivers.lightos [None req-2fa67b8b-25ad-4831-8f05-1a1834812acb 8c6d01cf5aa44ac19adc6792de36f5f4 8c350135ded04b0ba8c553cc56f30532 - - - -] Invoking create_volume using POST url: /api/v2/projects/default/volumes             request.body: {'name': 'vol_8eae56f3-3195-4b3f-b66b-af4caf7129d0', 'size': '1 gib', 'replicaCount': '3', 'compression': 'False', 'acl': {'values': ['ALLOW_NONE']}, 'IPAcl': {'values': ['ALLOW_NONE']}, 'sourceSnapshotUUID': None, 'sourceSnapshotName': None} ssl_verify: False
2026-09-28 10:03:49.877 77 WARNING py.warnings [None req-2fa67b8b-25ad-4831-8f05-1a1834812acb 8c6d01cf5aa44ac19adc6792de36f5f4 8c350135ded04b0ba8c553cc56f30532 - - - -] /var/lib/kolla/venv/lib/python3.12/site-packages/urllib3/connectionpool.py:1110: InsecureRequestWarning: Unverified HTTPS request is being made to host '[LB_IP_ADDRESS]'. Adding certificate verification is strongly advised. See: https://urllib3.readthedocs.io/en/latest/advanced-usage.html#tls-warnings
  warnings.warn(

2026-09-28 10:03:49.906 77 INFO cinder.volume.drivers.lightos [None req-2fa67b8b-25ad-4831-8f05-1a1834812acb 8c6d01cf5aa44ac19adc6792de36f5f4 8c350135ded04b0ba8c553cc56f30532 - - - -] Invoking get_volume using GET url: /api/v2/projects/default/volumes/0ed92fab-525a-4e44-bc28-d9b8176ca7a5             request.body: {} ssl_verify: False
2026-09-28 10:03:49.972 77 WARNING py.warnings [None req-2fa67b8b-25ad-4831-8f05-1a1834812acb 8c6d01cf5aa44ac19adc6792de36f5f4 8c350135ded04b0ba8c553cc56f30532 - - - -] /var/lib/kolla/venv/lib/python3.12/site-packages/urllib3/connectionpool.py:1110: InsecureRequestWarning: Unverified HTTPS request is being made to host '[LB_IP_ADDRESS]'. Adding certificate verification is strongly advised. See: https://urllib3.readthedocs.io/en/latest/advanced-usage.html#tls-warnings
  warnings.warn(

2026-09-28 10:03:50.027 77 INFO cinder.volume.flows.manager.create_volume [None req-2fa67b8b-25ad-4831-8f05-1a1834812acb 8c6d01cf5aa44ac19adc6792de36f5f4 8c350135ded04b0ba8c553cc56f30532 - - - -] Volume vol_8eae56f3-3195-4b3f-b66b-af4caf7129d0 (8eae56f3-3195-4b3f-b66b-af4caf7129d0): created successfully
2026-09-28 10:03:50.048 77 INFO cinder.volume.manager [None req-2fa67b8b-25ad-4831-8f05-1a1834812acb 8c6d01cf5aa44ac19adc6792de36f5f4 8c350135ded04b0ba8c553cc56f30532 - - - -] Created volume successfully.
2026-09-28 10:03:50.505 77 INFO cinder.volume.drivers.lightos [None req-37f95341-a31e-4882-b191-3f05838af28a b828c1c43bc74a4d99f6abf99aaac37b db688237390347a28632068a5b48f90d - - - -] Invoking get_volume using GET url: /api/v2/projects/default/volumes/81a785bb-a317-41e5-9834-363a692e62a9             request.body: {} ssl_verify: False
2026-09-28 10:03:50.554 77 WARNING py.warnings [None req-37f95341-a31e-4882-b191-3f05838af28a b828c1c43bc74a4d99f6abf99aaac37b db688237390347a28632068a5b48f90d - - - -] /var/lib/kolla/venv/lib/python3.12/site-packages/urllib3/connectionpool.py:1110: InsecureRequestWarning: Unverified HTTPS request is being made to host '[LB_IP_ADDRESS]'. Adding certificate verification is strongly advised. See: https://urllib3.readthedocs.io/en/latest/advanced-usage.html#tls-warnings
  warnings.warn(

2026-09-28 10:03:50.607 77 INFO cinder.volume.flows.manager.create_volume [None req-37f95341-a31e-4882-b191-3f05838af28a b828c1c43bc74a4d99f6abf99aaac37b db688237390347a28632068a5b48f90d - - - -] Volume vol_2b47c3d1-b5d4-4111-b5a4-753f015dafcb (2b47c3d1-b5d4-4111-b5a4-753f015dafcb): created successfully
2026-09-28 10:03:50.615 77 INFO cinder.volume.manager [None req-37f95341-a31e-4882-b191-3f05838af28a b828c1c43bc74a4d99f6abf99aaac37b db688237390347a28632068a5b48f90d - - - -] Created volume successfully.
2026-09-28 10:03:50.866 77 WARNING cinder.image.glance [None req-dc150e2a-3c50-4103-adac-383bbed2690f 9983629049634091b005aeb8b5be7c19 5f4cdcc5c0804764aa6ea4854aca4eb0 - - - -] Glance method get_image_locations is available but a dedicated [glance] section is required in the cinder configuration file to allow service-to-service communication.: glanceclient.exc.HTTPForbidden: HTTP 403 Forbidden: You are not authorized to complete fetch_image_location action.
2026-09-28 10:03:50.939 77 INFO cinder.volume.flows.manager.create_volume [None req-dc150e2a-3c50-4103-adac-383bbed2690f 9983629049634091b005aeb8b5be7c19 5f4cdcc5c0804764aa6ea4854aca4eb0 - - - -] Volume 42344259-7d3c-4234-a351-ef0f6f31a7fa: being created as image with specification: {'status': 'creating', 'volume_name': 'vol_42344259-7d3c-4234-a351-ef0f6f31a7fa', 'volume_size': 1, 'image_id': '545c8ea5-cae4-4d3e-b3ff-02364f54bc85', 'image_location': (None, []), 'image_meta': {'name': 'cirros', 'disk_format': 'qcow2', 'container_format': 'bare', 'visibility': 'public', 'size': 12716032, 'virtual_size': 46137344, 'status': 'active', 'checksum': '443b7623e27ecf03dc9e01ee93f67afe', 'protected': False, 'min_ram': 0, 'min_disk': 0, 'owner': 'fa83639000624d7785ca4a397a2ed070', 'os_hidden': False, 'os_hash_algo': 'sha512', 'os_hash_value': '6513f21e44aa3da349f248188a44bc304a3653a04122d8fb4535423c8e1d14cd6a153f735bb0982e2161b5b5186106570c17a9e58b64dd39390617cd5a350f78', 'id': '545c8ea5-cae4-4d3e-b3ff-02364f54bc85', 'created_at': datetime.datetime(2026, 9, 6, 8, 21, 35, tzinfo=datetime.timezone.utc), 'updated_at': datetime.datetime(2026, 9, 6, 8, 21, 35, tzinfo=datetime.timezone.utc), 'tags': [], 'file': '/v2/images/545c8ea5-cae4-4d3e-b3ff-02364f54bc85/file', 'stores': 'file', 'properties': {'owner_specified.openstack.md5': '', 'owner_specified.openstack.object': 'images/cirros', 'owner_specified.openstack.sha256': ''}}, 'image_service': <cinder.image.glance.GlanceImageService object at 0x70d74d005bb0>}
2026-09-28 10:03:50.958 77 INFO cinder.volume.drivers.lightos [None req-88788193-e91b-46e9-ad5d-d4eeb0e60060 8c6d01cf5aa44ac19adc6792de36f5f4 8c350135ded04b0ba8c553cc56f30532 - - - -] Invoking get_snapshot_by_name using GET url: /api/v2/projects/default/snapshots/?Name=snapshot-667155e4-f2e7-47c7-8785-06902c6e0918             request.body: {} ssl_verify: False
2026-09-28 10:03:50.992 77 WARNING py.warnings [None req-88788193-e91b-46e9-ad5d-d4eeb0e60060 8c6d01cf5aa44ac19adc6792de36f5f4 8c350135ded04b0ba8c553cc56f30532 - - - -] /var/lib/kolla/venv/lib/python3.12/site-packages/urllib3/connectionpool.py:1110: InsecureRequestWarning: Unverified HTTPS request is being made to host '[LB_IP_ADDRESS]'. Adding certificate verification is strongly advised. See: https://urllib3.readthedocs.io/en/latest/advanced-usage.html#tls-warnings
  warnings.warn(

2026-09-28 10:03:51.003 77 INFO cinder.volume.drivers.lightos [None req-88788193-e91b-46e9-ad5d-d4eeb0e60060 8c6d01cf5aa44ac19adc6792de36f5f4 8c350135ded04b0ba8c553cc56f30532 - - - -] Invoking create_snapshot using POST url: /api/v2/projects/default/snapshots             request.body: {'name': 'snapshot-667155e4-f2e7-47c7-8785-06902c6e0918', 'sourceVolumeUUID': None, 'sourceVolumeName': 'vol_8eae56f3-3195-4b3f-b66b-af4caf7129d0'} ssl_verify: False
2026-09-28 10:03:51.047 77 WARNING py.warnings [None req-88788193-e91b-46e9-ad5d-d4eeb0e60060 8c6d01cf5aa44ac19adc6792de36f5f4 8c350135ded04b0ba8c553cc56f30532 - - - -] /var/lib/kolla/venv/lib/python3.12/site-packages/urllib3/connectionpool.py:1110: InsecureRequestWarning: Unverified HTTPS request is being made to host '[LB_IP_ADDRESS]'. Adding certificate verification is strongly advised. See: https://urllib3.readthedocs.io/en/latest/advanced-usage.html#tls-warnings
  warnings.warn(

2026-09-28 10:03:51.098 77 INFO cinder.volume.drivers.lightos [None req-88788193-e91b-46e9-ad5d-d4eeb0e60060 8c6d01cf5aa44ac19adc6792de36f5f4 8c350135ded04b0ba8c553cc56f30532 - - - -] Invoking get_snapshot_by_name using GET url: /api/v2/projects/default/snapshots/?Name=snapshot-667155e4-f2e7-47c7-8785-06902c6e0918             request.body: {} ssl_verify: False
2026-09-28 10:03:51.142 77 WARNING py.warnings [None req-88788193-e91b-46e9-ad5d-d4eeb0e60060 8c6d01cf5aa44ac19adc6792de36f5f4 8c350135ded04b0ba8c553cc56f30532 - - - -] /var/lib/kolla/venv/lib/python3.12/site-packages/urllib3/connectionpool.py:1110: InsecureRequestWarning: Unverified HTTPS request is being made to host '[LB_IP_ADDRESS]'. Adding certificate verification is strongly advised. See: https://urllib3.readthedocs.io/en/latest/advanced-usage.html#tls-warnings
  warnings.warn(

2026-09-28 10:03:51.356 77 INFO cinder.image.image_utils [None req-dc150e2a-3c50-4103-adac-383bbed2690f 9983629049634091b005aeb8b5be7c19 5f4cdcc5c0804764aa6ea4854aca4eb0 - - - -] Image download 12.13 MB at 12.13 MB/s
2026-09-28 10:03:51.551 77 INFO cinder.volume.drivers.lightos [None req-e2e1b139-9d19-4143-99c2-14255ce1711e b828c1c43bc74a4d99f6abf99aaac37b db688237390347a28632068a5b48f90d - - default default] Invoking delete_volume using DELETE url: /api/v2/projects/default/volumes/81a785bb-a317-41e5-9834-363a692e62a9?             request.body:  ssl_verify: False
2026-09-28 10:03:51.589 77 WARNING py.warnings [None req-e2e1b139-9d19-4143-99c2-14255ce1711e b828c1c43bc74a4d99f6abf99aaac37b db688237390347a28632068a5b48f90d - - default default] /var/lib/kolla/venv/lib/python3.12/site-packages/urllib3/connectionpool.py:1110: InsecureRequestWarning: Unverified HTTPS request is being made to host '[LB_IP_ADDRESS]'. Adding certificate verification is strongly advised. See: https://urllib3.readthedocs.io/en/latest/advanced-usage.html#tls-warnings
  warnings.warn(

2026-09-28 10:03:51.614 77 INFO cinder.volume.drivers.lightos [None req-e2e1b139-9d19-4143-99c2-14255ce1711e b828c1c43bc74a4d99f6abf99aaac37b db688237390347a28632068a5b48f90d - - default default] Invoking get_volume using GET url: /api/v2/projects/default/volumes/81a785bb-a317-41e5-9834-363a692e62a9             request.body: {} ssl_verify: False
2026-09-28 10:03:51.653 77 WARNING py.warnings [None req-e2e1b139-9d19-4143-99c2-14255ce1711e b828c1c43bc74a4d99f6abf99aaac37b db688237390347a28632068a5b48f90d - - default default] /var/lib/kolla/venv/lib/python3.12/site-packages/urllib3/connectionpool.py:1110: InsecureRequestWarning: Unverified HTTPS request is being made to host '[LB_IP_ADDRESS]'. Adding certificate verification is strongly advised. See: https://urllib3.readthedocs.io/en/latest/advanced-usage.html#tls-warnings
  warnings.warn(

2026-09-28 10:03:51.753 77 INFO cinder.volume.manager [None req-e2e1b139-9d19-4143-99c2-14255ce1711e b828c1c43bc74a4d99f6abf99aaac37b db688237390347a28632068a5b48f90d - - default default] Deleted volume successfully.
2026-09-28 10:03:52.249 77 INFO cinder.volume.drivers.lightos [None req-88788193-e91b-46e9-ad5d-d4eeb0e60060 8c6d01cf5aa44ac19adc6792de36f5f4 8c350135ded04b0ba8c553cc56f30532 - - - -] Invoking get_snapshot_by_name using GET url: /api/v2/projects/default/snapshots/?Name=snapshot-667155e4-f2e7-47c7-8785-06902c6e0918             request.body: {} ssl_verify: False
2026-09-28 10:03:52.296 77 WARNING py.warnings [None req-88788193-e91b-46e9-ad5d-d4eeb0e60060 8c6d01cf5aa44ac19adc6792de36f5f4 8c350135ded04b0ba8c553cc56f30532 - - - -] /var/lib/kolla/venv/lib/python3.12/site-packages/urllib3/connectionpool.py:1110: InsecureRequestWarning: Unverified HTTPS request is being made to host '[LB_IP_ADDRESS]'. Adding certificate verification is strongly advised. See: https://urllib3.readthedocs.io/en/latest/advanced-usage.html#tls-warnings
  warnings.warn(

2026-09-28 10:03:52.312 77 INFO cinder.volume.drivers.lightos [None req-dc150e2a-3c50-4103-adac-383bbed2690f 9983629049634091b005aeb8b5be7c19 5f4cdcc5c0804764aa6ea4854aca4eb0 - - - -] Invoking get_volume_by_name using GET url: /api/v2/projects/default/volumes/?name=vol_42344259-7d3c-4234-a351-ef0f6f31a7fa             request.body: {} ssl_verify: False
2026-09-28 10:03:52.354 77 WARNING py.warnings [None req-dc150e2a-3c50-4103-adac-383bbed2690f 9983629049634091b005aeb8b5be7c19 5f4cdcc5c0804764aa6ea4854aca4eb0 - - - -] /var/lib/kolla/venv/lib/python3.12/site-packages/urllib3/connectionpool.py:1110: InsecureRequestWarning: Unverified HTTPS request is being made to host '[LB_IP_ADDRESS]'. Adding certificate verification is strongly advised. See: https://urllib3.readthedocs.io/en/latest/advanced-usage.html#tls-warnings
  warnings.warn(

2026-09-28 10:03:52.361 77 INFO cinder.volume.manager [None req-88788193-e91b-46e9-ad5d-d4eeb0e60060 8c6d01cf5aa44ac19adc6792de36f5f4 8c350135ded04b0ba8c553cc56f30532 - - - -] Create snapshot completed successfully
2026-09-28 10:03:52.372 77 INFO cinder.volume.drivers.lightos [None req-dc150e2a-3c50-4103-adac-383bbed2690f 9983629049634091b005aeb8b5be7c19 5f4cdcc5c0804764aa6ea4854aca4eb0 - - - -] Invoking create_volume using POST url: /api/v2/projects/default/volumes             request.body: {'name': 'vol_42344259-7d3c-4234-a351-ef0f6f31a7fa', 'size': '1 gib', 'replicaCount': '3', 'compression': 'False', 'acl': {'values': ['ALLOW_NONE']}, 'IPAcl': {'values': ['ALLOW_NONE']}, 'sourceSnapshotUUID': None, 'sourceSnapshotName': None} ssl_verify: False
2026-09-28 10:03:52.409 77 WARNING py.warnings [None req-dc150e2a-3c50-4103-adac-383bbed2690f 9983629049634091b005aeb8b5be7c19 5f4cdcc5c0804764aa6ea4854aca4eb0 - - - -] /var/lib/kolla/venv/lib/python3.12/site-packages/urllib3/connectionpool.py:1110: InsecureRequestWarning: Unverified HTTPS request is being made to host '[LB_IP_ADDRESS]'. Adding certificate verification is strongly advised. See: https://urllib3.readthedocs.io/en/latest/advanced-usage.html#tls-warnings
  warnings.warn(

2026-09-28 10:03:52.432 77 INFO cinder.volume.drivers.lightos [None req-dc150e2a-3c50-4103-adac-383bbed2690f 9983629049634091b005aeb8b5be7c19 5f4cdcc5c0804764aa6ea4854aca4eb0 - - - -] Invoking get_volume using GET url: /api/v2/projects/default/volumes/45d22510-25d4-455a-bc98-3bf6f3eae585             request.body: {} ssl_verify: False
2026-09-28 10:03:52.481 77 WARNING py.warnings [None req-dc150e2a-3c50-4103-adac-383bbed2690f 9983629049634091b005aeb8b5be7c19 5f4cdcc5c0804764aa6ea4854aca4eb0 - - - -] /var/lib/kolla/venv/lib/python3.12/site-packages/urllib3/connectionpool.py:1110: InsecureRequestWarning: Unverified HTTPS request is being made to host '[LB_IP_ADDRESS]'. Adding certificate verification is strongly advised. See: https://urllib3.readthedocs.io/en/latest/advanced-usage.html#tls-warnings
  warnings.warn(

2026-09-28 10:03:53.207 77 INFO cinder.volume.drivers.lightos [None req-dd1eeea3-a7dc-4327-992a-d4efcd9f8122 8c6d01cf5aa44ac19adc6792de36f5f4 8c350135ded04b0ba8c553cc56f30532 - - - -] Invoking get_snapshot_by_name using GET url: /api/v2/projects/default/snapshots/?Name=snapshot-ab3d9162-b274-4f1b-b17d-0d19b657c988             request.body: {} ssl_verify: False
2026-09-28 10:03:53.242 77 WARNING py.warnings [None req-dd1eeea3-a7dc-4327-992a-d4efcd9f8122 8c6d01cf5aa44ac19adc6792de36f5f4 8c350135ded04b0ba8c553cc56f30532 - - - -] /var/lib/kolla/venv/lib/python3.12/site-packages/urllib3/connectionpool.py:1110: InsecureRequestWarning: Unverified HTTPS request is being made to host '[LB_IP_ADDRESS]'. Adding certificate verification is strongly advised. See: https://urllib3.readthedocs.io/en/latest/advanced-usage.html#tls-warnings
  warnings.warn(

2026-09-28 10:03:53.253 77 INFO cinder.volume.drivers.lightos [None req-dd1eeea3-a7dc-4327-992a-d4efcd9f8122 8c6d01cf5aa44ac19adc6792de36f5f4 8c350135ded04b0ba8c553cc56f30532 - - - -] Invoking create_snapshot using POST url: /api/v2/projects/default/snapshots             request.body: {'name': 'snapshot-ab3d9162-b274-4f1b-b17d-0d19b657c988', 'sourceVolumeUUID': None, 'sourceVolumeName': 'vol_8eae56f3-3195-4b3f-b66b-af4caf7129d0'} ssl_verify: False
2026-09-28 10:03:53.295 77 WARNING py.warnings [None req-dd1eeea3-a7dc-4327-992a-d4efcd9f8122 8c6d01cf5aa44ac19adc6792de36f5f4 8c350135ded04b0ba8c553cc56f30532 - - - -] /var/lib/kolla/venv/lib/python3.12/site-packages/urllib3/connectionpool.py:1110: InsecureRequestWarning: Unverified HTTPS request is being made to host '[LB_IP_ADDRESS]'. Adding certificate verification is strongly advised. See: https://urllib3.readthedocs.io/en/latest/advanced-usage.html#tls-warnings
  warnings.warn(

2026-09-28 10:03:53.325 77 INFO cinder.volume.drivers.lightos [None req-dd1eeea3-a7dc-4327-992a-d4efcd9f8122 8c6d01cf5aa44ac19adc6792de36f5f4 8c350135ded04b0ba8c553cc56f30532 - - - -] Invoking get_snapshot_by_name using GET url: /api/v2/projects/default/snapshots/?Name=snapshot-ab3d9162-b274-4f1b-b17d-0d19b657c988             request.body: {} ssl_verify: False
2026-09-28 10:03:53.391 77 WARNING py.warnings [None req-dd1eeea3-a7dc-4327-992a-d4efcd9f8122 8c6d01cf5aa44ac19adc6792de36f5f4 8c350135ded04b0ba8c553cc56f30532 - - - -] /var/lib/kolla/venv/lib/python3.12/site-packages/urllib3/connectionpool.py:1110: InsecureRequestWarning: Unverified HTTPS request is being made to host '[LB_IP_ADDRESS]'. Adding certificate verification is strongly advised. See: https://urllib3.readthedocs.io/en/latest/advanced-usage.html#tls-warnings
  warnings.warn(

2026-09-28 10:03:53.496 77 INFO cinder.volume.drivers.lightos [None req-dc150e2a-3c50-4103-adac-383bbed2690f 9983629049634091b005aeb8b5be7c19 5f4cdcc5c0804764aa6ea4854aca4eb0 - - - -] Invoking get_volume using GET url: /api/v2/projects/default/volumes/45d22510-25d4-455a-bc98-3bf6f3eae585             request.body: {} ssl_verify: False
2026-09-28 10:03:53.540 77 WARNING py.warnings [None req-dc150e2a-3c50-4103-adac-383bbed2690f 9983629049634091b005aeb8b5be7c19 5f4cdcc5c0804764aa6ea4854aca4eb0 - - - -] /var/lib/kolla/venv/lib/python3.12/site-packages/urllib3/connectionpool.py:1110: InsecureRequestWarning: Unverified HTTPS request is being made to host '[LB_IP_ADDRESS]'. Adding certificate verification is strongly advised. See: https://urllib3.readthedocs.io/en/latest/advanced-usage.html#tls-warnings
  warnings.warn(

2026-09-28 10:03:53.682 77 INFO os_brick.initiator.connectors.lightos [None req-dc150e2a-3c50-4103-adac-383bbed2690f 9983629049634091b005aeb8b5be7c19 5f4cdcc5c0804764aa6ea4854aca4eb0 - - - -] Current host hostNQN nqn.2014-08.org.nvmexpress:uuid:1136ecdd-b326-5080-93cd-b4d75d7810d9 and IP(s) are ['[LB_IP_ADDRESS]', 'fe80::3e47:9a62:83ae:42f6', '[LB_IP_ADDRESS]', 'fe80::1527:3e78:1ef1:1fe7', '[LB_IP_ADDRESS]', 'fd00::a:13:1a:6', 'fe80::5fef:b54a:d77d:fcd4'] 
2026-09-28 10:03:53.684 77 INFO cinder.volume.drivers.lightos [None req-dc150e2a-3c50-4103-adac-383bbed2690f 9983629049634091b005aeb8b5be7c19 5f4cdcc5c0804764aa6ea4854aca4eb0 - - - -] Current host hostNQN is nqn.2014-08.org.nvmexpress:uuid:1136ecdd-b326-5080-93cd-b4d75d7810d9 and IP(s) are ['[LB_IP_ADDRESS]', 'fe80::3e47:9a62:83ae:42f6', '[LB_IP_ADDRESS]', 'fe80::1527:3e78:1ef1:1fe7', '[LB_IP_ADDRESS]', 'fd00::a:13:1a:6', 'fe80::5fef:b54a:d77d:fcd4']
2026-09-28 10:03:53.684 77 INFO cinder.volume.drivers.lightos [None req-dc150e2a-3c50-4103-adac-383bbed2690f 9983629049634091b005aeb8b5be7c19 5f4cdcc5c0804764aa6ea4854aca4eb0 - - - -] Invoking get_volume_by_name using GET url: /api/v2/projects/default/volumes/?name=vol_42344259-7d3c-4234-a351-ef0f6f31a7fa             request.body: {} ssl_verify: False
2026-09-28 10:03:53.727 77 WARNING py.warnings [None req-dc150e2a-3c50-4103-adac-383bbed2690f 9983629049634091b005aeb8b5be7c19 5f4cdcc5c0804764aa6ea4854aca4eb0 - - - -] /var/lib/kolla/venv/lib/python3.12/site-packages/urllib3/connectionpool.py:1110: InsecureRequestWarning: Unverified HTTPS request is being made to host '[LB_IP_ADDRESS]'. Adding certificate verification is strongly advised. See: https://urllib3.readthedocs.io/en/latest/advanced-usage.html#tls-warnings
  warnings.warn(

2026-09-28 10:03:53.761 77 INFO cinder.volume.drivers.lightos [None req-dc150e2a-3c50-4103-adac-383bbed2690f 9983629049634091b005aeb8b5be7c19 5f4cdcc5c0804764aa6ea4854aca4eb0 - - - -] Invoking update_volume using PUT url: /api/v2/projects/default/volumes/45d22510-25d4-455a-bc98-3bf6f3eae585             request.body: {'acl': {'values': ['nqn.2014-08.org.nvmexpress:uuid:1136ecdd-b326-5080-93cd-b4d75d7810d9']}, 'IPAcl': {'values': ['fe80::5fef:b54a:d77d:fcd4', 'fd00::a:13:1a:6', '[LB_IP_ADDRESS]', '[LB_IP_ADDRESS]', 'fe80::3e47:9a62:83ae:42f6', '[LB_IP_ADDRESS]', 'fe80::1527:3e78:1ef1:1fe7']}} ssl_verify: False
2026-09-28 10:03:53.803 77 WARNING py.warnings [None req-dc150e2a-3c50-4103-adac-383bbed2690f 9983629049634091b005aeb8b5be7c19 5f4cdcc5c0804764aa6ea4854aca4eb0 - - - -] /var/lib/kolla/venv/lib/python3.12/site-packages/urllib3/connectionpool.py:1110: InsecureRequestWarning: Unverified HTTPS request is being made to host '[LB_IP_ADDRESS]'. Adding certificate verification is strongly advised. See: https://urllib3.readthedocs.io/en/latest/advanced-usage.html#tls-warnings
  warnings.warn(

2026-09-28 10:03:53.826 77 INFO cinder.volume.drivers.lightos [None req-dc150e2a-3c50-4103-adac-383bbed2690f 9983629049634091b005aeb8b5be7c19 5f4cdcc5c0804764aa6ea4854aca4eb0 - - - -] Invoking get_volume_by_name using GET url: /api/v2/projects/default/volumes/?name=vol_42344259-7d3c-4234-a351-ef0f6f31a7fa             request.body: {} ssl_verify: False
2026-09-28 10:03:53.871 77 WARNING py.warnings [None req-dc150e2a-3c50-4103-adac-383bbed2690f 9983629049634091b005aeb8b5be7c19 5f4cdcc5c0804764aa6ea4854aca4eb0 - - - -] /var/lib/kolla/venv/lib/python3.12/site-packages/urllib3/connectionpool.py:1110: InsecureRequestWarning: Unverified HTTPS request is being made to host '[LB_IP_ADDRESS]'. Adding certificate verification is strongly advised. See: https://urllib3.readthedocs.io/en/latest/advanced-usage.html#tls-warnings
  warnings.warn(

2026-09-28 10:03:54.461 77 INFO cinder.volume.drivers.lightos [None req-dd1eeea3-a7dc-4327-992a-d4efcd9f8122 8c6d01cf5aa44ac19adc6792de36f5f4 8c350135ded04b0ba8c553cc56f30532 - - - -] Invoking get_snapshot_by_name using GET url: /api/v2/projects/default/snapshots/?Name=snapshot-ab3d9162-b274-4f1b-b17d-0d19b657c988             request.body: {} ssl_verify: False
2026-09-28 10:03:54.507 77 WARNING py.warnings [None req-dd1eeea3-a7dc-4327-992a-d4efcd9f8122 8c6d01cf5aa44ac19adc6792de36f5f4 8c350135ded04b0ba8c553cc56f30532 - - - -] /var/lib/kolla/venv/lib/python3.12/site-packages/urllib3/connectionpool.py:1110: InsecureRequestWarning: Unverified HTTPS request is being made to host '[LB_IP_ADDRESS]'. Adding certificate verification is strongly advised. See: https://urllib3.readthedocs.io/en/latest/advanced-usage.html#tls-warnings
  warnings.warn(

2026-09-28 10:03:54.543 77 INFO cinder.volume.manager [None req-dd1eeea3-a7dc-4327-992a-d4efcd9f8122 8c6d01cf5aa44ac19adc6792de36f5f4 8c350135ded04b0ba8c553cc56f30532 - - - -] Create snapshot completed successfully
2026-09-28 10:03:54.888 77 INFO cinder.volume.drivers.lightos [None req-dc150e2a-3c50-4103-adac-383bbed2690f 9983629049634091b005aeb8b5be7c19 5f4cdcc5c0804764aa6ea4854aca4eb0 - - - -] Invoking get_volume_by_name using GET url: /api/v2/projects/default/volumes/?name=vol_42344259-7d3c-4234-a351-ef0f6f31a7fa             request.body: {} ssl_verify: False
2026-09-28 10:03:54.936 77 WARNING py.warnings [None req-dc150e2a-3c50-4103-adac-383bbed2690f 9983629049634091b005aeb8b5be7c19 5f4cdcc5c0804764aa6ea4854aca4eb0 - - - -] /var/lib/kolla/venv/lib/python3.12/site-packages/urllib3/connectionpool.py:1110: InsecureRequestWarning: Unverified HTTPS request is being made to host '[LB_IP_ADDRESS]'. Adding certificate verification is strongly advised. See: https://urllib3.readthedocs.io/en/latest/advanced-usage.html#tls-warnings
  warnings.warn(

2026-09-28 10:03:54.952 77 INFO cinder.volume.drivers.lightos [None req-dc150e2a-3c50-4103-adac-383bbed2690f 9983629049634091b005aeb8b5be7c19 5f4cdcc5c0804764aa6ea4854aca4eb0 - - - -] Invoking get_volume_by_name using GET url: /api/v2/projects/default/volumes/?name=vol_42344259-7d3c-4234-a351-ef0f6f31a7fa             request.body: {} ssl_verify: False
2026-09-28 10:03:54.997 77 WARNING py.warnings [None req-dc150e2a-3c50-4103-adac-383bbed2690f 9983629049634091b005aeb8b5be7c19 5f4cdcc5c0804764aa6ea4854aca4eb0 - - - -] /var/lib/kolla/venv/lib/python3.12/site-packages/urllib3/connectionpool.py:1110: InsecureRequestWarning: Unverified HTTPS request is being made to host '[LB_IP_ADDRESS]'. Adding certificate verification is strongly advised. See: https://urllib3.readthedocs.io/en/latest/advanced-usage.html#tls-warnings
  warnings.warn(

2026-09-28 10:03:55.012 77 INFO os_brick.initiator.connectors.lightos [None req-dc150e2a-3c50-4103-adac-383bbed2690f 9983629049634091b005aeb8b5be7c19 5f4cdcc5c0804764aa6ea4854aca4eb0 - - - -] LIGHTOS: connect_volume called for volume 45d22510-25d4-455a-bc98-3bf6f3eae585, connection properties: {'lightos_nodes': {'[LB_IP_ADDRESS]': {'target_portal': '[LB_IP_ADDRESS]', 'target_port': 8009, 'transport_type': 'tcp'}, '[LB_IP_ADDRESS]': {'target_portal': '[LB_IP_ADDRESS]', 'target_port': 8009, 'transport_type': 'tcp'}, '[LB_IP_ADDRESS]': {'target_portal': '[LB_IP_ADDRESS]', 'target_port': 8009, 'transport_type': 'tcp'}}, 'uuid': '45d22510-25d4-455a-bc98-3bf6f3eae585', 'subsysnqn': 'nqn.2016-01.com.lightbitslabs:uuid:023e92f0-1271-4fe0-9397-657649be716c:suffix', 'encrypted': False, 'enforce_multipath': False}
2026-09-28 10:03:55.018 77 INFO os_brick.initiator.connectors.lightos [None req-dc150e2a-3c50-4103-adac-383bbed2690f 9983629049634091b005aeb8b5be7c19 5f4cdcc5c0804764aa6ea4854aca4eb0 - - - -] LIGHTOS: devpath /dev/nvme0n1 detected for uuid 45d22510-25d4-455a-bc98-3bf6f3eae585
2026-09-28 10:03:55.380 77 INFO cinder.volume.drivers.lightos [None req-a3f95a27-8712-4746-98fc-41d4f7f1517d 8c6d01cf5aa44ac19adc6792de36f5f4 8c350135ded04b0ba8c553cc56f30532 - - default default] Invoking get_snapshot_by_name using GET url: /api/v2/projects/default/snapshots/?Name=snapshot-667155e4-f2e7-47c7-8785-06902c6e0918             request.body: {} ssl_verify: False
2026-09-28 10:03:55.425 77 WARNING py.warnings [None req-a3f95a27-8712-4746-98fc-41d4f7f1517d 8c6d01cf5aa44ac19adc6792de36f5f4 8c350135ded04b0ba8c553cc56f30532 - - default default] /var/lib/kolla/venv/lib/python3.12/site-packages/urllib3/connectionpool.py:1110: InsecureRequestWarning: Unverified HTTPS request is being made to host '[LB_IP_ADDRESS]'. Adding certificate verification is strongly advised. See: https://urllib3.readthedocs.io/en/latest/advanced-usage.html#tls-warnings
  warnings.warn(

2026-09-28 10:03:55.462 77 INFO cinder.volume.drivers.lightos [None req-a3f95a27-8712-4746-98fc-41d4f7f1517d 8c6d01cf5aa44ac19adc6792de36f5f4 8c350135ded04b0ba8c553cc56f30532 - - default default] Invoking delete_snapshot using DELETE url: /api/v2/projects/default/snapshots/6ec864b3-376b-47b6-9879-58d4d3ab5437?             request.body:  ssl_verify: False
2026-09-28 10:03:55.502 77 WARNING py.warnings [None req-a3f95a27-8712-4746-98fc-41d4f7f1517d 8c6d01cf5aa44ac19adc6792de36f5f4 8c350135ded04b0ba8c553cc56f30532 - - default default] /var/lib/kolla/venv/lib/python3.12/site-packages/urllib3/connectionpool.py:1110: InsecureRequestWarning: Unverified HTTPS request is being made to host '[LB_IP_ADDRESS]'. Adding certificate verification is strongly advised. See: https://urllib3.readthedocs.io/en/latest/advanced-usage.html#tls-warnings
  warnings.warn(

2026-09-28 10:03:55.532 77 INFO cinder.volume.drivers.lightos [None req-a3f95a27-8712-4746-98fc-41d4f7f1517d 8c6d01cf5aa44ac19adc6792de36f5f4 8c350135ded04b0ba8c553cc56f30532 - - default default] Invoking get_snapshot using GET url: /api/v2/projects/default/snapshots/6ec864b3-376b-47b6-9879-58d4d3ab5437             request.body: {} ssl_verify: False
2026-09-28 10:03:55.574 77 WARNING py.warnings [None req-a3f95a27-8712-4746-98fc-41d4f7f1517d 8c6d01cf5aa44ac19adc6792de36f5f4 8c350135ded04b0ba8c553cc56f30532 - - default default] /var/lib/kolla/venv/lib/python3.12/site-packages/urllib3/connectionpool.py:1110: InsecureRequestWarning: Unverified HTTPS request is being made to host '[LB_IP_ADDRESS]'. Adding certificate verification is strongly advised. See: https://urllib3.readthedocs.io/en/latest/advanced-usage.html#tls-warnings
  warnings.warn(

2026-09-28 10:03:55.738 77 INFO cinder.volume.manager [None req-a3f95a27-8712-4746-98fc-41d4f7f1517d 8c6d01cf5aa44ac19adc6792de36f5f4 8c350135ded04b0ba8c553cc56f30532 - - default default] Delete snapshot completed successfully.
2026-09-28 10:03:55.746 77 INFO cinder.volume.drivers.lightos [None req-a3f95a27-8712-4746-98fc-41d4f7f1517d 8c6d01cf5aa44ac19adc6792de36f5f4 8c350135ded04b0ba8c553cc56f30532 - - default default] Invoking get_snapshot_by_name using GET url: /api/v2/projects/default/snapshots/?Name=snapshot-ab3d9162-b274-4f1b-b17d-0d19b657c988             request.body: {} ssl_verify: False
2026-09-28 10:03:55.797 77 WARNING py.warnings [None req-a3f95a27-8712-4746-98fc-41d4f7f1517d 8c6d01cf5aa44ac19adc6792de36f5f4 8c350135ded04b0ba8c553cc56f30532 - - default default] /var/lib/kolla/venv/lib/python3.12/site-packages/urllib3/connectionpool.py:1110: InsecureRequestWarning: Unverified HTTPS request is being made to host '[LB_IP_ADDRESS]'. Adding certificate verification is strongly advised. See: https://urllib3.readthedocs.io/en/latest/advanced-usage.html#tls-warnings
  warnings.warn(

2026-09-28 10:03:55.821 77 INFO cinder.volume.drivers.lightos [None req-a3f95a27-8712-4746-98fc-41d4f7f1517d 8c6d01cf5aa44ac19adc6792de36f5f4 8c350135ded04b0ba8c553cc56f30532 - - default default] Invoking delete_snapshot using DELETE url: /api/v2/projects/default/snapshots/3bf91cf7-b002-4c59-9eee-05e259cf2394?             request.body:  ssl_verify: False
2026-09-28 10:03:55.859 77 WARNING py.warnings [None req-a3f95a27-8712-4746-98fc-41d4f7f1517d 8c6d01cf5aa44ac19adc6792de36f5f4 8c350135ded04b0ba8c553cc56f30532 - - default default] /var/lib/kolla/venv/lib/python3.12/site-packages/urllib3/connectionpool.py:1110: InsecureRequestWarning: Unverified HTTPS request is being made to host '[LB_IP_ADDRESS]'. Adding certificate verification is strongly advised. See: https://urllib3.readthedocs.io/en/latest/advanced-usage.html#tls-warnings
  warnings.warn(

2026-09-28 10:03:55.871 77 INFO cinder.volume.flows.manager.create_volume [None req-39b9c93e-cb10-45ea-9a82-b62b88e292e1 390d32b6a74f4d119ecff08849df56d8 dfebd29b1acd47baacb1841f8f88ef67 - - - -] Volume 73238323-9b0b-4f76-9d0c-0ea5e89dd53b: being created as raw with specification: {'status': 'creating', 'volume_name': 'vol_73238323-9b0b-4f76-9d0c-0ea5e89dd53b', 'volume_size': 1}
2026-09-28 10:03:55.872 77 INFO cinder.volume.drivers.lightos [None req-39b9c93e-cb10-45ea-9a82-b62b88e292e1 390d32b6a74f4d119ecff08849df56d8 dfebd29b1acd47baacb1841f8f88ef67 - - - -] Invoking get_volume_by_name using GET url: /api/v2/projects/default/volumes/?name=vol_73238323-9b0b-4f76-9d0c-0ea5e89dd53b             request.body: {} ssl_verify: False
2026-09-28 10:03:55.919 77 WARNING py.warnings [None req-39b9c93e-cb10-45ea-9a82-b62b88e292e1 390d32b6a74f4d119ecff08849df56d8 dfebd29b1acd47baacb1841f8f88ef67 - - - -] /var/lib/kolla/venv/lib/python3.12/site-packages/urllib3/connectionpool.py:1110: InsecureRequestWarning: Unverified HTTPS request is being made to host '[LB_IP_ADDRESS]'. Adding certificate verification is strongly advised. See: https://urllib3.readthedocs.io/en/latest/advanced-usage.html#tls-warnings
  warnings.warn(

2026-09-28 10:03:55.924 77 INFO cinder.volume.drivers.lightos [None req-a3f95a27-8712-4746-98fc-41d4f7f1517d 8c6d01cf5aa44ac19adc6792de36f5f4 8c350135ded04b0ba8c553cc56f30532 - - default default] Invoking get_snapshot using GET url: /api/v2/projects/default/snapshots/3bf91cf7-b002-4c59-9eee-05e259cf2394             request.body: {} ssl_verify: False
2026-09-28 10:03:55.987 77 INFO cinder.volume.drivers.lightos [None req-39b9c93e-cb10-45ea-9a82-b62b88e292e1 390d32b6a74f4d119ecff08849df56d8 dfebd29b1acd47baacb1841f8f88ef67 - - - -] Invoking create_volume using POST url: /api/v2/projects/default/volumes             request.body: {'name': 'vol_73238323-9b0b-4f76-9d0c-0ea5e89dd53b', 'size': '1 gib', 'replicaCount': '3', 'compression': 'False', 'acl': {'values': ['ALLOW_NONE']}, 'IPAcl': {'values': ['ALLOW_NONE']}, 'sourceSnapshotUUID': None, 'sourceSnapshotName': None} ssl_verify: False
2026-09-28 10:03:56.016 77 WARNING py.warnings [None req-a3f95a27-8712-4746-98fc-41d4f7f1517d 8c6d01cf5aa44ac19adc6792de36f5f4 8c350135ded04b0ba8c553cc56f30532 - - default default] /var/lib/kolla/venv/lib/python3.12/site-packages/urllib3/connectionpool.py:1110: InsecureRequestWarning: Unverified HTTPS request is being made to host '[LB_IP_ADDRESS]'. Adding certificate verification is strongly advised. See: https://urllib3.readthedocs.io/en/latest/advanced-usage.html#tls-warnings
  warnings.warn(

2026-09-28 10:03:56.021 77 WARNING py.warnings [None req-39b9c93e-cb10-45ea-9a82-b62b88e292e1 390d32b6a74f4d119ecff08849df56d8 dfebd29b1acd47baacb1841f8f88ef67 - - - -] /var/lib/kolla/venv/lib/python3.12/site-packages/urllib3/connectionpool.py:1110: InsecureRequestWarning: Unverified HTTPS request is being made to host '[LB_IP_ADDRESS]'. Adding certificate verification is strongly advised. See: https://urllib3.readthedocs.io/en/latest/advanced-usage.html#tls-warnings
  warnings.warn(

2026-09-28 10:03:56.051 77 INFO cinder.volume.drivers.lightos [None req-39b9c93e-cb10-45ea-9a82-b62b88e292e1 390d32b6a74f4d119ecff08849df56d8 dfebd29b1acd47baacb1841f8f88ef67 - - - -] Invoking get_volume using GET url: /api/v2/projects/default/volumes/9ebcc04a-6f5f-4bb7-8fb5-6ceb746a599d             request.body: {} ssl_verify: False
2026-09-28 10:03:56.113 77 WARNING py.warnings [None req-39b9c93e-cb10-45ea-9a82-b62b88e292e1 390d32b6a74f4d119ecff08849df56d8 dfebd29b1acd47baacb1841f8f88ef67 - - - -] /var/lib/kolla/venv/lib/python3.12/site-packages/urllib3/connectionpool.py:1110: InsecureRequestWarning: Unverified HTTPS request is being made to host '[LB_IP_ADDRESS]'. Adding certificate verification is strongly advised. See: https://urllib3.readthedocs.io/en/latest/advanced-usage.html#tls-warnings
  warnings.warn(

2026-09-28 10:03:56.161 77 INFO cinder.volume.manager [None req-a3f95a27-8712-4746-98fc-41d4f7f1517d 8c6d01cf5aa44ac19adc6792de36f5f4 8c350135ded04b0ba8c553cc56f30532 - - default default] Delete snapshot completed successfully.
2026-09-28 10:03:56.162 77 INFO cinder.volume.drivers.lightos [None req-a3f95a27-8712-4746-98fc-41d4f7f1517d 8c6d01cf5aa44ac19adc6792de36f5f4 8c350135ded04b0ba8c553cc56f30532 - - default default] Invoking delete_volume using DELETE url: /api/v2/projects/default/volumes/0ed92fab-525a-4e44-bc28-d9b8176ca7a5?             request.body:  ssl_verify: False
2026-09-28 10:03:56.202 77 WARNING py.warnings [None req-a3f95a27-8712-4746-98fc-41d4f7f1517d 8c6d01cf5aa44ac19adc6792de36f5f4 8c350135ded04b0ba8c553cc56f30532 - - default default] /var/lib/kolla/venv/lib/python3.12/site-packages/urllib3/connectionpool.py:1110: InsecureRequestWarning: Unverified HTTPS request is being made to host '[LB_IP_ADDRESS]'. Adding certificate verification is strongly advised. See: https://urllib3.readthedocs.io/en/latest/advanced-usage.html#tls-warnings
  warnings.warn(

2026-09-28 10:03:56.236 77 INFO cinder.volume.drivers.lightos [None req-a3f95a27-8712-4746-98fc-41d4f7f1517d 8c6d01cf5aa44ac19adc6792de36f5f4 8c350135ded04b0ba8c553cc56f30532 - - default default] Invoking get_volume using GET url: /api/v2/projects/default/volumes/0ed92fab-525a-4e44-bc28-d9b8176ca7a5             request.body: {} ssl_verify: False
2026-09-28 10:03:56.279 77 WARNING py.warnings [None req-a3f95a27-8712-4746-98fc-41d4f7f1517d 8c6d01cf5aa44ac19adc6792de36f5f4 8c350135ded04b0ba8c553cc56f30532 - - default default] /var/lib/kolla/venv/lib/python3.12/site-packages/urllib3/connectionpool.py:1110: InsecureRequestWarning: Unverified HTTPS request is being made to host '[LB_IP_ADDRESS]'. Adding certificate verification is strongly advised. See: https://urllib3.readthedocs.io/en/latest/advanced-usage.html#tls-warnings
  warnings.warn(

2026-09-28 10:03:56.417 77 INFO cinder.volume.manager [None req-a3f95a27-8712-4746-98fc-41d4f7f1517d 8c6d01cf5aa44ac19adc6792de36f5f4 8c350135ded04b0ba8c553cc56f30532 - - default default] Deleted volume successfully.
2026-09-28 10:03:57.002 77 INFO cinder.volume.flows.manager.create_volume [None req-cea91607-cc7b-4a41-a1e8-026d2a293dc9 8c6d01cf5aa44ac19adc6792de36f5f4 8c350135ded04b0ba8c553cc56f30532 - - - -] Volume 0ffbe5dd-5d20-4886-b8d1-a4cee4a54fca: being created as raw with specification: {'status': 'creating', 'volume_name': 'vol_0ffbe5dd-5d20-4886-b8d1-a4cee4a54fca', 'volume_size': 1}
2026-09-28 10:03:57.003 77 INFO cinder.volume.drivers.lightos [None req-cea91607-cc7b-4a41-a1e8-026d2a293dc9 8c6d01cf5aa44ac19adc6792de36f5f4 8c350135ded04b0ba8c553cc56f30532 - - - -] Invoking get_volume_by_name using GET url: /api/v2/projects/default/volumes/?name=vol_0ffbe5dd-5d20-4886-b8d1-a4cee4a54fca             request.body: {} ssl_verify: False
2026-09-28 10:03:57.043 77 WARNING py.warnings [None req-cea91607-cc7b-4a41-a1e8-026d2a293dc9 8c6d01cf5aa44ac19adc6792de36f5f4 8c350135ded04b0ba8c553cc56f30532 - - - -] /var/lib/kolla/venv/lib/python3.12/site-packages/urllib3/connectionpool.py:1110: InsecureRequestWarning: Unverified HTTPS request is being made to host '[LB_IP_ADDRESS]'. Adding certificate verification is strongly advised. See: https://urllib3.readthedocs.io/en/latest/advanced-usage.html#tls-warnings
  warnings.warn(

2026-09-28 10:03:57.057 77 INFO cinder.volume.drivers.lightos [None req-cea91607-cc7b-4a41-a1e8-026d2a293dc9 8c6d01cf5aa44ac19adc6792de36f5f4 8c350135ded04b0ba8c553cc56f30532 - - - -] Invoking create_volume using POST url: /api/v2/projects/default/volumes             request.body: {'name': 'vol_0ffbe5dd-5d20-4886-b8d1-a4cee4a54fca', 'size': '1 gib', 'replicaCount': '3', 'compression': 'False', 'acl': {'values': ['ALLOW_NONE']}, 'IPAcl': {'values': ['ALLOW_NONE']}, 'sourceSnapshotUUID': None, 'sourceSnapshotName': None} ssl_verify: False
2026-09-28 10:03:57.091 77 INFO cinder.image.image_utils [None req-dc150e2a-3c50-4103-adac-383bbed2690f 9983629049634091b005aeb8b5be7c19 5f4cdcc5c0804764aa6ea4854aca4eb0 - - - -] Converted 44.00 MB image at 44.00 MB/s
2026-09-28 10:03:57.092 77 INFO os_brick.initiator.connectors.lightos [None req-dc150e2a-3c50-4103-adac-383bbed2690f 9983629049634091b005aeb8b5be7c19 5f4cdcc5c0804764aa6ea4854aca4eb0 - - - -] LIGHTOS: devpath /dev/nvme0n1 detected for uuid 45d22510-25d4-455a-bc98-3bf6f3eae585
2026-09-28 10:03:57.098 77 WARNING py.warnings [None req-cea91607-cc7b-4a41-a1e8-026d2a293dc9 8c6d01cf5aa44ac19adc6792de36f5f4 8c350135ded04b0ba8c553cc56f30532 - - - -] /var/lib/kolla/venv/lib/python3.12/site-packages/urllib3/connectionpool.py:1110: InsecureRequestWarning: Unverified HTTPS request is being made to host '[LB_IP_ADDRESS]'. Adding certificate verification is strongly advised. See: https://urllib3.readthedocs.io/en/latest/advanced-usage.html#tls-warnings
  warnings.warn(

2026-09-28 10:03:57.103 77 INFO cinder.volume.drivers.lightos [None req-dc150e2a-3c50-4103-adac-383bbed2690f 9983629049634091b005aeb8b5be7c19 5f4cdcc5c0804764aa6ea4854aca4eb0 - - - -] Invoking get_volume_by_name using GET url: /api/v2/projects/default/volumes/?name=vol_42344259-7d3c-4234-a351-ef0f6f31a7fa             request.body: {} ssl_verify: False
2026-09-28 10:03:57.139 77 WARNING py.warnings [None req-dc150e2a-3c50-4103-adac-383bbed2690f 9983629049634091b005aeb8b5be7c19 5f4cdcc5c0804764aa6ea4854aca4eb0 - - - -] /var/lib/kolla/venv/lib/python3.12/site-packages/urllib3/connectionpool.py:1110: InsecureRequestWarning: Unverified HTTPS request is being made to host '[LB_IP_ADDRESS]'. Adding certificate verification is strongly advised. See: https://urllib3.readthedocs.io/en/latest/advanced-usage.html#tls-warnings
  warnings.warn(

2026-09-28 10:03:57.139 77 INFO cinder.volume.drivers.lightos [None req-39b9c93e-cb10-45ea-9a82-b62b88e292e1 390d32b6a74f4d119ecff08849df56d8 dfebd29b1acd47baacb1841f8f88ef67 - - - -] Invoking get_volume using GET url: /api/v2/projects/default/volumes/9ebcc04a-6f5f-4bb7-8fb5-6ceb746a599d             request.body: {} ssl_verify: False
2026-09-28 10:03:57.171 77 INFO cinder.volume.drivers.lightos [None req-dc150e2a-3c50-4103-adac-383bbed2690f 9983629049634091b005aeb8b5be7c19 5f4cdcc5c0804764aa6ea4854aca4eb0 - - - -] Invoking get_volume_by_name using GET url: /api/v2/projects/default/volumes/?name=vol_42344259-7d3c-4234-a351-ef0f6f31a7fa             request.body: {} ssl_verify: False
2026-09-28 10:03:57.199 77 INFO cinder.volume.drivers.lightos [None req-cea91607-cc7b-4a41-a1e8-026d2a293dc9 8c6d01cf5aa44ac19adc6792de36f5f4 8c350135ded04b0ba8c553cc56f30532 - - - -] Invoking get_volume using GET url: /api/v2/projects/default/volumes/334c13a0-a421-4519-ac33-341b6588c137             request.body: {} ssl_verify: False
2026-09-28 10:03:57.202 77 WARNING py.warnings [None req-39b9c93e-cb10-45ea-9a82-b62b88e292e1 390d32b6a74f4d119ecff08849df56d8 dfebd29b1acd47baacb1841f8f88ef67 - - - -] /var/lib/kolla/venv/lib/python3.12/site-packages/urllib3/connectionpool.py:1110: InsecureRequestWarning: Unverified HTTPS request is being made to host '[LB_IP_ADDRESS]'. Adding certificate verification is strongly advised. See: https://urllib3.readthedocs.io/en/latest/advanced-usage.html#tls-warnings
  warnings.warn(

2026-09-28 10:03:57.228 77 WARNING py.warnings [None req-dc150e2a-3c50-4103-adac-383bbed2690f 9983629049634091b005aeb8b5be7c19 5f4cdcc5c0804764aa6ea4854aca4eb0 - - - -] /var/lib/kolla/venv/lib/python3.12/site-packages/urllib3/connectionpool.py:1110: InsecureRequestWarning: Unverified HTTPS request is being made to host '[LB_IP_ADDRESS]'. Adding certificate verification is strongly advised. See: https://urllib3.readthedocs.io/en/latest/advanced-usage.html#tls-warnings
  warnings.warn(

2026-09-28 10:03:57.253 77 WARNING py.warnings [None req-cea91607-cc7b-4a41-a1e8-026d2a293dc9 8c6d01cf5aa44ac19adc6792de36f5f4 8c350135ded04b0ba8c553cc56f30532 - - - -] /var/lib/kolla/venv/lib/python3.12/site-packages/urllib3/connectionpool.py:1110: InsecureRequestWarning: Unverified HTTPS request is being made to host '[LB_IP_ADDRESS]'. Adding certificate verification is strongly advised. See: https://urllib3.readthedocs.io/en/latest/advanced-usage.html#tls-warnings
  warnings.warn(

2026-09-28 10:03:57.299 77 INFO cinder.volume.drivers.lightos [None req-dc150e2a-3c50-4103-adac-383bbed2690f 9983629049634091b005aeb8b5be7c19 5f4cdcc5c0804764aa6ea4854aca4eb0 - - - -] Invoking update_volume using PUT url: /api/v2/projects/default/volumes/45d22510-25d4-455a-bc98-3bf6f3eae585             request.body: {'acl': {'values': ['ALLOW_NONE']}, 'IPAcl': {'values': ['ALLOW_NONE']}} ssl_verify: False
2026-09-28 10:03:57.328 77 INFO cinder.volume.flows.manager.create_volume [None req-39b9c93e-cb10-45ea-9a82-b62b88e292e1 390d32b6a74f4d119ecff08849df56d8 dfebd29b1acd47baacb1841f8f88ef67 - - - -] Volume vol_73238323-9b0b-4f76-9d0c-0ea5e89dd53b (73238323-9b0b-4f76-9d0c-0ea5e89dd53b): created successfully
2026-09-28 10:03:57.336 77 WARNING py.warnings [None req-dc150e2a-3c50-4103-adac-383bbed2690f 9983629049634091b005aeb8b5be7c19 5f4cdcc5c0804764aa6ea4854aca4eb0 - - - -] /var/lib/kolla/venv/lib/python3.12/site-packages/urllib3/connectionpool.py:1110: InsecureRequestWarning: Unverified HTTPS request is being made to host '[LB_IP_ADDRESS]'. Adding certificate verification is strongly advised. See: https://urllib3.readthedocs.io/en/latest/advanced-usage.html#tls-warnings
  warnings.warn(

2026-09-28 10:03:57.346 77 INFO cinder.volume.manager [None req-39b9c93e-cb10-45ea-9a82-b62b88e292e1 390d32b6a74f4d119ecff08849df56d8 dfebd29b1acd47baacb1841f8f88ef67 - - - -] Created volume successfully.
2026-09-28 10:03:57.389 77 INFO cinder.volume.flows.manager.create_volume [None req-cea91607-cc7b-4a41-a1e8-026d2a293dc9 8c6d01cf5aa44ac19adc6792de36f5f4 8c350135ded04b0ba8c553cc56f30532 - - - -] Volume vol_0ffbe5dd-5d20-4886-b8d1-a4cee4a54fca (0ffbe5dd-5d20-4886-b8d1-a4cee4a54fca): created successfully
2026-09-28 10:03:57.426 77 INFO cinder.volume.manager [None req-cea91607-cc7b-4a41-a1e8-026d2a293dc9 8c6d01cf5aa44ac19adc6792de36f5f4 8c350135ded04b0ba8c553cc56f30532 - - - -] Created volume successfully.
2026-09-28 10:03:57.434 77 INFO cinder.volume.drivers.lightos [None req-dc150e2a-3c50-4103-adac-383bbed2690f 9983629049634091b005aeb8b5be7c19 5f4cdcc5c0804764aa6ea4854aca4eb0 - - - -] Invoking get_volume_by_name using GET url: /api/v2/projects/default/volumes/?name=vol_42344259-7d3c-4234-a351-ef0f6f31a7fa             request.body: {} ssl_verify: False
2026-09-28 10:03:57.475 77 WARNING py.warnings [None req-dc150e2a-3c50-4103-adac-383bbed2690f 9983629049634091b005aeb8b5be7c19 5f4cdcc5c0804764aa6ea4854aca4eb0 - - - -] /var/lib/kolla/venv/lib/python3.12/site-packages/urllib3/connectionpool.py:1110: InsecureRequestWarning: Unverified HTTPS request is being made to host '[LB_IP_ADDRESS]'. Adding certificate verification is strongly advised. See: https://urllib3.readthedocs.io/en/latest/advanced-usage.html#tls-warnings
  warnings.warn(

2026-09-28 10:03:58.222 77 INFO cinder.volume.drivers.lightos [None req-3fb6e0e8-4ede-4d64-a13a-10fb94ebb735 8c6d01cf5aa44ac19adc6792de36f5f4 8c350135ded04b0ba8c553cc56f30532 - - - -] Invoking get_snapshot_by_name using GET url: /api/v2/projects/default/snapshots/?Name=snapshot-a39be26e-60c4-4daf-b890-32326e86623a             request.body: {} ssl_verify: False
2026-09-28 10:03:58.257 77 WARNING py.warnings [None req-3fb6e0e8-4ede-4d64-a13a-10fb94ebb735 8c6d01cf5aa44ac19adc6792de36f5f4 8c350135ded04b0ba8c553cc56f30532 - - - -] /var/lib/kolla/venv/lib/python3.12/site-packages/urllib3/connectionpool.py:1110: InsecureRequestWarning: Unverified HTTPS request is being made to host '[LB_IP_ADDRESS]'. Adding certificate verification is strongly advised. See: https://urllib3.readthedocs.io/en/latest/advanced-usage.html#tls-warnings
  warnings.warn(

2026-09-28 10:03:58.271 77 INFO cinder.volume.drivers.lightos [None req-3fb6e0e8-4ede-4d64-a13a-10fb94ebb735 8c6d01cf5aa44ac19adc6792de36f5f4 8c350135ded04b0ba8c553cc56f30532 - - - -] Invoking create_snapshot using POST url: /api/v2/projects/default/snapshots             request.body: {'name': 'snapshot-a39be26e-60c4-4daf-b890-32326e86623a', 'sourceVolumeUUID': None, 'sourceVolumeName': 'vol_0ffbe5dd-5d20-4886-b8d1-a4cee4a54fca'} ssl_verify: False
2026-09-28 10:03:58.316 77 WARNING py.warnings [None req-3fb6e0e8-4ede-4d64-a13a-10fb94ebb735 8c6d01cf5aa44ac19adc6792de36f5f4 8c350135ded04b0ba8c553cc56f30532 - - - -] /var/lib/kolla/venv/lib/python3.12/site-packages/urllib3/connectionpool.py:1110: InsecureRequestWarning: Unverified HTTPS request is being made to host '[LB_IP_ADDRESS]'. Adding certificate verification is strongly advised. See: https://urllib3.readthedocs.io/en/latest/advanced-usage.html#tls-warnings
  warnings.warn(

2026-09-28 10:03:58.369 77 INFO cinder.volume.drivers.lightos [None req-3fb6e0e8-4ede-4d64-a13a-10fb94ebb735 8c6d01cf5aa44ac19adc6792de36f5f4 8c350135ded04b0ba8c553cc56f30532 - - - -] Invoking get_snapshot_by_name using GET url: /api/v2/projects/default/snapshots/?Name=snapshot-a39be26e-60c4-4daf-b890-32326e86623a             request.body: {} ssl_verify: False
2026-09-28 10:03:58.468 77 WARNING py.warnings [None req-3fb6e0e8-4ede-4d64-a13a-10fb94ebb735 8c6d01cf5aa44ac19adc6792de36f5f4 8c350135ded04b0ba8c553cc56f30532 - - - -] /var/lib/kolla/venv/lib/python3.12/site-packages/urllib3/connectionpool.py:1110: InsecureRequestWarning: Unverified HTTPS request is being made to host '[LB_IP_ADDRESS]'. Adding certificate verification is strongly advised. See: https://urllib3.readthedocs.io/en/latest/advanced-usage.html#tls-warnings
  warnings.warn(

2026-09-28 10:03:58.494 77 INFO cinder.volume.drivers.lightos [None req-dc150e2a-3c50-4103-adac-383bbed2690f 9983629049634091b005aeb8b5be7c19 5f4cdcc5c0804764aa6ea4854aca4eb0 - - - -] Invoking get_volume_by_name using GET url: /api/v2/projects/default/volumes/?name=vol_42344259-7d3c-4234-a351-ef0f6f31a7fa             request.body: {} ssl_verify: False
2026-09-28 10:03:58.596 77 WARNING py.warnings [None req-dc150e2a-3c50-4103-adac-383bbed2690f 9983629049634091b005aeb8b5be7c19 5f4cdcc5c0804764aa6ea4854aca4eb0 - - - -] /var/lib/kolla/venv/lib/python3.12/site-packages/urllib3/connectionpool.py:1110: InsecureRequestWarning: Unverified HTTPS request is being made to host '[LB_IP_ADDRESS]'. Adding certificate verification is strongly advised. See: https://urllib3.readthedocs.io/en/latest/advanced-usage.html#tls-warnings
  warnings.warn(

2026-09-28 10:03:58.635 77 INFO cinder.volume.drivers.lightos [None req-dc150e2a-3c50-4103-adac-383bbed2690f 9983629049634091b005aeb8b5be7c19 5f4cdcc5c0804764aa6ea4854aca4eb0 - - - -] Invoking get_volume_by_name using GET url: /api/v2/projects/default/volumes/?name=vol_42344259-7d3c-4234-a351-ef0f6f31a7fa             request.body: {} ssl_verify: False
2026-09-28 10:03:58.673 77 WARNING py.warnings [None req-dc150e2a-3c50-4103-adac-383bbed2690f 9983629049634091b005aeb8b5be7c19 5f4cdcc5c0804764aa6ea4854aca4eb0 - - - -] /var/lib/kolla/venv/lib/python3.12/site-packages/urllib3/connectionpool.py:1110: InsecureRequestWarning: Unverified HTTPS request is being made to host '[LB_IP_ADDRESS]'. Adding certificate verification is strongly advised. See: https://urllib3.readthedocs.io/en/latest/advanced-usage.html#tls-warnings
  warnings.warn(

2026-09-28 10:03:58.686 77 INFO cinder.volume.flows.manager.create_volume [None req-1d1daf8c-f30e-47e1-a2e6-b3da257df94e 390d32b6a74f4d119ecff08849df56d8 dfebd29b1acd47baacb1841f8f88ef67 - - - -] Volume 776c6520-5884-403e-b7eb-059123dc0463: being created as raw with specification: {'status': 'creating', 'volume_name': 'vol_776c6520-5884-403e-b7eb-059123dc0463', 'volume_size': 1}
2026-09-28 10:03:58.687 77 INFO cinder.volume.drivers.lightos [None req-1d1daf8c-f30e-47e1-a2e6-b3da257df94e 390d32b6a74f4d119ecff08849df56d8 dfebd29b1acd47baacb1841f8f88ef67 - - - -] Invoking get_volume_by_name using GET url: /api/v2/projects/default/volumes/?name=vol_776c6520-5884-403e-b7eb-059123dc0463             request.body: {} ssl_verify: False
2026-09-28 10:03:58.726 77 INFO cinder.volume.manager [None req-3fb6e0e8-4ede-4d64-a13a-10fb94ebb735 8c6d01cf5aa44ac19adc6792de36f5f4 8c350135ded04b0ba8c553cc56f30532 - - - -] Create snapshot completed successfully
2026-09-28 10:03:58.729 77 WARNING py.warnings [None req-1d1daf8c-f30e-47e1-a2e6-b3da257df94e 390d32b6a74f4d119ecff08849df56d8 dfebd29b1acd47baacb1841f8f88ef67 - - - -] /var/lib/kolla/venv/lib/python3.12/site-packages/urllib3/connectionpool.py:1110: InsecureRequestWarning: Unverified HTTPS request is being made to host '[LB_IP_ADDRESS]'. Adding certificate verification is strongly advised. See: https://urllib3.readthedocs.io/en/latest/advanced-usage.html#tls-warnings
  warnings.warn(

2026-09-28 10:03:58.739 77 INFO cinder.volume.drivers.lightos [None req-1d1daf8c-f30e-47e1-a2e6-b3da257df94e 390d32b6a74f4d119ecff08849df56d8 dfebd29b1acd47baacb1841f8f88ef67 - - - -] Invoking create_volume using POST url: /api/v2/projects/default/volumes             request.body: {'name': 'vol_776c6520-5884-403e-b7eb-059123dc0463', 'size': '1 gib', 'replicaCount': '3', 'compression': 'False', 'acl': {'values': ['ALLOW_NONE']}, 'IPAcl': {'values': ['ALLOW_NONE']}, 'sourceSnapshotUUID': None, 'sourceSnapshotName': None} ssl_verify: False
2026-09-28 10:03:58.774 77 WARNING py.warnings [None req-1d1daf8c-f30e-47e1-a2e6-b3da257df94e 390d32b6a74f4d119ecff08849df56d8 dfebd29b1acd47baacb1841f8f88ef67 - - - -] /var/lib/kolla/venv/lib/python3.12/site-packages/urllib3/connectionpool.py:1110: InsecureRequestWarning: Unverified HTTPS request is being made to host '[LB_IP_ADDRESS]'. Adding certificate verification is strongly advised. See: https://urllib3.readthedocs.io/en/latest/advanced-usage.html#tls-warnings
  warnings.warn(

2026-09-28 10:03:58.798 77 INFO cinder.volume.drivers.lightos [None req-1d1daf8c-f30e-47e1-a2e6-b3da257df94e 390d32b6a74f4d119ecff08849df56d8 dfebd29b1acd47baacb1841f8f88ef67 - - - -] Invoking get_volume using GET url: /api/v2/projects/default/volumes/dfa68459-1b22-40aa-8897-2a0b3efc99b1             request.body: {} ssl_verify: False
2026-09-28 10:03:58.836 77 INFO cinder.volume.flows.manager.create_volume [None req-dc150e2a-3c50-4103-adac-383bbed2690f 9983629049634091b005aeb8b5be7c19 5f4cdcc5c0804764aa6ea4854aca4eb0 - - - -] Volume vol_42344259-7d3c-4234-a351-ef0f6f31a7fa (42344259-7d3c-4234-a351-ef0f6f31a7fa): created successfully
2026-09-28 10:03:58.844 77 WARNING py.warnings [None req-1d1daf8c-f30e-47e1-a2e6-b3da257df94e 390d32b6a74f4d119ecff08849df56d8 dfebd29b1acd47baacb1841f8f88ef67 - - - -] /var/lib/kolla/venv/lib/python3.12/site-packages/urllib3/connectionpool.py:1110: InsecureRequestWarning: Unverified HTTPS request is being made to host '[LB_IP_ADDRESS]'. Adding certificate verification is strongly advised. See: https://urllib3.readthedocs.io/en/latest/advanced-usage.html#tls-warnings
  warnings.warn(

2026-09-28 10:03:58.848 77 INFO cinder.volume.manager [None req-dc150e2a-3c50-4103-adac-383bbed2690f 9983629049634091b005aeb8b5be7c19 5f4cdcc5c0804764aa6ea4854aca4eb0 - - - -] Created volume successfully.
2026-09-28 10:03:59.801 77 INFO cinder.volume.flows.manager.create_volume [None req-2e29d8f9-afbc-42e1-a7c4-2eb12a98e9af 9983629049634091b005aeb8b5be7c19 5f4cdcc5c0804764aa6ea4854aca4eb0 - - - -] Volume a32099fe-b386-4e61-8ea4-3f12dd5269c5: being created as source_vol with specification: {'status': 'creating', 'volume_name': 'vol_a32099fe-b386-4e61-8ea4-3f12dd5269c5', 'volume_size': 1, 'source_volid': '42344259-7d3c-4234-a351-ef0f6f31a7fa', 'source_volstatus': 'available'}
2026-09-28 10:03:59.815 77 INFO cinder.volume.flows.manager.create_volume [None req-cfb706da-ed4f-4206-a00d-28da47ecbc0d 8c6d01cf5aa44ac19adc6792de36f5f4 8c350135ded04b0ba8c553cc56f30532 - - - -] Volume 547ff4ac-c21b-48f9-ae64-fb6e3aeb3d41: being created as snap with specification: {'status': 'creating', 'volume_name': 'vol_547ff4ac-c21b-48f9-ae64-fb6e3aeb3d41', 'volume_size': 1, 'snapshot_id': 'a39be26e-60c4-4daf-b890-32326e86623a'}
2026-09-28 10:03:59.819 77 INFO cinder.volume.drivers.lightos [None req-2e29d8f9-afbc-42e1-a7c4-2eb12a98e9af 9983629049634091b005aeb8b5be7c19 5f4cdcc5c0804764aa6ea4854aca4eb0 - - - -] Invoking get_snapshot_by_name using GET url: /api/v2/projects/default/snapshots/?Name=for_clone_a32099fe-b386-4e61-8ea4-3f12dd5269c5             request.body: {} ssl_verify: False
2026-09-28 10:03:59.849 77 INFO cinder.volume.drivers.lightos [None req-cfb706da-ed4f-4206-a00d-28da47ecbc0d 8c6d01cf5aa44ac19adc6792de36f5f4 8c350135ded04b0ba8c553cc56f30532 - - - -] Invoking get_volume_by_name using GET url: /api/v2/projects/default/volumes/?name=vol_547ff4ac-c21b-48f9-ae64-fb6e3aeb3d41             request.body: {} ssl_verify: False
2026-09-28 10:03:59.877 77 INFO cinder.volume.drivers.lightos [None req-1d1daf8c-f30e-47e1-a2e6-b3da257df94e 390d32b6a74f4d119ecff08849df56d8 dfebd29b1acd47baacb1841f8f88ef67 - - - -] Invoking get_volume using GET url: /api/v2/projects/default/volumes/dfa68459-1b22-40aa-8897-2a0b3efc99b1             request.body: {} ssl_verify: False
2026-09-28 10:03:59.879 77 WARNING py.warnings [None req-2e29d8f9-afbc-42e1-a7c4-2eb12a98e9af 9983629049634091b005aeb8b5be7c19 5f4cdcc5c0804764aa6ea4854aca4eb0 - - - -] /var/lib/kolla/venv/lib/python3.12/site-packages/urllib3/connectionpool.py:1110: InsecureRequestWarning: Unverified HTTPS request is being made to host '[LB_IP_ADDRESS]'. Adding certificate verification is strongly advised. See: https://urllib3.readthedocs.io/en/latest/advanced-usage.html#tls-warnings
  warnings.warn(

2026-09-28 10:03:59.908 77 INFO cinder.volume.drivers.lightos [None req-2e29d8f9-afbc-42e1-a7c4-2eb12a98e9af 9983629049634091b005aeb8b5be7c19 5f4cdcc5c0804764aa6ea4854aca4eb0 - - - -] Invoking create_snapshot using POST url: /api/v2/projects/default/snapshots             request.body: {'name': 'for_clone_a32099fe-b386-4e61-8ea4-3f12dd5269c5', 'sourceVolumeUUID': None, 'sourceVolumeName': 'vol_42344259-7d3c-4234-a351-ef0f6f31a7fa'} ssl_verify: False
2026-09-28 10:03:59.910 77 WARNING py.warnings [None req-cfb706da-ed4f-4206-a00d-28da47ecbc0d 8c6d01cf5aa44ac19adc6792de36f5f4 8c350135ded04b0ba8c553cc56f30532 - - - -] /var/lib/kolla/venv/lib/python3.12/site-packages/urllib3/connectionpool.py:1110: InsecureRequestWarning: Unverified HTTPS request is being made to host '[LB_IP_ADDRESS]'. Adding certificate verification is strongly advised. See: https://urllib3.readthedocs.io/en/latest/advanced-usage.html#tls-warnings
  warnings.warn(

2026-09-28 10:03:59.938 77 WARNING py.warnings [None req-1d1daf8c-f30e-47e1-a2e6-b3da257df94e 390d32b6a74f4d119ecff08849df56d8 dfebd29b1acd47baacb1841f8f88ef67 - - - -] /var/lib/kolla/venv/lib/python3.12/site-packages/urllib3/connectionpool.py:1110: InsecureRequestWarning: Unverified HTTPS request is being made to host '[LB_IP_ADDRESS]'. Adding certificate verification is strongly advised. See: https://urllib3.readthedocs.io/en/latest/advanced-usage.html#tls-warnings
  warnings.warn(

2026-09-28 10:03:59.940 77 INFO cinder.volume.drivers.lightos [None req-cfb706da-ed4f-4206-a00d-28da47ecbc0d 8c6d01cf5aa44ac19adc6792de36f5f4 8c350135ded04b0ba8c553cc56f30532 - - - -] Invoking create_volume using POST url: /api/v2/projects/default/volumes             request.body: {'name': 'vol_547ff4ac-c21b-48f9-ae64-fb6e3aeb3d41', 'size': '1 gib', 'replicaCount': '3', 'compression': 'False', 'acl': {'values': ['ALLOW_NONE']}, 'IPAcl': {'values': ['ALLOW_NONE']}, 'sourceSnapshotUUID': None, 'sourceSnapshotName': 'snapshot-a39be26e-60c4-4daf-b890-32326e86623a'} ssl_verify: False
2026-09-28 10:03:59.971 77 WARNING py.warnings [None req-2e29d8f9-afbc-42e1-a7c4-2eb12a98e9af 9983629049634091b005aeb8b5be7c19 5f4cdcc5c0804764aa6ea4854aca4eb0 - - - -] /var/lib/kolla/venv/lib/python3.12/site-packages/urllib3/connectionpool.py:1110: InsecureRequestWarning: Unverified HTTPS request is being made to host '[LB_IP_ADDRESS]'. Adding certificate verification is strongly advised. See: https://urllib3.readthedocs.io/en/latest/advanced-usage.html#tls-warnings
  warnings.warn(

2026-09-28 10:03:59.973 77 WARNING py.warnings [None req-cfb706da-ed4f-4206-a00d-28da47ecbc0d 8c6d01cf5aa44ac19adc6792de36f5f4 8c350135ded04b0ba8c553cc56f30532 - - - -] /var/lib/kolla/venv/lib/python3.12/site-packages/urllib3/connectionpool.py:1110: InsecureRequestWarning: Unverified HTTPS request is being made to host '[LB_IP_ADDRESS]'. Adding certificate verification is strongly advised. See: https://urllib3.readthedocs.io/en/latest/advanced-usage.html#tls-warnings
  warnings.warn(

2026-09-28 10:04:00.011 77 INFO cinder.volume.drivers.lightos [None req-cfb706da-ed4f-4206-a00d-28da47ecbc0d 8c6d01cf5aa44ac19adc6792de36f5f4 8c350135ded04b0ba8c553cc56f30532 - - - -] Invoking get_volume using GET url: /api/v2/projects/default/volumes/067388c0-e175-4d82-8375-d4b4fe4974a3             request.body: {} ssl_verify: False
2026-09-28 10:04:00.043 77 INFO cinder.volume.drivers.lightos [None req-2e29d8f9-afbc-42e1-a7c4-2eb12a98e9af 9983629049634091b005aeb8b5be7c19 5f4cdcc5c0804764aa6ea4854aca4eb0 - - - -] Invoking get_snapshot_by_name using GET url: /api/v2/projects/default/snapshots/?Name=for_clone_a32099fe-b386-4e61-8ea4-3f12dd5269c5             request.body: {} ssl_verify: False
2026-09-28 10:04:00.071 77 WARNING py.warnings [None req-cfb706da-ed4f-4206-a00d-28da47ecbc0d 8c6d01cf5aa44ac19adc6792de36f5f4 8c350135ded04b0ba8c553cc56f30532 - - - -] /var/lib/kolla/venv/lib/python3.12/site-packages/urllib3/connectionpool.py:1110: InsecureRequestWarning: Unverified HTTPS request is being made to host '[LB_IP_ADDRESS]'. Adding certificate verification is strongly advised. See: https://urllib3.readthedocs.io/en/latest/advanced-usage.html#tls-warnings
  warnings.warn(

2026-09-28 10:04:00.086 77 INFO cinder.volume.flows.manager.create_volume [None req-1d1daf8c-f30e-47e1-a2e6-b3da257df94e 390d32b6a74f4d119ecff08849df56d8 dfebd29b1acd47baacb1841f8f88ef67 - - - -] Volume vol_776c6520-5884-403e-b7eb-059123dc0463 (776c6520-5884-403e-b7eb-059123dc0463): created successfully
2026-09-28 10:04:00.124 77 INFO cinder.volume.manager [None req-1d1daf8c-f30e-47e1-a2e6-b3da257df94e 390d32b6a74f4d119ecff08849df56d8 dfebd29b1acd47baacb1841f8f88ef67 - - - -] Created volume successfully.
2026-09-28 10:04:00.134 77 WARNING py.warnings [None req-2e29d8f9-afbc-42e1-a7c4-2eb12a98e9af 9983629049634091b005aeb8b5be7c19 5f4cdcc5c0804764aa6ea4854aca4eb0 - - - -] /var/lib/kolla/venv/lib/python3.12/site-packages/urllib3/connectionpool.py:1110: InsecureRequestWarning: Unverified HTTPS request is being made to host '[LB_IP_ADDRESS]'. Adding certificate verification is strongly advised. See: https://urllib3.readthedocs.io/en/latest/advanced-usage.html#tls-warnings
  warnings.warn(

2026-09-28 10:04:00.287 77 INFO cinder.volume.flows.manager.create_volume [None req-cfb706da-ed4f-4206-a00d-28da47ecbc0d 8c6d01cf5aa44ac19adc6792de36f5f4 8c350135ded04b0ba8c553cc56f30532 - - - -] Volume vol_547ff4ac-c21b-48f9-ae64-fb6e3aeb3d41 (547ff4ac-c21b-48f9-ae64-fb6e3aeb3d41): created successfully
2026-09-28 10:04:00.295 77 INFO cinder.volume.manager [None req-cfb706da-ed4f-4206-a00d-28da47ecbc0d 8c6d01cf5aa44ac19adc6792de36f5f4 8c350135ded04b0ba8c553cc56f30532 - - - -] Created volume successfully.
2026-09-28 10:04:00.812 77 INFO cinder.volume.drivers.lightos [None req-357b2108-862a-4187-a837-bd8508693be8 390d32b6a74f4d119ecff08849df56d8 dfebd29b1acd47baacb1841f8f88ef67 - - default default] Invoking delete_volume using DELETE url: /api/v2/projects/default/volumes/dfa68459-1b22-40aa-8897-2a0b3efc99b1?             request.body:  ssl_verify: False
2026-09-28 10:04:00.846 77 WARNING py.warnings [None req-357b2108-862a-4187-a837-bd8508693be8 390d32b6a74f4d119ecff08849df56d8 dfebd29b1acd47baacb1841f8f88ef67 - - default default] /var/lib/kolla/venv/lib/python3.12/site-packages/urllib3/connectionpool.py:1110: InsecureRequestWarning: Unverified HTTPS request is being made to host '[LB_IP_ADDRESS]'. Adding certificate verification is strongly advised. See: https://urllib3.readthedocs.io/en/latest/advanced-usage.html#tls-warnings
  warnings.warn(

2026-09-28 10:04:00.900 77 INFO cinder.volume.drivers.lightos [None req-357b2108-862a-4187-a837-bd8508693be8 390d32b6a74f4d119ecff08849df56d8 dfebd29b1acd47baacb1841f8f88ef67 - - default default] Invoking get_volume using GET url: /api/v2/projects/default/volumes/dfa68459-1b22-40aa-8897-2a0b3efc99b1             request.body: {} ssl_verify: False
2026-09-28 10:04:00.938 77 INFO cinder.volume.drivers.lightos [None req-0b49d2e3-22a1-475e-b8df-c6a27de40d89 8c6d01cf5aa44ac19adc6792de36f5f4 8c350135ded04b0ba8c553cc56f30532 - - default default] Invoking get_snapshot_by_name using GET url: /api/v2/projects/default/snapshots/?Name=snapshot-a39be26e-60c4-4daf-b890-32326e86623a             request.body: {} ssl_verify: False
2026-09-28 10:04:00.969 77 WARNING py.warnings [None req-357b2108-862a-4187-a837-bd8508693be8 390d32b6a74f4d119ecff08849df56d8 dfebd29b1acd47baacb1841f8f88ef67 - - default default] /var/lib/kolla/venv/lib/python3.12/site-packages/urllib3/connectionpool.py:1110: InsecureRequestWarning: Unverified HTTPS request is being made to host '[LB_IP_ADDRESS]'. Adding certificate verification is strongly advised. See: https://urllib3.readthedocs.io/en/latest/advanced-usage.html#tls-warnings
  warnings.warn(

2026-09-28 10:04:01.008 77 WARNING py.warnings [None req-0b49d2e3-22a1-475e-b8df-c6a27de40d89 8c6d01cf5aa44ac19adc6792de36f5f4 8c350135ded04b0ba8c553cc56f30532 - - default default] /var/lib/kolla/venv/lib/python3.12/site-packages/urllib3/connectionpool.py:1110: InsecureRequestWarning: Unverified HTTPS request is being made to host '[LB_IP_ADDRESS]'. Adding certificate verification is strongly advised. See: https://urllib3.readthedocs.io/en/latest/advanced-usage.html#tls-warnings
  warnings.warn(

2026-09-28 10:04:01.037 77 INFO cinder.volume.drivers.lightos [None req-0b49d2e3-22a1-475e-b8df-c6a27de40d89 8c6d01cf5aa44ac19adc6792de36f5f4 8c350135ded04b0ba8c553cc56f30532 - - default default] Invoking delete_snapshot using DELETE url: /api/v2/projects/default/snapshots/1ae80ceb-36c0-4de4-b69c-bfdc05a33d4b?             request.body:  ssl_verify: False
2026-09-28 10:04:01.073 77 WARNING py.warnings [None req-0b49d2e3-22a1-475e-b8df-c6a27de40d89 8c6d01cf5aa44ac19adc6792de36f5f4 8c350135ded04b0ba8c553cc56f30532 - - default default] /var/lib/kolla/venv/lib/python3.12/site-packages/urllib3/connectionpool.py:1110: InsecureRequestWarning: Unverified HTTPS request is being made to host '[LB_IP_ADDRESS]'. Adding certificate verification is strongly advised. See: https://urllib3.readthedocs.io/en/latest/advanced-usage.html#tls-warnings
  warnings.warn(

2026-09-28 10:04:01.130 77 INFO cinder.volume.drivers.lightos [None req-0b49d2e3-22a1-475e-b8df-c6a27de40d89 8c6d01cf5aa44ac19adc6792de36f5f4 8c350135ded04b0ba8c553cc56f30532 - - default default] Invoking get_snapshot using GET url: /api/v2/projects/default/snapshots/1ae80ceb-36c0-4de4-b69c-bfdc05a33d4b             request.body: {} ssl_verify: False
2026-09-28 10:04:01.166 77 WARNING py.warnings [None req-0b49d2e3-22a1-475e-b8df-c6a27de40d89 8c6d01cf5aa44ac19adc6792de36f5f4 8c350135ded04b0ba8c553cc56f30532 - - default default] /var/lib/kolla/venv/lib/python3.12/site-packages/urllib3/connectionpool.py:1110: InsecureRequestWarning: Unverified HTTPS request is being made to host '[LB_IP_ADDRESS]'. Adding certificate verification is strongly advised. See: https://urllib3.readthedocs.io/en/latest/advanced-usage.html#tls-warnings
  warnings.warn(

2026-09-28 10:04:01.174 77 INFO cinder.volume.manager [None req-357b2108-862a-4187-a837-bd8508693be8 390d32b6a74f4d119ecff08849df56d8 dfebd29b1acd47baacb1841f8f88ef67 - - default default] Deleted volume successfully.
2026-09-28 10:04:01.270 77 INFO cinder.volume.manager [None req-0b49d2e3-22a1-475e-b8df-c6a27de40d89 8c6d01cf5aa44ac19adc6792de36f5f4 8c350135ded04b0ba8c553cc56f30532 - - default default] Delete snapshot completed successfully.
2026-09-28 10:04:01.271 77 INFO cinder.volume.drivers.lightos [None req-0b49d2e3-22a1-475e-b8df-c6a27de40d89 8c6d01cf5aa44ac19adc6792de36f5f4 8c350135ded04b0ba8c553cc56f30532 - - default default] Invoking delete_volume using DELETE url: /api/v2/projects/default/volumes/334c13a0-a421-4519-ac33-341b6588c137?             request.body:  ssl_verify: False
2026-09-28 10:04:01.302 77 INFO cinder.volume.drivers.lightos [None req-2e29d8f9-afbc-42e1-a7c4-2eb12a98e9af 9983629049634091b005aeb8b5be7c19 5f4cdcc5c0804764aa6ea4854aca4eb0 - - - -] Invoking get_snapshot_by_name using GET url: /api/v2/projects/default/snapshots/?Name=for_clone_a32099fe-b386-4e61-8ea4-3f12dd5269c5             request.body: {} ssl_verify: False
2026-09-28 10:04:01.330 77 WARNING py.warnings [None req-0b49d2e3-22a1-475e-b8df-c6a27de40d89 8c6d01cf5aa44ac19adc6792de36f5f4 8c350135ded04b0ba8c553cc56f30532 - - default default] /var/lib/kolla/venv/lib/python3.12/site-packages/urllib3/connectionpool.py:1110: InsecureRequestWarning: Unverified HTTPS request is being made to host '[LB_IP_ADDRESS]'. Adding certificate verification is strongly advised. See: https://urllib3.readthedocs.io/en/latest/advanced-usage.html#tls-warnings
  warnings.warn(

2026-09-28 10:04:01.335 77 WARNING py.warnings [None req-2e29d8f9-afbc-42e1-a7c4-2eb12a98e9af 9983629049634091b005aeb8b5be7c19 5f4cdcc5c0804764aa6ea4854aca4eb0 - - - -] /var/lib/kolla/venv/lib/python3.12/site-packages/urllib3/connectionpool.py:1110: InsecureRequestWarning: Unverified HTTPS request is being made to host '[LB_IP_ADDRESS]'. Adding certificate verification is strongly advised. See: https://urllib3.readthedocs.io/en/latest/advanced-usage.html#tls-warnings
  warnings.warn(

2026-09-28 10:04:01.371 77 INFO cinder.volume.drivers.lightos [None req-0b49d2e3-22a1-475e-b8df-c6a27de40d89 8c6d01cf5aa44ac19adc6792de36f5f4 8c350135ded04b0ba8c553cc56f30532 - - default default] Invoking get_volume using GET url: /api/v2/projects/default/volumes/334c13a0-a421-4519-ac33-341b6588c137             request.body: {} ssl_verify: False
2026-09-28 10:04:01.377 77 INFO cinder.volume.drivers.lightos [None req-2e29d8f9-afbc-42e1-a7c4-2eb12a98e9af 9983629049634091b005aeb8b5be7c19 5f4cdcc5c0804764aa6ea4854aca4eb0 - - - -] Invoking get_volume_by_name using GET url: /api/v2/projects/default/volumes/?name=vol_a32099fe-b386-4e61-8ea4-3f12dd5269c5             request.body: {} ssl_verify: False
2026-09-28 10:04:01.438 77 WARNING py.warnings [None req-0b49d2e3-22a1-475e-b8df-c6a27de40d89 8c6d01cf5aa44ac19adc6792de36f5f4 8c350135ded04b0ba8c553cc56f30532 - - default default] /var/lib/kolla/venv/lib/python3.12/site-packages/urllib3/connectionpool.py:1110: InsecureRequestWarning: Unverified HTTPS request is being made to host '[LB_IP_ADDRESS]'. Adding certificate verification is strongly advised. See: https://urllib3.readthedocs.io/en/latest/advanced-usage.html#tls-warnings
  warnings.warn(

2026-09-28 10:04:01.442 77 WARNING py.warnings [None req-2e29d8f9-afbc-42e1-a7c4-2eb12a98e9af 9983629049634091b005aeb8b5be7c19 5f4cdcc5c0804764aa6ea4854aca4eb0 - - - -] /var/lib/kolla/venv/lib/python3.12/site-packages/urllib3/connectionpool.py:1110: InsecureRequestWarning: Unverified HTTPS request is being made to host '[LB_IP_ADDRESS]'. Adding certificate verification is strongly advised. See: https://urllib3.readthedocs.io/en/latest/advanced-usage.html#tls-warnings
  warnings.warn(

2026-09-28 10:04:01.459 77 INFO cinder.volume.drivers.lightos [None req-2e29d8f9-afbc-42e1-a7c4-2eb12a98e9af 9983629049634091b005aeb8b5be7c19 5f4cdcc5c0804764aa6ea4854aca4eb0 - - - -] Invoking create_volume using POST url: /api/v2/projects/default/volumes             request.body: {'name': 'vol_a32099fe-b386-4e61-8ea4-3f12dd5269c5', 'size': '1 gib', 'replicaCount': '3', 'compression': 'False', 'acl': {'values': ['ALLOW_NONE']}, 'IPAcl': {'values': ['ALLOW_NONE']}, 'sourceSnapshotUUID': None, 'sourceSnapshotName': 'for_clone_a32099fe-b386-4e61-8ea4-3f12dd5269c5'} ssl_verify: False
2026-09-28 10:04:01.542 77 WARNING py.warnings [None req-2e29d8f9-afbc-42e1-a7c4-2eb12a98e9af 9983629049634091b005aeb8b5be7c19 5f4cdcc5c0804764aa6ea4854aca4eb0 - - - -] /var/lib/kolla/venv/lib/python3.12/site-packages/urllib3/connectionpool.py:1110: InsecureRequestWarning: Unverified HTTPS request is being made to host '[LB_IP_ADDRESS]'. Adding certificate verification is strongly advised. See: https://urllib3.readthedocs.io/en/latest/advanced-usage.html#tls-warnings
  warnings.warn(

2026-09-28 10:04:01.569 77 INFO cinder.volume.drivers.lightos [None req-2e29d8f9-afbc-42e1-a7c4-2eb12a98e9af 9983629049634091b005aeb8b5be7c19 5f4cdcc5c0804764aa6ea4854aca4eb0 - - - -] Invoking get_volume using GET url: /api/v2/projects/default/volumes/c396d521-9b80-4f88-ad8d-54293f369070             request.body: {} ssl_verify: False
2026-09-28 10:04:01.617 77 INFO cinder.volume.manager [None req-0b49d2e3-22a1-475e-b8df-c6a27de40d89 8c6d01cf5aa44ac19adc6792de36f5f4 8c350135ded04b0ba8c553cc56f30532 - - default default] Deleted volume successfully.
2026-09-28 10:04:01.621 77 WARNING py.warnings [None req-2e29d8f9-afbc-42e1-a7c4-2eb12a98e9af 9983629049634091b005aeb8b5be7c19 5f4cdcc5c0804764aa6ea4854aca4eb0 - - - -] /var/lib/kolla/venv/lib/python3.12/site-packages/urllib3/connectionpool.py:1110: InsecureRequestWarning: Unverified HTTPS request is being made to host '[LB_IP_ADDRESS]'. Adding certificate verification is strongly advised. See: https://urllib3.readthedocs.io/en/latest/advanced-usage.html#tls-warnings
  warnings.warn(

2026-09-28 10:04:01.650 77 INFO cinder.volume.drivers.lightos [None req-2e29d8f9-afbc-42e1-a7c4-2eb12a98e9af 9983629049634091b005aeb8b5be7c19 5f4cdcc5c0804764aa6ea4854aca4eb0 - - - -] Invoking get_snapshot_by_name using GET url: /api/v2/projects/default/snapshots/?Name=for_clone_a32099fe-b386-4e61-8ea4-3f12dd5269c5             request.body: {} ssl_verify: False
2026-09-28 10:04:01.692 77 WARNING py.warnings [None req-2e29d8f9-afbc-42e1-a7c4-2eb12a98e9af 9983629049634091b005aeb8b5be7c19 5f4cdcc5c0804764aa6ea4854aca4eb0 - - - -] /var/lib/kolla/venv/lib/python3.12/site-packages/urllib3/connectionpool.py:1110: InsecureRequestWarning: Unverified HTTPS request is being made to host '[LB_IP_ADDRESS]'. Adding certificate verification is strongly advised. See: https://urllib3.readthedocs.io/en/latest/advanced-usage.html#tls-warnings
  warnings.warn(

2026-09-28 10:04:01.745 77 INFO cinder.volume.drivers.lightos [None req-2e29d8f9-afbc-42e1-a7c4-2eb12a98e9af 9983629049634091b005aeb8b5be7c19 5f4cdcc5c0804764aa6ea4854aca4eb0 - - - -] Invoking delete_snapshot using DELETE url: /api/v2/projects/default/snapshots/c3b2387f-b7de-42c2-9849-9ab2d02b288b?             request.body:  ssl_verify: False
2026-09-28 10:04:01.795 77 WARNING py.warnings [None req-2e29d8f9-afbc-42e1-a7c4-2eb12a98e9af 9983629049634091b005aeb8b5be7c19 5f4cdcc5c0804764aa6ea4854aca4eb0 - - - -] /var/lib/kolla/venv/lib/python3.12/site-packages/urllib3/connectionpool.py:1110: InsecureRequestWarning: Unverified HTTPS request is being made to host '[LB_IP_ADDRESS]'. Adding certificate verification is strongly advised. See: https://urllib3.readthedocs.io/en/latest/advanced-usage.html#tls-warnings
  warnings.warn(

2026-09-28 10:04:01.882 77 INFO cinder.volume.drivers.lightos [None req-2e29d8f9-afbc-42e1-a7c4-2eb12a98e9af 9983629049634091b005aeb8b5be7c19 5f4cdcc5c0804764aa6ea4854aca4eb0 - - - -] Invoking get_snapshot using GET url: /api/v2/projects/default/snapshots/c3b2387f-b7de-42c2-9849-9ab2d02b288b             request.body: {} ssl_verify: False
2026-09-28 10:04:01.925 77 WARNING py.warnings [None req-2e29d8f9-afbc-42e1-a7c4-2eb12a98e9af 9983629049634091b005aeb8b5be7c19 5f4cdcc5c0804764aa6ea4854aca4eb0 - - - -] /var/lib/kolla/venv/lib/python3.12/site-packages/urllib3/connectionpool.py:1110: InsecureRequestWarning: Unverified HTTPS request is being made to host '[LB_IP_ADDRESS]'. Adding certificate verification is strongly advised. See: https://urllib3.readthedocs.io/en/latest/advanced-usage.html#tls-warnings
  warnings.warn(

2026-09-28 10:04:01.953 77 INFO cinder.volume.drivers.lightos [None req-e1628990-af39-49e2-a2fa-44678a39dd32 390d32b6a74f4d119ecff08849df56d8 dfebd29b1acd47baacb1841f8f88ef67 - - default default] Invoking delete_volume using DELETE url: /api/v2/projects/default/volumes/9ebcc04a-6f5f-4bb7-8fb5-6ceb746a599d?             request.body:  ssl_verify: False
2026-09-28 10:04:01.988 77 WARNING py.warnings [None req-e1628990-af39-49e2-a2fa-44678a39dd32 390d32b6a74f4d119ecff08849df56d8 dfebd29b1acd47baacb1841f8f88ef67 - - default default] /var/lib/kolla/venv/lib/python3.12/site-packages/urllib3/connectionpool.py:1110: InsecureRequestWarning: Unverified HTTPS request is being made to host '[LB_IP_ADDRESS]'. Adding certificate verification is strongly advised. See: https://urllib3.readthedocs.io/en/latest/advanced-usage.html#tls-warnings
  warnings.warn(

2026-09-28 10:04:02.021 77 INFO cinder.volume.drivers.lightos [None req-e1628990-af39-49e2-a2fa-44678a39dd32 390d32b6a74f4d119ecff08849df56d8 dfebd29b1acd47baacb1841f8f88ef67 - - default default] Invoking get_volume using GET url: /api/v2/projects/default/volumes/9ebcc04a-6f5f-4bb7-8fb5-6ceb746a599d             request.body: {} ssl_verify: False
2026-09-28 10:04:02.069 77 WARNING py.warnings [None req-e1628990-af39-49e2-a2fa-44678a39dd32 390d32b6a74f4d119ecff08849df56d8 dfebd29b1acd47baacb1841f8f88ef67 - - default default] /var/lib/kolla/venv/lib/python3.12/site-packages/urllib3/connectionpool.py:1110: InsecureRequestWarning: Unverified HTTPS request is being made to host '[LB_IP_ADDRESS]'. Adding certificate verification is strongly advised. See: https://urllib3.readthedocs.io/en/latest/advanced-usage.html#tls-warnings
  warnings.warn(

2026-09-28 10:04:02.168 77 INFO cinder.volume.drivers.lightos [None req-9d27459c-c1d3-49f7-8dfc-75644eba45e8 8c6d01cf5aa44ac19adc6792de36f5f4 8c350135ded04b0ba8c553cc56f30532 - - default default] Invoking delete_volume using DELETE url: /api/v2/projects/default/volumes/067388c0-e175-4d82-8375-d4b4fe4974a3?             request.body:  ssl_verify: False
2026-09-28 10:04:02.204 77 WARNING py.warnings [None req-9d27459c-c1d3-49f7-8dfc-75644eba45e8 8c6d01cf5aa44ac19adc6792de36f5f4 8c350135ded04b0ba8c553cc56f30532 - - default default] /var/lib/kolla/venv/lib/python3.12/site-packages/urllib3/connectionpool.py:1110: InsecureRequestWarning: Unverified HTTPS request is being made to host '[LB_IP_ADDRESS]'. Adding certificate verification is strongly advised. See: https://urllib3.readthedocs.io/en/latest/advanced-usage.html#tls-warnings
  warnings.warn(

2026-09-28 10:04:02.234 77 INFO cinder.volume.drivers.lightos [None req-9d27459c-c1d3-49f7-8dfc-75644eba45e8 8c6d01cf5aa44ac19adc6792de36f5f4 8c350135ded04b0ba8c553cc56f30532 - - default default] Invoking get_volume using GET url: /api/v2/projects/default/volumes/067388c0-e175-4d82-8375-d4b4fe4974a3             request.body: {} ssl_verify: False
2026-09-28 10:04:02.277 77 WARNING py.warnings [None req-9d27459c-c1d3-49f7-8dfc-75644eba45e8 8c6d01cf5aa44ac19adc6792de36f5f4 8c350135ded04b0ba8c553cc56f30532 - - default default] /var/lib/kolla/venv/lib/python3.12/site-packages/urllib3/connectionpool.py:1110: InsecureRequestWarning: Unverified HTTPS request is being made to host '[LB_IP_ADDRESS]'. Adding certificate verification is strongly advised. See: https://urllib3.readthedocs.io/en/latest/advanced-usage.html#tls-warnings
  warnings.warn(

2026-09-28 10:04:02.283 77 INFO cinder.volume.flows.manager.create_volume [None req-2e29d8f9-afbc-42e1-a7c4-2eb12a98e9af 9983629049634091b005aeb8b5be7c19 5f4cdcc5c0804764aa6ea4854aca4eb0 - - - -] Volume vol_a32099fe-b386-4e61-8ea4-3f12dd5269c5 (a32099fe-b386-4e61-8ea4-3f12dd5269c5): created successfully
2026-09-28 10:04:02.292 77 INFO cinder.volume.manager [None req-2e29d8f9-afbc-42e1-a7c4-2eb12a98e9af 9983629049634091b005aeb8b5be7c19 5f4cdcc5c0804764aa6ea4854aca4eb0 - - - -] Created volume successfully.
2026-09-28 10:04:02.321 77 INFO cinder.volume.manager [None req-e1628990-af39-49e2-a2fa-44678a39dd32 390d32b6a74f4d119ecff08849df56d8 dfebd29b1acd47baacb1841f8f88ef67 - - default default] Deleted volume successfully.
2026-09-28 10:04:02.395 77 INFO cinder.volume.manager [None req-9d27459c-c1d3-49f7-8dfc-75644eba45e8 8c6d01cf5aa44ac19adc6792de36f5f4 8c350135ded04b0ba8c553cc56f30532 - - default default] Deleted volume successfully.
2026-09-28 10:04:03.023 77 INFO cinder.volume.drivers.lightos [None req-6552d8a0-3513-4565-aaf0-5c1050e148c6 9983629049634091b005aeb8b5be7c19 5f4cdcc5c0804764aa6ea4854aca4eb0 - - default default] Invoking delete_volume using DELETE url: /api/v2/projects/default/volumes/c396d521-9b80-4f88-ad8d-54293f369070?             request.body:  ssl_verify: False
2026-09-28 10:04:03.060 77 WARNING py.warnings [None req-6552d8a0-3513-4565-aaf0-5c1050e148c6 9983629049634091b005aeb8b5be7c19 5f4cdcc5c0804764aa6ea4854aca4eb0 - - default default] /var/lib/kolla/venv/lib/python3.12/site-packages/urllib3/connectionpool.py:1110: InsecureRequestWarning: Unverified HTTPS request is being made to host '[LB_IP_ADDRESS]'. Adding certificate verification is strongly advised. See: https://urllib3.readthedocs.io/en/latest/advanced-usage.html#tls-warnings
  warnings.warn(

2026-09-28 10:04:03.120 77 INFO cinder.volume.drivers.lightos [None req-6552d8a0-3513-4565-aaf0-5c1050e148c6 9983629049634091b005aeb8b5be7c19 5f4cdcc5c0804764aa6ea4854aca4eb0 - - default default] Invoking get_volume using GET url: /api/v2/projects/default/volumes/c396d521-9b80-4f88-ad8d-54293f369070             request.body: {} ssl_verify: False
2026-09-28 10:04:03.164 77 WARNING py.warnings [None req-6552d8a0-3513-4565-aaf0-5c1050e148c6 9983629049634091b005aeb8b5be7c19 5f4cdcc5c0804764aa6ea4854aca4eb0 - - default default] /var/lib/kolla/venv/lib/python3.12/site-packages/urllib3/connectionpool.py:1110: InsecureRequestWarning: Unverified HTTPS request is being made to host '[LB_IP_ADDRESS]'. Adding certificate verification is strongly advised. See: https://urllib3.readthedocs.io/en/latest/advanced-usage.html#tls-warnings
  warnings.warn(

2026-09-28 10:04:03.305 77 INFO cinder.volume.manager [None req-6552d8a0-3513-4565-aaf0-5c1050e148c6 9983629049634091b005aeb8b5be7c19 5f4cdcc5c0804764aa6ea4854aca4eb0 - - default default] Deleted volume successfully.
2026-09-28 10:04:03.648 77 INFO cinder.volume.flows.manager.create_volume [None req-4dc471ca-d961-4603-9915-44e8731cfab8 390d32b6a74f4d119ecff08849df56d8 dfebd29b1acd47baacb1841f8f88ef67 - - - -] Volume 2d7ae039-71e4-46b3-abc5-a0611c1f6e13: being created as raw with specification: {'status': 'creating', 'volume_name': 'vol_2d7ae039-71e4-46b3-abc5-a0611c1f6e13', 'volume_size': 1}
2026-09-28 10:04:03.649 77 INFO cinder.volume.drivers.lightos [None req-4dc471ca-d961-4603-9915-44e8731cfab8 390d32b6a74f4d119ecff08849df56d8 dfebd29b1acd47baacb1841f8f88ef67 - - - -] Invoking get_volume_by_name using GET url: /api/v2/projects/default/volumes/?name=vol_2d7ae039-71e4-46b3-abc5-a0611c1f6e13             request.body: {} ssl_verify: False
2026-09-28 10:04:03.684 77 WARNING py.warnings [None req-4dc471ca-d961-4603-9915-44e8731cfab8 390d32b6a74f4d119ecff08849df56d8 dfebd29b1acd47baacb1841f8f88ef67 - - - -] /var/lib/kolla/venv/lib/python3.12/site-packages/urllib3/connectionpool.py:1110: InsecureRequestWarning: Unverified HTTPS request is being made to host '[LB_IP_ADDRESS]'. Adding certificate verification is strongly advised. See: https://urllib3.readthedocs.io/en/latest/advanced-usage.html#tls-warnings
  warnings.warn(

2026-09-28 10:04:03.697 77 INFO cinder.volume.drivers.lightos [None req-4dc471ca-d961-4603-9915-44e8731cfab8 390d32b6a74f4d119ecff08849df56d8 dfebd29b1acd47baacb1841f8f88ef67 - - - -] Invoking create_volume using POST url: /api/v2/projects/default/volumes             request.body: {'name': 'vol_2d7ae039-71e4-46b3-abc5-a0611c1f6e13', 'size': '1 gib', 'replicaCount': '3', 'compression': 'False', 'acl': {'values': ['ALLOW_NONE']}, 'IPAcl': {'values': ['ALLOW_NONE']}, 'sourceSnapshotUUID': None, 'sourceSnapshotName': None} ssl_verify: False
2026-09-28 10:04:03.741 77 WARNING py.warnings [None req-4dc471ca-d961-4603-9915-44e8731cfab8 390d32b6a74f4d119ecff08849df56d8 dfebd29b1acd47baacb1841f8f88ef67 - - - -] /var/lib/kolla/venv/lib/python3.12/site-packages/urllib3/connectionpool.py:1110: InsecureRequestWarning: Unverified HTTPS request is being made to host '[LB_IP_ADDRESS]'. Adding certificate verification is strongly advised. See: https://urllib3.readthedocs.io/en/latest/advanced-usage.html#tls-warnings
  warnings.warn(

2026-09-28 10:04:03.770 77 INFO cinder.volume.drivers.lightos [None req-4dc471ca-d961-4603-9915-44e8731cfab8 390d32b6a74f4d119ecff08849df56d8 dfebd29b1acd47baacb1841f8f88ef67 - - - -] Invoking get_volume using GET url: /api/v2/projects/default/volumes/a22d00fe-602f-4724-ba3b-1aef2811f0e6             request.body: {} ssl_verify: False
2026-09-28 10:04:03.834 77 WARNING py.warnings [None req-4dc471ca-d961-4603-9915-44e8731cfab8 390d32b6a74f4d119ecff08849df56d8 dfebd29b1acd47baacb1841f8f88ef67 - - - -] /var/lib/kolla/venv/lib/python3.12/site-packages/urllib3/connectionpool.py:1110: InsecureRequestWarning: Unverified HTTPS request is being made to host '[LB_IP_ADDRESS]'. Adding certificate verification is strongly advised. See: https://urllib3.readthedocs.io/en/latest/advanced-usage.html#tls-warnings
  warnings.warn(

2026-09-28 10:04:03.888 77 INFO cinder.volume.flows.manager.create_volume [None req-4dc471ca-d961-4603-9915-44e8731cfab8 390d32b6a74f4d119ecff08849df56d8 dfebd29b1acd47baacb1841f8f88ef67 - - - -] Volume vol_2d7ae039-71e4-46b3-abc5-a0611c1f6e13 (2d7ae039-71e4-46b3-abc5-a0611c1f6e13): created successfully
2026-09-28 10:04:03.896 77 INFO cinder.volume.manager [None req-4dc471ca-d961-4603-9915-44e8731cfab8 390d32b6a74f4d119ecff08849df56d8 dfebd29b1acd47baacb1841f8f88ef67 - - - -] Created volume successfully.
2026-09-28 10:04:04.213 77 INFO cinder.volume.drivers.lightos [None req-3cc1d8ab-60ea-4a36-887e-b184104177fd 9983629049634091b005aeb8b5be7c19 5f4cdcc5c0804764aa6ea4854aca4eb0 - - default default] Invoking delete_volume using DELETE url: /api/v2/projects/default/volumes/45d22510-25d4-455a-bc98-3bf6f3eae585?             request.body:  ssl_verify: False
2026-09-28 10:04:04.248 77 WARNING py.warnings [None req-3cc1d8ab-60ea-4a36-887e-b184104177fd 9983629049634091b005aeb8b5be7c19 5f4cdcc5c0804764aa6ea4854aca4eb0 - - default default] /var/lib/kolla/venv/lib/python3.12/site-packages/urllib3/connectionpool.py:1110: InsecureRequestWarning: Unverified HTTPS request is being made to host '[LB_IP_ADDRESS]'. Adding certificate verification is strongly advised. See: https://urllib3.readthedocs.io/en/latest/advanced-usage.html#tls-warnings
  warnings.warn(

2026-09-28 10:04:04.276 77 INFO cinder.volume.drivers.lightos [None req-3cc1d8ab-60ea-4a36-887e-b184104177fd 9983629049634091b005aeb8b5be7c19 5f4cdcc5c0804764aa6ea4854aca4eb0 - - default default] Invoking get_volume using GET url: /api/v2/projects/default/volumes/45d22510-25d4-455a-bc98-3bf6f3eae585             request.body: {} ssl_verify: False
2026-09-28 10:04:04.327 77 WARNING py.warnings [None req-3cc1d8ab-60ea-4a36-887e-b184104177fd 9983629049634091b005aeb8b5be7c19 5f4cdcc5c0804764aa6ea4854aca4eb0 - - default default] /var/lib/kolla/venv/lib/python3.12/site-packages/urllib3/connectionpool.py:1110: InsecureRequestWarning: Unverified HTTPS request is being made to host '[LB_IP_ADDRESS]'. Adding certificate verification is strongly advised. See: https://urllib3.readthedocs.io/en/latest/advanced-usage.html#tls-warnings
  warnings.warn(

2026-09-28 10:04:04.452 77 INFO cinder.volume.manager [None req-3cc1d8ab-60ea-4a36-887e-b184104177fd 9983629049634091b005aeb8b5be7c19 5f4cdcc5c0804764aa6ea4854aca4eb0 - - default default] Deleted volume successfully.
2026-09-28 10:04:05.119 77 INFO cinder.volume.flows.manager.create_volume [None req-fef1ac0f-30f2-40c4-a369-1c0eb9304ff6 390d32b6a74f4d119ecff08849df56d8 dfebd29b1acd47baacb1841f8f88ef67 - - - -] Volume cfe4b8b3-5420-48f8-b511-1a7ad7737eeb: being created as source_vol with specification: {'status': 'creating', 'volume_name': 'vol_cfe4b8b3-5420-48f8-b511-1a7ad7737eeb', 'volume_size': 1, 'source_volid': '2d7ae039-71e4-46b3-abc5-a0611c1f6e13', 'source_volstatus': 'available'}
2026-09-28 10:04:05.126 77 INFO cinder.volume.drivers.lightos [None req-fef1ac0f-30f2-40c4-a369-1c0eb9304ff6 390d32b6a74f4d119ecff08849df56d8 dfebd29b1acd47baacb1841f8f88ef67 - - - -] Invoking get_snapshot_by_name using GET url: /api/v2/projects/default/snapshots/?Name=for_clone_cfe4b8b3-5420-48f8-b511-1a7ad7737eeb             request.body: {} ssl_verify: False
2026-09-28 10:04:05.162 77 WARNING py.warnings [None req-fef1ac0f-30f2-40c4-a369-1c0eb9304ff6 390d32b6a74f4d119ecff08849df56d8 dfebd29b1acd47baacb1841f8f88ef67 - - - -] /var/lib/kolla/venv/lib/python3.12/site-packages/urllib3/connectionpool.py:1110: InsecureRequestWarning: Unverified HTTPS request is being made to host '[LB_IP_ADDRESS]'. Adding certificate verification is strongly advised. See: https://urllib3.readthedocs.io/en/latest/advanced-usage.html#tls-warnings
  warnings.warn(

2026-09-28 10:04:05.175 77 INFO cinder.volume.drivers.lightos [None req-fef1ac0f-30f2-40c4-a369-1c0eb9304ff6 390d32b6a74f4d119ecff08849df56d8 dfebd29b1acd47baacb1841f8f88ef67 - - - -] Invoking create_snapshot using POST url: /api/v2/projects/default/snapshots             request.body: {'name': 'for_clone_cfe4b8b3-5420-48f8-b511-1a7ad7737eeb', 'sourceVolumeUUID': None, 'sourceVolumeName': 'vol_2d7ae039-71e4-46b3-abc5-a0611c1f6e13'} ssl_verify: False
2026-09-28 10:04:05.218 77 WARNING py.warnings [None req-fef1ac0f-30f2-40c4-a369-1c0eb9304ff6 390d32b6a74f4d119ecff08849df56d8 dfebd29b1acd47baacb1841f8f88ef67 - - - -] /var/lib/kolla/venv/lib/python3.12/site-packages/urllib3/connectionpool.py:1110: InsecureRequestWarning: Unverified HTTPS request is being made to host '[LB_IP_ADDRESS]'. Adding certificate verification is strongly advised. See: https://urllib3.readthedocs.io/en/latest/advanced-usage.html#tls-warnings
  warnings.warn(

2026-09-28 10:04:05.257 77 INFO cinder.volume.drivers.lightos [None req-fef1ac0f-30f2-40c4-a369-1c0eb9304ff6 390d32b6a74f4d119ecff08849df56d8 dfebd29b1acd47baacb1841f8f88ef67 - - - -] Invoking get_snapshot_by_name using GET url: /api/v2/projects/default/snapshots/?Name=for_clone_cfe4b8b3-5420-48f8-b511-1a7ad7737eeb             request.body: {} ssl_verify: False
2026-09-28 10:04:05.305 77 WARNING py.warnings [None req-fef1ac0f-30f2-40c4-a369-1c0eb9304ff6 390d32b6a74f4d119ecff08849df56d8 dfebd29b1acd47baacb1841f8f88ef67 - - - -] /var/lib/kolla/venv/lib/python3.12/site-packages/urllib3/connectionpool.py:1110: InsecureRequestWarning: Unverified HTTPS request is being made to host '[LB_IP_ADDRESS]'. Adding certificate verification is strongly advised. See: https://urllib3.readthedocs.io/en/latest/advanced-usage.html#tls-warnings
  warnings.warn(

2026-09-28 10:04:05.697 77 INFO cinder.volume.flows.manager.create_volume [None req-343baf2d-10aa-42e9-8a7a-ff54b3942907 9983629049634091b005aeb8b5be7c19 5f4cdcc5c0804764aa6ea4854aca4eb0 - - - -] Volume 1a0eb2ed-a3c1-4386-9ef6-73e664d20b42: being created as raw with specification: {'status': 'creating', 'volume_name': 'vol_1a0eb2ed-a3c1-4386-9ef6-73e664d20b42', 'volume_size': 1}
2026-09-28 10:04:05.698 77 INFO cinder.volume.drivers.lightos [None req-343baf2d-10aa-42e9-8a7a-ff54b3942907 9983629049634091b005aeb8b5be7c19 5f4cdcc5c0804764aa6ea4854aca4eb0 - - - -] Invoking get_volume_by_name using GET url: /api/v2/projects/default/volumes/?name=vol_1a0eb2ed-a3c1-4386-9ef6-73e664d20b42             request.body: {} ssl_verify: False
2026-09-28 10:04:05.731 77 WARNING py.warnings [None req-343baf2d-10aa-42e9-8a7a-ff54b3942907 9983629049634091b005aeb8b5be7c19 5f4cdcc5c0804764aa6ea4854aca4eb0 - - - -] /var/lib/kolla/venv/lib/python3.12/site-packages/urllib3/connectionpool.py:1110: InsecureRequestWarning: Unverified HTTPS request is being made to host '[LB_IP_ADDRESS]'. Adding certificate verification is strongly advised. See: https://urllib3.readthedocs.io/en/latest/advanced-usage.html#tls-warnings
  warnings.warn(

2026-09-28 10:04:05.740 77 INFO cinder.volume.drivers.lightos [None req-343baf2d-10aa-42e9-8a7a-ff54b3942907 9983629049634091b005aeb8b5be7c19 5f4cdcc5c0804764aa6ea4854aca4eb0 - - - -] Invoking create_volume using POST url: /api/v2/projects/default/volumes             request.body: {'name': 'vol_1a0eb2ed-a3c1-4386-9ef6-73e664d20b42', 'size': '1 gib', 'replicaCount': '3', 'compression': 'False', 'acl': {'values': ['ALLOW_NONE']}, 'IPAcl': {'values': ['ALLOW_NONE']}, 'sourceSnapshotUUID': None, 'sourceSnapshotName': None} ssl_verify: False
2026-09-28 10:04:05.777 77 WARNING py.warnings [None req-343baf2d-10aa-42e9-8a7a-ff54b3942907 9983629049634091b005aeb8b5be7c19 5f4cdcc5c0804764aa6ea4854aca4eb0 - - - -] /var/lib/kolla/venv/lib/python3.12/site-packages/urllib3/connectionpool.py:1110: InsecureRequestWarning: Unverified HTTPS request is being made to host '[LB_IP_ADDRESS]'. Adding certificate verification is strongly advised. See: https://urllib3.readthedocs.io/en/latest/advanced-usage.html#tls-warnings
  warnings.warn(

2026-09-28 10:04:05.804 77 INFO cinder.volume.drivers.lightos [None req-343baf2d-10aa-42e9-8a7a-ff54b3942907 9983629049634091b005aeb8b5be7c19 5f4cdcc5c0804764aa6ea4854aca4eb0 - - - -] Invoking get_volume using GET url: /api/v2/projects/default/volumes/b6519349-4a70-41c9-a917-86dcf615173b             request.body: {} ssl_verify: False
2026-09-28 10:04:05.855 77 WARNING py.warnings [None req-343baf2d-10aa-42e9-8a7a-ff54b3942907 9983629049634091b005aeb8b5be7c19 5f4cdcc5c0804764aa6ea4854aca4eb0 - - - -] /var/lib/kolla/venv/lib/python3.12/site-packages/urllib3/connectionpool.py:1110: InsecureRequestWarning: Unverified HTTPS request is being made to host '[LB_IP_ADDRESS]'. Adding certificate verification is strongly advised. See: https://urllib3.readthedocs.io/en/latest/advanced-usage.html#tls-warnings
  warnings.warn(

2026-09-28 10:04:05.889 77 INFO cinder.volume.flows.manager.create_volume [None req-343baf2d-10aa-42e9-8a7a-ff54b3942907 9983629049634091b005aeb8b5be7c19 5f4cdcc5c0804764aa6ea4854aca4eb0 - - - -] Volume vol_1a0eb2ed-a3c1-4386-9ef6-73e664d20b42 (1a0eb2ed-a3c1-4386-9ef6-73e664d20b42): created successfully
2026-09-28 10:04:05.896 77 INFO cinder.volume.manager [None req-343baf2d-10aa-42e9-8a7a-ff54b3942907 9983629049634091b005aeb8b5be7c19 5f4cdcc5c0804764aa6ea4854aca4eb0 - - - -] Created volume successfully.
2026-09-28 10:04:06.395 77 INFO cinder.volume.drivers.lightos [None req-fef1ac0f-30f2-40c4-a369-1c0eb9304ff6 390d32b6a74f4d119ecff08849df56d8 dfebd29b1acd47baacb1841f8f88ef67 - - - -] Invoking get_snapshot_by_name using GET url: /api/v2/projects/default/snapshots/?Name=for_clone_cfe4b8b3-5420-48f8-b511-1a7ad7737eeb             request.body: {} ssl_verify: False
2026-09-28 10:04:06.440 77 WARNING py.warnings [None req-fef1ac0f-30f2-40c4-a369-1c0eb9304ff6 390d32b6a74f4d119ecff08849df56d8 dfebd29b1acd47baacb1841f8f88ef67 - - - -] /var/lib/kolla/venv/lib/python3.12/site-packages/urllib3/connectionpool.py:1110: InsecureRequestWarning: Unverified HTTPS request is being made to host '[LB_IP_ADDRESS]'. Adding certificate verification is strongly advised. See: https://urllib3.readthedocs.io/en/latest/advanced-usage.html#tls-warnings
  warnings.warn(

2026-09-28 10:04:06.453 77 INFO cinder.volume.drivers.lightos [None req-fef1ac0f-30f2-40c4-a369-1c0eb9304ff6 390d32b6a74f4d119ecff08849df56d8 dfebd29b1acd47baacb1841f8f88ef67 - - - -] Invoking get_volume_by_name using GET url: /api/v2/projects/default/volumes/?name=vol_cfe4b8b3-5420-48f8-b511-1a7ad7737eeb             request.body: {} ssl_verify: False
2026-09-28 10:04:06.495 77 WARNING py.warnings [None req-fef1ac0f-30f2-40c4-a369-1c0eb9304ff6 390d32b6a74f4d119ecff08849df56d8 dfebd29b1acd47baacb1841f8f88ef67 - - - -] /var/lib/kolla/venv/lib/python3.12/site-packages/urllib3/connectionpool.py:1110: InsecureRequestWarning: Unverified HTTPS request is being made to host '[LB_IP_ADDRESS]'. Adding certificate verification is strongly advised. See: https://urllib3.readthedocs.io/en/latest/advanced-usage.html#tls-warnings
  warnings.warn(

2026-09-28 10:04:06.512 77 INFO cinder.volume.drivers.lightos [None req-fef1ac0f-30f2-40c4-a369-1c0eb9304ff6 390d32b6a74f4d119ecff08849df56d8 dfebd29b1acd47baacb1841f8f88ef67 - - - -] Invoking create_volume using POST url: /api/v2/projects/default/volumes             request.body: {'name': 'vol_cfe4b8b3-5420-48f8-b511-1a7ad7737eeb', 'size': '1 gib', 'replicaCount': '3', 'compression': 'False', 'acl': {'values': ['ALLOW_NONE']}, 'IPAcl': {'values': ['ALLOW_NONE']}, 'sourceSnapshotUUID': None, 'sourceSnapshotName': 'for_clone_cfe4b8b3-5420-48f8-b511-1a7ad7737eeb'} ssl_verify: False
2026-09-28 10:04:06.554 77 WARNING py.warnings [None req-fef1ac0f-30f2-40c4-a369-1c0eb9304ff6 390d32b6a74f4d119ecff08849df56d8 dfebd29b1acd47baacb1841f8f88ef67 - - - -] /var/lib/kolla/venv/lib/python3.12/site-packages/urllib3/connectionpool.py:1110: InsecureRequestWarning: Unverified HTTPS request is being made to host '[LB_IP_ADDRESS]'. Adding certificate verification is strongly advised. See: https://urllib3.readthedocs.io/en/latest/advanced-usage.html#tls-warnings
  warnings.warn(

2026-09-28 10:04:06.584 77 INFO cinder.volume.drivers.lightos [None req-fef1ac0f-30f2-40c4-a369-1c0eb9304ff6 390d32b6a74f4d119ecff08849df56d8 dfebd29b1acd47baacb1841f8f88ef67 - - - -] Invoking get_volume using GET url: /api/v2/projects/default/volumes/8ef7e53c-b176-4f4d-983d-d542b6b86d72             request.body: {} ssl_verify: False
2026-09-28 10:04:06.658 77 WARNING py.warnings [None req-fef1ac0f-30f2-40c4-a369-1c0eb9304ff6 390d32b6a74f4d119ecff08849df56d8 dfebd29b1acd47baacb1841f8f88ef67 - - - -] /var/lib/kolla/venv/lib/python3.12/site-packages/urllib3/connectionpool.py:1110: InsecureRequestWarning: Unverified HTTPS request is being made to host '[LB_IP_ADDRESS]'. Adding certificate verification is strongly advised. See: https://urllib3.readthedocs.io/en/latest/advanced-usage.html#tls-warnings
  warnings.warn(

2026-09-28 10:04:06.674 77 INFO cinder.volume.drivers.lightos [None req-fef1ac0f-30f2-40c4-a369-1c0eb9304ff6 390d32b6a74f4d119ecff08849df56d8 dfebd29b1acd47baacb1841f8f88ef67 - - - -] Invoking get_snapshot_by_name using GET url: /api/v2/projects/default/snapshots/?Name=for_clone_cfe4b8b3-5420-48f8-b511-1a7ad7737eeb             request.body: {} ssl_verify: False
2026-09-28 10:04:06.719 77 WARNING py.warnings [None req-fef1ac0f-30f2-40c4-a369-1c0eb9304ff6 390d32b6a74f4d119ecff08849df56d8 dfebd29b1acd47baacb1841f8f88ef67 - - - -] /var/lib/kolla/venv/lib/python3.12/site-packages/urllib3/connectionpool.py:1110: InsecureRequestWarning: Unverified HTTPS request is being made to host '[LB_IP_ADDRESS]'. Adding certificate verification is strongly advised. See: https://urllib3.readthedocs.io/en/latest/advanced-usage.html#tls-warnings
  warnings.warn(

2026-09-28 10:04:06.738 77 INFO cinder.volume.drivers.lightos [None req-fef1ac0f-30f2-40c4-a369-1c0eb9304ff6 390d32b6a74f4d119ecff08849df56d8 dfebd29b1acd47baacb1841f8f88ef67 - - - -] Invoking delete_snapshot using DELETE url: /api/v2/projects/default/snapshots/7109db93-7843-4682-aba2-ee3a7a4af2ab?             request.body:  ssl_verify: False
2026-09-28 10:04:06.792 77 WARNING py.warnings [None req-fef1ac0f-30f2-40c4-a369-1c0eb9304ff6 390d32b6a74f4d119ecff08849df56d8 dfebd29b1acd47baacb1841f8f88ef67 - - - -] /var/lib/kolla/venv/lib/python3.12/site-packages/urllib3/connectionpool.py:1110: InsecureRequestWarning: Unverified HTTPS request is being made to host '[LB_IP_ADDRESS]'. Adding certificate verification is strongly advised. See: https://urllib3.readthedocs.io/en/latest/advanced-usage.html#tls-warnings
  warnings.warn(

2026-09-28 10:04:06.829 77 INFO cinder.volume.drivers.lightos [None req-fef1ac0f-30f2-40c4-a369-1c0eb9304ff6 390d32b6a74f4d119ecff08849df56d8 dfebd29b1acd47baacb1841f8f88ef67 - - - -] Invoking get_snapshot using GET url: /api/v2/projects/default/snapshots/7109db93-7843-4682-aba2-ee3a7a4af2ab             request.body: {} ssl_verify: False
2026-09-28 10:04:06.882 77 WARNING py.warnings [None req-fef1ac0f-30f2-40c4-a369-1c0eb9304ff6 390d32b6a74f4d119ecff08849df56d8 dfebd29b1acd47baacb1841f8f88ef67 - - - -] /var/lib/kolla/venv/lib/python3.12/site-packages/urllib3/connectionpool.py:1110: InsecureRequestWarning: Unverified HTTPS request is being made to host '[LB_IP_ADDRESS]'. Adding certificate verification is strongly advised. See: https://urllib3.readthedocs.io/en/latest/advanced-usage.html#tls-warnings
  warnings.warn(

2026-09-28 10:04:06.922 77 INFO cinder.volume.flows.manager.create_volume [None req-fef1ac0f-30f2-40c4-a369-1c0eb9304ff6 390d32b6a74f4d119ecff08849df56d8 dfebd29b1acd47baacb1841f8f88ef67 - - - -] Volume vol_cfe4b8b3-5420-48f8-b511-1a7ad7737eeb (cfe4b8b3-5420-48f8-b511-1a7ad7737eeb): created successfully
2026-09-28 10:04:06.929 77 INFO cinder.volume.manager [None req-fef1ac0f-30f2-40c4-a369-1c0eb9304ff6 390d32b6a74f4d119ecff08849df56d8 dfebd29b1acd47baacb1841f8f88ef67 - - - -] Created volume successfully.
2026-09-28 10:04:07.152 77 INFO cinder.volume.flows.manager.create_volume [None req-7e62558b-6345-4c28-807b-75ee1188df27 9983629049634091b005aeb8b5be7c19 5f4cdcc5c0804764aa6ea4854aca4eb0 - - - -] Volume 19dabcf5-c63a-48c8-beb6-e72491cc631d: being created as source_vol with specification: {'status': 'creating', 'volume_name': 'vol_19dabcf5-c63a-48c8-beb6-e72491cc631d', 'volume_size': 2, 'source_volid': '1a0eb2ed-a3c1-4386-9ef6-73e664d20b42', 'source_volstatus': 'available'}
2026-09-28 10:04:07.159 77 INFO cinder.volume.drivers.lightos [None req-7e62558b-6345-4c28-807b-75ee1188df27 9983629049634091b005aeb8b5be7c19 5f4cdcc5c0804764aa6ea4854aca4eb0 - - - -] Invoking get_snapshot_by_name using GET url: /api/v2/projects/default/snapshots/?Name=for_clone_19dabcf5-c63a-48c8-beb6-e72491cc631d             request.body: {} ssl_verify: False
2026-09-28 10:04:07.194 77 WARNING py.warnings [None req-7e62558b-6345-4c28-807b-75ee1188df27 9983629049634091b005aeb8b5be7c19 5f4cdcc5c0804764aa6ea4854aca4eb0 - - - -] /var/lib/kolla/venv/lib/python3.12/site-packages/urllib3/connectionpool.py:1110: InsecureRequestWarning: Unverified HTTPS request is being made to host '[LB_IP_ADDRESS]'. Adding certificate verification is strongly advised. See: https://urllib3.readthedocs.io/en/latest/advanced-usage.html#tls-warnings
  warnings.warn(

2026-09-28 10:04:07.205 77 INFO cinder.volume.drivers.lightos [None req-7e62558b-6345-4c28-807b-75ee1188df27 9983629049634091b005aeb8b5be7c19 5f4cdcc5c0804764aa6ea4854aca4eb0 - - - -] Invoking create_snapshot using POST url: /api/v2/projects/default/snapshots             request.body: {'name': 'for_clone_19dabcf5-c63a-48c8-beb6-e72491cc631d', 'sourceVolumeUUID': None, 'sourceVolumeName': 'vol_1a0eb2ed-a3c1-4386-9ef6-73e664d20b42'} ssl_verify: False
2026-09-28 10:04:07.247 77 WARNING py.warnings [None req-7e62558b-6345-4c28-807b-75ee1188df27 9983629049634091b005aeb8b5be7c19 5f4cdcc5c0804764aa6ea4854aca4eb0 - - - -] /var/lib/kolla/venv/lib/python3.12/site-packages/urllib3/connectionpool.py:1110: InsecureRequestWarning: Unverified HTTPS request is being made to host '[LB_IP_ADDRESS]'. Adding certificate verification is strongly advised. See: https://urllib3.readthedocs.io/en/latest/advanced-usage.html#tls-warnings
  warnings.warn(

2026-09-28 10:04:07.293 77 INFO cinder.volume.drivers.lightos [None req-7e62558b-6345-4c28-807b-75ee1188df27 9983629049634091b005aeb8b5be7c19 5f4cdcc5c0804764aa6ea4854aca4eb0 - - - -] Invoking get_snapshot_by_name using GET url: /api/v2/projects/default/snapshots/?Name=for_clone_19dabcf5-c63a-48c8-beb6-e72491cc631d             request.body: {} ssl_verify: False
2026-09-28 10:04:07.349 77 WARNING py.warnings [None req-7e62558b-6345-4c28-807b-75ee1188df27 9983629049634091b005aeb8b5be7c19 5f4cdcc5c0804764aa6ea4854aca4eb0 - - - -] /var/lib/kolla/venv/lib/python3.12/site-packages/urllib3/connectionpool.py:1110: InsecureRequestWarning: Unverified HTTPS request is being made to host '[LB_IP_ADDRESS]'. Adding certificate verification is strongly advised. See: https://urllib3.readthedocs.io/en/latest/advanced-usage.html#tls-warnings
  warnings.warn(

2026-09-28 10:04:07.801 77 INFO cinder.volume.flows.manager.create_volume [None req-efc18aa4-b3fa-46e4-82b2-76214ddf96cd 390d32b6a74f4d119ecff08849df56d8 dfebd29b1acd47baacb1841f8f88ef67 - - - -] Volume 287a9002-8a87-447f-b7b8-1886ae405eb9: being created as raw with specification: {'status': 'creating', 'volume_name': 'vol_287a9002-8a87-447f-b7b8-1886ae405eb9', 'volume_size': 1}
2026-09-28 10:04:07.801 77 INFO cinder.volume.drivers.lightos [None req-efc18aa4-b3fa-46e4-82b2-76214ddf96cd 390d32b6a74f4d119ecff08849df56d8 dfebd29b1acd47baacb1841f8f88ef67 - - - -] Invoking get_volume_by_name using GET url: /api/v2/projects/default/volumes/?name=vol_287a9002-8a87-447f-b7b8-1886ae405eb9             request.body: {} ssl_verify: False
2026-09-28 10:04:07.836 77 WARNING py.warnings [None req-efc18aa4-b3fa-46e4-82b2-76214ddf96cd 390d32b6a74f4d119ecff08849df56d8 dfebd29b1acd47baacb1841f8f88ef67 - - - -] /var/lib/kolla/venv/lib/python3.12/site-packages/urllib3/connectionpool.py:1110: InsecureRequestWarning: Unverified HTTPS request is being made to host '[LB_IP_ADDRESS]'. Adding certificate verification is strongly advised. See: https://urllib3.readthedocs.io/en/latest/advanced-usage.html#tls-warnings
  warnings.warn(

2026-09-28 10:04:07.845 77 INFO cinder.volume.drivers.lightos [None req-efc18aa4-b3fa-46e4-82b2-76214ddf96cd 390d32b6a74f4d119ecff08849df56d8 dfebd29b1acd47baacb1841f8f88ef67 - - - -] Invoking create_volume using POST url: /api/v2/projects/default/volumes             request.body: {'name': 'vol_287a9002-8a87-447f-b7b8-1886ae405eb9', 'size': '1 gib', 'replicaCount': '3', 'compression': 'False', 'acl': {'values': ['ALLOW_NONE']}, 'IPAcl': {'values': ['ALLOW_NONE']}, 'sourceSnapshotUUID': None, 'sourceSnapshotName': None} ssl_verify: False
2026-09-28 10:04:07.883 77 WARNING py.warnings [None req-efc18aa4-b3fa-46e4-82b2-76214ddf96cd 390d32b6a74f4d119ecff08849df56d8 dfebd29b1acd47baacb1841f8f88ef67 - - - -] /var/lib/kolla/venv/lib/python3.12/site-packages/urllib3/connectionpool.py:1110: InsecureRequestWarning: Unverified HTTPS request is being made to host '[LB_IP_ADDRESS]'. Adding certificate verification is strongly advised. See: https://urllib3.readthedocs.io/en/latest/advanced-usage.html#tls-warnings
  warnings.warn(

2026-09-28 10:04:07.915 77 INFO cinder.volume.drivers.lightos [None req-efc18aa4-b3fa-46e4-82b2-76214ddf96cd 390d32b6a74f4d119ecff08849df56d8 dfebd29b1acd47baacb1841f8f88ef67 - - - -] Invoking get_volume using GET url: /api/v2/projects/default/volumes/ed6fbb0c-b4c9-4e2c-a72d-0d0207d0fa67             request.body: {} ssl_verify: False
2026-09-28 10:04:07.981 77 WARNING py.warnings [None req-efc18aa4-b3fa-46e4-82b2-76214ddf96cd 390d32b6a74f4d119ecff08849df56d8 dfebd29b1acd47baacb1841f8f88ef67 - - - -] /var/lib/kolla/venv/lib/python3.12/site-packages/urllib3/connectionpool.py:1110: InsecureRequestWarning: Unverified HTTPS request is being made to host '[LB_IP_ADDRESS]'. Adding certificate verification is strongly advised. See: https://urllib3.readthedocs.io/en/latest/advanced-usage.html#tls-warnings
  warnings.warn(

2026-09-28 10:04:08.033 77 INFO cinder.volume.flows.manager.create_volume [None req-efc18aa4-b3fa-46e4-82b2-76214ddf96cd 390d32b6a74f4d119ecff08849df56d8 dfebd29b1acd47baacb1841f8f88ef67 - - - -] Volume vol_287a9002-8a87-447f-b7b8-1886ae405eb9 (287a9002-8a87-447f-b7b8-1886ae405eb9): created successfully
2026-09-28 10:04:08.041 77 INFO cinder.volume.manager [None req-efc18aa4-b3fa-46e4-82b2-76214ddf96cd 390d32b6a74f4d119ecff08849df56d8 dfebd29b1acd47baacb1841f8f88ef67 - - - -] Created volume successfully.
2026-09-28 10:04:08.421 77 INFO cinder.volume.drivers.lightos [None req-7e62558b-6345-4c28-807b-75ee1188df27 9983629049634091b005aeb8b5be7c19 5f4cdcc5c0804764aa6ea4854aca4eb0 - - - -] Invoking get_snapshot_by_name using GET url: /api/v2/projects/default/snapshots/?Name=for_clone_19dabcf5-c63a-48c8-beb6-e72491cc631d             request.body: {} ssl_verify: False
2026-09-28 10:04:08.467 77 WARNING py.warnings [None req-7e62558b-6345-4c28-807b-75ee1188df27 9983629049634091b005aeb8b5be7c19 5f4cdcc5c0804764aa6ea4854aca4eb0 - - - -] /var/lib/kolla/venv/lib/python3.12/site-packages/urllib3/connectionpool.py:1110: InsecureRequestWarning: Unverified HTTPS request is being made to host '[LB_IP_ADDRESS]'. Adding certificate verification is strongly advised. See: https://urllib3.readthedocs.io/en/latest/advanced-usage.html#tls-warnings
  warnings.warn(

2026-09-28 10:04:08.482 77 INFO cinder.volume.drivers.lightos [None req-7e62558b-6345-4c28-807b-75ee1188df27 9983629049634091b005aeb8b5be7c19 5f4cdcc5c0804764aa6ea4854aca4eb0 - - - -] Invoking get_volume_by_name using GET url: /api/v2/projects/default/volumes/?name=vol_19dabcf5-c63a-48c8-beb6-e72491cc631d             request.body: {} ssl_verify: False
2026-09-28 10:04:08.527 77 WARNING py.warnings [None req-7e62558b-6345-4c28-807b-75ee1188df27 9983629049634091b005aeb8b5be7c19 5f4cdcc5c0804764aa6ea4854aca4eb0 - - - -] /var/lib/kolla/venv/lib/python3.12/site-packages/urllib3/connectionpool.py:1110: InsecureRequestWarning: Unverified HTTPS request is being made to host '[LB_IP_ADDRESS]'. Adding certificate verification is strongly advised. See: https://urllib3.readthedocs.io/en/latest/advanced-usage.html#tls-warnings
  warnings.warn(

2026-09-28 10:04:08.538 77 INFO cinder.volume.drivers.lightos [None req-7e62558b-6345-4c28-807b-75ee1188df27 9983629049634091b005aeb8b5be7c19 5f4cdcc5c0804764aa6ea4854aca4eb0 - - - -] Invoking create_volume using POST url: /api/v2/projects/default/volumes             request.body: {'name': 'vol_19dabcf5-c63a-48c8-beb6-e72491cc631d', 'size': '2 gib', 'replicaCount': '3', 'compression': 'False', 'acl': {'values': ['ALLOW_NONE']}, 'IPAcl': {'values': ['ALLOW_NONE']}, 'sourceSnapshotUUID': None, 'sourceSnapshotName': 'for_clone_19dabcf5-c63a-48c8-beb6-e72491cc631d'} ssl_verify: False
2026-09-28 10:04:08.583 77 WARNING py.warnings [None req-7e62558b-6345-4c28-807b-75ee1188df27 9983629049634091b005aeb8b5be7c19 5f4cdcc5c0804764aa6ea4854aca4eb0 - - - -] /var/lib/kolla/venv/lib/python3.12/site-packages/urllib3/connectionpool.py:1110: InsecureRequestWarning: Unverified HTTPS request is being made to host '[LB_IP_ADDRESS]'. Adding certificate verification is strongly advised. See: https://urllib3.readthedocs.io/en/latest/advanced-usage.html#tls-warnings
  warnings.warn(

2026-09-28 10:04:08.610 77 INFO cinder.volume.drivers.lightos [None req-7e62558b-6345-4c28-807b-75ee1188df27 9983629049634091b005aeb8b5be7c19 5f4cdcc5c0804764aa6ea4854aca4eb0 - - - -] Invoking get_volume using GET url: /api/v2/projects/default/volumes/e6022f13-ccbd-4490-afd0-74ea726bfbab             request.body: {} ssl_verify: False
2026-09-28 10:04:08.661 77 WARNING py.warnings [None req-7e62558b-6345-4c28-807b-75ee1188df27 9983629049634091b005aeb8b5be7c19 5f4cdcc5c0804764aa6ea4854aca4eb0 - - - -] /var/lib/kolla/venv/lib/python3.12/site-packages/urllib3/connectionpool.py:1110: InsecureRequestWarning: Unverified HTTPS request is being made to host '[LB_IP_ADDRESS]'. Adding certificate verification is strongly advised. See: https://urllib3.readthedocs.io/en/latest/advanced-usage.html#tls-warnings
  warnings.warn(

2026-09-28 10:04:08.928 77 INFO cinder.volume.drivers.lightos [None req-6c8572f8-8026-475e-a6ab-540cc4b78a27 390d32b6a74f4d119ecff08849df56d8 dfebd29b1acd47baacb1841f8f88ef67 - - default default] Invoking delete_volume using DELETE url: /api/v2/projects/default/volumes/ed6fbb0c-b4c9-4e2c-a72d-0d0207d0fa67?             request.body:  ssl_verify: False
2026-09-28 10:04:08.963 77 WARNING py.warnings [None req-6c8572f8-8026-475e-a6ab-540cc4b78a27 390d32b6a74f4d119ecff08849df56d8 dfebd29b1acd47baacb1841f8f88ef67 - - default default] /var/lib/kolla/venv/lib/python3.12/site-packages/urllib3/connectionpool.py:1110: InsecureRequestWarning: Unverified HTTPS request is being made to host '[LB_IP_ADDRESS]'. Adding certificate verification is strongly advised. See: https://urllib3.readthedocs.io/en/latest/advanced-usage.html#tls-warnings
  warnings.warn(

2026-09-28 10:04:08.991 77 INFO cinder.volume.drivers.lightos [None req-6c8572f8-8026-475e-a6ab-540cc4b78a27 390d32b6a74f4d119ecff08849df56d8 dfebd29b1acd47baacb1841f8f88ef67 - - default default] Invoking get_volume using GET url: /api/v2/projects/default/volumes/ed6fbb0c-b4c9-4e2c-a72d-0d0207d0fa67             request.body: {} ssl_verify: False
2026-09-28 10:04:09.040 77 WARNING py.warnings [None req-6c8572f8-8026-475e-a6ab-540cc4b78a27 390d32b6a74f4d119ecff08849df56d8 dfebd29b1acd47baacb1841f8f88ef67 - - default default] /var/lib/kolla/venv/lib/python3.12/site-packages/urllib3/connectionpool.py:1110: InsecureRequestWarning: Unverified HTTPS request is being made to host '[LB_IP_ADDRESS]'. Adding certificate verification is strongly advised. See: https://urllib3.readthedocs.io/en/latest/advanced-usage.html#tls-warnings
  warnings.warn(

2026-09-28 10:04:09.172 77 INFO cinder.volume.manager [None req-6c8572f8-8026-475e-a6ab-540cc4b78a27 390d32b6a74f4d119ecff08849df56d8 dfebd29b1acd47baacb1841f8f88ef67 - - default default] Deleted volume successfully.
2026-09-28 10:04:09.342 77 INFO cinder.volume.flows.manager.create_volume [None req-91aa6ded-e4d1-40fd-b8d5-f9ade5092d74 d471339fba344041abdd17add36764f5 5c4de31acd024d669559e3763ba225f8 - - - -] Volume 9cd1ef0d-7094-4574-b09f-39bbe307fb08: being created as raw with specification: {'status': 'creating', 'volume_name': 'vol_9cd1ef0d-7094-4574-b09f-39bbe307fb08', 'volume_size': 1}
2026-09-28 10:04:09.342 77 INFO cinder.volume.drivers.lightos [None req-91aa6ded-e4d1-40fd-b8d5-f9ade5092d74 d471339fba344041abdd17add36764f5 5c4de31acd024d669559e3763ba225f8 - - - -] Invoking get_volume_by_name using GET url: /api/v2/projects/default/volumes/?name=vol_9cd1ef0d-7094-4574-b09f-39bbe307fb08             request.body: {} ssl_verify: False
2026-09-28 10:04:09.379 77 WARNING py.warnings [None req-91aa6ded-e4d1-40fd-b8d5-f9ade5092d74 d471339fba344041abdd17add36764f5 5c4de31acd024d669559e3763ba225f8 - - - -] /var/lib/kolla/venv/lib/python3.12/site-packages/urllib3/connectionpool.py:1110: InsecureRequestWarning: Unverified HTTPS request is being made to host '[LB_IP_ADDRESS]'. Adding certificate verification is strongly advised. See: https://urllib3.readthedocs.io/en/latest/advanced-usage.html#tls-warnings
  warnings.warn(

2026-09-28 10:04:09.391 77 INFO cinder.volume.drivers.lightos [None req-91aa6ded-e4d1-40fd-b8d5-f9ade5092d74 d471339fba344041abdd17add36764f5 5c4de31acd024d669559e3763ba225f8 - - - -] Invoking create_volume using POST url: /api/v2/projects/default/volumes             request.body: {'name': 'vol_9cd1ef0d-7094-4574-b09f-39bbe307fb08', 'size': '1 gib', 'replicaCount': '3', 'compression': 'False', 'acl': {'values': ['ALLOW_NONE']}, 'IPAcl': {'values': ['ALLOW_NONE']}, 'sourceSnapshotUUID': None, 'sourceSnapshotName': None} ssl_verify: False
2026-09-28 10:04:09.433 77 WARNING py.warnings [None req-91aa6ded-e4d1-40fd-b8d5-f9ade5092d74 d471339fba344041abdd17add36764f5 5c4de31acd024d669559e3763ba225f8 - - - -] /var/lib/kolla/venv/lib/python3.12/site-packages/urllib3/connectionpool.py:1110: InsecureRequestWarning: Unverified HTTPS request is being made to host '[LB_IP_ADDRESS]'. Adding certificate verification is strongly advised. See: https://urllib3.readthedocs.io/en/latest/advanced-usage.html#tls-warnings
  warnings.warn(

2026-09-28 10:04:09.467 77 INFO cinder.volume.drivers.lightos [None req-91aa6ded-e4d1-40fd-b8d5-f9ade5092d74 d471339fba344041abdd17add36764f5 5c4de31acd024d669559e3763ba225f8 - - - -] Invoking get_volume using GET url: /api/v2/projects/default/volumes/67f4bb6f-ae69-4080-a6cd-194e7b9dc38d             request.body: {} ssl_verify: False
2026-09-28 10:04:09.512 77 WARNING py.warnings [None req-91aa6ded-e4d1-40fd-b8d5-f9ade5092d74 d471339fba344041abdd17add36764f5 5c4de31acd024d669559e3763ba225f8 - - - -] /var/lib/kolla/venv/lib/python3.12/site-packages/urllib3/connectionpool.py:1110: InsecureRequestWarning: Unverified HTTPS request is being made to host '[LB_IP_ADDRESS]'. Adding certificate verification is strongly advised. See: https://urllib3.readthedocs.io/en/latest/advanced-usage.html#tls-warnings
  warnings.warn(

2026-09-28 10:04:09.709 77 INFO cinder.volume.drivers.lightos [None req-7e62558b-6345-4c28-807b-75ee1188df27 9983629049634091b005aeb8b5be7c19 5f4cdcc5c0804764aa6ea4854aca4eb0 - - - -] Invoking get_volume using GET url: /api/v2/projects/default/volumes/e6022f13-ccbd-4490-afd0-74ea726bfbab             request.body: {} ssl_verify: False
2026-09-28 10:04:09.754 77 WARNING py.warnings [None req-7e62558b-6345-4c28-807b-75ee1188df27 9983629049634091b005aeb8b5be7c19 5f4cdcc5c0804764aa6ea4854aca4eb0 - - - -] /var/lib/kolla/venv/lib/python3.12/site-packages/urllib3/connectionpool.py:1110: InsecureRequestWarning: Unverified HTTPS request is being made to host '[LB_IP_ADDRESS]'. Adding certificate verification is strongly advised. See: https://urllib3.readthedocs.io/en/latest/advanced-usage.html#tls-warnings
  warnings.warn(

2026-09-28 10:04:09.785 77 INFO cinder.volume.drivers.lightos [None req-7e62558b-6345-4c28-807b-75ee1188df27 9983629049634091b005aeb8b5be7c19 5f4cdcc5c0804764aa6ea4854aca4eb0 - - - -] Invoking get_snapshot_by_name using GET url: /api/v2/projects/default/snapshots/?Name=for_clone_19dabcf5-c63a-48c8-beb6-e72491cc631d             request.body: {} ssl_verify: False
2026-09-28 10:04:09.827 77 WARNING py.warnings [None req-7e62558b-6345-4c28-807b-75ee1188df27 9983629049634091b005aeb8b5be7c19 5f4cdcc5c0804764aa6ea4854aca4eb0 - - - -] /var/lib/kolla/venv/lib/python3.12/site-packages/urllib3/connectionpool.py:1110: InsecureRequestWarning: Unverified HTTPS request is being made to host '[LB_IP_ADDRESS]'. Adding certificate verification is strongly advised. See: https://urllib3.readthedocs.io/en/latest/advanced-usage.html#tls-warnings
  warnings.warn(

2026-09-28 10:04:09.838 77 INFO cinder.volume.drivers.lightos [None req-7e62558b-6345-4c28-807b-75ee1188df27 9983629049634091b005aeb8b5be7c19 5f4cdcc5c0804764aa6ea4854aca4eb0 - - - -] Invoking delete_snapshot using DELETE url: /api/v2/projects/default/snapshots/c2b4a601-00e9-474d-a27f-6c074ddd01a4?             request.body:  ssl_verify: False
2026-09-28 10:04:09.876 77 WARNING py.warnings [None req-7e62558b-6345-4c28-807b-75ee1188df27 9983629049634091b005aeb8b5be7c19 5f4cdcc5c0804764aa6ea4854aca4eb0 - - - -] /var/lib/kolla/venv/lib/python3.12/site-packages/urllib3/connectionpool.py:1110: InsecureRequestWarning: Unverified HTTPS request is being made to host '[LB_IP_ADDRESS]'. Adding certificate verification is strongly advised. See: https://urllib3.readthedocs.io/en/latest/advanced-usage.html#tls-warnings
  warnings.warn(

2026-09-28 10:04:09.908 77 INFO cinder.volume.drivers.lightos [None req-7e62558b-6345-4c28-807b-75ee1188df27 9983629049634091b005aeb8b5be7c19 5f4cdcc5c0804764aa6ea4854aca4eb0 - - - -] Invoking get_snapshot using GET url: /api/v2/projects/default/snapshots/c2b4a601-00e9-474d-a27f-6c074ddd01a4             request.body: {} ssl_verify: False
2026-09-28 10:04:09.952 77 WARNING py.warnings [None req-7e62558b-6345-4c28-807b-75ee1188df27 9983629049634091b005aeb8b5be7c19 5f4cdcc5c0804764aa6ea4854aca4eb0 - - - -] /var/lib/kolla/venv/lib/python3.12/site-packages/urllib3/connectionpool.py:1110: InsecureRequestWarning: Unverified HTTPS request is being made to host '[LB_IP_ADDRESS]'. Adding certificate verification is strongly advised. See: https://urllib3.readthedocs.io/en/latest/advanced-usage.html#tls-warnings
  warnings.warn(

2026-09-28 10:04:09.986 77 INFO cinder.volume.flows.manager.create_volume [None req-7e62558b-6345-4c28-807b-75ee1188df27 9983629049634091b005aeb8b5be7c19 5f4cdcc5c0804764aa6ea4854aca4eb0 - - - -] Volume vol_19dabcf5-c63a-48c8-beb6-e72491cc631d (19dabcf5-c63a-48c8-beb6-e72491cc631d): created successfully
2026-09-28 10:04:09.994 77 INFO cinder.volume.manager [None req-7e62558b-6345-4c28-807b-75ee1188df27 9983629049634091b005aeb8b5be7c19 5f4cdcc5c0804764aa6ea4854aca4eb0 - - - -] Created volume successfully.
2026-09-28 10:04:10.070 77 INFO cinder.volume.drivers.lightos [None req-5adc6f1e-065e-4efe-ab3d-6aed4ccdbbc5 390d32b6a74f4d119ecff08849df56d8 dfebd29b1acd47baacb1841f8f88ef67 - - default default] Invoking delete_volume using DELETE url: /api/v2/projects/default/volumes/8ef7e53c-b176-4f4d-983d-d542b6b86d72?             request.body:  ssl_verify: False
2026-09-28 10:04:10.109 77 WARNING py.warnings [None req-5adc6f1e-065e-4efe-ab3d-6aed4ccdbbc5 390d32b6a74f4d119ecff08849df56d8 dfebd29b1acd47baacb1841f8f88ef67 - - default default] /var/lib/kolla/venv/lib/python3.12/site-packages/urllib3/connectionpool.py:1110: InsecureRequestWarning: Unverified HTTPS request is being made to host '[LB_IP_ADDRESS]'. Adding certificate verification is strongly advised. See: https://urllib3.readthedocs.io/en/latest/advanced-usage.html#tls-warnings
  warnings.warn(

2026-09-28 10:04:10.140 77 INFO cinder.volume.drivers.lightos [None req-5adc6f1e-065e-4efe-ab3d-6aed4ccdbbc5 390d32b6a74f4d119ecff08849df56d8 dfebd29b1acd47baacb1841f8f88ef67 - - default default] Invoking get_volume using GET url: /api/v2/projects/default/volumes/8ef7e53c-b176-4f4d-983d-d542b6b86d72             request.body: {} ssl_verify: False
2026-09-28 10:04:10.185 77 WARNING py.warnings [None req-5adc6f1e-065e-4efe-ab3d-6aed4ccdbbc5 390d32b6a74f4d119ecff08849df56d8 dfebd29b1acd47baacb1841f8f88ef67 - - default default] /var/lib/kolla/venv/lib/python3.12/site-packages/urllib3/connectionpool.py:1110: InsecureRequestWarning: Unverified HTTPS request is being made to host '[LB_IP_ADDRESS]'. Adding certificate verification is strongly advised. See: https://urllib3.readthedocs.io/en/latest/advanced-usage.html#tls-warnings
  warnings.warn(

2026-09-28 10:04:10.308 77 INFO cinder.volume.manager [None req-5adc6f1e-065e-4efe-ab3d-6aed4ccdbbc5 390d32b6a74f4d119ecff08849df56d8 dfebd29b1acd47baacb1841f8f88ef67 - - default default] Deleted volume successfully.
2026-09-28 10:04:10.438 77 INFO cinder.volume.drivers.lightos [None req-6d57ac3f-d9d6-47d5-a7c8-ee61fe00df58 9983629049634091b005aeb8b5be7c19 5f4cdcc5c0804764aa6ea4854aca4eb0 - - default default] Invoking delete_volume using DELETE url: /api/v2/projects/default/volumes/e6022f13-ccbd-4490-afd0-74ea726bfbab?             request.body:  ssl_verify: False
2026-09-28 10:04:10.476 77 WARNING py.warnings [None req-6d57ac3f-d9d6-47d5-a7c8-ee61fe00df58 9983629049634091b005aeb8b5be7c19 5f4cdcc5c0804764aa6ea4854aca4eb0 - - default default] /var/lib/kolla/venv/lib/python3.12/site-packages/urllib3/connectionpool.py:1110: InsecureRequestWarning: Unverified HTTPS request is being made to host '[LB_IP_ADDRESS]'. Adding certificate verification is strongly advised. See: https://urllib3.readthedocs.io/en/latest/advanced-usage.html#tls-warnings
  warnings.warn(

2026-09-28 10:04:10.504 77 INFO cinder.volume.drivers.lightos [None req-6d57ac3f-d9d6-47d5-a7c8-ee61fe00df58 9983629049634091b005aeb8b5be7c19 5f4cdcc5c0804764aa6ea4854aca4eb0 - - default default] Invoking get_volume using GET url: /api/v2/projects/default/volumes/e6022f13-ccbd-4490-afd0-74ea726bfbab             request.body: {} ssl_verify: False
2026-09-28 10:04:10.548 77 WARNING py.warnings [None req-6d57ac3f-d9d6-47d5-a7c8-ee61fe00df58 9983629049634091b005aeb8b5be7c19 5f4cdcc5c0804764aa6ea4854aca4eb0 - - default default] /var/lib/kolla/venv/lib/python3.12/site-packages/urllib3/connectionpool.py:1110: InsecureRequestWarning: Unverified HTTPS request is being made to host '[LB_IP_ADDRESS]'. Adding certificate verification is strongly advised. See: https://urllib3.readthedocs.io/en/latest/advanced-usage.html#tls-warnings
  warnings.warn(

2026-09-28 10:04:10.552 77 INFO cinder.volume.drivers.lightos [None req-91aa6ded-e4d1-40fd-b8d5-f9ade5092d74 d471339fba344041abdd17add36764f5 5c4de31acd024d669559e3763ba225f8 - - - -] Invoking get_volume using GET url: /api/v2/projects/default/volumes/67f4bb6f-ae69-4080-a6cd-194e7b9dc38d             request.body: {} ssl_verify: False
2026-09-28 10:04:10.589 77 WARNING py.warnings [None req-91aa6ded-e4d1-40fd-b8d5-f9ade5092d74 d471339fba344041abdd17add36764f5 5c4de31acd024d669559e3763ba225f8 - - - -] /var/lib/kolla/venv/lib/python3.12/site-packages/urllib3/connectionpool.py:1110: InsecureRequestWarning: Unverified HTTPS request is being made to host '[LB_IP_ADDRESS]'. Adding certificate verification is strongly advised. See: https://urllib3.readthedocs.io/en/latest/advanced-usage.html#tls-warnings
  warnings.warn(

2026-09-28 10:04:10.632 77 INFO cinder.volume.flows.manager.create_volume [None req-91aa6ded-e4d1-40fd-b8d5-f9ade5092d74 d471339fba344041abdd17add36764f5 5c4de31acd024d669559e3763ba225f8 - - - -] Volume vol_9cd1ef0d-7094-4574-b09f-39bbe307fb08 (9cd1ef0d-7094-4574-b09f-39bbe307fb08): created successfully
2026-09-28 10:04:10.640 77 INFO cinder.volume.manager [None req-91aa6ded-e4d1-40fd-b8d5-f9ade5092d74 d471339fba344041abdd17add36764f5 5c4de31acd024d669559e3763ba225f8 - - - -] Created volume successfully.
2026-09-28 10:04:10.689 77 INFO cinder.volume.manager [None req-6d57ac3f-d9d6-47d5-a7c8-ee61fe00df58 9983629049634091b005aeb8b5be7c19 5f4cdcc5c0804764aa6ea4854aca4eb0 - - default default] Deleted volume successfully.
2026-09-28 10:04:11.262 77 INFO cinder.volume.drivers.lightos [None req-32f9cf75-c295-4aa7-b5b9-a3df32de7a03 390d32b6a74f4d119ecff08849df56d8 dfebd29b1acd47baacb1841f8f88ef67 - - default default] Invoking delete_volume using DELETE url: /api/v2/projects/default/volumes/a22d00fe-602f-4724-ba3b-1aef2811f0e6?             request.body:  ssl_verify: False
2026-09-28 10:04:11.297 77 WARNING py.warnings [None req-32f9cf75-c295-4aa7-b5b9-a3df32de7a03 390d32b6a74f4d119ecff08849df56d8 dfebd29b1acd47baacb1841f8f88ef67 - - default default] /var/lib/kolla/venv/lib/python3.12/site-packages/urllib3/connectionpool.py:1110: InsecureRequestWarning: Unverified HTTPS request is being made to host '[LB_IP_ADDRESS]'. Adding certificate verification is strongly advised. See: https://urllib3.readthedocs.io/en/latest/advanced-usage.html#tls-warnings
  warnings.warn(

2026-09-28 10:04:11.328 77 INFO cinder.volume.drivers.lightos [None req-32f9cf75-c295-4aa7-b5b9-a3df32de7a03 390d32b6a74f4d119ecff08849df56d8 dfebd29b1acd47baacb1841f8f88ef67 - - default default] Invoking get_volume using GET url: /api/v2/projects/default/volumes/a22d00fe-602f-4724-ba3b-1aef2811f0e6             request.body: {} ssl_verify: False
2026-09-28 10:04:11.373 77 WARNING py.warnings [None req-32f9cf75-c295-4aa7-b5b9-a3df32de7a03 390d32b6a74f4d119ecff08849df56d8 dfebd29b1acd47baacb1841f8f88ef67 - - default default] /var/lib/kolla/venv/lib/python3.12/site-packages/urllib3/connectionpool.py:1110: InsecureRequestWarning: Unverified HTTPS request is being made to host '[LB_IP_ADDRESS]'. Adding certificate verification is strongly advised. See: https://urllib3.readthedocs.io/en/latest/advanced-usage.html#tls-warnings
  warnings.warn(

2026-09-28 10:04:11.503 77 INFO cinder.volume.manager [None req-32f9cf75-c295-4aa7-b5b9-a3df32de7a03 390d32b6a74f4d119ecff08849df56d8 dfebd29b1acd47baacb1841f8f88ef67 - - default default] Deleted volume successfully.
2026-09-28 10:04:11.577 77 INFO cinder.volume.drivers.lightos [None req-cc93b677-784e-4216-b353-4f9ab1d05723 9983629049634091b005aeb8b5be7c19 5f4cdcc5c0804764aa6ea4854aca4eb0 - - default default] Invoking delete_volume using DELETE url: /api/v2/projects/default/volumes/b6519349-4a70-41c9-a917-86dcf615173b?             request.body:  ssl_verify: False
2026-09-28 10:04:11.615 77 WARNING py.warnings [None req-cc93b677-784e-4216-b353-4f9ab1d05723 9983629049634091b005aeb8b5be7c19 5f4cdcc5c0804764aa6ea4854aca4eb0 - - default default] /var/lib/kolla/venv/lib/python3.12/site-packages/urllib3/connectionpool.py:1110: InsecureRequestWarning: Unverified HTTPS request is being made to host '[LB_IP_ADDRESS]'. Adding certificate verification is strongly advised. See: https://urllib3.readthedocs.io/en/latest/advanced-usage.html#tls-warnings
  warnings.warn(

2026-09-28 10:04:11.642 77 INFO cinder.volume.drivers.lightos [None req-cc93b677-784e-4216-b353-4f9ab1d05723 9983629049634091b005aeb8b5be7c19 5f4cdcc5c0804764aa6ea4854aca4eb0 - - default default] Invoking get_volume using GET url: /api/v2/projects/default/volumes/b6519349-4a70-41c9-a917-86dcf615173b             request.body: {} ssl_verify: False
2026-09-28 10:04:11.687 77 WARNING py.warnings [None req-cc93b677-784e-4216-b353-4f9ab1d05723 9983629049634091b005aeb8b5be7c19 5f4cdcc5c0804764aa6ea4854aca4eb0 - - default default] /var/lib/kolla/venv/lib/python3.12/site-packages/urllib3/connectionpool.py:1110: InsecureRequestWarning: Unverified HTTPS request is being made to host '[LB_IP_ADDRESS]'. Adding certificate verification is strongly advised. See: https://urllib3.readthedocs.io/en/latest/advanced-usage.html#tls-warnings
  warnings.warn(

2026-09-28 10:04:11.794 77 INFO cinder.volume.manager [None req-cc93b677-784e-4216-b353-4f9ab1d05723 9983629049634091b005aeb8b5be7c19 5f4cdcc5c0804764aa6ea4854aca4eb0 - - default default] Deleted volume successfully.
2026-09-28 10:04:12.032 77 INFO cinder.volume.manager [None req-7ae6cf81-3021-4625-9d39-984da67cb163 ca81b13a17984dc79f432623d49ffd51 c1c9eb3c65834a99b111260d1505b71d - - default default] Transfer volume completed successfully.
2026-09-28 10:04:12.977 77 INFO cinder.volume.drivers.lightos [None req-8bb87664-671d-4411-95e8-1d62956b4916 2060108b615d478d8bd0738fe45d0d8c fc0062f870834effb4a5745aa86fd10a - - default default] Invoking delete_volume using DELETE url: /api/v2/projects/default/volumes/67f4bb6f-ae69-4080-a6cd-194e7b9dc38d?             request.body:  ssl_verify: False
2026-09-28 10:04:13.014 77 WARNING py.warnings [None req-8bb87664-671d-4411-95e8-1d62956b4916 2060108b615d478d8bd0738fe45d0d8c fc0062f870834effb4a5745aa86fd10a - - default default] /var/lib/kolla/venv/lib/python3.12/site-packages/urllib3/connectionpool.py:1110: InsecureRequestWarning: Unverified HTTPS request is being made to host '[LB_IP_ADDRESS]'. Adding certificate verification is strongly advised. See: https://urllib3.readthedocs.io/en/latest/advanced-usage.html#tls-warnings
  warnings.warn(

2026-09-28 10:04:13.040 77 INFO cinder.volume.drivers.lightos [None req-8bb87664-671d-4411-95e8-1d62956b4916 2060108b615d478d8bd0738fe45d0d8c fc0062f870834effb4a5745aa86fd10a - - default default] Invoking get_volume using GET url: /api/v2/projects/default/volumes/67f4bb6f-ae69-4080-a6cd-194e7b9dc38d             request.body: {} ssl_verify: False
2026-09-28 10:04:13.086 77 WARNING py.warnings [None req-8bb87664-671d-4411-95e8-1d62956b4916 2060108b615d478d8bd0738fe45d0d8c fc0062f870834effb4a5745aa86fd10a - - default default] /var/lib/kolla/venv/lib/python3.12/site-packages/urllib3/connectionpool.py:1110: InsecureRequestWarning: Unverified HTTPS request is being made to host '[LB_IP_ADDRESS]'. Adding certificate verification is strongly advised. See: https://urllib3.readthedocs.io/en/latest/advanced-usage.html#tls-warnings
  warnings.warn(

2026-09-28 10:04:13.210 77 INFO cinder.volume.manager [None req-8bb87664-671d-4411-95e8-1d62956b4916 2060108b615d478d8bd0738fe45d0d8c fc0062f870834effb4a5745aa86fd10a - - default default] Deleted volume successfully.
2026-09-28 10:04:14.498 77 INFO cinder.volume.flows.manager.create_volume [None req-e361079b-e864-427b-beb2-7ce6e7db7c64 d471339fba344041abdd17add36764f5 5c4de31acd024d669559e3763ba225f8 - - - -] Volume 4462cfea-8727-4147-b2d5-4030b75532ac: being created as raw with specification: {'status': 'creating', 'volume_name': 'vol_4462cfea-8727-4147-b2d5-4030b75532ac', 'volume_size': 1}
2026-09-28 10:04:14.499 77 INFO cinder.volume.drivers.lightos [None req-e361079b-e864-427b-beb2-7ce6e7db7c64 d471339fba344041abdd17add36764f5 5c4de31acd024d669559e3763ba225f8 - - - -] Invoking get_volume_by_name using GET url: /api/v2/projects/default/volumes/?name=vol_4462cfea-8727-4147-b2d5-4030b75532ac             request.body: {} ssl_verify: False
2026-09-28 10:04:14.534 77 WARNING py.warnings [None req-e361079b-e864-427b-beb2-7ce6e7db7c64 d471339fba344041abdd17add36764f5 5c4de31acd024d669559e3763ba225f8 - - - -] /var/lib/kolla/venv/lib/python3.12/site-packages/urllib3/connectionpool.py:1110: InsecureRequestWarning: Unverified HTTPS request is being made to host '[LB_IP_ADDRESS]'. Adding certificate verification is strongly advised. See: https://urllib3.readthedocs.io/en/latest/advanced-usage.html#tls-warnings
  warnings.warn(

2026-09-28 10:04:14.546 77 INFO cinder.volume.drivers.lightos [None req-e361079b-e864-427b-beb2-7ce6e7db7c64 d471339fba344041abdd17add36764f5 5c4de31acd024d669559e3763ba225f8 - - - -] Invoking create_volume using POST url: /api/v2/projects/default/volumes             request.body: {'name': 'vol_4462cfea-8727-4147-b2d5-4030b75532ac', 'size': '1 gib', 'replicaCount': '3', 'compression': 'False', 'acl': {'values': ['ALLOW_NONE']}, 'IPAcl': {'values': ['ALLOW_NONE']}, 'sourceSnapshotUUID': None, 'sourceSnapshotName': None} ssl_verify: False
2026-09-28 10:04:14.588 77 WARNING py.warnings [None req-e361079b-e864-427b-beb2-7ce6e7db7c64 d471339fba344041abdd17add36764f5 5c4de31acd024d669559e3763ba225f8 - - - -] /var/lib/kolla/venv/lib/python3.12/site-packages/urllib3/connectionpool.py:1110: InsecureRequestWarning: Unverified HTTPS request is being made to host '[LB_IP_ADDRESS]'. Adding certificate verification is strongly advised. See: https://urllib3.readthedocs.io/en/latest/advanced-usage.html#tls-warnings
  warnings.warn(

2026-09-28 10:04:14.616 77 INFO cinder.volume.drivers.lightos [None req-e361079b-e864-427b-beb2-7ce6e7db7c64 d471339fba344041abdd17add36764f5 5c4de31acd024d669559e3763ba225f8 - - - -] Invoking get_volume using GET url: /api/v2/projects/default/volumes/3f85634a-4463-4411-956a-a3e4eddf62bb             request.body: {} ssl_verify: False
2026-09-28 10:04:14.701 77 WARNING py.warnings [None req-e361079b-e864-427b-beb2-7ce6e7db7c64 d471339fba344041abdd17add36764f5 5c4de31acd024d669559e3763ba225f8 - - - -] /var/lib/kolla/venv/lib/python3.12/site-packages/urllib3/connectionpool.py:1110: InsecureRequestWarning: Unverified HTTPS request is being made to host '[LB_IP_ADDRESS]'. Adding certificate verification is strongly advised. See: https://urllib3.readthedocs.io/en/latest/advanced-usage.html#tls-warnings
  warnings.warn(

2026-09-28 10:04:14.737 77 INFO cinder.volume.flows.manager.create_volume [None req-e361079b-e864-427b-beb2-7ce6e7db7c64 d471339fba344041abdd17add36764f5 5c4de31acd024d669559e3763ba225f8 - - - -] Volume vol_4462cfea-8727-4147-b2d5-4030b75532ac (4462cfea-8727-4147-b2d5-4030b75532ac): created successfully
2026-09-28 10:04:14.744 77 INFO cinder.volume.manager [None req-e361079b-e864-427b-beb2-7ce6e7db7c64 d471339fba344041abdd17add36764f5 5c4de31acd024d669559e3763ba225f8 - - - -] Created volume successfully.
2026-09-28 10:04:15.480 77 INFO cinder.volume.flows.manager.create_volume [None req-9a9a3433-e339-4e04-bc0a-6de453d4c661 f19275de78684bbf992ff0e1e731a423 0f043329c0984ecbb3a9a2a7693950b5 - - - -] Volume 5ba5779b-f9b9-485a-9fe9-f1fcb41e707e: being created as raw with specification: {'status': 'creating', 'volume_name': 'vol_5ba5779b-f9b9-485a-9fe9-f1fcb41e707e', 'volume_size': 1}
2026-09-28 10:04:15.480 77 INFO cinder.volume.drivers.lightos [None req-9a9a3433-e339-4e04-bc0a-6de453d4c661 f19275de78684bbf992ff0e1e731a423 0f043329c0984ecbb3a9a2a7693950b5 - - - -] Invoking get_volume_by_name using GET url: /api/v2/projects/default/volumes/?name=vol_5ba5779b-f9b9-485a-9fe9-f1fcb41e707e             request.body: {} ssl_verify: False
2026-09-28 10:04:15.516 77 WARNING py.warnings [None req-9a9a3433-e339-4e04-bc0a-6de453d4c661 f19275de78684bbf992ff0e1e731a423 0f043329c0984ecbb3a9a2a7693950b5 - - - -] /var/lib/kolla/venv/lib/python3.12/site-packages/urllib3/connectionpool.py:1110: InsecureRequestWarning: Unverified HTTPS request is being made to host '[LB_IP_ADDRESS]'. Adding certificate verification is strongly advised. See: https://urllib3.readthedocs.io/en/latest/advanced-usage.html#tls-warnings
  warnings.warn(

2026-09-28 10:04:15.527 77 INFO cinder.volume.drivers.lightos [None req-9a9a3433-e339-4e04-bc0a-6de453d4c661 f19275de78684bbf992ff0e1e731a423 0f043329c0984ecbb3a9a2a7693950b5 - - - -] Invoking create_volume using POST url: /api/v2/projects/default/volumes             request.body: {'name': 'vol_5ba5779b-f9b9-485a-9fe9-f1fcb41e707e', 'size': '1 gib', 'replicaCount': '3', 'compression': 'False', 'acl': {'values': ['ALLOW_NONE']}, 'IPAcl': {'values': ['ALLOW_NONE']}, 'sourceSnapshotUUID': None, 'sourceSnapshotName': None} ssl_verify: False
2026-09-28 10:04:15.573 77 WARNING py.warnings [None req-9a9a3433-e339-4e04-bc0a-6de453d4c661 f19275de78684bbf992ff0e1e731a423 0f043329c0984ecbb3a9a2a7693950b5 - - - -] /var/lib/kolla/venv/lib/python3.12/site-packages/urllib3/connectionpool.py:1110: InsecureRequestWarning: Unverified HTTPS request is being made to host '[LB_IP_ADDRESS]'. Adding certificate verification is strongly advised. See: https://urllib3.readthedocs.io/en/latest/advanced-usage.html#tls-warnings
  warnings.warn(

2026-09-28 10:04:15.604 77 INFO cinder.volume.drivers.lightos [None req-9a9a3433-e339-4e04-bc0a-6de453d4c661 f19275de78684bbf992ff0e1e731a423 0f043329c0984ecbb3a9a2a7693950b5 - - - -] Invoking get_volume using GET url: /api/v2/projects/default/volumes/38eaf33a-20ae-4b11-9154-ee9f78d0bcd8             request.body: {} ssl_verify: False
2026-09-28 10:04:15.670 77 WARNING py.warnings [None req-9a9a3433-e339-4e04-bc0a-6de453d4c661 f19275de78684bbf992ff0e1e731a423 0f043329c0984ecbb3a9a2a7693950b5 - - - -] /var/lib/kolla/venv/lib/python3.12/site-packages/urllib3/connectionpool.py:1110: InsecureRequestWarning: Unverified HTTPS request is being made to host '[LB_IP_ADDRESS]'. Adding certificate verification is strongly advised. See: https://urllib3.readthedocs.io/en/latest/advanced-usage.html#tls-warnings
  warnings.warn(

2026-09-28 10:04:15.711 77 INFO cinder.volume.flows.manager.create_volume [None req-9a9a3433-e339-4e04-bc0a-6de453d4c661 f19275de78684bbf992ff0e1e731a423 0f043329c0984ecbb3a9a2a7693950b5 - - - -] Volume vol_5ba5779b-f9b9-485a-9fe9-f1fcb41e707e (5ba5779b-f9b9-485a-9fe9-f1fcb41e707e): created successfully
2026-09-28 10:04:15.721 77 INFO cinder.volume.manager [None req-9a9a3433-e339-4e04-bc0a-6de453d4c661 f19275de78684bbf992ff0e1e731a423 0f043329c0984ecbb3a9a2a7693950b5 - - - -] Created volume successfully.
2026-09-28 10:04:15.824 77 INFO cinder.volume.drivers.lightos [None req-2f279403-671a-416f-89fd-84c0e1f0150d 2060108b615d478d8bd0738fe45d0d8c fc0062f870834effb4a5745aa86fd10a - - default default] Invoking delete_volume using DELETE url: /api/v2/projects/default/volumes/3f85634a-4463-4411-956a-a3e4eddf62bb?             request.body:  ssl_verify: False
2026-09-28 10:04:15.859 77 WARNING py.warnings [None req-2f279403-671a-416f-89fd-84c0e1f0150d 2060108b615d478d8bd0738fe45d0d8c fc0062f870834effb4a5745aa86fd10a - - default default] /var/lib/kolla/venv/lib/python3.12/site-packages/urllib3/connectionpool.py:1110: InsecureRequestWarning: Unverified HTTPS request is being made to host '[LB_IP_ADDRESS]'. Adding certificate verification is strongly advised. See: https://urllib3.readthedocs.io/en/latest/advanced-usage.html#tls-warnings
  warnings.warn(

2026-09-28 10:04:15.919 77 INFO cinder.volume.drivers.lightos [None req-2f279403-671a-416f-89fd-84c0e1f0150d 2060108b615d478d8bd0738fe45d0d8c fc0062f870834effb4a5745aa86fd10a - - default default] Invoking get_volume using GET url: /api/v2/projects/default/volumes/3f85634a-4463-4411-956a-a3e4eddf62bb             request.body: {} ssl_verify: False
2026-09-28 10:04:15.956 77 WARNING cinder.image.glance [None req-d21836f6-d21b-43dc-bc72-ca0563fa15f9 a9afe2e5a72c4f24bcf3a7e07a5be93a a8d29d27056248349c4c2b54504ca32f - - - -] Glance method get_image_locations is available but a dedicated [glance] section is required in the cinder configuration file to allow service-to-service communication.: glanceclient.exc.HTTPForbidden: HTTP 403 Forbidden: You are not authorized to complete fetch_image_location action.
2026-09-28 10:04:15.964 77 WARNING py.warnings [None req-2f279403-671a-416f-89fd-84c0e1f0150d 2060108b615d478d8bd0738fe45d0d8c fc0062f870834effb4a5745aa86fd10a - - default default] /var/lib/kolla/venv/lib/python3.12/site-packages/urllib3/connectionpool.py:1110: InsecureRequestWarning: Unverified HTTPS request is being made to host '[LB_IP_ADDRESS]'. Adding certificate verification is strongly advised. See: https://urllib3.readthedocs.io/en/latest/advanced-usage.html#tls-warnings
  warnings.warn(

2026-09-28 10:04:16.041 77 INFO cinder.volume.flows.manager.create_volume [None req-d21836f6-d21b-43dc-bc72-ca0563fa15f9 a9afe2e5a72c4f24bcf3a7e07a5be93a a8d29d27056248349c4c2b54504ca32f - - - -] Volume bbd26386-3c33-49d8-8ac8-023d6e7b293a: being created as image with specification: {'status': 'creating', 'volume_name': 'vol_bbd26386-3c33-49d8-8ac8-023d6e7b293a', 'volume_size': 1, 'image_id': '545c8ea5-cae4-4d3e-b3ff-02364f54bc85', 'image_location': (None, []), 'image_meta': {'name': 'cirros', 'disk_format': 'qcow2', 'container_format': 'bare', 'visibility': 'public', 'size': 12716032, 'virtual_size': 46137344, 'status': 'active', 'checksum': '443b7623e27ecf03dc9e01ee93f67afe', 'protected': False, 'min_ram': 0, 'min_disk': 0, 'owner': 'fa83639000624d7785ca4a397a2ed070', 'os_hidden': False, 'os_hash_algo': 'sha512', 'os_hash_value': '6513f21e44aa3da349f248188a44bc304a3653a04122d8fb4535423c8e1d14cd6a153f735bb0982e2161b5b5186106570c17a9e58b64dd39390617cd5a350f78', 'id': '545c8ea5-cae4-4d3e-b3ff-02364f54bc85', 'created_at': datetime.datetime(2026, 9, 6, 8, 21, 35, tzinfo=datetime.timezone.utc), 'updated_at': datetime.datetime(2026, 9, 6, 8, 21, 35, tzinfo=datetime.timezone.utc), 'tags': [], 'file': '/v2/images/545c8ea5-cae4-4d3e-b3ff-02364f54bc85/file', 'stores': 'file', 'properties': {'owner_specified.openstack.md5': '', 'owner_specified.openstack.object': 'images/cirros', 'owner_specified.openstack.sha256': ''}}, 'image_service': <cinder.image.glance.GlanceImageService object at 0x70d74d51e4b0>}
2026-09-28 10:04:16.100 77 INFO cinder.volume.manager [None req-2f279403-671a-416f-89fd-84c0e1f0150d 2060108b615d478d8bd0738fe45d0d8c fc0062f870834effb4a5745aa86fd10a - - default default] Deleted volume successfully.
2026-09-28 10:04:16.241 77 INFO cinder.image.image_utils [None req-d21836f6-d21b-43dc-bc72-ca0563fa15f9 a9afe2e5a72c4f24bcf3a7e07a5be93a a8d29d27056248349c4c2b54504ca32f - - - -] Image download 12.13 MB at 12.13 MB/s
2026-09-28 10:04:16.976 77 INFO cinder.volume.flows.manager.create_volume [None req-649a6046-1af9-4650-b0b9-2694d1ad7f26 f19275de78684bbf992ff0e1e731a423 0f043329c0984ecbb3a9a2a7693950b5 - - - -] Volume 4fae1c1f-6886-429d-bbc2-32e2d5fa8c56: being created as raw with specification: {'status': 'creating', 'volume_name': 'vol_4fae1c1f-6886-429d-bbc2-32e2d5fa8c56', 'volume_size': 1}
2026-09-28 10:04:16.977 77 INFO cinder.volume.drivers.lightos [None req-649a6046-1af9-4650-b0b9-2694d1ad7f26 f19275de78684bbf992ff0e1e731a423 0f043329c0984ecbb3a9a2a7693950b5 - - - -] Invoking get_volume_by_name using GET url: /api/v2/projects/default/volumes/?name=vol_4fae1c1f-6886-429d-bbc2-32e2d5fa8c56             request.body: {} ssl_verify: False
2026-09-28 10:04:17.013 77 WARNING py.warnings [None req-649a6046-1af9-4650-b0b9-2694d1ad7f26 f19275de78684bbf992ff0e1e731a423 0f043329c0984ecbb3a9a2a7693950b5 - - - -] /var/lib/kolla/venv/lib/python3.12/site-packages/urllib3/connectionpool.py:1110: InsecureRequestWarning: Unverified HTTPS request is being made to host '[LB_IP_ADDRESS]'. Adding certificate verification is strongly advised. See: https://urllib3.readthedocs.io/en/latest/advanced-usage.html#tls-warnings
  warnings.warn(

2026-09-28 10:04:17.025 77 INFO cinder.volume.drivers.lightos [None req-649a6046-1af9-4650-b0b9-2694d1ad7f26 f19275de78684bbf992ff0e1e731a423 0f043329c0984ecbb3a9a2a7693950b5 - - - -] Invoking create_volume using POST url: /api/v2/projects/default/volumes             request.body: {'name': 'vol_4fae1c1f-6886-429d-bbc2-32e2d5fa8c56', 'size': '1 gib', 'replicaCount': '3', 'compression': 'False', 'acl': {'values': ['ALLOW_NONE']}, 'IPAcl': {'values': ['ALLOW_NONE']}, 'sourceSnapshotUUID': None, 'sourceSnapshotName': None} ssl_verify: False
2026-09-28 10:04:17.059 77 INFO cinder.volume.drivers.lightos [None req-d21836f6-d21b-43dc-bc72-ca0563fa15f9 a9afe2e5a72c4f24bcf3a7e07a5be93a a8d29d27056248349c4c2b54504ca32f - - - -] Invoking get_volume_by_name using GET url: /api/v2/projects/default/volumes/?name=vol_bbd26386-3c33-49d8-8ac8-023d6e7b293a             request.body: {} ssl_verify: False
2026-09-28 10:04:17.087 77 WARNING py.warnings [None req-649a6046-1af9-4650-b0b9-2694d1ad7f26 f19275de78684bbf992ff0e1e731a423 0f043329c0984ecbb3a9a2a7693950b5 - - - -] /var/lib/kolla/venv/lib/python3.12/site-packages/urllib3/connectionpool.py:1110: InsecureRequestWarning: Unverified HTTPS request is being made to host '[LB_IP_ADDRESS]'. Adding certificate verification is strongly advised. See: https://urllib3.readthedocs.io/en/latest/advanced-usage.html#tls-warnings
  warnings.warn(

2026-09-28 10:04:17.093 77 WARNING py.warnings [None req-d21836f6-d21b-43dc-bc72-ca0563fa15f9 a9afe2e5a72c4f24bcf3a7e07a5be93a a8d29d27056248349c4c2b54504ca32f - - - -] /var/lib/kolla/venv/lib/python3.12/site-packages/urllib3/connectionpool.py:1110: InsecureRequestWarning: Unverified HTTPS request is being made to host '[LB_IP_ADDRESS]'. Adding certificate verification is strongly advised. See: https://urllib3.readthedocs.io/en/latest/advanced-usage.html#tls-warnings
  warnings.warn(

2026-09-28 10:04:17.130 77 INFO cinder.volume.drivers.lightos [None req-d21836f6-d21b-43dc-bc72-ca0563fa15f9 a9afe2e5a72c4f24bcf3a7e07a5be93a a8d29d27056248349c4c2b54504ca32f - - - -] Invoking create_volume using POST url: /api/v2/projects/default/volumes             request.body: {'name': 'vol_bbd26386-3c33-49d8-8ac8-023d6e7b293a', 'size': '1 gib', 'replicaCount': '3', 'compression': 'False', 'acl': {'values': ['ALLOW_NONE']}, 'IPAcl': {'values': ['ALLOW_NONE']}, 'sourceSnapshotUUID': None, 'sourceSnapshotName': None} ssl_verify: False
2026-09-28 10:04:17.169 77 INFO cinder.volume.drivers.lightos [None req-649a6046-1af9-4650-b0b9-2694d1ad7f26 f19275de78684bbf992ff0e1e731a423 0f043329c0984ecbb3a9a2a7693950b5 - - - -] Invoking get_volume using GET url: /api/v2/projects/default/volumes/3fc2d42f-3436-4cfe-a35d-a6683785ffde             request.body: {} ssl_verify: False
2026-09-28 10:04:17.197 77 WARNING py.warnings [None req-d21836f6-d21b-43dc-bc72-ca0563fa15f9 a9afe2e5a72c4f24bcf3a7e07a5be93a a8d29d27056248349c4c2b54504ca32f - - - -] /var/lib/kolla/venv/lib/python3.12/site-packages/urllib3/connectionpool.py:1110: InsecureRequestWarning: Unverified HTTPS request is being made to host '[LB_IP_ADDRESS]'. Adding certificate verification is strongly advised. See: https://urllib3.readthedocs.io/en/latest/advanced-usage.html#tls-warnings
  warnings.warn(

2026-09-28 10:04:17.205 77 WARNING py.warnings [None req-649a6046-1af9-4650-b0b9-2694d1ad7f26 f19275de78684bbf992ff0e1e731a423 0f043329c0984ecbb3a9a2a7693950b5 - - - -] /var/lib/kolla/venv/lib/python3.12/site-packages/urllib3/connectionpool.py:1110: InsecureRequestWarning: Unverified HTTPS request is being made to host '[LB_IP_ADDRESS]'. Adding certificate verification is strongly advised. See: https://urllib3.readthedocs.io/en/latest/advanced-usage.html#tls-warnings
  warnings.warn(

2026-09-28 10:04:17.273 77 INFO cinder.volume.drivers.lightos [None req-d21836f6-d21b-43dc-bc72-ca0563fa15f9 a9afe2e5a72c4f24bcf3a7e07a5be93a a8d29d27056248349c4c2b54504ca32f - - - -] Invoking get_volume using GET url: /api/v2/projects/default/volumes/c45096c0-1c4c-4dbf-ba6c-a82fa5774880             request.body: {} ssl_verify: False
2026-09-28 10:04:17.312 77 WARNING py.warnings [None req-d21836f6-d21b-43dc-bc72-ca0563fa15f9 a9afe2e5a72c4f24bcf3a7e07a5be93a a8d29d27056248349c4c2b54504ca32f - - - -] /var/lib/kolla/venv/lib/python3.12/site-packages/urllib3/connectionpool.py:1110: InsecureRequestWarning: Unverified HTTPS request is being made to host '[LB_IP_ADDRESS]'. Adding certificate verification is strongly advised. See: https://urllib3.readthedocs.io/en/latest/advanced-usage.html#tls-warnings
  warnings.warn(

2026-09-28 10:04:18.266 77 INFO cinder.volume.drivers.lightos [None req-649a6046-1af9-4650-b0b9-2694d1ad7f26 f19275de78684bbf992ff0e1e731a423 0f043329c0984ecbb3a9a2a7693950b5 - - - -] Invoking get_volume using GET url: /api/v2/projects/default/volumes/3fc2d42f-3436-4cfe-a35d-a6683785ffde             request.body: {} ssl_verify: False
2026-09-28 10:04:18.313 77 WARNING py.warnings [None req-649a6046-1af9-4650-b0b9-2694d1ad7f26 f19275de78684bbf992ff0e1e731a423 0f043329c0984ecbb3a9a2a7693950b5 - - - -] /var/lib/kolla/venv/lib/python3.12/site-packages/urllib3/connectionpool.py:1110: InsecureRequestWarning: Unverified HTTPS request is being made to host '[LB_IP_ADDRESS]'. Adding certificate verification is strongly advised. See: https://urllib3.readthedocs.io/en/latest/advanced-usage.html#tls-warnings
  warnings.warn(

2026-09-28 10:04:18.349 77 INFO cinder.volume.flows.manager.create_volume [None req-649a6046-1af9-4650-b0b9-2694d1ad7f26 f19275de78684bbf992ff0e1e731a423 0f043329c0984ecbb3a9a2a7693950b5 - - - -] Volume vol_4fae1c1f-6886-429d-bbc2-32e2d5fa8c56 (4fae1c1f-6886-429d-bbc2-32e2d5fa8c56): created successfully
2026-09-28 10:04:18.360 77 INFO cinder.volume.manager [None req-649a6046-1af9-4650-b0b9-2694d1ad7f26 f19275de78684bbf992ff0e1e731a423 0f043329c0984ecbb3a9a2a7693950b5 - - - -] Created volume successfully.
2026-09-28 10:04:18.364 77 INFO cinder.volume.drivers.lightos [None req-d21836f6-d21b-43dc-bc72-ca0563fa15f9 a9afe2e5a72c4f24bcf3a7e07a5be93a a8d29d27056248349c4c2b54504ca32f - - - -] Invoking get_volume using GET url: /api/v2/projects/default/volumes/c45096c0-1c4c-4dbf-ba6c-a82fa5774880             request.body: {} ssl_verify: False
2026-09-28 10:04:18.399 77 WARNING py.warnings [None req-d21836f6-d21b-43dc-bc72-ca0563fa15f9 a9afe2e5a72c4f24bcf3a7e07a5be93a a8d29d27056248349c4c2b54504ca32f - - - -] /var/lib/kolla/venv/lib/python3.12/site-packages/urllib3/connectionpool.py:1110: InsecureRequestWarning: Unverified HTTPS request is being made to host '[LB_IP_ADDRESS]'. Adding certificate verification is strongly advised. See: https://urllib3.readthedocs.io/en/latest/advanced-usage.html#tls-warnings
  warnings.warn(

2026-09-28 10:04:18.489 77 INFO os_brick.initiator.connectors.lightos [None req-d21836f6-d21b-43dc-bc72-ca0563fa15f9 a9afe2e5a72c4f24bcf3a7e07a5be93a a8d29d27056248349c4c2b54504ca32f - - - -] Current host hostNQN nqn.2014-08.org.nvmexpress:uuid:1136ecdd-b326-5080-93cd-b4d75d7810d9 and IP(s) are ['[LB_IP_ADDRESS]', 'fe80::3e47:9a62:83ae:42f6', '[LB_IP_ADDRESS]', 'fe80::1527:3e78:1ef1:1fe7', '[LB_IP_ADDRESS]', 'fd00::a:13:1a:6', 'fe80::5fef:b54a:d77d:fcd4'] 
2026-09-28 10:04:18.490 77 INFO cinder.volume.drivers.lightos [None req-d21836f6-d21b-43dc-bc72-ca0563fa15f9 a9afe2e5a72c4f24bcf3a7e07a5be93a a8d29d27056248349c4c2b54504ca32f - - - -] Current host hostNQN is nqn.2014-08.org.nvmexpress:uuid:1136ecdd-b326-5080-93cd-b4d75d7810d9 and IP(s) are ['[LB_IP_ADDRESS]', 'fe80::3e47:9a62:83ae:42f6', '[LB_IP_ADDRESS]', 'fe80::1527:3e78:1ef1:1fe7', '[LB_IP_ADDRESS]', 'fd00::a:13:1a:6', 'fe80::5fef:b54a:d77d:fcd4']
2026-09-28 10:04:18.491 77 INFO cinder.volume.drivers.lightos [None req-d21836f6-d21b-43dc-bc72-ca0563fa15f9 a9afe2e5a72c4f24bcf3a7e07a5be93a a8d29d27056248349c4c2b54504ca32f - - - -] Invoking get_volume_by_name using GET url: /api/v2/projects/default/volumes/?name=vol_bbd26386-3c33-49d8-8ac8-023d6e7b293a             request.body: {} ssl_verify: False
2026-09-28 10:04:18.536 77 WARNING py.warnings [None req-d21836f6-d21b-43dc-bc72-ca0563fa15f9 a9afe2e5a72c4f24bcf3a7e07a5be93a a8d29d27056248349c4c2b54504ca32f - - - -] /var/lib/kolla/venv/lib/python3.12/site-packages/urllib3/connectionpool.py:1110: InsecureRequestWarning: Unverified HTTPS request is being made to host '[LB_IP_ADDRESS]'. Adding certificate verification is strongly advised. See: https://urllib3.readthedocs.io/en/latest/advanced-usage.html#tls-warnings
  warnings.warn(

2026-09-28 10:04:18.554 77 INFO cinder.volume.drivers.lightos [None req-d21836f6-d21b-43dc-bc72-ca0563fa15f9 a9afe2e5a72c4f24bcf3a7e07a5be93a a8d29d27056248349c4c2b54504ca32f - - - -] Invoking update_volume using PUT url: /api/v2/projects/default/volumes/c45096c0-1c4c-4dbf-ba6c-a82fa5774880             request.body: {'acl': {'values': ['nqn.2014-08.org.nvmexpress:uuid:1136ecdd-b326-5080-93cd-b4d75d7810d9']}, 'IPAcl': {'values': ['fe80::5fef:b54a:d77d:fcd4', 'fd00::a:13:1a:6', '[LB_IP_ADDRESS]', '[LB_IP_ADDRESS]', 'fe80::3e47:9a62:83ae:42f6', '[LB_IP_ADDRESS]', 'fe80::1527:3e78:1ef1:1fe7']}} ssl_verify: False
2026-09-28 10:04:18.596 77 WARNING py.warnings [None req-d21836f6-d21b-43dc-bc72-ca0563fa15f9 a9afe2e5a72c4f24bcf3a7e07a5be93a a8d29d27056248349c4c2b54504ca32f - - - -] /var/lib/kolla/venv/lib/python3.12/site-packages/urllib3/connectionpool.py:1110: InsecureRequestWarning: Unverified HTTPS request is being made to host '[LB_IP_ADDRESS]'. Adding certificate verification is strongly advised. See: https://urllib3.readthedocs.io/en/latest/advanced-usage.html#tls-warnings
  warnings.warn(

2026-09-28 10:04:18.644 77 INFO cinder.volume.drivers.lightos [None req-d21836f6-d21b-43dc-bc72-ca0563fa15f9 a9afe2e5a72c4f24bcf3a7e07a5be93a a8d29d27056248349c4c2b54504ca32f - - - -] Invoking get_volume_by_name using GET url: /api/v2/projects/default/volumes/?name=vol_bbd26386-3c33-49d8-8ac8-023d6e7b293a             request.body: {} ssl_verify: False
2026-09-28 10:04:18.693 77 WARNING py.warnings [None req-d21836f6-d21b-43dc-bc72-ca0563fa15f9 a9afe2e5a72c4f24bcf3a7e07a5be93a a8d29d27056248349c4c2b54504ca32f - - - -] /var/lib/kolla/venv/lib/python3.12/site-packages/urllib3/connectionpool.py:1110: InsecureRequestWarning: Unverified HTTPS request is being made to host '[LB_IP_ADDRESS]'. Adding certificate verification is strongly advised. See: https://urllib3.readthedocs.io/en/latest/advanced-usage.html#tls-warnings
  warnings.warn(

2026-09-28 10:04:19.551 77 INFO cinder.volume.flows.manager.create_volume [None req-0e0497df-ef9d-4062-8cad-943baa7be33f f19275de78684bbf992ff0e1e731a423 0f043329c0984ecbb3a9a2a7693950b5 - - - -] Volume ac2ab450-93e7-491d-b5df-3be245d1a5fd: being created as raw with specification: {'status': 'creating', 'volume_name': 'vol_ac2ab450-93e7-491d-b5df-3be245d1a5fd', 'volume_size': 1}
2026-09-28 10:04:19.552 77 INFO cinder.volume.drivers.lightos [None req-0e0497df-ef9d-4062-8cad-943baa7be33f f19275de78684bbf992ff0e1e731a423 0f043329c0984ecbb3a9a2a7693950b5 - - - -] Invoking get_volume_by_name using GET url: /api/v2/projects/default/volumes/?name=vol_ac2ab450-93e7-491d-b5df-3be245d1a5fd             request.body: {} ssl_verify: False
2026-09-28 10:04:19.586 77 WARNING py.warnings [None req-0e0497df-ef9d-4062-8cad-943baa7be33f f19275de78684bbf992ff0e1e731a423 0f043329c0984ecbb3a9a2a7693950b5 - - - -] /var/lib/kolla/venv/lib/python3.12/site-packages/urllib3/connectionpool.py:1110: InsecureRequestWarning: Unverified HTTPS request is being made to host '[LB_IP_ADDRESS]'. Adding certificate verification is strongly advised. See: https://urllib3.readthedocs.io/en/latest/advanced-usage.html#tls-warnings
  warnings.warn(

2026-09-28 10:04:19.597 77 INFO cinder.volume.drivers.lightos [None req-0e0497df-ef9d-4062-8cad-943baa7be33f f19275de78684bbf992ff0e1e731a423 0f043329c0984ecbb3a9a2a7693950b5 - - - -] Invoking create_volume using POST url: /api/v2/projects/default/volumes             request.body: {'name': 'vol_ac2ab450-93e7-491d-b5df-3be245d1a5fd', 'size': '1 gib', 'replicaCount': '3', 'compression': 'False', 'acl': {'values': ['ALLOW_NONE']}, 'IPAcl': {'values': ['ALLOW_NONE']}, 'sourceSnapshotUUID': None, 'sourceSnapshotName': None} ssl_verify: False
2026-09-28 10:04:19.640 77 WARNING py.warnings [None req-0e0497df-ef9d-4062-8cad-943baa7be33f f19275de78684bbf992ff0e1e731a423 0f043329c0984ecbb3a9a2a7693950b5 - - - -] /var/lib/kolla/venv/lib/python3.12/site-packages/urllib3/connectionpool.py:1110: InsecureRequestWarning: Unverified HTTPS request is being made to host '[LB_IP_ADDRESS]'. Adding certificate verification is strongly advised. See: https://urllib3.readthedocs.io/en/latest/advanced-usage.html#tls-warnings
  warnings.warn(

2026-09-28 10:04:19.671 77 INFO cinder.volume.drivers.lightos [None req-0e0497df-ef9d-4062-8cad-943baa7be33f f19275de78684bbf992ff0e1e731a423 0f043329c0984ecbb3a9a2a7693950b5 - - - -] Invoking get_volume using GET url: /api/v2/projects/default/volumes/cb1daf50-6d13-4599-8e42-56f87b7ee609             request.body: {} ssl_verify: False
2026-09-28 10:04:19.720 77 INFO cinder.volume.drivers.lightos [None req-d21836f6-d21b-43dc-bc72-ca0563fa15f9 a9afe2e5a72c4f24bcf3a7e07a5be93a a8d29d27056248349c4c2b54504ca32f - - - -] Invoking get_volume_by_name using GET url: /api/v2/projects/default/volumes/?name=vol_bbd26386-3c33-49d8-8ac8-023d6e7b293a             request.body: {} ssl_verify: False
2026-09-28 10:04:19.760 77 WARNING py.warnings [None req-0e0497df-ef9d-4062-8cad-943baa7be33f f19275de78684bbf992ff0e1e731a423 0f043329c0984ecbb3a9a2a7693950b5 - - - -] /var/lib/kolla/venv/lib/python3.12/site-packages/urllib3/connectionpool.py:1110: InsecureRequestWarning: Unverified HTTPS request is being made to host '[LB_IP_ADDRESS]'. Adding certificate verification is strongly advised. See: https://urllib3.readthedocs.io/en/latest/advanced-usage.html#tls-warnings
  warnings.warn(

2026-09-28 10:04:19.766 77 WARNING py.warnings [None req-d21836f6-d21b-43dc-bc72-ca0563fa15f9 a9afe2e5a72c4f24bcf3a7e07a5be93a a8d29d27056248349c4c2b54504ca32f - - - -] /var/lib/kolla/venv/lib/python3.12/site-packages/urllib3/connectionpool.py:1110: InsecureRequestWarning: Unverified HTTPS request is being made to host '[LB_IP_ADDRESS]'. Adding certificate verification is strongly advised. See: https://urllib3.readthedocs.io/en/latest/advanced-usage.html#tls-warnings
  warnings.warn(

2026-09-28 10:04:19.789 77 INFO cinder.volume.drivers.lightos [None req-d21836f6-d21b-43dc-bc72-ca0563fa15f9 a9afe2e5a72c4f24bcf3a7e07a5be93a a8d29d27056248349c4c2b54504ca32f - - - -] Invoking get_volume_by_name using GET url: /api/v2/projects/default/volumes/?name=vol_bbd26386-3c33-49d8-8ac8-023d6e7b293a             request.body: {} ssl_verify: False
2026-09-28 10:04:19.827 77 WARNING py.warnings [None req-d21836f6-d21b-43dc-bc72-ca0563fa15f9 a9afe2e5a72c4f24bcf3a7e07a5be93a a8d29d27056248349c4c2b54504ca32f - - - -] /var/lib/kolla/venv/lib/python3.12/site-packages/urllib3/connectionpool.py:1110: InsecureRequestWarning: Unverified HTTPS request is being made to host '[LB_IP_ADDRESS]'. Adding certificate verification is strongly advised. See: https://urllib3.readthedocs.io/en/latest/advanced-usage.html#tls-warnings
  warnings.warn(

2026-09-28 10:04:19.828 77 INFO cinder.volume.flows.manager.create_volume [None req-0e0497df-ef9d-4062-8cad-943baa7be33f f19275de78684bbf992ff0e1e731a423 0f043329c0984ecbb3a9a2a7693950b5 - - - -] Volume vol_ac2ab450-93e7-491d-b5df-3be245d1a5fd (ac2ab450-93e7-491d-b5df-3be245d1a5fd): created successfully
2026-09-28 10:04:19.838 77 INFO cinder.volume.manager [None req-0e0497df-ef9d-4062-8cad-943baa7be33f f19275de78684bbf992ff0e1e731a423 0f043329c0984ecbb3a9a2a7693950b5 - - - -] Created volume successfully.
2026-09-28 10:04:19.845 77 INFO os_brick.initiator.connectors.lightos [None req-d21836f6-d21b-43dc-bc72-ca0563fa15f9 a9afe2e5a72c4f24bcf3a7e07a5be93a a8d29d27056248349c4c2b54504ca32f - - - -] LIGHTOS: connect_volume called for volume c45096c0-1c4c-4dbf-ba6c-a82fa5774880, connection properties: {'lightos_nodes': {'[LB_IP_ADDRESS]': {'target_portal': '[LB_IP_ADDRESS]', 'target_port': 8009, 'transport_type': 'tcp'}, '[LB_IP_ADDRESS]': {'target_portal': '[LB_IP_ADDRESS]', 'target_port': 8009, 'transport_type': 'tcp'}, '[LB_IP_ADDRESS]': {'target_portal': '[LB_IP_ADDRESS]', 'target_port': 8009, 'transport_type': 'tcp'}}, 'uuid': 'c45096c0-1c4c-4dbf-ba6c-a82fa5774880', 'subsysnqn': 'nqn.2016-01.com.lightbitslabs:uuid:023e92f0-1271-4fe0-9397-657649be716c:suffix', 'encrypted': False, 'enforce_multipath': False}
2026-09-28 10:04:19.850 77 INFO os_brick.initiator.connectors.lightos [None req-d21836f6-d21b-43dc-bc72-ca0563fa15f9 a9afe2e5a72c4f24bcf3a7e07a5be93a a8d29d27056248349c4c2b54504ca32f - - - -] LIGHTOS: devpath /dev/nvme0n1 detected for uuid c45096c0-1c4c-4dbf-ba6c-a82fa5774880
2026-09-28 10:04:21.874 77 INFO cinder.volume.drivers.lightos [None req-723891ac-4730-432d-972b-580030a5e937 f19275de78684bbf992ff0e1e731a423 0f043329c0984ecbb3a9a2a7693950b5 - - default default] Invoking delete_volume using DELETE url: /api/v2/projects/default/volumes/cb1daf50-6d13-4599-8e42-56f87b7ee609?             request.body:  ssl_verify: False
2026-09-28 10:04:21.876 77 INFO cinder.image.image_utils [None req-d21836f6-d21b-43dc-bc72-ca0563fa15f9 a9afe2e5a72c4f24bcf3a7e07a5be93a a8d29d27056248349c4c2b54504ca32f - - - -] Converted 44.00 MB image at 44.00 MB/s
2026-09-28 10:04:21.878 77 INFO os_brick.initiator.connectors.lightos [None req-d21836f6-d21b-43dc-bc72-ca0563fa15f9 a9afe2e5a72c4f24bcf3a7e07a5be93a a8d29d27056248349c4c2b54504ca32f - - - -] LIGHTOS: devpath /dev/nvme0n1 detected for uuid c45096c0-1c4c-4dbf-ba6c-a82fa5774880
2026-09-28 10:04:21.921 77 INFO cinder.volume.drivers.lightos [None req-d21836f6-d21b-43dc-bc72-ca0563fa15f9 a9afe2e5a72c4f24bcf3a7e07a5be93a a8d29d27056248349c4c2b54504ca32f - - - -] Invoking get_volume_by_name using GET url: /api/v2/projects/default/volumes/?name=vol_bbd26386-3c33-49d8-8ac8-023d6e7b293a             request.body: {} ssl_verify: False
2026-09-28 10:04:21.960 77 WARNING py.warnings [None req-723891ac-4730-432d-972b-580030a5e937 f19275de78684bbf992ff0e1e731a423 0f043329c0984ecbb3a9a2a7693950b5 - - default default] /var/lib/kolla/venv/lib/python3.12/site-packages/urllib3/connectionpool.py:1110: InsecureRequestWarning: Unverified HTTPS request is being made to host '[LB_IP_ADDRESS]'. Adding certificate verification is strongly advised. See: https://urllib3.readthedocs.io/en/latest/advanced-usage.html#tls-warnings
  warnings.warn(

2026-09-28 10:04:21.966 77 WARNING py.warnings [None req-d21836f6-d21b-43dc-bc72-ca0563fa15f9 a9afe2e5a72c4f24bcf3a7e07a5be93a a8d29d27056248349c4c2b54504ca32f - - - -] /var/lib/kolla/venv/lib/python3.12/site-packages/urllib3/connectionpool.py:1110: InsecureRequestWarning: Unverified HTTPS request is being made to host '[LB_IP_ADDRESS]'. Adding certificate verification is strongly advised. See: https://urllib3.readthedocs.io/en/latest/advanced-usage.html#tls-warnings
  warnings.warn(

2026-09-28 10:04:22.033 77 INFO cinder.volume.drivers.lightos [None req-d21836f6-d21b-43dc-bc72-ca0563fa15f9 a9afe2e5a72c4f24bcf3a7e07a5be93a a8d29d27056248349c4c2b54504ca32f - - - -] Invoking get_volume_by_name using GET url: /api/v2/projects/default/volumes/?name=vol_bbd26386-3c33-49d8-8ac8-023d6e7b293a             request.body: {} ssl_verify: False
2026-09-28 10:04:22.091 77 WARNING py.warnings [None req-d21836f6-d21b-43dc-bc72-ca0563fa15f9 a9afe2e5a72c4f24bcf3a7e07a5be93a a8d29d27056248349c4c2b54504ca32f - - - -] /var/lib/kolla/venv/lib/python3.12/site-packages/urllib3/connectionpool.py:1110: InsecureRequestWarning: Unverified HTTPS request is being made to host '[LB_IP_ADDRESS]'. Adding certificate verification is strongly advised. See: https://urllib3.readthedocs.io/en/latest/advanced-usage.html#tls-warnings
  warnings.warn(

2026-09-28 10:04:22.121 77 INFO cinder.volume.drivers.lightos [None req-d21836f6-d21b-43dc-bc72-ca0563fa15f9 a9afe2e5a72c4f24bcf3a7e07a5be93a a8d29d27056248349c4c2b54504ca32f - - - -] Invoking update_volume using PUT url: /api/v2/projects/default/volumes/c45096c0-1c4c-4dbf-ba6c-a82fa5774880             request.body: {'acl': {'values': ['ALLOW_NONE']}, 'IPAcl': {'values': ['ALLOW_NONE']}} ssl_verify: False
2026-09-28 10:04:22.195 77 WARNING py.warnings [None req-d21836f6-d21b-43dc-bc72-ca0563fa15f9 a9afe2e5a72c4f24bcf3a7e07a5be93a a8d29d27056248349c4c2b54504ca32f - - - -] /var/lib/kolla/venv/lib/python3.12/site-packages/urllib3/connectionpool.py:1110: InsecureRequestWarning: Unverified HTTPS request is being made to host '[LB_IP_ADDRESS]'. Adding certificate verification is strongly advised. See: https://urllib3.readthedocs.io/en/latest/advanced-usage.html#tls-warnings
  warnings.warn(

2026-09-28 10:04:22.200 77 INFO cinder.volume.drivers.lightos [None req-723891ac-4730-432d-972b-580030a5e937 f19275de78684bbf992ff0e1e731a423 0f043329c0984ecbb3a9a2a7693950b5 - - default default] Invoking get_volume using GET url: /api/v2/projects/default/volumes/cb1daf50-6d13-4599-8e42-56f87b7ee609             request.body: {} ssl_verify: False
2026-09-28 10:04:22.258 77 WARNING py.warnings [None req-723891ac-4730-432d-972b-580030a5e937 f19275de78684bbf992ff0e1e731a423 0f043329c0984ecbb3a9a2a7693950b5 - - default default] /var/lib/kolla/venv/lib/python3.12/site-packages/urllib3/connectionpool.py:1110: InsecureRequestWarning: Unverified HTTPS request is being made to host '[LB_IP_ADDRESS]'. Adding certificate verification is strongly advised. See: https://urllib3.readthedocs.io/en/latest/advanced-usage.html#tls-warnings
  warnings.warn(

2026-09-28 10:04:22.416 77 INFO cinder.volume.drivers.lightos [None req-d21836f6-d21b-43dc-bc72-ca0563fa15f9 a9afe2e5a72c4f24bcf3a7e07a5be93a a8d29d27056248349c4c2b54504ca32f - - - -] Invoking get_volume_by_name using GET url: /api/v2/projects/default/volumes/?name=vol_bbd26386-3c33-49d8-8ac8-023d6e7b293a             request.body: {} ssl_verify: False
2026-09-28 10:04:22.474 77 WARNING py.warnings [None req-d21836f6-d21b-43dc-bc72-ca0563fa15f9 a9afe2e5a72c4f24bcf3a7e07a5be93a a8d29d27056248349c4c2b54504ca32f - - - -] /var/lib/kolla/venv/lib/python3.12/site-packages/urllib3/connectionpool.py:1110: InsecureRequestWarning: Unverified HTTPS request is being made to host '[LB_IP_ADDRESS]'. Adding certificate verification is strongly advised. See: https://urllib3.readthedocs.io/en/latest/advanced-usage.html#tls-warnings
  warnings.warn(

2026-09-28 10:04:22.566 77 INFO cinder.volume.manager [None req-723891ac-4730-432d-972b-580030a5e937 f19275de78684bbf992ff0e1e731a423 0f043329c0984ecbb3a9a2a7693950b5 - - default default] Deleted volume successfully.
2026-09-28 10:04:23.041 77 INFO cinder.volume.drivers.lightos [None req-0fa98e47-1af4-4702-9906-45b6cc598b13 f19275de78684bbf992ff0e1e731a423 0f043329c0984ecbb3a9a2a7693950b5 - - default default] Invoking delete_volume using DELETE url: /api/v2/projects/default/volumes/3fc2d42f-3436-4cfe-a35d-a6683785ffde?             request.body:  ssl_verify: False
2026-09-28 10:04:23.076 77 WARNING py.warnings [None req-0fa98e47-1af4-4702-9906-45b6cc598b13 f19275de78684bbf992ff0e1e731a423 0f043329c0984ecbb3a9a2a7693950b5 - - default default] /var/lib/kolla/venv/lib/python3.12/site-packages/urllib3/connectionpool.py:1110: InsecureRequestWarning: Unverified HTTPS request is being made to host '[LB_IP_ADDRESS]'. Adding certificate verification is strongly advised. See: https://urllib3.readthedocs.io/en/latest/advanced-usage.html#tls-warnings
  warnings.warn(

2026-09-28 10:04:23.118 77 INFO cinder.volume.drivers.lightos [None req-0fa98e47-1af4-4702-9906-45b6cc598b13 f19275de78684bbf992ff0e1e731a423 0f043329c0984ecbb3a9a2a7693950b5 - - default default] Invoking get_volume using GET url: /api/v2/projects/default/volumes/3fc2d42f-3436-4cfe-a35d-a6683785ffde             request.body: {} ssl_verify: False
2026-09-28 10:04:23.165 77 WARNING py.warnings [None req-0fa98e47-1af4-4702-9906-45b6cc598b13 f19275de78684bbf992ff0e1e731a423 0f043329c0984ecbb3a9a2a7693950b5 - - default default] /var/lib/kolla/venv/lib/python3.12/site-packages/urllib3/connectionpool.py:1110: InsecureRequestWarning: Unverified HTTPS request is being made to host '[LB_IP_ADDRESS]'. Adding certificate verification is strongly advised. See: https://urllib3.readthedocs.io/en/latest/advanced-usage.html#tls-warnings
  warnings.warn(

2026-09-28 10:04:23.305 77 INFO cinder.volume.flows.manager.create_volume [None req-47454e1d-2f2d-417d-9841-cba3eb934d15 454d17c05cfb4f7388f8e505707dd8bd 6ae3942bea18448cb005205f82ebe0ec - - - -] Volume 11fbdf93-f2bc-491f-973e-7aa509afbed2: being created as raw with specification: {'status': 'creating', 'volume_name': 'vol_11fbdf93-f2bc-491f-973e-7aa509afbed2', 'volume_size': 1}
2026-09-28 10:04:23.305 77 INFO cinder.volume.drivers.lightos [None req-47454e1d-2f2d-417d-9841-cba3eb934d15 454d17c05cfb4f7388f8e505707dd8bd 6ae3942bea18448cb005205f82ebe0ec - - - -] Invoking get_volume_by_name using GET url: /api/v2/projects/default/volumes/?name=vol_11fbdf93-f2bc-491f-973e-7aa509afbed2             request.body: {} ssl_verify: False
2026-09-28 10:04:23.341 77 WARNING py.warnings [None req-47454e1d-2f2d-417d-9841-cba3eb934d15 454d17c05cfb4f7388f8e505707dd8bd 6ae3942bea18448cb005205f82ebe0ec - - - -] /var/lib/kolla/venv/lib/python3.12/site-packages/urllib3/connectionpool.py:1110: InsecureRequestWarning: Unverified HTTPS request is being made to host '[LB_IP_ADDRESS]'. Adding certificate verification is strongly advised. See: https://urllib3.readthedocs.io/en/latest/advanced-usage.html#tls-warnings
  warnings.warn(

2026-09-28 10:04:23.351 77 INFO cinder.volume.drivers.lightos [None req-47454e1d-2f2d-417d-9841-cba3eb934d15 454d17c05cfb4f7388f8e505707dd8bd 6ae3942bea18448cb005205f82ebe0ec - - - -] Invoking create_volume using POST url: /api/v2/projects/default/volumes             request.body: {'name': 'vol_11fbdf93-f2bc-491f-973e-7aa509afbed2', 'size': '1 gib', 'replicaCount': '3', 'compression': 'False', 'acl': {'values': ['ALLOW_NONE']}, 'IPAcl': {'values': ['ALLOW_NONE']}, 'sourceSnapshotUUID': None, 'sourceSnapshotName': None} ssl_verify: False
2026-09-28 10:04:23.388 77 INFO cinder.volume.manager [None req-0fa98e47-1af4-4702-9906-45b6cc598b13 f19275de78684bbf992ff0e1e731a423 0f043329c0984ecbb3a9a2a7693950b5 - - default default] Deleted volume successfully.
2026-09-28 10:04:23.392 77 WARNING py.warnings [None req-47454e1d-2f2d-417d-9841-cba3eb934d15 454d17c05cfb4f7388f8e505707dd8bd 6ae3942bea18448cb005205f82ebe0ec - - - -] /var/lib/kolla/venv/lib/python3.12/site-packages/urllib3/connectionpool.py:1110: InsecureRequestWarning: Unverified HTTPS request is being made to host '[LB_IP_ADDRESS]'. Adding certificate verification is strongly advised. See: https://urllib3.readthedocs.io/en/latest/advanced-usage.html#tls-warnings
  warnings.warn(

2026-09-28 10:04:23.466 77 INFO cinder.volume.drivers.lightos [None req-47454e1d-2f2d-417d-9841-cba3eb934d15 454d17c05cfb4f7388f8e505707dd8bd 6ae3942bea18448cb005205f82ebe0ec - - - -] Invoking get_volume using GET url: /api/v2/projects/default/volumes/9ffc1bcc-815c-41ae-9ada-54b7f03d054f             request.body: {} ssl_verify: False
2026-09-28 10:04:23.515 77 WARNING py.warnings [None req-47454e1d-2f2d-417d-9841-cba3eb934d15 454d17c05cfb4f7388f8e505707dd8bd 6ae3942bea18448cb005205f82ebe0ec - - - -] /var/lib/kolla/venv/lib/python3.12/site-packages/urllib3/connectionpool.py:1110: InsecureRequestWarning: Unverified HTTPS request is being made to host '[LB_IP_ADDRESS]'. Adding certificate verification is strongly advised. See: https://urllib3.readthedocs.io/en/latest/advanced-usage.html#tls-warnings
  warnings.warn(

2026-09-28 10:04:23.516 77 INFO cinder.volume.drivers.lightos [None req-d21836f6-d21b-43dc-bc72-ca0563fa15f9 a9afe2e5a72c4f24bcf3a7e07a5be93a a8d29d27056248349c4c2b54504ca32f - - - -] Invoking get_volume_by_name using GET url: /api/v2/projects/default/volumes/?name=vol_bbd26386-3c33-49d8-8ac8-023d6e7b293a             request.body: {} ssl_verify: False
2026-09-28 10:04:23.557 77 WARNING py.warnings [None req-d21836f6-d21b-43dc-bc72-ca0563fa15f9 a9afe2e5a72c4f24bcf3a7e07a5be93a a8d29d27056248349c4c2b54504ca32f - - - -] /var/lib/kolla/venv/lib/python3.12/site-packages/urllib3/connectionpool.py:1110: InsecureRequestWarning: Unverified HTTPS request is being made to host '[LB_IP_ADDRESS]'. Adding certificate verification is strongly advised. See: https://urllib3.readthedocs.io/en/latest/advanced-usage.html#tls-warnings
  warnings.warn(

2026-09-28 10:04:23.611 77 INFO cinder.volume.drivers.lightos [None req-d21836f6-d21b-43dc-bc72-ca0563fa15f9 a9afe2e5a72c4f24bcf3a7e07a5be93a a8d29d27056248349c4c2b54504ca32f - - - -] Invoking get_volume_by_name using GET url: /api/v2/projects/default/volumes/?name=vol_bbd26386-3c33-49d8-8ac8-023d6e7b293a             request.body: {} ssl_verify: False
2026-09-28 10:04:23.656 77 WARNING py.warnings [None req-d21836f6-d21b-43dc-bc72-ca0563fa15f9 a9afe2e5a72c4f24bcf3a7e07a5be93a a8d29d27056248349c4c2b54504ca32f - - - -] /var/lib/kolla/venv/lib/python3.12/site-packages/urllib3/connectionpool.py:1110: InsecureRequestWarning: Unverified HTTPS request is being made to host '[LB_IP_ADDRESS]'. Adding certificate verification is strongly advised. See: https://urllib3.readthedocs.io/en/latest/advanced-usage.html#tls-warnings
  warnings.warn(

2026-09-28 10:04:23.738 77 INFO cinder.volume.flows.manager.create_volume [None req-d21836f6-d21b-43dc-bc72-ca0563fa15f9 a9afe2e5a72c4f24bcf3a7e07a5be93a a8d29d27056248349c4c2b54504ca32f - - - -] Volume vol_bbd26386-3c33-49d8-8ac8-023d6e7b293a (bbd26386-3c33-49d8-8ac8-023d6e7b293a): created successfully
2026-09-28 10:04:23.746 77 INFO cinder.volume.manager [None req-d21836f6-d21b-43dc-bc72-ca0563fa15f9 a9afe2e5a72c4f24bcf3a7e07a5be93a a8d29d27056248349c4c2b54504ca32f - - - -] Created volume successfully.
2026-09-28 10:04:24.240 77 INFO cinder.volume.drivers.lightos [None req-9ba0956a-f8a9-42f8-986d-b529fb1fd637 f19275de78684bbf992ff0e1e731a423 0f043329c0984ecbb3a9a2a7693950b5 - - default default] Invoking delete_volume using DELETE url: /api/v2/projects/default/volumes/38eaf33a-20ae-4b11-9154-ee9f78d0bcd8?             request.body:  ssl_verify: False
2026-09-28 10:04:24.276 77 WARNING py.warnings [None req-9ba0956a-f8a9-42f8-986d-b529fb1fd637 f19275de78684bbf992ff0e1e731a423 0f043329c0984ecbb3a9a2a7693950b5 - - default default] /var/lib/kolla/venv/lib/python3.12/site-packages/urllib3/connectionpool.py:1110: InsecureRequestWarning: Unverified HTTPS request is being made to host '[LB_IP_ADDRESS]'. Adding certificate verification is strongly advised. See: https://urllib3.readthedocs.io/en/latest/advanced-usage.html#tls-warnings
  warnings.warn(

2026-09-28 10:04:24.307 77 INFO cinder.volume.drivers.lightos [None req-9ba0956a-f8a9-42f8-986d-b529fb1fd637 f19275de78684bbf992ff0e1e731a423 0f043329c0984ecbb3a9a2a7693950b5 - - default default] Invoking get_volume using GET url: /api/v2/projects/default/volumes/38eaf33a-20ae-4b11-9154-ee9f78d0bcd8             request.body: {} ssl_verify: False
2026-09-28 10:04:24.351 77 WARNING py.warnings [None req-9ba0956a-f8a9-42f8-986d-b529fb1fd637 f19275de78684bbf992ff0e1e731a423 0f043329c0984ecbb3a9a2a7693950b5 - - default default] /var/lib/kolla/venv/lib/python3.12/site-packages/urllib3/connectionpool.py:1110: InsecureRequestWarning: Unverified HTTPS request is being made to host '[LB_IP_ADDRESS]'. Adding certificate verification is strongly advised. See: https://urllib3.readthedocs.io/en/latest/advanced-usage.html#tls-warnings
  warnings.warn(

2026-09-28 10:04:24.472 77 INFO cinder.volume.manager [None req-9ba0956a-f8a9-42f8-986d-b529fb1fd637 f19275de78684bbf992ff0e1e731a423 0f043329c0984ecbb3a9a2a7693950b5 - - default default] Deleted volume successfully.
2026-09-28 10:04:24.597 77 INFO cinder.volume.drivers.lightos [None req-47454e1d-2f2d-417d-9841-cba3eb934d15 454d17c05cfb4f7388f8e505707dd8bd 6ae3942bea18448cb005205f82ebe0ec - - - -] Invoking get_volume using GET url: /api/v2/projects/default/volumes/9ffc1bcc-815c-41ae-9ada-54b7f03d054f             request.body: {} ssl_verify: False
2026-09-28 10:04:24.643 77 WARNING py.warnings [None req-47454e1d-2f2d-417d-9841-cba3eb934d15 454d17c05cfb4f7388f8e505707dd8bd 6ae3942bea18448cb005205f82ebe0ec - - - -] /var/lib/kolla/venv/lib/python3.12/site-packages/urllib3/connectionpool.py:1110: InsecureRequestWarning: Unverified HTTPS request is being made to host '[LB_IP_ADDRESS]'. Adding certificate verification is strongly advised. See: https://urllib3.readthedocs.io/en/latest/advanced-usage.html#tls-warnings
  warnings.warn(

2026-09-28 10:04:24.677 77 INFO cinder.volume.flows.manager.create_volume [None req-47454e1d-2f2d-417d-9841-cba3eb934d15 454d17c05cfb4f7388f8e505707dd8bd 6ae3942bea18448cb005205f82ebe0ec - - - -] Volume vol_11fbdf93-f2bc-491f-973e-7aa509afbed2 (11fbdf93-f2bc-491f-973e-7aa509afbed2): created successfully
2026-09-28 10:04:24.685 77 INFO cinder.volume.manager [None req-47454e1d-2f2d-417d-9841-cba3eb934d15 454d17c05cfb4f7388f8e505707dd8bd 6ae3942bea18448cb005205f82ebe0ec - - - -] Created volume successfully.
2026-09-28 10:04:24.723 77 INFO cinder.volume.drivers.lightos [None req-6e17a659-b0f7-4388-acf7-07a16112149b a9afe2e5a72c4f24bcf3a7e07a5be93a a8d29d27056248349c4c2b54504ca32f - - - -] Invoking get_volume_by_name using GET url: /api/v2/projects/default/volumes/?name=vol_bbd26386-3c33-49d8-8ac8-023d6e7b293a             request.body: {} ssl_verify: False
2026-09-28 10:04:24.766 77 WARNING py.warnings [None req-6e17a659-b0f7-4388-acf7-07a16112149b a9afe2e5a72c4f24bcf3a7e07a5be93a a8d29d27056248349c4c2b54504ca32f - - - -] /var/lib/kolla/venv/lib/python3.12/site-packages/urllib3/connectionpool.py:1110: InsecureRequestWarning: Unverified HTTPS request is being made to host '[LB_IP_ADDRESS]'. Adding certificate verification is strongly advised. See: https://urllib3.readthedocs.io/en/latest/advanced-usage.html#tls-warnings
  warnings.warn(

2026-09-28 10:04:24.781 77 INFO cinder.volume.drivers.lightos [None req-6e17a659-b0f7-4388-acf7-07a16112149b a9afe2e5a72c4f24bcf3a7e07a5be93a a8d29d27056248349c4c2b54504ca32f - - - -] Invoking extend_volume using PUT url: /api/v2/projects/default/volumes/c45096c0-1c4c-4dbf-ba6c-a82fa5774880             request.body: {'UUID': 'c45096c0-1c4c-4dbf-ba6c-a82fa5774880', 'size': '2 gib'} ssl_verify: False
2026-09-28 10:04:24.824 77 WARNING py.warnings [None req-6e17a659-b0f7-4388-acf7-07a16112149b a9afe2e5a72c4f24bcf3a7e07a5be93a a8d29d27056248349c4c2b54504ca32f - - - -] /var/lib/kolla/venv/lib/python3.12/site-packages/urllib3/connectionpool.py:1110: InsecureRequestWarning: Unverified HTTPS request is being made to host '[LB_IP_ADDRESS]'. Adding certificate verification is strongly advised. See: https://urllib3.readthedocs.io/en/latest/advanced-usage.html#tls-warnings
  warnings.warn(

2026-09-28 10:04:24.874 77 INFO cinder.volume.drivers.lightos [None req-6e17a659-b0f7-4388-acf7-07a16112149b a9afe2e5a72c4f24bcf3a7e07a5be93a a8d29d27056248349c4c2b54504ca32f - - - -] Successfully extended volume Volume(_name_id=None,admin_metadata={},attach_status='detached',availability_zone='nova',bootable=True,cluster=<?>,cluster_name=None,consistencygroup=<?>,consistencygroup_id=None,created_at=2026-09-28T10:04:15Z,deleted=False,deleted_at=None,display_description=None,display_name='tempest-VolumesExtendTest-Volume-1256963466',ec2_id=None,encryption_key_id=None,glance_metadata={checksum='443b7623e27ecf03dc9e01ee93f67afe',container_format='bare',disk_format='qcow2',image_id='545c8ea5-cae4-4d3e-b3ff-02364f54bc85',image_name='cirros',min_disk='0',min_ram='0',owner_specified.openstack.md5='',owner_specified.openstack.object='images/cirros',owner_specified.openstack.sha256='',signature_verified='False',size='12716032'},group=<?>,group_id=None,host='rack11-server81@LIGHTOSvemhmp#vemhmp',id=bbd26386-3c33-49d8-8ac8-023d6e7b293a,launched_at=2026-09-28T10:04:23Z,metadata={},migration_status=None,multiattach=False,previous_status='available',project_id='a8d29d27056248349c4c2b54504ca32f',provider_auth=None,provider_geometry=None,provider_id='default c45096c0-1c4c-4dbf-ba6c-a82fa5774880',provider_location=None,replication_driver_data=None,replication_extended_status=None,replication_status=None,scheduled_at=2026-09-28T10:04:15Z,service_uuid='a94f8f8b-b6eb-4baa-8155-8e7f9daed813',shared_targets=False,size=1,snapshot_id=None,snapshots=<?>,source_volid=None,status='extending',terminated_at=None,updated_at=2026-09-28T10:04:23Z,use_quota=True,user_id='a9afe2e5a72c4f24bcf3a7e07a5be93a',volume_attachment=VolumeAttachmentList,volume_type=VolumeType(9e33a27f-87a7-47ac-9d72-59abacd63e10),volume_type_id=9e33a27f-87a7-47ac-9d72-59abacd63e10) project default size:2
2026-09-28 10:04:24.899 77 INFO cinder.volume.manager [None req-6e17a659-b0f7-4388-acf7-07a16112149b a9afe2e5a72c4f24bcf3a7e07a5be93a a8d29d27056248349c4c2b54504ca32f - - - -] Extend volume completed successfully.
2026-09-28 10:04:25.580 77 INFO cinder.volume.drivers.lightos [None req-ed10f9f0-45df-4a89-826d-8780a6cfc074 454d17c05cfb4f7388f8e505707dd8bd 6ae3942bea18448cb005205f82ebe0ec - - - -] Invoking get_snapshot_by_name using GET url: /api/v2/projects/default/snapshots/?Name=snapshot-be3c350e-1308-478e-8ae2-7137dfcc7478             request.body: {} ssl_verify: False
2026-09-28 10:04:25.617 77 WARNING py.warnings [None req-ed10f9f0-45df-4a89-826d-8780a6cfc074 454d17c05cfb4f7388f8e505707dd8bd 6ae3942bea18448cb005205f82ebe0ec - - - -] /var/lib/kolla/venv/lib/python3.12/site-packages/urllib3/connectionpool.py:1110: InsecureRequestWarning: Unverified HTTPS request is being made to host '[LB_IP_ADDRESS]'. Adding certificate verification is strongly advised. See: https://urllib3.readthedocs.io/en/latest/advanced-usage.html#tls-warnings
  warnings.warn(

2026-09-28 10:04:25.628 77 INFO cinder.volume.drivers.lightos [None req-ed10f9f0-45df-4a89-826d-8780a6cfc074 454d17c05cfb4f7388f8e505707dd8bd 6ae3942bea18448cb005205f82ebe0ec - - - -] Invoking create_snapshot using POST url: /api/v2/projects/default/snapshots             request.body: {'name': 'snapshot-be3c350e-1308-478e-8ae2-7137dfcc7478', 'sourceVolumeUUID': None, 'sourceVolumeName': 'vol_11fbdf93-f2bc-491f-973e-7aa509afbed2'} ssl_verify: False
2026-09-28 10:04:25.671 77 WARNING py.warnings [None req-ed10f9f0-45df-4a89-826d-8780a6cfc074 454d17c05cfb4f7388f8e505707dd8bd 6ae3942bea18448cb005205f82ebe0ec - - - -] /var/lib/kolla/venv/lib/python3.12/site-packages/urllib3/connectionpool.py:1110: InsecureRequestWarning: Unverified HTTPS request is being made to host '[LB_IP_ADDRESS]'. Adding certificate verification is strongly advised. See: https://urllib3.readthedocs.io/en/latest/advanced-usage.html#tls-warnings
  warnings.warn(

2026-09-28 10:04:25.705 77 INFO cinder.volume.drivers.lightos [None req-ed10f9f0-45df-4a89-826d-8780a6cfc074 454d17c05cfb4f7388f8e505707dd8bd 6ae3942bea18448cb005205f82ebe0ec - - - -] Invoking get_snapshot_by_name using GET url: /api/v2/projects/default/snapshots/?Name=snapshot-be3c350e-1308-478e-8ae2-7137dfcc7478             request.body: {} ssl_verify: False
2026-09-28 10:04:25.753 77 WARNING py.warnings [None req-ed10f9f0-45df-4a89-826d-8780a6cfc074 454d17c05cfb4f7388f8e505707dd8bd 6ae3942bea18448cb005205f82ebe0ec - - - -] /var/lib/kolla/venv/lib/python3.12/site-packages/urllib3/connectionpool.py:1110: InsecureRequestWarning: Unverified HTTPS request is being made to host '[LB_IP_ADDRESS]'. Adding certificate verification is strongly advised. See: https://urllib3.readthedocs.io/en/latest/advanced-usage.html#tls-warnings
  warnings.warn(

2026-09-28 10:04:25.992 77 INFO cinder.volume.drivers.lightos [None req-ee1f7dae-4024-4a06-a238-a2f17cd2207a a9afe2e5a72c4f24bcf3a7e07a5be93a a8d29d27056248349c4c2b54504ca32f - - default default] Invoking delete_volume using DELETE url: /api/v2/projects/default/volumes/c45096c0-1c4c-4dbf-ba6c-a82fa5774880?             request.body:  ssl_verify: False
2026-09-28 10:04:26.025 77 WARNING py.warnings [None req-ee1f7dae-4024-4a06-a238-a2f17cd2207a a9afe2e5a72c4f24bcf3a7e07a5be93a a8d29d27056248349c4c2b54504ca32f - - default default] /var/lib/kolla/venv/lib/python3.12/site-packages/urllib3/connectionpool.py:1110: InsecureRequestWarning: Unverified HTTPS request is being made to host '[LB_IP_ADDRESS]'. Adding certificate verification is strongly advised. See: https://urllib3.readthedocs.io/en/latest/advanced-usage.html#tls-warnings
  warnings.warn(

2026-09-28 10:04:26.067 77 INFO cinder.volume.drivers.lightos [None req-ee1f7dae-4024-4a06-a238-a2f17cd2207a a9afe2e5a72c4f24bcf3a7e07a5be93a a8d29d27056248349c4c2b54504ca32f - - default default] Invoking get_volume using GET url: /api/v2/projects/default/volumes/c45096c0-1c4c-4dbf-ba6c-a82fa5774880             request.body: {} ssl_verify: False
2026-09-28 10:04:26.120 77 WARNING py.warnings [None req-ee1f7dae-4024-4a06-a238-a2f17cd2207a a9afe2e5a72c4f24bcf3a7e07a5be93a a8d29d27056248349c4c2b54504ca32f - - default default] /var/lib/kolla/venv/lib/python3.12/site-packages/urllib3/connectionpool.py:1110: InsecureRequestWarning: Unverified HTTPS request is being made to host '[LB_IP_ADDRESS]'. Adding certificate verification is strongly advised. See: https://urllib3.readthedocs.io/en/latest/advanced-usage.html#tls-warnings
  warnings.warn(

2026-09-28 10:04:26.267 77 INFO cinder.volume.manager [None req-ee1f7dae-4024-4a06-a238-a2f17cd2207a a9afe2e5a72c4f24bcf3a7e07a5be93a a8d29d27056248349c4c2b54504ca32f - - default default] Deleted volume successfully.
2026-09-28 10:04:26.816 77 INFO cinder.volume.drivers.lightos [None req-ed10f9f0-45df-4a89-826d-8780a6cfc074 454d17c05cfb4f7388f8e505707dd8bd 6ae3942bea18448cb005205f82ebe0ec - - - -] Invoking get_snapshot_by_name using GET url: /api/v2/projects/default/snapshots/?Name=snapshot-be3c350e-1308-478e-8ae2-7137dfcc7478             request.body: {} ssl_verify: False
2026-09-28 10:04:26.860 77 WARNING py.warnings [None req-ed10f9f0-45df-4a89-826d-8780a6cfc074 454d17c05cfb4f7388f8e505707dd8bd 6ae3942bea18448cb005205f82ebe0ec - - - -] /var/lib/kolla/venv/lib/python3.12/site-packages/urllib3/connectionpool.py:1110: InsecureRequestWarning: Unverified HTTPS request is being made to host '[LB_IP_ADDRESS]'. Adding certificate verification is strongly advised. See: https://urllib3.readthedocs.io/en/latest/advanced-usage.html#tls-warnings
  warnings.warn(

2026-09-28 10:04:26.895 77 INFO cinder.volume.manager [None req-ed10f9f0-45df-4a89-826d-8780a6cfc074 454d17c05cfb4f7388f8e505707dd8bd 6ae3942bea18448cb005205f82ebe0ec - - - -] Create snapshot completed successfully
2026-09-28 10:04:27.445 77 INFO cinder.volume.flows.manager.create_volume [None req-f3406999-77e0-480c-907a-f0e3aa5a578f a9afe2e5a72c4f24bcf3a7e07a5be93a a8d29d27056248349c4c2b54504ca32f - - - -] Volume fb131d1b-a9d6-409b-a21c-ee5c4ab9ea0f: being created as raw with specification: {'status': 'creating', 'volume_name': 'vol_fb131d1b-a9d6-409b-a21c-ee5c4ab9ea0f', 'volume_size': 1}
2026-09-28 10:04:27.445 77 INFO cinder.volume.drivers.lightos [None req-f3406999-77e0-480c-907a-f0e3aa5a578f a9afe2e5a72c4f24bcf3a7e07a5be93a a8d29d27056248349c4c2b54504ca32f - - - -] Invoking get_volume_by_name using GET url: /api/v2/projects/default/volumes/?name=vol_fb131d1b-a9d6-409b-a21c-ee5c4ab9ea0f             request.body: {} ssl_verify: False
2026-09-28 10:04:27.481 77 WARNING py.warnings [None req-f3406999-77e0-480c-907a-f0e3aa5a578f a9afe2e5a72c4f24bcf3a7e07a5be93a a8d29d27056248349c4c2b54504ca32f - - - -] /var/lib/kolla/venv/lib/python3.12/site-packages/urllib3/connectionpool.py:1110: InsecureRequestWarning: Unverified HTTPS request is being made to host '[LB_IP_ADDRESS]'. Adding certificate verification is strongly advised. See: https://urllib3.readthedocs.io/en/latest/advanced-usage.html#tls-warnings
  warnings.warn(

2026-09-28 10:04:27.494 77 INFO cinder.volume.drivers.lightos [None req-f3406999-77e0-480c-907a-f0e3aa5a578f a9afe2e5a72c4f24bcf3a7e07a5be93a a8d29d27056248349c4c2b54504ca32f - - - -] Invoking create_volume using POST url: /api/v2/projects/default/volumes             request.body: {'name': 'vol_fb131d1b-a9d6-409b-a21c-ee5c4ab9ea0f', 'size': '1 gib', 'replicaCount': '3', 'compression': 'False', 'acl': {'values': ['ALLOW_NONE']}, 'IPAcl': {'values': ['ALLOW_NONE']}, 'sourceSnapshotUUID': None, 'sourceSnapshotName': None} ssl_verify: False
2026-09-28 10:04:27.535 77 WARNING py.warnings [None req-f3406999-77e0-480c-907a-f0e3aa5a578f a9afe2e5a72c4f24bcf3a7e07a5be93a a8d29d27056248349c4c2b54504ca32f - - - -] /var/lib/kolla/venv/lib/python3.12/site-packages/urllib3/connectionpool.py:1110: InsecureRequestWarning: Unverified HTTPS request is being made to host '[LB_IP_ADDRESS]'. Adding certificate verification is strongly advised. See: https://urllib3.readthedocs.io/en/latest/advanced-usage.html#tls-warnings
  warnings.warn(

2026-09-28 10:04:27.560 77 INFO cinder.volume.drivers.lightos [None req-f3406999-77e0-480c-907a-f0e3aa5a578f a9afe2e5a72c4f24bcf3a7e07a5be93a a8d29d27056248349c4c2b54504ca32f - - - -] Invoking get_volume using GET url: /api/v2/projects/default/volumes/2b8ee409-3a80-4c60-ac4d-fd519e1aa9d2             request.body: {} ssl_verify: False
2026-09-28 10:04:27.616 77 WARNING py.warnings [None req-f3406999-77e0-480c-907a-f0e3aa5a578f a9afe2e5a72c4f24bcf3a7e07a5be93a a8d29d27056248349c4c2b54504ca32f - - - -] /var/lib/kolla/venv/lib/python3.12/site-packages/urllib3/connectionpool.py:1110: InsecureRequestWarning: Unverified HTTPS request is being made to host '[LB_IP_ADDRESS]'. Adding certificate verification is strongly advised. See: https://urllib3.readthedocs.io/en/latest/advanced-usage.html#tls-warnings
  warnings.warn(

2026-09-28 10:04:27.649 77 INFO cinder.volume.flows.manager.create_volume [None req-f3406999-77e0-480c-907a-f0e3aa5a578f a9afe2e5a72c4f24bcf3a7e07a5be93a a8d29d27056248349c4c2b54504ca32f - - - -] Volume vol_fb131d1b-a9d6-409b-a21c-ee5c4ab9ea0f (fb131d1b-a9d6-409b-a21c-ee5c4ab9ea0f): created successfully
2026-09-28 10:04:27.658 77 INFO cinder.volume.manager [None req-f3406999-77e0-480c-907a-f0e3aa5a578f a9afe2e5a72c4f24bcf3a7e07a5be93a a8d29d27056248349c4c2b54504ca32f - - - -] Created volume successfully.
2026-09-28 10:04:27.814 77 INFO cinder.volume.drivers.lightos [None req-09e8eaba-c77c-4abc-9ac7-aff332d07149 454d17c05cfb4f7388f8e505707dd8bd 6ae3942bea18448cb005205f82ebe0ec - - - -] Invoking get_snapshot_by_name using GET url: /api/v2/projects/default/snapshots/?Name=snapshot-90204f07-8ec2-4e28-9519-2c28f5a97dfa             request.body: {} ssl_verify: False
2026-09-28 10:04:27.851 77 WARNING py.warnings [None req-09e8eaba-c77c-4abc-9ac7-aff332d07149 454d17c05cfb4f7388f8e505707dd8bd 6ae3942bea18448cb005205f82ebe0ec - - - -] /var/lib/kolla/venv/lib/python3.12/site-packages/urllib3/connectionpool.py:1110: InsecureRequestWarning: Unverified HTTPS request is being made to host '[LB_IP_ADDRESS]'. Adding certificate verification is strongly advised. See: https://urllib3.readthedocs.io/en/latest/advanced-usage.html#tls-warnings
  warnings.warn(

2026-09-28 10:04:27.860 77 INFO cinder.volume.drivers.lightos [None req-09e8eaba-c77c-4abc-9ac7-aff332d07149 454d17c05cfb4f7388f8e505707dd8bd 6ae3942bea18448cb005205f82ebe0ec - - - -] Invoking create_snapshot using POST url: /api/v2/projects/default/snapshots             request.body: {'name': 'snapshot-90204f07-8ec2-4e28-9519-2c28f5a97dfa', 'sourceVolumeUUID': None, 'sourceVolumeName': 'vol_11fbdf93-f2bc-491f-973e-7aa509afbed2'} ssl_verify: False
2026-09-28 10:04:27.899 77 WARNING py.warnings [None req-09e8eaba-c77c-4abc-9ac7-aff332d07149 454d17c05cfb4f7388f8e505707dd8bd 6ae3942bea18448cb005205f82ebe0ec - - - -] /var/lib/kolla/venv/lib/python3.12/site-packages/urllib3/connectionpool.py:1110: InsecureRequestWarning: Unverified HTTPS request is being made to host '[LB_IP_ADDRESS]'. Adding certificate verification is strongly advised. See: https://urllib3.readthedocs.io/en/latest/advanced-usage.html#tls-warnings
  warnings.warn(

2026-09-28 10:04:27.929 77 INFO cinder.volume.drivers.lightos [None req-09e8eaba-c77c-4abc-9ac7-aff332d07149 454d17c05cfb4f7388f8e505707dd8bd 6ae3942bea18448cb005205f82ebe0ec - - - -] Invoking get_snapshot_by_name using GET url: /api/v2/projects/default/snapshots/?Name=snapshot-90204f07-8ec2-4e28-9519-2c28f5a97dfa             request.body: {} ssl_verify: False
2026-09-28 10:04:27.990 77 WARNING py.warnings [None req-09e8eaba-c77c-4abc-9ac7-aff332d07149 454d17c05cfb4f7388f8e505707dd8bd 6ae3942bea18448cb005205f82ebe0ec - - - -] /var/lib/kolla/venv/lib/python3.12/site-packages/urllib3/connectionpool.py:1110: InsecureRequestWarning: Unverified HTTPS request is being made to host '[LB_IP_ADDRESS]'. Adding certificate verification is strongly advised. See: https://urllib3.readthedocs.io/en/latest/advanced-usage.html#tls-warnings
  warnings.warn(

2026-09-28 10:04:28.393 77 INFO cinder.volume.flows.manager.create_volume [None req-f584e355-9d1f-41a8-add2-ba0abd448c19 f06ba64dab9143ae99753aa7c6e3d25e d67ca296f4c1469a805e2f4bba043b88 - - - -] Volume aedbe359-c378-42b0-8678-b8dee3a856ec: being created as raw with specification: {'status': 'creating', 'volume_name': 'vol_aedbe359-c378-42b0-8678-b8dee3a856ec', 'volume_size': 1}
2026-09-28 10:04:28.393 77 INFO cinder.volume.drivers.lightos [None req-f584e355-9d1f-41a8-add2-ba0abd448c19 f06ba64dab9143ae99753aa7c6e3d25e d67ca296f4c1469a805e2f4bba043b88 - - - -] Invoking get_volume_by_name using GET url: /api/v2/projects/default/volumes/?name=vol_aedbe359-c378-42b0-8678-b8dee3a856ec             request.body: {} ssl_verify: False
2026-09-28 10:04:28.428 77 WARNING py.warnings [None req-f584e355-9d1f-41a8-add2-ba0abd448c19 f06ba64dab9143ae99753aa7c6e3d25e d67ca296f4c1469a805e2f4bba043b88 - - - -] /var/lib/kolla/venv/lib/python3.12/site-packages/urllib3/connectionpool.py:1110: InsecureRequestWarning: Unverified HTTPS request is being made to host '[LB_IP_ADDRESS]'. Adding certificate verification is strongly advised. See: https://urllib3.readthedocs.io/en/latest/advanced-usage.html#tls-warnings
  warnings.warn(

2026-09-28 10:04:28.439 77 INFO cinder.volume.drivers.lightos [None req-f584e355-9d1f-41a8-add2-ba0abd448c19 f06ba64dab9143ae99753aa7c6e3d25e d67ca296f4c1469a805e2f4bba043b88 - - - -] Invoking create_volume using POST url: /api/v2/projects/default/volumes             request.body: {'name': 'vol_aedbe359-c378-42b0-8678-b8dee3a856ec', 'size': '1 gib', 'replicaCount': '3', 'compression': 'False', 'acl': {'values': ['ALLOW_NONE']}, 'IPAcl': {'values': ['ALLOW_NONE']}, 'sourceSnapshotUUID': None, 'sourceSnapshotName': None} ssl_verify: False
2026-09-28 10:04:28.481 77 WARNING py.warnings [None req-f584e355-9d1f-41a8-add2-ba0abd448c19 f06ba64dab9143ae99753aa7c6e3d25e d67ca296f4c1469a805e2f4bba043b88 - - - -] /var/lib/kolla/venv/lib/python3.12/site-packages/urllib3/connectionpool.py:1110: InsecureRequestWarning: Unverified HTTPS request is being made to host '[LB_IP_ADDRESS]'. Adding certificate verification is strongly advised. See: https://urllib3.readthedocs.io/en/latest/advanced-usage.html#tls-warnings
  warnings.warn(

2026-09-28 10:04:28.514 77 INFO cinder.volume.drivers.lightos [None req-f584e355-9d1f-41a8-add2-ba0abd448c19 f06ba64dab9143ae99753aa7c6e3d25e d67ca296f4c1469a805e2f4bba043b88 - - - -] Invoking get_volume using GET url: /api/v2/projects/default/volumes/6c8009b0-9606-4945-807b-1cee299c25af             request.body: {} ssl_verify: False
2026-09-28 10:04:28.595 77 WARNING py.warnings [None req-f584e355-9d1f-41a8-add2-ba0abd448c19 f06ba64dab9143ae99753aa7c6e3d25e d67ca296f4c1469a805e2f4bba043b88 - - - -] /var/lib/kolla/venv/lib/python3.12/site-packages/urllib3/connectionpool.py:1110: InsecureRequestWarning: Unverified HTTPS request is being made to host '[LB_IP_ADDRESS]'. Adding certificate verification is strongly advised. See: https://urllib3.readthedocs.io/en/latest/advanced-usage.html#tls-warnings
  warnings.warn(

2026-09-28 10:04:28.638 77 INFO cinder.volume.flows.manager.create_volume [None req-f584e355-9d1f-41a8-add2-ba0abd448c19 f06ba64dab9143ae99753aa7c6e3d25e d67ca296f4c1469a805e2f4bba043b88 - - - -] Volume vol_aedbe359-c378-42b0-8678-b8dee3a856ec (aedbe359-c378-42b0-8678-b8dee3a856ec): created successfully
2026-09-28 10:04:28.647 77 INFO cinder.volume.manager [None req-f584e355-9d1f-41a8-add2-ba0abd448c19 f06ba64dab9143ae99753aa7c6e3d25e d67ca296f4c1469a805e2f4bba043b88 - - - -] Created volume successfully.
2026-09-28 10:04:28.661 77 INFO cinder.volume.drivers.lightos [None req-6684bba6-ab56-4fd6-a7eb-36e84b763ed7 a9afe2e5a72c4f24bcf3a7e07a5be93a a8d29d27056248349c4c2b54504ca32f - - - -] Invoking get_snapshot_by_name using GET url: /api/v2/projects/default/snapshots/?Name=snapshot-ff299c62-385c-4e38-afba-d8eaaa1d479c             request.body: {} ssl_verify: False
2026-09-28 10:04:28.695 77 WARNING py.warnings [None req-6684bba6-ab56-4fd6-a7eb-36e84b763ed7 a9afe2e5a72c4f24bcf3a7e07a5be93a a8d29d27056248349c4c2b54504ca32f - - - -] /var/lib/kolla/venv/lib/python3.12/site-packages/urllib3/connectionpool.py:1110: InsecureRequestWarning: Unverified HTTPS request is being made to host '[LB_IP_ADDRESS]'. Adding certificate verification is strongly advised. See: https://urllib3.readthedocs.io/en/latest/advanced-usage.html#tls-warnings
  warnings.warn(

2026-09-28 10:04:28.709 77 INFO cinder.volume.drivers.lightos [None req-6684bba6-ab56-4fd6-a7eb-36e84b763ed7 a9afe2e5a72c4f24bcf3a7e07a5be93a a8d29d27056248349c4c2b54504ca32f - - - -] Invoking create_snapshot using POST url: /api/v2/projects/default/snapshots             request.body: {'name': 'snapshot-ff299c62-385c-4e38-afba-d8eaaa1d479c', 'sourceVolumeUUID': None, 'sourceVolumeName': 'vol_fb131d1b-a9d6-409b-a21c-ee5c4ab9ea0f'} ssl_verify: False
2026-09-28 10:04:28.752 77 WARNING py.warnings [None req-6684bba6-ab56-4fd6-a7eb-36e84b763ed7 a9afe2e5a72c4f24bcf3a7e07a5be93a a8d29d27056248349c4c2b54504ca32f - - - -] /var/lib/kolla/venv/lib/python3.12/site-packages/urllib3/connectionpool.py:1110: InsecureRequestWarning: Unverified HTTPS request is being made to host '[LB_IP_ADDRESS]'. Adding certificate verification is strongly advised. See: https://urllib3.readthedocs.io/en/latest/advanced-usage.html#tls-warnings
  warnings.warn(

2026-09-28 10:04:28.792 77 INFO cinder.volume.drivers.lightos [None req-6684bba6-ab56-4fd6-a7eb-36e84b763ed7 a9afe2e5a72c4f24bcf3a7e07a5be93a a8d29d27056248349c4c2b54504ca32f - - - -] Invoking get_snapshot_by_name using GET url: /api/v2/projects/default/snapshots/?Name=snapshot-ff299c62-385c-4e38-afba-d8eaaa1d479c             request.body: {} ssl_verify: False
2026-09-28 10:04:28.851 77 WARNING py.warnings [None req-6684bba6-ab56-4fd6-a7eb-36e84b763ed7 a9afe2e5a72c4f24bcf3a7e07a5be93a a8d29d27056248349c4c2b54504ca32f - - - -] /var/lib/kolla/venv/lib/python3.12/site-packages/urllib3/connectionpool.py:1110: InsecureRequestWarning: Unverified HTTPS request is being made to host '[LB_IP_ADDRESS]'. Adding certificate verification is strongly advised. See: https://urllib3.readthedocs.io/en/latest/advanced-usage.html#tls-warnings
  warnings.warn(

2026-09-28 10:04:29.038 77 INFO cinder.volume.drivers.lightos [None req-09e8eaba-c77c-4abc-9ac7-aff332d07149 454d17c05cfb4f7388f8e505707dd8bd 6ae3942bea18448cb005205f82ebe0ec - - - -] Invoking get_snapshot_by_name using GET url: /api/v2/projects/default/snapshots/?Name=snapshot-90204f07-8ec2-4e28-9519-2c28f5a97dfa             request.body: {} ssl_verify: False
2026-09-28 10:04:29.082 77 WARNING py.warnings [None req-09e8eaba-c77c-4abc-9ac7-aff332d07149 454d17c05cfb4f7388f8e505707dd8bd 6ae3942bea18448cb005205f82ebe0ec - - - -] /var/lib/kolla/venv/lib/python3.12/site-packages/urllib3/connectionpool.py:1110: InsecureRequestWarning: Unverified HTTPS request is being made to host '[LB_IP_ADDRESS]'. Adding certificate verification is strongly advised. See: https://urllib3.readthedocs.io/en/latest/advanced-usage.html#tls-warnings
  warnings.warn(

2026-09-28 10:04:29.122 77 INFO cinder.volume.manager [None req-09e8eaba-c77c-4abc-9ac7-aff332d07149 454d17c05cfb4f7388f8e505707dd8bd 6ae3942bea18448cb005205f82ebe0ec - - - -] Create snapshot completed successfully
2026-09-28 10:04:29.958 77 INFO cinder.volume.drivers.lightos [None req-6684bba6-ab56-4fd6-a7eb-36e84b763ed7 a9afe2e5a72c4f24bcf3a7e07a5be93a a8d29d27056248349c4c2b54504ca32f - - - -] Invoking get_snapshot_by_name using GET url: /api/v2/projects/default/snapshots/?Name=snapshot-ff299c62-385c-4e38-afba-d8eaaa1d479c             request.body: {} ssl_verify: False
2026-09-28 10:04:30.006 77 WARNING py.warnings [None req-6684bba6-ab56-4fd6-a7eb-36e84b763ed7 a9afe2e5a72c4f24bcf3a7e07a5be93a a8d29d27056248349c4c2b54504ca32f - - - -] /var/lib/kolla/venv/lib/python3.12/site-packages/urllib3/connectionpool.py:1110: InsecureRequestWarning: Unverified HTTPS request is being made to host '[LB_IP_ADDRESS]'. Adding certificate verification is strongly advised. See: https://urllib3.readthedocs.io/en/latest/advanced-usage.html#tls-warnings
  warnings.warn(

2026-09-28 10:04:30.042 77 INFO cinder.volume.drivers.lightos [None req-9b6cf38e-fbe5-4ab0-af50-edd540bf6a1e 454d17c05cfb4f7388f8e505707dd8bd 6ae3942bea18448cb005205f82ebe0ec - - - -] Invoking get_snapshot_by_name using GET url: /api/v2/projects/default/snapshots/?Name=snapshot-0e397fea-1016-47af-bc4d-9a78a426cf00             request.body: {} ssl_verify: False
2026-09-28 10:04:30.043 77 INFO cinder.volume.manager [None req-6684bba6-ab56-4fd6-a7eb-36e84b763ed7 a9afe2e5a72c4f24bcf3a7e07a5be93a a8d29d27056248349c4c2b54504ca32f - - - -] Create snapshot completed successfully
2026-09-28 10:04:30.111 77 WARNING py.warnings [None req-9b6cf38e-fbe5-4ab0-af50-edd540bf6a1e 454d17c05cfb4f7388f8e505707dd8bd 6ae3942bea18448cb005205f82ebe0ec - - - -] /var/lib/kolla/venv/lib/python3.12/site-packages/urllib3/connectionpool.py:1110: InsecureRequestWarning: Unverified HTTPS request is being made to host '[LB_IP_ADDRESS]'. Adding certificate verification is strongly advised. See: https://urllib3.readthedocs.io/en/latest/advanced-usage.html#tls-warnings
  warnings.warn(

2026-09-28 10:04:30.122 77 INFO cinder.volume.drivers.lightos [None req-9b6cf38e-fbe5-4ab0-af50-edd540bf6a1e 454d17c05cfb4f7388f8e505707dd8bd 6ae3942bea18448cb005205f82ebe0ec - - - -] Invoking create_snapshot using POST url: /api/v2/projects/default/snapshots             request.body: {'name': 'snapshot-0e397fea-1016-47af-bc4d-9a78a426cf00', 'sourceVolumeUUID': None, 'sourceVolumeName': 'vol_11fbdf93-f2bc-491f-973e-7aa509afbed2'} ssl_verify: False
2026-09-28 10:04:30.163 77 WARNING py.warnings [None req-9b6cf38e-fbe5-4ab0-af50-edd540bf6a1e 454d17c05cfb4f7388f8e505707dd8bd 6ae3942bea18448cb005205f82ebe0ec - - - -] /var/lib/kolla/venv/lib/python3.12/site-packages/urllib3/connectionpool.py:1110: InsecureRequestWarning: Unverified HTTPS request is being made to host '[LB_IP_ADDRESS]'. Adding certificate verification is strongly advised. See: https://urllib3.readthedocs.io/en/latest/advanced-usage.html#tls-warnings
  warnings.warn(

2026-09-28 10:04:30.204 77 INFO cinder.volume.drivers.lightos [None req-9b6cf38e-fbe5-4ab0-af50-edd540bf6a1e 454d17c05cfb4f7388f8e505707dd8bd 6ae3942bea18448cb005205f82ebe0ec - - - -] Invoking get_snapshot_by_name using GET url: /api/v2/projects/default/snapshots/?Name=snapshot-0e397fea-1016-47af-bc4d-9a78a426cf00             request.body: {} ssl_verify: False
2026-09-28 10:04:30.261 77 WARNING py.warnings [None req-9b6cf38e-fbe5-4ab0-af50-edd540bf6a1e 454d17c05cfb4f7388f8e505707dd8bd 6ae3942bea18448cb005205f82ebe0ec - - - -] /var/lib/kolla/venv/lib/python3.12/site-packages/urllib3/connectionpool.py:1110: InsecureRequestWarning: Unverified HTTPS request is being made to host '[LB_IP_ADDRESS]'. Adding certificate verification is strongly advised. See: https://urllib3.readthedocs.io/en/latest/advanced-usage.html#tls-warnings
  warnings.warn(

2026-09-28 10:04:30.915 77 INFO cinder.volume.drivers.lightos [None req-a7a2b3e6-3b7c-403f-9c9e-a62b1a25b9fa a9afe2e5a72c4f24bcf3a7e07a5be93a a8d29d27056248349c4c2b54504ca32f - - - -] Invoking get_volume_by_name using GET url: /api/v2/projects/default/volumes/?name=vol_fb131d1b-a9d6-409b-a21c-ee5c4ab9ea0f             request.body: {} ssl_verify: False
2026-09-28 10:04:30.957 77 WARNING py.warnings [None req-a7a2b3e6-3b7c-403f-9c9e-a62b1a25b9fa a9afe2e5a72c4f24bcf3a7e07a5be93a a8d29d27056248349c4c2b54504ca32f - - - -] /var/lib/kolla/venv/lib/python3.12/site-packages/urllib3/connectionpool.py:1110: InsecureRequestWarning: Unverified HTTPS request is being made to host '[LB_IP_ADDRESS]'. Adding certificate verification is strongly advised. See: https://urllib3.readthedocs.io/en/latest/advanced-usage.html#tls-warnings
  warnings.warn(

2026-09-28 10:04:30.990 77 INFO cinder.volume.drivers.lightos [None req-a7a2b3e6-3b7c-403f-9c9e-a62b1a25b9fa a9afe2e5a72c4f24bcf3a7e07a5be93a a8d29d27056248349c4c2b54504ca32f - - - -] Invoking extend_volume using PUT url: /api/v2/projects/default/volumes/2b8ee409-3a80-4c60-ac4d-fd519e1aa9d2             request.body: {'UUID': '2b8ee409-3a80-4c60-ac4d-fd519e1aa9d2', 'size': '2 gib'} ssl_verify: False
2026-09-28 10:04:31.035 77 WARNING py.warnings [None req-a7a2b3e6-3b7c-403f-9c9e-a62b1a25b9fa a9afe2e5a72c4f24bcf3a7e07a5be93a a8d29d27056248349c4c2b54504ca32f - - - -] /var/lib/kolla/venv/lib/python3.12/site-packages/urllib3/connectionpool.py:1110: InsecureRequestWarning: Unverified HTTPS request is being made to host '[LB_IP_ADDRESS]'. Adding certificate verification is strongly advised. See: https://urllib3.readthedocs.io/en/latest/advanced-usage.html#tls-warnings
  warnings.warn(

2026-09-28 10:04:31.061 77 INFO cinder.volume.drivers.lightos [None req-a7a2b3e6-3b7c-403f-9c9e-a62b1a25b9fa a9afe2e5a72c4f24bcf3a7e07a5be93a a8d29d27056248349c4c2b54504ca32f - - - -] Successfully extended volume Volume(_name_id=None,admin_metadata={},attach_status='detached',availability_zone='nova',bootable=False,cluster=<?>,cluster_name=None,consistencygroup=<?>,consistencygroup_id=None,created_at=2026-09-28T10:04:27Z,deleted=False,deleted_at=None,display_description=None,display_name='tempest-VolumesExtendTest-Volume-1902382372',ec2_id=None,encryption_key_id=None,glance_metadata={},group=<?>,group_id=None,host='rack11-server81@LIGHTOSvemhmp#vemhmp',id=fb131d1b-a9d6-409b-a21c-ee5c4ab9ea0f,launched_at=2026-09-28T10:04:27Z,metadata={},migration_status=None,multiattach=False,previous_status='available',project_id='a8d29d27056248349c4c2b54504ca32f',provider_auth=None,provider_geometry=None,provider_id='default 2b8ee409-3a80-4c60-ac4d-fd519e1aa9d2',provider_location=None,replication_driver_data=None,replication_extended_status=None,replication_status=None,scheduled_at=2026-09-28T10:04:27Z,service_uuid='a94f8f8b-b6eb-4baa-8155-8e7f9daed813',shared_targets=False,size=1,snapshot_id=None,snapshots=<?>,source_volid=None,status='extending',terminated_at=None,updated_at=2026-09-28T10:04:27Z,use_quota=True,user_id='a9afe2e5a72c4f24bcf3a7e07a5be93a',volume_attachment=VolumeAttachmentList,volume_type=VolumeType(9e33a27f-87a7-47ac-9d72-59abacd63e10),volume_type_id=9e33a27f-87a7-47ac-9d72-59abacd63e10) project default size:2
2026-09-28 10:04:31.115 77 INFO cinder.volume.manager [None req-a7a2b3e6-3b7c-403f-9c9e-a62b1a25b9fa a9afe2e5a72c4f24bcf3a7e07a5be93a a8d29d27056248349c4c2b54504ca32f - - - -] Extend volume completed successfully.
2026-09-28 10:04:31.347 77 INFO cinder.volume.drivers.lightos [None req-9b6cf38e-fbe5-4ab0-af50-edd540bf6a1e 454d17c05cfb4f7388f8e505707dd8bd 6ae3942bea18448cb005205f82ebe0ec - - - -] Invoking get_snapshot_by_name using GET url: /api/v2/projects/default/snapshots/?Name=snapshot-0e397fea-1016-47af-bc4d-9a78a426cf00             request.body: {} ssl_verify: False
2026-09-28 10:04:31.392 77 WARNING py.warnings [None req-9b6cf38e-fbe5-4ab0-af50-edd540bf6a1e 454d17c05cfb4f7388f8e505707dd8bd 6ae3942bea18448cb005205f82ebe0ec - - - -] /var/lib/kolla/venv/lib/python3.12/site-packages/urllib3/connectionpool.py:1110: InsecureRequestWarning: Unverified HTTPS request is being made to host '[LB_IP_ADDRESS]'. Adding certificate verification is strongly advised. See: https://urllib3.readthedocs.io/en/latest/advanced-usage.html#tls-warnings
  warnings.warn(

2026-09-28 10:04:31.418 77 INFO cinder.volume.manager [None req-9b6cf38e-fbe5-4ab0-af50-edd540bf6a1e 454d17c05cfb4f7388f8e505707dd8bd 6ae3942bea18448cb005205f82ebe0ec - - - -] Create snapshot completed successfully
2026-09-28 10:04:32.109 77 INFO cinder.volume.drivers.lightos [None req-f88e47b8-4094-4b6b-a2d5-0d54d34694a4 a9afe2e5a72c4f24bcf3a7e07a5be93a a8d29d27056248349c4c2b54504ca32f - - default default] Invoking get_snapshot_by_name using GET url: /api/v2/projects/default/snapshots/?Name=snapshot-ff299c62-385c-4e38-afba-d8eaaa1d479c             request.body: {} ssl_verify: False
2026-09-28 10:04:32.152 77 WARNING py.warnings [None req-f88e47b8-4094-4b6b-a2d5-0d54d34694a4 a9afe2e5a72c4f24bcf3a7e07a5be93a a8d29d27056248349c4c2b54504ca32f - - default default] /var/lib/kolla/venv/lib/python3.12/site-packages/urllib3/connectionpool.py:1110: InsecureRequestWarning: Unverified HTTPS request is being made to host '[LB_IP_ADDRESS]'. Adding certificate verification is strongly advised. See: https://urllib3.readthedocs.io/en/latest/advanced-usage.html#tls-warnings
  warnings.warn(

2026-09-28 10:04:32.170 77 INFO cinder.volume.drivers.lightos [None req-f88e47b8-4094-4b6b-a2d5-0d54d34694a4 a9afe2e5a72c4f24bcf3a7e07a5be93a a8d29d27056248349c4c2b54504ca32f - - default default] Invoking delete_snapshot using DELETE url: /api/v2/projects/default/snapshots/d32c0f24-1aae-4a82-9ccc-f5c5e5b5da2c?             request.body:  ssl_verify: False
2026-09-28 10:04:32.215 77 WARNING py.warnings [None req-f88e47b8-4094-4b6b-a2d5-0d54d34694a4 a9afe2e5a72c4f24bcf3a7e07a5be93a a8d29d27056248349c4c2b54504ca32f - - default default] /var/lib/kolla/venv/lib/python3.12/site-packages/urllib3/connectionpool.py:1110: InsecureRequestWarning: Unverified HTTPS request is being made to host '[LB_IP_ADDRESS]'. Adding certificate verification is strongly advised. See: https://urllib3.readthedocs.io/en/latest/advanced-usage.html#tls-warnings
  warnings.warn(

2026-09-28 10:04:32.244 77 INFO cinder.volume.drivers.lightos [None req-f88e47b8-4094-4b6b-a2d5-0d54d34694a4 a9afe2e5a72c4f24bcf3a7e07a5be93a a8d29d27056248349c4c2b54504ca32f - - default default] Invoking get_snapshot using GET url: /api/v2/projects/default/snapshots/d32c0f24-1aae-4a82-9ccc-f5c5e5b5da2c             request.body: {} ssl_verify: False
2026-09-28 10:04:32.287 77 WARNING py.warnings [None req-f88e47b8-4094-4b6b-a2d5-0d54d34694a4 a9afe2e5a72c4f24bcf3a7e07a5be93a a8d29d27056248349c4c2b54504ca32f - - default default] /var/lib/kolla/venv/lib/python3.12/site-packages/urllib3/connectionpool.py:1110: InsecureRequestWarning: Unverified HTTPS request is being made to host '[LB_IP_ADDRESS]'. Adding certificate verification is strongly advised. See: https://urllib3.readthedocs.io/en/latest/advanced-usage.html#tls-warnings
  warnings.warn(

2026-09-28 10:04:32.453 77 INFO cinder.volume.manager [None req-f88e47b8-4094-4b6b-a2d5-0d54d34694a4 a9afe2e5a72c4f24bcf3a7e07a5be93a a8d29d27056248349c4c2b54504ca32f - - default default] Delete snapshot completed successfully.
2026-09-28 10:04:32.748 77 INFO cinder.volume.drivers.lightos [None req-70a954a2-ace4-45ec-b554-896e0673270b 454d17c05cfb4f7388f8e505707dd8bd 6ae3942bea18448cb005205f82ebe0ec - - default default] Invoking get_snapshot_by_name using GET url: /api/v2/projects/default/snapshots/?Name=snapshot-0e397fea-1016-47af-bc4d-9a78a426cf00             request.body: {} ssl_verify: False
2026-09-28 10:04:32.790 77 WARNING py.warnings [None req-70a954a2-ace4-45ec-b554-896e0673270b 454d17c05cfb4f7388f8e505707dd8bd 6ae3942bea18448cb005205f82ebe0ec - - default default] /var/lib/kolla/venv/lib/python3.12/site-packages/urllib3/connectionpool.py:1110: InsecureRequestWarning: Unverified HTTPS request is being made to host '[LB_IP_ADDRESS]'. Adding certificate verification is strongly advised. See: https://urllib3.readthedocs.io/en/latest/advanced-usage.html#tls-warnings
  warnings.warn(

2026-09-28 10:04:32.810 77 INFO cinder.volume.drivers.lightos [None req-70a954a2-ace4-45ec-b554-896e0673270b 454d17c05cfb4f7388f8e505707dd8bd 6ae3942bea18448cb005205f82ebe0ec - - default default] Invoking delete_snapshot using DELETE url: /api/v2/projects/default/snapshots/1c406964-8685-4c62-97ce-385f41f19891?             request.body:  ssl_verify: False
2026-09-28 10:04:32.853 77 WARNING py.warnings [None req-70a954a2-ace4-45ec-b554-896e0673270b 454d17c05cfb4f7388f8e505707dd8bd 6ae3942bea18448cb005205f82ebe0ec - - default default] /var/lib/kolla/venv/lib/python3.12/site-packages/urllib3/connectionpool.py:1110: InsecureRequestWarning: Unverified HTTPS request is being made to host '[LB_IP_ADDRESS]'. Adding certificate verification is strongly advised. See: https://urllib3.readthedocs.io/en/latest/advanced-usage.html#tls-warnings
  warnings.warn(

2026-09-28 10:04:32.902 77 INFO cinder.volume.drivers.lightos [None req-70a954a2-ace4-45ec-b554-896e0673270b 454d17c05cfb4f7388f8e505707dd8bd 6ae3942bea18448cb005205f82ebe0ec - - default default] Invoking get_snapshot using GET url: /api/v2/projects/default/snapshots/1c406964-8685-4c62-97ce-385f41f19891             request.body: {} ssl_verify: False
2026-09-28 10:04:32.948 77 WARNING py.warnings [None req-70a954a2-ace4-45ec-b554-896e0673270b 454d17c05cfb4f7388f8e505707dd8bd 6ae3942bea18448cb005205f82ebe0ec - - default default] /var/lib/kolla/venv/lib/python3.12/site-packages/urllib3/connectionpool.py:1110: InsecureRequestWarning: Unverified HTTPS request is being made to host '[LB_IP_ADDRESS]'. Adding certificate verification is strongly advised. See: https://urllib3.readthedocs.io/en/latest/advanced-usage.html#tls-warnings
  warnings.warn(

2026-09-28 10:04:33.068 77 INFO cinder.volume.manager [None req-70a954a2-ace4-45ec-b554-896e0673270b 454d17c05cfb4f7388f8e505707dd8bd 6ae3942bea18448cb005205f82ebe0ec - - default default] Delete snapshot completed successfully.
2026-09-28 10:04:33.300 77 INFO cinder.volume.drivers.lightos [None req-c5bb5281-1c57-4044-974e-160953c908e7 a9afe2e5a72c4f24bcf3a7e07a5be93a a8d29d27056248349c4c2b54504ca32f - - default default] Invoking delete_volume using DELETE url: /api/v2/projects/default/volumes/2b8ee409-3a80-4c60-ac4d-fd519e1aa9d2?             request.body:  ssl_verify: False
2026-09-28 10:04:33.335 77 WARNING py.warnings [None req-c5bb5281-1c57-4044-974e-160953c908e7 a9afe2e5a72c4f24bcf3a7e07a5be93a a8d29d27056248349c4c2b54504ca32f - - default default] /var/lib/kolla/venv/lib/python3.12/site-packages/urllib3/connectionpool.py:1110: InsecureRequestWarning: Unverified HTTPS request is being made to host '[LB_IP_ADDRESS]'. Adding certificate verification is strongly advised. See: https://urllib3.readthedocs.io/en/latest/advanced-usage.html#tls-warnings
  warnings.warn(

2026-09-28 10:04:33.366 77 INFO cinder.volume.drivers.lightos [None req-c5bb5281-1c57-4044-974e-160953c908e7 a9afe2e5a72c4f24bcf3a7e07a5be93a a8d29d27056248349c4c2b54504ca32f - - default default] Invoking get_volume using GET url: /api/v2/projects/default/volumes/2b8ee409-3a80-4c60-ac4d-fd519e1aa9d2             request.body: {} ssl_verify: False
2026-09-28 10:04:33.410 77 WARNING py.warnings [None req-c5bb5281-1c57-4044-974e-160953c908e7 a9afe2e5a72c4f24bcf3a7e07a5be93a a8d29d27056248349c4c2b54504ca32f - - default default] /var/lib/kolla/venv/lib/python3.12/site-packages/urllib3/connectionpool.py:1110: InsecureRequestWarning: Unverified HTTPS request is being made to host '[LB_IP_ADDRESS]'. Adding certificate verification is strongly advised. See: https://urllib3.readthedocs.io/en/latest/advanced-usage.html#tls-warnings
  warnings.warn(

2026-09-28 10:04:33.640 77 INFO cinder.volume.manager [None req-c5bb5281-1c57-4044-974e-160953c908e7 a9afe2e5a72c4f24bcf3a7e07a5be93a a8d29d27056248349c4c2b54504ca32f - - default default] Deleted volume successfully.
2026-09-28 10:04:33.867 77 INFO cinder.volume.drivers.lightos [None req-08c7142a-7e45-4bf6-9287-b214b7d12cc8 454d17c05cfb4f7388f8e505707dd8bd 6ae3942bea18448cb005205f82ebe0ec - - default default] Invoking get_snapshot_by_name using GET url: /api/v2/projects/default/snapshots/?Name=snapshot-90204f07-8ec2-4e28-9519-2c28f5a97dfa             request.body: {} ssl_verify: False
2026-09-28 10:04:33.906 77 WARNING py.warnings [None req-08c7142a-7e45-4bf6-9287-b214b7d12cc8 454d17c05cfb4f7388f8e505707dd8bd 6ae3942bea18448cb005205f82ebe0ec - - default default] /var/lib/kolla/venv/lib/python3.12/site-packages/urllib3/connectionpool.py:1110: InsecureRequestWarning: Unverified HTTPS request is being made to host '[LB_IP_ADDRESS]'. Adding certificate verification is strongly advised. See: https://urllib3.readthedocs.io/en/latest/advanced-usage.html#tls-warnings
  warnings.warn(

2026-09-28 10:04:33.919 77 INFO cinder.volume.drivers.lightos [None req-08c7142a-7e45-4bf6-9287-b214b7d12cc8 454d17c05cfb4f7388f8e505707dd8bd 6ae3942bea18448cb005205f82ebe0ec - - default default] Invoking delete_snapshot using DELETE url: /api/v2/projects/default/snapshots/ae79145c-6da1-4ebc-8800-4f68c2070a88?             request.body:  ssl_verify: False
2026-09-28 10:04:33.959 77 WARNING py.warnings [None req-08c7142a-7e45-4bf6-9287-b214b7d12cc8 454d17c05cfb4f7388f8e505707dd8bd 6ae3942bea18448cb005205f82ebe0ec - - default default] /var/lib/kolla/venv/lib/python3.12/site-packages/urllib3/connectionpool.py:1110: InsecureRequestWarning: Unverified HTTPS request is being made to host '[LB_IP_ADDRESS]'. Adding certificate verification is strongly advised. See: https://urllib3.readthedocs.io/en/latest/advanced-usage.html#tls-warnings
  warnings.warn(

2026-09-28 10:04:33.981 77 INFO cinder.volume.drivers.lightos [None req-08c7142a-7e45-4bf6-9287-b214b7d12cc8 454d17c05cfb4f7388f8e505707dd8bd 6ae3942bea18448cb005205f82ebe0ec - - default default] Invoking get_snapshot using GET url: /api/v2/projects/default/snapshots/ae79145c-6da1-4ebc-8800-4f68c2070a88             request.body: {} ssl_verify: False
2026-09-28 10:04:34.025 77 WARNING py.warnings [None req-08c7142a-7e45-4bf6-9287-b214b7d12cc8 454d17c05cfb4f7388f8e505707dd8bd 6ae3942bea18448cb005205f82ebe0ec - - default default] /var/lib/kolla/venv/lib/python3.12/site-packages/urllib3/connectionpool.py:1110: InsecureRequestWarning: Unverified HTTPS request is being made to host '[LB_IP_ADDRESS]'. Adding certificate verification is strongly advised. See: https://urllib3.readthedocs.io/en/latest/advanced-usage.html#tls-warnings
  warnings.warn(

2026-09-28 10:04:34.146 77 INFO cinder.volume.manager [None req-08c7142a-7e45-4bf6-9287-b214b7d12cc8 454d17c05cfb4f7388f8e505707dd8bd 6ae3942bea18448cb005205f82ebe0ec - - default default] Delete snapshot completed successfully.
2026-09-28 10:04:34.976 77 INFO cinder.volume.drivers.lightos [None req-351be723-6f2d-4705-8ff8-a12fa62944be 454d17c05cfb4f7388f8e505707dd8bd 6ae3942bea18448cb005205f82ebe0ec - - default default] Invoking get_snapshot_by_name using GET url: /api/v2/projects/default/snapshots/?Name=snapshot-be3c350e-1308-478e-8ae2-7137dfcc7478             request.body: {} ssl_verify: False
2026-09-28 10:04:35.020 77 WARNING py.warnings [None req-351be723-6f2d-4705-8ff8-a12fa62944be 454d17c05cfb4f7388f8e505707dd8bd 6ae3942bea18448cb005205f82ebe0ec - - default default] /var/lib/kolla/venv/lib/python3.12/site-packages/urllib3/connectionpool.py:1110: InsecureRequestWarning: Unverified HTTPS request is being made to host '[LB_IP_ADDRESS]'. Adding certificate verification is strongly advised. See: https://urllib3.readthedocs.io/en/latest/advanced-usage.html#tls-warnings
  warnings.warn(

2026-09-28 10:04:35.032 77 INFO cinder.volume.drivers.lightos [None req-351be723-6f2d-4705-8ff8-a12fa62944be 454d17c05cfb4f7388f8e505707dd8bd 6ae3942bea18448cb005205f82ebe0ec - - default default] Invoking delete_snapshot using DELETE url: /api/v2/projects/default/snapshots/816ee922-fb8d-4e5c-92cc-7b6173f16a09?             request.body:  ssl_verify: False
2026-09-28 10:04:35.070 77 WARNING py.warnings [None req-351be723-6f2d-4705-8ff8-a12fa62944be 454d17c05cfb4f7388f8e505707dd8bd 6ae3942bea18448cb005205f82ebe0ec - - default default] /var/lib/kolla/venv/lib/python3.12/site-packages/urllib3/connectionpool.py:1110: InsecureRequestWarning: Unverified HTTPS request is being made to host '[LB_IP_ADDRESS]'. Adding certificate verification is strongly advised. See: https://urllib3.readthedocs.io/en/latest/advanced-usage.html#tls-warnings
  warnings.warn(

2026-09-28 10:04:35.109 77 INFO cinder.volume.drivers.lightos [None req-351be723-6f2d-4705-8ff8-a12fa62944be 454d17c05cfb4f7388f8e505707dd8bd 6ae3942bea18448cb005205f82ebe0ec - - default default] Invoking get_snapshot using GET url: /api/v2/projects/default/snapshots/816ee922-fb8d-4e5c-92cc-7b6173f16a09             request.body: {} ssl_verify: False
2026-09-28 10:04:35.153 77 WARNING py.warnings [None req-351be723-6f2d-4705-8ff8-a12fa62944be 454d17c05cfb4f7388f8e505707dd8bd 6ae3942bea18448cb005205f82ebe0ec - - default default] /var/lib/kolla/venv/lib/python3.12/site-packages/urllib3/connectionpool.py:1110: InsecureRequestWarning: Unverified HTTPS request is being made to host '[LB_IP_ADDRESS]'. Adding certificate verification is strongly advised. See: https://urllib3.readthedocs.io/en/latest/advanced-usage.html#tls-warnings
  warnings.warn(

2026-09-28 10:04:35.270 77 INFO cinder.volume.manager [None req-351be723-6f2d-4705-8ff8-a12fa62944be 454d17c05cfb4f7388f8e505707dd8bd 6ae3942bea18448cb005205f82ebe0ec - - default default] Delete snapshot completed successfully.
2026-09-28 10:04:36.161 77 INFO cinder.volume.drivers.lightos [None req-283d11c4-48f3-401c-82d6-02aae99cb455 454d17c05cfb4f7388f8e505707dd8bd 6ae3942bea18448cb005205f82ebe0ec - - default default] Invoking delete_volume using DELETE url: /api/v2/projects/default/volumes/9ffc1bcc-815c-41ae-9ada-54b7f03d054f?             request.body:  ssl_verify: False
2026-09-28 10:04:36.198 77 WARNING py.warnings [None req-283d11c4-48f3-401c-82d6-02aae99cb455 454d17c05cfb4f7388f8e505707dd8bd 6ae3942bea18448cb005205f82ebe0ec - - default default] /var/lib/kolla/venv/lib/python3.12/site-packages/urllib3/connectionpool.py:1110: InsecureRequestWarning: Unverified HTTPS request is being made to host '[LB_IP_ADDRESS]'. Adding certificate verification is strongly advised. See: https://urllib3.readthedocs.io/en/latest/advanced-usage.html#tls-warnings
  warnings.warn(

2026-09-28 10:04:36.230 77 INFO cinder.volume.drivers.lightos [None req-283d11c4-48f3-401c-82d6-02aae99cb455 454d17c05cfb4f7388f8e505707dd8bd 6ae3942bea18448cb005205f82ebe0ec - - default default] Invoking get_volume using GET url: /api/v2/projects/default/volumes/9ffc1bcc-815c-41ae-9ada-54b7f03d054f             request.body: {} ssl_verify: False
2026-09-28 10:04:36.272 77 WARNING py.warnings [None req-283d11c4-48f3-401c-82d6-02aae99cb455 454d17c05cfb4f7388f8e505707dd8bd 6ae3942bea18448cb005205f82ebe0ec - - default default] /var/lib/kolla/venv/lib/python3.12/site-packages/urllib3/connectionpool.py:1110: InsecureRequestWarning: Unverified HTTPS request is being made to host '[LB_IP_ADDRESS]'. Adding certificate verification is strongly advised. See: https://urllib3.readthedocs.io/en/latest/advanced-usage.html#tls-warnings
  warnings.warn(

2026-09-28 10:04:36.386 77 INFO cinder.volume.manager [None req-283d11c4-48f3-401c-82d6-02aae99cb455 454d17c05cfb4f7388f8e505707dd8bd 6ae3942bea18448cb005205f82ebe0ec - - default default] Deleted volume successfully.
2026-09-28 10:04:53.013 77 INFO cinder.volume.drivers.lightos [None req-fa94576f-7960-4036-9241-0914ea304cb5 f06ba64dab9143ae99753aa7c6e3d25e d67ca296f4c1469a805e2f4bba043b88 - - default default] Invoking delete_volume using DELETE url: /api/v2/projects/default/volumes/6c8009b0-9606-4945-807b-1cee299c25af?             request.body:  ssl_verify: False
2026-09-28 10:04:53.049 77 WARNING py.warnings [None req-fa94576f-7960-4036-9241-0914ea304cb5 f06ba64dab9143ae99753aa7c6e3d25e d67ca296f4c1469a805e2f4bba043b88 - - default default] /var/lib/kolla/venv/lib/python3.12/site-packages/urllib3/connectionpool.py:1110: InsecureRequestWarning: Unverified HTTPS request is being made to host '[LB_IP_ADDRESS]'. Adding certificate verification is strongly advised. See: https://urllib3.readthedocs.io/en/latest/advanced-usage.html#tls-warnings
  warnings.warn(

2026-09-28 10:04:53.095 77 INFO cinder.volume.drivers.lightos [None req-fa94576f-7960-4036-9241-0914ea304cb5 f06ba64dab9143ae99753aa7c6e3d25e d67ca296f4c1469a805e2f4bba043b88 - - default default] Invoking get_volume using GET url: /api/v2/projects/default/volumes/6c8009b0-9606-4945-807b-1cee299c25af             request.body: {} ssl_verify: False
2026-09-28 10:04:53.140 77 WARNING py.warnings [None req-fa94576f-7960-4036-9241-0914ea304cb5 f06ba64dab9143ae99753aa7c6e3d25e d67ca296f4c1469a805e2f4bba043b88 - - default default] /var/lib/kolla/venv/lib/python3.12/site-packages/urllib3/connectionpool.py:1110: InsecureRequestWarning: Unverified HTTPS request is being made to host '[LB_IP_ADDRESS]'. Adding certificate verification is strongly advised. See: https://urllib3.readthedocs.io/en/latest/advanced-usage.html#tls-warnings
  warnings.warn(

2026-09-28 10:04:53.284 77 INFO cinder.volume.manager [None req-fa94576f-7960-4036-9241-0914ea304cb5 f06ba64dab9143ae99753aa7c6e3d25e d67ca296f4c1469a805e2f4bba043b88 - - default default] Deleted volume successfully.
2026-09-28 10:04:57.598 77 INFO cinder.volume.flows.manager.create_volume [None req-f6b237ca-6538-4433-b548-f695d8fb7068 aab641ea3cd64f4fac7528782c8be6d8 4008e681c9124ae9b15b03f9357191d3 - - - -] Volume 632364a1-0ea7-41f4-a4e1-e83b11bd1d70: being created as raw with specification: {'status': 'creating', 'volume_name': 'vol_632364a1-0ea7-41f4-a4e1-e83b11bd1d70', 'volume_size': 2}
2026-09-28 10:04:57.599 77 INFO cinder.volume.drivers.lightos [None req-f6b237ca-6538-4433-b548-f695d8fb7068 aab641ea3cd64f4fac7528782c8be6d8 4008e681c9124ae9b15b03f9357191d3 - - - -] Invoking get_volume_by_name using GET url: /api/v2/projects/default/volumes/?name=vol_632364a1-0ea7-41f4-a4e1-e83b11bd1d70             request.body: {} ssl_verify: False
2026-09-28 10:04:57.632 77 WARNING py.warnings [None req-f6b237ca-6538-4433-b548-f695d8fb7068 aab641ea3cd64f4fac7528782c8be6d8 4008e681c9124ae9b15b03f9357191d3 - - - -] /var/lib/kolla/venv/lib/python3.12/site-packages/urllib3/connectionpool.py:1110: InsecureRequestWarning: Unverified HTTPS request is being made to host '[LB_IP_ADDRESS]'. Adding certificate verification is strongly advised. See: https://urllib3.readthedocs.io/en/latest/advanced-usage.html#tls-warnings
  warnings.warn(

2026-09-28 10:04:57.644 77 INFO cinder.volume.drivers.lightos [None req-f6b237ca-6538-4433-b548-f695d8fb7068 aab641ea3cd64f4fac7528782c8be6d8 4008e681c9124ae9b15b03f9357191d3 - - - -] Invoking create_volume using POST url: /api/v2/projects/default/volumes             request.body: {'name': 'vol_632364a1-0ea7-41f4-a4e1-e83b11bd1d70', 'size': '2 gib', 'replicaCount': '3', 'compression': 'False', 'acl': {'values': ['ALLOW_NONE']}, 'IPAcl': {'values': ['ALLOW_NONE']}, 'sourceSnapshotUUID': None, 'sourceSnapshotName': None} ssl_verify: False
2026-09-28 10:04:57.684 77 WARNING py.warnings [None req-f6b237ca-6538-4433-b548-f695d8fb7068 aab641ea3cd64f4fac7528782c8be6d8 4008e681c9124ae9b15b03f9357191d3 - - - -] /var/lib/kolla/venv/lib/python3.12/site-packages/urllib3/connectionpool.py:1110: InsecureRequestWarning: Unverified HTTPS request is being made to host '[LB_IP_ADDRESS]'. Adding certificate verification is strongly advised. See: https://urllib3.readthedocs.io/en/latest/advanced-usage.html#tls-warnings
  warnings.warn(

2026-09-28 10:04:57.706 77 INFO cinder.volume.drivers.lightos [None req-f6b237ca-6538-4433-b548-f695d8fb7068 aab641ea3cd64f4fac7528782c8be6d8 4008e681c9124ae9b15b03f9357191d3 - - - -] Invoking get_volume using GET url: /api/v2/projects/default/volumes/47668e1c-d1e1-4add-9951-499dd742566d             request.body: {} ssl_verify: False
2026-09-28 10:04:57.757 77 WARNING py.warnings [None req-f6b237ca-6538-4433-b548-f695d8fb7068 aab641ea3cd64f4fac7528782c8be6d8 4008e681c9124ae9b15b03f9357191d3 - - - -] /var/lib/kolla/venv/lib/python3.12/site-packages/urllib3/connectionpool.py:1110: InsecureRequestWarning: Unverified HTTPS request is being made to host '[LB_IP_ADDRESS]'. Adding certificate verification is strongly advised. See: https://urllib3.readthedocs.io/en/latest/advanced-usage.html#tls-warnings
  warnings.warn(

2026-09-28 10:04:58.783 77 INFO cinder.volume.drivers.lightos [None req-f6b237ca-6538-4433-b548-f695d8fb7068 aab641ea3cd64f4fac7528782c8be6d8 4008e681c9124ae9b15b03f9357191d3 - - - -] Invoking get_volume using GET url: /api/v2/projects/default/volumes/47668e1c-d1e1-4add-9951-499dd742566d             request.body: {} ssl_verify: False
2026-09-28 10:04:58.836 77 WARNING py.warnings [None req-f6b237ca-6538-4433-b548-f695d8fb7068 aab641ea3cd64f4fac7528782c8be6d8 4008e681c9124ae9b15b03f9357191d3 - - - -] /var/lib/kolla/venv/lib/python3.12/site-packages/urllib3/connectionpool.py:1110: InsecureRequestWarning: Unverified HTTPS request is being made to host '[LB_IP_ADDRESS]'. Adding certificate verification is strongly advised. See: https://urllib3.readthedocs.io/en/latest/advanced-usage.html#tls-warnings
  warnings.warn(

2026-09-28 10:04:58.872 77 INFO cinder.volume.flows.manager.create_volume [None req-f6b237ca-6538-4433-b548-f695d8fb7068 aab641ea3cd64f4fac7528782c8be6d8 4008e681c9124ae9b15b03f9357191d3 - - - -] Volume vol_632364a1-0ea7-41f4-a4e1-e83b11bd1d70 (632364a1-0ea7-41f4-a4e1-e83b11bd1d70): created successfully
2026-09-28 10:04:58.880 77 INFO cinder.volume.manager [None req-f6b237ca-6538-4433-b548-f695d8fb7068 aab641ea3cd64f4fac7528782c8be6d8 4008e681c9124ae9b15b03f9357191d3 - - - -] Created volume successfully.
2026-09-28 10:04:59.875 77 INFO cinder.volume.drivers.lightos [None req-0d5c0f23-15c9-450b-bdc6-b1ecfb32f041 aab641ea3cd64f4fac7528782c8be6d8 4008e681c9124ae9b15b03f9357191d3 - - - -] Invoking get_snapshot_by_name using GET url: /api/v2/projects/default/snapshots/?Name=snapshot-7d7f6a93-5bf2-4c00-85f2-820ee860c260             request.body: {} ssl_verify: False
2026-09-28 10:04:59.909 77 WARNING py.warnings [None req-0d5c0f23-15c9-450b-bdc6-b1ecfb32f041 aab641ea3cd64f4fac7528782c8be6d8 4008e681c9124ae9b15b03f9357191d3 - - - -] /var/lib/kolla/venv/lib/python3.12/site-packages/urllib3/connectionpool.py:1110: InsecureRequestWarning: Unverified HTTPS request is being made to host '[LB_IP_ADDRESS]'. Adding certificate verification is strongly advised. See: https://urllib3.readthedocs.io/en/latest/advanced-usage.html#tls-warnings
  warnings.warn(

2026-09-28 10:04:59.942 77 INFO cinder.volume.drivers.lightos [None req-0d5c0f23-15c9-450b-bdc6-b1ecfb32f041 aab641ea3cd64f4fac7528782c8be6d8 4008e681c9124ae9b15b03f9357191d3 - - - -] Invoking create_snapshot using POST url: /api/v2/projects/default/snapshots             request.body: {'name': 'snapshot-7d7f6a93-5bf2-4c00-85f2-820ee860c260', 'sourceVolumeUUID': None, 'sourceVolumeName': 'vol_632364a1-0ea7-41f4-a4e1-e83b11bd1d70'} ssl_verify: False
2026-09-28 10:04:59.987 77 WARNING py.warnings [None req-0d5c0f23-15c9-450b-bdc6-b1ecfb32f041 aab641ea3cd64f4fac7528782c8be6d8 4008e681c9124ae9b15b03f9357191d3 - - - -] /var/lib/kolla/venv/lib/python3.12/site-packages/urllib3/connectionpool.py:1110: InsecureRequestWarning: Unverified HTTPS request is being made to host '[LB_IP_ADDRESS]'. Adding certificate verification is strongly advised. See: https://urllib3.readthedocs.io/en/latest/advanced-usage.html#tls-warnings
  warnings.warn(

2026-09-28 10:05:00.018 77 INFO cinder.volume.drivers.lightos [None req-0d5c0f23-15c9-450b-bdc6-b1ecfb32f041 aab641ea3cd64f4fac7528782c8be6d8 4008e681c9124ae9b15b03f9357191d3 - - - -] Invoking get_snapshot_by_name using GET url: /api/v2/projects/default/snapshots/?Name=snapshot-7d7f6a93-5bf2-4c00-85f2-820ee860c260             request.body: {} ssl_verify: False
2026-09-28 10:05:00.059 77 WARNING py.warnings [None req-0d5c0f23-15c9-450b-bdc6-b1ecfb32f041 aab641ea3cd64f4fac7528782c8be6d8 4008e681c9124ae9b15b03f9357191d3 - - - -] /var/lib/kolla/venv/lib/python3.12/site-packages/urllib3/connectionpool.py:1110: InsecureRequestWarning: Unverified HTTPS request is being made to host '[LB_IP_ADDRESS]'. Adding certificate verification is strongly advised. See: https://urllib3.readthedocs.io/en/latest/advanced-usage.html#tls-warnings
  warnings.warn(

2026-09-28 10:05:01.120 77 INFO cinder.volume.drivers.lightos [None req-0d5c0f23-15c9-450b-bdc6-b1ecfb32f041 aab641ea3cd64f4fac7528782c8be6d8 4008e681c9124ae9b15b03f9357191d3 - - - -] Invoking get_snapshot_by_name using GET url: /api/v2/projects/default/snapshots/?Name=snapshot-7d7f6a93-5bf2-4c00-85f2-820ee860c260             request.body: {} ssl_verify: False
2026-09-28 10:05:01.167 77 WARNING py.warnings [None req-0d5c0f23-15c9-450b-bdc6-b1ecfb32f041 aab641ea3cd64f4fac7528782c8be6d8 4008e681c9124ae9b15b03f9357191d3 - - - -] /var/lib/kolla/venv/lib/python3.12/site-packages/urllib3/connectionpool.py:1110: InsecureRequestWarning: Unverified HTTPS request is being made to host '[LB_IP_ADDRESS]'. Adding certificate verification is strongly advised. See: https://urllib3.readthedocs.io/en/latest/advanced-usage.html#tls-warnings
  warnings.warn(

2026-09-28 10:05:01.201 77 INFO cinder.volume.manager [None req-0d5c0f23-15c9-450b-bdc6-b1ecfb32f041 aab641ea3cd64f4fac7528782c8be6d8 4008e681c9124ae9b15b03f9357191d3 - - - -] Create snapshot completed successfully
2026-09-28 10:05:02.037 77 INFO cinder.volume.drivers.lightos [None req-eb01c996-58db-4be0-81ea-aaffb9dc92a1 aab641ea3cd64f4fac7528782c8be6d8 4008e681c9124ae9b15b03f9357191d3 - - default default] Invoking get_snapshot_by_name using GET url: /api/v2/projects/default/snapshots/?Name=snapshot-7d7f6a93-5bf2-4c00-85f2-820ee860c260             request.body: {} ssl_verify: False
2026-09-28 10:05:02.085 77 WARNING py.warnings [None req-eb01c996-58db-4be0-81ea-aaffb9dc92a1 aab641ea3cd64f4fac7528782c8be6d8 4008e681c9124ae9b15b03f9357191d3 - - default default] /var/lib/kolla/venv/lib/python3.12/site-packages/urllib3/connectionpool.py:1110: InsecureRequestWarning: Unverified HTTPS request is being made to host '[LB_IP_ADDRESS]'. Adding certificate verification is strongly advised. See: https://urllib3.readthedocs.io/en/latest/advanced-usage.html#tls-warnings
  warnings.warn(

2026-09-28 10:05:02.109 77 INFO cinder.volume.drivers.lightos [None req-eb01c996-58db-4be0-81ea-aaffb9dc92a1 aab641ea3cd64f4fac7528782c8be6d8 4008e681c9124ae9b15b03f9357191d3 - - default default] Invoking delete_snapshot using DELETE url: /api/v2/projects/default/snapshots/456c54a4-d7a1-49f7-91a0-e40051827840?             request.body:  ssl_verify: False
2026-09-28 10:05:02.154 77 WARNING py.warnings [None req-eb01c996-58db-4be0-81ea-aaffb9dc92a1 aab641ea3cd64f4fac7528782c8be6d8 4008e681c9124ae9b15b03f9357191d3 - - default default] /var/lib/kolla/venv/lib/python3.12/site-packages/urllib3/connectionpool.py:1110: InsecureRequestWarning: Unverified HTTPS request is being made to host '[LB_IP_ADDRESS]'. Adding certificate verification is strongly advised. See: https://urllib3.readthedocs.io/en/latest/advanced-usage.html#tls-warnings
  warnings.warn(

2026-09-28 10:05:02.180 77 INFO cinder.volume.drivers.lightos [None req-eb01c996-58db-4be0-81ea-aaffb9dc92a1 aab641ea3cd64f4fac7528782c8be6d8 4008e681c9124ae9b15b03f9357191d3 - - default default] Invoking get_snapshot using GET url: /api/v2/projects/default/snapshots/456c54a4-d7a1-49f7-91a0-e40051827840             request.body: {} ssl_verify: False
2026-09-28 10:05:02.224 77 WARNING py.warnings [None req-eb01c996-58db-4be0-81ea-aaffb9dc92a1 aab641ea3cd64f4fac7528782c8be6d8 4008e681c9124ae9b15b03f9357191d3 - - default default] /var/lib/kolla/venv/lib/python3.12/site-packages/urllib3/connectionpool.py:1110: InsecureRequestWarning: Unverified HTTPS request is being made to host '[LB_IP_ADDRESS]'. Adding certificate verification is strongly advised. See: https://urllib3.readthedocs.io/en/latest/advanced-usage.html#tls-warnings
  warnings.warn(

2026-09-28 10:05:02.353 77 INFO cinder.volume.manager [None req-eb01c996-58db-4be0-81ea-aaffb9dc92a1 aab641ea3cd64f4fac7528782c8be6d8 4008e681c9124ae9b15b03f9357191d3 - - default default] Delete snapshot completed successfully.
2026-09-28 10:05:03.209 77 INFO cinder.volume.drivers.lightos [None req-ee8910ce-4b4b-4337-9685-79f48e7961cf aab641ea3cd64f4fac7528782c8be6d8 4008e681c9124ae9b15b03f9357191d3 - - default default] Invoking delete_volume using DELETE url: /api/v2/projects/default/volumes/47668e1c-d1e1-4add-9951-499dd742566d?             request.body:  ssl_verify: False
2026-09-28 10:05:03.243 77 WARNING py.warnings [None req-ee8910ce-4b4b-4337-9685-79f48e7961cf aab641ea3cd64f4fac7528782c8be6d8 4008e681c9124ae9b15b03f9357191d3 - - default default] /var/lib/kolla/venv/lib/python3.12/site-packages/urllib3/connectionpool.py:1110: InsecureRequestWarning: Unverified HTTPS request is being made to host '[LB_IP_ADDRESS]'. Adding certificate verification is strongly advised. See: https://urllib3.readthedocs.io/en/latest/advanced-usage.html#tls-warnings
  warnings.warn(

2026-09-28 10:05:03.272 77 INFO cinder.volume.drivers.lightos [None req-ee8910ce-4b4b-4337-9685-79f48e7961cf aab641ea3cd64f4fac7528782c8be6d8 4008e681c9124ae9b15b03f9357191d3 - - default default] Invoking get_volume using GET url: /api/v2/projects/default/volumes/47668e1c-d1e1-4add-9951-499dd742566d             request.body: {} ssl_verify: False
2026-09-28 10:05:03.325 77 WARNING py.warnings [None req-ee8910ce-4b4b-4337-9685-79f48e7961cf aab641ea3cd64f4fac7528782c8be6d8 4008e681c9124ae9b15b03f9357191d3 - - default default] /var/lib/kolla/venv/lib/python3.12/site-packages/urllib3/connectionpool.py:1110: InsecureRequestWarning: Unverified HTTPS request is being made to host '[LB_IP_ADDRESS]'. Adding certificate verification is strongly advised. See: https://urllib3.readthedocs.io/en/latest/advanced-usage.html#tls-warnings
  warnings.warn(

2026-09-28 10:05:03.458 77 INFO cinder.volume.manager [None req-ee8910ce-4b4b-4337-9685-79f48e7961cf aab641ea3cd64f4fac7528782c8be6d8 4008e681c9124ae9b15b03f9357191d3 - - default default] Deleted volume successfully.
2026-09-28 10:05:10.748 77 INFO cinder.volume.flows.manager.create_volume [None req-995915ea-7d7f-43e9-a3ba-5b072d092467 89093f5331a34becab93d09a27540751 c42460167cef4ef6b1aa3b31667a18fe - - - -] Volume 9d502fcb-84f6-4eb5-b33f-a6dc3e7eca11: being created as raw with specification: {'status': 'creating', 'volume_name': 'vol_9d502fcb-84f6-4eb5-b33f-a6dc3e7eca11', 'volume_size': 1}
2026-09-28 10:05:10.748 77 INFO cinder.volume.drivers.lightos [None req-995915ea-7d7f-43e9-a3ba-5b072d092467 89093f5331a34becab93d09a27540751 c42460167cef4ef6b1aa3b31667a18fe - - - -] Invoking get_volume_by_name using GET url: /api/v2/projects/default/volumes/?name=vol_9d502fcb-84f6-4eb5-b33f-a6dc3e7eca11             request.body: {} ssl_verify: False
2026-09-28 10:05:10.783 77 WARNING py.warnings [None req-995915ea-7d7f-43e9-a3ba-5b072d092467 89093f5331a34becab93d09a27540751 c42460167cef4ef6b1aa3b31667a18fe - - - -] /var/lib/kolla/venv/lib/python3.12/site-packages/urllib3/connectionpool.py:1110: InsecureRequestWarning: Unverified HTTPS request is being made to host '[LB_IP_ADDRESS]'. Adding certificate verification is strongly advised. See: https://urllib3.readthedocs.io/en/latest/advanced-usage.html#tls-warnings
  warnings.warn(

2026-09-28 10:05:10.799 77 INFO cinder.volume.drivers.lightos [None req-995915ea-7d7f-43e9-a3ba-5b072d092467 89093f5331a34becab93d09a27540751 c42460167cef4ef6b1aa3b31667a18fe - - - -] Invoking create_volume using POST url: /api/v2/projects/default/volumes             request.body: {'name': 'vol_9d502fcb-84f6-4eb5-b33f-a6dc3e7eca11', 'size': '1 gib', 'replicaCount': '3', 'compression': 'False', 'acl': {'values': ['ALLOW_NONE']}, 'IPAcl': {'values': ['ALLOW_NONE']}, 'sourceSnapshotUUID': None, 'sourceSnapshotName': None} ssl_verify: False
2026-09-28 10:05:10.845 77 INFO cinder.volume.flows.manager.create_volume [None req-b5b0e4e3-7135-4140-9151-374bf10bfe83 fcc22dc4f8a64442b34282da4620256e ab31734183864f3ba4fab1c91246c4d0 - - - -] Volume 3cb56316-9c2a-430a-b4e2-814ed7029e3d: being created as raw with specification: {'status': 'creating', 'volume_name': 'vol_3cb56316-9c2a-430a-b4e2-814ed7029e3d', 'volume_size': 1}
2026-09-28 10:05:10.845 77 INFO cinder.volume.drivers.lightos [None req-b5b0e4e3-7135-4140-9151-374bf10bfe83 fcc22dc4f8a64442b34282da4620256e ab31734183864f3ba4fab1c91246c4d0 - - - -] Invoking get_volume_by_name using GET url: /api/v2/projects/default/volumes/?name=vol_3cb56316-9c2a-430a-b4e2-814ed7029e3d             request.body: {} ssl_verify: False
2026-09-28 10:05:10.847 77 WARNING py.warnings [None req-995915ea-7d7f-43e9-a3ba-5b072d092467 89093f5331a34becab93d09a27540751 c42460167cef4ef6b1aa3b31667a18fe - - - -] /var/lib/kolla/venv/lib/python3.12/site-packages/urllib3/connectionpool.py:1110: InsecureRequestWarning: Unverified HTTPS request is being made to host '[LB_IP_ADDRESS]'. Adding certificate verification is strongly advised. See: https://urllib3.readthedocs.io/en/latest/advanced-usage.html#tls-warnings
  warnings.warn(

2026-09-28 10:05:10.879 77 WARNING py.warnings [None req-b5b0e4e3-7135-4140-9151-374bf10bfe83 fcc22dc4f8a64442b34282da4620256e ab31734183864f3ba4fab1c91246c4d0 - - - -] /var/lib/kolla/venv/lib/python3.12/site-packages/urllib3/connectionpool.py:1110: InsecureRequestWarning: Unverified HTTPS request is being made to host '[LB_IP_ADDRESS]'. Adding certificate verification is strongly advised. See: https://urllib3.readthedocs.io/en/latest/advanced-usage.html#tls-warnings
  warnings.warn(

2026-09-28 10:05:10.897 77 INFO cinder.volume.drivers.lightos [None req-b5b0e4e3-7135-4140-9151-374bf10bfe83 fcc22dc4f8a64442b34282da4620256e ab31734183864f3ba4fab1c91246c4d0 - - - -] Invoking create_volume using POST url: /api/v2/projects/default/volumes             request.body: {'name': 'vol_3cb56316-9c2a-430a-b4e2-814ed7029e3d', 'size': '1 gib', 'replicaCount': '3', 'compression': 'False', 'acl': {'values': ['ALLOW_NONE']}, 'IPAcl': {'values': ['ALLOW_NONE']}, 'sourceSnapshotUUID': None, 'sourceSnapshotName': None} ssl_verify: False
2026-09-28 10:05:10.900 77 INFO cinder.volume.drivers.lightos [None req-995915ea-7d7f-43e9-a3ba-5b072d092467 89093f5331a34becab93d09a27540751 c42460167cef4ef6b1aa3b31667a18fe - - - -] Invoking get_volume using GET url: /api/v2/projects/default/volumes/1d8e7918-354f-4ff5-afa6-f6887ee00071             request.body: {} ssl_verify: False
2026-09-28 10:05:10.953 77 WARNING py.warnings [None req-b5b0e4e3-7135-4140-9151-374bf10bfe83 fcc22dc4f8a64442b34282da4620256e ab31734183864f3ba4fab1c91246c4d0 - - - -] /var/lib/kolla/venv/lib/python3.12/site-packages/urllib3/connectionpool.py:1110: InsecureRequestWarning: Unverified HTTPS request is being made to host '[LB_IP_ADDRESS]'. Adding certificate verification is strongly advised. See: https://urllib3.readthedocs.io/en/latest/advanced-usage.html#tls-warnings
  warnings.warn(

2026-09-28 10:05:10.959 77 WARNING py.warnings [None req-995915ea-7d7f-43e9-a3ba-5b072d092467 89093f5331a34becab93d09a27540751 c42460167cef4ef6b1aa3b31667a18fe - - - -] /var/lib/kolla/venv/lib/python3.12/site-packages/urllib3/connectionpool.py:1110: InsecureRequestWarning: Unverified HTTPS request is being made to host '[LB_IP_ADDRESS]'. Adding certificate verification is strongly advised. See: https://urllib3.readthedocs.io/en/latest/advanced-usage.html#tls-warnings
  warnings.warn(

2026-09-28 10:05:10.969 77 INFO cinder.volume.flows.manager.create_volume [None req-a80d9bfb-d15c-4d2b-9432-8ddc8d82b537 5f5af72fe0bd4d82979e85e9d4adee16 41c2ce5c3ffc4ba0b416f0241a682b97 - - - -] Volume dad1b868-f8a9-42a2-836c-e7e58f35e66a: being created as raw with specification: {'status': 'creating', 'volume_name': 'vol_dad1b868-f8a9-42a2-836c-e7e58f35e66a', 'volume_size': 1}
2026-09-28 10:05:10.969 77 INFO cinder.volume.drivers.lightos [None req-a80d9bfb-d15c-4d2b-9432-8ddc8d82b537 5f5af72fe0bd4d82979e85e9d4adee16 41c2ce5c3ffc4ba0b416f0241a682b97 - - - -] Invoking get_volume_by_name using GET url: /api/v2/projects/default/volumes/?name=vol_dad1b868-f8a9-42a2-836c-e7e58f35e66a             request.body: {} ssl_verify: False
2026-09-28 10:05:10.997 77 INFO cinder.volume.drivers.lightos [None req-b5b0e4e3-7135-4140-9151-374bf10bfe83 fcc22dc4f8a64442b34282da4620256e ab31734183864f3ba4fab1c91246c4d0 - - - -] Invoking get_volume using GET url: /api/v2/projects/default/volumes/95eff50e-c82a-4d61-bcba-0f306368cc8f             request.body: {} ssl_verify: False
2026-09-28 10:05:11.028 77 WARNING py.warnings [None req-a80d9bfb-d15c-4d2b-9432-8ddc8d82b537 5f5af72fe0bd4d82979e85e9d4adee16 41c2ce5c3ffc4ba0b416f0241a682b97 - - - -] /var/lib/kolla/venv/lib/python3.12/site-packages/urllib3/connectionpool.py:1110: InsecureRequestWarning: Unverified HTTPS request is being made to host '[LB_IP_ADDRESS]'. Adding certificate verification is strongly advised. See: https://urllib3.readthedocs.io/en/latest/advanced-usage.html#tls-warnings
  warnings.warn(

2026-09-28 10:05:11.038 77 INFO cinder.volume.flows.manager.create_volume [None req-995915ea-7d7f-43e9-a3ba-5b072d092467 89093f5331a34becab93d09a27540751 c42460167cef4ef6b1aa3b31667a18fe - - - -] Volume vol_9d502fcb-84f6-4eb5-b33f-a6dc3e7eca11 (9d502fcb-84f6-4eb5-b33f-a6dc3e7eca11): created successfully
2026-09-28 10:05:11.045 77 INFO cinder.volume.manager [None req-995915ea-7d7f-43e9-a3ba-5b072d092467 89093f5331a34becab93d09a27540751 c42460167cef4ef6b1aa3b31667a18fe - - - -] Created volume successfully.
2026-09-28 10:05:11.049 77 WARNING py.warnings [None req-b5b0e4e3-7135-4140-9151-374bf10bfe83 fcc22dc4f8a64442b34282da4620256e ab31734183864f3ba4fab1c91246c4d0 - - - -] /var/lib/kolla/venv/lib/python3.12/site-packages/urllib3/connectionpool.py:1110: InsecureRequestWarning: Unverified HTTPS request is being made to host '[LB_IP_ADDRESS]'. Adding certificate verification is strongly advised. See: https://urllib3.readthedocs.io/en/latest/advanced-usage.html#tls-warnings
  warnings.warn(

2026-09-28 10:05:11.053 77 INFO cinder.volume.drivers.lightos [None req-a80d9bfb-d15c-4d2b-9432-8ddc8d82b537 5f5af72fe0bd4d82979e85e9d4adee16 41c2ce5c3ffc4ba0b416f0241a682b97 - - - -] Invoking create_volume using POST url: /api/v2/projects/default/volumes             request.body: {'name': 'vol_dad1b868-f8a9-42a2-836c-e7e58f35e66a', 'size': '1 gib', 'replicaCount': '3', 'compression': 'False', 'acl': {'values': ['ALLOW_NONE']}, 'IPAcl': {'values': ['ALLOW_NONE']}, 'sourceSnapshotUUID': None, 'sourceSnapshotName': None} ssl_verify: False
2026-09-28 10:05:11.094 77 WARNING py.warnings [None req-a80d9bfb-d15c-4d2b-9432-8ddc8d82b537 5f5af72fe0bd4d82979e85e9d4adee16 41c2ce5c3ffc4ba0b416f0241a682b97 - - - -] /var/lib/kolla/venv/lib/python3.12/site-packages/urllib3/connectionpool.py:1110: InsecureRequestWarning: Unverified HTTPS request is being made to host '[LB_IP_ADDRESS]'. Adding certificate verification is strongly advised. See: https://urllib3.readthedocs.io/en/latest/advanced-usage.html#tls-warnings
  warnings.warn(

2026-09-28 10:05:11.111 77 INFO cinder.volume.flows.manager.create_volume [None req-b5b0e4e3-7135-4140-9151-374bf10bfe83 fcc22dc4f8a64442b34282da4620256e ab31734183864f3ba4fab1c91246c4d0 - - - -] Volume vol_3cb56316-9c2a-430a-b4e2-814ed7029e3d (3cb56316-9c2a-430a-b4e2-814ed7029e3d): created successfully
2026-09-28 10:05:11.126 77 INFO cinder.volume.flows.manager.create_volume [None req-b1dd8da6-7cf7-422f-818d-642ef620ec00 fcc22dc4f8a64442b34282da4620256e ab31734183864f3ba4fab1c91246c4d0 - - - -] Volume 97c85aa2-f1d9-427f-9b22-cf286ade9c4e: being created as raw with specification: {'status': 'creating', 'volume_name': 'vol_97c85aa2-f1d9-427f-9b22-cf286ade9c4e', 'volume_size': 1}
2026-09-28 10:05:11.126 77 INFO cinder.volume.drivers.lightos [None req-b1dd8da6-7cf7-422f-818d-642ef620ec00 fcc22dc4f8a64442b34282da4620256e ab31734183864f3ba4fab1c91246c4d0 - - - -] Invoking get_volume_by_name using GET url: /api/v2/projects/default/volumes/?name=vol_97c85aa2-f1d9-427f-9b22-cf286ade9c4e             request.body: {} ssl_verify: False
2026-09-28 10:05:11.129 77 INFO cinder.volume.drivers.lightos [None req-a80d9bfb-d15c-4d2b-9432-8ddc8d82b537 5f5af72fe0bd4d82979e85e9d4adee16 41c2ce5c3ffc4ba0b416f0241a682b97 - - - -] Invoking get_volume using GET url: /api/v2/projects/default/volumes/43cef9da-597e-488d-9395-51546f9d55cc             request.body: {} ssl_verify: False
2026-09-28 10:05:11.183 77 WARNING py.warnings [None req-b1dd8da6-7cf7-422f-818d-642ef620ec00 fcc22dc4f8a64442b34282da4620256e ab31734183864f3ba4fab1c91246c4d0 - - - -] /var/lib/kolla/venv/lib/python3.12/site-packages/urllib3/connectionpool.py:1110: InsecureRequestWarning: Unverified HTTPS request is being made to host '[LB_IP_ADDRESS]'. Adding certificate verification is strongly advised. See: https://urllib3.readthedocs.io/en/latest/advanced-usage.html#tls-warnings
  warnings.warn(

2026-09-28 10:05:11.183 77 INFO cinder.volume.manager [None req-b5b0e4e3-7135-4140-9151-374bf10bfe83 fcc22dc4f8a64442b34282da4620256e ab31734183864f3ba4fab1c91246c4d0 - - - -] Created volume successfully.
2026-09-28 10:05:11.189 77 WARNING py.warnings [None req-a80d9bfb-d15c-4d2b-9432-8ddc8d82b537 5f5af72fe0bd4d82979e85e9d4adee16 41c2ce5c3ffc4ba0b416f0241a682b97 - - - -] /var/lib/kolla/venv/lib/python3.12/site-packages/urllib3/connectionpool.py:1110: InsecureRequestWarning: Unverified HTTPS request is being made to host '[LB_IP_ADDRESS]'. Adding certificate verification is strongly advised. See: https://urllib3.readthedocs.io/en/latest/advanced-usage.html#tls-warnings
  warnings.warn(

2026-09-28 10:05:11.199 77 INFO cinder.volume.drivers.lightos [None req-b1dd8da6-7cf7-422f-818d-642ef620ec00 fcc22dc4f8a64442b34282da4620256e ab31734183864f3ba4fab1c91246c4d0 - - - -] Invoking create_volume using POST url: /api/v2/projects/default/volumes             request.body: {'name': 'vol_97c85aa2-f1d9-427f-9b22-cf286ade9c4e', 'size': '1 gib', 'replicaCount': '3', 'compression': 'False', 'acl': {'values': ['ALLOW_NONE']}, 'IPAcl': {'values': ['ALLOW_NONE']}, 'sourceSnapshotUUID': None, 'sourceSnapshotName': None} ssl_verify: False
2026-09-28 10:05:11.233 77 WARNING py.warnings [None req-b1dd8da6-7cf7-422f-818d-642ef620ec00 fcc22dc4f8a64442b34282da4620256e ab31734183864f3ba4fab1c91246c4d0 - - - -] /var/lib/kolla/venv/lib/python3.12/site-packages/urllib3/connectionpool.py:1110: InsecureRequestWarning: Unverified HTTPS request is being made to host '[LB_IP_ADDRESS]'. Adding certificate verification is strongly advised. See: https://urllib3.readthedocs.io/en/latest/advanced-usage.html#tls-warnings
  warnings.warn(

2026-09-28 10:05:11.242 77 INFO cinder.volume.flows.manager.create_volume [None req-a80d9bfb-d15c-4d2b-9432-8ddc8d82b537 5f5af72fe0bd4d82979e85e9d4adee16 41c2ce5c3ffc4ba0b416f0241a682b97 - - - -] Volume vol_dad1b868-f8a9-42a2-836c-e7e58f35e66a (dad1b868-f8a9-42a2-836c-e7e58f35e66a): created successfully
2026-09-28 10:05:11.248 77 INFO cinder.volume.manager [None req-a80d9bfb-d15c-4d2b-9432-8ddc8d82b537 5f5af72fe0bd4d82979e85e9d4adee16 41c2ce5c3ffc4ba0b416f0241a682b97 - - - -] Created volume successfully.
2026-09-28 10:05:11.257 77 INFO cinder.volume.drivers.lightos [None req-b1dd8da6-7cf7-422f-818d-642ef620ec00 fcc22dc4f8a64442b34282da4620256e ab31734183864f3ba4fab1c91246c4d0 - - - -] Invoking get_volume using GET url: /api/v2/projects/default/volumes/6bf06bbd-dc67-4f5b-bc5a-3448402644aa             request.body: {} ssl_verify: False
2026-09-28 10:05:11.303 77 WARNING py.warnings [None req-b1dd8da6-7cf7-422f-818d-642ef620ec00 fcc22dc4f8a64442b34282da4620256e ab31734183864f3ba4fab1c91246c4d0 - - - -] /var/lib/kolla/venv/lib/python3.12/site-packages/urllib3/connectionpool.py:1110: InsecureRequestWarning: Unverified HTTPS request is being made to host '[LB_IP_ADDRESS]'. Adding certificate verification is strongly advised. See: https://urllib3.readthedocs.io/en/latest/advanced-usage.html#tls-warnings
  warnings.warn(

2026-09-28 10:05:11.436 77 INFO cinder.volume.flows.manager.create_volume [None req-346a6559-3a81-4b90-a603-22b02ceea1c1 fcc22dc4f8a64442b34282da4620256e ab31734183864f3ba4fab1c91246c4d0 - - - -] Volume c1b7a85a-4fa8-45c2-a668-c44f9d124415: being created as raw with specification: {'status': 'creating', 'volume_name': 'vol_c1b7a85a-4fa8-45c2-a668-c44f9d124415', 'volume_size': 1}
2026-09-28 10:05:11.437 77 INFO cinder.volume.drivers.lightos [None req-346a6559-3a81-4b90-a603-22b02ceea1c1 fcc22dc4f8a64442b34282da4620256e ab31734183864f3ba4fab1c91246c4d0 - - - -] Invoking get_volume_by_name using GET url: /api/v2/projects/default/volumes/?name=vol_c1b7a85a-4fa8-45c2-a668-c44f9d124415             request.body: {} ssl_verify: False
2026-09-28 10:05:11.469 77 WARNING py.warnings [None req-346a6559-3a81-4b90-a603-22b02ceea1c1 fcc22dc4f8a64442b34282da4620256e ab31734183864f3ba4fab1c91246c4d0 - - - -] /var/lib/kolla/venv/lib/python3.12/site-packages/urllib3/connectionpool.py:1110: InsecureRequestWarning: Unverified HTTPS request is being made to host '[LB_IP_ADDRESS]'. Adding certificate verification is strongly advised. See: https://urllib3.readthedocs.io/en/latest/advanced-usage.html#tls-warnings
  warnings.warn(

2026-09-28 10:05:11.485 77 INFO cinder.volume.drivers.lightos [None req-346a6559-3a81-4b90-a603-22b02ceea1c1 fcc22dc4f8a64442b34282da4620256e ab31734183864f3ba4fab1c91246c4d0 - - - -] Invoking create_volume using POST url: /api/v2/projects/default/volumes             request.body: {'name': 'vol_c1b7a85a-4fa8-45c2-a668-c44f9d124415', 'size': '1 gib', 'replicaCount': '3', 'compression': 'False', 'acl': {'values': ['ALLOW_NONE']}, 'IPAcl': {'values': ['ALLOW_NONE']}, 'sourceSnapshotUUID': None, 'sourceSnapshotName': None} ssl_verify: False
2026-09-28 10:05:11.525 77 WARNING py.warnings [None req-346a6559-3a81-4b90-a603-22b02ceea1c1 fcc22dc4f8a64442b34282da4620256e ab31734183864f3ba4fab1c91246c4d0 - - - -] /var/lib/kolla/venv/lib/python3.12/site-packages/urllib3/connectionpool.py:1110: InsecureRequestWarning: Unverified HTTPS request is being made to host '[LB_IP_ADDRESS]'. Adding certificate verification is strongly advised. See: https://urllib3.readthedocs.io/en/latest/advanced-usage.html#tls-warnings
  warnings.warn(

2026-09-28 10:05:11.549 77 INFO cinder.volume.drivers.lightos [None req-346a6559-3a81-4b90-a603-22b02ceea1c1 fcc22dc4f8a64442b34282da4620256e ab31734183864f3ba4fab1c91246c4d0 - - - -] Invoking get_volume using GET url: /api/v2/projects/default/volumes/de8747e1-6cc5-411f-81cf-30320e282838             request.body: {} ssl_verify: False
2026-09-28 10:05:11.598 77 WARNING py.warnings [None req-346a6559-3a81-4b90-a603-22b02ceea1c1 fcc22dc4f8a64442b34282da4620256e ab31734183864f3ba4fab1c91246c4d0 - - - -] /var/lib/kolla/venv/lib/python3.12/site-packages/urllib3/connectionpool.py:1110: InsecureRequestWarning: Unverified HTTPS request is being made to host '[LB_IP_ADDRESS]'. Adding certificate verification is strongly advised. See: https://urllib3.readthedocs.io/en/latest/advanced-usage.html#tls-warnings
  warnings.warn(

2026-09-28 10:05:11.627 77 INFO cinder.volume.flows.manager.create_volume [None req-346a6559-3a81-4b90-a603-22b02ceea1c1 fcc22dc4f8a64442b34282da4620256e ab31734183864f3ba4fab1c91246c4d0 - - - -] Volume vol_c1b7a85a-4fa8-45c2-a668-c44f9d124415 (c1b7a85a-4fa8-45c2-a668-c44f9d124415): created successfully
2026-09-28 10:05:11.637 77 INFO cinder.volume.manager [None req-346a6559-3a81-4b90-a603-22b02ceea1c1 fcc22dc4f8a64442b34282da4620256e ab31734183864f3ba4fab1c91246c4d0 - - - -] Created volume successfully.
2026-09-28 10:05:11.744 77 INFO cinder.volume.flows.manager.create_volume [None req-2f27b310-3ef8-4cc7-b0b6-82e38ba88768 fcc22dc4f8a64442b34282da4620256e ab31734183864f3ba4fab1c91246c4d0 - - - -] Volume 72358a95-157c-4c19-b9e4-2eb2554e82f1: being created as raw with specification: {'status': 'creating', 'volume_name': 'vol_72358a95-157c-4c19-b9e4-2eb2554e82f1', 'volume_size': 1}
2026-09-28 10:05:11.744 77 INFO cinder.volume.drivers.lightos [None req-2f27b310-3ef8-4cc7-b0b6-82e38ba88768 fcc22dc4f8a64442b34282da4620256e ab31734183864f3ba4fab1c91246c4d0 - - - -] Invoking get_volume_by_name using GET url: /api/v2/projects/default/volumes/?name=vol_72358a95-157c-4c19-b9e4-2eb2554e82f1             request.body: {} ssl_verify: False
2026-09-28 10:05:11.777 77 WARNING py.warnings [None req-2f27b310-3ef8-4cc7-b0b6-82e38ba88768 fcc22dc4f8a64442b34282da4620256e ab31734183864f3ba4fab1c91246c4d0 - - - -] /var/lib/kolla/venv/lib/python3.12/site-packages/urllib3/connectionpool.py:1110: InsecureRequestWarning: Unverified HTTPS request is being made to host '[LB_IP_ADDRESS]'. Adding certificate verification is strongly advised. See: https://urllib3.readthedocs.io/en/latest/advanced-usage.html#tls-warnings
  warnings.warn(

2026-09-28 10:05:11.787 77 INFO cinder.volume.drivers.lightos [None req-2f27b310-3ef8-4cc7-b0b6-82e38ba88768 fcc22dc4f8a64442b34282da4620256e ab31734183864f3ba4fab1c91246c4d0 - - - -] Invoking create_volume using POST url: /api/v2/projects/default/volumes             request.body: {'name': 'vol_72358a95-157c-4c19-b9e4-2eb2554e82f1', 'size': '1 gib', 'replicaCount': '3', 'compression': 'False', 'acl': {'values': ['ALLOW_NONE']}, 'IPAcl': {'values': ['ALLOW_NONE']}, 'sourceSnapshotUUID': None, 'sourceSnapshotName': None} ssl_verify: False
2026-09-28 10:05:11.823 77 WARNING py.warnings [None req-2f27b310-3ef8-4cc7-b0b6-82e38ba88768 fcc22dc4f8a64442b34282da4620256e ab31734183864f3ba4fab1c91246c4d0 - - - -] /var/lib/kolla/venv/lib/python3.12/site-packages/urllib3/connectionpool.py:1110: InsecureRequestWarning: Unverified HTTPS request is being made to host '[LB_IP_ADDRESS]'. Adding certificate verification is strongly advised. See: https://urllib3.readthedocs.io/en/latest/advanced-usage.html#tls-warnings
  warnings.warn(

2026-09-28 10:05:11.844 77 INFO cinder.volume.drivers.lightos [None req-2f27b310-3ef8-4cc7-b0b6-82e38ba88768 fcc22dc4f8a64442b34282da4620256e ab31734183864f3ba4fab1c91246c4d0 - - - -] Invoking get_volume using GET url: /api/v2/projects/default/volumes/e5e31fa6-8d08-46e9-b804-a6f35fe43f83             request.body: {} ssl_verify: False
2026-09-28 10:05:11.903 77 WARNING py.warnings [None req-2f27b310-3ef8-4cc7-b0b6-82e38ba88768 fcc22dc4f8a64442b34282da4620256e ab31734183864f3ba4fab1c91246c4d0 - - - -] /var/lib/kolla/venv/lib/python3.12/site-packages/urllib3/connectionpool.py:1110: InsecureRequestWarning: Unverified HTTPS request is being made to host '[LB_IP_ADDRESS]'. Adding certificate verification is strongly advised. See: https://urllib3.readthedocs.io/en/latest/advanced-usage.html#tls-warnings
  warnings.warn(

2026-09-28 10:05:11.947 77 INFO cinder.volume.drivers.lightos [None req-cce83cb0-f284-4520-99fd-90693694b60d 89093f5331a34becab93d09a27540751 c42460167cef4ef6b1aa3b31667a18fe - - - -] Invoking get_snapshot_by_name using GET url: /api/v2/projects/default/snapshots/?Name=snapshot-ff9b168c-1d5a-479c-bbe9-319835c62ad0             request.body: {} ssl_verify: False
2026-09-28 10:05:11.980 77 WARNING py.warnings [None req-cce83cb0-f284-4520-99fd-90693694b60d 89093f5331a34becab93d09a27540751 c42460167cef4ef6b1aa3b31667a18fe - - - -] /var/lib/kolla/venv/lib/python3.12/site-packages/urllib3/connectionpool.py:1110: InsecureRequestWarning: Unverified HTTPS request is being made to host '[LB_IP_ADDRESS]'. Adding certificate verification is strongly advised. See: https://urllib3.readthedocs.io/en/latest/advanced-usage.html#tls-warnings
  warnings.warn(

2026-09-28 10:05:11.988 77 INFO cinder.volume.drivers.lightos [None req-cce83cb0-f284-4520-99fd-90693694b60d 89093f5331a34becab93d09a27540751 c42460167cef4ef6b1aa3b31667a18fe - - - -] Invoking create_snapshot using POST url: /api/v2/projects/default/snapshots             request.body: {'name': 'snapshot-ff9b168c-1d5a-479c-bbe9-319835c62ad0', 'sourceVolumeUUID': None, 'sourceVolumeName': 'vol_9d502fcb-84f6-4eb5-b33f-a6dc3e7eca11'} ssl_verify: False
2026-09-28 10:05:12.028 77 WARNING py.warnings [None req-cce83cb0-f284-4520-99fd-90693694b60d 89093f5331a34becab93d09a27540751 c42460167cef4ef6b1aa3b31667a18fe - - - -] /var/lib/kolla/venv/lib/python3.12/site-packages/urllib3/connectionpool.py:1110: InsecureRequestWarning: Unverified HTTPS request is being made to host '[LB_IP_ADDRESS]'. Adding certificate verification is strongly advised. See: https://urllib3.readthedocs.io/en/latest/advanced-usage.html#tls-warnings
  warnings.warn(

2026-09-28 10:05:12.057 77 INFO cinder.volume.drivers.lightos [None req-cce83cb0-f284-4520-99fd-90693694b60d 89093f5331a34becab93d09a27540751 c42460167cef4ef6b1aa3b31667a18fe - - - -] Invoking get_snapshot_by_name using GET url: /api/v2/projects/default/snapshots/?Name=snapshot-ff9b168c-1d5a-479c-bbe9-319835c62ad0             request.body: {} ssl_verify: False
2026-09-28 10:05:12.094 77 INFO cinder.volume.flows.manager.create_volume [None req-ffa9c45a-14fd-45b1-b9d5-861d6cc1614b fcc22dc4f8a64442b34282da4620256e ab31734183864f3ba4fab1c91246c4d0 - - - -] Volume 5ad21b40-a4ec-497b-b23d-042e0c016854: being created as raw with specification: {'status': 'creating', 'volume_name': 'vol_5ad21b40-a4ec-497b-b23d-042e0c016854', 'volume_size': 1}
2026-09-28 10:05:12.095 77 INFO cinder.volume.drivers.lightos [None req-ffa9c45a-14fd-45b1-b9d5-861d6cc1614b fcc22dc4f8a64442b34282da4620256e ab31734183864f3ba4fab1c91246c4d0 - - - -] Invoking get_volume_by_name using GET url: /api/v2/projects/default/volumes/?name=vol_5ad21b40-a4ec-497b-b23d-042e0c016854             request.body: {} ssl_verify: False
2026-09-28 10:05:12.138 77 WARNING py.warnings [None req-ffa9c45a-14fd-45b1-b9d5-861d6cc1614b fcc22dc4f8a64442b34282da4620256e ab31734183864f3ba4fab1c91246c4d0 - - - -] /var/lib/kolla/venv/lib/python3.12/site-packages/urllib3/connectionpool.py:1110: InsecureRequestWarning: Unverified HTTPS request is being made to host '[LB_IP_ADDRESS]'. Adding certificate verification is strongly advised. See: https://urllib3.readthedocs.io/en/latest/advanced-usage.html#tls-warnings
  warnings.warn(

2026-09-28 10:05:12.156 77 WARNING py.warnings [None req-cce83cb0-f284-4520-99fd-90693694b60d 89093f5331a34becab93d09a27540751 c42460167cef4ef6b1aa3b31667a18fe - - - -] /var/lib/kolla/venv/lib/python3.12/site-packages/urllib3/connectionpool.py:1110: InsecureRequestWarning: Unverified HTTPS request is being made to host '[LB_IP_ADDRESS]'. Adding certificate verification is strongly advised. See: https://urllib3.readthedocs.io/en/latest/advanced-usage.html#tls-warnings
  warnings.warn(

2026-09-28 10:05:12.160 77 INFO cinder.volume.drivers.lightos [None req-ffa9c45a-14fd-45b1-b9d5-861d6cc1614b fcc22dc4f8a64442b34282da4620256e ab31734183864f3ba4fab1c91246c4d0 - - - -] Invoking create_volume using POST url: /api/v2/projects/default/volumes             request.body: {'name': 'vol_5ad21b40-a4ec-497b-b23d-042e0c016854', 'size': '1 gib', 'replicaCount': '3', 'compression': 'False', 'acl': {'values': ['ALLOW_NONE']}, 'IPAcl': {'values': ['ALLOW_NONE']}, 'sourceSnapshotUUID': None, 'sourceSnapshotName': None} ssl_verify: False
2026-09-28 10:05:12.206 77 WARNING py.warnings [None req-ffa9c45a-14fd-45b1-b9d5-861d6cc1614b fcc22dc4f8a64442b34282da4620256e ab31734183864f3ba4fab1c91246c4d0 - - - -] /var/lib/kolla/venv/lib/python3.12/site-packages/urllib3/connectionpool.py:1110: InsecureRequestWarning: Unverified HTTPS request is being made to host '[LB_IP_ADDRESS]'. Adding certificate verification is strongly advised. See: https://urllib3.readthedocs.io/en/latest/advanced-usage.html#tls-warnings
  warnings.warn(

2026-09-28 10:05:12.237 77 INFO cinder.volume.drivers.lightos [None req-ffa9c45a-14fd-45b1-b9d5-861d6cc1614b fcc22dc4f8a64442b34282da4620256e ab31734183864f3ba4fab1c91246c4d0 - - - -] Invoking get_volume using GET url: /api/v2/projects/default/volumes/206a0498-6080-4a2e-8fdd-110f359157b3             request.body: {} ssl_verify: False
2026-09-28 10:05:12.279 77 WARNING py.warnings [None req-ffa9c45a-14fd-45b1-b9d5-861d6cc1614b fcc22dc4f8a64442b34282da4620256e ab31734183864f3ba4fab1c91246c4d0 - - - -] /var/lib/kolla/venv/lib/python3.12/site-packages/urllib3/connectionpool.py:1110: InsecureRequestWarning: Unverified HTTPS request is being made to host '[LB_IP_ADDRESS]'. Adding certificate verification is strongly advised. See: https://urllib3.readthedocs.io/en/latest/advanced-usage.html#tls-warnings
  warnings.warn(

2026-09-28 10:05:12.324 77 INFO cinder.volume.drivers.lightos [None req-b1dd8da6-7cf7-422f-818d-642ef620ec00 fcc22dc4f8a64442b34282da4620256e ab31734183864f3ba4fab1c91246c4d0 - - - -] Invoking get_volume using GET url: /api/v2/projects/default/volumes/6bf06bbd-dc67-4f5b-bc5a-3448402644aa             request.body: {} ssl_verify: False
2026-09-28 10:05:12.369 77 WARNING py.warnings [None req-b1dd8da6-7cf7-422f-818d-642ef620ec00 fcc22dc4f8a64442b34282da4620256e ab31734183864f3ba4fab1c91246c4d0 - - - -] /var/lib/kolla/venv/lib/python3.12/site-packages/urllib3/connectionpool.py:1110: InsecureRequestWarning: Unverified HTTPS request is being made to host '[LB_IP_ADDRESS]'. Adding certificate verification is strongly advised. See: https://urllib3.readthedocs.io/en/latest/advanced-usage.html#tls-warnings
  warnings.warn(

2026-09-28 10:05:12.416 77 INFO cinder.volume.flows.manager.create_volume [None req-b1dd8da6-7cf7-422f-818d-642ef620ec00 fcc22dc4f8a64442b34282da4620256e ab31734183864f3ba4fab1c91246c4d0 - - - -] Volume vol_97c85aa2-f1d9-427f-9b22-cf286ade9c4e (97c85aa2-f1d9-427f-9b22-cf286ade9c4e): created successfully
2026-09-28 10:05:12.423 77 INFO cinder.volume.manager [None req-b1dd8da6-7cf7-422f-818d-642ef620ec00 fcc22dc4f8a64442b34282da4620256e ab31734183864f3ba4fab1c91246c4d0 - - - -] Created volume successfully.
2026-09-28 10:05:12.490 77 INFO cinder.volume.flows.manager.create_volume [None req-9b877fea-5046-45b9-8e9d-efb992385d3a 5f5af72fe0bd4d82979e85e9d4adee16 41c2ce5c3ffc4ba0b416f0241a682b97 - - - -] Volume 45a8a29c-7c9d-43e2-918b-88eb4de3b400: being created as raw with specification: {'status': 'creating', 'volume_name': 'vol_45a8a29c-7c9d-43e2-918b-88eb4de3b400', 'volume_size': 1}
2026-09-28 10:05:12.490 77 INFO cinder.volume.drivers.lightos [None req-9b877fea-5046-45b9-8e9d-efb992385d3a 5f5af72fe0bd4d82979e85e9d4adee16 41c2ce5c3ffc4ba0b416f0241a682b97 - - - -] Invoking get_volume_by_name using GET url: /api/v2/projects/default/volumes/?name=vol_45a8a29c-7c9d-43e2-918b-88eb4de3b400             request.body: {} ssl_verify: False
2026-09-28 10:05:12.527 77 WARNING py.warnings [None req-9b877fea-5046-45b9-8e9d-efb992385d3a 5f5af72fe0bd4d82979e85e9d4adee16 41c2ce5c3ffc4ba0b416f0241a682b97 - - - -] /var/lib/kolla/venv/lib/python3.12/site-packages/urllib3/connectionpool.py:1110: InsecureRequestWarning: Unverified HTTPS request is being made to host '[LB_IP_ADDRESS]'. Adding certificate verification is strongly advised. See: https://urllib3.readthedocs.io/en/latest/advanced-usage.html#tls-warnings
  warnings.warn(

2026-09-28 10:05:12.536 77 INFO cinder.volume.drivers.lightos [None req-9b877fea-5046-45b9-8e9d-efb992385d3a 5f5af72fe0bd4d82979e85e9d4adee16 41c2ce5c3ffc4ba0b416f0241a682b97 - - - -] Invoking create_volume using POST url: /api/v2/projects/default/volumes             request.body: {'name': 'vol_45a8a29c-7c9d-43e2-918b-88eb4de3b400', 'size': '1 gib', 'replicaCount': '3', 'compression': 'False', 'acl': {'values': ['ALLOW_NONE']}, 'IPAcl': {'values': ['ALLOW_NONE']}, 'sourceSnapshotUUID': None, 'sourceSnapshotName': None} ssl_verify: False
2026-09-28 10:05:12.576 77 WARNING py.warnings [None req-9b877fea-5046-45b9-8e9d-efb992385d3a 5f5af72fe0bd4d82979e85e9d4adee16 41c2ce5c3ffc4ba0b416f0241a682b97 - - - -] /var/lib/kolla/venv/lib/python3.12/site-packages/urllib3/connectionpool.py:1110: InsecureRequestWarning: Unverified HTTPS request is being made to host '[LB_IP_ADDRESS]'. Adding certificate verification is strongly advised. See: https://urllib3.readthedocs.io/en/latest/advanced-usage.html#tls-warnings
  warnings.warn(

2026-09-28 10:05:12.597 77 INFO cinder.volume.drivers.lightos [None req-9b877fea-5046-45b9-8e9d-efb992385d3a 5f5af72fe0bd4d82979e85e9d4adee16 41c2ce5c3ffc4ba0b416f0241a682b97 - - - -] Invoking get_volume using GET url: /api/v2/projects/default/volumes/678329fd-9ed4-40f6-ab0a-e4dc9937bba0             request.body: {} ssl_verify: False
2026-09-28 10:05:12.653 77 WARNING py.warnings [None req-9b877fea-5046-45b9-8e9d-efb992385d3a 5f5af72fe0bd4d82979e85e9d4adee16 41c2ce5c3ffc4ba0b416f0241a682b97 - - - -] /var/lib/kolla/venv/lib/python3.12/site-packages/urllib3/connectionpool.py:1110: InsecureRequestWarning: Unverified HTTPS request is being made to host '[LB_IP_ADDRESS]'. Adding certificate verification is strongly advised. See: https://urllib3.readthedocs.io/en/latest/advanced-usage.html#tls-warnings
  warnings.warn(

2026-09-28 10:05:12.691 77 INFO cinder.volume.flows.manager.create_volume [None req-9b877fea-5046-45b9-8e9d-efb992385d3a 5f5af72fe0bd4d82979e85e9d4adee16 41c2ce5c3ffc4ba0b416f0241a682b97 - - - -] Volume vol_45a8a29c-7c9d-43e2-918b-88eb4de3b400 (45a8a29c-7c9d-43e2-918b-88eb4de3b400): created successfully
2026-09-28 10:05:12.699 77 INFO cinder.volume.manager [None req-9b877fea-5046-45b9-8e9d-efb992385d3a 5f5af72fe0bd4d82979e85e9d4adee16 41c2ce5c3ffc4ba0b416f0241a682b97 - - - -] Created volume successfully.
2026-09-28 10:05:12.822 77 INFO cinder.volume.flows.manager.create_volume [None req-47f40b85-7834-409c-9c62-350d5a26da92 5f5af72fe0bd4d82979e85e9d4adee16 41c2ce5c3ffc4ba0b416f0241a682b97 - - - -] Volume 85882723-bbfa-4fd4-9c63-d4917135f5f7: being created as raw with specification: {'status': 'creating', 'volume_name': 'vol_85882723-bbfa-4fd4-9c63-d4917135f5f7', 'volume_size': 1}
2026-09-28 10:05:12.822 77 INFO cinder.volume.drivers.lightos [None req-47f40b85-7834-409c-9c62-350d5a26da92 5f5af72fe0bd4d82979e85e9d4adee16 41c2ce5c3ffc4ba0b416f0241a682b97 - - - -] Invoking get_volume_by_name using GET url: /api/v2/projects/default/volumes/?name=vol_85882723-bbfa-4fd4-9c63-d4917135f5f7             request.body: {} ssl_verify: False
2026-09-28 10:05:12.857 77 WARNING py.warnings [None req-47f40b85-7834-409c-9c62-350d5a26da92 5f5af72fe0bd4d82979e85e9d4adee16 41c2ce5c3ffc4ba0b416f0241a682b97 - - - -] /var/lib/kolla/venv/lib/python3.12/site-packages/urllib3/connectionpool.py:1110: InsecureRequestWarning: Unverified HTTPS request is being made to host '[LB_IP_ADDRESS]'. Adding certificate verification is strongly advised. See: https://urllib3.readthedocs.io/en/latest/advanced-usage.html#tls-warnings
  warnings.warn(

2026-09-28 10:05:12.867 77 INFO cinder.volume.drivers.lightos [None req-47f40b85-7834-409c-9c62-350d5a26da92 5f5af72fe0bd4d82979e85e9d4adee16 41c2ce5c3ffc4ba0b416f0241a682b97 - - - -] Invoking create_volume using POST url: /api/v2/projects/default/volumes             request.body: {'name': 'vol_85882723-bbfa-4fd4-9c63-d4917135f5f7', 'size': '1 gib', 'replicaCount': '3', 'compression': 'False', 'acl': {'values': ['ALLOW_NONE']}, 'IPAcl': {'values': ['ALLOW_NONE']}, 'sourceSnapshotUUID': None, 'sourceSnapshotName': None} ssl_verify: False
2026-09-28 10:05:12.904 77 WARNING py.warnings [None req-47f40b85-7834-409c-9c62-350d5a26da92 5f5af72fe0bd4d82979e85e9d4adee16 41c2ce5c3ffc4ba0b416f0241a682b97 - - - -] /var/lib/kolla/venv/lib/python3.12/site-packages/urllib3/connectionpool.py:1110: InsecureRequestWarning: Unverified HTTPS request is being made to host '[LB_IP_ADDRESS]'. Adding certificate verification is strongly advised. See: https://urllib3.readthedocs.io/en/latest/advanced-usage.html#tls-warnings
  warnings.warn(

2026-09-28 10:05:12.923 77 INFO cinder.volume.drivers.lightos [None req-47f40b85-7834-409c-9c62-350d5a26da92 5f5af72fe0bd4d82979e85e9d4adee16 41c2ce5c3ffc4ba0b416f0241a682b97 - - - -] Invoking get_volume using GET url: /api/v2/projects/default/volumes/e2c51e79-c3c5-4575-bfad-af3c62aabc4e             request.body: {} ssl_verify: False
2026-09-28 10:05:12.960 77 INFO cinder.volume.drivers.lightos [None req-2f27b310-3ef8-4cc7-b0b6-82e38ba88768 fcc22dc4f8a64442b34282da4620256e ab31734183864f3ba4fab1c91246c4d0 - - - -] Invoking get_volume using GET url: /api/v2/projects/default/volumes/e5e31fa6-8d08-46e9-b804-a6f35fe43f83             request.body: {} ssl_verify: False
2026-09-28 10:05:12.988 77 WARNING py.warnings [None req-47f40b85-7834-409c-9c62-350d5a26da92 5f5af72fe0bd4d82979e85e9d4adee16 41c2ce5c3ffc4ba0b416f0241a682b97 - - - -] /var/lib/kolla/venv/lib/python3.12/site-packages/urllib3/connectionpool.py:1110: InsecureRequestWarning: Unverified HTTPS request is being made to host '[LB_IP_ADDRESS]'. Adding certificate verification is strongly advised. See: https://urllib3.readthedocs.io/en/latest/advanced-usage.html#tls-warnings
  warnings.warn(

2026-09-28 10:05:12.993 77 WARNING py.warnings [None req-2f27b310-3ef8-4cc7-b0b6-82e38ba88768 fcc22dc4f8a64442b34282da4620256e ab31734183864f3ba4fab1c91246c4d0 - - - -] /var/lib/kolla/venv/lib/python3.12/site-packages/urllib3/connectionpool.py:1110: InsecureRequestWarning: Unverified HTTPS request is being made to host '[LB_IP_ADDRESS]'. Adding certificate verification is strongly advised. See: https://urllib3.readthedocs.io/en/latest/advanced-usage.html#tls-warnings
  warnings.warn(

2026-09-28 10:05:13.039 77 INFO cinder.volume.flows.manager.create_volume [None req-2f27b310-3ef8-4cc7-b0b6-82e38ba88768 fcc22dc4f8a64442b34282da4620256e ab31734183864f3ba4fab1c91246c4d0 - - - -] Volume vol_72358a95-157c-4c19-b9e4-2eb2554e82f1 (72358a95-157c-4c19-b9e4-2eb2554e82f1): created successfully
2026-09-28 10:05:13.046 77 INFO cinder.volume.manager [None req-2f27b310-3ef8-4cc7-b0b6-82e38ba88768 fcc22dc4f8a64442b34282da4620256e ab31734183864f3ba4fab1c91246c4d0 - - - -] Created volume successfully.
2026-09-28 10:05:13.154 77 INFO cinder.volume.flows.manager.create_volume [None req-450371ad-3520-4da7-aa82-c83c15dd4304 5f5af72fe0bd4d82979e85e9d4adee16 41c2ce5c3ffc4ba0b416f0241a682b97 - - - -] Volume 5fbfcef2-edef-4fca-b16d-984eb3dc2a69: being created as raw with specification: {'status': 'creating', 'volume_name': 'vol_5fbfcef2-edef-4fca-b16d-984eb3dc2a69', 'volume_size': 1}
2026-09-28 10:05:13.154 77 INFO cinder.volume.drivers.lightos [None req-450371ad-3520-4da7-aa82-c83c15dd4304 5f5af72fe0bd4d82979e85e9d4adee16 41c2ce5c3ffc4ba0b416f0241a682b97 - - - -] Invoking get_volume_by_name using GET url: /api/v2/projects/default/volumes/?name=vol_5fbfcef2-edef-4fca-b16d-984eb3dc2a69             request.body: {} ssl_verify: False
2026-09-28 10:05:13.189 77 WARNING py.warnings [None req-450371ad-3520-4da7-aa82-c83c15dd4304 5f5af72fe0bd4d82979e85e9d4adee16 41c2ce5c3ffc4ba0b416f0241a682b97 - - - -] /var/lib/kolla/venv/lib/python3.12/site-packages/urllib3/connectionpool.py:1110: InsecureRequestWarning: Unverified HTTPS request is being made to host '[LB_IP_ADDRESS]'. Adding certificate verification is strongly advised. See: https://urllib3.readthedocs.io/en/latest/advanced-usage.html#tls-warnings
  warnings.warn(

2026-09-28 10:05:13.198 77 INFO cinder.volume.drivers.lightos [None req-450371ad-3520-4da7-aa82-c83c15dd4304 5f5af72fe0bd4d82979e85e9d4adee16 41c2ce5c3ffc4ba0b416f0241a682b97 - - - -] Invoking create_volume using POST url: /api/v2/projects/default/volumes             request.body: {'name': 'vol_5fbfcef2-edef-4fca-b16d-984eb3dc2a69', 'size': '1 gib', 'replicaCount': '3', 'compression': 'False', 'acl': {'values': ['ALLOW_NONE']}, 'IPAcl': {'values': ['ALLOW_NONE']}, 'sourceSnapshotUUID': None, 'sourceSnapshotName': None} ssl_verify: False
2026-09-28 10:05:13.200 77 INFO cinder.volume.drivers.lightos [None req-cce83cb0-f284-4520-99fd-90693694b60d 89093f5331a34becab93d09a27540751 c42460167cef4ef6b1aa3b31667a18fe - - - -] Invoking get_snapshot_by_name using GET url: /api/v2/projects/default/snapshots/?Name=snapshot-ff9b168c-1d5a-479c-bbe9-319835c62ad0             request.body: {} ssl_verify: False
2026-09-28 10:05:13.257 77 WARNING py.warnings [None req-450371ad-3520-4da7-aa82-c83c15dd4304 5f5af72fe0bd4d82979e85e9d4adee16 41c2ce5c3ffc4ba0b416f0241a682b97 - - - -] /var/lib/kolla/venv/lib/python3.12/site-packages/urllib3/connectionpool.py:1110: InsecureRequestWarning: Unverified HTTPS request is being made to host '[LB_IP_ADDRESS]'. Adding certificate verification is strongly advised. See: https://urllib3.readthedocs.io/en/latest/advanced-usage.html#tls-warnings
  warnings.warn(

2026-09-28 10:05:13.262 77 WARNING py.warnings [None req-cce83cb0-f284-4520-99fd-90693694b60d 89093f5331a34becab93d09a27540751 c42460167cef4ef6b1aa3b31667a18fe - - - -] /var/lib/kolla/venv/lib/python3.12/site-packages/urllib3/connectionpool.py:1110: InsecureRequestWarning: Unverified HTTPS request is being made to host '[LB_IP_ADDRESS]'. Adding certificate verification is strongly advised. See: https://urllib3.readthedocs.io/en/latest/advanced-usage.html#tls-warnings
  warnings.warn(

2026-09-28 10:05:13.298 77 INFO cinder.volume.drivers.lightos [None req-450371ad-3520-4da7-aa82-c83c15dd4304 5f5af72fe0bd4d82979e85e9d4adee16 41c2ce5c3ffc4ba0b416f0241a682b97 - - - -] Invoking get_volume using GET url: /api/v2/projects/default/volumes/f50fc0e1-4d46-42d5-9cfd-f39f2a6db94e             request.body: {} ssl_verify: False
2026-09-28 10:05:13.301 77 INFO cinder.volume.drivers.lightos [None req-ffa9c45a-14fd-45b1-b9d5-861d6cc1614b fcc22dc4f8a64442b34282da4620256e ab31734183864f3ba4fab1c91246c4d0 - - - -] Invoking get_volume using GET url: /api/v2/projects/default/volumes/206a0498-6080-4a2e-8fdd-110f359157b3             request.body: {} ssl_verify: False
2026-09-28 10:05:13.364 77 WARNING py.warnings [None req-450371ad-3520-4da7-aa82-c83c15dd4304 5f5af72fe0bd4d82979e85e9d4adee16 41c2ce5c3ffc4ba0b416f0241a682b97 - - - -] /var/lib/kolla/venv/lib/python3.12/site-packages/urllib3/connectionpool.py:1110: InsecureRequestWarning: Unverified HTTPS request is being made to host '[LB_IP_ADDRESS]'. Adding certificate verification is strongly advised. See: https://urllib3.readthedocs.io/en/latest/advanced-usage.html#tls-warnings
  warnings.warn(

2026-09-28 10:05:13.374 77 WARNING py.warnings [None req-ffa9c45a-14fd-45b1-b9d5-861d6cc1614b fcc22dc4f8a64442b34282da4620256e ab31734183864f3ba4fab1c91246c4d0 - - - -] /var/lib/kolla/venv/lib/python3.12/site-packages/urllib3/connectionpool.py:1110: InsecureRequestWarning: Unverified HTTPS request is being made to host '[LB_IP_ADDRESS]'. Adding certificate verification is strongly advised. See: https://urllib3.readthedocs.io/en/latest/advanced-usage.html#tls-warnings
  warnings.warn(

2026-09-28 10:05:13.375 77 INFO cinder.volume.manager [None req-cce83cb0-f284-4520-99fd-90693694b60d 89093f5331a34becab93d09a27540751 c42460167cef4ef6b1aa3b31667a18fe - - - -] Create snapshot completed successfully
2026-09-28 10:05:13.400 77 INFO cinder.volume.flows.manager.create_volume [None req-450371ad-3520-4da7-aa82-c83c15dd4304 5f5af72fe0bd4d82979e85e9d4adee16 41c2ce5c3ffc4ba0b416f0241a682b97 - - - -] Volume vol_5fbfcef2-edef-4fca-b16d-984eb3dc2a69 (5fbfcef2-edef-4fca-b16d-984eb3dc2a69): created successfully
2026-09-28 10:05:13.409 77 INFO cinder.volume.manager [None req-450371ad-3520-4da7-aa82-c83c15dd4304 5f5af72fe0bd4d82979e85e9d4adee16 41c2ce5c3ffc4ba0b416f0241a682b97 - - - -] Created volume successfully.
2026-09-28 10:05:13.418 77 INFO cinder.volume.flows.manager.create_volume [None req-ffa9c45a-14fd-45b1-b9d5-861d6cc1614b fcc22dc4f8a64442b34282da4620256e ab31734183864f3ba4fab1c91246c4d0 - - - -] Volume vol_5ad21b40-a4ec-497b-b23d-042e0c016854 (5ad21b40-a4ec-497b-b23d-042e0c016854): created successfully
2026-09-28 10:05:13.425 77 INFO cinder.volume.manager [None req-ffa9c45a-14fd-45b1-b9d5-861d6cc1614b fcc22dc4f8a64442b34282da4620256e ab31734183864f3ba4fab1c91246c4d0 - - - -] Created volume successfully.
2026-09-28 10:05:13.495 77 INFO cinder.volume.flows.manager.create_volume [None req-074152bb-c340-4a5f-989e-cdbd68e9ca06 5f5af72fe0bd4d82979e85e9d4adee16 41c2ce5c3ffc4ba0b416f0241a682b97 - - - -] Volume a3483a1f-0919-45db-98f3-90365da70e99: being created as raw with specification: {'status': 'creating', 'volume_name': 'vol_a3483a1f-0919-45db-98f3-90365da70e99', 'volume_size': 1}
2026-09-28 10:05:13.495 77 INFO cinder.volume.drivers.lightos [None req-074152bb-c340-4a5f-989e-cdbd68e9ca06 5f5af72fe0bd4d82979e85e9d4adee16 41c2ce5c3ffc4ba0b416f0241a682b97 - - - -] Invoking get_volume_by_name using GET url: /api/v2/projects/default/volumes/?name=vol_a3483a1f-0919-45db-98f3-90365da70e99             request.body: {} ssl_verify: False
2026-09-28 10:05:13.532 77 WARNING py.warnings [None req-074152bb-c340-4a5f-989e-cdbd68e9ca06 5f5af72fe0bd4d82979e85e9d4adee16 41c2ce5c3ffc4ba0b416f0241a682b97 - - - -] /var/lib/kolla/venv/lib/python3.12/site-packages/urllib3/connectionpool.py:1110: InsecureRequestWarning: Unverified HTTPS request is being made to host '[LB_IP_ADDRESS]'. Adding certificate verification is strongly advised. See: https://urllib3.readthedocs.io/en/latest/advanced-usage.html#tls-warnings
  warnings.warn(

2026-09-28 10:05:13.539 77 INFO cinder.volume.drivers.lightos [None req-074152bb-c340-4a5f-989e-cdbd68e9ca06 5f5af72fe0bd4d82979e85e9d4adee16 41c2ce5c3ffc4ba0b416f0241a682b97 - - - -] Invoking create_volume using POST url: /api/v2/projects/default/volumes             request.body: {'name': 'vol_a3483a1f-0919-45db-98f3-90365da70e99', 'size': '1 gib', 'replicaCount': '3', 'compression': 'False', 'acl': {'values': ['ALLOW_NONE']}, 'IPAcl': {'values': ['ALLOW_NONE']}, 'sourceSnapshotUUID': None, 'sourceSnapshotName': None} ssl_verify: False
2026-09-28 10:05:13.575 77 WARNING py.warnings [None req-074152bb-c340-4a5f-989e-cdbd68e9ca06 5f5af72fe0bd4d82979e85e9d4adee16 41c2ce5c3ffc4ba0b416f0241a682b97 - - - -] /var/lib/kolla/venv/lib/python3.12/site-packages/urllib3/connectionpool.py:1110: InsecureRequestWarning: Unverified HTTPS request is being made to host '[LB_IP_ADDRESS]'. Adding certificate verification is strongly advised. See: https://urllib3.readthedocs.io/en/latest/advanced-usage.html#tls-warnings
  warnings.warn(

2026-09-28 10:05:13.599 77 INFO cinder.volume.drivers.lightos [None req-074152bb-c340-4a5f-989e-cdbd68e9ca06 5f5af72fe0bd4d82979e85e9d4adee16 41c2ce5c3ffc4ba0b416f0241a682b97 - - - -] Invoking get_volume using GET url: /api/v2/projects/default/volumes/36cfa61f-f85c-45a7-8472-6bed90444e5f             request.body: {} ssl_verify: False
2026-09-28 10:05:13.645 77 WARNING py.warnings [None req-074152bb-c340-4a5f-989e-cdbd68e9ca06 5f5af72fe0bd4d82979e85e9d4adee16 41c2ce5c3ffc4ba0b416f0241a682b97 - - - -] /var/lib/kolla/venv/lib/python3.12/site-packages/urllib3/connectionpool.py:1110: InsecureRequestWarning: Unverified HTTPS request is being made to host '[LB_IP_ADDRESS]'. Adding certificate verification is strongly advised. See: https://urllib3.readthedocs.io/en/latest/advanced-usage.html#tls-warnings
  warnings.warn(

2026-09-28 10:05:13.818 77 INFO cinder.volume.flows.manager.create_volume [None req-5821a200-ea7e-4644-88ca-1a99a672fbe4 5f5af72fe0bd4d82979e85e9d4adee16 41c2ce5c3ffc4ba0b416f0241a682b97 - - - -] Volume bf586c76-9b84-4658-a2c2-c400290e3c47: being created as raw with specification: {'status': 'creating', 'volume_name': 'vol_bf586c76-9b84-4658-a2c2-c400290e3c47', 'volume_size': 1}
2026-09-28 10:05:13.818 77 INFO cinder.volume.drivers.lightos [None req-5821a200-ea7e-4644-88ca-1a99a672fbe4 5f5af72fe0bd4d82979e85e9d4adee16 41c2ce5c3ffc4ba0b416f0241a682b97 - - - -] Invoking get_volume_by_name using GET url: /api/v2/projects/default/volumes/?name=vol_bf586c76-9b84-4658-a2c2-c400290e3c47             request.body: {} ssl_verify: False
2026-09-28 10:05:13.852 77 WARNING py.warnings [None req-5821a200-ea7e-4644-88ca-1a99a672fbe4 5f5af72fe0bd4d82979e85e9d4adee16 41c2ce5c3ffc4ba0b416f0241a682b97 - - - -] /var/lib/kolla/venv/lib/python3.12/site-packages/urllib3/connectionpool.py:1110: InsecureRequestWarning: Unverified HTTPS request is being made to host '[LB_IP_ADDRESS]'. Adding certificate verification is strongly advised. See: https://urllib3.readthedocs.io/en/latest/advanced-usage.html#tls-warnings
  warnings.warn(

2026-09-28 10:05:13.860 77 INFO cinder.volume.drivers.lightos [None req-5821a200-ea7e-4644-88ca-1a99a672fbe4 5f5af72fe0bd4d82979e85e9d4adee16 41c2ce5c3ffc4ba0b416f0241a682b97 - - - -] Invoking create_volume using POST url: /api/v2/projects/default/volumes             request.body: {'name': 'vol_bf586c76-9b84-4658-a2c2-c400290e3c47', 'size': '1 gib', 'replicaCount': '3', 'compression': 'False', 'acl': {'values': ['ALLOW_NONE']}, 'IPAcl': {'values': ['ALLOW_NONE']}, 'sourceSnapshotUUID': None, 'sourceSnapshotName': None} ssl_verify: False
2026-09-28 10:05:13.909 77 WARNING py.warnings [None req-5821a200-ea7e-4644-88ca-1a99a672fbe4 5f5af72fe0bd4d82979e85e9d4adee16 41c2ce5c3ffc4ba0b416f0241a682b97 - - - -] /var/lib/kolla/venv/lib/python3.12/site-packages/urllib3/connectionpool.py:1110: InsecureRequestWarning: Unverified HTTPS request is being made to host '[LB_IP_ADDRESS]'. Adding certificate verification is strongly advised. See: https://urllib3.readthedocs.io/en/latest/advanced-usage.html#tls-warnings
  warnings.warn(

2026-09-28 10:05:13.930 77 INFO cinder.volume.drivers.lightos [None req-5821a200-ea7e-4644-88ca-1a99a672fbe4 5f5af72fe0bd4d82979e85e9d4adee16 41c2ce5c3ffc4ba0b416f0241a682b97 - - - -] Invoking get_volume using GET url: /api/v2/projects/default/volumes/127db24f-6c5c-4fbb-8274-a249ed3094c7             request.body: {} ssl_verify: False
2026-09-28 10:05:13.980 77 WARNING py.warnings [None req-5821a200-ea7e-4644-88ca-1a99a672fbe4 5f5af72fe0bd4d82979e85e9d4adee16 41c2ce5c3ffc4ba0b416f0241a682b97 - - - -] /var/lib/kolla/venv/lib/python3.12/site-packages/urllib3/connectionpool.py:1110: InsecureRequestWarning: Unverified HTTPS request is being made to host '[LB_IP_ADDRESS]'. Adding certificate verification is strongly advised. See: https://urllib3.readthedocs.io/en/latest/advanced-usage.html#tls-warnings
  warnings.warn(

2026-09-28 10:05:14.012 77 INFO cinder.volume.drivers.lightos [None req-47f40b85-7834-409c-9c62-350d5a26da92 5f5af72fe0bd4d82979e85e9d4adee16 41c2ce5c3ffc4ba0b416f0241a682b97 - - - -] Invoking get_volume using GET url: /api/v2/projects/default/volumes/e2c51e79-c3c5-4575-bfad-af3c62aabc4e             request.body: {} ssl_verify: False
2026-09-28 10:05:14.040 77 INFO cinder.volume.flows.manager.create_volume [None req-5821a200-ea7e-4644-88ca-1a99a672fbe4 5f5af72fe0bd4d82979e85e9d4adee16 41c2ce5c3ffc4ba0b416f0241a682b97 - - - -] Volume vol_bf586c76-9b84-4658-a2c2-c400290e3c47 (bf586c76-9b84-4658-a2c2-c400290e3c47): created successfully
2026-09-28 10:05:14.045 77 WARNING py.warnings [None req-47f40b85-7834-409c-9c62-350d5a26da92 5f5af72fe0bd4d82979e85e9d4adee16 41c2ce5c3ffc4ba0b416f0241a682b97 - - - -] /var/lib/kolla/venv/lib/python3.12/site-packages/urllib3/connectionpool.py:1110: InsecureRequestWarning: Unverified HTTPS request is being made to host '[LB_IP_ADDRESS]'. Adding certificate verification is strongly advised. See: https://urllib3.readthedocs.io/en/latest/advanced-usage.html#tls-warnings
  warnings.warn(

2026-09-28 10:05:14.048 77 INFO cinder.volume.manager [None req-5821a200-ea7e-4644-88ca-1a99a672fbe4 5f5af72fe0bd4d82979e85e9d4adee16 41c2ce5c3ffc4ba0b416f0241a682b97 - - - -] Created volume successfully.
2026-09-28 10:05:14.076 77 INFO cinder.volume.flows.manager.create_volume [None req-47f40b85-7834-409c-9c62-350d5a26da92 5f5af72fe0bd4d82979e85e9d4adee16 41c2ce5c3ffc4ba0b416f0241a682b97 - - - -] Volume vol_85882723-bbfa-4fd4-9c63-d4917135f5f7 (85882723-bbfa-4fd4-9c63-d4917135f5f7): created successfully
2026-09-28 10:05:14.086 77 INFO cinder.volume.manager [None req-47f40b85-7834-409c-9c62-350d5a26da92 5f5af72fe0bd4d82979e85e9d4adee16 41c2ce5c3ffc4ba0b416f0241a682b97 - - - -] Created volume successfully.
2026-09-28 10:05:14.418 77 INFO cinder.volume.flows.manager.create_volume [None req-3ee3e8e3-6134-4ecc-b62f-468f1a369fa3 89093f5331a34becab93d09a27540751 c42460167cef4ef6b1aa3b31667a18fe - - - -] Volume d3a0663f-00e8-4c36-9c91-cde7177afd93: being created as raw with specification: {'status': 'creating', 'volume_name': 'vol_d3a0663f-00e8-4c36-9c91-cde7177afd93', 'volume_size': 1}
2026-09-28 10:05:14.418 77 INFO cinder.volume.drivers.lightos [None req-3ee3e8e3-6134-4ecc-b62f-468f1a369fa3 89093f5331a34becab93d09a27540751 c42460167cef4ef6b1aa3b31667a18fe - - - -] Invoking get_volume_by_name using GET url: /api/v2/projects/default/volumes/?name=vol_d3a0663f-00e8-4c36-9c91-cde7177afd93             request.body: {} ssl_verify: False
2026-09-28 10:05:14.449 77 INFO cinder.volume.drivers.lightos [None req-832e7e7c-ec68-4692-9127-c0c229a20765 fcc22dc4f8a64442b34282da4620256e ab31734183864f3ba4fab1c91246c4d0 - - default default] Invoking delete_volume using DELETE url: /api/v2/projects/default/volumes/206a0498-6080-4a2e-8fdd-110f359157b3?             request.body:  ssl_verify: False
2026-09-28 10:05:14.476 77 WARNING py.warnings [None req-3ee3e8e3-6134-4ecc-b62f-468f1a369fa3 89093f5331a34becab93d09a27540751 c42460167cef4ef6b1aa3b31667a18fe - - - -] /var/lib/kolla/venv/lib/python3.12/site-packages/urllib3/connectionpool.py:1110: InsecureRequestWarning: Unverified HTTPS request is being made to host '[LB_IP_ADDRESS]'. Adding certificate verification is strongly advised. See: https://urllib3.readthedocs.io/en/latest/advanced-usage.html#tls-warnings
  warnings.warn(

2026-09-28 10:05:14.481 77 WARNING py.warnings [None req-832e7e7c-ec68-4692-9127-c0c229a20765 fcc22dc4f8a64442b34282da4620256e ab31734183864f3ba4fab1c91246c4d0 - - default default] /var/lib/kolla/venv/lib/python3.12/site-packages/urllib3/connectionpool.py:1110: InsecureRequestWarning: Unverified HTTPS request is being made to host '[LB_IP_ADDRESS]'. Adding certificate verification is strongly advised. See: https://urllib3.readthedocs.io/en/latest/advanced-usage.html#tls-warnings
  warnings.warn(

2026-09-28 10:05:14.486 77 INFO cinder.volume.drivers.lightos [None req-3ee3e8e3-6134-4ecc-b62f-468f1a369fa3 89093f5331a34becab93d09a27540751 c42460167cef4ef6b1aa3b31667a18fe - - - -] Invoking create_volume using POST url: /api/v2/projects/default/volumes             request.body: {'name': 'vol_d3a0663f-00e8-4c36-9c91-cde7177afd93', 'size': '1 gib', 'replicaCount': '3', 'compression': 'False', 'acl': {'values': ['ALLOW_NONE']}, 'IPAcl': {'values': ['ALLOW_NONE']}, 'sourceSnapshotUUID': None, 'sourceSnapshotName': None} ssl_verify: False
2026-09-28 10:05:14.531 77 INFO cinder.volume.drivers.lightos [None req-832e7e7c-ec68-4692-9127-c0c229a20765 fcc22dc4f8a64442b34282da4620256e ab31734183864f3ba4fab1c91246c4d0 - - default default] Invoking get_volume using GET url: /api/v2/projects/default/volumes/206a0498-6080-4a2e-8fdd-110f359157b3             request.body: {} ssl_verify: False
2026-09-28 10:05:14.537 77 WARNING py.warnings [None req-3ee3e8e3-6134-4ecc-b62f-468f1a369fa3 89093f5331a34becab93d09a27540751 c42460167cef4ef6b1aa3b31667a18fe - - - -] /var/lib/kolla/venv/lib/python3.12/site-packages/urllib3/connectionpool.py:1110: InsecureRequestWarning: Unverified HTTPS request is being made to host '[LB_IP_ADDRESS]'. Adding certificate verification is strongly advised. See: https://urllib3.readthedocs.io/en/latest/advanced-usage.html#tls-warnings
  warnings.warn(

2026-09-28 10:05:14.574 77 WARNING py.warnings [None req-832e7e7c-ec68-4692-9127-c0c229a20765 fcc22dc4f8a64442b34282da4620256e ab31734183864f3ba4fab1c91246c4d0 - - default default] /var/lib/kolla/venv/lib/python3.12/site-packages/urllib3/connectionpool.py:1110: InsecureRequestWarning: Unverified HTTPS request is being made to host '[LB_IP_ADDRESS]'. Adding certificate verification is strongly advised. See: https://urllib3.readthedocs.io/en/latest/advanced-usage.html#tls-warnings
  warnings.warn(

2026-09-28 10:05:14.666 77 INFO cinder.volume.drivers.lightos [None req-3ee3e8e3-6134-4ecc-b62f-468f1a369fa3 89093f5331a34becab93d09a27540751 c42460167cef4ef6b1aa3b31667a18fe - - - -] Invoking get_volume using GET url: /api/v2/projects/default/volumes/df7d55ad-c9d8-4ca0-aa75-bee7a0de853b             request.body: {} ssl_verify: False
2026-09-28 10:05:14.695 77 INFO cinder.volume.drivers.lightos [None req-074152bb-c340-4a5f-989e-cdbd68e9ca06 5f5af72fe0bd4d82979e85e9d4adee16 41c2ce5c3ffc4ba0b416f0241a682b97 - - - -] Invoking get_volume using GET url: /api/v2/projects/default/volumes/36cfa61f-f85c-45a7-8472-6bed90444e5f             request.body: {} ssl_verify: False
2026-09-28 10:05:14.729 77 WARNING py.warnings [None req-3ee3e8e3-6134-4ecc-b62f-468f1a369fa3 89093f5331a34becab93d09a27540751 c42460167cef4ef6b1aa3b31667a18fe - - - -] /var/lib/kolla/venv/lib/python3.12/site-packages/urllib3/connectionpool.py:1110: InsecureRequestWarning: Unverified HTTPS request is being made to host '[LB_IP_ADDRESS]'. Adding certificate verification is strongly advised. See: https://urllib3.readthedocs.io/en/latest/advanced-usage.html#tls-warnings
  warnings.warn(

2026-09-28 10:05:14.740 77 WARNING py.warnings [None req-074152bb-c340-4a5f-989e-cdbd68e9ca06 5f5af72fe0bd4d82979e85e9d4adee16 41c2ce5c3ffc4ba0b416f0241a682b97 - - - -] /var/lib/kolla/venv/lib/python3.12/site-packages/urllib3/connectionpool.py:1110: InsecureRequestWarning: Unverified HTTPS request is being made to host '[LB_IP_ADDRESS]'. Adding certificate verification is strongly advised. See: https://urllib3.readthedocs.io/en/latest/advanced-usage.html#tls-warnings
  warnings.warn(

2026-09-28 10:05:14.771 77 INFO cinder.volume.flows.manager.create_volume [None req-f72741ff-cd45-4152-a499-e0e2b0e2d412 89093f5331a34becab93d09a27540751 c42460167cef4ef6b1aa3b31667a18fe - - - -] Volume eac3497c-0572-4e14-b4f5-ede421d83c80: being created as raw with specification: {'status': 'creating', 'volume_name': 'vol_eac3497c-0572-4e14-b4f5-ede421d83c80', 'volume_size': 1}
2026-09-28 10:05:14.771 77 INFO cinder.volume.drivers.lightos [None req-f72741ff-cd45-4152-a499-e0e2b0e2d412 89093f5331a34becab93d09a27540751 c42460167cef4ef6b1aa3b31667a18fe - - - -] Invoking get_volume_by_name using GET url: /api/v2/projects/default/volumes/?name=vol_eac3497c-0572-4e14-b4f5-ede421d83c80             request.body: {} ssl_verify: False
2026-09-28 10:05:14.775 77 INFO cinder.volume.manager [None req-832e7e7c-ec68-4692-9127-c0c229a20765 fcc22dc4f8a64442b34282da4620256e ab31734183864f3ba4fab1c91246c4d0 - - default default] Deleted volume successfully.
2026-09-28 10:05:14.810 77 WARNING py.warnings [None req-f72741ff-cd45-4152-a499-e0e2b0e2d412 89093f5331a34becab93d09a27540751 c42460167cef4ef6b1aa3b31667a18fe - - - -] /var/lib/kolla/venv/lib/python3.12/site-packages/urllib3/connectionpool.py:1110: InsecureRequestWarning: Unverified HTTPS request is being made to host '[LB_IP_ADDRESS]'. Adding certificate verification is strongly advised. See: https://urllib3.readthedocs.io/en/latest/advanced-usage.html#tls-warnings
  warnings.warn(

2026-09-28 10:05:14.815 77 INFO cinder.volume.flows.manager.create_volume [None req-3ee3e8e3-6134-4ecc-b62f-468f1a369fa3 89093f5331a34becab93d09a27540751 c42460167cef4ef6b1aa3b31667a18fe - - - -] Volume vol_d3a0663f-00e8-4c36-9c91-cde7177afd93 (d3a0663f-00e8-4c36-9c91-cde7177afd93): created successfully
2026-09-28 10:05:14.820 77 INFO cinder.volume.drivers.lightos [None req-f72741ff-cd45-4152-a499-e0e2b0e2d412 89093f5331a34becab93d09a27540751 c42460167cef4ef6b1aa3b31667a18fe - - - -] Invoking create_volume using POST url: /api/v2/projects/default/volumes             request.body: {'name': 'vol_eac3497c-0572-4e14-b4f5-ede421d83c80', 'size': '1 gib', 'replicaCount': '3', 'compression': 'False', 'acl': {'values': ['ALLOW_NONE']}, 'IPAcl': {'values': ['ALLOW_NONE']}, 'sourceSnapshotUUID': None, 'sourceSnapshotName': None} ssl_verify: False
2026-09-28 10:05:14.851 77 INFO cinder.volume.manager [None req-3ee3e8e3-6134-4ecc-b62f-468f1a369fa3 89093f5331a34becab93d09a27540751 c42460167cef4ef6b1aa3b31667a18fe - - - -] Created volume successfully.
2026-09-28 10:05:14.854 77 INFO cinder.volume.flows.manager.create_volume [None req-074152bb-c340-4a5f-989e-cdbd68e9ca06 5f5af72fe0bd4d82979e85e9d4adee16 41c2ce5c3ffc4ba0b416f0241a682b97 - - - -] Volume vol_a3483a1f-0919-45db-98f3-90365da70e99 (a3483a1f-0919-45db-98f3-90365da70e99): created successfully
2026-09-28 10:05:14.858 77 WARNING py.warnings [None req-f72741ff-cd45-4152-a499-e0e2b0e2d412 89093f5331a34becab93d09a27540751 c42460167cef4ef6b1aa3b31667a18fe - - - -] /var/lib/kolla/venv/lib/python3.12/site-packages/urllib3/connectionpool.py:1110: InsecureRequestWarning: Unverified HTTPS request is being made to host '[LB_IP_ADDRESS]'. Adding certificate verification is strongly advised. See: https://urllib3.readthedocs.io/en/latest/advanced-usage.html#tls-warnings
  warnings.warn(

2026-09-28 10:05:14.862 77 INFO cinder.volume.manager [None req-074152bb-c340-4a5f-989e-cdbd68e9ca06 5f5af72fe0bd4d82979e85e9d4adee16 41c2ce5c3ffc4ba0b416f0241a682b97 - - - -] Created volume successfully.
2026-09-28 10:05:14.904 77 INFO cinder.volume.drivers.lightos [None req-f72741ff-cd45-4152-a499-e0e2b0e2d412 89093f5331a34becab93d09a27540751 c42460167cef4ef6b1aa3b31667a18fe - - - -] Invoking get_volume using GET url: /api/v2/projects/default/volumes/43382ff6-3eee-49ad-b271-26d090557ce7             request.body: {} ssl_verify: False
2026-09-28 10:05:14.972 77 WARNING py.warnings [None req-f72741ff-cd45-4152-a499-e0e2b0e2d412 89093f5331a34becab93d09a27540751 c42460167cef4ef6b1aa3b31667a18fe - - - -] /var/lib/kolla/venv/lib/python3.12/site-packages/urllib3/connectionpool.py:1110: InsecureRequestWarning: Unverified HTTPS request is being made to host '[LB_IP_ADDRESS]'. Adding certificate verification is strongly advised. See: https://urllib3.readthedocs.io/en/latest/advanced-usage.html#tls-warnings
  warnings.warn(

2026-09-28 10:05:15.003 77 INFO cinder.volume.flows.manager.create_volume [None req-f72741ff-cd45-4152-a499-e0e2b0e2d412 89093f5331a34becab93d09a27540751 c42460167cef4ef6b1aa3b31667a18fe - - - -] Volume vol_eac3497c-0572-4e14-b4f5-ede421d83c80 (eac3497c-0572-4e14-b4f5-ede421d83c80): created successfully
2026-09-28 10:05:15.011 77 INFO cinder.volume.manager [None req-f72741ff-cd45-4152-a499-e0e2b0e2d412 89093f5331a34becab93d09a27540751 c42460167cef4ef6b1aa3b31667a18fe - - - -] Created volume successfully.
2026-09-28 10:05:15.052 77 INFO cinder.volume.flows.manager.create_volume [None req-e1a02d19-2736-494a-b1cc-7bc3dbf848de 89093f5331a34becab93d09a27540751 c42460167cef4ef6b1aa3b31667a18fe - - - -] Volume f817683a-8a5a-4c4b-a063-96d6a5e24df8: being created as raw with specification: {'status': 'creating', 'volume_name': 'vol_f817683a-8a5a-4c4b-a063-96d6a5e24df8', 'volume_size': 1}
2026-09-28 10:05:15.052 77 INFO cinder.volume.drivers.lightos [None req-e1a02d19-2736-494a-b1cc-7bc3dbf848de 89093f5331a34becab93d09a27540751 c42460167cef4ef6b1aa3b31667a18fe - - - -] Invoking get_volume_by_name using GET url: /api/v2/projects/default/volumes/?name=vol_f817683a-8a5a-4c4b-a063-96d6a5e24df8             request.body: {} ssl_verify: False
2026-09-28 10:05:15.093 77 WARNING py.warnings [None req-e1a02d19-2736-494a-b1cc-7bc3dbf848de 89093f5331a34becab93d09a27540751 c42460167cef4ef6b1aa3b31667a18fe - - - -] /var/lib/kolla/venv/lib/python3.12/site-packages/urllib3/connectionpool.py:1110: InsecureRequestWarning: Unverified HTTPS request is being made to host '[LB_IP_ADDRESS]'. Adding certificate verification is strongly advised. See: https://urllib3.readthedocs.io/en/latest/advanced-usage.html#tls-warnings
  warnings.warn(

2026-09-28 10:05:15.096 77 INFO cinder.volume.drivers.lightos [None req-417b10be-37c9-4cb3-80f4-562445223b77 5f5af72fe0bd4d82979e85e9d4adee16 41c2ce5c3ffc4ba0b416f0241a682b97 - - default default] Invoking delete_volume using DELETE url: /api/v2/projects/default/volumes/127db24f-6c5c-4fbb-8274-a249ed3094c7?             request.body:  ssl_verify: False
2026-09-28 10:05:15.125 77 INFO cinder.volume.drivers.lightos [None req-e1a02d19-2736-494a-b1cc-7bc3dbf848de 89093f5331a34becab93d09a27540751 c42460167cef4ef6b1aa3b31667a18fe - - - -] Invoking create_volume using POST url: /api/v2/projects/default/volumes             request.body: {'name': 'vol_f817683a-8a5a-4c4b-a063-96d6a5e24df8', 'size': '1 gib', 'replicaCount': '3', 'compression': 'False', 'acl': {'values': ['ALLOW_NONE']}, 'IPAcl': {'values': ['ALLOW_NONE']}, 'sourceSnapshotUUID': None, 'sourceSnapshotName': None} ssl_verify: False
2026-09-28 10:05:15.153 77 WARNING py.warnings [None req-417b10be-37c9-4cb3-80f4-562445223b77 5f5af72fe0bd4d82979e85e9d4adee16 41c2ce5c3ffc4ba0b416f0241a682b97 - - default default] /var/lib/kolla/venv/lib/python3.12/site-packages/urllib3/connectionpool.py:1110: InsecureRequestWarning: Unverified HTTPS request is being made to host '[LB_IP_ADDRESS]'. Adding certificate verification is strongly advised. See: https://urllib3.readthedocs.io/en/latest/advanced-usage.html#tls-warnings
  warnings.warn(

2026-09-28 10:05:15.158 77 WARNING py.warnings [None req-e1a02d19-2736-494a-b1cc-7bc3dbf848de 89093f5331a34becab93d09a27540751 c42460167cef4ef6b1aa3b31667a18fe - - - -] /var/lib/kolla/venv/lib/python3.12/site-packages/urllib3/connectionpool.py:1110: InsecureRequestWarning: Unverified HTTPS request is being made to host '[LB_IP_ADDRESS]'. Adding certificate verification is strongly advised. See: https://urllib3.readthedocs.io/en/latest/advanced-usage.html#tls-warnings
  warnings.warn(

2026-09-28 10:05:15.182 77 INFO cinder.volume.drivers.lightos [None req-417b10be-37c9-4cb3-80f4-562445223b77 5f5af72fe0bd4d82979e85e9d4adee16 41c2ce5c3ffc4ba0b416f0241a682b97 - - default default] Invoking get_volume using GET url: /api/v2/projects/default/volumes/127db24f-6c5c-4fbb-8274-a249ed3094c7             request.body: {} ssl_verify: False
2026-09-28 10:05:15.239 77 WARNING py.warnings [None req-417b10be-37c9-4cb3-80f4-562445223b77 5f5af72fe0bd4d82979e85e9d4adee16 41c2ce5c3ffc4ba0b416f0241a682b97 - - default default] /var/lib/kolla/venv/lib/python3.12/site-packages/urllib3/connectionpool.py:1110: InsecureRequestWarning: Unverified HTTPS request is being made to host '[LB_IP_ADDRESS]'. Adding certificate verification is strongly advised. See: https://urllib3.readthedocs.io/en/latest/advanced-usage.html#tls-warnings
  warnings.warn(

2026-09-28 10:05:15.245 77 INFO cinder.volume.drivers.lightos [None req-e1a02d19-2736-494a-b1cc-7bc3dbf848de 89093f5331a34becab93d09a27540751 c42460167cef4ef6b1aa3b31667a18fe - - - -] Invoking get_volume using GET url: /api/v2/projects/default/volumes/5b54b5f7-0495-4e92-b31b-173f0acb07c3             request.body: {} ssl_verify: False
2026-09-28 10:05:15.326 77 WARNING py.warnings [None req-e1a02d19-2736-494a-b1cc-7bc3dbf848de 89093f5331a34becab93d09a27540751 c42460167cef4ef6b1aa3b31667a18fe - - - -] /var/lib/kolla/venv/lib/python3.12/site-packages/urllib3/connectionpool.py:1110: InsecureRequestWarning: Unverified HTTPS request is being made to host '[LB_IP_ADDRESS]'. Adding certificate verification is strongly advised. See: https://urllib3.readthedocs.io/en/latest/advanced-usage.html#tls-warnings
  warnings.warn(

2026-09-28 10:05:15.354 77 INFO cinder.volume.flows.manager.create_volume [None req-e1a02d19-2736-494a-b1cc-7bc3dbf848de 89093f5331a34becab93d09a27540751 c42460167cef4ef6b1aa3b31667a18fe - - - -] Volume vol_f817683a-8a5a-4c4b-a063-96d6a5e24df8 (f817683a-8a5a-4c4b-a063-96d6a5e24df8): created successfully
2026-09-28 10:05:15.362 77 INFO cinder.volume.manager [None req-e1a02d19-2736-494a-b1cc-7bc3dbf848de 89093f5331a34becab93d09a27540751 c42460167cef4ef6b1aa3b31667a18fe - - - -] Created volume successfully.
2026-09-28 10:05:15.383 77 INFO cinder.volume.manager [None req-417b10be-37c9-4cb3-80f4-562445223b77 5f5af72fe0bd4d82979e85e9d4adee16 41c2ce5c3ffc4ba0b416f0241a682b97 - - default default] Deleted volume successfully.
2026-09-28 10:05:15.535 77 INFO cinder.volume.drivers.lightos [None req-34bae2b3-1708-450c-b5dd-1c1c2e09a118 fcc22dc4f8a64442b34282da4620256e ab31734183864f3ba4fab1c91246c4d0 - - default default] Invoking delete_volume using DELETE url: /api/v2/projects/default/volumes/e5e31fa6-8d08-46e9-b804-a6f35fe43f83?             request.body:  ssl_verify: False
2026-09-28 10:05:15.569 77 WARNING py.warnings [None req-34bae2b3-1708-450c-b5dd-1c1c2e09a118 fcc22dc4f8a64442b34282da4620256e ab31734183864f3ba4fab1c91246c4d0 - - default default] /var/lib/kolla/venv/lib/python3.12/site-packages/urllib3/connectionpool.py:1110: InsecureRequestWarning: Unverified HTTPS request is being made to host '[LB_IP_ADDRESS]'. Adding certificate verification is strongly advised. See: https://urllib3.readthedocs.io/en/latest/advanced-usage.html#tls-warnings
  warnings.warn(

2026-09-28 10:05:15.594 77 INFO cinder.volume.drivers.lightos [None req-34bae2b3-1708-450c-b5dd-1c1c2e09a118 fcc22dc4f8a64442b34282da4620256e ab31734183864f3ba4fab1c91246c4d0 - - default default] Invoking get_volume using GET url: /api/v2/projects/default/volumes/e5e31fa6-8d08-46e9-b804-a6f35fe43f83             request.body: {} ssl_verify: False
2026-09-28 10:05:15.650 77 INFO cinder.volume.flows.manager.create_volume [None req-0f30f5b9-688c-4eb8-83ca-823bf830cc9e 89093f5331a34becab93d09a27540751 c42460167cef4ef6b1aa3b31667a18fe - - - -] Volume 0a7b0bc2-098d-4774-9358-e7e9bd585fdf: being created as raw with specification: {'status': 'creating', 'volume_name': 'vol_0a7b0bc2-098d-4774-9358-e7e9bd585fdf', 'volume_size': 1}
2026-09-28 10:05:15.650 77 INFO cinder.volume.drivers.lightos [None req-0f30f5b9-688c-4eb8-83ca-823bf830cc9e 89093f5331a34becab93d09a27540751 c42460167cef4ef6b1aa3b31667a18fe - - - -] Invoking get_volume_by_name using GET url: /api/v2/projects/default/volumes/?name=vol_0a7b0bc2-098d-4774-9358-e7e9bd585fdf             request.body: {} ssl_verify: False
2026-09-28 10:05:15.652 77 WARNING py.warnings [None req-34bae2b3-1708-450c-b5dd-1c1c2e09a118 fcc22dc4f8a64442b34282da4620256e ab31734183864f3ba4fab1c91246c4d0 - - default default] /var/lib/kolla/venv/lib/python3.12/site-packages/urllib3/connectionpool.py:1110: InsecureRequestWarning: Unverified HTTPS request is being made to host '[LB_IP_ADDRESS]'. Adding certificate verification is strongly advised. See: https://urllib3.readthedocs.io/en/latest/advanced-usage.html#tls-warnings
  warnings.warn(

2026-09-28 10:05:15.685 77 WARNING py.warnings [None req-0f30f5b9-688c-4eb8-83ca-823bf830cc9e 89093f5331a34becab93d09a27540751 c42460167cef4ef6b1aa3b31667a18fe - - - -] /var/lib/kolla/venv/lib/python3.12/site-packages/urllib3/connectionpool.py:1110: InsecureRequestWarning: Unverified HTTPS request is being made to host '[LB_IP_ADDRESS]'. Adding certificate verification is strongly advised. See: https://urllib3.readthedocs.io/en/latest/advanced-usage.html#tls-warnings
  warnings.warn(

2026-09-28 10:05:15.694 77 INFO cinder.volume.drivers.lightos [None req-0f30f5b9-688c-4eb8-83ca-823bf830cc9e 89093f5331a34becab93d09a27540751 c42460167cef4ef6b1aa3b31667a18fe - - - -] Invoking create_volume using POST url: /api/v2/projects/default/volumes             request.body: {'name': 'vol_0a7b0bc2-098d-4774-9358-e7e9bd585fdf', 'size': '1 gib', 'replicaCount': '3', 'compression': 'False', 'acl': {'values': ['ALLOW_NONE']}, 'IPAcl': {'values': ['ALLOW_NONE']}, 'sourceSnapshotUUID': None, 'sourceSnapshotName': None} ssl_verify: False
2026-09-28 10:05:15.730 77 WARNING py.warnings [None req-0f30f5b9-688c-4eb8-83ca-823bf830cc9e 89093f5331a34becab93d09a27540751 c42460167cef4ef6b1aa3b31667a18fe - - - -] /var/lib/kolla/venv/lib/python3.12/site-packages/urllib3/connectionpool.py:1110: InsecureRequestWarning: Unverified HTTPS request is being made to host '[LB_IP_ADDRESS]'. Adding certificate verification is strongly advised. See: https://urllib3.readthedocs.io/en/latest/advanced-usage.html#tls-warnings
  warnings.warn(

2026-09-28 10:05:15.764 77 INFO cinder.volume.drivers.lightos [None req-0f30f5b9-688c-4eb8-83ca-823bf830cc9e 89093f5331a34becab93d09a27540751 c42460167cef4ef6b1aa3b31667a18fe - - - -] Invoking get_volume using GET url: /api/v2/projects/default/volumes/100541dc-7e84-4d45-845d-c0872c2ee9a3             request.body: {} ssl_verify: False
2026-09-28 10:05:15.808 77 WARNING py.warnings [None req-0f30f5b9-688c-4eb8-83ca-823bf830cc9e 89093f5331a34becab93d09a27540751 c42460167cef4ef6b1aa3b31667a18fe - - - -] /var/lib/kolla/venv/lib/python3.12/site-packages/urllib3/connectionpool.py:1110: InsecureRequestWarning: Unverified HTTPS request is being made to host '[LB_IP_ADDRESS]'. Adding certificate verification is strongly advised. See: https://urllib3.readthedocs.io/en/latest/advanced-usage.html#tls-warnings
  warnings.warn(

2026-09-28 10:05:15.843 77 INFO cinder.volume.manager [None req-34bae2b3-1708-450c-b5dd-1c1c2e09a118 fcc22dc4f8a64442b34282da4620256e ab31734183864f3ba4fab1c91246c4d0 - - default default] Deleted volume successfully.
2026-09-28 10:05:15.945 77 INFO cinder.volume.flows.manager.create_volume [None req-ca107684-fa66-4be1-82b5-6933dbc51aaf 89093f5331a34becab93d09a27540751 c42460167cef4ef6b1aa3b31667a18fe - - - -] Volume 423e8f5d-f070-432e-a921-0b86dffc5787: being created as raw with specification: {'status': 'creating', 'volume_name': 'vol_423e8f5d-f070-432e-a921-0b86dffc5787', 'volume_size': 1}
2026-09-28 10:05:15.945 77 INFO cinder.volume.drivers.lightos [None req-ca107684-fa66-4be1-82b5-6933dbc51aaf 89093f5331a34becab93d09a27540751 c42460167cef4ef6b1aa3b31667a18fe - - - -] Invoking get_volume_by_name using GET url: /api/v2/projects/default/volumes/?name=vol_423e8f5d-f070-432e-a921-0b86dffc5787             request.body: {} ssl_verify: False
2026-09-28 10:05:15.980 77 WARNING py.warnings [None req-ca107684-fa66-4be1-82b5-6933dbc51aaf 89093f5331a34becab93d09a27540751 c42460167cef4ef6b1aa3b31667a18fe - - - -] /var/lib/kolla/venv/lib/python3.12/site-packages/urllib3/connectionpool.py:1110: InsecureRequestWarning: Unverified HTTPS request is being made to host '[LB_IP_ADDRESS]'. Adding certificate verification is strongly advised. See: https://urllib3.readthedocs.io/en/latest/advanced-usage.html#tls-warnings
  warnings.warn(

2026-09-28 10:05:15.992 77 INFO cinder.volume.drivers.lightos [None req-ca107684-fa66-4be1-82b5-6933dbc51aaf 89093f5331a34becab93d09a27540751 c42460167cef4ef6b1aa3b31667a18fe - - - -] Invoking create_volume using POST url: /api/v2/projects/default/volumes             request.body: {'name': 'vol_423e8f5d-f070-432e-a921-0b86dffc5787', 'size': '1 gib', 'replicaCount': '3', 'compression': 'False', 'acl': {'values': ['ALLOW_NONE']}, 'IPAcl': {'values': ['ALLOW_NONE']}, 'sourceSnapshotUUID': None, 'sourceSnapshotName': None} ssl_verify: False
2026-09-28 10:05:16.033 77 WARNING py.warnings [None req-ca107684-fa66-4be1-82b5-6933dbc51aaf 89093f5331a34becab93d09a27540751 c42460167cef4ef6b1aa3b31667a18fe - - - -] /var/lib/kolla/venv/lib/python3.12/site-packages/urllib3/connectionpool.py:1110: InsecureRequestWarning: Unverified HTTPS request is being made to host '[LB_IP_ADDRESS]'. Adding certificate verification is strongly advised. See: https://urllib3.readthedocs.io/en/latest/advanced-usage.html#tls-warnings
  warnings.warn(

2026-09-28 10:05:16.058 77 INFO cinder.volume.drivers.lightos [None req-ca107684-fa66-4be1-82b5-6933dbc51aaf 89093f5331a34becab93d09a27540751 c42460167cef4ef6b1aa3b31667a18fe - - - -] Invoking get_volume using GET url: /api/v2/projects/default/volumes/4c7641c9-c891-4264-9421-27ac95f25e41             request.body: {} ssl_verify: False
2026-09-28 10:05:16.123 77 WARNING py.warnings [None req-ca107684-fa66-4be1-82b5-6933dbc51aaf 89093f5331a34becab93d09a27540751 c42460167cef4ef6b1aa3b31667a18fe - - - -] /var/lib/kolla/venv/lib/python3.12/site-packages/urllib3/connectionpool.py:1110: InsecureRequestWarning: Unverified HTTPS request is being made to host '[LB_IP_ADDRESS]'. Adding certificate verification is strongly advised. See: https://urllib3.readthedocs.io/en/latest/advanced-usage.html#tls-warnings
  warnings.warn(

2026-09-28 10:05:16.234 77 INFO cinder.volume.drivers.lightos [None req-85613861-fd98-401a-bfea-36212bb9c9b6 5f5af72fe0bd4d82979e85e9d4adee16 41c2ce5c3ffc4ba0b416f0241a682b97 - - default default] Invoking delete_volume using DELETE url: /api/v2/projects/default/volumes/36cfa61f-f85c-45a7-8472-6bed90444e5f?             request.body:  ssl_verify: False
2026-09-28 10:05:16.272 77 WARNING py.warnings [None req-85613861-fd98-401a-bfea-36212bb9c9b6 5f5af72fe0bd4d82979e85e9d4adee16 41c2ce5c3ffc4ba0b416f0241a682b97 - - default default] /var/lib/kolla/venv/lib/python3.12/site-packages/urllib3/connectionpool.py:1110: InsecureRequestWarning: Unverified HTTPS request is being made to host '[LB_IP_ADDRESS]'. Adding certificate verification is strongly advised. See: https://urllib3.readthedocs.io/en/latest/advanced-usage.html#tls-warnings
  warnings.warn(

2026-09-28 10:05:16.374 77 INFO cinder.volume.drivers.lightos [None req-85613861-fd98-401a-bfea-36212bb9c9b6 5f5af72fe0bd4d82979e85e9d4adee16 41c2ce5c3ffc4ba0b416f0241a682b97 - - default default] Invoking get_volume using GET url: /api/v2/projects/default/volumes/36cfa61f-f85c-45a7-8472-6bed90444e5f             request.body: {} ssl_verify: False
2026-09-28 10:05:16.416 77 WARNING py.warnings [None req-85613861-fd98-401a-bfea-36212bb9c9b6 5f5af72fe0bd4d82979e85e9d4adee16 41c2ce5c3ffc4ba0b416f0241a682b97 - - default default] /var/lib/kolla/venv/lib/python3.12/site-packages/urllib3/connectionpool.py:1110: InsecureRequestWarning: Unverified HTTPS request is being made to host '[LB_IP_ADDRESS]'. Adding certificate verification is strongly advised. See: https://urllib3.readthedocs.io/en/latest/advanced-usage.html#tls-warnings
  warnings.warn(

2026-09-28 10:05:16.533 77 INFO cinder.volume.manager [None req-85613861-fd98-401a-bfea-36212bb9c9b6 5f5af72fe0bd4d82979e85e9d4adee16 41c2ce5c3ffc4ba0b416f0241a682b97 - - default default] Deleted volume successfully.
2026-09-28 10:05:16.657 77 INFO cinder.volume.drivers.lightos [None req-4dbb8091-ad47-44f1-a14f-4c4a188f31f5 fcc22dc4f8a64442b34282da4620256e ab31734183864f3ba4fab1c91246c4d0 - - default default] Invoking delete_volume using DELETE url: /api/v2/projects/default/volumes/de8747e1-6cc5-411f-81cf-30320e282838?             request.body:  ssl_verify: False
2026-09-28 10:05:16.691 77 WARNING py.warnings [None req-4dbb8091-ad47-44f1-a14f-4c4a188f31f5 fcc22dc4f8a64442b34282da4620256e ab31734183864f3ba4fab1c91246c4d0 - - default default] /var/lib/kolla/venv/lib/python3.12/site-packages/urllib3/connectionpool.py:1110: InsecureRequestWarning: Unverified HTTPS request is being made to host '[LB_IP_ADDRESS]'. Adding certificate verification is strongly advised. See: https://urllib3.readthedocs.io/en/latest/advanced-usage.html#tls-warnings
  warnings.warn(

2026-09-28 10:05:16.715 77 INFO cinder.volume.drivers.lightos [None req-4dbb8091-ad47-44f1-a14f-4c4a188f31f5 fcc22dc4f8a64442b34282da4620256e ab31734183864f3ba4fab1c91246c4d0 - - default default] Invoking get_volume using GET url: /api/v2/projects/default/volumes/de8747e1-6cc5-411f-81cf-30320e282838             request.body: {} ssl_verify: False
2026-09-28 10:05:16.759 77 WARNING py.warnings [None req-4dbb8091-ad47-44f1-a14f-4c4a188f31f5 fcc22dc4f8a64442b34282da4620256e ab31734183864f3ba4fab1c91246c4d0 - - default default] /var/lib/kolla/venv/lib/python3.12/site-packages/urllib3/connectionpool.py:1110: InsecureRequestWarning: Unverified HTTPS request is being made to host '[LB_IP_ADDRESS]'. Adding certificate verification is strongly advised. See: https://urllib3.readthedocs.io/en/latest/advanced-usage.html#tls-warnings
  warnings.warn(

2026-09-28 10:05:16.838 77 INFO cinder.volume.drivers.lightos [None req-0f30f5b9-688c-4eb8-83ca-823bf830cc9e 89093f5331a34becab93d09a27540751 c42460167cef4ef6b1aa3b31667a18fe - - - -] Invoking get_volume using GET url: /api/v2/projects/default/volumes/100541dc-7e84-4d45-845d-c0872c2ee9a3             request.body: {} ssl_verify: False
2026-09-28 10:05:16.875 77 WARNING py.warnings [None req-0f30f5b9-688c-4eb8-83ca-823bf830cc9e 89093f5331a34becab93d09a27540751 c42460167cef4ef6b1aa3b31667a18fe - - - -] /var/lib/kolla/venv/lib/python3.12/site-packages/urllib3/connectionpool.py:1110: InsecureRequestWarning: Unverified HTTPS request is being made to host '[LB_IP_ADDRESS]'. Adding certificate verification is strongly advised. See: https://urllib3.readthedocs.io/en/latest/advanced-usage.html#tls-warnings
  warnings.warn(

2026-09-28 10:05:16.903 77 INFO cinder.volume.manager [None req-4dbb8091-ad47-44f1-a14f-4c4a188f31f5 fcc22dc4f8a64442b34282da4620256e ab31734183864f3ba4fab1c91246c4d0 - - default default] Deleted volume successfully.
2026-09-28 10:05:16.934 77 INFO cinder.volume.flows.manager.create_volume [None req-0f30f5b9-688c-4eb8-83ca-823bf830cc9e 89093f5331a34becab93d09a27540751 c42460167cef4ef6b1aa3b31667a18fe - - - -] Volume vol_0a7b0bc2-098d-4774-9358-e7e9bd585fdf (0a7b0bc2-098d-4774-9358-e7e9bd585fdf): created successfully
2026-09-28 10:05:16.944 77 INFO cinder.volume.manager [None req-0f30f5b9-688c-4eb8-83ca-823bf830cc9e 89093f5331a34becab93d09a27540751 c42460167cef4ef6b1aa3b31667a18fe - - - -] Created volume successfully.
2026-09-28 10:05:17.154 77 INFO cinder.volume.drivers.lightos [None req-ca107684-fa66-4be1-82b5-6933dbc51aaf 89093f5331a34becab93d09a27540751 c42460167cef4ef6b1aa3b31667a18fe - - - -] Invoking get_volume using GET url: /api/v2/projects/default/volumes/4c7641c9-c891-4264-9421-27ac95f25e41             request.body: {} ssl_verify: False
2026-09-28 10:05:17.199 77 WARNING py.warnings [None req-ca107684-fa66-4be1-82b5-6933dbc51aaf 89093f5331a34becab93d09a27540751 c42460167cef4ef6b1aa3b31667a18fe - - - -] /var/lib/kolla/venv/lib/python3.12/site-packages/urllib3/connectionpool.py:1110: InsecureRequestWarning: Unverified HTTPS request is being made to host '[LB_IP_ADDRESS]'. Adding certificate verification is strongly advised. See: https://urllib3.readthedocs.io/en/latest/advanced-usage.html#tls-warnings
  warnings.warn(

2026-09-28 10:05:17.231 77 INFO cinder.volume.flows.manager.create_volume [None req-ca107684-fa66-4be1-82b5-6933dbc51aaf 89093f5331a34becab93d09a27540751 c42460167cef4ef6b1aa3b31667a18fe - - - -] Volume vol_423e8f5d-f070-432e-a921-0b86dffc5787 (423e8f5d-f070-432e-a921-0b86dffc5787): created successfully
2026-09-28 10:05:17.240 77 INFO cinder.volume.manager [None req-ca107684-fa66-4be1-82b5-6933dbc51aaf 89093f5331a34becab93d09a27540751 c42460167cef4ef6b1aa3b31667a18fe - - - -] Created volume successfully.
2026-09-28 10:05:17.371 77 INFO cinder.volume.drivers.lightos [None req-6766b395-88e7-4a47-8d1d-12f1fd83c5fd 5f5af72fe0bd4d82979e85e9d4adee16 41c2ce5c3ffc4ba0b416f0241a682b97 - - default default] Invoking delete_volume using DELETE url: /api/v2/projects/default/volumes/f50fc0e1-4d46-42d5-9cfd-f39f2a6db94e?             request.body:  ssl_verify: False
2026-09-28 10:05:17.409 77 WARNING py.warnings [None req-6766b395-88e7-4a47-8d1d-12f1fd83c5fd 5f5af72fe0bd4d82979e85e9d4adee16 41c2ce5c3ffc4ba0b416f0241a682b97 - - default default] /var/lib/kolla/venv/lib/python3.12/site-packages/urllib3/connectionpool.py:1110: InsecureRequestWarning: Unverified HTTPS request is being made to host '[LB_IP_ADDRESS]'. Adding certificate verification is strongly advised. See: https://urllib3.readthedocs.io/en/latest/advanced-usage.html#tls-warnings
  warnings.warn(

2026-09-28 10:05:17.454 77 INFO cinder.volume.drivers.lightos [None req-6766b395-88e7-4a47-8d1d-12f1fd83c5fd 5f5af72fe0bd4d82979e85e9d4adee16 41c2ce5c3ffc4ba0b416f0241a682b97 - - default default] Invoking get_volume using GET url: /api/v2/projects/default/volumes/f50fc0e1-4d46-42d5-9cfd-f39f2a6db94e             request.body: {} ssl_verify: False
2026-09-28 10:05:17.497 77 WARNING py.warnings [None req-6766b395-88e7-4a47-8d1d-12f1fd83c5fd 5f5af72fe0bd4d82979e85e9d4adee16 41c2ce5c3ffc4ba0b416f0241a682b97 - - default default] /var/lib/kolla/venv/lib/python3.12/site-packages/urllib3/connectionpool.py:1110: InsecureRequestWarning: Unverified HTTPS request is being made to host '[LB_IP_ADDRESS]'. Adding certificate verification is strongly advised. See: https://urllib3.readthedocs.io/en/latest/advanced-usage.html#tls-warnings
  warnings.warn(

2026-09-28 10:05:17.650 77 INFO cinder.volume.manager [None req-6766b395-88e7-4a47-8d1d-12f1fd83c5fd 5f5af72fe0bd4d82979e85e9d4adee16 41c2ce5c3ffc4ba0b416f0241a682b97 - - default default] Deleted volume successfully.
2026-09-28 10:05:17.793 77 INFO cinder.volume.drivers.lightos [None req-e7128012-ae6e-4660-a9ea-f56d147fc66b fcc22dc4f8a64442b34282da4620256e ab31734183864f3ba4fab1c91246c4d0 - - default default] Invoking delete_volume using DELETE url: /api/v2/projects/default/volumes/6bf06bbd-dc67-4f5b-bc5a-3448402644aa?             request.body:  ssl_verify: False
2026-09-28 10:05:17.828 77 WARNING py.warnings [None req-e7128012-ae6e-4660-a9ea-f56d147fc66b fcc22dc4f8a64442b34282da4620256e ab31734183864f3ba4fab1c91246c4d0 - - default default] /var/lib/kolla/venv/lib/python3.12/site-packages/urllib3/connectionpool.py:1110: InsecureRequestWarning: Unverified HTTPS request is being made to host '[LB_IP_ADDRESS]'. Adding certificate verification is strongly advised. See: https://urllib3.readthedocs.io/en/latest/advanced-usage.html#tls-warnings
  warnings.warn(

2026-09-28 10:05:17.853 77 INFO cinder.volume.drivers.lightos [None req-e7128012-ae6e-4660-a9ea-f56d147fc66b fcc22dc4f8a64442b34282da4620256e ab31734183864f3ba4fab1c91246c4d0 - - default default] Invoking get_volume using GET url: /api/v2/projects/default/volumes/6bf06bbd-dc67-4f5b-bc5a-3448402644aa             request.body: {} ssl_verify: False
2026-09-28 10:05:17.898 77 WARNING py.warnings [None req-e7128012-ae6e-4660-a9ea-f56d147fc66b fcc22dc4f8a64442b34282da4620256e ab31734183864f3ba4fab1c91246c4d0 - - default default] /var/lib/kolla/venv/lib/python3.12/site-packages/urllib3/connectionpool.py:1110: InsecureRequestWarning: Unverified HTTPS request is being made to host '[LB_IP_ADDRESS]'. Adding certificate verification is strongly advised. See: https://urllib3.readthedocs.io/en/latest/advanced-usage.html#tls-warnings
  warnings.warn(

2026-09-28 10:05:18.032 77 INFO cinder.volume.manager [None req-e7128012-ae6e-4660-a9ea-f56d147fc66b fcc22dc4f8a64442b34282da4620256e ab31734183864f3ba4fab1c91246c4d0 - - default default] Deleted volume successfully.
2026-09-28 10:05:18.297 77 INFO cinder.volume.drivers.lightos [None req-8c43d85a-ebb3-4d11-8128-96ba42176b75 89093f5331a34becab93d09a27540751 c42460167cef4ef6b1aa3b31667a18fe - - default default] Invoking delete_volume using DELETE url: /api/v2/projects/default/volumes/4c7641c9-c891-4264-9421-27ac95f25e41?             request.body:  ssl_verify: False
2026-09-28 10:05:18.333 77 WARNING py.warnings [None req-8c43d85a-ebb3-4d11-8128-96ba42176b75 89093f5331a34becab93d09a27540751 c42460167cef4ef6b1aa3b31667a18fe - - default default] /var/lib/kolla/venv/lib/python3.12/site-packages/urllib3/connectionpool.py:1110: InsecureRequestWarning: Unverified HTTPS request is being made to host '[LB_IP_ADDRESS]'. Adding certificate verification is strongly advised. See: https://urllib3.readthedocs.io/en/latest/advanced-usage.html#tls-warnings
  warnings.warn(

2026-09-28 10:05:18.363 77 INFO cinder.volume.drivers.lightos [None req-8c43d85a-ebb3-4d11-8128-96ba42176b75 89093f5331a34becab93d09a27540751 c42460167cef4ef6b1aa3b31667a18fe - - default default] Invoking get_volume using GET url: /api/v2/projects/default/volumes/4c7641c9-c891-4264-9421-27ac95f25e41             request.body: {} ssl_verify: False
2026-09-28 10:05:18.412 77 WARNING py.warnings [None req-8c43d85a-ebb3-4d11-8128-96ba42176b75 89093f5331a34becab93d09a27540751 c42460167cef4ef6b1aa3b31667a18fe - - default default] /var/lib/kolla/venv/lib/python3.12/site-packages/urllib3/connectionpool.py:1110: InsecureRequestWarning: Unverified HTTPS request is being made to host '[LB_IP_ADDRESS]'. Adding certificate verification is strongly advised. See: https://urllib3.readthedocs.io/en/latest/advanced-usage.html#tls-warnings
  warnings.warn(

2026-09-28 10:05:18.513 77 INFO cinder.volume.drivers.lightos [None req-fa6efb1e-ed02-4bec-88dc-f150e4582d47 5f5af72fe0bd4d82979e85e9d4adee16 41c2ce5c3ffc4ba0b416f0241a682b97 - - default default] Invoking delete_volume using DELETE url: /api/v2/projects/default/volumes/e2c51e79-c3c5-4575-bfad-af3c62aabc4e?             request.body:  ssl_verify: False
2026-09-28 10:05:18.548 77 WARNING py.warnings [None req-fa6efb1e-ed02-4bec-88dc-f150e4582d47 5f5af72fe0bd4d82979e85e9d4adee16 41c2ce5c3ffc4ba0b416f0241a682b97 - - default default] /var/lib/kolla/venv/lib/python3.12/site-packages/urllib3/connectionpool.py:1110: InsecureRequestWarning: Unverified HTTPS request is being made to host '[LB_IP_ADDRESS]'. Adding certificate verification is strongly advised. See: https://urllib3.readthedocs.io/en/latest/advanced-usage.html#tls-warnings
  warnings.warn(

2026-09-28 10:05:18.577 77 INFO cinder.volume.manager [None req-8c43d85a-ebb3-4d11-8128-96ba42176b75 89093f5331a34becab93d09a27540751 c42460167cef4ef6b1aa3b31667a18fe - - default default] Deleted volume successfully.
2026-09-28 10:05:18.593 77 INFO cinder.volume.drivers.lightos [None req-fa6efb1e-ed02-4bec-88dc-f150e4582d47 5f5af72fe0bd4d82979e85e9d4adee16 41c2ce5c3ffc4ba0b416f0241a682b97 - - default default] Invoking get_volume using GET url: /api/v2/projects/default/volumes/e2c51e79-c3c5-4575-bfad-af3c62aabc4e             request.body: {} ssl_verify: False
2026-09-28 10:05:18.644 77 WARNING py.warnings [None req-fa6efb1e-ed02-4bec-88dc-f150e4582d47 5f5af72fe0bd4d82979e85e9d4adee16 41c2ce5c3ffc4ba0b416f0241a682b97 - - default default] /var/lib/kolla/venv/lib/python3.12/site-packages/urllib3/connectionpool.py:1110: InsecureRequestWarning: Unverified HTTPS request is being made to host '[LB_IP_ADDRESS]'. Adding certificate verification is strongly advised. See: https://urllib3.readthedocs.io/en/latest/advanced-usage.html#tls-warnings
  warnings.warn(

2026-09-28 10:05:18.772 77 INFO cinder.volume.manager [None req-fa6efb1e-ed02-4bec-88dc-f150e4582d47 5f5af72fe0bd4d82979e85e9d4adee16 41c2ce5c3ffc4ba0b416f0241a682b97 - - default default] Deleted volume successfully.
2026-09-28 10:05:18.926 77 INFO cinder.volume.drivers.lightos [None req-6df3d459-540d-4de1-9c51-7f6a7cf27b5f fcc22dc4f8a64442b34282da4620256e ab31734183864f3ba4fab1c91246c4d0 - - default default] Invoking delete_volume using DELETE url: /api/v2/projects/default/volumes/95eff50e-c82a-4d61-bcba-0f306368cc8f?             request.body:  ssl_verify: False
2026-09-28 10:05:18.961 77 WARNING py.warnings [None req-6df3d459-540d-4de1-9c51-7f6a7cf27b5f fcc22dc4f8a64442b34282da4620256e ab31734183864f3ba4fab1c91246c4d0 - - default default] /var/lib/kolla/venv/lib/python3.12/site-packages/urllib3/connectionpool.py:1110: InsecureRequestWarning: Unverified HTTPS request is being made to host '[LB_IP_ADDRESS]'. Adding certificate verification is strongly advised. See: https://urllib3.readthedocs.io/en/latest/advanced-usage.html#tls-warnings
  warnings.warn(

2026-09-28 10:05:18.989 77 INFO cinder.volume.drivers.lightos [None req-6df3d459-540d-4de1-9c51-7f6a7cf27b5f fcc22dc4f8a64442b34282da4620256e ab31734183864f3ba4fab1c91246c4d0 - - default default] Invoking get_volume using GET url: /api/v2/projects/default/volumes/95eff50e-c82a-4d61-bcba-0f306368cc8f             request.body: {} ssl_verify: False
2026-09-28 10:05:19.061 77 WARNING py.warnings [None req-6df3d459-540d-4de1-9c51-7f6a7cf27b5f fcc22dc4f8a64442b34282da4620256e ab31734183864f3ba4fab1c91246c4d0 - - default default] /var/lib/kolla/venv/lib/python3.12/site-packages/urllib3/connectionpool.py:1110: InsecureRequestWarning: Unverified HTTPS request is being made to host '[LB_IP_ADDRESS]'. Adding certificate verification is strongly advised. See: https://urllib3.readthedocs.io/en/latest/advanced-usage.html#tls-warnings
  warnings.warn(

2026-09-28 10:05:19.197 77 INFO cinder.volume.manager [None req-6df3d459-540d-4de1-9c51-7f6a7cf27b5f fcc22dc4f8a64442b34282da4620256e ab31734183864f3ba4fab1c91246c4d0 - - default default] Deleted volume successfully.
2026-09-28 10:05:19.436 77 INFO cinder.volume.drivers.lightos [None req-bb99dac5-553e-4d8e-8177-e01fe5fab567 89093f5331a34becab93d09a27540751 c42460167cef4ef6b1aa3b31667a18fe - - default default] Invoking delete_volume using DELETE url: /api/v2/projects/default/volumes/100541dc-7e84-4d45-845d-c0872c2ee9a3?             request.body:  ssl_verify: False
2026-09-28 10:05:19.470 77 WARNING py.warnings [None req-bb99dac5-553e-4d8e-8177-e01fe5fab567 89093f5331a34becab93d09a27540751 c42460167cef4ef6b1aa3b31667a18fe - - default default] /var/lib/kolla/venv/lib/python3.12/site-packages/urllib3/connectionpool.py:1110: InsecureRequestWarning: Unverified HTTPS request is being made to host '[LB_IP_ADDRESS]'. Adding certificate verification is strongly advised. See: https://urllib3.readthedocs.io/en/latest/advanced-usage.html#tls-warnings
  warnings.warn(

2026-09-28 10:05:19.496 77 INFO cinder.volume.drivers.lightos [None req-bb99dac5-553e-4d8e-8177-e01fe5fab567 89093f5331a34becab93d09a27540751 c42460167cef4ef6b1aa3b31667a18fe - - default default] Invoking get_volume using GET url: /api/v2/projects/default/volumes/100541dc-7e84-4d45-845d-c0872c2ee9a3             request.body: {} ssl_verify: False
2026-09-28 10:05:19.540 77 WARNING py.warnings [None req-bb99dac5-553e-4d8e-8177-e01fe5fab567 89093f5331a34becab93d09a27540751 c42460167cef4ef6b1aa3b31667a18fe - - default default] /var/lib/kolla/venv/lib/python3.12/site-packages/urllib3/connectionpool.py:1110: InsecureRequestWarning: Unverified HTTPS request is being made to host '[LB_IP_ADDRESS]'. Adding certificate verification is strongly advised. See: https://urllib3.readthedocs.io/en/latest/advanced-usage.html#tls-warnings
  warnings.warn(

2026-09-28 10:05:19.652 77 INFO cinder.volume.drivers.lightos [None req-4d3a10c6-b3b8-45ec-9072-8db26157a170 5f5af72fe0bd4d82979e85e9d4adee16 41c2ce5c3ffc4ba0b416f0241a682b97 - - default default] Invoking delete_volume using DELETE url: /api/v2/projects/default/volumes/678329fd-9ed4-40f6-ab0a-e4dc9937bba0?             request.body:  ssl_verify: False
2026-09-28 10:05:19.685 77 WARNING py.warnings [None req-4d3a10c6-b3b8-45ec-9072-8db26157a170 5f5af72fe0bd4d82979e85e9d4adee16 41c2ce5c3ffc4ba0b416f0241a682b97 - - default default] /var/lib/kolla/venv/lib/python3.12/site-packages/urllib3/connectionpool.py:1110: InsecureRequestWarning: Unverified HTTPS request is being made to host '[LB_IP_ADDRESS]'. Adding certificate verification is strongly advised. See: https://urllib3.readthedocs.io/en/latest/advanced-usage.html#tls-warnings
  warnings.warn(

2026-09-28 10:05:19.710 77 INFO cinder.volume.drivers.lightos [None req-4d3a10c6-b3b8-45ec-9072-8db26157a170 5f5af72fe0bd4d82979e85e9d4adee16 41c2ce5c3ffc4ba0b416f0241a682b97 - - default default] Invoking get_volume using GET url: /api/v2/projects/default/volumes/678329fd-9ed4-40f6-ab0a-e4dc9937bba0             request.body: {} ssl_verify: False
2026-09-28 10:05:19.711 77 INFO cinder.volume.manager [None req-bb99dac5-553e-4d8e-8177-e01fe5fab567 89093f5331a34becab93d09a27540751 c42460167cef4ef6b1aa3b31667a18fe - - default default] Deleted volume successfully.
2026-09-28 10:05:19.748 77 WARNING py.warnings [None req-4d3a10c6-b3b8-45ec-9072-8db26157a170 5f5af72fe0bd4d82979e85e9d4adee16 41c2ce5c3ffc4ba0b416f0241a682b97 - - default default] /var/lib/kolla/venv/lib/python3.12/site-packages/urllib3/connectionpool.py:1110: InsecureRequestWarning: Unverified HTTPS request is being made to host '[LB_IP_ADDRESS]'. Adding certificate verification is strongly advised. See: https://urllib3.readthedocs.io/en/latest/advanced-usage.html#tls-warnings
  warnings.warn(

2026-09-28 10:05:19.876 77 INFO cinder.volume.manager [None req-4d3a10c6-b3b8-45ec-9072-8db26157a170 5f5af72fe0bd4d82979e85e9d4adee16 41c2ce5c3ffc4ba0b416f0241a682b97 - - default default] Deleted volume successfully.
2026-09-28 10:05:20.571 77 INFO cinder.volume.drivers.lightos [None req-82772a64-45eb-4c86-8128-582992f97b46 89093f5331a34becab93d09a27540751 c42460167cef4ef6b1aa3b31667a18fe - - default default] Invoking delete_volume using DELETE url: /api/v2/projects/default/volumes/5b54b5f7-0495-4e92-b31b-173f0acb07c3?             request.body:  ssl_verify: False
2026-09-28 10:05:20.608 77 WARNING py.warnings [None req-82772a64-45eb-4c86-8128-582992f97b46 89093f5331a34becab93d09a27540751 c42460167cef4ef6b1aa3b31667a18fe - - default default] /var/lib/kolla/venv/lib/python3.12/site-packages/urllib3/connectionpool.py:1110: InsecureRequestWarning: Unverified HTTPS request is being made to host '[LB_IP_ADDRESS]'. Adding certificate verification is strongly advised. See: https://urllib3.readthedocs.io/en/latest/advanced-usage.html#tls-warnings
  warnings.warn(

2026-09-28 10:05:20.635 77 INFO cinder.volume.drivers.lightos [None req-82772a64-45eb-4c86-8128-582992f97b46 89093f5331a34becab93d09a27540751 c42460167cef4ef6b1aa3b31667a18fe - - default default] Invoking get_volume using GET url: /api/v2/projects/default/volumes/5b54b5f7-0495-4e92-b31b-173f0acb07c3             request.body: {} ssl_verify: False
2026-09-28 10:05:20.685 77 WARNING py.warnings [None req-82772a64-45eb-4c86-8128-582992f97b46 89093f5331a34becab93d09a27540751 c42460167cef4ef6b1aa3b31667a18fe - - default default] /var/lib/kolla/venv/lib/python3.12/site-packages/urllib3/connectionpool.py:1110: InsecureRequestWarning: Unverified HTTPS request is being made to host '[LB_IP_ADDRESS]'. Adding certificate verification is strongly advised. See: https://urllib3.readthedocs.io/en/latest/advanced-usage.html#tls-warnings
  warnings.warn(

2026-09-28 10:05:20.795 77 INFO cinder.volume.drivers.lightos [None req-f843a14b-d146-472c-93b0-814691a74e67 5f5af72fe0bd4d82979e85e9d4adee16 41c2ce5c3ffc4ba0b416f0241a682b97 - - default default] Invoking delete_volume using DELETE url: /api/v2/projects/default/volumes/43cef9da-597e-488d-9395-51546f9d55cc?             request.body:  ssl_verify: False
2026-09-28 10:05:20.831 77 WARNING py.warnings [None req-f843a14b-d146-472c-93b0-814691a74e67 5f5af72fe0bd4d82979e85e9d4adee16 41c2ce5c3ffc4ba0b416f0241a682b97 - - default default] /var/lib/kolla/venv/lib/python3.12/site-packages/urllib3/connectionpool.py:1110: InsecureRequestWarning: Unverified HTTPS request is being made to host '[LB_IP_ADDRESS]'. Adding certificate verification is strongly advised. See: https://urllib3.readthedocs.io/en/latest/advanced-usage.html#tls-warnings
  warnings.warn(

2026-09-28 10:05:20.861 77 INFO cinder.volume.manager [None req-82772a64-45eb-4c86-8128-582992f97b46 89093f5331a34becab93d09a27540751 c42460167cef4ef6b1aa3b31667a18fe - - default default] Deleted volume successfully.
2026-09-28 10:05:20.922 77 INFO cinder.volume.drivers.lightos [None req-f843a14b-d146-472c-93b0-814691a74e67 5f5af72fe0bd4d82979e85e9d4adee16 41c2ce5c3ffc4ba0b416f0241a682b97 - - default default] Invoking get_volume using GET url: /api/v2/projects/default/volumes/43cef9da-597e-488d-9395-51546f9d55cc             request.body: {} ssl_verify: False
2026-09-28 10:05:20.971 77 WARNING py.warnings [None req-f843a14b-d146-472c-93b0-814691a74e67 5f5af72fe0bd4d82979e85e9d4adee16 41c2ce5c3ffc4ba0b416f0241a682b97 - - default default] /var/lib/kolla/venv/lib/python3.12/site-packages/urllib3/connectionpool.py:1110: InsecureRequestWarning: Unverified HTTPS request is being made to host '[LB_IP_ADDRESS]'. Adding certificate verification is strongly advised. See: https://urllib3.readthedocs.io/en/latest/advanced-usage.html#tls-warnings
  warnings.warn(

2026-09-28 10:05:21.093 77 INFO cinder.volume.manager [None req-f843a14b-d146-472c-93b0-814691a74e67 5f5af72fe0bd4d82979e85e9d4adee16 41c2ce5c3ffc4ba0b416f0241a682b97 - - default default] Deleted volume successfully.
2026-09-28 10:05:21.701 77 INFO cinder.volume.drivers.lightos [None req-0e60718c-ad6f-4cd3-a3bd-f056b8e98759 89093f5331a34becab93d09a27540751 c42460167cef4ef6b1aa3b31667a18fe - - default default] Invoking delete_volume using DELETE url: /api/v2/projects/default/volumes/43382ff6-3eee-49ad-b271-26d090557ce7?             request.body:  ssl_verify: False
2026-09-28 10:05:21.736 77 WARNING py.warnings [None req-0e60718c-ad6f-4cd3-a3bd-f056b8e98759 89093f5331a34becab93d09a27540751 c42460167cef4ef6b1aa3b31667a18fe - - default default] /var/lib/kolla/venv/lib/python3.12/site-packages/urllib3/connectionpool.py:1110: InsecureRequestWarning: Unverified HTTPS request is being made to host '[LB_IP_ADDRESS]'. Adding certificate verification is strongly advised. See: https://urllib3.readthedocs.io/en/latest/advanced-usage.html#tls-warnings
  warnings.warn(

2026-09-28 10:05:21.762 77 INFO cinder.volume.drivers.lightos [None req-0e60718c-ad6f-4cd3-a3bd-f056b8e98759 89093f5331a34becab93d09a27540751 c42460167cef4ef6b1aa3b31667a18fe - - default default] Invoking get_volume using GET url: /api/v2/projects/default/volumes/43382ff6-3eee-49ad-b271-26d090557ce7             request.body: {} ssl_verify: False
2026-09-28 10:05:21.815 77 WARNING py.warnings [None req-0e60718c-ad6f-4cd3-a3bd-f056b8e98759 89093f5331a34becab93d09a27540751 c42460167cef4ef6b1aa3b31667a18fe - - default default] /var/lib/kolla/venv/lib/python3.12/site-packages/urllib3/connectionpool.py:1110: InsecureRequestWarning: Unverified HTTPS request is being made to host '[LB_IP_ADDRESS]'. Adding certificate verification is strongly advised. See: https://urllib3.readthedocs.io/en/latest/advanced-usage.html#tls-warnings
  warnings.warn(

2026-09-28 10:05:21.929 77 INFO cinder.volume.manager [None req-0e60718c-ad6f-4cd3-a3bd-f056b8e98759 89093f5331a34becab93d09a27540751 c42460167cef4ef6b1aa3b31667a18fe - - default default] Deleted volume successfully.
2026-09-28 10:05:22.834 77 INFO cinder.volume.drivers.lightos [None req-aa4e8bd2-42ce-47fd-887c-45ebb938e9c0 89093f5331a34becab93d09a27540751 c42460167cef4ef6b1aa3b31667a18fe - - default default] Invoking delete_volume using DELETE url: /api/v2/projects/default/volumes/df7d55ad-c9d8-4ca0-aa75-bee7a0de853b?             request.body:  ssl_verify: False
2026-09-28 10:05:22.868 77 WARNING py.warnings [None req-aa4e8bd2-42ce-47fd-887c-45ebb938e9c0 89093f5331a34becab93d09a27540751 c42460167cef4ef6b1aa3b31667a18fe - - default default] /var/lib/kolla/venv/lib/python3.12/site-packages/urllib3/connectionpool.py:1110: InsecureRequestWarning: Unverified HTTPS request is being made to host '[LB_IP_ADDRESS]'. Adding certificate verification is strongly advised. See: https://urllib3.readthedocs.io/en/latest/advanced-usage.html#tls-warnings
  warnings.warn(

2026-09-28 10:05:22.892 77 INFO cinder.volume.drivers.lightos [None req-aa4e8bd2-42ce-47fd-887c-45ebb938e9c0 89093f5331a34becab93d09a27540751 c42460167cef4ef6b1aa3b31667a18fe - - default default] Invoking get_volume using GET url: /api/v2/projects/default/volumes/df7d55ad-c9d8-4ca0-aa75-bee7a0de853b             request.body: {} ssl_verify: False
2026-09-28 10:05:22.943 77 WARNING py.warnings [None req-aa4e8bd2-42ce-47fd-887c-45ebb938e9c0 89093f5331a34becab93d09a27540751 c42460167cef4ef6b1aa3b31667a18fe - - default default] /var/lib/kolla/venv/lib/python3.12/site-packages/urllib3/connectionpool.py:1110: InsecureRequestWarning: Unverified HTTPS request is being made to host '[LB_IP_ADDRESS]'. Adding certificate verification is strongly advised. See: https://urllib3.readthedocs.io/en/latest/advanced-usage.html#tls-warnings
  warnings.warn(

2026-09-28 10:05:23.074 77 INFO cinder.volume.manager [None req-aa4e8bd2-42ce-47fd-887c-45ebb938e9c0 89093f5331a34becab93d09a27540751 c42460167cef4ef6b1aa3b31667a18fe - - default default] Deleted volume successfully.
2026-09-28 10:05:23.191 77 INFO cinder.volume.flows.manager.create_volume [None req-3130fd69-525b-450e-83c6-be2681c93074 813423dfb23d4fe7abc3e6b081f25b84 b585fa6ee0154fdfb59684e1f2744255 - - - -] Volume f64bf2f4-7ab8-410c-85b1-646a9bb0d5a3: being created as raw with specification: {'status': 'creating', 'volume_name': 'vol_f64bf2f4-7ab8-410c-85b1-646a9bb0d5a3', 'volume_size': 1}
2026-09-28 10:05:23.192 77 INFO cinder.volume.drivers.lightos [None req-3130fd69-525b-450e-83c6-be2681c93074 813423dfb23d4fe7abc3e6b081f25b84 b585fa6ee0154fdfb59684e1f2744255 - - - -] Invoking get_volume_by_name using GET url: /api/v2/projects/default/volumes/?name=vol_f64bf2f4-7ab8-410c-85b1-646a9bb0d5a3             request.body: {} ssl_verify: False
2026-09-28 10:05:23.226 77 WARNING py.warnings [None req-3130fd69-525b-450e-83c6-be2681c93074 813423dfb23d4fe7abc3e6b081f25b84 b585fa6ee0154fdfb59684e1f2744255 - - - -] /var/lib/kolla/venv/lib/python3.12/site-packages/urllib3/connectionpool.py:1110: InsecureRequestWarning: Unverified HTTPS request is being made to host '[LB_IP_ADDRESS]'. Adding certificate verification is strongly advised. See: https://urllib3.readthedocs.io/en/latest/advanced-usage.html#tls-warnings
  warnings.warn(

2026-09-28 10:05:23.234 77 INFO cinder.volume.drivers.lightos [None req-3130fd69-525b-450e-83c6-be2681c93074 813423dfb23d4fe7abc3e6b081f25b84 b585fa6ee0154fdfb59684e1f2744255 - - - -] Invoking create_volume using POST url: /api/v2/projects/default/volumes             request.body: {'name': 'vol_f64bf2f4-7ab8-410c-85b1-646a9bb0d5a3', 'size': '1 gib', 'replicaCount': '3', 'compression': 'False', 'acl': {'values': ['ALLOW_NONE']}, 'IPAcl': {'values': ['ALLOW_NONE']}, 'sourceSnapshotUUID': None, 'sourceSnapshotName': None} ssl_verify: False
2026-09-28 10:05:23.268 77 WARNING py.warnings [None req-3130fd69-525b-450e-83c6-be2681c93074 813423dfb23d4fe7abc3e6b081f25b84 b585fa6ee0154fdfb59684e1f2744255 - - - -] /var/lib/kolla/venv/lib/python3.12/site-packages/urllib3/connectionpool.py:1110: InsecureRequestWarning: Unverified HTTPS request is being made to host '[LB_IP_ADDRESS]'. Adding certificate verification is strongly advised. See: https://urllib3.readthedocs.io/en/latest/advanced-usage.html#tls-warnings
  warnings.warn(

2026-09-28 10:05:23.296 77 INFO cinder.volume.drivers.lightos [None req-3130fd69-525b-450e-83c6-be2681c93074 813423dfb23d4fe7abc3e6b081f25b84 b585fa6ee0154fdfb59684e1f2744255 - - - -] Invoking get_volume using GET url: /api/v2/projects/default/volumes/761c047a-9473-4354-91b7-65a53ae08419             request.body: {} ssl_verify: False
2026-09-28 10:05:23.352 77 WARNING py.warnings [None req-3130fd69-525b-450e-83c6-be2681c93074 813423dfb23d4fe7abc3e6b081f25b84 b585fa6ee0154fdfb59684e1f2744255 - - - -] /var/lib/kolla/venv/lib/python3.12/site-packages/urllib3/connectionpool.py:1110: InsecureRequestWarning: Unverified HTTPS request is being made to host '[LB_IP_ADDRESS]'. Adding certificate verification is strongly advised. See: https://urllib3.readthedocs.io/en/latest/advanced-usage.html#tls-warnings
  warnings.warn(

2026-09-28 10:05:23.407 77 INFO cinder.volume.flows.manager.create_volume [None req-3130fd69-525b-450e-83c6-be2681c93074 813423dfb23d4fe7abc3e6b081f25b84 b585fa6ee0154fdfb59684e1f2744255 - - - -] Volume vol_f64bf2f4-7ab8-410c-85b1-646a9bb0d5a3 (f64bf2f4-7ab8-410c-85b1-646a9bb0d5a3): created successfully
2026-09-28 10:05:23.415 77 INFO cinder.volume.manager [None req-3130fd69-525b-450e-83c6-be2681c93074 813423dfb23d4fe7abc3e6b081f25b84 b585fa6ee0154fdfb59684e1f2744255 - - - -] Created volume successfully.
2026-09-28 10:05:23.950 77 INFO cinder.volume.drivers.lightos [None req-0c59c0c3-88cd-4a7e-96d0-cef8e4014046 89093f5331a34becab93d09a27540751 c42460167cef4ef6b1aa3b31667a18fe - - default default] Invoking get_snapshot_by_name using GET url: /api/v2/projects/default/snapshots/?Name=snapshot-ff9b168c-1d5a-479c-bbe9-319835c62ad0             request.body: {} ssl_verify: False
2026-09-28 10:05:23.989 77 WARNING py.warnings [None req-0c59c0c3-88cd-4a7e-96d0-cef8e4014046 89093f5331a34becab93d09a27540751 c42460167cef4ef6b1aa3b31667a18fe - - default default] /var/lib/kolla/venv/lib/python3.12/site-packages/urllib3/connectionpool.py:1110: InsecureRequestWarning: Unverified HTTPS request is being made to host '[LB_IP_ADDRESS]'. Adding certificate verification is strongly advised. See: https://urllib3.readthedocs.io/en/latest/advanced-usage.html#tls-warnings
  warnings.warn(

2026-09-28 10:05:24.006 77 INFO cinder.volume.drivers.lightos [None req-0c59c0c3-88cd-4a7e-96d0-cef8e4014046 89093f5331a34becab93d09a27540751 c42460167cef4ef6b1aa3b31667a18fe - - default default] Invoking delete_snapshot using DELETE url: /api/v2/projects/default/snapshots/39036640-e2b9-4b27-b6fb-a04dba4f6e16?             request.body:  ssl_verify: False
2026-09-28 10:05:24.047 77 WARNING py.warnings [None req-0c59c0c3-88cd-4a7e-96d0-cef8e4014046 89093f5331a34becab93d09a27540751 c42460167cef4ef6b1aa3b31667a18fe - - default default] /var/lib/kolla/venv/lib/python3.12/site-packages/urllib3/connectionpool.py:1110: InsecureRequestWarning: Unverified HTTPS request is being made to host '[LB_IP_ADDRESS]'. Adding certificate verification is strongly advised. See: https://urllib3.readthedocs.io/en/latest/advanced-usage.html#tls-warnings
  warnings.warn(

2026-09-28 10:05:24.068 77 INFO cinder.volume.drivers.lightos [None req-0c59c0c3-88cd-4a7e-96d0-cef8e4014046 89093f5331a34becab93d09a27540751 c42460167cef4ef6b1aa3b31667a18fe - - default default] Invoking get_snapshot using GET url: /api/v2/projects/default/snapshots/39036640-e2b9-4b27-b6fb-a04dba4f6e16             request.body: {} ssl_verify: False
2026-09-28 10:05:24.111 77 WARNING py.warnings [None req-0c59c0c3-88cd-4a7e-96d0-cef8e4014046 89093f5331a34becab93d09a27540751 c42460167cef4ef6b1aa3b31667a18fe - - default default] /var/lib/kolla/venv/lib/python3.12/site-packages/urllib3/connectionpool.py:1110: InsecureRequestWarning: Unverified HTTPS request is being made to host '[LB_IP_ADDRESS]'. Adding certificate verification is strongly advised. See: https://urllib3.readthedocs.io/en/latest/advanced-usage.html#tls-warnings
  warnings.warn(

2026-09-28 10:05:24.234 77 INFO cinder.volume.manager [None req-0c59c0c3-88cd-4a7e-96d0-cef8e4014046 89093f5331a34becab93d09a27540751 c42460167cef4ef6b1aa3b31667a18fe - - default default] Delete snapshot completed successfully.
2026-09-28 10:05:24.695 77 INFO cinder.volume.flows.manager.create_volume [None req-6c8cba90-bf5a-429c-9635-fad6c8ee45c8 813423dfb23d4fe7abc3e6b081f25b84 b585fa6ee0154fdfb59684e1f2744255 - - - -] Volume 982d35bf-e358-482f-84cd-4ce73a05e73c: being created as raw with specification: {'status': 'creating', 'volume_name': 'vol_982d35bf-e358-482f-84cd-4ce73a05e73c', 'volume_size': 1}
2026-09-28 10:05:24.695 77 INFO cinder.volume.drivers.lightos [None req-6c8cba90-bf5a-429c-9635-fad6c8ee45c8 813423dfb23d4fe7abc3e6b081f25b84 b585fa6ee0154fdfb59684e1f2744255 - - - -] Invoking get_volume_by_name using GET url: /api/v2/projects/default/volumes/?name=vol_982d35bf-e358-482f-84cd-4ce73a05e73c             request.body: {} ssl_verify: False
2026-09-28 10:05:24.730 77 WARNING py.warnings [None req-6c8cba90-bf5a-429c-9635-fad6c8ee45c8 813423dfb23d4fe7abc3e6b081f25b84 b585fa6ee0154fdfb59684e1f2744255 - - - -] /var/lib/kolla/venv/lib/python3.12/site-packages/urllib3/connectionpool.py:1110: InsecureRequestWarning: Unverified HTTPS request is being made to host '[LB_IP_ADDRESS]'. Adding certificate verification is strongly advised. See: https://urllib3.readthedocs.io/en/latest/advanced-usage.html#tls-warnings
  warnings.warn(

2026-09-28 10:05:24.741 77 INFO cinder.volume.drivers.lightos [None req-6c8cba90-bf5a-429c-9635-fad6c8ee45c8 813423dfb23d4fe7abc3e6b081f25b84 b585fa6ee0154fdfb59684e1f2744255 - - - -] Invoking create_volume using POST url: /api/v2/projects/default/volumes             request.body: {'name': 'vol_982d35bf-e358-482f-84cd-4ce73a05e73c', 'size': '1 gib', 'replicaCount': '3', 'compression': 'False', 'acl': {'values': ['ALLOW_NONE']}, 'IPAcl': {'values': ['ALLOW_NONE']}, 'sourceSnapshotUUID': None, 'sourceSnapshotName': None} ssl_verify: False
2026-09-28 10:05:24.783 77 WARNING py.warnings [None req-6c8cba90-bf5a-429c-9635-fad6c8ee45c8 813423dfb23d4fe7abc3e6b081f25b84 b585fa6ee0154fdfb59684e1f2744255 - - - -] /var/lib/kolla/venv/lib/python3.12/site-packages/urllib3/connectionpool.py:1110: InsecureRequestWarning: Unverified HTTPS request is being made to host '[LB_IP_ADDRESS]'. Adding certificate verification is strongly advised. See: https://urllib3.readthedocs.io/en/latest/advanced-usage.html#tls-warnings
  warnings.warn(

2026-09-28 10:05:24.827 77 INFO cinder.volume.drivers.lightos [None req-6c8cba90-bf5a-429c-9635-fad6c8ee45c8 813423dfb23d4fe7abc3e6b081f25b84 b585fa6ee0154fdfb59684e1f2744255 - - - -] Invoking get_volume using GET url: /api/v2/projects/default/volumes/e80c2851-c1b2-43d3-97c0-d0589053fc43             request.body: {} ssl_verify: False
2026-09-28 10:05:24.871 77 WARNING py.warnings [None req-6c8cba90-bf5a-429c-9635-fad6c8ee45c8 813423dfb23d4fe7abc3e6b081f25b84 b585fa6ee0154fdfb59684e1f2744255 - - - -] /var/lib/kolla/venv/lib/python3.12/site-packages/urllib3/connectionpool.py:1110: InsecureRequestWarning: Unverified HTTPS request is being made to host '[LB_IP_ADDRESS]'. Adding certificate verification is strongly advised. See: https://urllib3.readthedocs.io/en/latest/advanced-usage.html#tls-warnings
  warnings.warn(

2026-09-28 10:05:25.099 77 INFO cinder.volume.drivers.lightos [None req-6e273540-7e84-44eb-b9ee-d53398b83ae1 89093f5331a34becab93d09a27540751 c42460167cef4ef6b1aa3b31667a18fe - - default default] Invoking delete_volume using DELETE url: /api/v2/projects/default/volumes/1d8e7918-354f-4ff5-afa6-f6887ee00071?             request.body:  ssl_verify: False
2026-09-28 10:05:25.134 77 WARNING py.warnings [None req-6e273540-7e84-44eb-b9ee-d53398b83ae1 89093f5331a34becab93d09a27540751 c42460167cef4ef6b1aa3b31667a18fe - - default default] /var/lib/kolla/venv/lib/python3.12/site-packages/urllib3/connectionpool.py:1110: InsecureRequestWarning: Unverified HTTPS request is being made to host '[LB_IP_ADDRESS]'. Adding certificate verification is strongly advised. See: https://urllib3.readthedocs.io/en/latest/advanced-usage.html#tls-warnings
  warnings.warn(

2026-09-28 10:05:25.164 77 INFO cinder.volume.drivers.lightos [None req-6e273540-7e84-44eb-b9ee-d53398b83ae1 89093f5331a34becab93d09a27540751 c42460167cef4ef6b1aa3b31667a18fe - - default default] Invoking get_volume using GET url: /api/v2/projects/default/volumes/1d8e7918-354f-4ff5-afa6-f6887ee00071             request.body: {} ssl_verify: False
2026-09-28 10:05:25.215 77 WARNING py.warnings [None req-6e273540-7e84-44eb-b9ee-d53398b83ae1 89093f5331a34becab93d09a27540751 c42460167cef4ef6b1aa3b31667a18fe - - default default] /var/lib/kolla/venv/lib/python3.12/site-packages/urllib3/connectionpool.py:1110: InsecureRequestWarning: Unverified HTTPS request is being made to host '[LB_IP_ADDRESS]'. Adding certificate verification is strongly advised. See: https://urllib3.readthedocs.io/en/latest/advanced-usage.html#tls-warnings
  warnings.warn(

2026-09-28 10:05:25.348 77 INFO cinder.volume.manager [None req-6e273540-7e84-44eb-b9ee-d53398b83ae1 89093f5331a34becab93d09a27540751 c42460167cef4ef6b1aa3b31667a18fe - - default default] Deleted volume successfully.
2026-09-28 10:05:25.886 77 INFO cinder.volume.drivers.lightos [None req-6c8cba90-bf5a-429c-9635-fad6c8ee45c8 813423dfb23d4fe7abc3e6b081f25b84 b585fa6ee0154fdfb59684e1f2744255 - - - -] Invoking get_volume using GET url: /api/v2/projects/default/volumes/e80c2851-c1b2-43d3-97c0-d0589053fc43             request.body: {} ssl_verify: False
2026-09-28 10:05:25.930 77 WARNING py.warnings [None req-6c8cba90-bf5a-429c-9635-fad6c8ee45c8 813423dfb23d4fe7abc3e6b081f25b84 b585fa6ee0154fdfb59684e1f2744255 - - - -] /var/lib/kolla/venv/lib/python3.12/site-packages/urllib3/connectionpool.py:1110: InsecureRequestWarning: Unverified HTTPS request is being made to host '[LB_IP_ADDRESS]'. Adding certificate verification is strongly advised. See: https://urllib3.readthedocs.io/en/latest/advanced-usage.html#tls-warnings
  warnings.warn(

2026-09-28 10:05:25.966 77 INFO cinder.volume.flows.manager.create_volume [None req-6c8cba90-bf5a-429c-9635-fad6c8ee45c8 813423dfb23d4fe7abc3e6b081f25b84 b585fa6ee0154fdfb59684e1f2744255 - - - -] Volume vol_982d35bf-e358-482f-84cd-4ce73a05e73c (982d35bf-e358-482f-84cd-4ce73a05e73c): created successfully
2026-09-28 10:05:25.973 77 INFO cinder.volume.manager [None req-6c8cba90-bf5a-429c-9635-fad6c8ee45c8 813423dfb23d4fe7abc3e6b081f25b84 b585fa6ee0154fdfb59684e1f2744255 - - - -] Created volume successfully.
2026-09-28 10:05:27.006 77 INFO cinder.volume.drivers.lightos [None req-e9e62797-8030-460c-a133-f15793f57b93 813423dfb23d4fe7abc3e6b081f25b84 b585fa6ee0154fdfb59684e1f2744255 - - - -] Invoking get_snapshot_by_name using GET url: /api/v2/projects/default/snapshots/?Name=snapshot-da9b97b7-e886-4acf-b15a-d7f71b376454             request.body: {} ssl_verify: False
2026-09-28 10:05:27.043 77 WARNING py.warnings [None req-e9e62797-8030-460c-a133-f15793f57b93 813423dfb23d4fe7abc3e6b081f25b84 b585fa6ee0154fdfb59684e1f2744255 - - - -] /var/lib/kolla/venv/lib/python3.12/site-packages/urllib3/connectionpool.py:1110: InsecureRequestWarning: Unverified HTTPS request is being made to host '[LB_IP_ADDRESS]'. Adding certificate verification is strongly advised. See: https://urllib3.readthedocs.io/en/latest/advanced-usage.html#tls-warnings
  warnings.warn(

2026-09-28 10:05:27.054 77 INFO cinder.volume.drivers.lightos [None req-e9e62797-8030-460c-a133-f15793f57b93 813423dfb23d4fe7abc3e6b081f25b84 b585fa6ee0154fdfb59684e1f2744255 - - - -] Invoking create_snapshot using POST url: /api/v2/projects/default/snapshots             request.body: {'name': 'snapshot-da9b97b7-e886-4acf-b15a-d7f71b376454', 'sourceVolumeUUID': None, 'sourceVolumeName': 'vol_982d35bf-e358-482f-84cd-4ce73a05e73c'} ssl_verify: False
2026-09-28 10:05:27.124 77 WARNING py.warnings [None req-e9e62797-8030-460c-a133-f15793f57b93 813423dfb23d4fe7abc3e6b081f25b84 b585fa6ee0154fdfb59684e1f2744255 - - - -] /var/lib/kolla/venv/lib/python3.12/site-packages/urllib3/connectionpool.py:1110: InsecureRequestWarning: Unverified HTTPS request is being made to host '[LB_IP_ADDRESS]'. Adding certificate verification is strongly advised. See: https://urllib3.readthedocs.io/en/latest/advanced-usage.html#tls-warnings
  warnings.warn(

2026-09-28 10:05:27.225 77 INFO cinder.volume.drivers.lightos [None req-e9e62797-8030-460c-a133-f15793f57b93 813423dfb23d4fe7abc3e6b081f25b84 b585fa6ee0154fdfb59684e1f2744255 - - - -] Invoking get_snapshot_by_name using GET url: /api/v2/projects/default/snapshots/?Name=snapshot-da9b97b7-e886-4acf-b15a-d7f71b376454             request.body: {} ssl_verify: False
2026-09-28 10:05:27.269 77 WARNING py.warnings [None req-e9e62797-8030-460c-a133-f15793f57b93 813423dfb23d4fe7abc3e6b081f25b84 b585fa6ee0154fdfb59684e1f2744255 - - - -] /var/lib/kolla/venv/lib/python3.12/site-packages/urllib3/connectionpool.py:1110: InsecureRequestWarning: Unverified HTTPS request is being made to host '[LB_IP_ADDRESS]'. Adding certificate verification is strongly advised. See: https://urllib3.readthedocs.io/en/latest/advanced-usage.html#tls-warnings
  warnings.warn(

2026-09-28 10:05:28.345 77 INFO cinder.volume.drivers.lightos [None req-e9e62797-8030-460c-a133-f15793f57b93 813423dfb23d4fe7abc3e6b081f25b84 b585fa6ee0154fdfb59684e1f2744255 - - - -] Invoking get_snapshot_by_name using GET url: /api/v2/projects/default/snapshots/?Name=snapshot-da9b97b7-e886-4acf-b15a-d7f71b376454             request.body: {} ssl_verify: False
2026-09-28 10:05:28.390 77 WARNING py.warnings [None req-e9e62797-8030-460c-a133-f15793f57b93 813423dfb23d4fe7abc3e6b081f25b84 b585fa6ee0154fdfb59684e1f2744255 - - - -] /var/lib/kolla/venv/lib/python3.12/site-packages/urllib3/connectionpool.py:1110: InsecureRequestWarning: Unverified HTTPS request is being made to host '[LB_IP_ADDRESS]'. Adding certificate verification is strongly advised. See: https://urllib3.readthedocs.io/en/latest/advanced-usage.html#tls-warnings
  warnings.warn(

2026-09-28 10:05:28.423 77 INFO cinder.volume.manager [None req-e9e62797-8030-460c-a133-f15793f57b93 813423dfb23d4fe7abc3e6b081f25b84 b585fa6ee0154fdfb59684e1f2744255 - - - -] Create snapshot completed successfully
2026-09-28 10:05:29.155 77 INFO cinder.volume.drivers.lightos [None req-8f37f8aa-f732-411a-9123-d9bf888b51ac 813423dfb23d4fe7abc3e6b081f25b84 b585fa6ee0154fdfb59684e1f2744255 - - default default] Invoking get_snapshot_by_name using GET url: /api/v2/projects/default/snapshots/?Name=snapshot-da9b97b7-e886-4acf-b15a-d7f71b376454             request.body: {} ssl_verify: False
2026-09-28 10:05:29.195 77 WARNING py.warnings [None req-8f37f8aa-f732-411a-9123-d9bf888b51ac 813423dfb23d4fe7abc3e6b081f25b84 b585fa6ee0154fdfb59684e1f2744255 - - default default] /var/lib/kolla/venv/lib/python3.12/site-packages/urllib3/connectionpool.py:1110: InsecureRequestWarning: Unverified HTTPS request is being made to host '[LB_IP_ADDRESS]'. Adding certificate verification is strongly advised. See: https://urllib3.readthedocs.io/en/latest/advanced-usage.html#tls-warnings
  warnings.warn(

2026-09-28 10:05:29.210 77 INFO cinder.volume.drivers.lightos [None req-8f37f8aa-f732-411a-9123-d9bf888b51ac 813423dfb23d4fe7abc3e6b081f25b84 b585fa6ee0154fdfb59684e1f2744255 - - default default] Invoking delete_snapshot using DELETE url: /api/v2/projects/default/snapshots/a5369eef-133f-45ec-9198-760afed46e96?             request.body:  ssl_verify: False
2026-09-28 10:05:29.252 77 WARNING py.warnings [None req-8f37f8aa-f732-411a-9123-d9bf888b51ac 813423dfb23d4fe7abc3e6b081f25b84 b585fa6ee0154fdfb59684e1f2744255 - - default default] /var/lib/kolla/venv/lib/python3.12/site-packages/urllib3/connectionpool.py:1110: InsecureRequestWarning: Unverified HTTPS request is being made to host '[LB_IP_ADDRESS]'. Adding certificate verification is strongly advised. See: https://urllib3.readthedocs.io/en/latest/advanced-usage.html#tls-warnings
  warnings.warn(

2026-09-28 10:05:29.278 77 INFO cinder.volume.drivers.lightos [None req-8f37f8aa-f732-411a-9123-d9bf888b51ac 813423dfb23d4fe7abc3e6b081f25b84 b585fa6ee0154fdfb59684e1f2744255 - - default default] Invoking get_snapshot using GET url: /api/v2/projects/default/snapshots/a5369eef-133f-45ec-9198-760afed46e96             request.body: {} ssl_verify: False
2026-09-28 10:05:29.324 77 WARNING py.warnings [None req-8f37f8aa-f732-411a-9123-d9bf888b51ac 813423dfb23d4fe7abc3e6b081f25b84 b585fa6ee0154fdfb59684e1f2744255 - - default default] /var/lib/kolla/venv/lib/python3.12/site-packages/urllib3/connectionpool.py:1110: InsecureRequestWarning: Unverified HTTPS request is being made to host '[LB_IP_ADDRESS]'. Adding certificate verification is strongly advised. See: https://urllib3.readthedocs.io/en/latest/advanced-usage.html#tls-warnings
  warnings.warn(

2026-09-28 10:05:29.446 77 INFO cinder.volume.manager [None req-8f37f8aa-f732-411a-9123-d9bf888b51ac 813423dfb23d4fe7abc3e6b081f25b84 b585fa6ee0154fdfb59684e1f2744255 - - default default] Delete snapshot completed successfully.
2026-09-28 10:05:30.269 77 INFO cinder.volume.drivers.lightos [None req-36f4ff97-0063-4c74-a687-e8afc28f739e 813423dfb23d4fe7abc3e6b081f25b84 b585fa6ee0154fdfb59684e1f2744255 - - default default] Invoking delete_volume using DELETE url: /api/v2/projects/default/volumes/e80c2851-c1b2-43d3-97c0-d0589053fc43?             request.body:  ssl_verify: False
2026-09-28 10:05:30.305 77 WARNING py.warnings [None req-36f4ff97-0063-4c74-a687-e8afc28f739e 813423dfb23d4fe7abc3e6b081f25b84 b585fa6ee0154fdfb59684e1f2744255 - - default default] /var/lib/kolla/venv/lib/python3.12/site-packages/urllib3/connectionpool.py:1110: InsecureRequestWarning: Unverified HTTPS request is being made to host '[LB_IP_ADDRESS]'. Adding certificate verification is strongly advised. See: https://urllib3.readthedocs.io/en/latest/advanced-usage.html#tls-warnings
  warnings.warn(

2026-09-28 10:05:30.336 77 INFO cinder.volume.drivers.lightos [None req-36f4ff97-0063-4c74-a687-e8afc28f739e 813423dfb23d4fe7abc3e6b081f25b84 b585fa6ee0154fdfb59684e1f2744255 - - default default] Invoking get_volume using GET url: /api/v2/projects/default/volumes/e80c2851-c1b2-43d3-97c0-d0589053fc43             request.body: {} ssl_verify: False
2026-09-28 10:05:30.413 77 WARNING py.warnings [None req-36f4ff97-0063-4c74-a687-e8afc28f739e 813423dfb23d4fe7abc3e6b081f25b84 b585fa6ee0154fdfb59684e1f2744255 - - default default] /var/lib/kolla/venv/lib/python3.12/site-packages/urllib3/connectionpool.py:1110: InsecureRequestWarning: Unverified HTTPS request is being made to host '[LB_IP_ADDRESS]'. Adding certificate verification is strongly advised. See: https://urllib3.readthedocs.io/en/latest/advanced-usage.html#tls-warnings
  warnings.warn(

2026-09-28 10:05:30.608 77 INFO cinder.volume.manager [None req-36f4ff97-0063-4c74-a687-e8afc28f739e 813423dfb23d4fe7abc3e6b081f25b84 b585fa6ee0154fdfb59684e1f2744255 - - default default] Deleted volume successfully.
2026-09-28 10:05:31.406 77 INFO cinder.volume.drivers.lightos [None req-6950f7cc-e53f-4539-9be9-283e4962185a 813423dfb23d4fe7abc3e6b081f25b84 b585fa6ee0154fdfb59684e1f2744255 - - default default] Invoking delete_volume using DELETE url: /api/v2/projects/default/volumes/761c047a-9473-4354-91b7-65a53ae08419?             request.body:  ssl_verify: False
2026-09-28 10:05:31.439 77 WARNING py.warnings [None req-6950f7cc-e53f-4539-9be9-283e4962185a 813423dfb23d4fe7abc3e6b081f25b84 b585fa6ee0154fdfb59684e1f2744255 - - default default] /var/lib/kolla/venv/lib/python3.12/site-packages/urllib3/connectionpool.py:1110: InsecureRequestWarning: Unverified HTTPS request is being made to host '[LB_IP_ADDRESS]'. Adding certificate verification is strongly advised. See: https://urllib3.readthedocs.io/en/latest/advanced-usage.html#tls-warnings
  warnings.warn(

2026-09-28 10:05:31.465 77 INFO cinder.volume.drivers.lightos [None req-6950f7cc-e53f-4539-9be9-283e4962185a 813423dfb23d4fe7abc3e6b081f25b84 b585fa6ee0154fdfb59684e1f2744255 - - default default] Invoking get_volume using GET url: /api/v2/projects/default/volumes/761c047a-9473-4354-91b7-65a53ae08419             request.body: {} ssl_verify: False
2026-09-28 10:05:31.532 77 WARNING py.warnings [None req-6950f7cc-e53f-4539-9be9-283e4962185a 813423dfb23d4fe7abc3e6b081f25b84 b585fa6ee0154fdfb59684e1f2744255 - - default default] /var/lib/kolla/venv/lib/python3.12/site-packages/urllib3/connectionpool.py:1110: InsecureRequestWarning: Unverified HTTPS request is being made to host '[LB_IP_ADDRESS]'. Adding certificate verification is strongly advised. See: https://urllib3.readthedocs.io/en/latest/advanced-usage.html#tls-warnings
  warnings.warn(

2026-09-28 10:05:31.668 77 INFO cinder.volume.manager [None req-6950f7cc-e53f-4539-9be9-283e4962185a 813423dfb23d4fe7abc3e6b081f25b84 b585fa6ee0154fdfb59684e1f2744255 - - default default] Deleted volume successfully.
