Build Started 01_09_2026_09_54_44
2026-09-01 09:54:57.347 7 INFO oslo_service.backend._eventlet.service [None req-22c9b6bd-d44d-469e-a809-10bec00e5e42 - - - - - -] Caught SIGTERM, stopping children
2026-09-01 09:54:57.354 7 INFO oslo_service.backend._eventlet.service [None req-22c9b6bd-d44d-469e-a809-10bec00e5e42 - - - - - -] Waiting on 1 children to exit
2026-09-01 09:54:57.411 7 INFO oslo_service.backend._eventlet.service [None req-22c9b6bd-d44d-469e-a809-10bec00e5e42 - - - - - -] Child 87 exited with status 0
2026-09-01 09:55:56.853 7 INFO cinder.rpc [None req-685ca10a-4bf0-4734-887e-26a9fe159f55 - - - - - -] Automatically selected cinder-scheduler objects version 1.39 as minimum service version.
2026-09-01 09:55:56.860 7 INFO cinder.rpc [None req-685ca10a-4bf0-4734-887e-26a9fe159f55 - - - - - -] Automatically selected cinder-scheduler RPC version 3.12 as minimum service version.
2026-09-01 09:55:56.954 7 INFO cinder.volume.manager [None req-685ca10a-4bf0-4734-887e-26a9fe159f55 - - - - - -] Determined volume DB was empty at startup.
2026-09-01 09:55:56.998 7 INFO cinder.volume.manager [None req-685ca10a-4bf0-4734-887e-26a9fe159f55 - - - - - -] Image-volume cache disabled for host rack04-server62@LIGHTOSardffj.
2026-09-01 09:55:57.024 7 INFO oslo_service.backend._eventlet.service [None req-685ca10a-4bf0-4734-887e-26a9fe159f55 - - - - - -] Starting 1 workers
2026-09-01 09:55:57.043 87 INFO cinder.service [-] Starting cinder-volume node (version 28.1.0)
2026-09-01 09:55:57.064 7 WARNING oslo_config.cfg [None req-685ca10a-4bf0-4734-887e-26a9fe159f55 - - - - - -] Deprecated: Option "heartbeat_in_pthread" from group "oslo_messaging_rabbit" is deprecated for removal (The option is related to Eventlet which will be removed. In addition this has never worked as expected with services using eventlet for core service framework.).  Its value may be silently ignored in the future.
2026-09-01 09:55:57.078 87 INFO cinder.volume.manager [None req-f11465e9-9a95-47de-b939-1c4a591d4ff0 - - - - - -] Starting volume driver LightOSVolumeDriver (2.3.12)
2026-09-01 09:55:57.079 87 INFO cinder.volume.drivers.lightos [None req-f11465e9-9a95-47de-b939-1c4a591d4ff0 - - - - - -] Invoking get_cluster_info using GET url: /api/v2/clusterinfo             request.body: {} ssl_verify: False
2026-09-01 09:55:57.087 87 ERROR cinder.volume.drivers.lightos [None req-f11465e9-9a95-47de-b939-1c4a591d4ff0 - - - - - -] REST server not responding at 'https://[LB_IP_ADDRESS]:443/api/v2/clusterinfo': requests.exceptions.ConnectionError: HTTPSConnectionPool(host='[LB_IP_ADDRESS]', port=443): Max retries exceeded with url: /api/v2/clusterinfo (Caused by NewConnectionError("HTTPSConnection(host='[LB_IP_ADDRESS]', port=443): Failed to establish a new connection: [Errno 111] ECONNREFUSED"))
2026-09-01 09:55:57.087 87 ERROR cinder.volume.drivers.lightos Traceback (most recent call last):
2026-09-01 09:55:57.087 87 ERROR cinder.volume.drivers.lightos   File "/var/lib/kolla/venv/lib/python3.12/site-packages/urllib3/connection.py", line 204, in _new_conn
2026-09-01 09:55:57.087 87 ERROR cinder.volume.drivers.lightos     sock = connection.create_connection(
2026-09-01 09:55:57.087 87 ERROR cinder.volume.drivers.lightos            ^^^^^^^^^^^^^^^^^^^^^^^^^^^^^
2026-09-01 09:55:57.087 87 ERROR cinder.volume.drivers.lightos   File "/var/lib/kolla/venv/lib/python3.12/site-packages/urllib3/util/connection.py", line 85, in create_connection
2026-09-01 09:55:57.087 87 ERROR cinder.volume.drivers.lightos     raise err
2026-09-01 09:55:57.087 87 ERROR cinder.volume.drivers.lightos   File "/var/lib/kolla/venv/lib/python3.12/site-packages/urllib3/util/connection.py", line 73, in create_connection
2026-09-01 09:55:57.087 87 ERROR cinder.volume.drivers.lightos     sock.connect(sa)
2026-09-01 09:55:57.087 87 ERROR cinder.volume.drivers.lightos   File "/var/lib/kolla/venv/lib/python3.12/site-packages/eventlet/greenio/base.py", line 265, in connect
2026-09-01 09:55:57.087 87 ERROR cinder.volume.drivers.lightos     socket_checkerr(fd)
2026-09-01 09:55:57.087 87 ERROR cinder.volume.drivers.lightos   File "/var/lib/kolla/venv/lib/python3.12/site-packages/eventlet/greenio/base.py", line 50, in socket_checkerr
2026-09-01 09:55:57.087 87 ERROR cinder.volume.drivers.lightos     raise OSError(err, errno.errorcode[err])
2026-09-01 09:55:57.087 87 ERROR cinder.volume.drivers.lightos ConnectionRefusedError: [Errno 111] ECONNREFUSED
2026-09-01 09:55:57.087 87 ERROR cinder.volume.drivers.lightos 
2026-09-01 09:55:57.087 87 ERROR cinder.volume.drivers.lightos The above exception was the direct cause of the following exception:
2026-09-01 09:55:57.087 87 ERROR cinder.volume.drivers.lightos 
2026-09-01 09:55:57.087 87 ERROR cinder.volume.drivers.lightos Traceback (most recent call last):
2026-09-01 09:55:57.087 87 ERROR cinder.volume.drivers.lightos   File "/var/lib/kolla/venv/lib/python3.12/site-packages/urllib3/connectionpool.py", line 788, in urlopen
2026-09-01 09:55:57.087 87 ERROR cinder.volume.drivers.lightos     response = self._make_request(
2026-09-01 09:55:57.087 87 ERROR cinder.volume.drivers.lightos                ^^^^^^^^^^^^^^^^^^^
2026-09-01 09:55:57.087 87 ERROR cinder.volume.drivers.lightos   File "/var/lib/kolla/venv/lib/python3.12/site-packages/urllib3/connectionpool.py", line 488, in _make_request
2026-09-01 09:55:57.087 87 ERROR cinder.volume.drivers.lightos     raise new_e
2026-09-01 09:55:57.087 87 ERROR cinder.volume.drivers.lightos   File "/var/lib/kolla/venv/lib/python3.12/site-packages/urllib3/connectionpool.py", line 464, in _make_request
2026-09-01 09:55:57.087 87 ERROR cinder.volume.drivers.lightos     self._validate_conn(conn)
2026-09-01 09:55:57.087 87 ERROR cinder.volume.drivers.lightos   File "/var/lib/kolla/venv/lib/python3.12/site-packages/urllib3/connectionpool.py", line 1106, in _validate_conn
2026-09-01 09:55:57.087 87 ERROR cinder.volume.drivers.lightos     conn.connect()
2026-09-01 09:55:57.087 87 ERROR cinder.volume.drivers.lightos   File "/var/lib/kolla/venv/lib/python3.12/site-packages/urllib3/connection.py", line 759, in connect
2026-09-01 09:55:57.087 87 ERROR cinder.volume.drivers.lightos     self.sock = sock = self._new_conn()
2026-09-01 09:55:57.087 87 ERROR cinder.volume.drivers.lightos                        ^^^^^^^^^^^^^^^^
2026-09-01 09:55:57.087 87 ERROR cinder.volume.drivers.lightos   File "/var/lib/kolla/venv/lib/python3.12/site-packages/urllib3/connection.py", line 219, in _new_conn
2026-09-01 09:55:57.087 87 ERROR cinder.volume.drivers.lightos     raise NewConnectionError(
2026-09-01 09:55:57.087 87 ERROR cinder.volume.drivers.lightos urllib3.exceptions.NewConnectionError: HTTPSConnection(host='[LB_IP_ADDRESS]', port=443): Failed to establish a new connection: [Errno 111] ECONNREFUSED
2026-09-01 09:55:57.087 87 ERROR cinder.volume.drivers.lightos 
2026-09-01 09:55:57.087 87 ERROR cinder.volume.drivers.lightos The above exception was the direct cause of the following exception:
2026-09-01 09:55:57.087 87 ERROR cinder.volume.drivers.lightos 
2026-09-01 09:55:57.087 87 ERROR cinder.volume.drivers.lightos Traceback (most recent call last):
2026-09-01 09:55:57.087 87 ERROR cinder.volume.drivers.lightos   File "/var/lib/kolla/venv/lib/python3.12/site-packages/requests/adapters.py", line 667, in send
2026-09-01 09:55:57.087 87 ERROR cinder.volume.drivers.lightos     resp = conn.urlopen(
2026-09-01 09:55:57.087 87 ERROR cinder.volume.drivers.lightos            ^^^^^^^^^^^^^
2026-09-01 09:55:57.087 87 ERROR cinder.volume.drivers.lightos   File "/var/lib/kolla/venv/lib/python3.12/site-packages/urllib3/connectionpool.py", line 842, in urlopen
2026-09-01 09:55:57.087 87 ERROR cinder.volume.drivers.lightos     retries = retries.increment(
2026-09-01 09:55:57.087 87 ERROR cinder.volume.drivers.lightos               ^^^^^^^^^^^^^^^^^^
2026-09-01 09:55:57.087 87 ERROR cinder.volume.drivers.lightos   File "/var/lib/kolla/venv/lib/python3.12/site-packages/urllib3/util/retry.py", line 543, in increment
2026-09-01 09:55:57.087 87 ERROR cinder.volume.drivers.lightos     raise MaxRetryError(_pool, url, reason) from reason  # type: ignore[arg-type]
2026-09-01 09:55:57.087 87 ERROR cinder.volume.drivers.lightos     ^^^^^^^^^^^^^^^^^^^^^^^^^^^^^^^^^^^^^^^^^^^^^^^^^^^
2026-09-01 09:55:57.087 87 ERROR cinder.volume.drivers.lightos urllib3.exceptions.MaxRetryError: HTTPSConnectionPool(host='[LB_IP_ADDRESS]', port=443): Max retries exceeded with url: /api/v2/clusterinfo (Caused by NewConnectionError("HTTPSConnection(host='[LB_IP_ADDRESS]', port=443): Failed to establish a new connection: [Errno 111] ECONNREFUSED"))
2026-09-01 09:55:57.087 87 ERROR cinder.volume.drivers.lightos 
2026-09-01 09:55:57.087 87 ERROR cinder.volume.drivers.lightos During handling of the above exception, another exception occurred:
2026-09-01 09:55:57.087 87 ERROR cinder.volume.drivers.lightos 
2026-09-01 09:55:57.087 87 ERROR cinder.volume.drivers.lightos Traceback (most recent call last):
2026-09-01 09:55:57.087 87 ERROR cinder.volume.drivers.lightos   File "/var/lib/kolla/venv/lib/python3.12/site-packages/cinder/volume/drivers/lightos.py", line 372, in __send_cmd
2026-09-01 09:55:57.087 87 ERROR cinder.volume.drivers.lightos     response = session.send(
2026-09-01 09:55:57.087 87 ERROR cinder.volume.drivers.lightos                ^^^^^^^^^^^^^
2026-09-01 09:55:57.087 87 ERROR cinder.volume.drivers.lightos   File "/var/lib/kolla/venv/lib/python3.12/site-packages/requests/sessions.py", line 703, in send
2026-09-01 09:55:57.087 87 ERROR cinder.volume.drivers.lightos     r = adapter.send(request, **kwargs)
2026-09-01 09:55:57.087 87 ERROR cinder.volume.drivers.lightos         ^^^^^^^^^^^^^^^^^^^^^^^^^^^^^^^
2026-09-01 09:55:57.087 87 ERROR cinder.volume.drivers.lightos   File "/var/lib/kolla/venv/lib/python3.12/site-packages/requests/adapters.py", line 700, in send
2026-09-01 09:55:57.087 87 ERROR cinder.volume.drivers.lightos     raise ConnectionError(e, request=request)
2026-09-01 09:55:57.087 87 ERROR cinder.volume.drivers.lightos requests.exceptions.ConnectionError: HTTPSConnectionPool(host='[LB_IP_ADDRESS]', port=443): Max retries exceeded with url: /api/v2/clusterinfo (Caused by NewConnectionError("HTTPSConnection(host='[LB_IP_ADDRESS]', port=443): Failed to establish a new connection: [Errno 111] ECONNREFUSED"))
2026-09-01 09:55:57.087 87 ERROR cinder.volume.drivers.lightos 
2026-09-01 09:55:57.098 87 INFO cinder.volume.drivers.lightos [None req-f11465e9-9a95-47de-b939-1c4a591d4ff0 - - - - - -] Invoking get_cluster_info using GET url: /api/v2/clusterinfo             request.body: {} ssl_verify: False
2026-09-01 09:55:57.199 87 WARNING py.warnings [None req-f11465e9-9a95-47de-b939-1c4a591d4ff0 - - - - - -] /var/lib/kolla/venv/lib/python3.12/site-packages/urllib3/connectionpool.py:1110: InsecureRequestWarning: Unverified HTTPS request is being made to host '[LB_IP_ADDRESS]'. Adding certificate verification is strongly advised. See: https://urllib3.readthedocs.io/en/latest/advanced-usage.html#tls-warnings
  warnings.warn(

2026-09-01 09:55:57.259 87 INFO cinder.volume.drivers.lightos [None req-f11465e9-9a95-47de-b939-1c4a591d4ff0 - - - - - -] Connected to LightOS cluster 019f46ef-3e40-7220-8916-923d7915eb43 subsysnqn nqn.2016-01.com.lightbitslabs:uuid:820401fd-ccf1-4148-820a-f4507d0fd69b:suffix
2026-09-01 09:55:57.260 87 INFO cinder.volume.drivers.lightos [None req-f11465e9-9a95-47de-b939-1c4a591d4ff0 - - - - - -] Invoking get_nodes using GET url: /api/v2/nodes             request.body: {} ssl_verify: False
2026-09-01 09:55:57.344 87 WARNING py.warnings [None req-f11465e9-9a95-47de-b939-1c4a591d4ff0 - - - - - -] /var/lib/kolla/venv/lib/python3.12/site-packages/urllib3/connectionpool.py:1110: InsecureRequestWarning: Unverified HTTPS request is being made to host '[LB_IP_ADDRESS]'. Adding certificate verification is strongly advised. See: https://urllib3.readthedocs.io/en/latest/advanced-usage.html#tls-warnings
  warnings.warn(

2026-09-01 09:55:57.375 87 INFO os_brick.initiator.connectors.lightos [None req-f11465e9-9a95-47de-b939-1c4a591d4ff0 - - - - - -] Current host hostNQN nqn.2014-08.org.nvmexpress:uuid:ec197b32-37ff-5bf9-abb4-144b68f0bce9 and IP(s) are ['[LB_IP_ADDRESS]', 'fe80::bc8e:42d2:6292:6aa3', '[LB_IP_ADDRESS]', 'fd00::a:11:5c:7', 'fe80::c7d1:edf9:2933:bffc'] 
2026-09-01 09:55:57.459 87 WARNING oslo_config.cfg [None req-f11465e9-9a95-47de-b939-1c4a591d4ff0 - - - - - -] Deprecated: Option "heartbeat_in_pthread" from group "oslo_messaging_rabbit" is deprecated for removal (The option is related to Eventlet which will be removed. In addition this has never worked as expected with services using eventlet for core service framework.).  Its value may be silently ignored in the future.
2026-09-01 09:55:57.477 87 INFO cinder.keymgr.migration [None req-4899139f-6875-416a-82ab-d6925b29408e - - - - - -] Not migrating encryption keys because the ConfKeyManager's fixed_key is not in use.
2026-09-01 09:55:57.503 87 INFO cinder.volume.manager [None req-f11465e9-9a95-47de-b939-1c4a591d4ff0 - - - - - -] Driver initialization completed successfully.
2026-09-01 09:55:57.503 87 INFO cinder.manager [None req-f11465e9-9a95-47de-b939-1c4a591d4ff0 - - - - - -] Initiating service 2 cleanup
2026-09-01 09:55:57.512 87 INFO cinder.manager [None req-f11465e9-9a95-47de-b939-1c4a591d4ff0 - - - - - -] Service 2 cleanup completed.
2026-09-01 09:55:57.539 87 INFO oslo.messaging._drivers.impl_rabbit [None req-f11465e9-9a95-47de-b939-1c4a591d4ff0 - - - - - -] [84e3bfa3-412b-4d96-85c9-992f04b69f1c] Stream Queue.declare: cinder-volume_fanout after offset last
2026-09-01 09:55:57.559 87 INFO oslo.messaging._drivers.impl_rabbit [None req-f11465e9-9a95-47de-b939-1c4a591d4ff0 - - - - - -] [0ef0e52c-e82e-43ce-9a5b-4775e36014ba] Stream Queue.declare: cinder-volume.rack04-server62@LIGHTOSardffj_fanout after offset last
2026-09-01 09:55:57.564 87 INFO cinder.volume.manager [None req-f11465e9-9a95-47de-b939-1c4a591d4ff0 - - - - - -] Initializing RPC dependent components of volume driver LightOSVolumeDriver (2.3.12)
2026-09-01 09:55:57.572 87 INFO cinder.volume.manager [None req-f11465e9-9a95-47de-b939-1c4a591d4ff0 - - - - - -] Driver post RPC initialization completed successfully.
2026-09-01 09:57:42.940 87 INFO cinder.volume.flows.manager.create_volume [req-8e116185-bc6a-4fff-b92a-8de0d5004747 req-97a17f62-db34-4eee-93d8-7e3deb4811e6 5d4255876a0a40fba4a6c13ffc22ed9f 06e97d8fba084eb39f85d2dbcc3ff6e2 - - - -] Volume c575c38f-6f25-4369-ae66-f689a3647118: being created as raw with specification: {'status': 'creating', 'volume_name': 'vol_c575c38f-6f25-4369-ae66-f689a3647118', 'volume_size': 1}
2026-09-01 09:57:42.941 87 INFO cinder.volume.drivers.lightos [req-8e116185-bc6a-4fff-b92a-8de0d5004747 req-97a17f62-db34-4eee-93d8-7e3deb4811e6 5d4255876a0a40fba4a6c13ffc22ed9f 06e97d8fba084eb39f85d2dbcc3ff6e2 - - - -] Invoking get_volume_by_name using GET url: /api/v2/projects/default/volumes/?name=vol_c575c38f-6f25-4369-ae66-f689a3647118             request.body: {} ssl_verify: False
2026-09-01 09:57:43.047 87 WARNING py.warnings [req-8e116185-bc6a-4fff-b92a-8de0d5004747 req-97a17f62-db34-4eee-93d8-7e3deb4811e6 5d4255876a0a40fba4a6c13ffc22ed9f 06e97d8fba084eb39f85d2dbcc3ff6e2 - - - -] /var/lib/kolla/venv/lib/python3.12/site-packages/urllib3/connectionpool.py:1110: InsecureRequestWarning: Unverified HTTPS request is being made to host '[LB_IP_ADDRESS]'. Adding certificate verification is strongly advised. See: https://urllib3.readthedocs.io/en/latest/advanced-usage.html#tls-warnings
  warnings.warn(

2026-09-01 09:57:43.076 87 INFO cinder.volume.drivers.lightos [req-8e116185-bc6a-4fff-b92a-8de0d5004747 req-97a17f62-db34-4eee-93d8-7e3deb4811e6 5d4255876a0a40fba4a6c13ffc22ed9f 06e97d8fba084eb39f85d2dbcc3ff6e2 - - - -] Invoking create_volume using POST url: /api/v2/projects/default/volumes             request.body: {'name': 'vol_c575c38f-6f25-4369-ae66-f689a3647118', 'size': '1 gib', 'replicaCount': '3', 'compression': 'False', 'acl': {'values': ['ALLOW_NONE']}, 'IPAcl': {'values': ['ALLOW_NONE']}, 'sourceSnapshotUUID': None, 'sourceSnapshotName': None} ssl_verify: False
2026-09-01 09:57:43.104 87 INFO cinder.volume.flows.manager.create_volume [req-4fa6d460-4d22-4b38-ac3c-80cfecec162b req-06f5ffcb-3eb3-4f64-b7b0-b0293482e66b 4f4dd4f3ccdc4f698ec2a885994f8654 e5f918f1abed47caa45a6d220a952682 - - - -] Volume 21987d5c-af10-44b1-946f-134b78b27b04: being created as raw with specification: {'status': 'creating', 'volume_name': 'vol_21987d5c-af10-44b1-946f-134b78b27b04', 'volume_size': 1}
2026-09-01 09:57:43.104 87 INFO cinder.volume.drivers.lightos [req-4fa6d460-4d22-4b38-ac3c-80cfecec162b req-06f5ffcb-3eb3-4f64-b7b0-b0293482e66b 4f4dd4f3ccdc4f698ec2a885994f8654 e5f918f1abed47caa45a6d220a952682 - - - -] Invoking get_volume_by_name using GET url: /api/v2/projects/default/volumes/?name=vol_21987d5c-af10-44b1-946f-134b78b27b04             request.body: {} ssl_verify: False
2026-09-01 09:57:43.268 87 WARNING py.warnings [req-8e116185-bc6a-4fff-b92a-8de0d5004747 req-97a17f62-db34-4eee-93d8-7e3deb4811e6 5d4255876a0a40fba4a6c13ffc22ed9f 06e97d8fba084eb39f85d2dbcc3ff6e2 - - - -] /var/lib/kolla/venv/lib/python3.12/site-packages/urllib3/connectionpool.py:1110: InsecureRequestWarning: Unverified HTTPS request is being made to host '[LB_IP_ADDRESS]'. Adding certificate verification is strongly advised. See: https://urllib3.readthedocs.io/en/latest/advanced-usage.html#tls-warnings
  warnings.warn(

2026-09-01 09:57:43.297 87 INFO cinder.volume.flows.manager.create_volume [None req-f2cc0336-2731-4f19-b431-415021bf5c89 f07c7df6126d454199eb4651c4b256dd 3d01afde66854279972d2cd96e76887c - - - -] Volume e693685b-3eb5-46ad-bf9b-0467fe004d88: being created as raw with specification: {'status': 'creating', 'volume_name': 'vol_e693685b-3eb5-46ad-bf9b-0467fe004d88', 'volume_size': 1}
2026-09-01 09:57:43.298 87 INFO cinder.volume.drivers.lightos [None req-f2cc0336-2731-4f19-b431-415021bf5c89 f07c7df6126d454199eb4651c4b256dd 3d01afde66854279972d2cd96e76887c - - - -] Invoking get_volume_by_name using GET url: /api/v2/projects/default/volumes/?name=vol_e693685b-3eb5-46ad-bf9b-0467fe004d88             request.body: {} ssl_verify: False
2026-09-01 09:57:43.307 87 INFO cinder.volume.drivers.lightos [req-8e116185-bc6a-4fff-b92a-8de0d5004747 req-97a17f62-db34-4eee-93d8-7e3deb4811e6 5d4255876a0a40fba4a6c13ffc22ed9f 06e97d8fba084eb39f85d2dbcc3ff6e2 - - - -] Invoking get_volume using GET url: /api/v2/projects/default/volumes/1e589058-74c8-44eb-9926-58903a73ee25             request.body: {} ssl_verify: False
2026-09-01 09:57:43.312 87 WARNING py.warnings [req-4fa6d460-4d22-4b38-ac3c-80cfecec162b req-06f5ffcb-3eb3-4f64-b7b0-b0293482e66b 4f4dd4f3ccdc4f698ec2a885994f8654 e5f918f1abed47caa45a6d220a952682 - - - -] /var/lib/kolla/venv/lib/python3.12/site-packages/urllib3/connectionpool.py:1110: InsecureRequestWarning: Unverified HTTPS request is being made to host '[LB_IP_ADDRESS]'. Adding certificate verification is strongly advised. See: https://urllib3.readthedocs.io/en/latest/advanced-usage.html#tls-warnings
  warnings.warn(

2026-09-01 09:57:43.463 87 WARNING py.warnings [None req-f2cc0336-2731-4f19-b431-415021bf5c89 f07c7df6126d454199eb4651c4b256dd 3d01afde66854279972d2cd96e76887c - - - -] /var/lib/kolla/venv/lib/python3.12/site-packages/urllib3/connectionpool.py:1110: InsecureRequestWarning: Unverified HTTPS request is being made to host '[LB_IP_ADDRESS]'. Adding certificate verification is strongly advised. See: https://urllib3.readthedocs.io/en/latest/advanced-usage.html#tls-warnings
  warnings.warn(

2026-09-01 09:57:43.466 87 INFO cinder.volume.drivers.lightos [req-4fa6d460-4d22-4b38-ac3c-80cfecec162b req-06f5ffcb-3eb3-4f64-b7b0-b0293482e66b 4f4dd4f3ccdc4f698ec2a885994f8654 e5f918f1abed47caa45a6d220a952682 - - - -] Invoking create_volume using POST url: /api/v2/projects/default/volumes             request.body: {'name': 'vol_21987d5c-af10-44b1-946f-134b78b27b04', 'size': '1 gib', 'replicaCount': '3', 'compression': 'False', 'acl': {'values': ['ALLOW_NONE']}, 'IPAcl': {'values': ['ALLOW_NONE']}, 'sourceSnapshotUUID': None, 'sourceSnapshotName': None} ssl_verify: False
2026-09-01 09:57:43.470 87 WARNING py.warnings [req-8e116185-bc6a-4fff-b92a-8de0d5004747 req-97a17f62-db34-4eee-93d8-7e3deb4811e6 5d4255876a0a40fba4a6c13ffc22ed9f 06e97d8fba084eb39f85d2dbcc3ff6e2 - - - -] /var/lib/kolla/venv/lib/python3.12/site-packages/urllib3/connectionpool.py:1110: InsecureRequestWarning: Unverified HTTPS request is being made to host '[LB_IP_ADDRESS]'. Adding certificate verification is strongly advised. See: https://urllib3.readthedocs.io/en/latest/advanced-usage.html#tls-warnings
  warnings.warn(

2026-09-01 09:57:43.473 87 INFO cinder.volume.drivers.lightos [None req-f2cc0336-2731-4f19-b431-415021bf5c89 f07c7df6126d454199eb4651c4b256dd 3d01afde66854279972d2cd96e76887c - - - -] Invoking create_volume using POST url: /api/v2/projects/default/volumes             request.body: {'name': 'vol_e693685b-3eb5-46ad-bf9b-0467fe004d88', 'size': '1 gib', 'replicaCount': '3', 'compression': 'False', 'acl': {'values': ['ALLOW_NONE']}, 'IPAcl': {'values': ['ALLOW_NONE']}, 'sourceSnapshotUUID': None, 'sourceSnapshotName': None} ssl_verify: False
2026-09-01 09:57:43.629 87 WARNING py.warnings [req-4fa6d460-4d22-4b38-ac3c-80cfecec162b req-06f5ffcb-3eb3-4f64-b7b0-b0293482e66b 4f4dd4f3ccdc4f698ec2a885994f8654 e5f918f1abed47caa45a6d220a952682 - - - -] /var/lib/kolla/venv/lib/python3.12/site-packages/urllib3/connectionpool.py:1110: InsecureRequestWarning: Unverified HTTPS request is being made to host '[LB_IP_ADDRESS]'. Adding certificate verification is strongly advised. See: https://urllib3.readthedocs.io/en/latest/advanced-usage.html#tls-warnings
  warnings.warn(

2026-09-01 09:57:43.636 87 WARNING py.warnings [None req-f2cc0336-2731-4f19-b431-415021bf5c89 f07c7df6126d454199eb4651c4b256dd 3d01afde66854279972d2cd96e76887c - - - -] /var/lib/kolla/venv/lib/python3.12/site-packages/urllib3/connectionpool.py:1110: InsecureRequestWarning: Unverified HTTPS request is being made to host '[LB_IP_ADDRESS]'. Adding certificate verification is strongly advised. See: https://urllib3.readthedocs.io/en/latest/advanced-usage.html#tls-warnings
  warnings.warn(

2026-09-01 09:57:43.654 87 INFO cinder.volume.drivers.lightos [req-4fa6d460-4d22-4b38-ac3c-80cfecec162b req-06f5ffcb-3eb3-4f64-b7b0-b0293482e66b 4f4dd4f3ccdc4f698ec2a885994f8654 e5f918f1abed47caa45a6d220a952682 - - - -] Invoking get_volume using GET url: /api/v2/projects/default/volumes/4b0f9325-1b01-4d65-9837-8b7b2cbf1b3b             request.body: {} ssl_verify: False
2026-09-01 09:57:43.732 87 INFO cinder.volume.drivers.lightos [None req-f2cc0336-2731-4f19-b431-415021bf5c89 f07c7df6126d454199eb4651c4b256dd 3d01afde66854279972d2cd96e76887c - - - -] Invoking get_volume using GET url: /api/v2/projects/default/volumes/ba061f7b-d7e0-4970-9bc4-afed503f575d             request.body: {} ssl_verify: False
2026-09-01 09:57:43.734 87 INFO cinder.volume.flows.manager.create_volume [req-8e116185-bc6a-4fff-b92a-8de0d5004747 req-97a17f62-db34-4eee-93d8-7e3deb4811e6 5d4255876a0a40fba4a6c13ffc22ed9f 06e97d8fba084eb39f85d2dbcc3ff6e2 - - - -] Volume vol_c575c38f-6f25-4369-ae66-f689a3647118 (c575c38f-6f25-4369-ae66-f689a3647118): created successfully
2026-09-01 09:57:43.818 87 WARNING py.warnings [req-4fa6d460-4d22-4b38-ac3c-80cfecec162b req-06f5ffcb-3eb3-4f64-b7b0-b0293482e66b 4f4dd4f3ccdc4f698ec2a885994f8654 e5f918f1abed47caa45a6d220a952682 - - - -] /var/lib/kolla/venv/lib/python3.12/site-packages/urllib3/connectionpool.py:1110: InsecureRequestWarning: Unverified HTTPS request is being made to host '[LB_IP_ADDRESS]'. Adding certificate verification is strongly advised. See: https://urllib3.readthedocs.io/en/latest/advanced-usage.html#tls-warnings
  warnings.warn(

2026-09-01 09:57:43.823 87 WARNING py.warnings [None req-f2cc0336-2731-4f19-b431-415021bf5c89 f07c7df6126d454199eb4651c4b256dd 3d01afde66854279972d2cd96e76887c - - - -] /var/lib/kolla/venv/lib/python3.12/site-packages/urllib3/connectionpool.py:1110: InsecureRequestWarning: Unverified HTTPS request is being made to host '[LB_IP_ADDRESS]'. Adding certificate verification is strongly advised. See: https://urllib3.readthedocs.io/en/latest/advanced-usage.html#tls-warnings
  warnings.warn(

2026-09-01 09:57:43.837 87 INFO cinder.volume.manager [req-8e116185-bc6a-4fff-b92a-8de0d5004747 req-97a17f62-db34-4eee-93d8-7e3deb4811e6 5d4255876a0a40fba4a6c13ffc22ed9f 06e97d8fba084eb39f85d2dbcc3ff6e2 - - - -] Created volume successfully.
2026-09-01 09:57:43.869 87 INFO cinder.volume.flows.manager.create_volume [req-4fa6d460-4d22-4b38-ac3c-80cfecec162b req-06f5ffcb-3eb3-4f64-b7b0-b0293482e66b 4f4dd4f3ccdc4f698ec2a885994f8654 e5f918f1abed47caa45a6d220a952682 - - - -] Volume vol_21987d5c-af10-44b1-946f-134b78b27b04 (21987d5c-af10-44b1-946f-134b78b27b04): created successfully
2026-09-01 09:57:43.879 87 INFO cinder.volume.flows.manager.create_volume [None req-f2cc0336-2731-4f19-b431-415021bf5c89 f07c7df6126d454199eb4651c4b256dd 3d01afde66854279972d2cd96e76887c - - - -] Volume vol_e693685b-3eb5-46ad-bf9b-0467fe004d88 (e693685b-3eb5-46ad-bf9b-0467fe004d88): created successfully
2026-09-01 09:57:43.891 87 INFO cinder.volume.manager [req-4fa6d460-4d22-4b38-ac3c-80cfecec162b req-06f5ffcb-3eb3-4f64-b7b0-b0293482e66b 4f4dd4f3ccdc4f698ec2a885994f8654 e5f918f1abed47caa45a6d220a952682 - - - -] Created volume successfully.
2026-09-01 09:57:43.895 87 INFO cinder.volume.manager [None req-f2cc0336-2731-4f19-b431-415021bf5c89 f07c7df6126d454199eb4651c4b256dd 3d01afde66854279972d2cd96e76887c - - - -] Created volume successfully.
2026-09-01 09:57:44.090 87 INFO cinder.volume.drivers.lightos [req-f55b84f1-f142-4797-a29f-933060016d67 req-4819524c-4120-400c-82a5-05f35223e038 5d4255876a0a40fba4a6c13ffc22ed9f 06e97d8fba084eb39f85d2dbcc3ff6e2 - - - -] Invoking delete_volume using DELETE url: /api/v2/projects/default/volumes/1e589058-74c8-44eb-9926-58903a73ee25?             request.body:  ssl_verify: False
2026-09-01 09:57:44.174 87 WARNING py.warnings [req-f55b84f1-f142-4797-a29f-933060016d67 req-4819524c-4120-400c-82a5-05f35223e038 5d4255876a0a40fba4a6c13ffc22ed9f 06e97d8fba084eb39f85d2dbcc3ff6e2 - - - -] /var/lib/kolla/venv/lib/python3.12/site-packages/urllib3/connectionpool.py:1110: InsecureRequestWarning: Unverified HTTPS request is being made to host '[LB_IP_ADDRESS]'. Adding certificate verification is strongly advised. See: https://urllib3.readthedocs.io/en/latest/advanced-usage.html#tls-warnings
  warnings.warn(

2026-09-01 09:57:44.211 87 INFO cinder.volume.drivers.lightos [req-f55b84f1-f142-4797-a29f-933060016d67 req-4819524c-4120-400c-82a5-05f35223e038 5d4255876a0a40fba4a6c13ffc22ed9f 06e97d8fba084eb39f85d2dbcc3ff6e2 - - - -] Invoking get_volume using GET url: /api/v2/projects/default/volumes/1e589058-74c8-44eb-9926-58903a73ee25             request.body: {} ssl_verify: False
2026-09-01 09:57:44.297 87 WARNING py.warnings [req-f55b84f1-f142-4797-a29f-933060016d67 req-4819524c-4120-400c-82a5-05f35223e038 5d4255876a0a40fba4a6c13ffc22ed9f 06e97d8fba084eb39f85d2dbcc3ff6e2 - - - -] /var/lib/kolla/venv/lib/python3.12/site-packages/urllib3/connectionpool.py:1110: InsecureRequestWarning: Unverified HTTPS request is being made to host '[LB_IP_ADDRESS]'. Adding certificate verification is strongly advised. See: https://urllib3.readthedocs.io/en/latest/advanced-usage.html#tls-warnings
  warnings.warn(

2026-09-01 09:57:44.511 87 WARNING cinder.quota [req-f55b84f1-f142-4797-a29f-933060016d67 req-4819524c-4120-400c-82a5-05f35223e038 5d4255876a0a40fba4a6c13ffc22ed9f 06e97d8fba084eb39f85d2dbcc3ff6e2 - - - -] Deprecated: Default quota for resource: volumes___DEFAULT__ is set by the default quota flag: quota_volumes___DEFAULT__, it is now deprecated. Please use the default quota class for default quota.
2026-09-01 09:57:44.512 87 WARNING cinder.quota [req-f55b84f1-f142-4797-a29f-933060016d67 req-4819524c-4120-400c-82a5-05f35223e038 5d4255876a0a40fba4a6c13ffc22ed9f 06e97d8fba084eb39f85d2dbcc3ff6e2 - - - -] Deprecated: Default quota for resource: gigabytes___DEFAULT__ is set by the default quota flag: quota_gigabytes___DEFAULT__, it is now deprecated. Please use the default quota class for default quota.
2026-09-01 09:57:44.640 87 INFO cinder.volume.manager [req-f55b84f1-f142-4797-a29f-933060016d67 req-4819524c-4120-400c-82a5-05f35223e038 5d4255876a0a40fba4a6c13ffc22ed9f 06e97d8fba084eb39f85d2dbcc3ff6e2 - - - -] Deleted volume successfully.
2026-09-01 09:57:45.245 87 INFO cinder.volume.drivers.lightos [req-74209730-f5b9-4df5-8b88-636b74852d7a req-0cabf927-22c5-4395-8e61-beebe0bc0417 4f4dd4f3ccdc4f698ec2a885994f8654 e5f918f1abed47caa45a6d220a952682 - - - -] Invoking get_snapshot_by_name using GET url: /api/v2/projects/default/snapshots/?Name=snapshot-71c286d4-48b9-4fb0-be54-3c79cbb37cf5             request.body: {} ssl_verify: False
2026-09-01 09:57:45.331 87 WARNING py.warnings [req-74209730-f5b9-4df5-8b88-636b74852d7a req-0cabf927-22c5-4395-8e61-beebe0bc0417 4f4dd4f3ccdc4f698ec2a885994f8654 e5f918f1abed47caa45a6d220a952682 - - - -] /var/lib/kolla/venv/lib/python3.12/site-packages/urllib3/connectionpool.py:1110: InsecureRequestWarning: Unverified HTTPS request is being made to host '[LB_IP_ADDRESS]'. Adding certificate verification is strongly advised. See: https://urllib3.readthedocs.io/en/latest/advanced-usage.html#tls-warnings
  warnings.warn(

2026-09-01 09:57:45.342 87 INFO cinder.volume.drivers.lightos [req-74209730-f5b9-4df5-8b88-636b74852d7a req-0cabf927-22c5-4395-8e61-beebe0bc0417 4f4dd4f3ccdc4f698ec2a885994f8654 e5f918f1abed47caa45a6d220a952682 - - - -] Invoking create_snapshot using POST url: /api/v2/projects/default/snapshots             request.body: {'name': 'snapshot-71c286d4-48b9-4fb0-be54-3c79cbb37cf5', 'sourceVolumeUUID': None, 'sourceVolumeName': 'vol_21987d5c-af10-44b1-946f-134b78b27b04'} ssl_verify: False
2026-09-01 09:57:45.423 87 WARNING py.warnings [req-74209730-f5b9-4df5-8b88-636b74852d7a req-0cabf927-22c5-4395-8e61-beebe0bc0417 4f4dd4f3ccdc4f698ec2a885994f8654 e5f918f1abed47caa45a6d220a952682 - - - -] /var/lib/kolla/venv/lib/python3.12/site-packages/urllib3/connectionpool.py:1110: InsecureRequestWarning: Unverified HTTPS request is being made to host '[LB_IP_ADDRESS]'. Adding certificate verification is strongly advised. See: https://urllib3.readthedocs.io/en/latest/advanced-usage.html#tls-warnings
  warnings.warn(

2026-09-01 09:57:45.448 87 INFO cinder.volume.drivers.lightos [req-74209730-f5b9-4df5-8b88-636b74852d7a req-0cabf927-22c5-4395-8e61-beebe0bc0417 4f4dd4f3ccdc4f698ec2a885994f8654 e5f918f1abed47caa45a6d220a952682 - - - -] Invoking get_snapshot_by_name using GET url: /api/v2/projects/default/snapshots/?Name=snapshot-71c286d4-48b9-4fb0-be54-3c79cbb37cf5             request.body: {} ssl_verify: False
2026-09-01 09:57:45.529 87 WARNING py.warnings [req-74209730-f5b9-4df5-8b88-636b74852d7a req-0cabf927-22c5-4395-8e61-beebe0bc0417 4f4dd4f3ccdc4f698ec2a885994f8654 e5f918f1abed47caa45a6d220a952682 - - - -] /var/lib/kolla/venv/lib/python3.12/site-packages/urllib3/connectionpool.py:1110: InsecureRequestWarning: Unverified HTTPS request is being made to host '[LB_IP_ADDRESS]'. Adding certificate verification is strongly advised. See: https://urllib3.readthedocs.io/en/latest/advanced-usage.html#tls-warnings
  warnings.warn(

2026-09-01 09:57:45.666 87 INFO cinder.volume.flows.manager.create_volume [None req-39bf95a9-050d-4902-b341-fdedec18ce60 f07c7df6126d454199eb4651c4b256dd 3d01afde66854279972d2cd96e76887c - - - -] Volume 1046203a-698d-423a-be4e-1cbd233d3319: being created as raw with specification: {'status': 'creating', 'volume_name': 'vol_1046203a-698d-423a-be4e-1cbd233d3319', 'volume_size': 1}
2026-09-01 09:57:45.667 87 INFO cinder.volume.drivers.lightos [None req-39bf95a9-050d-4902-b341-fdedec18ce60 f07c7df6126d454199eb4651c4b256dd 3d01afde66854279972d2cd96e76887c - - - -] Invoking get_volume_by_name using GET url: /api/v2/projects/default/volumes/?name=vol_1046203a-698d-423a-be4e-1cbd233d3319             request.body: {} ssl_verify: False
2026-09-01 09:57:45.753 87 WARNING py.warnings [None req-39bf95a9-050d-4902-b341-fdedec18ce60 f07c7df6126d454199eb4651c4b256dd 3d01afde66854279972d2cd96e76887c - - - -] /var/lib/kolla/venv/lib/python3.12/site-packages/urllib3/connectionpool.py:1110: InsecureRequestWarning: Unverified HTTPS request is being made to host '[LB_IP_ADDRESS]'. Adding certificate verification is strongly advised. See: https://urllib3.readthedocs.io/en/latest/advanced-usage.html#tls-warnings
  warnings.warn(

2026-09-01 09:57:45.763 87 INFO cinder.volume.drivers.lightos [None req-39bf95a9-050d-4902-b341-fdedec18ce60 f07c7df6126d454199eb4651c4b256dd 3d01afde66854279972d2cd96e76887c - - - -] Invoking create_volume using POST url: /api/v2/projects/default/volumes             request.body: {'name': 'vol_1046203a-698d-423a-be4e-1cbd233d3319', 'size': '1 gib', 'replicaCount': '3', 'compression': 'False', 'acl': {'values': ['ALLOW_NONE']}, 'IPAcl': {'values': ['ALLOW_NONE']}, 'sourceSnapshotUUID': None, 'sourceSnapshotName': None} ssl_verify: False
2026-09-01 09:57:45.846 87 WARNING py.warnings [None req-39bf95a9-050d-4902-b341-fdedec18ce60 f07c7df6126d454199eb4651c4b256dd 3d01afde66854279972d2cd96e76887c - - - -] /var/lib/kolla/venv/lib/python3.12/site-packages/urllib3/connectionpool.py:1110: InsecureRequestWarning: Unverified HTTPS request is being made to host '[LB_IP_ADDRESS]'. Adding certificate verification is strongly advised. See: https://urllib3.readthedocs.io/en/latest/advanced-usage.html#tls-warnings
  warnings.warn(

2026-09-01 09:57:45.869 87 INFO cinder.volume.drivers.lightos [None req-39bf95a9-050d-4902-b341-fdedec18ce60 f07c7df6126d454199eb4651c4b256dd 3d01afde66854279972d2cd96e76887c - - - -] Invoking get_volume using GET url: /api/v2/projects/default/volumes/433a5885-57ea-4936-ba79-79b2e104c484             request.body: {} ssl_verify: False
2026-09-01 09:57:45.952 87 WARNING py.warnings [None req-39bf95a9-050d-4902-b341-fdedec18ce60 f07c7df6126d454199eb4651c4b256dd 3d01afde66854279972d2cd96e76887c - - - -] /var/lib/kolla/venv/lib/python3.12/site-packages/urllib3/connectionpool.py:1110: InsecureRequestWarning: Unverified HTTPS request is being made to host '[LB_IP_ADDRESS]'. Adding certificate verification is strongly advised. See: https://urllib3.readthedocs.io/en/latest/advanced-usage.html#tls-warnings
  warnings.warn(

2026-09-01 09:57:45.986 87 INFO cinder.volume.flows.manager.create_volume [None req-39bf95a9-050d-4902-b341-fdedec18ce60 f07c7df6126d454199eb4651c4b256dd 3d01afde66854279972d2cd96e76887c - - - -] Volume vol_1046203a-698d-423a-be4e-1cbd233d3319 (1046203a-698d-423a-be4e-1cbd233d3319): created successfully
2026-09-01 09:57:45.998 87 INFO cinder.volume.manager [None req-39bf95a9-050d-4902-b341-fdedec18ce60 f07c7df6126d454199eb4651c4b256dd 3d01afde66854279972d2cd96e76887c - - - -] Created volume successfully.
2026-09-01 09:57:46.554 87 INFO cinder.volume.drivers.lightos [req-74209730-f5b9-4df5-8b88-636b74852d7a req-0cabf927-22c5-4395-8e61-beebe0bc0417 4f4dd4f3ccdc4f698ec2a885994f8654 e5f918f1abed47caa45a6d220a952682 - - - -] Invoking get_snapshot_by_name using GET url: /api/v2/projects/default/snapshots/?Name=snapshot-71c286d4-48b9-4fb0-be54-3c79cbb37cf5             request.body: {} ssl_verify: False
2026-09-01 09:57:46.638 87 WARNING py.warnings [req-74209730-f5b9-4df5-8b88-636b74852d7a req-0cabf927-22c5-4395-8e61-beebe0bc0417 4f4dd4f3ccdc4f698ec2a885994f8654 e5f918f1abed47caa45a6d220a952682 - - - -] /var/lib/kolla/venv/lib/python3.12/site-packages/urllib3/connectionpool.py:1110: InsecureRequestWarning: Unverified HTTPS request is being made to host '[LB_IP_ADDRESS]'. Adding certificate verification is strongly advised. See: https://urllib3.readthedocs.io/en/latest/advanced-usage.html#tls-warnings
  warnings.warn(

2026-09-01 09:57:46.673 87 INFO cinder.volume.manager [req-74209730-f5b9-4df5-8b88-636b74852d7a req-0cabf927-22c5-4395-8e61-beebe0bc0417 4f4dd4f3ccdc4f698ec2a885994f8654 e5f918f1abed47caa45a6d220a952682 - - - -] Create snapshot completed successfully
2026-09-01 09:57:47.482 87 INFO cinder.volume.drivers.lightos [req-f3f16513-2a48-45f1-be69-f23051692f86 req-73b7f092-b6da-4c85-bfa5-7a6626113344 4f4dd4f3ccdc4f698ec2a885994f8654 e5f918f1abed47caa45a6d220a952682 - - - -] Invoking get_snapshot_by_name using GET url: /api/v2/projects/default/snapshots/?Name=snapshot-71c286d4-48b9-4fb0-be54-3c79cbb37cf5             request.body: {} ssl_verify: False
2026-09-01 09:57:47.565 87 WARNING py.warnings [req-f3f16513-2a48-45f1-be69-f23051692f86 req-73b7f092-b6da-4c85-bfa5-7a6626113344 4f4dd4f3ccdc4f698ec2a885994f8654 e5f918f1abed47caa45a6d220a952682 - - - -] /var/lib/kolla/venv/lib/python3.12/site-packages/urllib3/connectionpool.py:1110: InsecureRequestWarning: Unverified HTTPS request is being made to host '[LB_IP_ADDRESS]'. Adding certificate verification is strongly advised. See: https://urllib3.readthedocs.io/en/latest/advanced-usage.html#tls-warnings
  warnings.warn(

2026-09-01 09:57:47.576 87 INFO cinder.volume.drivers.lightos [req-f3f16513-2a48-45f1-be69-f23051692f86 req-73b7f092-b6da-4c85-bfa5-7a6626113344 4f4dd4f3ccdc4f698ec2a885994f8654 e5f918f1abed47caa45a6d220a952682 - - - -] Invoking delete_snapshot using DELETE url: /api/v2/projects/default/snapshots/b482e5a7-cad5-46b3-a26a-9b9f94ac929b?             request.body:  ssl_verify: False
2026-09-01 09:57:47.660 87 WARNING py.warnings [req-f3f16513-2a48-45f1-be69-f23051692f86 req-73b7f092-b6da-4c85-bfa5-7a6626113344 4f4dd4f3ccdc4f698ec2a885994f8654 e5f918f1abed47caa45a6d220a952682 - - - -] /var/lib/kolla/venv/lib/python3.12/site-packages/urllib3/connectionpool.py:1110: InsecureRequestWarning: Unverified HTTPS request is being made to host '[LB_IP_ADDRESS]'. Adding certificate verification is strongly advised. See: https://urllib3.readthedocs.io/en/latest/advanced-usage.html#tls-warnings
  warnings.warn(

2026-09-01 09:57:47.686 87 INFO cinder.volume.drivers.lightos [req-f3f16513-2a48-45f1-be69-f23051692f86 req-73b7f092-b6da-4c85-bfa5-7a6626113344 4f4dd4f3ccdc4f698ec2a885994f8654 e5f918f1abed47caa45a6d220a952682 - - - -] Invoking get_snapshot using GET url: /api/v2/projects/default/snapshots/b482e5a7-cad5-46b3-a26a-9b9f94ac929b             request.body: {} ssl_verify: False
2026-09-01 09:57:47.772 87 WARNING py.warnings [req-f3f16513-2a48-45f1-be69-f23051692f86 req-73b7f092-b6da-4c85-bfa5-7a6626113344 4f4dd4f3ccdc4f698ec2a885994f8654 e5f918f1abed47caa45a6d220a952682 - - - -] /var/lib/kolla/venv/lib/python3.12/site-packages/urllib3/connectionpool.py:1110: InsecureRequestWarning: Unverified HTTPS request is being made to host '[LB_IP_ADDRESS]'. Adding certificate verification is strongly advised. See: https://urllib3.readthedocs.io/en/latest/advanced-usage.html#tls-warnings
  warnings.warn(

2026-09-01 09:57:47.853 87 INFO cinder.volume.flows.manager.create_volume [None req-22422a5d-de10-41ea-a34a-bcf9a5c7f79a f07c7df6126d454199eb4651c4b256dd 3d01afde66854279972d2cd96e76887c - - - -] Volume 4541fa72-54cc-4ab1-943f-9d82d7ea2dbb: being created as raw with specification: {'status': 'creating', 'volume_name': 'vol_4541fa72-54cc-4ab1-943f-9d82d7ea2dbb', 'volume_size': 1}
2026-09-01 09:57:47.854 87 INFO cinder.volume.drivers.lightos [None req-22422a5d-de10-41ea-a34a-bcf9a5c7f79a f07c7df6126d454199eb4651c4b256dd 3d01afde66854279972d2cd96e76887c - - - -] Invoking get_volume_by_name using GET url: /api/v2/projects/default/volumes/?name=vol_4541fa72-54cc-4ab1-943f-9d82d7ea2dbb             request.body: {} ssl_verify: False
2026-09-01 09:57:47.940 87 WARNING py.warnings [None req-22422a5d-de10-41ea-a34a-bcf9a5c7f79a f07c7df6126d454199eb4651c4b256dd 3d01afde66854279972d2cd96e76887c - - - -] /var/lib/kolla/venv/lib/python3.12/site-packages/urllib3/connectionpool.py:1110: InsecureRequestWarning: Unverified HTTPS request is being made to host '[LB_IP_ADDRESS]'. Adding certificate verification is strongly advised. See: https://urllib3.readthedocs.io/en/latest/advanced-usage.html#tls-warnings
  warnings.warn(

2026-09-01 09:57:47.951 87 INFO cinder.volume.drivers.lightos [None req-22422a5d-de10-41ea-a34a-bcf9a5c7f79a f07c7df6126d454199eb4651c4b256dd 3d01afde66854279972d2cd96e76887c - - - -] Invoking create_volume using POST url: /api/v2/projects/default/volumes             request.body: {'name': 'vol_4541fa72-54cc-4ab1-943f-9d82d7ea2dbb', 'size': '1 gib', 'replicaCount': '3', 'compression': 'False', 'acl': {'values': ['ALLOW_NONE']}, 'IPAcl': {'values': ['ALLOW_NONE']}, 'sourceSnapshotUUID': None, 'sourceSnapshotName': None} ssl_verify: False
2026-09-01 09:57:48.035 87 WARNING py.warnings [None req-22422a5d-de10-41ea-a34a-bcf9a5c7f79a f07c7df6126d454199eb4651c4b256dd 3d01afde66854279972d2cd96e76887c - - - -] /var/lib/kolla/venv/lib/python3.12/site-packages/urllib3/connectionpool.py:1110: InsecureRequestWarning: Unverified HTTPS request is being made to host '[LB_IP_ADDRESS]'. Adding certificate verification is strongly advised. See: https://urllib3.readthedocs.io/en/latest/advanced-usage.html#tls-warnings
  warnings.warn(

2026-09-01 09:57:48.178 87 INFO cinder.volume.drivers.lightos [None req-22422a5d-de10-41ea-a34a-bcf9a5c7f79a f07c7df6126d454199eb4651c4b256dd 3d01afde66854279972d2cd96e76887c - - - -] Invoking get_volume using GET url: /api/v2/projects/default/volumes/1f2696a8-b7d4-4341-b583-dd6f37691053             request.body: {} ssl_verify: False
2026-09-01 09:57:48.182 87 WARNING cinder.quota [req-f3f16513-2a48-45f1-be69-f23051692f86 req-73b7f092-b6da-4c85-bfa5-7a6626113344 4f4dd4f3ccdc4f698ec2a885994f8654 e5f918f1abed47caa45a6d220a952682 - - - -] Deprecated: Default quota for resource: snapshots___DEFAULT__ is set by the default quota flag: quota_snapshots___DEFAULT__, it is now deprecated. Please use the default quota class for default quota.
2026-09-01 09:57:48.267 87 WARNING py.warnings [None req-22422a5d-de10-41ea-a34a-bcf9a5c7f79a f07c7df6126d454199eb4651c4b256dd 3d01afde66854279972d2cd96e76887c - - - -] /var/lib/kolla/venv/lib/python3.12/site-packages/urllib3/connectionpool.py:1110: InsecureRequestWarning: Unverified HTTPS request is being made to host '[LB_IP_ADDRESS]'. Adding certificate verification is strongly advised. See: https://urllib3.readthedocs.io/en/latest/advanced-usage.html#tls-warnings
  warnings.warn(

2026-09-01 09:57:48.319 87 INFO cinder.volume.flows.manager.create_volume [None req-22422a5d-de10-41ea-a34a-bcf9a5c7f79a f07c7df6126d454199eb4651c4b256dd 3d01afde66854279972d2cd96e76887c - - - -] Volume vol_4541fa72-54cc-4ab1-943f-9d82d7ea2dbb (4541fa72-54cc-4ab1-943f-9d82d7ea2dbb): created successfully
2026-09-01 09:57:48.334 87 INFO cinder.volume.manager [None req-22422a5d-de10-41ea-a34a-bcf9a5c7f79a f07c7df6126d454199eb4651c4b256dd 3d01afde66854279972d2cd96e76887c - - - -] Created volume successfully.
2026-09-01 09:57:48.339 87 INFO cinder.volume.manager [req-f3f16513-2a48-45f1-be69-f23051692f86 req-73b7f092-b6da-4c85-bfa5-7a6626113344 4f4dd4f3ccdc4f698ec2a885994f8654 e5f918f1abed47caa45a6d220a952682 - - - -] Delete snapshot completed successfully.
2026-09-01 09:57:48.679 87 INFO cinder.volume.drivers.lightos [req-47e3af56-3642-403d-b5e1-8e86fb62918f req-29b1d2ed-7882-4139-97d4-ee06fb917747 4f4dd4f3ccdc4f698ec2a885994f8654 e5f918f1abed47caa45a6d220a952682 - - - -] Invoking delete_volume using DELETE url: /api/v2/projects/default/volumes/4b0f9325-1b01-4d65-9837-8b7b2cbf1b3b?             request.body:  ssl_verify: False
2026-09-01 09:57:48.764 87 WARNING py.warnings [req-47e3af56-3642-403d-b5e1-8e86fb62918f req-29b1d2ed-7882-4139-97d4-ee06fb917747 4f4dd4f3ccdc4f698ec2a885994f8654 e5f918f1abed47caa45a6d220a952682 - - - -] /var/lib/kolla/venv/lib/python3.12/site-packages/urllib3/connectionpool.py:1110: InsecureRequestWarning: Unverified HTTPS request is being made to host '[LB_IP_ADDRESS]'. Adding certificate verification is strongly advised. See: https://urllib3.readthedocs.io/en/latest/advanced-usage.html#tls-warnings
  warnings.warn(

2026-09-01 09:57:48.814 87 INFO cinder.volume.drivers.lightos [req-47e3af56-3642-403d-b5e1-8e86fb62918f req-29b1d2ed-7882-4139-97d4-ee06fb917747 4f4dd4f3ccdc4f698ec2a885994f8654 e5f918f1abed47caa45a6d220a952682 - - - -] Invoking get_volume using GET url: /api/v2/projects/default/volumes/4b0f9325-1b01-4d65-9837-8b7b2cbf1b3b             request.body: {} ssl_verify: False
2026-09-01 09:57:48.897 87 WARNING py.warnings [req-47e3af56-3642-403d-b5e1-8e86fb62918f req-29b1d2ed-7882-4139-97d4-ee06fb917747 4f4dd4f3ccdc4f698ec2a885994f8654 e5f918f1abed47caa45a6d220a952682 - - - -] /var/lib/kolla/venv/lib/python3.12/site-packages/urllib3/connectionpool.py:1110: InsecureRequestWarning: Unverified HTTPS request is being made to host '[LB_IP_ADDRESS]'. Adding certificate verification is strongly advised. See: https://urllib3.readthedocs.io/en/latest/advanced-usage.html#tls-warnings
  warnings.warn(

2026-09-01 09:57:49.114 87 INFO cinder.volume.manager [req-47e3af56-3642-403d-b5e1-8e86fb62918f req-29b1d2ed-7882-4139-97d4-ee06fb917747 4f4dd4f3ccdc4f698ec2a885994f8654 e5f918f1abed47caa45a6d220a952682 - - - -] Deleted volume successfully.
2026-09-01 09:57:49.393 87 INFO cinder.volume.drivers.lightos [None req-51f37af3-7b79-4911-a7e4-e7614e21a6bd f07c7df6126d454199eb4651c4b256dd 3d01afde66854279972d2cd96e76887c - - - -] Invoking delete_volume using DELETE url: /api/v2/projects/default/volumes/1f2696a8-b7d4-4341-b583-dd6f37691053?             request.body:  ssl_verify: False
2026-09-01 09:57:49.478 87 WARNING py.warnings [None req-51f37af3-7b79-4911-a7e4-e7614e21a6bd f07c7df6126d454199eb4651c4b256dd 3d01afde66854279972d2cd96e76887c - - - -] /var/lib/kolla/venv/lib/python3.12/site-packages/urllib3/connectionpool.py:1110: InsecureRequestWarning: Unverified HTTPS request is being made to host '[LB_IP_ADDRESS]'. Adding certificate verification is strongly advised. See: https://urllib3.readthedocs.io/en/latest/advanced-usage.html#tls-warnings
  warnings.warn(

2026-09-01 09:57:49.570 87 INFO cinder.volume.drivers.lightos [None req-51f37af3-7b79-4911-a7e4-e7614e21a6bd f07c7df6126d454199eb4651c4b256dd 3d01afde66854279972d2cd96e76887c - - - -] Invoking get_volume using GET url: /api/v2/projects/default/volumes/1f2696a8-b7d4-4341-b583-dd6f37691053             request.body: {} ssl_verify: False
2026-09-01 09:57:49.652 87 WARNING py.warnings [None req-51f37af3-7b79-4911-a7e4-e7614e21a6bd f07c7df6126d454199eb4651c4b256dd 3d01afde66854279972d2cd96e76887c - - - -] /var/lib/kolla/venv/lib/python3.12/site-packages/urllib3/connectionpool.py:1110: InsecureRequestWarning: Unverified HTTPS request is being made to host '[LB_IP_ADDRESS]'. Adding certificate verification is strongly advised. See: https://urllib3.readthedocs.io/en/latest/advanced-usage.html#tls-warnings
  warnings.warn(

2026-09-01 09:57:49.880 87 INFO cinder.volume.manager [None req-51f37af3-7b79-4911-a7e4-e7614e21a6bd f07c7df6126d454199eb4651c4b256dd 3d01afde66854279972d2cd96e76887c - - - -] Deleted volume successfully.
2026-09-01 09:57:50.525 87 INFO cinder.volume.drivers.lightos [None req-1f7057f6-f34f-45c5-b040-610413a9ac87 f07c7df6126d454199eb4651c4b256dd 3d01afde66854279972d2cd96e76887c - - - -] Invoking delete_volume using DELETE url: /api/v2/projects/default/volumes/433a5885-57ea-4936-ba79-79b2e104c484?             request.body:  ssl_verify: False
2026-09-01 09:57:50.608 87 WARNING py.warnings [None req-1f7057f6-f34f-45c5-b040-610413a9ac87 f07c7df6126d454199eb4651c4b256dd 3d01afde66854279972d2cd96e76887c - - - -] /var/lib/kolla/venv/lib/python3.12/site-packages/urllib3/connectionpool.py:1110: InsecureRequestWarning: Unverified HTTPS request is being made to host '[LB_IP_ADDRESS]'. Adding certificate verification is strongly advised. See: https://urllib3.readthedocs.io/en/latest/advanced-usage.html#tls-warnings
  warnings.warn(

2026-09-01 09:57:50.629 87 INFO cinder.volume.drivers.lightos [None req-1f7057f6-f34f-45c5-b040-610413a9ac87 f07c7df6126d454199eb4651c4b256dd 3d01afde66854279972d2cd96e76887c - - - -] Invoking get_volume using GET url: /api/v2/projects/default/volumes/433a5885-57ea-4936-ba79-79b2e104c484             request.body: {} ssl_verify: False
2026-09-01 09:57:50.714 87 WARNING py.warnings [None req-1f7057f6-f34f-45c5-b040-610413a9ac87 f07c7df6126d454199eb4651c4b256dd 3d01afde66854279972d2cd96e76887c - - - -] /var/lib/kolla/venv/lib/python3.12/site-packages/urllib3/connectionpool.py:1110: InsecureRequestWarning: Unverified HTTPS request is being made to host '[LB_IP_ADDRESS]'. Adding certificate verification is strongly advised. See: https://urllib3.readthedocs.io/en/latest/advanced-usage.html#tls-warnings
  warnings.warn(

2026-09-01 09:57:50.955 87 INFO cinder.volume.manager [None req-1f7057f6-f34f-45c5-b040-610413a9ac87 f07c7df6126d454199eb4651c4b256dd 3d01afde66854279972d2cd96e76887c - - - -] Deleted volume successfully.
2026-09-01 09:57:51.654 87 INFO cinder.volume.drivers.lightos [None req-21de9baf-e3e8-4aa0-aa82-ee625a05e47d f07c7df6126d454199eb4651c4b256dd 3d01afde66854279972d2cd96e76887c - - - -] Invoking delete_volume using DELETE url: /api/v2/projects/default/volumes/ba061f7b-d7e0-4970-9bc4-afed503f575d?             request.body:  ssl_verify: False
2026-09-01 09:57:51.738 87 WARNING py.warnings [None req-21de9baf-e3e8-4aa0-aa82-ee625a05e47d f07c7df6126d454199eb4651c4b256dd 3d01afde66854279972d2cd96e76887c - - - -] /var/lib/kolla/venv/lib/python3.12/site-packages/urllib3/connectionpool.py:1110: InsecureRequestWarning: Unverified HTTPS request is being made to host '[LB_IP_ADDRESS]'. Adding certificate verification is strongly advised. See: https://urllib3.readthedocs.io/en/latest/advanced-usage.html#tls-warnings
  warnings.warn(

2026-09-01 09:57:51.768 87 INFO cinder.volume.drivers.lightos [None req-21de9baf-e3e8-4aa0-aa82-ee625a05e47d f07c7df6126d454199eb4651c4b256dd 3d01afde66854279972d2cd96e76887c - - - -] Invoking get_volume using GET url: /api/v2/projects/default/volumes/ba061f7b-d7e0-4970-9bc4-afed503f575d             request.body: {} ssl_verify: False
2026-09-01 09:57:51.851 87 WARNING py.warnings [None req-21de9baf-e3e8-4aa0-aa82-ee625a05e47d f07c7df6126d454199eb4651c4b256dd 3d01afde66854279972d2cd96e76887c - - - -] /var/lib/kolla/venv/lib/python3.12/site-packages/urllib3/connectionpool.py:1110: InsecureRequestWarning: Unverified HTTPS request is being made to host '[LB_IP_ADDRESS]'. Adding certificate verification is strongly advised. See: https://urllib3.readthedocs.io/en/latest/advanced-usage.html#tls-warnings
  warnings.warn(

2026-09-01 09:57:52.098 87 INFO cinder.volume.manager [None req-21de9baf-e3e8-4aa0-aa82-ee625a05e47d f07c7df6126d454199eb4651c4b256dd 3d01afde66854279972d2cd96e76887c - - - -] Deleted volume successfully.
2026-09-01 09:57:53.078 87 INFO cinder.volume.manager [None req-38254b70-d8d5-4666-9486-234d1cad0eb1 0ede542a83ad4b90b002758d195aec21 4e8c00cb52254b6ab5eed5b347835930 - - - -] Group tempest-GroupSnapshotsTest-Group-639611176: creating
2026-09-01 09:57:53.110 87 INFO cinder.volume.manager [None req-38254b70-d8d5-4666-9486-234d1cad0eb1 0ede542a83ad4b90b002758d195aec21 4e8c00cb52254b6ab5eed5b347835930 - - - -] Group tempest-GroupSnapshotsTest-Group-639611176: created successfully
2026-09-01 09:57:53.119 87 INFO cinder.volume.manager [None req-38254b70-d8d5-4666-9486-234d1cad0eb1 0ede542a83ad4b90b002758d195aec21 4e8c00cb52254b6ab5eed5b347835930 - - - -] Create group completed successfully.
2026-09-01 09:57:54.826 87 INFO cinder.volume.flows.manager.create_volume [None req-c472b0c7-2469-4485-a6d6-639eaeaeced8 0ede542a83ad4b90b002758d195aec21 4e8c00cb52254b6ab5eed5b347835930 - - - -] Volume 8f94e666-8ce5-458a-8ca2-ca948b59ba4f: being created as raw with specification: {'status': 'creating', 'volume_name': 'vol_8f94e666-8ce5-458a-8ca2-ca948b59ba4f', 'volume_size': 1}
2026-09-01 09:57:54.827 87 INFO cinder.volume.drivers.lightos [None req-c472b0c7-2469-4485-a6d6-639eaeaeced8 0ede542a83ad4b90b002758d195aec21 4e8c00cb52254b6ab5eed5b347835930 - - - -] Invoking get_volume_by_name using GET url: /api/v2/projects/default/volumes/?name=vol_8f94e666-8ce5-458a-8ca2-ca948b59ba4f             request.body: {} ssl_verify: False
2026-09-01 09:57:54.914 87 WARNING py.warnings [None req-c472b0c7-2469-4485-a6d6-639eaeaeced8 0ede542a83ad4b90b002758d195aec21 4e8c00cb52254b6ab5eed5b347835930 - - - -] /var/lib/kolla/venv/lib/python3.12/site-packages/urllib3/connectionpool.py:1110: InsecureRequestWarning: Unverified HTTPS request is being made to host '[LB_IP_ADDRESS]'. Adding certificate verification is strongly advised. See: https://urllib3.readthedocs.io/en/latest/advanced-usage.html#tls-warnings
  warnings.warn(

2026-09-01 09:57:54.926 87 INFO cinder.volume.drivers.lightos [None req-c472b0c7-2469-4485-a6d6-639eaeaeced8 0ede542a83ad4b90b002758d195aec21 4e8c00cb52254b6ab5eed5b347835930 - - - -] Invoking create_volume using POST url: /api/v2/projects/default/volumes             request.body: {'name': 'vol_8f94e666-8ce5-458a-8ca2-ca948b59ba4f', 'size': '1 gib', 'replicaCount': '3', 'compression': 'False', 'acl': {'values': ['ALLOW_NONE']}, 'IPAcl': {'values': ['ALLOW_NONE']}, 'sourceSnapshotUUID': None, 'sourceSnapshotName': None} ssl_verify: False
2026-09-01 09:57:55.010 87 WARNING py.warnings [None req-c472b0c7-2469-4485-a6d6-639eaeaeced8 0ede542a83ad4b90b002758d195aec21 4e8c00cb52254b6ab5eed5b347835930 - - - -] /var/lib/kolla/venv/lib/python3.12/site-packages/urllib3/connectionpool.py:1110: InsecureRequestWarning: Unverified HTTPS request is being made to host '[LB_IP_ADDRESS]'. Adding certificate verification is strongly advised. See: https://urllib3.readthedocs.io/en/latest/advanced-usage.html#tls-warnings
  warnings.warn(

2026-09-01 09:57:55.043 87 INFO cinder.volume.drivers.lightos [None req-c472b0c7-2469-4485-a6d6-639eaeaeced8 0ede542a83ad4b90b002758d195aec21 4e8c00cb52254b6ab5eed5b347835930 - - - -] Invoking get_volume using GET url: /api/v2/projects/default/volumes/6eaa319b-bc8b-477f-9699-d7bf05bf5a98             request.body: {} ssl_verify: False
2026-09-01 09:57:55.124 87 WARNING py.warnings [None req-c472b0c7-2469-4485-a6d6-639eaeaeced8 0ede542a83ad4b90b002758d195aec21 4e8c00cb52254b6ab5eed5b347835930 - - - -] /var/lib/kolla/venv/lib/python3.12/site-packages/urllib3/connectionpool.py:1110: InsecureRequestWarning: Unverified HTTPS request is being made to host '[LB_IP_ADDRESS]'. Adding certificate verification is strongly advised. See: https://urllib3.readthedocs.io/en/latest/advanced-usage.html#tls-warnings
  warnings.warn(

2026-09-01 09:57:55.156 87 INFO cinder.volume.flows.manager.create_volume [None req-c472b0c7-2469-4485-a6d6-639eaeaeced8 0ede542a83ad4b90b002758d195aec21 4e8c00cb52254b6ab5eed5b347835930 - - - -] Volume vol_8f94e666-8ce5-458a-8ca2-ca948b59ba4f (8f94e666-8ce5-458a-8ca2-ca948b59ba4f): created successfully
2026-09-01 09:57:55.169 87 INFO cinder.volume.manager [None req-c472b0c7-2469-4485-a6d6-639eaeaeced8 0ede542a83ad4b90b002758d195aec21 4e8c00cb52254b6ab5eed5b347835930 - - - -] Created volume successfully.
2026-09-01 09:57:56.131 87 INFO cinder.volume.manager [None req-d91e516d-65c9-4c7b-b3c0-a1c5bc30b019 0ede542a83ad4b90b002758d195aec21 4e8c00cb52254b6ab5eed5b347835930 - - - -] GroupSnapshot 26e83109-bdce-4666-b892-51442004f6b1: creating.
2026-09-01 09:57:56.183 87 INFO cinder.volume.drivers.lightos [None req-d91e516d-65c9-4c7b-b3c0-a1c5bc30b019 0ede542a83ad4b90b002758d195aec21 4e8c00cb52254b6ab5eed5b347835930 - - - -] Invoking get_snapshot_by_name using GET url: /api/v2/projects/default/snapshots/?Name=snapshot-15d4397f-f09b-40a2-93c0-9fc13456d0dc             request.body: {} ssl_verify: False
2026-09-01 09:57:56.267 87 WARNING py.warnings [None req-d91e516d-65c9-4c7b-b3c0-a1c5bc30b019 0ede542a83ad4b90b002758d195aec21 4e8c00cb52254b6ab5eed5b347835930 - - - -] /var/lib/kolla/venv/lib/python3.12/site-packages/urllib3/connectionpool.py:1110: InsecureRequestWarning: Unverified HTTPS request is being made to host '[LB_IP_ADDRESS]'. Adding certificate verification is strongly advised. See: https://urllib3.readthedocs.io/en/latest/advanced-usage.html#tls-warnings
  warnings.warn(
: NotImplementedError
2026-09-01 09:57:56.280 87 INFO cinder.volume.drivers.lightos [None req-d91e516d-65c9-4c7b-b3c0-a1c5bc30b019 0ede542a83ad4b90b002758d195aec21 4e8c00cb52254b6ab5eed5b347835930 - - - -] Invoking create_snapshot using POST url: /api/v2/projects/default/snapshots             request.body: {'name': 'snapshot-15d4397f-f09b-40a2-93c0-9fc13456d0dc', 'sourceVolumeUUID': None, 'sourceVolumeName': 'vol_8f94e666-8ce5-458a-8ca2-ca948b59ba4f'} ssl_verify: False
2026-09-01 09:57:56.364 87 WARNING py.warnings [None req-d91e516d-65c9-4c7b-b3c0-a1c5bc30b019 0ede542a83ad4b90b002758d195aec21 4e8c00cb52254b6ab5eed5b347835930 - - - -] /var/lib/kolla/venv/lib/python3.12/site-packages/urllib3/connectionpool.py:1110: InsecureRequestWarning: Unverified HTTPS request is being made to host '[LB_IP_ADDRESS]'. Adding certificate verification is strongly advised. See: https://urllib3.readthedocs.io/en/latest/advanced-usage.html#tls-warnings
  warnings.warn(
: NotImplementedError
2026-09-01 09:57:56.394 87 INFO cinder.volume.drivers.lightos [None req-d91e516d-65c9-4c7b-b3c0-a1c5bc30b019 0ede542a83ad4b90b002758d195aec21 4e8c00cb52254b6ab5eed5b347835930 - - - -] Invoking get_snapshot_by_name using GET url: /api/v2/projects/default/snapshots/?Name=snapshot-15d4397f-f09b-40a2-93c0-9fc13456d0dc             request.body: {} ssl_verify: False
2026-09-01 09:57:56.477 87 WARNING py.warnings [None req-d91e516d-65c9-4c7b-b3c0-a1c5bc30b019 0ede542a83ad4b90b002758d195aec21 4e8c00cb52254b6ab5eed5b347835930 - - - -] /var/lib/kolla/venv/lib/python3.12/site-packages/urllib3/connectionpool.py:1110: InsecureRequestWarning: Unverified HTTPS request is being made to host '[LB_IP_ADDRESS]'. Adding certificate verification is strongly advised. See: https://urllib3.readthedocs.io/en/latest/advanced-usage.html#tls-warnings
  warnings.warn(
: NotImplementedError
2026-09-01 09:57:57.488 87 INFO cinder.volume.drivers.lightos [None req-d91e516d-65c9-4c7b-b3c0-a1c5bc30b019 0ede542a83ad4b90b002758d195aec21 4e8c00cb52254b6ab5eed5b347835930 - - - -] Invoking get_snapshot_by_name using GET url: /api/v2/projects/default/snapshots/?Name=snapshot-15d4397f-f09b-40a2-93c0-9fc13456d0dc             request.body: {} ssl_verify: False
2026-09-01 09:57:57.569 87 WARNING py.warnings [None req-d91e516d-65c9-4c7b-b3c0-a1c5bc30b019 0ede542a83ad4b90b002758d195aec21 4e8c00cb52254b6ab5eed5b347835930 - - - -] /var/lib/kolla/venv/lib/python3.12/site-packages/urllib3/connectionpool.py:1110: InsecureRequestWarning: Unverified HTTPS request is being made to host '[LB_IP_ADDRESS]'. Adding certificate verification is strongly advised. See: https://urllib3.readthedocs.io/en/latest/advanced-usage.html#tls-warnings
  warnings.warn(
: NotImplementedError
2026-09-01 09:57:57.652 87 INFO cinder.volume.manager [None req-d91e516d-65c9-4c7b-b3c0-a1c5bc30b019 0ede542a83ad4b90b002758d195aec21 4e8c00cb52254b6ab5eed5b347835930 - - - -] group_snapshot 26e83109-bdce-4666-b892-51442004f6b1: created successfully
2026-09-01 09:57:59.406 87 INFO cinder.volume.drivers.lightos [None req-fcf6f8b2-cbb1-4eb9-a8d2-f40a128ebf30 0ede542a83ad4b90b002758d195aec21 4e8c00cb52254b6ab5eed5b347835930 - - - -] Invoking get_volume_by_name using GET url: /api/v2/projects/default/volumes/?name=vol_ff3dc88a-4c5c-4a2a-b642-e267effad566             request.body: {} ssl_verify: False
2026-09-01 09:57:59.491 87 WARNING py.warnings [None req-fcf6f8b2-cbb1-4eb9-a8d2-f40a128ebf30 0ede542a83ad4b90b002758d195aec21 4e8c00cb52254b6ab5eed5b347835930 - - - -] /var/lib/kolla/venv/lib/python3.12/site-packages/urllib3/connectionpool.py:1110: InsecureRequestWarning: Unverified HTTPS request is being made to host '[LB_IP_ADDRESS]'. Adding certificate verification is strongly advised. See: https://urllib3.readthedocs.io/en/latest/advanced-usage.html#tls-warnings
  warnings.warn(
: NotImplementedError
2026-09-01 09:57:59.501 87 INFO cinder.volume.drivers.lightos [None req-fcf6f8b2-cbb1-4eb9-a8d2-f40a128ebf30 0ede542a83ad4b90b002758d195aec21 4e8c00cb52254b6ab5eed5b347835930 - - - -] Invoking create_volume using POST url: /api/v2/projects/default/volumes             request.body: {'name': 'vol_ff3dc88a-4c5c-4a2a-b642-e267effad566', 'size': '1 gib', 'replicaCount': '3', 'compression': 'False', 'acl': {'values': ['ALLOW_NONE']}, 'IPAcl': {'values': ['ALLOW_NONE']}, 'sourceSnapshotUUID': None, 'sourceSnapshotName': 'snapshot-15d4397f-f09b-40a2-93c0-9fc13456d0dc'} ssl_verify: False
2026-09-01 09:57:59.585 87 WARNING py.warnings [None req-fcf6f8b2-cbb1-4eb9-a8d2-f40a128ebf30 0ede542a83ad4b90b002758d195aec21 4e8c00cb52254b6ab5eed5b347835930 - - - -] /var/lib/kolla/venv/lib/python3.12/site-packages/urllib3/connectionpool.py:1110: InsecureRequestWarning: Unverified HTTPS request is being made to host '[LB_IP_ADDRESS]'. Adding certificate verification is strongly advised. See: https://urllib3.readthedocs.io/en/latest/advanced-usage.html#tls-warnings
  warnings.warn(
: NotImplementedError
2026-09-01 09:57:59.684 87 INFO cinder.volume.drivers.lightos [None req-fcf6f8b2-cbb1-4eb9-a8d2-f40a128ebf30 0ede542a83ad4b90b002758d195aec21 4e8c00cb52254b6ab5eed5b347835930 - - - -] Invoking get_volume using GET url: /api/v2/projects/default/volumes/0b7cca0a-5ef4-486f-90e1-d7f738ea2094             request.body: {} ssl_verify: False
2026-09-01 09:57:59.781 87 WARNING py.warnings [None req-fcf6f8b2-cbb1-4eb9-a8d2-f40a128ebf30 0ede542a83ad4b90b002758d195aec21 4e8c00cb52254b6ab5eed5b347835930 - - - -] /var/lib/kolla/venv/lib/python3.12/site-packages/urllib3/connectionpool.py:1110: InsecureRequestWarning: Unverified HTTPS request is being made to host '[LB_IP_ADDRESS]'. Adding certificate verification is strongly advised. See: https://urllib3.readthedocs.io/en/latest/advanced-usage.html#tls-warnings
  warnings.warn(
: NotImplementedError
2026-09-01 09:57:59.877 87 INFO cinder.volume.manager [None req-fcf6f8b2-cbb1-4eb9-a8d2-f40a128ebf30 0ede542a83ad4b90b002758d195aec21 4e8c00cb52254b6ab5eed5b347835930 - - - -] Create group from source-snapshot-26e83109-bdce-4666-b892-51442004f6b1 completed successfully.
2026-09-01 09:58:00.792 87 INFO cinder.volume.drivers.lightos [None req-f71252b1-0f8b-4080-8655-62dfa7f4ff13 0ede542a83ad4b90b002758d195aec21 4e8c00cb52254b6ab5eed5b347835930 - - - -] Invoking delete_volume using DELETE url: /api/v2/projects/default/volumes/0b7cca0a-5ef4-486f-90e1-d7f738ea2094?             request.body:  ssl_verify: False
2026-09-01 09:58:00.875 87 WARNING py.warnings [None req-f71252b1-0f8b-4080-8655-62dfa7f4ff13 0ede542a83ad4b90b002758d195aec21 4e8c00cb52254b6ab5eed5b347835930 - - - -] /var/lib/kolla/venv/lib/python3.12/site-packages/urllib3/connectionpool.py:1110: InsecureRequestWarning: Unverified HTTPS request is being made to host '[LB_IP_ADDRESS]'. Adding certificate verification is strongly advised. See: https://urllib3.readthedocs.io/en/latest/advanced-usage.html#tls-warnings
  warnings.warn(
: NotImplementedError
2026-09-01 09:58:00.933 87 INFO cinder.volume.drivers.lightos [None req-f71252b1-0f8b-4080-8655-62dfa7f4ff13 0ede542a83ad4b90b002758d195aec21 4e8c00cb52254b6ab5eed5b347835930 - - - -] Invoking get_volume using GET url: /api/v2/projects/default/volumes/0b7cca0a-5ef4-486f-90e1-d7f738ea2094             request.body: {} ssl_verify: False
2026-09-01 09:58:01.015 87 WARNING py.warnings [None req-f71252b1-0f8b-4080-8655-62dfa7f4ff13 0ede542a83ad4b90b002758d195aec21 4e8c00cb52254b6ab5eed5b347835930 - - - -] /var/lib/kolla/venv/lib/python3.12/site-packages/urllib3/connectionpool.py:1110: InsecureRequestWarning: Unverified HTTPS request is being made to host '[LB_IP_ADDRESS]'. Adding certificate verification is strongly advised. See: https://urllib3.readthedocs.io/en/latest/advanced-usage.html#tls-warnings
  warnings.warn(
: NotImplementedError
2026-09-01 09:58:01.340 87 WARNING cinder.quota [None req-f71252b1-0f8b-4080-8655-62dfa7f4ff13 0ede542a83ad4b90b002758d195aec21 4e8c00cb52254b6ab5eed5b347835930 - - - -] Deprecated: Default quota for resource: volumes_tempest-GroupSnapshotsTest-volume-type-1444760582 is set by the default quota flag: quota_volumes_tempest-GroupSnapshotsTest-volume-type-1444760582, it is now deprecated. Please use the default quota class for default quota.
2026-09-01 09:58:01.341 87 WARNING cinder.quota [None req-f71252b1-0f8b-4080-8655-62dfa7f4ff13 0ede542a83ad4b90b002758d195aec21 4e8c00cb52254b6ab5eed5b347835930 - - - -] Deprecated: Default quota for resource: gigabytes_tempest-GroupSnapshotsTest-volume-type-1444760582 is set by the default quota flag: quota_gigabytes_tempest-GroupSnapshotsTest-volume-type-1444760582, it is now deprecated. Please use the default quota class for default quota.
2026-09-01 09:58:01.395 87 INFO cinder.volume.manager [None req-9b996f7c-2f7a-49d3-b2de-4861f2df808e 05c7b5c4c82a4249903acb187f769115 5b4c4cfdc146463fb0040991ba28a7ef - - - -] Group tempest-GroupSnapshotsV319Test-Group-1205062875: creating
2026-09-01 09:58:01.423 87 INFO cinder.volume.manager [None req-9b996f7c-2f7a-49d3-b2de-4861f2df808e 05c7b5c4c82a4249903acb187f769115 5b4c4cfdc146463fb0040991ba28a7ef - - - -] Group tempest-GroupSnapshotsV319Test-Group-1205062875: created successfully
2026-09-01 09:58:01.437 87 INFO cinder.volume.manager [None req-9b996f7c-2f7a-49d3-b2de-4861f2df808e 05c7b5c4c82a4249903acb187f769115 5b4c4cfdc146463fb0040991ba28a7ef - - - -] Create group completed successfully.
2026-09-01 09:58:01.455 87 INFO cinder.volume.manager [None req-f71252b1-0f8b-4080-8655-62dfa7f4ff13 0ede542a83ad4b90b002758d195aec21 4e8c00cb52254b6ab5eed5b347835930 - - - -] Delete group completed successfully.
2026-09-01 09:58:01.950 87 INFO cinder.volume.manager [None req-9d16ba3b-b6dd-4bae-abcd-25e5726dc2e7 0ede542a83ad4b90b002758d195aec21 4e8c00cb52254b6ab5eed5b347835930 - - - -] group_snapshot 26e83109-bdce-4666-b892-51442004f6b1: deleting
2026-09-01 09:58:01.990 87 INFO cinder.volume.drivers.lightos [None req-9d16ba3b-b6dd-4bae-abcd-25e5726dc2e7 0ede542a83ad4b90b002758d195aec21 4e8c00cb52254b6ab5eed5b347835930 - - - -] Invoking get_snapshot_by_name using GET url: /api/v2/projects/default/snapshots/?Name=snapshot-15d4397f-f09b-40a2-93c0-9fc13456d0dc             request.body: {} ssl_verify: False
2026-09-01 09:58:02.077 87 WARNING py.warnings [None req-9d16ba3b-b6dd-4bae-abcd-25e5726dc2e7 0ede542a83ad4b90b002758d195aec21 4e8c00cb52254b6ab5eed5b347835930 - - - -] /var/lib/kolla/venv/lib/python3.12/site-packages/urllib3/connectionpool.py:1110: InsecureRequestWarning: Unverified HTTPS request is being made to host '[LB_IP_ADDRESS]'. Adding certificate verification is strongly advised. See: https://urllib3.readthedocs.io/en/latest/advanced-usage.html#tls-warnings
  warnings.warn(
: NotImplementedError
2026-09-01 09:58:02.093 87 INFO cinder.volume.drivers.lightos [None req-9d16ba3b-b6dd-4bae-abcd-25e5726dc2e7 0ede542a83ad4b90b002758d195aec21 4e8c00cb52254b6ab5eed5b347835930 - - - -] Invoking delete_snapshot using DELETE url: /api/v2/projects/default/snapshots/379220f6-c534-4bc7-be7b-a7679aa47a8f?             request.body:  ssl_verify: False
2026-09-01 09:58:02.180 87 WARNING py.warnings [None req-9d16ba3b-b6dd-4bae-abcd-25e5726dc2e7 0ede542a83ad4b90b002758d195aec21 4e8c00cb52254b6ab5eed5b347835930 - - - -] /var/lib/kolla/venv/lib/python3.12/site-packages/urllib3/connectionpool.py:1110: InsecureRequestWarning: Unverified HTTPS request is being made to host '[LB_IP_ADDRESS]'. Adding certificate verification is strongly advised. See: https://urllib3.readthedocs.io/en/latest/advanced-usage.html#tls-warnings
  warnings.warn(
: NotImplementedError
2026-09-01 09:58:02.186 87 INFO cinder.volume.manager [None req-3bc8dbc1-a508-4e74-9650-9fb510a3a718 9f39219cca5542b9a6ced0fdd88a86b5 41f583c3f3c14e408227fcd0b06317ff - - - -] Group tempest-GroupsV314Test-Group-441662276: creating
2026-09-01 09:58:02.207 87 INFO cinder.volume.manager [None req-3bc8dbc1-a508-4e74-9650-9fb510a3a718 9f39219cca5542b9a6ced0fdd88a86b5 41f583c3f3c14e408227fcd0b06317ff - - - -] Group tempest-GroupsV314Test-Group-441662276: created successfully
2026-09-01 09:58:02.218 87 INFO cinder.volume.drivers.lightos [None req-9d16ba3b-b6dd-4bae-abcd-25e5726dc2e7 0ede542a83ad4b90b002758d195aec21 4e8c00cb52254b6ab5eed5b347835930 - - - -] Invoking get_snapshot using GET url: /api/v2/projects/default/snapshots/379220f6-c534-4bc7-be7b-a7679aa47a8f             request.body: {} ssl_verify: False
2026-09-01 09:58:02.295 87 INFO cinder.volume.manager [None req-3bc8dbc1-a508-4e74-9650-9fb510a3a718 9f39219cca5542b9a6ced0fdd88a86b5 41f583c3f3c14e408227fcd0b06317ff - - - -] Create group completed successfully.
2026-09-01 09:58:02.300 87 WARNING py.warnings [None req-9d16ba3b-b6dd-4bae-abcd-25e5726dc2e7 0ede542a83ad4b90b002758d195aec21 4e8c00cb52254b6ab5eed5b347835930 - - - -] /var/lib/kolla/venv/lib/python3.12/site-packages/urllib3/connectionpool.py:1110: InsecureRequestWarning: Unverified HTTPS request is being made to host '[LB_IP_ADDRESS]'. Adding certificate verification is strongly advised. See: https://urllib3.readthedocs.io/en/latest/advanced-usage.html#tls-warnings
  warnings.warn(
: NotImplementedError
2026-09-01 09:58:02.501 87 WARNING cinder.quota [None req-9d16ba3b-b6dd-4bae-abcd-25e5726dc2e7 0ede542a83ad4b90b002758d195aec21 4e8c00cb52254b6ab5eed5b347835930 - - - -] Deprecated: Default quota for resource: snapshots_tempest-GroupSnapshotsTest-volume-type-1444760582 is set by the default quota flag: quota_snapshots_tempest-GroupSnapshotsTest-volume-type-1444760582, it is now deprecated. Please use the default quota class for default quota.
2026-09-01 09:58:02.562 87 INFO cinder.volume.manager [None req-9d16ba3b-b6dd-4bae-abcd-25e5726dc2e7 0ede542a83ad4b90b002758d195aec21 4e8c00cb52254b6ab5eed5b347835930 - - - -] group_snapshot 26e83109-bdce-4666-b892-51442004f6b1: deleted successfully
2026-09-01 09:58:03.163 87 INFO cinder.volume.flows.manager.create_volume [None req-ea51f1a5-bf5b-4328-91c0-40e61cbee314 05c7b5c4c82a4249903acb187f769115 5b4c4cfdc146463fb0040991ba28a7ef - - - -] Volume b4883547-295a-46a7-888d-c130e16cf18c: being created as raw with specification: {'status': 'creating', 'volume_name': 'vol_b4883547-295a-46a7-888d-c130e16cf18c', 'volume_size': 1}
2026-09-01 09:58:03.164 87 INFO cinder.volume.drivers.lightos [None req-ea51f1a5-bf5b-4328-91c0-40e61cbee314 05c7b5c4c82a4249903acb187f769115 5b4c4cfdc146463fb0040991ba28a7ef - - - -] Invoking get_volume_by_name using GET url: /api/v2/projects/default/volumes/?name=vol_b4883547-295a-46a7-888d-c130e16cf18c             request.body: {} ssl_verify: False
2026-09-01 09:58:03.250 87 WARNING py.warnings [None req-ea51f1a5-bf5b-4328-91c0-40e61cbee314 05c7b5c4c82a4249903acb187f769115 5b4c4cfdc146463fb0040991ba28a7ef - - - -] /var/lib/kolla/venv/lib/python3.12/site-packages/urllib3/connectionpool.py:1110: InsecureRequestWarning: Unverified HTTPS request is being made to host '[LB_IP_ADDRESS]'. Adding certificate verification is strongly advised. See: https://urllib3.readthedocs.io/en/latest/advanced-usage.html#tls-warnings
  warnings.warn(

2026-09-01 09:58:03.262 87 INFO cinder.volume.drivers.lightos [None req-ea51f1a5-bf5b-4328-91c0-40e61cbee314 05c7b5c4c82a4249903acb187f769115 5b4c4cfdc146463fb0040991ba28a7ef - - - -] Invoking create_volume using POST url: /api/v2/projects/default/volumes             request.body: {'name': 'vol_b4883547-295a-46a7-888d-c130e16cf18c', 'size': '1 gib', 'replicaCount': '3', 'compression': 'False', 'acl': {'values': ['ALLOW_NONE']}, 'IPAcl': {'values': ['ALLOW_NONE']}, 'sourceSnapshotUUID': None, 'sourceSnapshotName': None} ssl_verify: False
2026-09-01 09:58:03.353 87 WARNING py.warnings [None req-ea51f1a5-bf5b-4328-91c0-40e61cbee314 05c7b5c4c82a4249903acb187f769115 5b4c4cfdc146463fb0040991ba28a7ef - - - -] /var/lib/kolla/venv/lib/python3.12/site-packages/urllib3/connectionpool.py:1110: InsecureRequestWarning: Unverified HTTPS request is being made to host '[LB_IP_ADDRESS]'. Adding certificate verification is strongly advised. See: https://urllib3.readthedocs.io/en/latest/advanced-usage.html#tls-warnings
  warnings.warn(

2026-09-01 09:58:03.365 87 INFO cinder.volume.drivers.lightos [None req-7a51782f-9e8c-481a-b587-36b27732449f 0ede542a83ad4b90b002758d195aec21 4e8c00cb52254b6ab5eed5b347835930 - - - -] Invoking delete_volume using DELETE url: /api/v2/projects/default/volumes/6eaa319b-bc8b-477f-9699-d7bf05bf5a98?             request.body:  ssl_verify: False
2026-09-01 09:58:03.443 87 INFO cinder.volume.drivers.lightos [None req-ea51f1a5-bf5b-4328-91c0-40e61cbee314 05c7b5c4c82a4249903acb187f769115 5b4c4cfdc146463fb0040991ba28a7ef - - - -] Invoking get_volume using GET url: /api/v2/projects/default/volumes/79049719-5290-4de6-b6af-781e4d035335             request.body: {} ssl_verify: False
2026-09-01 09:58:03.448 87 WARNING py.warnings [None req-7a51782f-9e8c-481a-b587-36b27732449f 0ede542a83ad4b90b002758d195aec21 4e8c00cb52254b6ab5eed5b347835930 - - - -] /var/lib/kolla/venv/lib/python3.12/site-packages/urllib3/connectionpool.py:1110: InsecureRequestWarning: Unverified HTTPS request is being made to host '[LB_IP_ADDRESS]'. Adding certificate verification is strongly advised. See: https://urllib3.readthedocs.io/en/latest/advanced-usage.html#tls-warnings
  warnings.warn(
: NotImplementedError
2026-09-01 09:58:03.524 87 INFO cinder.volume.drivers.lightos [None req-7a51782f-9e8c-481a-b587-36b27732449f 0ede542a83ad4b90b002758d195aec21 4e8c00cb52254b6ab5eed5b347835930 - - - -] Invoking get_volume using GET url: /api/v2/projects/default/volumes/6eaa319b-bc8b-477f-9699-d7bf05bf5a98             request.body: {} ssl_verify: False
2026-09-01 09:58:03.529 87 WARNING py.warnings [None req-ea51f1a5-bf5b-4328-91c0-40e61cbee314 05c7b5c4c82a4249903acb187f769115 5b4c4cfdc146463fb0040991ba28a7ef - - - -] /var/lib/kolla/venv/lib/python3.12/site-packages/urllib3/connectionpool.py:1110: InsecureRequestWarning: Unverified HTTPS request is being made to host '[LB_IP_ADDRESS]'. Adding certificate verification is strongly advised. See: https://urllib3.readthedocs.io/en/latest/advanced-usage.html#tls-warnings
  warnings.warn(

2026-09-01 09:58:03.610 87 WARNING py.warnings [None req-7a51782f-9e8c-481a-b587-36b27732449f 0ede542a83ad4b90b002758d195aec21 4e8c00cb52254b6ab5eed5b347835930 - - - -] /var/lib/kolla/venv/lib/python3.12/site-packages/urllib3/connectionpool.py:1110: InsecureRequestWarning: Unverified HTTPS request is being made to host '[LB_IP_ADDRESS]'. Adding certificate verification is strongly advised. See: https://urllib3.readthedocs.io/en/latest/advanced-usage.html#tls-warnings
  warnings.warn(
: NotImplementedError
2026-09-01 09:58:03.633 87 INFO cinder.volume.flows.manager.create_volume [None req-ea51f1a5-bf5b-4328-91c0-40e61cbee314 05c7b5c4c82a4249903acb187f769115 5b4c4cfdc146463fb0040991ba28a7ef - - - -] Volume vol_b4883547-295a-46a7-888d-c130e16cf18c (b4883547-295a-46a7-888d-c130e16cf18c): created successfully
2026-09-01 09:58:03.653 87 INFO cinder.volume.manager [None req-ea51f1a5-bf5b-4328-91c0-40e61cbee314 05c7b5c4c82a4249903acb187f769115 5b4c4cfdc146463fb0040991ba28a7ef - - - -] Created volume successfully.
2026-09-01 09:58:03.956 87 WARNING cinder.db.api [None req-7a51782f-9e8c-481a-b587-36b27732449f 0ede542a83ad4b90b002758d195aec21 4e8c00cb52254b6ab5eed5b347835930 - - - -] Reservation would make usage less than 0 for the following resources, so on commit they will be limited to prevent going below 0: ['gigabytes', 'gigabytes_tempest-GroupSnapshotsTest-volume-type-1444760582']
2026-09-01 09:58:04.016 87 INFO cinder.volume.flows.manager.create_volume [None req-cf188d76-2445-4494-9d3b-206b6a82d952 9f39219cca5542b9a6ced0fdd88a86b5 41f583c3f3c14e408227fcd0b06317ff - - - -] Volume 67f3a8a6-9e83-4cfd-97a0-06c58ff6d9b7: being created as raw with specification: {'status': 'creating', 'volume_name': 'vol_67f3a8a6-9e83-4cfd-97a0-06c58ff6d9b7', 'volume_size': 1}
2026-09-01 09:58:04.016 87 INFO cinder.volume.drivers.lightos [None req-cf188d76-2445-4494-9d3b-206b6a82d952 9f39219cca5542b9a6ced0fdd88a86b5 41f583c3f3c14e408227fcd0b06317ff - - - -] Invoking get_volume_by_name using GET url: /api/v2/projects/default/volumes/?name=vol_67f3a8a6-9e83-4cfd-97a0-06c58ff6d9b7             request.body: {} ssl_verify: False
2026-09-01 09:58:04.107 87 WARNING py.warnings [None req-cf188d76-2445-4494-9d3b-206b6a82d952 9f39219cca5542b9a6ced0fdd88a86b5 41f583c3f3c14e408227fcd0b06317ff - - - -] /var/lib/kolla/venv/lib/python3.12/site-packages/urllib3/connectionpool.py:1110: InsecureRequestWarning: Unverified HTTPS request is being made to host '[LB_IP_ADDRESS]'. Adding certificate verification is strongly advised. See: https://urllib3.readthedocs.io/en/latest/advanced-usage.html#tls-warnings
  warnings.warn(

2026-09-01 09:58:04.119 87 INFO cinder.volume.drivers.lightos [None req-cf188d76-2445-4494-9d3b-206b6a82d952 9f39219cca5542b9a6ced0fdd88a86b5 41f583c3f3c14e408227fcd0b06317ff - - - -] Invoking create_volume using POST url: /api/v2/projects/default/volumes             request.body: {'name': 'vol_67f3a8a6-9e83-4cfd-97a0-06c58ff6d9b7', 'size': '1 gib', 'replicaCount': '3', 'compression': 'False', 'acl': {'values': ['ALLOW_NONE']}, 'IPAcl': {'values': ['ALLOW_NONE']}, 'sourceSnapshotUUID': None, 'sourceSnapshotName': None} ssl_verify: False
2026-09-01 09:58:04.206 87 WARNING py.warnings [None req-cf188d76-2445-4494-9d3b-206b6a82d952 9f39219cca5542b9a6ced0fdd88a86b5 41f583c3f3c14e408227fcd0b06317ff - - - -] /var/lib/kolla/venv/lib/python3.12/site-packages/urllib3/connectionpool.py:1110: InsecureRequestWarning: Unverified HTTPS request is being made to host '[LB_IP_ADDRESS]'. Adding certificate verification is strongly advised. See: https://urllib3.readthedocs.io/en/latest/advanced-usage.html#tls-warnings
  warnings.warn(

2026-09-01 09:58:04.240 87 INFO cinder.volume.drivers.lightos [None req-cf188d76-2445-4494-9d3b-206b6a82d952 9f39219cca5542b9a6ced0fdd88a86b5 41f583c3f3c14e408227fcd0b06317ff - - - -] Invoking get_volume using GET url: /api/v2/projects/default/volumes/9ff4100a-13d2-4492-aaf2-a3804454e6f1             request.body: {} ssl_verify: False
2026-09-01 09:58:04.317 87 INFO cinder.volume.manager [None req-7a51782f-9e8c-481a-b587-36b27732449f 0ede542a83ad4b90b002758d195aec21 4e8c00cb52254b6ab5eed5b347835930 - - - -] Delete group completed successfully.
2026-09-01 09:58:04.323 87 WARNING py.warnings [None req-cf188d76-2445-4494-9d3b-206b6a82d952 9f39219cca5542b9a6ced0fdd88a86b5 41f583c3f3c14e408227fcd0b06317ff - - - -] /var/lib/kolla/venv/lib/python3.12/site-packages/urllib3/connectionpool.py:1110: InsecureRequestWarning: Unverified HTTPS request is being made to host '[LB_IP_ADDRESS]'. Adding certificate verification is strongly advised. See: https://urllib3.readthedocs.io/en/latest/advanced-usage.html#tls-warnings
  warnings.warn(

2026-09-01 09:58:04.354 87 INFO cinder.volume.flows.manager.create_volume [None req-cf188d76-2445-4494-9d3b-206b6a82d952 9f39219cca5542b9a6ced0fdd88a86b5 41f583c3f3c14e408227fcd0b06317ff - - - -] Volume vol_67f3a8a6-9e83-4cfd-97a0-06c58ff6d9b7 (67f3a8a6-9e83-4cfd-97a0-06c58ff6d9b7): created successfully
2026-09-01 09:58:04.367 87 INFO cinder.volume.manager [None req-cf188d76-2445-4494-9d3b-206b6a82d952 9f39219cca5542b9a6ced0fdd88a86b5 41f583c3f3c14e408227fcd0b06317ff - - - -] Created volume successfully.
2026-09-01 09:58:04.670 87 INFO cinder.volume.manager [None req-2256198c-1180-4ae3-9195-7dab9049f983 05c7b5c4c82a4249903acb187f769115 5b4c4cfdc146463fb0040991ba28a7ef - - - -] GroupSnapshot f4dcede7-9a1b-4fc0-9356-1aebf2a7b07b: creating.
2026-09-01 09:58:04.709 87 INFO cinder.volume.drivers.lightos [None req-2256198c-1180-4ae3-9195-7dab9049f983 05c7b5c4c82a4249903acb187f769115 5b4c4cfdc146463fb0040991ba28a7ef - - - -] Invoking get_snapshot_by_name using GET url: /api/v2/projects/default/snapshots/?Name=snapshot-c0f61151-ecd5-4942-b4cf-94b6f153ac3f             request.body: {} ssl_verify: False
2026-09-01 09:58:04.794 87 WARNING py.warnings [None req-2256198c-1180-4ae3-9195-7dab9049f983 05c7b5c4c82a4249903acb187f769115 5b4c4cfdc146463fb0040991ba28a7ef - - - -] /var/lib/kolla/venv/lib/python3.12/site-packages/urllib3/connectionpool.py:1110: InsecureRequestWarning: Unverified HTTPS request is being made to host '[LB_IP_ADDRESS]'. Adding certificate verification is strongly advised. See: https://urllib3.readthedocs.io/en/latest/advanced-usage.html#tls-warnings
  warnings.warn(
: NotImplementedError
2026-09-01 09:58:04.804 87 INFO cinder.volume.drivers.lightos [None req-2256198c-1180-4ae3-9195-7dab9049f983 05c7b5c4c82a4249903acb187f769115 5b4c4cfdc146463fb0040991ba28a7ef - - - -] Invoking create_snapshot using POST url: /api/v2/projects/default/snapshots             request.body: {'name': 'snapshot-c0f61151-ecd5-4942-b4cf-94b6f153ac3f', 'sourceVolumeUUID': None, 'sourceVolumeName': 'vol_b4883547-295a-46a7-888d-c130e16cf18c'} ssl_verify: False
2026-09-01 09:58:04.888 87 WARNING py.warnings [None req-2256198c-1180-4ae3-9195-7dab9049f983 05c7b5c4c82a4249903acb187f769115 5b4c4cfdc146463fb0040991ba28a7ef - - - -] /var/lib/kolla/venv/lib/python3.12/site-packages/urllib3/connectionpool.py:1110: InsecureRequestWarning: Unverified HTTPS request is being made to host '[LB_IP_ADDRESS]'. Adding certificate verification is strongly advised. See: https://urllib3.readthedocs.io/en/latest/advanced-usage.html#tls-warnings
  warnings.warn(
: NotImplementedError
2026-09-01 09:58:04.918 87 INFO cinder.volume.drivers.lightos [None req-2256198c-1180-4ae3-9195-7dab9049f983 05c7b5c4c82a4249903acb187f769115 5b4c4cfdc146463fb0040991ba28a7ef - - - -] Invoking get_snapshot_by_name using GET url: /api/v2/projects/default/snapshots/?Name=snapshot-c0f61151-ecd5-4942-b4cf-94b6f153ac3f             request.body: {} ssl_verify: False
2026-09-01 09:58:05.000 87 WARNING py.warnings [None req-2256198c-1180-4ae3-9195-7dab9049f983 05c7b5c4c82a4249903acb187f769115 5b4c4cfdc146463fb0040991ba28a7ef - - - -] /var/lib/kolla/venv/lib/python3.12/site-packages/urllib3/connectionpool.py:1110: InsecureRequestWarning: Unverified HTTPS request is being made to host '[LB_IP_ADDRESS]'. Adding certificate verification is strongly advised. See: https://urllib3.readthedocs.io/en/latest/advanced-usage.html#tls-warnings
  warnings.warn(
: NotImplementedError
2026-09-01 09:58:05.067 87 INFO cinder.volume.manager [None req-b5787af3-24b1-4983-9a3a-df1b3545d5f4 0ede542a83ad4b90b002758d195aec21 4e8c00cb52254b6ab5eed5b347835930 - - - -] Group tempest-GroupSnapshotsTest-Group-2053955474: creating
2026-09-01 09:58:05.085 87 INFO cinder.volume.manager [None req-b5787af3-24b1-4983-9a3a-df1b3545d5f4 0ede542a83ad4b90b002758d195aec21 4e8c00cb52254b6ab5eed5b347835930 - - - -] Group tempest-GroupSnapshotsTest-Group-2053955474: created successfully
2026-09-01 09:58:05.094 87 INFO cinder.volume.manager [None req-b5787af3-24b1-4983-9a3a-df1b3545d5f4 0ede542a83ad4b90b002758d195aec21 4e8c00cb52254b6ab5eed5b347835930 - - - -] Create group completed successfully.
2026-09-01 09:58:06.012 87 INFO cinder.volume.drivers.lightos [None req-2256198c-1180-4ae3-9195-7dab9049f983 05c7b5c4c82a4249903acb187f769115 5b4c4cfdc146463fb0040991ba28a7ef - - - -] Invoking get_snapshot_by_name using GET url: /api/v2/projects/default/snapshots/?Name=snapshot-c0f61151-ecd5-4942-b4cf-94b6f153ac3f             request.body: {} ssl_verify: False
2026-09-01 09:58:06.094 87 WARNING py.warnings [None req-2256198c-1180-4ae3-9195-7dab9049f983 05c7b5c4c82a4249903acb187f769115 5b4c4cfdc146463fb0040991ba28a7ef - - - -] /var/lib/kolla/venv/lib/python3.12/site-packages/urllib3/connectionpool.py:1110: InsecureRequestWarning: Unverified HTTPS request is being made to host '[LB_IP_ADDRESS]'. Adding certificate verification is strongly advised. See: https://urllib3.readthedocs.io/en/latest/advanced-usage.html#tls-warnings
  warnings.warn(
: NotImplementedError
2026-09-01 09:58:06.162 87 INFO cinder.volume.drivers.lightos [None req-dfef5834-9ba1-463b-9b70-e9d72ddcc7a6 9f39219cca5542b9a6ced0fdd88a86b5 41f583c3f3c14e408227fcd0b06317ff - - - -] Invoking get_snapshot_by_name using GET url: /api/v2/projects/default/snapshots/?Name=for_clone_754bf8f9-785f-4f21-8451-a7b9299c3b3d             request.body: {} ssl_verify: False
2026-09-01 09:58:06.246 87 WARNING py.warnings [None req-dfef5834-9ba1-463b-9b70-e9d72ddcc7a6 9f39219cca5542b9a6ced0fdd88a86b5 41f583c3f3c14e408227fcd0b06317ff - - - -] /var/lib/kolla/venv/lib/python3.12/site-packages/urllib3/connectionpool.py:1110: InsecureRequestWarning: Unverified HTTPS request is being made to host '[LB_IP_ADDRESS]'. Adding certificate verification is strongly advised. See: https://urllib3.readthedocs.io/en/latest/advanced-usage.html#tls-warnings
  warnings.warn(
: NotImplementedError
2026-09-01 09:58:06.252 87 INFO cinder.volume.manager [None req-2256198c-1180-4ae3-9195-7dab9049f983 05c7b5c4c82a4249903acb187f769115 5b4c4cfdc146463fb0040991ba28a7ef - - - -] group_snapshot f4dcede7-9a1b-4fc0-9356-1aebf2a7b07b: created successfully
2026-09-01 09:58:06.257 87 INFO cinder.volume.drivers.lightos [None req-dfef5834-9ba1-463b-9b70-e9d72ddcc7a6 9f39219cca5542b9a6ced0fdd88a86b5 41f583c3f3c14e408227fcd0b06317ff - - - -] Invoking create_snapshot using POST url: /api/v2/projects/default/snapshots             request.body: {'name': 'for_clone_754bf8f9-785f-4f21-8451-a7b9299c3b3d', 'sourceVolumeUUID': None, 'sourceVolumeName': 'vol_67f3a8a6-9e83-4cfd-97a0-06c58ff6d9b7'} ssl_verify: False
2026-09-01 09:58:06.341 87 WARNING py.warnings [None req-dfef5834-9ba1-463b-9b70-e9d72ddcc7a6 9f39219cca5542b9a6ced0fdd88a86b5 41f583c3f3c14e408227fcd0b06317ff - - - -] /var/lib/kolla/venv/lib/python3.12/site-packages/urllib3/connectionpool.py:1110: InsecureRequestWarning: Unverified HTTPS request is being made to host '[LB_IP_ADDRESS]'. Adding certificate verification is strongly advised. See: https://urllib3.readthedocs.io/en/latest/advanced-usage.html#tls-warnings
  warnings.warn(
: NotImplementedError
2026-09-01 09:58:06.376 87 INFO cinder.volume.drivers.lightos [None req-dfef5834-9ba1-463b-9b70-e9d72ddcc7a6 9f39219cca5542b9a6ced0fdd88a86b5 41f583c3f3c14e408227fcd0b06317ff - - - -] Invoking get_snapshot_by_name using GET url: /api/v2/projects/default/snapshots/?Name=for_clone_754bf8f9-785f-4f21-8451-a7b9299c3b3d             request.body: {} ssl_verify: False
2026-09-01 09:58:06.458 87 WARNING py.warnings [None req-dfef5834-9ba1-463b-9b70-e9d72ddcc7a6 9f39219cca5542b9a6ced0fdd88a86b5 41f583c3f3c14e408227fcd0b06317ff - - - -] /var/lib/kolla/venv/lib/python3.12/site-packages/urllib3/connectionpool.py:1110: InsecureRequestWarning: Unverified HTTPS request is being made to host '[LB_IP_ADDRESS]'. Adding certificate verification is strongly advised. See: https://urllib3.readthedocs.io/en/latest/advanced-usage.html#tls-warnings
  warnings.warn(
: NotImplementedError
2026-09-01 09:58:06.830 87 INFO cinder.volume.flows.manager.create_volume [None req-203c2950-f0ab-41ba-b59a-8701628d610d 0ede542a83ad4b90b002758d195aec21 4e8c00cb52254b6ab5eed5b347835930 - - - -] Volume bef0e54b-7191-4fd0-a8d5-0d3fa1071934: being created as raw with specification: {'status': 'creating', 'volume_name': 'vol_bef0e54b-7191-4fd0-a8d5-0d3fa1071934', 'volume_size': 1}
2026-09-01 09:58:06.831 87 INFO cinder.volume.drivers.lightos [None req-203c2950-f0ab-41ba-b59a-8701628d610d 0ede542a83ad4b90b002758d195aec21 4e8c00cb52254b6ab5eed5b347835930 - - - -] Invoking get_volume_by_name using GET url: /api/v2/projects/default/volumes/?name=vol_bef0e54b-7191-4fd0-a8d5-0d3fa1071934             request.body: {} ssl_verify: False
2026-09-01 09:58:06.917 87 WARNING py.warnings [None req-203c2950-f0ab-41ba-b59a-8701628d610d 0ede542a83ad4b90b002758d195aec21 4e8c00cb52254b6ab5eed5b347835930 - - - -] /var/lib/kolla/venv/lib/python3.12/site-packages/urllib3/connectionpool.py:1110: InsecureRequestWarning: Unverified HTTPS request is being made to host '[LB_IP_ADDRESS]'. Adding certificate verification is strongly advised. See: https://urllib3.readthedocs.io/en/latest/advanced-usage.html#tls-warnings
  warnings.warn(

2026-09-01 09:58:06.927 87 INFO cinder.volume.drivers.lightos [None req-203c2950-f0ab-41ba-b59a-8701628d610d 0ede542a83ad4b90b002758d195aec21 4e8c00cb52254b6ab5eed5b347835930 - - - -] Invoking create_volume using POST url: /api/v2/projects/default/volumes             request.body: {'name': 'vol_bef0e54b-7191-4fd0-a8d5-0d3fa1071934', 'size': '1 gib', 'replicaCount': '3', 'compression': 'False', 'acl': {'values': ['ALLOW_NONE']}, 'IPAcl': {'values': ['ALLOW_NONE']}, 'sourceSnapshotUUID': None, 'sourceSnapshotName': None} ssl_verify: False
2026-09-01 09:58:07.011 87 WARNING py.warnings [None req-203c2950-f0ab-41ba-b59a-8701628d610d 0ede542a83ad4b90b002758d195aec21 4e8c00cb52254b6ab5eed5b347835930 - - - -] /var/lib/kolla/venv/lib/python3.12/site-packages/urllib3/connectionpool.py:1110: InsecureRequestWarning: Unverified HTTPS request is being made to host '[LB_IP_ADDRESS]'. Adding certificate verification is strongly advised. See: https://urllib3.readthedocs.io/en/latest/advanced-usage.html#tls-warnings
  warnings.warn(

2026-09-01 09:58:07.036 87 INFO cinder.volume.drivers.lightos [None req-203c2950-f0ab-41ba-b59a-8701628d610d 0ede542a83ad4b90b002758d195aec21 4e8c00cb52254b6ab5eed5b347835930 - - - -] Invoking get_volume using GET url: /api/v2/projects/default/volumes/6a49dc83-f5fd-4c14-b0a6-1a568f3ad862             request.body: {} ssl_verify: False
2026-09-01 09:58:07.124 87 INFO cinder.volume.manager [None req-668e633a-5cce-4b40-9898-beb7734d8f43 05c7b5c4c82a4249903acb187f769115 5b4c4cfdc146463fb0040991ba28a7ef - - - -] group_snapshot f4dcede7-9a1b-4fc0-9356-1aebf2a7b07b: deleting
2026-09-01 09:58:07.128 87 WARNING py.warnings [None req-203c2950-f0ab-41ba-b59a-8701628d610d 0ede542a83ad4b90b002758d195aec21 4e8c00cb52254b6ab5eed5b347835930 - - - -] /var/lib/kolla/venv/lib/python3.12/site-packages/urllib3/connectionpool.py:1110: InsecureRequestWarning: Unverified HTTPS request is being made to host '[LB_IP_ADDRESS]'. Adding certificate verification is strongly advised. See: https://urllib3.readthedocs.io/en/latest/advanced-usage.html#tls-warnings
  warnings.warn(

2026-09-01 09:58:07.171 87 INFO cinder.volume.flows.manager.create_volume [None req-203c2950-f0ab-41ba-b59a-8701628d610d 0ede542a83ad4b90b002758d195aec21 4e8c00cb52254b6ab5eed5b347835930 - - - -] Volume vol_bef0e54b-7191-4fd0-a8d5-0d3fa1071934 (bef0e54b-7191-4fd0-a8d5-0d3fa1071934): created successfully
2026-09-01 09:58:07.185 87 INFO cinder.volume.drivers.lightos [None req-668e633a-5cce-4b40-9898-beb7734d8f43 05c7b5c4c82a4249903acb187f769115 5b4c4cfdc146463fb0040991ba28a7ef - - - -] Invoking get_snapshot_by_name using GET url: /api/v2/projects/default/snapshots/?Name=snapshot-c0f61151-ecd5-4942-b4cf-94b6f153ac3f             request.body: {} ssl_verify: False
2026-09-01 09:58:07.262 87 INFO cinder.volume.manager [None req-203c2950-f0ab-41ba-b59a-8701628d610d 0ede542a83ad4b90b002758d195aec21 4e8c00cb52254b6ab5eed5b347835930 - - - -] Created volume successfully.
2026-09-01 09:58:07.269 87 WARNING py.warnings [None req-668e633a-5cce-4b40-9898-beb7734d8f43 05c7b5c4c82a4249903acb187f769115 5b4c4cfdc146463fb0040991ba28a7ef - - - -] /var/lib/kolla/venv/lib/python3.12/site-packages/urllib3/connectionpool.py:1110: InsecureRequestWarning: Unverified HTTPS request is being made to host '[LB_IP_ADDRESS]'. Adding certificate verification is strongly advised. See: https://urllib3.readthedocs.io/en/latest/advanced-usage.html#tls-warnings
  warnings.warn(
: NotImplementedError
2026-09-01 09:58:07.284 87 INFO cinder.volume.drivers.lightos [None req-668e633a-5cce-4b40-9898-beb7734d8f43 05c7b5c4c82a4249903acb187f769115 5b4c4cfdc146463fb0040991ba28a7ef - - - -] Invoking delete_snapshot using DELETE url: /api/v2/projects/default/snapshots/7c3f7983-94ef-4168-aaa8-8fce2f8b68cc?             request.body:  ssl_verify: False
2026-09-01 09:58:07.367 87 WARNING py.warnings [None req-668e633a-5cce-4b40-9898-beb7734d8f43 05c7b5c4c82a4249903acb187f769115 5b4c4cfdc146463fb0040991ba28a7ef - - - -] /var/lib/kolla/venv/lib/python3.12/site-packages/urllib3/connectionpool.py:1110: InsecureRequestWarning: Unverified HTTPS request is being made to host '[LB_IP_ADDRESS]'. Adding certificate verification is strongly advised. See: https://urllib3.readthedocs.io/en/latest/advanced-usage.html#tls-warnings
  warnings.warn(
: NotImplementedError
2026-09-01 09:58:07.394 87 INFO cinder.volume.drivers.lightos [None req-668e633a-5cce-4b40-9898-beb7734d8f43 05c7b5c4c82a4249903acb187f769115 5b4c4cfdc146463fb0040991ba28a7ef - - - -] Invoking get_snapshot using GET url: /api/v2/projects/default/snapshots/7c3f7983-94ef-4168-aaa8-8fce2f8b68cc             request.body: {} ssl_verify: False
2026-09-01 09:58:07.469 87 INFO cinder.volume.drivers.lightos [None req-dfef5834-9ba1-463b-9b70-e9d72ddcc7a6 9f39219cca5542b9a6ced0fdd88a86b5 41f583c3f3c14e408227fcd0b06317ff - - - -] Invoking get_snapshot_by_name using GET url: /api/v2/projects/default/snapshots/?Name=for_clone_754bf8f9-785f-4f21-8451-a7b9299c3b3d             request.body: {} ssl_verify: False
2026-09-01 09:58:07.546 87 WARNING py.warnings [None req-668e633a-5cce-4b40-9898-beb7734d8f43 05c7b5c4c82a4249903acb187f769115 5b4c4cfdc146463fb0040991ba28a7ef - - - -] /var/lib/kolla/venv/lib/python3.12/site-packages/urllib3/connectionpool.py:1110: InsecureRequestWarning: Unverified HTTPS request is being made to host '[LB_IP_ADDRESS]'. Adding certificate verification is strongly advised. See: https://urllib3.readthedocs.io/en/latest/advanced-usage.html#tls-warnings
  warnings.warn(
: NotImplementedError
2026-09-01 09:58:07.550 87 WARNING py.warnings [None req-dfef5834-9ba1-463b-9b70-e9d72ddcc7a6 9f39219cca5542b9a6ced0fdd88a86b5 41f583c3f3c14e408227fcd0b06317ff - - - -] /var/lib/kolla/venv/lib/python3.12/site-packages/urllib3/connectionpool.py:1110: InsecureRequestWarning: Unverified HTTPS request is being made to host '[LB_IP_ADDRESS]'. Adding certificate verification is strongly advised. See: https://urllib3.readthedocs.io/en/latest/advanced-usage.html#tls-warnings
  warnings.warn(
: NotImplementedError
2026-09-01 09:58:07.570 87 INFO cinder.volume.drivers.lightos [None req-dfef5834-9ba1-463b-9b70-e9d72ddcc7a6 9f39219cca5542b9a6ced0fdd88a86b5 41f583c3f3c14e408227fcd0b06317ff - - - -] Invoking get_volume_by_name using GET url: /api/v2/projects/default/volumes/?name=vol_754bf8f9-785f-4f21-8451-a7b9299c3b3d             request.body: {} ssl_verify: False
2026-09-01 09:58:07.655 87 WARNING py.warnings [None req-dfef5834-9ba1-463b-9b70-e9d72ddcc7a6 9f39219cca5542b9a6ced0fdd88a86b5 41f583c3f3c14e408227fcd0b06317ff - - - -] /var/lib/kolla/venv/lib/python3.12/site-packages/urllib3/connectionpool.py:1110: InsecureRequestWarning: Unverified HTTPS request is being made to host '[LB_IP_ADDRESS]'. Adding certificate verification is strongly advised. See: https://urllib3.readthedocs.io/en/latest/advanced-usage.html#tls-warnings
  warnings.warn(
: NotImplementedError
2026-09-01 09:58:07.666 87 INFO cinder.volume.drivers.lightos [None req-dfef5834-9ba1-463b-9b70-e9d72ddcc7a6 9f39219cca5542b9a6ced0fdd88a86b5 41f583c3f3c14e408227fcd0b06317ff - - - -] Invoking create_volume using POST url: /api/v2/projects/default/volumes             request.body: {'name': 'vol_754bf8f9-785f-4f21-8451-a7b9299c3b3d', 'size': '1 gib', 'replicaCount': '3', 'compression': 'False', 'acl': {'values': ['ALLOW_NONE']}, 'IPAcl': {'values': ['ALLOW_NONE']}, 'sourceSnapshotUUID': None, 'sourceSnapshotName': 'for_clone_754bf8f9-785f-4f21-8451-a7b9299c3b3d'} ssl_verify: False
2026-09-01 09:58:07.752 87 WARNING py.warnings [None req-dfef5834-9ba1-463b-9b70-e9d72ddcc7a6 9f39219cca5542b9a6ced0fdd88a86b5 41f583c3f3c14e408227fcd0b06317ff - - - -] /var/lib/kolla/venv/lib/python3.12/site-packages/urllib3/connectionpool.py:1110: InsecureRequestWarning: Unverified HTTPS request is being made to host '[LB_IP_ADDRESS]'. Adding certificate verification is strongly advised. See: https://urllib3.readthedocs.io/en/latest/advanced-usage.html#tls-warnings
  warnings.warn(
: NotImplementedError
2026-09-01 09:58:07.774 87 INFO cinder.volume.drivers.lightos [None req-dfef5834-9ba1-463b-9b70-e9d72ddcc7a6 9f39219cca5542b9a6ced0fdd88a86b5 41f583c3f3c14e408227fcd0b06317ff - - - -] Invoking get_volume using GET url: /api/v2/projects/default/volumes/e450d1b1-0b8d-4e18-92fd-68799b3a9b12             request.body: {} ssl_verify: False
2026-09-01 09:58:07.858 87 WARNING py.warnings [None req-dfef5834-9ba1-463b-9b70-e9d72ddcc7a6 9f39219cca5542b9a6ced0fdd88a86b5 41f583c3f3c14e408227fcd0b06317ff - - - -] /var/lib/kolla/venv/lib/python3.12/site-packages/urllib3/connectionpool.py:1110: InsecureRequestWarning: Unverified HTTPS request is being made to host '[LB_IP_ADDRESS]'. Adding certificate verification is strongly advised. See: https://urllib3.readthedocs.io/en/latest/advanced-usage.html#tls-warnings
  warnings.warn(
: NotImplementedError
2026-09-01 09:58:07.871 87 INFO cinder.volume.drivers.lightos [None req-dfef5834-9ba1-463b-9b70-e9d72ddcc7a6 9f39219cca5542b9a6ced0fdd88a86b5 41f583c3f3c14e408227fcd0b06317ff - - - -] Invoking get_snapshot_by_name using GET url: /api/v2/projects/default/snapshots/?Name=for_clone_754bf8f9-785f-4f21-8451-a7b9299c3b3d             request.body: {} ssl_verify: False
2026-09-01 09:58:08.074 87 WARNING py.warnings [None req-dfef5834-9ba1-463b-9b70-e9d72ddcc7a6 9f39219cca5542b9a6ced0fdd88a86b5 41f583c3f3c14e408227fcd0b06317ff - - - -] /var/lib/kolla/venv/lib/python3.12/site-packages/urllib3/connectionpool.py:1110: InsecureRequestWarning: Unverified HTTPS request is being made to host '[LB_IP_ADDRESS]'. Adding certificate verification is strongly advised. See: https://urllib3.readthedocs.io/en/latest/advanced-usage.html#tls-warnings
  warnings.warn(
: NotImplementedError
2026-09-01 09:58:08.077 87 WARNING cinder.quota [None req-668e633a-5cce-4b40-9898-beb7734d8f43 05c7b5c4c82a4249903acb187f769115 5b4c4cfdc146463fb0040991ba28a7ef - - - -] Deprecated: Default quota for resource: gigabytes_tempest-GroupSnapshotsV319Test-volume-type-366616634 is set by the default quota flag: quota_gigabytes_tempest-GroupSnapshotsV319Test-volume-type-366616634, it is now deprecated. Please use the default quota class for default quota.
2026-09-01 09:58:08.078 87 WARNING cinder.quota [None req-668e633a-5cce-4b40-9898-beb7734d8f43 05c7b5c4c82a4249903acb187f769115 5b4c4cfdc146463fb0040991ba28a7ef - - - -] Deprecated: Default quota for resource: snapshots_tempest-GroupSnapshotsV319Test-volume-type-366616634 is set by the default quota flag: quota_snapshots_tempest-GroupSnapshotsV319Test-volume-type-366616634, it is now deprecated. Please use the default quota class for default quota.
2026-09-01 09:58:08.087 87 INFO cinder.volume.drivers.lightos [None req-dfef5834-9ba1-463b-9b70-e9d72ddcc7a6 9f39219cca5542b9a6ced0fdd88a86b5 41f583c3f3c14e408227fcd0b06317ff - - - -] Invoking delete_snapshot using DELETE url: /api/v2/projects/default/snapshots/80563c0b-6371-4b29-9218-20fc961c44a6?             request.body:  ssl_verify: False
2026-09-01 09:58:08.175 87 WARNING py.warnings [None req-dfef5834-9ba1-463b-9b70-e9d72ddcc7a6 9f39219cca5542b9a6ced0fdd88a86b5 41f583c3f3c14e408227fcd0b06317ff - - - -] /var/lib/kolla/venv/lib/python3.12/site-packages/urllib3/connectionpool.py:1110: InsecureRequestWarning: Unverified HTTPS request is being made to host '[LB_IP_ADDRESS]'. Adding certificate verification is strongly advised. See: https://urllib3.readthedocs.io/en/latest/advanced-usage.html#tls-warnings
  warnings.warn(
: NotImplementedError
2026-09-01 09:58:08.202 87 INFO cinder.volume.drivers.lightos [None req-dfef5834-9ba1-463b-9b70-e9d72ddcc7a6 9f39219cca5542b9a6ced0fdd88a86b5 41f583c3f3c14e408227fcd0b06317ff - - - -] Invoking get_snapshot using GET url: /api/v2/projects/default/snapshots/80563c0b-6371-4b29-9218-20fc961c44a6             request.body: {} ssl_verify: False
2026-09-01 09:58:08.291 87 WARNING py.warnings [None req-dfef5834-9ba1-463b-9b70-e9d72ddcc7a6 9f39219cca5542b9a6ced0fdd88a86b5 41f583c3f3c14e408227fcd0b06317ff - - - -] /var/lib/kolla/venv/lib/python3.12/site-packages/urllib3/connectionpool.py:1110: InsecureRequestWarning: Unverified HTTPS request is being made to host '[LB_IP_ADDRESS]'. Adding certificate verification is strongly advised. See: https://urllib3.readthedocs.io/en/latest/advanced-usage.html#tls-warnings
  warnings.warn(
: NotImplementedError
2026-09-01 09:58:08.297 87 INFO cinder.volume.manager [None req-668e633a-5cce-4b40-9898-beb7734d8f43 05c7b5c4c82a4249903acb187f769115 5b4c4cfdc146463fb0040991ba28a7ef - - - -] group_snapshot f4dcede7-9a1b-4fc0-9356-1aebf2a7b07b: deleted successfully
2026-09-01 09:58:08.347 87 INFO cinder.volume.manager [None req-dfef5834-9ba1-463b-9b70-e9d72ddcc7a6 9f39219cca5542b9a6ced0fdd88a86b5 41f583c3f3c14e408227fcd0b06317ff - - - -] Create group from source-group-1358a074-b7b5-418a-8e46-ce8c138361a1 completed successfully.
2026-09-01 09:58:08.554 87 INFO cinder.volume.flows.manager.create_volume [None req-cdd21ebd-1580-464f-b75a-516dcfc4aad5 0ede542a83ad4b90b002758d195aec21 4e8c00cb52254b6ab5eed5b347835930 - - - -] Volume e677e3ac-cc51-4db5-a85e-3763f45f6bb6: being created as raw with specification: {'status': 'creating', 'volume_name': 'vol_e677e3ac-cc51-4db5-a85e-3763f45f6bb6', 'volume_size': 1}
2026-09-01 09:58:08.554 87 INFO cinder.volume.drivers.lightos [None req-cdd21ebd-1580-464f-b75a-516dcfc4aad5 0ede542a83ad4b90b002758d195aec21 4e8c00cb52254b6ab5eed5b347835930 - - - -] Invoking get_volume_by_name using GET url: /api/v2/projects/default/volumes/?name=vol_e677e3ac-cc51-4db5-a85e-3763f45f6bb6             request.body: {} ssl_verify: False
2026-09-01 09:58:08.637 87 WARNING py.warnings [None req-cdd21ebd-1580-464f-b75a-516dcfc4aad5 0ede542a83ad4b90b002758d195aec21 4e8c00cb52254b6ab5eed5b347835930 - - - -] /var/lib/kolla/venv/lib/python3.12/site-packages/urllib3/connectionpool.py:1110: InsecureRequestWarning: Unverified HTTPS request is being made to host '[LB_IP_ADDRESS]'. Adding certificate verification is strongly advised. See: https://urllib3.readthedocs.io/en/latest/advanced-usage.html#tls-warnings
  warnings.warn(

2026-09-01 09:58:08.646 87 INFO cinder.volume.drivers.lightos [None req-cdd21ebd-1580-464f-b75a-516dcfc4aad5 0ede542a83ad4b90b002758d195aec21 4e8c00cb52254b6ab5eed5b347835930 - - - -] Invoking create_volume using POST url: /api/v2/projects/default/volumes             request.body: {'name': 'vol_e677e3ac-cc51-4db5-a85e-3763f45f6bb6', 'size': '1 gib', 'replicaCount': '3', 'compression': 'False', 'acl': {'values': ['ALLOW_NONE']}, 'IPAcl': {'values': ['ALLOW_NONE']}, 'sourceSnapshotUUID': None, 'sourceSnapshotName': None} ssl_verify: False
2026-09-01 09:58:08.729 87 WARNING py.warnings [None req-cdd21ebd-1580-464f-b75a-516dcfc4aad5 0ede542a83ad4b90b002758d195aec21 4e8c00cb52254b6ab5eed5b347835930 - - - -] /var/lib/kolla/venv/lib/python3.12/site-packages/urllib3/connectionpool.py:1110: InsecureRequestWarning: Unverified HTTPS request is being made to host '[LB_IP_ADDRESS]'. Adding certificate verification is strongly advised. See: https://urllib3.readthedocs.io/en/latest/advanced-usage.html#tls-warnings
  warnings.warn(

2026-09-01 09:58:08.751 87 INFO cinder.volume.drivers.lightos [None req-cdd21ebd-1580-464f-b75a-516dcfc4aad5 0ede542a83ad4b90b002758d195aec21 4e8c00cb52254b6ab5eed5b347835930 - - - -] Invoking get_volume using GET url: /api/v2/projects/default/volumes/598c0c09-0c5a-4dff-9971-a3f946e5ad5c             request.body: {} ssl_verify: False
2026-09-01 09:58:08.833 87 WARNING py.warnings [None req-cdd21ebd-1580-464f-b75a-516dcfc4aad5 0ede542a83ad4b90b002758d195aec21 4e8c00cb52254b6ab5eed5b347835930 - - - -] /var/lib/kolla/venv/lib/python3.12/site-packages/urllib3/connectionpool.py:1110: InsecureRequestWarning: Unverified HTTPS request is being made to host '[LB_IP_ADDRESS]'. Adding certificate verification is strongly advised. See: https://urllib3.readthedocs.io/en/latest/advanced-usage.html#tls-warnings
  warnings.warn(

2026-09-01 09:58:08.866 87 INFO cinder.volume.flows.manager.create_volume [None req-cdd21ebd-1580-464f-b75a-516dcfc4aad5 0ede542a83ad4b90b002758d195aec21 4e8c00cb52254b6ab5eed5b347835930 - - - -] Volume vol_e677e3ac-cc51-4db5-a85e-3763f45f6bb6 (e677e3ac-cc51-4db5-a85e-3763f45f6bb6): created successfully
2026-09-01 09:58:08.879 87 INFO cinder.volume.manager [None req-cdd21ebd-1580-464f-b75a-516dcfc4aad5 0ede542a83ad4b90b002758d195aec21 4e8c00cb52254b6ab5eed5b347835930 - - - -] Created volume successfully.
2026-09-01 09:58:09.467 87 INFO cinder.volume.drivers.lightos [None req-4425a9e0-2612-433f-86f9-5e50d0f5a2da 05c7b5c4c82a4249903acb187f769115 5b4c4cfdc146463fb0040991ba28a7ef - - - -] Invoking delete_volume using DELETE url: /api/v2/projects/default/volumes/79049719-5290-4de6-b6af-781e4d035335?             request.body:  ssl_verify: False
2026-09-01 09:58:09.550 87 WARNING py.warnings [None req-4425a9e0-2612-433f-86f9-5e50d0f5a2da 05c7b5c4c82a4249903acb187f769115 5b4c4cfdc146463fb0040991ba28a7ef - - - -] /var/lib/kolla/venv/lib/python3.12/site-packages/urllib3/connectionpool.py:1110: InsecureRequestWarning: Unverified HTTPS request is being made to host '[LB_IP_ADDRESS]'. Adding certificate verification is strongly advised. See: https://urllib3.readthedocs.io/en/latest/advanced-usage.html#tls-warnings
  warnings.warn(
: NotImplementedError
2026-09-01 09:58:09.620 87 INFO cinder.volume.drivers.lightos [None req-4425a9e0-2612-433f-86f9-5e50d0f5a2da 05c7b5c4c82a4249903acb187f769115 5b4c4cfdc146463fb0040991ba28a7ef - - - -] Invoking get_volume using GET url: /api/v2/projects/default/volumes/79049719-5290-4de6-b6af-781e4d035335             request.body: {} ssl_verify: False
2026-09-01 09:58:09.699 87 INFO cinder.volume.drivers.lightos [None req-a456569e-888d-4e38-882d-8242ade82e9e 9f39219cca5542b9a6ced0fdd88a86b5 41f583c3f3c14e408227fcd0b06317ff - - - -] Invoking delete_volume using DELETE url: /api/v2/projects/default/volumes/e450d1b1-0b8d-4e18-92fd-68799b3a9b12?             request.body:  ssl_verify: False
2026-09-01 09:58:09.703 87 WARNING py.warnings [None req-4425a9e0-2612-433f-86f9-5e50d0f5a2da 05c7b5c4c82a4249903acb187f769115 5b4c4cfdc146463fb0040991ba28a7ef - - - -] /var/lib/kolla/venv/lib/python3.12/site-packages/urllib3/connectionpool.py:1110: InsecureRequestWarning: Unverified HTTPS request is being made to host '[LB_IP_ADDRESS]'. Adding certificate verification is strongly advised. See: https://urllib3.readthedocs.io/en/latest/advanced-usage.html#tls-warnings
  warnings.warn(
: NotImplementedError
2026-09-01 09:58:09.790 87 WARNING py.warnings [None req-a456569e-888d-4e38-882d-8242ade82e9e 9f39219cca5542b9a6ced0fdd88a86b5 41f583c3f3c14e408227fcd0b06317ff - - - -] /var/lib/kolla/venv/lib/python3.12/site-packages/urllib3/connectionpool.py:1110: InsecureRequestWarning: Unverified HTTPS request is being made to host '[LB_IP_ADDRESS]'. Adding certificate verification is strongly advised. See: https://urllib3.readthedocs.io/en/latest/advanced-usage.html#tls-warnings
  warnings.warn(
: NotImplementedError
2026-09-01 09:58:09.816 87 INFO cinder.volume.drivers.lightos [None req-a456569e-888d-4e38-882d-8242ade82e9e 9f39219cca5542b9a6ced0fdd88a86b5 41f583c3f3c14e408227fcd0b06317ff - - - -] Invoking get_volume using GET url: /api/v2/projects/default/volumes/e450d1b1-0b8d-4e18-92fd-68799b3a9b12             request.body: {} ssl_verify: False
2026-09-01 09:58:09.901 87 WARNING py.warnings [None req-a456569e-888d-4e38-882d-8242ade82e9e 9f39219cca5542b9a6ced0fdd88a86b5 41f583c3f3c14e408227fcd0b06317ff - - - -] /var/lib/kolla/venv/lib/python3.12/site-packages/urllib3/connectionpool.py:1110: InsecureRequestWarning: Unverified HTTPS request is being made to host '[LB_IP_ADDRESS]'. Adding certificate verification is strongly advised. See: https://urllib3.readthedocs.io/en/latest/advanced-usage.html#tls-warnings
  warnings.warn(
: NotImplementedError
2026-09-01 09:58:09.927 87 INFO cinder.volume.manager [None req-00a026c3-bae8-4939-b5d5-4d28bac61de1 0ede542a83ad4b90b002758d195aec21 4e8c00cb52254b6ab5eed5b347835930 - - - -] Update group completed successfully.
2026-09-01 09:58:10.305 87 WARNING cinder.quota [None req-4425a9e0-2612-433f-86f9-5e50d0f5a2da 05c7b5c4c82a4249903acb187f769115 5b4c4cfdc146463fb0040991ba28a7ef - - - -] Deprecated: Default quota for resource: volumes_tempest-GroupSnapshotsV319Test-volume-type-366616634 is set by the default quota flag: quota_volumes_tempest-GroupSnapshotsV319Test-volume-type-366616634, it is now deprecated. Please use the default quota class for default quota.
2026-09-01 09:58:10.461 87 WARNING cinder.quota [None req-a456569e-888d-4e38-882d-8242ade82e9e 9f39219cca5542b9a6ced0fdd88a86b5 41f583c3f3c14e408227fcd0b06317ff - - - -] Deprecated: Default quota for resource: volumes_tempest-GroupsV314Test-volume-type-1246964110 is set by the default quota flag: quota_volumes_tempest-GroupsV314Test-volume-type-1246964110, it is now deprecated. Please use the default quota class for default quota.
2026-09-01 09:58:10.462 87 WARNING cinder.quota [None req-a456569e-888d-4e38-882d-8242ade82e9e 9f39219cca5542b9a6ced0fdd88a86b5 41f583c3f3c14e408227fcd0b06317ff - - - -] Deprecated: Default quota for resource: gigabytes_tempest-GroupsV314Test-volume-type-1246964110 is set by the default quota flag: quota_gigabytes_tempest-GroupsV314Test-volume-type-1246964110, it is now deprecated. Please use the default quota class for default quota.
2026-09-01 09:58:10.546 87 INFO cinder.volume.manager [None req-4425a9e0-2612-433f-86f9-5e50d0f5a2da 05c7b5c4c82a4249903acb187f769115 5b4c4cfdc146463fb0040991ba28a7ef - - - -] Delete group completed successfully.
2026-09-01 09:58:10.569 87 INFO cinder.volume.manager [None req-a456569e-888d-4e38-882d-8242ade82e9e 9f39219cca5542b9a6ced0fdd88a86b5 41f583c3f3c14e408227fcd0b06317ff - - - -] Delete group completed successfully.
2026-09-01 09:58:10.819 87 INFO cinder.volume.manager [None req-0b09dc9f-64df-4a38-a4e7-5170d31ae22b 0ede542a83ad4b90b002758d195aec21 4e8c00cb52254b6ab5eed5b347835930 - - - -] Update group completed successfully.
2026-09-01 09:58:10.873 87 INFO cinder.volume.drivers.lightos [None req-85117bc9-1ca9-44ee-85a7-dbaee45b87af 9f39219cca5542b9a6ced0fdd88a86b5 41f583c3f3c14e408227fcd0b06317ff - - - -] Invoking delete_volume using DELETE url: /api/v2/projects/default/volumes/9ff4100a-13d2-4492-aaf2-a3804454e6f1?             request.body:  ssl_verify: False
2026-09-01 09:58:10.956 87 WARNING py.warnings [None req-85117bc9-1ca9-44ee-85a7-dbaee45b87af 9f39219cca5542b9a6ced0fdd88a86b5 41f583c3f3c14e408227fcd0b06317ff - - - -] /var/lib/kolla/venv/lib/python3.12/site-packages/urllib3/connectionpool.py:1110: InsecureRequestWarning: Unverified HTTPS request is being made to host '[LB_IP_ADDRESS]'. Adding certificate verification is strongly advised. See: https://urllib3.readthedocs.io/en/latest/advanced-usage.html#tls-warnings
  warnings.warn(
: NotImplementedError
2026-09-01 09:58:10.980 87 INFO cinder.volume.drivers.lightos [None req-85117bc9-1ca9-44ee-85a7-dbaee45b87af 9f39219cca5542b9a6ced0fdd88a86b5 41f583c3f3c14e408227fcd0b06317ff - - - -] Invoking get_volume using GET url: /api/v2/projects/default/volumes/9ff4100a-13d2-4492-aaf2-a3804454e6f1             request.body: {} ssl_verify: False
2026-09-01 09:58:11.060 87 WARNING py.warnings [None req-85117bc9-1ca9-44ee-85a7-dbaee45b87af 9f39219cca5542b9a6ced0fdd88a86b5 41f583c3f3c14e408227fcd0b06317ff - - - -] /var/lib/kolla/venv/lib/python3.12/site-packages/urllib3/connectionpool.py:1110: InsecureRequestWarning: Unverified HTTPS request is being made to host '[LB_IP_ADDRESS]'. Adding certificate verification is strongly advised. See: https://urllib3.readthedocs.io/en/latest/advanced-usage.html#tls-warnings
  warnings.warn(
: NotImplementedError
2026-09-01 09:58:11.439 87 INFO cinder.volume.manager [None req-85117bc9-1ca9-44ee-85a7-dbaee45b87af 9f39219cca5542b9a6ced0fdd88a86b5 41f583c3f3c14e408227fcd0b06317ff - - - -] Delete group completed successfully.
2026-09-01 09:58:11.949 87 INFO cinder.volume.manager [None req-bf04112f-c2fe-4fbe-a257-031f1b81c2fe 0ede542a83ad4b90b002758d195aec21 4e8c00cb52254b6ab5eed5b347835930 - - - -] Update group completed successfully.
2026-09-01 09:58:13.095 87 INFO cinder.volume.manager [None req-f2ac793a-374c-44ba-a5d4-2f8d98d45837 0ede542a83ad4b90b002758d195aec21 4e8c00cb52254b6ab5eed5b347835930 - - - -] Update group completed successfully.
2026-09-01 09:58:14.439 87 INFO cinder.volume.manager [None req-d5f41e20-49e9-4a8a-89ec-c4e237a2e561 0ede542a83ad4b90b002758d195aec21 4e8c00cb52254b6ab5eed5b347835930 - - - -] GroupSnapshot 2fb670bb-ffc2-4b52-83ae-15df813e096b: creating.
2026-09-01 09:58:14.477 87 INFO cinder.volume.drivers.lightos [None req-d5f41e20-49e9-4a8a-89ec-c4e237a2e561 0ede542a83ad4b90b002758d195aec21 4e8c00cb52254b6ab5eed5b347835930 - - - -] Invoking get_snapshot_by_name using GET url: /api/v2/projects/default/snapshots/?Name=snapshot-6228a548-df46-4286-a587-70db331de389             request.body: {} ssl_verify: False
2026-09-01 09:58:14.563 87 WARNING py.warnings [None req-d5f41e20-49e9-4a8a-89ec-c4e237a2e561 0ede542a83ad4b90b002758d195aec21 4e8c00cb52254b6ab5eed5b347835930 - - - -] /var/lib/kolla/venv/lib/python3.12/site-packages/urllib3/connectionpool.py:1110: InsecureRequestWarning: Unverified HTTPS request is being made to host '[LB_IP_ADDRESS]'. Adding certificate verification is strongly advised. See: https://urllib3.readthedocs.io/en/latest/advanced-usage.html#tls-warnings
  warnings.warn(
: NotImplementedError
2026-09-01 09:58:14.573 87 INFO cinder.volume.drivers.lightos [None req-d5f41e20-49e9-4a8a-89ec-c4e237a2e561 0ede542a83ad4b90b002758d195aec21 4e8c00cb52254b6ab5eed5b347835930 - - - -] Invoking create_snapshot using POST url: /api/v2/projects/default/snapshots             request.body: {'name': 'snapshot-6228a548-df46-4286-a587-70db331de389', 'sourceVolumeUUID': None, 'sourceVolumeName': 'vol_bef0e54b-7191-4fd0-a8d5-0d3fa1071934'} ssl_verify: False
2026-09-01 09:58:14.657 87 WARNING py.warnings [None req-d5f41e20-49e9-4a8a-89ec-c4e237a2e561 0ede542a83ad4b90b002758d195aec21 4e8c00cb52254b6ab5eed5b347835930 - - - -] /var/lib/kolla/venv/lib/python3.12/site-packages/urllib3/connectionpool.py:1110: InsecureRequestWarning: Unverified HTTPS request is being made to host '[LB_IP_ADDRESS]'. Adding certificate verification is strongly advised. See: https://urllib3.readthedocs.io/en/latest/advanced-usage.html#tls-warnings
  warnings.warn(
: NotImplementedError
2026-09-01 09:58:14.686 87 INFO cinder.volume.drivers.lightos [None req-d5f41e20-49e9-4a8a-89ec-c4e237a2e561 0ede542a83ad4b90b002758d195aec21 4e8c00cb52254b6ab5eed5b347835930 - - - -] Invoking get_snapshot_by_name using GET url: /api/v2/projects/default/snapshots/?Name=snapshot-6228a548-df46-4286-a587-70db331de389             request.body: {} ssl_verify: False
2026-09-01 09:58:14.768 87 WARNING py.warnings [None req-d5f41e20-49e9-4a8a-89ec-c4e237a2e561 0ede542a83ad4b90b002758d195aec21 4e8c00cb52254b6ab5eed5b347835930 - - - -] /var/lib/kolla/venv/lib/python3.12/site-packages/urllib3/connectionpool.py:1110: InsecureRequestWarning: Unverified HTTPS request is being made to host '[LB_IP_ADDRESS]'. Adding certificate verification is strongly advised. See: https://urllib3.readthedocs.io/en/latest/advanced-usage.html#tls-warnings
  warnings.warn(
: NotImplementedError
2026-09-01 09:58:15.644 87 INFO cinder.volume.manager [None req-75ea520e-4bc9-4717-9ba8-94e3de499328 622e8187a7114f7486e7c41bc6decefe a915e6b437ee4e12a8c2b98409e873b8 - - - -] Group tempest-Group1-1082612979: creating
2026-09-01 09:58:15.664 87 INFO cinder.volume.manager [None req-75ea520e-4bc9-4717-9ba8-94e3de499328 622e8187a7114f7486e7c41bc6decefe a915e6b437ee4e12a8c2b98409e873b8 - - - -] Group tempest-Group1-1082612979: created successfully
2026-09-01 09:58:15.674 87 INFO cinder.volume.manager [None req-75ea520e-4bc9-4717-9ba8-94e3de499328 622e8187a7114f7486e7c41bc6decefe a915e6b437ee4e12a8c2b98409e873b8 - - - -] Create group completed successfully.
2026-09-01 09:58:15.794 87 INFO cinder.volume.drivers.lightos [None req-d5f41e20-49e9-4a8a-89ec-c4e237a2e561 0ede542a83ad4b90b002758d195aec21 4e8c00cb52254b6ab5eed5b347835930 - - - -] Invoking get_snapshot_by_name using GET url: /api/v2/projects/default/snapshots/?Name=snapshot-6228a548-df46-4286-a587-70db331de389             request.body: {} ssl_verify: False
2026-09-01 09:58:15.879 87 WARNING py.warnings [None req-d5f41e20-49e9-4a8a-89ec-c4e237a2e561 0ede542a83ad4b90b002758d195aec21 4e8c00cb52254b6ab5eed5b347835930 - - - -] /var/lib/kolla/venv/lib/python3.12/site-packages/urllib3/connectionpool.py:1110: InsecureRequestWarning: Unverified HTTPS request is being made to host '[LB_IP_ADDRESS]'. Adding certificate verification is strongly advised. See: https://urllib3.readthedocs.io/en/latest/advanced-usage.html#tls-warnings
  warnings.warn(
: NotImplementedError
2026-09-01 09:58:15.906 87 INFO cinder.volume.drivers.lightos [None req-d5f41e20-49e9-4a8a-89ec-c4e237a2e561 0ede542a83ad4b90b002758d195aec21 4e8c00cb52254b6ab5eed5b347835930 - - - -] Invoking get_snapshot_by_name using GET url: /api/v2/projects/default/snapshots/?Name=snapshot-f9c3ad1d-6326-44b4-a4bc-64d4c50e5b6c             request.body: {} ssl_verify: False
2026-09-01 09:58:15.990 87 WARNING py.warnings [None req-d5f41e20-49e9-4a8a-89ec-c4e237a2e561 0ede542a83ad4b90b002758d195aec21 4e8c00cb52254b6ab5eed5b347835930 - - - -] /var/lib/kolla/venv/lib/python3.12/site-packages/urllib3/connectionpool.py:1110: InsecureRequestWarning: Unverified HTTPS request is being made to host '[LB_IP_ADDRESS]'. Adding certificate verification is strongly advised. See: https://urllib3.readthedocs.io/en/latest/advanced-usage.html#tls-warnings
  warnings.warn(
: NotImplementedError
2026-09-01 09:58:16.001 87 INFO cinder.volume.drivers.lightos [None req-d5f41e20-49e9-4a8a-89ec-c4e237a2e561 0ede542a83ad4b90b002758d195aec21 4e8c00cb52254b6ab5eed5b347835930 - - - -] Invoking create_snapshot using POST url: /api/v2/projects/default/snapshots             request.body: {'name': 'snapshot-f9c3ad1d-6326-44b4-a4bc-64d4c50e5b6c', 'sourceVolumeUUID': None, 'sourceVolumeName': 'vol_e677e3ac-cc51-4db5-a85e-3763f45f6bb6'} ssl_verify: False
2026-09-01 09:58:16.083 87 WARNING py.warnings [None req-d5f41e20-49e9-4a8a-89ec-c4e237a2e561 0ede542a83ad4b90b002758d195aec21 4e8c00cb52254b6ab5eed5b347835930 - - - -] /var/lib/kolla/venv/lib/python3.12/site-packages/urllib3/connectionpool.py:1110: InsecureRequestWarning: Unverified HTTPS request is being made to host '[LB_IP_ADDRESS]'. Adding certificate verification is strongly advised. See: https://urllib3.readthedocs.io/en/latest/advanced-usage.html#tls-warnings
  warnings.warn(
: NotImplementedError
2026-09-01 09:58:16.176 87 INFO cinder.volume.drivers.lightos [None req-d5f41e20-49e9-4a8a-89ec-c4e237a2e561 0ede542a83ad4b90b002758d195aec21 4e8c00cb52254b6ab5eed5b347835930 - - - -] Invoking get_snapshot_by_name using GET url: /api/v2/projects/default/snapshots/?Name=snapshot-f9c3ad1d-6326-44b4-a4bc-64d4c50e5b6c             request.body: {} ssl_verify: False
2026-09-01 09:58:16.257 87 WARNING py.warnings [None req-d5f41e20-49e9-4a8a-89ec-c4e237a2e561 0ede542a83ad4b90b002758d195aec21 4e8c00cb52254b6ab5eed5b347835930 - - - -] /var/lib/kolla/venv/lib/python3.12/site-packages/urllib3/connectionpool.py:1110: InsecureRequestWarning: Unverified HTTPS request is being made to host '[LB_IP_ADDRESS]'. Adding certificate verification is strongly advised. See: https://urllib3.readthedocs.io/en/latest/advanced-usage.html#tls-warnings
  warnings.warn(
: NotImplementedError
2026-09-01 09:58:16.899 87 INFO cinder.volume.manager [None req-1cf9cbf3-187a-4ba3-9992-f29f1f0012bb 622e8187a7114f7486e7c41bc6decefe a915e6b437ee4e12a8c2b98409e873b8 - - - -] Group tempest-Group2-1476670079: creating
2026-09-01 09:58:16.918 87 INFO cinder.volume.manager [None req-1cf9cbf3-187a-4ba3-9992-f29f1f0012bb 622e8187a7114f7486e7c41bc6decefe a915e6b437ee4e12a8c2b98409e873b8 - - - -] Group tempest-Group2-1476670079: created successfully
2026-09-01 09:58:16.927 87 INFO cinder.volume.manager [None req-1cf9cbf3-187a-4ba3-9992-f29f1f0012bb 622e8187a7114f7486e7c41bc6decefe a915e6b437ee4e12a8c2b98409e873b8 - - - -] Create group completed successfully.
2026-09-01 09:58:17.267 87 INFO cinder.volume.drivers.lightos [None req-d5f41e20-49e9-4a8a-89ec-c4e237a2e561 0ede542a83ad4b90b002758d195aec21 4e8c00cb52254b6ab5eed5b347835930 - - - -] Invoking get_snapshot_by_name using GET url: /api/v2/projects/default/snapshots/?Name=snapshot-f9c3ad1d-6326-44b4-a4bc-64d4c50e5b6c             request.body: {} ssl_verify: False
2026-09-01 09:58:17.350 87 WARNING py.warnings [None req-d5f41e20-49e9-4a8a-89ec-c4e237a2e561 0ede542a83ad4b90b002758d195aec21 4e8c00cb52254b6ab5eed5b347835930 - - - -] /var/lib/kolla/venv/lib/python3.12/site-packages/urllib3/connectionpool.py:1110: InsecureRequestWarning: Unverified HTTPS request is being made to host '[LB_IP_ADDRESS]'. Adding certificate verification is strongly advised. See: https://urllib3.readthedocs.io/en/latest/advanced-usage.html#tls-warnings
  warnings.warn(
: NotImplementedError
2026-09-01 09:58:17.438 87 INFO cinder.volume.manager [None req-d5f41e20-49e9-4a8a-89ec-c4e237a2e561 0ede542a83ad4b90b002758d195aec21 4e8c00cb52254b6ab5eed5b347835930 - - - -] group_snapshot 2fb670bb-ffc2-4b52-83ae-15df813e096b: created successfully
2026-09-01 09:58:17.683 87 INFO cinder.volume.manager [None req-47f368f5-219b-4712-9530-a123591cfdbb 0ede542a83ad4b90b002758d195aec21 4e8c00cb52254b6ab5eed5b347835930 - - - -] group_snapshot 2fb670bb-ffc2-4b52-83ae-15df813e096b: deleting
2026-09-01 09:58:17.721 87 INFO cinder.volume.drivers.lightos [None req-47f368f5-219b-4712-9530-a123591cfdbb 0ede542a83ad4b90b002758d195aec21 4e8c00cb52254b6ab5eed5b347835930 - - - -] Invoking get_snapshot_by_name using GET url: /api/v2/projects/default/snapshots/?Name=snapshot-6228a548-df46-4286-a587-70db331de389             request.body: {} ssl_verify: False
2026-09-01 09:58:17.807 87 WARNING py.warnings [None req-47f368f5-219b-4712-9530-a123591cfdbb 0ede542a83ad4b90b002758d195aec21 4e8c00cb52254b6ab5eed5b347835930 - - - -] /var/lib/kolla/venv/lib/python3.12/site-packages/urllib3/connectionpool.py:1110: InsecureRequestWarning: Unverified HTTPS request is being made to host '[LB_IP_ADDRESS]'. Adding certificate verification is strongly advised. See: https://urllib3.readthedocs.io/en/latest/advanced-usage.html#tls-warnings
  warnings.warn(
: NotImplementedError
2026-09-01 09:58:17.827 87 INFO cinder.volume.drivers.lightos [None req-47f368f5-219b-4712-9530-a123591cfdbb 0ede542a83ad4b90b002758d195aec21 4e8c00cb52254b6ab5eed5b347835930 - - - -] Invoking delete_snapshot using DELETE url: /api/v2/projects/default/snapshots/eb2b60a1-f3ee-4d46-9fee-30fe9dc8d0ea?             request.body:  ssl_verify: False
2026-09-01 09:58:17.912 87 WARNING py.warnings [None req-47f368f5-219b-4712-9530-a123591cfdbb 0ede542a83ad4b90b002758d195aec21 4e8c00cb52254b6ab5eed5b347835930 - - - -] /var/lib/kolla/venv/lib/python3.12/site-packages/urllib3/connectionpool.py:1110: InsecureRequestWarning: Unverified HTTPS request is being made to host '[LB_IP_ADDRESS]'. Adding certificate verification is strongly advised. See: https://urllib3.readthedocs.io/en/latest/advanced-usage.html#tls-warnings
  warnings.warn(
: NotImplementedError
2026-09-01 09:58:17.939 87 INFO cinder.volume.drivers.lightos [None req-47f368f5-219b-4712-9530-a123591cfdbb 0ede542a83ad4b90b002758d195aec21 4e8c00cb52254b6ab5eed5b347835930 - - - -] Invoking get_snapshot using GET url: /api/v2/projects/default/snapshots/eb2b60a1-f3ee-4d46-9fee-30fe9dc8d0ea             request.body: {} ssl_verify: False
2026-09-01 09:58:18.021 87 WARNING py.warnings [None req-47f368f5-219b-4712-9530-a123591cfdbb 0ede542a83ad4b90b002758d195aec21 4e8c00cb52254b6ab5eed5b347835930 - - - -] /var/lib/kolla/venv/lib/python3.12/site-packages/urllib3/connectionpool.py:1110: InsecureRequestWarning: Unverified HTTPS request is being made to host '[LB_IP_ADDRESS]'. Adding certificate verification is strongly advised. See: https://urllib3.readthedocs.io/en/latest/advanced-usage.html#tls-warnings
  warnings.warn(
: NotImplementedError
2026-09-01 09:58:18.055 87 INFO cinder.volume.drivers.lightos [None req-47f368f5-219b-4712-9530-a123591cfdbb 0ede542a83ad4b90b002758d195aec21 4e8c00cb52254b6ab5eed5b347835930 - - - -] Invoking get_snapshot_by_name using GET url: /api/v2/projects/default/snapshots/?Name=snapshot-f9c3ad1d-6326-44b4-a4bc-64d4c50e5b6c             request.body: {} ssl_verify: False
2026-09-01 09:58:18.136 87 WARNING py.warnings [None req-47f368f5-219b-4712-9530-a123591cfdbb 0ede542a83ad4b90b002758d195aec21 4e8c00cb52254b6ab5eed5b347835930 - - - -] /var/lib/kolla/venv/lib/python3.12/site-packages/urllib3/connectionpool.py:1110: InsecureRequestWarning: Unverified HTTPS request is being made to host '[LB_IP_ADDRESS]'. Adding certificate verification is strongly advised. See: https://urllib3.readthedocs.io/en/latest/advanced-usage.html#tls-warnings
  warnings.warn(
: NotImplementedError
2026-09-01 09:58:18.148 87 INFO cinder.volume.drivers.lightos [None req-47f368f5-219b-4712-9530-a123591cfdbb 0ede542a83ad4b90b002758d195aec21 4e8c00cb52254b6ab5eed5b347835930 - - - -] Invoking delete_snapshot using DELETE url: /api/v2/projects/default/snapshots/9e45876a-ef61-4f72-b694-7801b8cc40ba?             request.body:  ssl_verify: False
2026-09-01 09:58:18.231 87 WARNING py.warnings [None req-47f368f5-219b-4712-9530-a123591cfdbb 0ede542a83ad4b90b002758d195aec21 4e8c00cb52254b6ab5eed5b347835930 - - - -] /var/lib/kolla/venv/lib/python3.12/site-packages/urllib3/connectionpool.py:1110: InsecureRequestWarning: Unverified HTTPS request is being made to host '[LB_IP_ADDRESS]'. Adding certificate verification is strongly advised. See: https://urllib3.readthedocs.io/en/latest/advanced-usage.html#tls-warnings
  warnings.warn(
: NotImplementedError
2026-09-01 09:58:18.338 87 INFO cinder.volume.drivers.lightos [None req-47f368f5-219b-4712-9530-a123591cfdbb 0ede542a83ad4b90b002758d195aec21 4e8c00cb52254b6ab5eed5b347835930 - - - -] Invoking get_snapshot using GET url: /api/v2/projects/default/snapshots/9e45876a-ef61-4f72-b694-7801b8cc40ba             request.body: {} ssl_verify: False
2026-09-01 09:58:18.420 87 WARNING py.warnings [None req-47f368f5-219b-4712-9530-a123591cfdbb 0ede542a83ad4b90b002758d195aec21 4e8c00cb52254b6ab5eed5b347835930 - - - -] /var/lib/kolla/venv/lib/python3.12/site-packages/urllib3/connectionpool.py:1110: InsecureRequestWarning: Unverified HTTPS request is being made to host '[LB_IP_ADDRESS]'. Adding certificate verification is strongly advised. See: https://urllib3.readthedocs.io/en/latest/advanced-usage.html#tls-warnings
  warnings.warn(
: NotImplementedError
2026-09-01 09:58:18.642 87 WARNING cinder.quota [None req-47f368f5-219b-4712-9530-a123591cfdbb 0ede542a83ad4b90b002758d195aec21 4e8c00cb52254b6ab5eed5b347835930 - - - -] Deprecated: Default quota for resource: gigabytes_tempest-GroupSnapshotsTest-volume-type-903491858 is set by the default quota flag: quota_gigabytes_tempest-GroupSnapshotsTest-volume-type-903491858, it is now deprecated. Please use the default quota class for default quota.
2026-09-01 09:58:18.643 87 WARNING cinder.quota [None req-47f368f5-219b-4712-9530-a123591cfdbb 0ede542a83ad4b90b002758d195aec21 4e8c00cb52254b6ab5eed5b347835930 - - - -] Deprecated: Default quota for resource: snapshots_tempest-GroupSnapshotsTest-volume-type-903491858 is set by the default quota flag: quota_snapshots_tempest-GroupSnapshotsTest-volume-type-903491858, it is now deprecated. Please use the default quota class for default quota.
2026-09-01 09:58:18.724 87 INFO cinder.volume.flows.manager.create_volume [None req-55f84cc8-2833-4345-af76-71f3e154e477 622e8187a7114f7486e7c41bc6decefe a915e6b437ee4e12a8c2b98409e873b8 - - - -] Volume bfc36f7e-fe1c-460b-a8d1-9d3ab63a5a3e: being created as raw with specification: {'status': 'creating', 'volume_name': 'vol_bfc36f7e-fe1c-460b-a8d1-9d3ab63a5a3e', 'volume_size': 1}
2026-09-01 09:58:18.725 87 INFO cinder.volume.drivers.lightos [None req-55f84cc8-2833-4345-af76-71f3e154e477 622e8187a7114f7486e7c41bc6decefe a915e6b437ee4e12a8c2b98409e873b8 - - - -] Invoking get_volume_by_name using GET url: /api/v2/projects/default/volumes/?name=vol_bfc36f7e-fe1c-460b-a8d1-9d3ab63a5a3e             request.body: {} ssl_verify: False
2026-09-01 09:58:18.810 87 WARNING py.warnings [None req-55f84cc8-2833-4345-af76-71f3e154e477 622e8187a7114f7486e7c41bc6decefe a915e6b437ee4e12a8c2b98409e873b8 - - - -] /var/lib/kolla/venv/lib/python3.12/site-packages/urllib3/connectionpool.py:1110: InsecureRequestWarning: Unverified HTTPS request is being made to host '[LB_IP_ADDRESS]'. Adding certificate verification is strongly advised. See: https://urllib3.readthedocs.io/en/latest/advanced-usage.html#tls-warnings
  warnings.warn(

2026-09-01 09:58:18.820 87 INFO cinder.volume.drivers.lightos [None req-55f84cc8-2833-4345-af76-71f3e154e477 622e8187a7114f7486e7c41bc6decefe a915e6b437ee4e12a8c2b98409e873b8 - - - -] Invoking create_volume using POST url: /api/v2/projects/default/volumes             request.body: {'name': 'vol_bfc36f7e-fe1c-460b-a8d1-9d3ab63a5a3e', 'size': '1 gib', 'replicaCount': '3', 'compression': 'False', 'acl': {'values': ['ALLOW_NONE']}, 'IPAcl': {'values': ['ALLOW_NONE']}, 'sourceSnapshotUUID': None, 'sourceSnapshotName': None} ssl_verify: False
2026-09-01 09:58:18.905 87 WARNING py.warnings [None req-55f84cc8-2833-4345-af76-71f3e154e477 622e8187a7114f7486e7c41bc6decefe a915e6b437ee4e12a8c2b98409e873b8 - - - -] /var/lib/kolla/venv/lib/python3.12/site-packages/urllib3/connectionpool.py:1110: InsecureRequestWarning: Unverified HTTPS request is being made to host '[LB_IP_ADDRESS]'. Adding certificate verification is strongly advised. See: https://urllib3.readthedocs.io/en/latest/advanced-usage.html#tls-warnings
  warnings.warn(

2026-09-01 09:58:18.925 87 INFO cinder.volume.drivers.lightos [None req-55f84cc8-2833-4345-af76-71f3e154e477 622e8187a7114f7486e7c41bc6decefe a915e6b437ee4e12a8c2b98409e873b8 - - - -] Invoking get_volume using GET url: /api/v2/projects/default/volumes/59b16b16-4f6b-4ab0-8a6c-23362906cd18             request.body: {} ssl_verify: False
2026-09-01 09:58:19.010 87 WARNING py.warnings [None req-55f84cc8-2833-4345-af76-71f3e154e477 622e8187a7114f7486e7c41bc6decefe a915e6b437ee4e12a8c2b98409e873b8 - - - -] /var/lib/kolla/venv/lib/python3.12/site-packages/urllib3/connectionpool.py:1110: InsecureRequestWarning: Unverified HTTPS request is being made to host '[LB_IP_ADDRESS]'. Adding certificate verification is strongly advised. See: https://urllib3.readthedocs.io/en/latest/advanced-usage.html#tls-warnings
  warnings.warn(

2026-09-01 09:58:19.201 87 INFO cinder.volume.manager [None req-47f368f5-219b-4712-9530-a123591cfdbb 0ede542a83ad4b90b002758d195aec21 4e8c00cb52254b6ab5eed5b347835930 - - - -] group_snapshot 2fb670bb-ffc2-4b52-83ae-15df813e096b: deleted successfully
2026-09-01 09:58:20.023 87 INFO cinder.volume.drivers.lightos [None req-55f84cc8-2833-4345-af76-71f3e154e477 622e8187a7114f7486e7c41bc6decefe a915e6b437ee4e12a8c2b98409e873b8 - - - -] Invoking get_volume using GET url: /api/v2/projects/default/volumes/59b16b16-4f6b-4ab0-8a6c-23362906cd18             request.body: {} ssl_verify: False
2026-09-01 09:58:20.109 87 WARNING py.warnings [None req-55f84cc8-2833-4345-af76-71f3e154e477 622e8187a7114f7486e7c41bc6decefe a915e6b437ee4e12a8c2b98409e873b8 - - - -] /var/lib/kolla/venv/lib/python3.12/site-packages/urllib3/connectionpool.py:1110: InsecureRequestWarning: Unverified HTTPS request is being made to host '[LB_IP_ADDRESS]'. Adding certificate verification is strongly advised. See: https://urllib3.readthedocs.io/en/latest/advanced-usage.html#tls-warnings
  warnings.warn(

2026-09-01 09:58:20.156 87 INFO cinder.volume.drivers.lightos [None req-915756b9-ef0e-4ed0-82f4-094792db70ad 0ede542a83ad4b90b002758d195aec21 4e8c00cb52254b6ab5eed5b347835930 - - - -] Invoking delete_volume using DELETE url: /api/v2/projects/default/volumes/6a49dc83-f5fd-4c14-b0a6-1a568f3ad862?             request.body:  ssl_verify: False
2026-09-01 09:58:20.233 87 INFO cinder.volume.flows.manager.create_volume [None req-55f84cc8-2833-4345-af76-71f3e154e477 622e8187a7114f7486e7c41bc6decefe a915e6b437ee4e12a8c2b98409e873b8 - - - -] Volume vol_bfc36f7e-fe1c-460b-a8d1-9d3ab63a5a3e (bfc36f7e-fe1c-460b-a8d1-9d3ab63a5a3e): created successfully
2026-09-01 09:58:20.244 87 WARNING py.warnings [None req-915756b9-ef0e-4ed0-82f4-094792db70ad 0ede542a83ad4b90b002758d195aec21 4e8c00cb52254b6ab5eed5b347835930 - - - -] /var/lib/kolla/venv/lib/python3.12/site-packages/urllib3/connectionpool.py:1110: InsecureRequestWarning: Unverified HTTPS request is being made to host '[LB_IP_ADDRESS]'. Adding certificate verification is strongly advised. See: https://urllib3.readthedocs.io/en/latest/advanced-usage.html#tls-warnings
  warnings.warn(
: NotImplementedError
2026-09-01 09:58:20.250 87 INFO cinder.volume.manager [None req-55f84cc8-2833-4345-af76-71f3e154e477 622e8187a7114f7486e7c41bc6decefe a915e6b437ee4e12a8c2b98409e873b8 - - - -] Created volume successfully.
2026-09-01 09:58:20.266 87 INFO cinder.volume.drivers.lightos [None req-915756b9-ef0e-4ed0-82f4-094792db70ad 0ede542a83ad4b90b002758d195aec21 4e8c00cb52254b6ab5eed5b347835930 - - - -] Invoking get_volume using GET url: /api/v2/projects/default/volumes/6a49dc83-f5fd-4c14-b0a6-1a568f3ad862             request.body: {} ssl_verify: False
2026-09-01 09:58:20.349 87 WARNING py.warnings [None req-915756b9-ef0e-4ed0-82f4-094792db70ad 0ede542a83ad4b90b002758d195aec21 4e8c00cb52254b6ab5eed5b347835930 - - - -] /var/lib/kolla/venv/lib/python3.12/site-packages/urllib3/connectionpool.py:1110: InsecureRequestWarning: Unverified HTTPS request is being made to host '[LB_IP_ADDRESS]'. Adding certificate verification is strongly advised. See: https://urllib3.readthedocs.io/en/latest/advanced-usage.html#tls-warnings
  warnings.warn(
: NotImplementedError
2026-09-01 09:58:20.358 87 INFO cinder.volume.drivers.lightos [None req-915756b9-ef0e-4ed0-82f4-094792db70ad 0ede542a83ad4b90b002758d195aec21 4e8c00cb52254b6ab5eed5b347835930 - - - -] Invoking delete_volume using DELETE url: /api/v2/projects/default/volumes/598c0c09-0c5a-4dff-9971-a3f946e5ad5c?             request.body:  ssl_verify: False
2026-09-01 09:58:20.440 87 WARNING py.warnings [None req-915756b9-ef0e-4ed0-82f4-094792db70ad 0ede542a83ad4b90b002758d195aec21 4e8c00cb52254b6ab5eed5b347835930 - - - -] /var/lib/kolla/venv/lib/python3.12/site-packages/urllib3/connectionpool.py:1110: InsecureRequestWarning: Unverified HTTPS request is being made to host '[LB_IP_ADDRESS]'. Adding certificate verification is strongly advised. See: https://urllib3.readthedocs.io/en/latest/advanced-usage.html#tls-warnings
  warnings.warn(
: NotImplementedError
2026-09-01 09:58:20.469 87 INFO cinder.volume.drivers.lightos [None req-915756b9-ef0e-4ed0-82f4-094792db70ad 0ede542a83ad4b90b002758d195aec21 4e8c00cb52254b6ab5eed5b347835930 - - - -] Invoking get_volume using GET url: /api/v2/projects/default/volumes/598c0c09-0c5a-4dff-9971-a3f946e5ad5c             request.body: {} ssl_verify: False
2026-09-01 09:58:20.552 87 WARNING py.warnings [None req-915756b9-ef0e-4ed0-82f4-094792db70ad 0ede542a83ad4b90b002758d195aec21 4e8c00cb52254b6ab5eed5b347835930 - - - -] /var/lib/kolla/venv/lib/python3.12/site-packages/urllib3/connectionpool.py:1110: InsecureRequestWarning: Unverified HTTPS request is being made to host '[LB_IP_ADDRESS]'. Adding certificate verification is strongly advised. See: https://urllib3.readthedocs.io/en/latest/advanced-usage.html#tls-warnings
  warnings.warn(
: NotImplementedError
2026-09-01 09:58:20.879 87 WARNING cinder.quota [None req-915756b9-ef0e-4ed0-82f4-094792db70ad 0ede542a83ad4b90b002758d195aec21 4e8c00cb52254b6ab5eed5b347835930 - - - -] Deprecated: Default quota for resource: volumes_tempest-GroupSnapshotsTest-volume-type-903491858 is set by the default quota flag: quota_volumes_tempest-GroupSnapshotsTest-volume-type-903491858, it is now deprecated. Please use the default quota class for default quota.
2026-09-01 09:58:21.150 87 INFO cinder.volume.drivers.lightos [None req-85a337de-3d65-423b-90de-34a899f5ac42 622e8187a7114f7486e7c41bc6decefe a915e6b437ee4e12a8c2b98409e873b8 - - - -] Invoking delete_volume using DELETE url: /api/v2/projects/default/volumes/59b16b16-4f6b-4ab0-8a6c-23362906cd18?             request.body:  ssl_verify: False
2026-09-01 09:58:21.236 87 WARNING py.warnings [None req-85a337de-3d65-423b-90de-34a899f5ac42 622e8187a7114f7486e7c41bc6decefe a915e6b437ee4e12a8c2b98409e873b8 - - - -] /var/lib/kolla/venv/lib/python3.12/site-packages/urllib3/connectionpool.py:1110: InsecureRequestWarning: Unverified HTTPS request is being made to host '[LB_IP_ADDRESS]'. Adding certificate verification is strongly advised. See: https://urllib3.readthedocs.io/en/latest/advanced-usage.html#tls-warnings
  warnings.warn(
: NotImplementedError
2026-09-01 09:58:21.260 87 INFO cinder.volume.drivers.lightos [None req-85a337de-3d65-423b-90de-34a899f5ac42 622e8187a7114f7486e7c41bc6decefe a915e6b437ee4e12a8c2b98409e873b8 - - - -] Invoking get_volume using GET url: /api/v2/projects/default/volumes/59b16b16-4f6b-4ab0-8a6c-23362906cd18             request.body: {} ssl_verify: False
2026-09-01 09:58:21.345 87 WARNING py.warnings [None req-85a337de-3d65-423b-90de-34a899f5ac42 622e8187a7114f7486e7c41bc6decefe a915e6b437ee4e12a8c2b98409e873b8 - - - -] /var/lib/kolla/venv/lib/python3.12/site-packages/urllib3/connectionpool.py:1110: InsecureRequestWarning: Unverified HTTPS request is being made to host '[LB_IP_ADDRESS]'. Adding certificate verification is strongly advised. See: https://urllib3.readthedocs.io/en/latest/advanced-usage.html#tls-warnings
  warnings.warn(
: NotImplementedError
2026-09-01 09:58:21.398 87 INFO cinder.volume.manager [None req-915756b9-ef0e-4ed0-82f4-094792db70ad 0ede542a83ad4b90b002758d195aec21 4e8c00cb52254b6ab5eed5b347835930 - - - -] Delete group completed successfully.
2026-09-01 09:58:21.667 87 WARNING cinder.quota [None req-85a337de-3d65-423b-90de-34a899f5ac42 622e8187a7114f7486e7c41bc6decefe a915e6b437ee4e12a8c2b98409e873b8 - - - -] Deprecated: Default quota for resource: volumes_tempest-GroupsTest-volume-type-890003936 is set by the default quota flag: quota_volumes_tempest-GroupsTest-volume-type-890003936, it is now deprecated. Please use the default quota class for default quota.
2026-09-01 09:58:21.668 87 WARNING cinder.quota [None req-85a337de-3d65-423b-90de-34a899f5ac42 622e8187a7114f7486e7c41bc6decefe a915e6b437ee4e12a8c2b98409e873b8 - - - -] Deprecated: Default quota for resource: gigabytes_tempest-GroupsTest-volume-type-890003936 is set by the default quota flag: quota_gigabytes_tempest-GroupsTest-volume-type-890003936, it is now deprecated. Please use the default quota class for default quota.
2026-09-01 09:58:21.760 87 INFO cinder.volume.manager [None req-85a337de-3d65-423b-90de-34a899f5ac42 622e8187a7114f7486e7c41bc6decefe a915e6b437ee4e12a8c2b98409e873b8 - - - -] Delete group completed successfully.
2026-09-01 09:58:22.472 87 INFO cinder.volume.manager [None req-e26b6653-a324-4b61-b6b3-a4f229cbc0b6 622e8187a7114f7486e7c41bc6decefe a915e6b437ee4e12a8c2b98409e873b8 - - - -] Delete group completed successfully.
2026-09-01 09:58:23.048 87 INFO cinder.volume.manager [None req-3e68fc47-e692-416f-9342-c141bba7a3b7 0ede542a83ad4b90b002758d195aec21 4e8c00cb52254b6ab5eed5b347835930 - - - -] Group tempest-GroupSnapshotsTest-Group-1317784115: creating
2026-09-01 09:58:23.067 87 INFO cinder.volume.manager [None req-3e68fc47-e692-416f-9342-c141bba7a3b7 0ede542a83ad4b90b002758d195aec21 4e8c00cb52254b6ab5eed5b347835930 - - - -] Group tempest-GroupSnapshotsTest-Group-1317784115: created successfully
2026-09-01 09:58:23.076 87 INFO cinder.volume.manager [None req-3e68fc47-e692-416f-9342-c141bba7a3b7 0ede542a83ad4b90b002758d195aec21 4e8c00cb52254b6ab5eed5b347835930 - - - -] Create group completed successfully.
2026-09-01 09:58:23.949 87 INFO cinder.volume.manager [None req-e3ccd62e-54ad-483b-a54c-11e14fe61674 622e8187a7114f7486e7c41bc6decefe a915e6b437ee4e12a8c2b98409e873b8 - - - -] Group tempest-GroupsTest-Group-456355614: creating
2026-09-01 09:58:23.968 87 INFO cinder.volume.manager [None req-e3ccd62e-54ad-483b-a54c-11e14fe61674 622e8187a7114f7486e7c41bc6decefe a915e6b437ee4e12a8c2b98409e873b8 - - - -] Group tempest-GroupsTest-Group-456355614: created successfully
2026-09-01 09:58:23.978 87 INFO cinder.volume.manager [None req-e3ccd62e-54ad-483b-a54c-11e14fe61674 622e8187a7114f7486e7c41bc6decefe a915e6b437ee4e12a8c2b98409e873b8 - - - -] Create group completed successfully.
2026-09-01 09:58:24.796 87 INFO cinder.volume.flows.manager.create_volume [None req-8cb62683-79fd-46b3-b355-e09a34bd3f6c 0ede542a83ad4b90b002758d195aec21 4e8c00cb52254b6ab5eed5b347835930 - - - -] Volume d27edc5d-3cf1-40ec-a0a8-8725677fd8cf: being created as raw with specification: {'status': 'creating', 'volume_name': 'vol_d27edc5d-3cf1-40ec-a0a8-8725677fd8cf', 'volume_size': 1}
2026-09-01 09:58:24.797 87 INFO cinder.volume.drivers.lightos [None req-8cb62683-79fd-46b3-b355-e09a34bd3f6c 0ede542a83ad4b90b002758d195aec21 4e8c00cb52254b6ab5eed5b347835930 - - - -] Invoking get_volume_by_name using GET url: /api/v2/projects/default/volumes/?name=vol_d27edc5d-3cf1-40ec-a0a8-8725677fd8cf             request.body: {} ssl_verify: False
2026-09-01 09:58:24.885 87 WARNING py.warnings [None req-8cb62683-79fd-46b3-b355-e09a34bd3f6c 0ede542a83ad4b90b002758d195aec21 4e8c00cb52254b6ab5eed5b347835930 - - - -] /var/lib/kolla/venv/lib/python3.12/site-packages/urllib3/connectionpool.py:1110: InsecureRequestWarning: Unverified HTTPS request is being made to host '[LB_IP_ADDRESS]'. Adding certificate verification is strongly advised. See: https://urllib3.readthedocs.io/en/latest/advanced-usage.html#tls-warnings
  warnings.warn(

2026-09-01 09:58:24.898 87 INFO cinder.volume.drivers.lightos [None req-8cb62683-79fd-46b3-b355-e09a34bd3f6c 0ede542a83ad4b90b002758d195aec21 4e8c00cb52254b6ab5eed5b347835930 - - - -] Invoking create_volume using POST url: /api/v2/projects/default/volumes             request.body: {'name': 'vol_d27edc5d-3cf1-40ec-a0a8-8725677fd8cf', 'size': '1 gib', 'replicaCount': '3', 'compression': 'False', 'acl': {'values': ['ALLOW_NONE']}, 'IPAcl': {'values': ['ALLOW_NONE']}, 'sourceSnapshotUUID': None, 'sourceSnapshotName': None} ssl_verify: False
2026-09-01 09:58:24.989 87 WARNING py.warnings [None req-8cb62683-79fd-46b3-b355-e09a34bd3f6c 0ede542a83ad4b90b002758d195aec21 4e8c00cb52254b6ab5eed5b347835930 - - - -] /var/lib/kolla/venv/lib/python3.12/site-packages/urllib3/connectionpool.py:1110: InsecureRequestWarning: Unverified HTTPS request is being made to host '[LB_IP_ADDRESS]'. Adding certificate verification is strongly advised. See: https://urllib3.readthedocs.io/en/latest/advanced-usage.html#tls-warnings
  warnings.warn(

2026-09-01 09:58:25.019 87 INFO cinder.volume.drivers.lightos [None req-8cb62683-79fd-46b3-b355-e09a34bd3f6c 0ede542a83ad4b90b002758d195aec21 4e8c00cb52254b6ab5eed5b347835930 - - - -] Invoking get_volume using GET url: /api/v2/projects/default/volumes/f7fed9e9-038c-4917-b602-89aabb1d9ea8             request.body: {} ssl_verify: False
2026-09-01 09:58:25.106 87 WARNING py.warnings [None req-8cb62683-79fd-46b3-b355-e09a34bd3f6c 0ede542a83ad4b90b002758d195aec21 4e8c00cb52254b6ab5eed5b347835930 - - - -] /var/lib/kolla/venv/lib/python3.12/site-packages/urllib3/connectionpool.py:1110: InsecureRequestWarning: Unverified HTTPS request is being made to host '[LB_IP_ADDRESS]'. Adding certificate verification is strongly advised. See: https://urllib3.readthedocs.io/en/latest/advanced-usage.html#tls-warnings
  warnings.warn(

2026-09-01 09:58:25.137 87 INFO cinder.volume.flows.manager.create_volume [None req-8cb62683-79fd-46b3-b355-e09a34bd3f6c 0ede542a83ad4b90b002758d195aec21 4e8c00cb52254b6ab5eed5b347835930 - - - -] Volume vol_d27edc5d-3cf1-40ec-a0a8-8725677fd8cf (d27edc5d-3cf1-40ec-a0a8-8725677fd8cf): created successfully
2026-09-01 09:58:25.149 87 INFO cinder.volume.manager [None req-8cb62683-79fd-46b3-b355-e09a34bd3f6c 0ede542a83ad4b90b002758d195aec21 4e8c00cb52254b6ab5eed5b347835930 - - - -] Created volume successfully.
2026-09-01 09:58:25.714 87 INFO cinder.volume.flows.manager.create_volume [None req-921b7fea-dcef-4da3-9fb7-b99515d87db5 622e8187a7114f7486e7c41bc6decefe a915e6b437ee4e12a8c2b98409e873b8 - - - -] Volume 931da65c-1b8c-4fa0-9699-b4048373438c: being created as raw with specification: {'status': 'creating', 'volume_name': 'vol_931da65c-1b8c-4fa0-9699-b4048373438c', 'volume_size': 1}
2026-09-01 09:58:25.714 87 INFO cinder.volume.drivers.lightos [None req-921b7fea-dcef-4da3-9fb7-b99515d87db5 622e8187a7114f7486e7c41bc6decefe a915e6b437ee4e12a8c2b98409e873b8 - - - -] Invoking get_volume_by_name using GET url: /api/v2/projects/default/volumes/?name=vol_931da65c-1b8c-4fa0-9699-b4048373438c             request.body: {} ssl_verify: False
2026-09-01 09:58:25.798 87 WARNING py.warnings [None req-921b7fea-dcef-4da3-9fb7-b99515d87db5 622e8187a7114f7486e7c41bc6decefe a915e6b437ee4e12a8c2b98409e873b8 - - - -] /var/lib/kolla/venv/lib/python3.12/site-packages/urllib3/connectionpool.py:1110: InsecureRequestWarning: Unverified HTTPS request is being made to host '[LB_IP_ADDRESS]'. Adding certificate verification is strongly advised. See: https://urllib3.readthedocs.io/en/latest/advanced-usage.html#tls-warnings
  warnings.warn(

2026-09-01 09:58:25.808 87 INFO cinder.volume.drivers.lightos [None req-921b7fea-dcef-4da3-9fb7-b99515d87db5 622e8187a7114f7486e7c41bc6decefe a915e6b437ee4e12a8c2b98409e873b8 - - - -] Invoking create_volume using POST url: /api/v2/projects/default/volumes             request.body: {'name': 'vol_931da65c-1b8c-4fa0-9699-b4048373438c', 'size': '1 gib', 'replicaCount': '3', 'compression': 'False', 'acl': {'values': ['ALLOW_NONE']}, 'IPAcl': {'values': ['ALLOW_NONE']}, 'sourceSnapshotUUID': None, 'sourceSnapshotName': None} ssl_verify: False
2026-09-01 09:58:25.891 87 WARNING py.warnings [None req-921b7fea-dcef-4da3-9fb7-b99515d87db5 622e8187a7114f7486e7c41bc6decefe a915e6b437ee4e12a8c2b98409e873b8 - - - -] /var/lib/kolla/venv/lib/python3.12/site-packages/urllib3/connectionpool.py:1110: InsecureRequestWarning: Unverified HTTPS request is being made to host '[LB_IP_ADDRESS]'. Adding certificate verification is strongly advised. See: https://urllib3.readthedocs.io/en/latest/advanced-usage.html#tls-warnings
  warnings.warn(

2026-09-01 09:58:25.918 87 INFO cinder.volume.drivers.lightos [None req-921b7fea-dcef-4da3-9fb7-b99515d87db5 622e8187a7114f7486e7c41bc6decefe a915e6b437ee4e12a8c2b98409e873b8 - - - -] Invoking get_volume using GET url: /api/v2/projects/default/volumes/54b77c00-f36d-4a5f-8fa1-791d5dbf1649             request.body: {} ssl_verify: False
2026-09-01 09:58:26.000 87 WARNING py.warnings [None req-921b7fea-dcef-4da3-9fb7-b99515d87db5 622e8187a7114f7486e7c41bc6decefe a915e6b437ee4e12a8c2b98409e873b8 - - - -] /var/lib/kolla/venv/lib/python3.12/site-packages/urllib3/connectionpool.py:1110: InsecureRequestWarning: Unverified HTTPS request is being made to host '[LB_IP_ADDRESS]'. Adding certificate verification is strongly advised. See: https://urllib3.readthedocs.io/en/latest/advanced-usage.html#tls-warnings
  warnings.warn(

2026-09-01 09:58:26.034 87 INFO cinder.volume.flows.manager.create_volume [None req-921b7fea-dcef-4da3-9fb7-b99515d87db5 622e8187a7114f7486e7c41bc6decefe a915e6b437ee4e12a8c2b98409e873b8 - - - -] Volume vol_931da65c-1b8c-4fa0-9699-b4048373438c (931da65c-1b8c-4fa0-9699-b4048373438c): created successfully
2026-09-01 09:58:26.047 87 INFO cinder.volume.manager [None req-921b7fea-dcef-4da3-9fb7-b99515d87db5 622e8187a7114f7486e7c41bc6decefe a915e6b437ee4e12a8c2b98409e873b8 - - - -] Created volume successfully.
2026-09-01 09:58:26.264 87 INFO cinder.volume.manager [None req-fff536a6-3262-4e3b-b26e-b76e5c8313ee 0ede542a83ad4b90b002758d195aec21 4e8c00cb52254b6ab5eed5b347835930 - - - -] GroupSnapshot 78ae2b0b-4ec3-4609-a4ae-9138427f6e4d: creating.
2026-09-01 09:58:26.302 87 INFO cinder.volume.drivers.lightos [None req-fff536a6-3262-4e3b-b26e-b76e5c8313ee 0ede542a83ad4b90b002758d195aec21 4e8c00cb52254b6ab5eed5b347835930 - - - -] Invoking get_snapshot_by_name using GET url: /api/v2/projects/default/snapshots/?Name=snapshot-9233da5c-7a9c-4a5a-9c34-4e99c72f801f             request.body: {} ssl_verify: False
2026-09-01 09:58:26.386 87 WARNING py.warnings [None req-fff536a6-3262-4e3b-b26e-b76e5c8313ee 0ede542a83ad4b90b002758d195aec21 4e8c00cb52254b6ab5eed5b347835930 - - - -] /var/lib/kolla/venv/lib/python3.12/site-packages/urllib3/connectionpool.py:1110: InsecureRequestWarning: Unverified HTTPS request is being made to host '[LB_IP_ADDRESS]'. Adding certificate verification is strongly advised. See: https://urllib3.readthedocs.io/en/latest/advanced-usage.html#tls-warnings
  warnings.warn(
: NotImplementedError
2026-09-01 09:58:26.396 87 INFO cinder.volume.drivers.lightos [None req-fff536a6-3262-4e3b-b26e-b76e5c8313ee 0ede542a83ad4b90b002758d195aec21 4e8c00cb52254b6ab5eed5b347835930 - - - -] Invoking create_snapshot using POST url: /api/v2/projects/default/snapshots             request.body: {'name': 'snapshot-9233da5c-7a9c-4a5a-9c34-4e99c72f801f', 'sourceVolumeUUID': None, 'sourceVolumeName': 'vol_d27edc5d-3cf1-40ec-a0a8-8725677fd8cf'} ssl_verify: False
2026-09-01 09:58:26.480 87 WARNING py.warnings [None req-fff536a6-3262-4e3b-b26e-b76e5c8313ee 0ede542a83ad4b90b002758d195aec21 4e8c00cb52254b6ab5eed5b347835930 - - - -] /var/lib/kolla/venv/lib/python3.12/site-packages/urllib3/connectionpool.py:1110: InsecureRequestWarning: Unverified HTTPS request is being made to host '[LB_IP_ADDRESS]'. Adding certificate verification is strongly advised. See: https://urllib3.readthedocs.io/en/latest/advanced-usage.html#tls-warnings
  warnings.warn(
: NotImplementedError
2026-09-01 09:58:26.529 87 INFO cinder.volume.drivers.lightos [None req-fff536a6-3262-4e3b-b26e-b76e5c8313ee 0ede542a83ad4b90b002758d195aec21 4e8c00cb52254b6ab5eed5b347835930 - - - -] Invoking get_snapshot_by_name using GET url: /api/v2/projects/default/snapshots/?Name=snapshot-9233da5c-7a9c-4a5a-9c34-4e99c72f801f             request.body: {} ssl_verify: False
2026-09-01 09:58:26.612 87 WARNING py.warnings [None req-fff536a6-3262-4e3b-b26e-b76e5c8313ee 0ede542a83ad4b90b002758d195aec21 4e8c00cb52254b6ab5eed5b347835930 - - - -] /var/lib/kolla/venv/lib/python3.12/site-packages/urllib3/connectionpool.py:1110: InsecureRequestWarning: Unverified HTTPS request is being made to host '[LB_IP_ADDRESS]'. Adding certificate verification is strongly advised. See: https://urllib3.readthedocs.io/en/latest/advanced-usage.html#tls-warnings
  warnings.warn(
: NotImplementedError
2026-09-01 09:58:27.604 87 INFO cinder.volume.flows.manager.create_volume [None req-6894e9c9-1055-47d9-9c00-d7e530d499f2 622e8187a7114f7486e7c41bc6decefe a915e6b437ee4e12a8c2b98409e873b8 - - - -] Volume 9ab8873c-b3a8-401a-a45c-0090150d29d9: being created as raw with specification: {'status': 'creating', 'volume_name': 'vol_9ab8873c-b3a8-401a-a45c-0090150d29d9', 'volume_size': 1}
2026-09-01 09:58:27.605 87 INFO cinder.volume.drivers.lightos [None req-6894e9c9-1055-47d9-9c00-d7e530d499f2 622e8187a7114f7486e7c41bc6decefe a915e6b437ee4e12a8c2b98409e873b8 - - - -] Invoking get_volume_by_name using GET url: /api/v2/projects/default/volumes/?name=vol_9ab8873c-b3a8-401a-a45c-0090150d29d9             request.body: {} ssl_verify: False
2026-09-01 09:58:27.680 87 INFO cinder.volume.drivers.lightos [None req-fff536a6-3262-4e3b-b26e-b76e5c8313ee 0ede542a83ad4b90b002758d195aec21 4e8c00cb52254b6ab5eed5b347835930 - - - -] Invoking get_snapshot_by_name using GET url: /api/v2/projects/default/snapshots/?Name=snapshot-9233da5c-7a9c-4a5a-9c34-4e99c72f801f             request.body: {} ssl_verify: False
2026-09-01 09:58:27.759 87 WARNING py.warnings [None req-6894e9c9-1055-47d9-9c00-d7e530d499f2 622e8187a7114f7486e7c41bc6decefe a915e6b437ee4e12a8c2b98409e873b8 - - - -] /var/lib/kolla/venv/lib/python3.12/site-packages/urllib3/connectionpool.py:1110: InsecureRequestWarning: Unverified HTTPS request is being made to host '[LB_IP_ADDRESS]'. Adding certificate verification is strongly advised. See: https://urllib3.readthedocs.io/en/latest/advanced-usage.html#tls-warnings
  warnings.warn(

2026-09-01 09:58:27.765 87 WARNING py.warnings [None req-fff536a6-3262-4e3b-b26e-b76e5c8313ee 0ede542a83ad4b90b002758d195aec21 4e8c00cb52254b6ab5eed5b347835930 - - - -] /var/lib/kolla/venv/lib/python3.12/site-packages/urllib3/connectionpool.py:1110: InsecureRequestWarning: Unverified HTTPS request is being made to host '[LB_IP_ADDRESS]'. Adding certificate verification is strongly advised. See: https://urllib3.readthedocs.io/en/latest/advanced-usage.html#tls-warnings
  warnings.warn(
: NotImplementedError
2026-09-01 09:58:27.772 87 INFO cinder.volume.drivers.lightos [None req-6894e9c9-1055-47d9-9c00-d7e530d499f2 622e8187a7114f7486e7c41bc6decefe a915e6b437ee4e12a8c2b98409e873b8 - - - -] Invoking create_volume using POST url: /api/v2/projects/default/volumes             request.body: {'name': 'vol_9ab8873c-b3a8-401a-a45c-0090150d29d9', 'size': '1 gib', 'replicaCount': '3', 'compression': 'False', 'acl': {'values': ['ALLOW_NONE']}, 'IPAcl': {'values': ['ALLOW_NONE']}, 'sourceSnapshotUUID': None, 'sourceSnapshotName': None} ssl_verify: False
2026-09-01 09:58:27.854 87 WARNING py.warnings [None req-6894e9c9-1055-47d9-9c00-d7e530d499f2 622e8187a7114f7486e7c41bc6decefe a915e6b437ee4e12a8c2b98409e873b8 - - - -] /var/lib/kolla/venv/lib/python3.12/site-packages/urllib3/connectionpool.py:1110: InsecureRequestWarning: Unverified HTTPS request is being made to host '[LB_IP_ADDRESS]'. Adding certificate verification is strongly advised. See: https://urllib3.readthedocs.io/en/latest/advanced-usage.html#tls-warnings
  warnings.warn(

2026-09-01 09:58:27.879 87 INFO cinder.volume.drivers.lightos [None req-6894e9c9-1055-47d9-9c00-d7e530d499f2 622e8187a7114f7486e7c41bc6decefe a915e6b437ee4e12a8c2b98409e873b8 - - - -] Invoking get_volume using GET url: /api/v2/projects/default/volumes/3380a512-9c21-412c-976d-3661c6003ac4             request.body: {} ssl_verify: False
2026-09-01 09:58:27.962 87 WARNING py.warnings [None req-6894e9c9-1055-47d9-9c00-d7e530d499f2 622e8187a7114f7486e7c41bc6decefe a915e6b437ee4e12a8c2b98409e873b8 - - - -] /var/lib/kolla/venv/lib/python3.12/site-packages/urllib3/connectionpool.py:1110: InsecureRequestWarning: Unverified HTTPS request is being made to host '[LB_IP_ADDRESS]'. Adding certificate verification is strongly advised. See: https://urllib3.readthedocs.io/en/latest/advanced-usage.html#tls-warnings
  warnings.warn(

2026-09-01 09:58:27.994 87 INFO cinder.volume.manager [None req-fff536a6-3262-4e3b-b26e-b76e5c8313ee 0ede542a83ad4b90b002758d195aec21 4e8c00cb52254b6ab5eed5b347835930 - - - -] group_snapshot 78ae2b0b-4ec3-4609-a4ae-9138427f6e4d: created successfully
2026-09-01 09:58:27.999 87 INFO cinder.volume.flows.manager.create_volume [None req-6894e9c9-1055-47d9-9c00-d7e530d499f2 622e8187a7114f7486e7c41bc6decefe a915e6b437ee4e12a8c2b98409e873b8 - - - -] Volume vol_9ab8873c-b3a8-401a-a45c-0090150d29d9 (9ab8873c-b3a8-401a-a45c-0090150d29d9): created successfully
2026-09-01 09:58:28.015 87 INFO cinder.volume.manager [None req-6894e9c9-1055-47d9-9c00-d7e530d499f2 622e8187a7114f7486e7c41bc6decefe a915e6b437ee4e12a8c2b98409e873b8 - - - -] Created volume successfully.
2026-09-01 09:58:28.515 87 INFO cinder.volume.manager [None req-5e3db198-a334-4422-b2ae-d163151ef6fb 0ede542a83ad4b90b002758d195aec21 4e8c00cb52254b6ab5eed5b347835930 - - - -] group_snapshot 78ae2b0b-4ec3-4609-a4ae-9138427f6e4d: deleting
2026-09-01 09:58:28.552 87 INFO cinder.volume.drivers.lightos [None req-5e3db198-a334-4422-b2ae-d163151ef6fb 0ede542a83ad4b90b002758d195aec21 4e8c00cb52254b6ab5eed5b347835930 - - - -] Invoking get_snapshot_by_name using GET url: /api/v2/projects/default/snapshots/?Name=snapshot-9233da5c-7a9c-4a5a-9c34-4e99c72f801f             request.body: {} ssl_verify: False
2026-09-01 09:58:28.634 87 WARNING py.warnings [None req-5e3db198-a334-4422-b2ae-d163151ef6fb 0ede542a83ad4b90b002758d195aec21 4e8c00cb52254b6ab5eed5b347835930 - - - -] /var/lib/kolla/venv/lib/python3.12/site-packages/urllib3/connectionpool.py:1110: InsecureRequestWarning: Unverified HTTPS request is being made to host '[LB_IP_ADDRESS]'. Adding certificate verification is strongly advised. See: https://urllib3.readthedocs.io/en/latest/advanced-usage.html#tls-warnings
  warnings.warn(
: NotImplementedError
2026-09-01 09:58:28.646 87 INFO cinder.volume.drivers.lightos [None req-5e3db198-a334-4422-b2ae-d163151ef6fb 0ede542a83ad4b90b002758d195aec21 4e8c00cb52254b6ab5eed5b347835930 - - - -] Invoking delete_snapshot using DELETE url: /api/v2/projects/default/snapshots/4f741268-9fd6-4679-9e98-d62e44723e8a?             request.body:  ssl_verify: False
2026-09-01 09:58:28.731 87 WARNING py.warnings [None req-5e3db198-a334-4422-b2ae-d163151ef6fb 0ede542a83ad4b90b002758d195aec21 4e8c00cb52254b6ab5eed5b347835930 - - - -] /var/lib/kolla/venv/lib/python3.12/site-packages/urllib3/connectionpool.py:1110: InsecureRequestWarning: Unverified HTTPS request is being made to host '[LB_IP_ADDRESS]'. Adding certificate verification is strongly advised. See: https://urllib3.readthedocs.io/en/latest/advanced-usage.html#tls-warnings
  warnings.warn(
: NotImplementedError
2026-09-01 09:58:28.754 87 INFO cinder.volume.drivers.lightos [None req-5e3db198-a334-4422-b2ae-d163151ef6fb 0ede542a83ad4b90b002758d195aec21 4e8c00cb52254b6ab5eed5b347835930 - - - -] Invoking get_snapshot using GET url: /api/v2/projects/default/snapshots/4f741268-9fd6-4679-9e98-d62e44723e8a             request.body: {} ssl_verify: False
2026-09-01 09:58:28.837 87 WARNING py.warnings [None req-5e3db198-a334-4422-b2ae-d163151ef6fb 0ede542a83ad4b90b002758d195aec21 4e8c00cb52254b6ab5eed5b347835930 - - - -] /var/lib/kolla/venv/lib/python3.12/site-packages/urllib3/connectionpool.py:1110: InsecureRequestWarning: Unverified HTTPS request is being made to host '[LB_IP_ADDRESS]'. Adding certificate verification is strongly advised. See: https://urllib3.readthedocs.io/en/latest/advanced-usage.html#tls-warnings
  warnings.warn(
: NotImplementedError
2026-09-01 09:58:28.863 87 INFO cinder.volume.manager [None req-f4ce2f30-d50f-4da5-976e-66dc1d5e5f34 622e8187a7114f7486e7c41bc6decefe a915e6b437ee4e12a8c2b98409e873b8 - - - -] Update group completed successfully.
2026-09-01 09:58:29.045 87 WARNING cinder.quota [None req-5e3db198-a334-4422-b2ae-d163151ef6fb 0ede542a83ad4b90b002758d195aec21 4e8c00cb52254b6ab5eed5b347835930 - - - -] Deprecated: Default quota for resource: gigabytes_tempest-GroupSnapshotsTest-volume-type-1460390862 is set by the default quota flag: quota_gigabytes_tempest-GroupSnapshotsTest-volume-type-1460390862, it is now deprecated. Please use the default quota class for default quota.
2026-09-01 09:58:29.046 87 WARNING cinder.quota [None req-5e3db198-a334-4422-b2ae-d163151ef6fb 0ede542a83ad4b90b002758d195aec21 4e8c00cb52254b6ab5eed5b347835930 - - - -] Deprecated: Default quota for resource: snapshots_tempest-GroupSnapshotsTest-volume-type-1460390862 is set by the default quota flag: quota_snapshots_tempest-GroupSnapshotsTest-volume-type-1460390862, it is now deprecated. Please use the default quota class for default quota.
2026-09-01 09:58:29.099 87 INFO cinder.volume.manager [None req-5e3db198-a334-4422-b2ae-d163151ef6fb 0ede542a83ad4b90b002758d195aec21 4e8c00cb52254b6ab5eed5b347835930 - - - -] group_snapshot 78ae2b0b-4ec3-4609-a4ae-9138427f6e4d: deleted successfully
2026-09-01 09:58:29.872 87 INFO cinder.volume.drivers.lightos [None req-4e3c339a-39cb-47b5-890b-b6c3ccaefd67 0ede542a83ad4b90b002758d195aec21 4e8c00cb52254b6ab5eed5b347835930 - - - -] Invoking delete_volume using DELETE url: /api/v2/projects/default/volumes/f7fed9e9-038c-4917-b602-89aabb1d9ea8?             request.body:  ssl_verify: False
2026-09-01 09:58:29.957 87 WARNING py.warnings [None req-4e3c339a-39cb-47b5-890b-b6c3ccaefd67 0ede542a83ad4b90b002758d195aec21 4e8c00cb52254b6ab5eed5b347835930 - - - -] /var/lib/kolla/venv/lib/python3.12/site-packages/urllib3/connectionpool.py:1110: InsecureRequestWarning: Unverified HTTPS request is being made to host '[LB_IP_ADDRESS]'. Adding certificate verification is strongly advised. See: https://urllib3.readthedocs.io/en/latest/advanced-usage.html#tls-warnings
  warnings.warn(
: NotImplementedError
2026-09-01 09:58:29.982 87 INFO cinder.volume.drivers.lightos [None req-4e3c339a-39cb-47b5-890b-b6c3ccaefd67 0ede542a83ad4b90b002758d195aec21 4e8c00cb52254b6ab5eed5b347835930 - - - -] Invoking get_volume using GET url: /api/v2/projects/default/volumes/f7fed9e9-038c-4917-b602-89aabb1d9ea8             request.body: {} ssl_verify: False
2026-09-01 09:58:30.066 87 WARNING py.warnings [None req-4e3c339a-39cb-47b5-890b-b6c3ccaefd67 0ede542a83ad4b90b002758d195aec21 4e8c00cb52254b6ab5eed5b347835930 - - - -] /var/lib/kolla/venv/lib/python3.12/site-packages/urllib3/connectionpool.py:1110: InsecureRequestWarning: Unverified HTTPS request is being made to host '[LB_IP_ADDRESS]'. Adding certificate verification is strongly advised. See: https://urllib3.readthedocs.io/en/latest/advanced-usage.html#tls-warnings
  warnings.warn(
: NotImplementedError
2026-09-01 09:58:30.099 87 INFO cinder.volume.manager [None req-64200ecc-7bb6-45ed-a70f-3f9de34593a9 622e8187a7114f7486e7c41bc6decefe a915e6b437ee4e12a8c2b98409e873b8 - - - -] Update group completed successfully.
2026-09-01 09:58:30.376 87 WARNING cinder.quota [None req-4e3c339a-39cb-47b5-890b-b6c3ccaefd67 0ede542a83ad4b90b002758d195aec21 4e8c00cb52254b6ab5eed5b347835930 - - - -] Deprecated: Default quota for resource: volumes_tempest-GroupSnapshotsTest-volume-type-1460390862 is set by the default quota flag: quota_volumes_tempest-GroupSnapshotsTest-volume-type-1460390862, it is now deprecated. Please use the default quota class for default quota.
2026-09-01 09:58:30.466 87 INFO cinder.volume.manager [None req-4e3c339a-39cb-47b5-890b-b6c3ccaefd67 0ede542a83ad4b90b002758d195aec21 4e8c00cb52254b6ab5eed5b347835930 - - - -] Delete group completed successfully.
2026-09-01 09:58:31.303 87 INFO cinder.volume.drivers.lightos [None req-9534900c-45a2-4d90-9ff7-ca510dee8479 622e8187a7114f7486e7c41bc6decefe a915e6b437ee4e12a8c2b98409e873b8 - - - -] Invoking delete_volume using DELETE url: /api/v2/projects/default/volumes/54b77c00-f36d-4a5f-8fa1-791d5dbf1649?             request.body:  ssl_verify: False
2026-09-01 09:58:31.386 87 WARNING py.warnings [None req-9534900c-45a2-4d90-9ff7-ca510dee8479 622e8187a7114f7486e7c41bc6decefe a915e6b437ee4e12a8c2b98409e873b8 - - - -] /var/lib/kolla/venv/lib/python3.12/site-packages/urllib3/connectionpool.py:1110: InsecureRequestWarning: Unverified HTTPS request is being made to host '[LB_IP_ADDRESS]'. Adding certificate verification is strongly advised. See: https://urllib3.readthedocs.io/en/latest/advanced-usage.html#tls-warnings
  warnings.warn(
: NotImplementedError
2026-09-01 09:58:31.411 87 INFO cinder.volume.drivers.lightos [None req-9534900c-45a2-4d90-9ff7-ca510dee8479 622e8187a7114f7486e7c41bc6decefe a915e6b437ee4e12a8c2b98409e873b8 - - - -] Invoking get_volume using GET url: /api/v2/projects/default/volumes/54b77c00-f36d-4a5f-8fa1-791d5dbf1649             request.body: {} ssl_verify: False
2026-09-01 09:58:31.493 87 WARNING py.warnings [None req-9534900c-45a2-4d90-9ff7-ca510dee8479 622e8187a7114f7486e7c41bc6decefe a915e6b437ee4e12a8c2b98409e873b8 - - - -] /var/lib/kolla/venv/lib/python3.12/site-packages/urllib3/connectionpool.py:1110: InsecureRequestWarning: Unverified HTTPS request is being made to host '[LB_IP_ADDRESS]'. Adding certificate verification is strongly advised. See: https://urllib3.readthedocs.io/en/latest/advanced-usage.html#tls-warnings
  warnings.warn(
: NotImplementedError
2026-09-01 09:58:31.502 87 INFO cinder.volume.drivers.lightos [None req-9534900c-45a2-4d90-9ff7-ca510dee8479 622e8187a7114f7486e7c41bc6decefe a915e6b437ee4e12a8c2b98409e873b8 - - - -] Invoking delete_volume using DELETE url: /api/v2/projects/default/volumes/3380a512-9c21-412c-976d-3661c6003ac4?             request.body:  ssl_verify: False
2026-09-01 09:58:31.584 87 WARNING py.warnings [None req-9534900c-45a2-4d90-9ff7-ca510dee8479 622e8187a7114f7486e7c41bc6decefe a915e6b437ee4e12a8c2b98409e873b8 - - - -] /var/lib/kolla/venv/lib/python3.12/site-packages/urllib3/connectionpool.py:1110: InsecureRequestWarning: Unverified HTTPS request is being made to host '[LB_IP_ADDRESS]'. Adding certificate verification is strongly advised. See: https://urllib3.readthedocs.io/en/latest/advanced-usage.html#tls-warnings
  warnings.warn(
: NotImplementedError
2026-09-01 09:58:31.607 87 INFO cinder.volume.drivers.lightos [None req-9534900c-45a2-4d90-9ff7-ca510dee8479 622e8187a7114f7486e7c41bc6decefe a915e6b437ee4e12a8c2b98409e873b8 - - - -] Invoking get_volume using GET url: /api/v2/projects/default/volumes/3380a512-9c21-412c-976d-3661c6003ac4             request.body: {} ssl_verify: False
2026-09-01 09:58:31.690 87 WARNING py.warnings [None req-9534900c-45a2-4d90-9ff7-ca510dee8479 622e8187a7114f7486e7c41bc6decefe a915e6b437ee4e12a8c2b98409e873b8 - - - -] /var/lib/kolla/venv/lib/python3.12/site-packages/urllib3/connectionpool.py:1110: InsecureRequestWarning: Unverified HTTPS request is being made to host '[LB_IP_ADDRESS]'. Adding certificate verification is strongly advised. See: https://urllib3.readthedocs.io/en/latest/advanced-usage.html#tls-warnings
  warnings.warn(
: NotImplementedError
2026-09-01 09:58:32.027 87 WARNING cinder.quota [None req-9534900c-45a2-4d90-9ff7-ca510dee8479 622e8187a7114f7486e7c41bc6decefe a915e6b437ee4e12a8c2b98409e873b8 - - - -] Deprecated: Default quota for resource: volumes_tempest-GroupsTest-volume-type-1226946303 is set by the default quota flag: quota_volumes_tempest-GroupsTest-volume-type-1226946303, it is now deprecated. Please use the default quota class for default quota.
2026-09-01 09:58:32.028 87 WARNING cinder.quota [None req-9534900c-45a2-4d90-9ff7-ca510dee8479 622e8187a7114f7486e7c41bc6decefe a915e6b437ee4e12a8c2b98409e873b8 - - - -] Deprecated: Default quota for resource: gigabytes_tempest-GroupsTest-volume-type-1226946303 is set by the default quota flag: quota_gigabytes_tempest-GroupsTest-volume-type-1226946303, it is now deprecated. Please use the default quota class for default quota.
2026-09-01 09:58:32.314 87 INFO cinder.volume.manager [None req-9534900c-45a2-4d90-9ff7-ca510dee8479 622e8187a7114f7486e7c41bc6decefe a915e6b437ee4e12a8c2b98409e873b8 - - - -] Delete group completed successfully.
2026-09-01 09:58:36.521 87 INFO cinder.volume.flows.manager.create_volume [None req-b1db183d-a1e4-49aa-b7b0-28df4d220612 b0b398b6c57b4fcf99fffd6d07f0879f 85c04968af53404b9fc5c84b181cf30c - - - -] Volume 31657cae-51c6-4b41-a5f0-583d05312eb8: being created as raw with specification: {'status': 'creating', 'volume_name': 'vol_31657cae-51c6-4b41-a5f0-583d05312eb8', 'volume_size': 1}
2026-09-01 09:58:36.522 87 INFO cinder.volume.drivers.lightos [None req-b1db183d-a1e4-49aa-b7b0-28df4d220612 b0b398b6c57b4fcf99fffd6d07f0879f 85c04968af53404b9fc5c84b181cf30c - - - -] Invoking get_volume_by_name using GET url: /api/v2/projects/default/volumes/?name=vol_31657cae-51c6-4b41-a5f0-583d05312eb8             request.body: {} ssl_verify: False
2026-09-01 09:58:36.605 87 WARNING py.warnings [None req-b1db183d-a1e4-49aa-b7b0-28df4d220612 b0b398b6c57b4fcf99fffd6d07f0879f 85c04968af53404b9fc5c84b181cf30c - - - -] /var/lib/kolla/venv/lib/python3.12/site-packages/urllib3/connectionpool.py:1110: InsecureRequestWarning: Unverified HTTPS request is being made to host '[LB_IP_ADDRESS]'. Adding certificate verification is strongly advised. See: https://urllib3.readthedocs.io/en/latest/advanced-usage.html#tls-warnings
  warnings.warn(

2026-09-01 09:58:36.617 87 INFO cinder.volume.drivers.lightos [None req-b1db183d-a1e4-49aa-b7b0-28df4d220612 b0b398b6c57b4fcf99fffd6d07f0879f 85c04968af53404b9fc5c84b181cf30c - - - -] Invoking create_volume using POST url: /api/v2/projects/default/volumes             request.body: {'name': 'vol_31657cae-51c6-4b41-a5f0-583d05312eb8', 'size': '1 gib', 'replicaCount': '3', 'compression': 'False', 'acl': {'values': ['ALLOW_NONE']}, 'IPAcl': {'values': ['ALLOW_NONE']}, 'sourceSnapshotUUID': None, 'sourceSnapshotName': None} ssl_verify: False
2026-09-01 09:58:36.699 87 WARNING py.warnings [None req-b1db183d-a1e4-49aa-b7b0-28df4d220612 b0b398b6c57b4fcf99fffd6d07f0879f 85c04968af53404b9fc5c84b181cf30c - - - -] /var/lib/kolla/venv/lib/python3.12/site-packages/urllib3/connectionpool.py:1110: InsecureRequestWarning: Unverified HTTPS request is being made to host '[LB_IP_ADDRESS]'. Adding certificate verification is strongly advised. See: https://urllib3.readthedocs.io/en/latest/advanced-usage.html#tls-warnings
  warnings.warn(

2026-09-01 09:58:36.730 87 INFO cinder.volume.drivers.lightos [None req-b1db183d-a1e4-49aa-b7b0-28df4d220612 b0b398b6c57b4fcf99fffd6d07f0879f 85c04968af53404b9fc5c84b181cf30c - - - -] Invoking get_volume using GET url: /api/v2/projects/default/volumes/3a5ac082-269e-4b54-933e-28f4a2fd18db             request.body: {} ssl_verify: False
2026-09-01 09:58:36.811 87 WARNING py.warnings [None req-b1db183d-a1e4-49aa-b7b0-28df4d220612 b0b398b6c57b4fcf99fffd6d07f0879f 85c04968af53404b9fc5c84b181cf30c - - - -] /var/lib/kolla/venv/lib/python3.12/site-packages/urllib3/connectionpool.py:1110: InsecureRequestWarning: Unverified HTTPS request is being made to host '[LB_IP_ADDRESS]'. Adding certificate verification is strongly advised. See: https://urllib3.readthedocs.io/en/latest/advanced-usage.html#tls-warnings
  warnings.warn(

2026-09-01 09:58:36.843 87 INFO cinder.volume.flows.manager.create_volume [None req-b1db183d-a1e4-49aa-b7b0-28df4d220612 b0b398b6c57b4fcf99fffd6d07f0879f 85c04968af53404b9fc5c84b181cf30c - - - -] Volume vol_31657cae-51c6-4b41-a5f0-583d05312eb8 (31657cae-51c6-4b41-a5f0-583d05312eb8): created successfully
2026-09-01 09:58:36.856 87 INFO cinder.volume.manager [None req-b1db183d-a1e4-49aa-b7b0-28df4d220612 b0b398b6c57b4fcf99fffd6d07f0879f 85c04968af53404b9fc5c84b181cf30c - - - -] Created volume successfully.
2026-09-01 09:58:37.661 87 INFO cinder.volume.manager [None req-b25e79b0-1908-4fe0-af6c-f509ddacefb3 e607a8b336ab4f93a4d7eeb1d1540569 1da67abe873e47c9a2df26fece9fabda - - - -] Group tempest-GroupsV320Test-Group-397269572: creating
2026-09-01 09:58:37.680 87 INFO cinder.volume.manager [None req-b25e79b0-1908-4fe0-af6c-f509ddacefb3 e607a8b336ab4f93a4d7eeb1d1540569 1da67abe873e47c9a2df26fece9fabda - - - -] Group tempest-GroupsV320Test-Group-397269572: created successfully
2026-09-01 09:58:37.691 87 INFO cinder.volume.manager [None req-b25e79b0-1908-4fe0-af6c-f509ddacefb3 e607a8b336ab4f93a4d7eeb1d1540569 1da67abe873e47c9a2df26fece9fabda - - - -] Create group completed successfully.
2026-09-01 09:58:39.241 87 INFO cinder.volume.manager [None req-5049e815-af8c-46fe-81bf-08f942f8ea73 e607a8b336ab4f93a4d7eeb1d1540569 1da67abe873e47c9a2df26fece9fabda - - - -] Delete group completed successfully.
2026-09-01 09:58:40.217 87 INFO cinder.volume.drivers.lightos [None req-71020511-1597-4817-9dff-cf091dc8585d b0b398b6c57b4fcf99fffd6d07f0879f 85c04968af53404b9fc5c84b181cf30c - - - -] Invoking delete_volume using DELETE url: /api/v2/projects/default/volumes/3a5ac082-269e-4b54-933e-28f4a2fd18db?             request.body:  ssl_verify: False
2026-09-01 09:58:40.303 87 WARNING py.warnings [None req-71020511-1597-4817-9dff-cf091dc8585d b0b398b6c57b4fcf99fffd6d07f0879f 85c04968af53404b9fc5c84b181cf30c - - - -] /var/lib/kolla/venv/lib/python3.12/site-packages/urllib3/connectionpool.py:1110: InsecureRequestWarning: Unverified HTTPS request is being made to host '[LB_IP_ADDRESS]'. Adding certificate verification is strongly advised. See: https://urllib3.readthedocs.io/en/latest/advanced-usage.html#tls-warnings
  warnings.warn(

2026-09-01 09:58:40.339 87 INFO cinder.volume.drivers.lightos [None req-71020511-1597-4817-9dff-cf091dc8585d b0b398b6c57b4fcf99fffd6d07f0879f 85c04968af53404b9fc5c84b181cf30c - - - -] Invoking get_volume using GET url: /api/v2/projects/default/volumes/3a5ac082-269e-4b54-933e-28f4a2fd18db             request.body: {} ssl_verify: False
2026-09-01 09:58:40.423 87 WARNING py.warnings [None req-71020511-1597-4817-9dff-cf091dc8585d b0b398b6c57b4fcf99fffd6d07f0879f 85c04968af53404b9fc5c84b181cf30c - - - -] /var/lib/kolla/venv/lib/python3.12/site-packages/urllib3/connectionpool.py:1110: InsecureRequestWarning: Unverified HTTPS request is being made to host '[LB_IP_ADDRESS]'. Adding certificate verification is strongly advised. See: https://urllib3.readthedocs.io/en/latest/advanced-usage.html#tls-warnings
  warnings.warn(

2026-09-01 09:58:40.664 87 INFO cinder.volume.manager [None req-71020511-1597-4817-9dff-cf091dc8585d b0b398b6c57b4fcf99fffd6d07f0879f 85c04968af53404b9fc5c84b181cf30c - - - -] Deleted volume successfully.
2026-09-01 09:58:45.536 87 INFO cinder.volume.flows.manager.create_volume [None req-8ccb07e8-6754-4013-a7ba-535147a1093d 9805519c7d9d41ec8cd791b46ae6a56d 880c0292a1f847b0a07c4ba2a38a07fc - - - -] Volume aabeac27-2a33-438f-9007-c8670368eb71: being created as raw with specification: {'status': 'creating', 'volume_name': 'vol_aabeac27-2a33-438f-9007-c8670368eb71', 'volume_size': 1}
2026-09-01 09:58:45.537 87 INFO cinder.volume.drivers.lightos [None req-8ccb07e8-6754-4013-a7ba-535147a1093d 9805519c7d9d41ec8cd791b46ae6a56d 880c0292a1f847b0a07c4ba2a38a07fc - - - -] Invoking get_volume_by_name using GET url: /api/v2/projects/default/volumes/?name=vol_aabeac27-2a33-438f-9007-c8670368eb71             request.body: {} ssl_verify: False
2026-09-01 09:58:45.619 87 WARNING py.warnings [None req-8ccb07e8-6754-4013-a7ba-535147a1093d 9805519c7d9d41ec8cd791b46ae6a56d 880c0292a1f847b0a07c4ba2a38a07fc - - - -] /var/lib/kolla/venv/lib/python3.12/site-packages/urllib3/connectionpool.py:1110: InsecureRequestWarning: Unverified HTTPS request is being made to host '[LB_IP_ADDRESS]'. Adding certificate verification is strongly advised. See: https://urllib3.readthedocs.io/en/latest/advanced-usage.html#tls-warnings
  warnings.warn(

2026-09-01 09:58:45.628 87 INFO cinder.volume.drivers.lightos [None req-8ccb07e8-6754-4013-a7ba-535147a1093d 9805519c7d9d41ec8cd791b46ae6a56d 880c0292a1f847b0a07c4ba2a38a07fc - - - -] Invoking create_volume using POST url: /api/v2/projects/default/volumes             request.body: {'name': 'vol_aabeac27-2a33-438f-9007-c8670368eb71', 'size': '1 gib', 'replicaCount': '3', 'compression': 'False', 'acl': {'values': ['ALLOW_NONE']}, 'IPAcl': {'values': ['ALLOW_NONE']}, 'sourceSnapshotUUID': None, 'sourceSnapshotName': None} ssl_verify: False
2026-09-01 09:58:45.712 87 WARNING py.warnings [None req-8ccb07e8-6754-4013-a7ba-535147a1093d 9805519c7d9d41ec8cd791b46ae6a56d 880c0292a1f847b0a07c4ba2a38a07fc - - - -] /var/lib/kolla/venv/lib/python3.12/site-packages/urllib3/connectionpool.py:1110: InsecureRequestWarning: Unverified HTTPS request is being made to host '[LB_IP_ADDRESS]'. Adding certificate verification is strongly advised. See: https://urllib3.readthedocs.io/en/latest/advanced-usage.html#tls-warnings
  warnings.warn(

2026-09-01 09:58:45.760 87 INFO cinder.volume.drivers.lightos [None req-8ccb07e8-6754-4013-a7ba-535147a1093d 9805519c7d9d41ec8cd791b46ae6a56d 880c0292a1f847b0a07c4ba2a38a07fc - - - -] Invoking get_volume using GET url: /api/v2/projects/default/volumes/50f08de0-c37a-4c11-b67a-32a7e3642f01             request.body: {} ssl_verify: False
2026-09-01 09:58:45.842 87 WARNING py.warnings [None req-8ccb07e8-6754-4013-a7ba-535147a1093d 9805519c7d9d41ec8cd791b46ae6a56d 880c0292a1f847b0a07c4ba2a38a07fc - - - -] /var/lib/kolla/venv/lib/python3.12/site-packages/urllib3/connectionpool.py:1110: InsecureRequestWarning: Unverified HTTPS request is being made to host '[LB_IP_ADDRESS]'. Adding certificate verification is strongly advised. See: https://urllib3.readthedocs.io/en/latest/advanced-usage.html#tls-warnings
  warnings.warn(

2026-09-01 09:58:45.871 87 INFO cinder.volume.flows.manager.create_volume [None req-8ccb07e8-6754-4013-a7ba-535147a1093d 9805519c7d9d41ec8cd791b46ae6a56d 880c0292a1f847b0a07c4ba2a38a07fc - - - -] Volume vol_aabeac27-2a33-438f-9007-c8670368eb71 (aabeac27-2a33-438f-9007-c8670368eb71): created successfully
2026-09-01 09:58:45.883 87 INFO cinder.volume.manager [None req-8ccb07e8-6754-4013-a7ba-535147a1093d 9805519c7d9d41ec8cd791b46ae6a56d 880c0292a1f847b0a07c4ba2a38a07fc - - - -] Created volume successfully.
2026-09-01 09:58:46.786 87 INFO cinder.volume.drivers.lightos [None req-6c2f2970-9ed5-42ad-9309-69967fe69744 9805519c7d9d41ec8cd791b46ae6a56d 880c0292a1f847b0a07c4ba2a38a07fc - - - -] Invoking get_snapshot_by_name using GET url: /api/v2/projects/default/snapshots/?Name=snapshot-bc43a8e1-0f4a-4194-b03a-cd88a82f2ece             request.body: {} ssl_verify: False
2026-09-01 09:58:46.873 87 WARNING py.warnings [None req-6c2f2970-9ed5-42ad-9309-69967fe69744 9805519c7d9d41ec8cd791b46ae6a56d 880c0292a1f847b0a07c4ba2a38a07fc - - - -] /var/lib/kolla/venv/lib/python3.12/site-packages/urllib3/connectionpool.py:1110: InsecureRequestWarning: Unverified HTTPS request is being made to host '[LB_IP_ADDRESS]'. Adding certificate verification is strongly advised. See: https://urllib3.readthedocs.io/en/latest/advanced-usage.html#tls-warnings
  warnings.warn(

2026-09-01 09:58:46.887 87 INFO cinder.volume.drivers.lightos [None req-6c2f2970-9ed5-42ad-9309-69967fe69744 9805519c7d9d41ec8cd791b46ae6a56d 880c0292a1f847b0a07c4ba2a38a07fc - - - -] Invoking create_snapshot using POST url: /api/v2/projects/default/snapshots             request.body: {'name': 'snapshot-bc43a8e1-0f4a-4194-b03a-cd88a82f2ece', 'sourceVolumeUUID': None, 'sourceVolumeName': 'vol_aabeac27-2a33-438f-9007-c8670368eb71'} ssl_verify: False
2026-09-01 09:58:46.976 87 WARNING py.warnings [None req-6c2f2970-9ed5-42ad-9309-69967fe69744 9805519c7d9d41ec8cd791b46ae6a56d 880c0292a1f847b0a07c4ba2a38a07fc - - - -] /var/lib/kolla/venv/lib/python3.12/site-packages/urllib3/connectionpool.py:1110: InsecureRequestWarning: Unverified HTTPS request is being made to host '[LB_IP_ADDRESS]'. Adding certificate verification is strongly advised. See: https://urllib3.readthedocs.io/en/latest/advanced-usage.html#tls-warnings
  warnings.warn(

2026-09-01 09:58:47.091 87 INFO cinder.volume.flows.manager.create_volume [None req-aabbe4b9-f88c-4f0c-a97f-d52c52867a84 cd9b035dc3534882a6695d99a501f82e 66efeb4bd2644047862b8379056b5257 - - - -] Volume 1d375858-c457-476e-a7d7-f14a7519497c: being created as raw with specification: {'status': 'creating', 'volume_name': 'vol_1d375858-c457-476e-a7d7-f14a7519497c', 'volume_size': 1}
2026-09-01 09:58:47.091 87 INFO cinder.volume.drivers.lightos [None req-aabbe4b9-f88c-4f0c-a97f-d52c52867a84 cd9b035dc3534882a6695d99a501f82e 66efeb4bd2644047862b8379056b5257 - - - -] Invoking get_volume_by_name using GET url: /api/v2/projects/default/volumes/?name=vol_1d375858-c457-476e-a7d7-f14a7519497c             request.body: {} ssl_verify: False
2026-09-01 09:58:47.095 87 INFO cinder.volume.drivers.lightos [None req-6c2f2970-9ed5-42ad-9309-69967fe69744 9805519c7d9d41ec8cd791b46ae6a56d 880c0292a1f847b0a07c4ba2a38a07fc - - - -] Invoking get_snapshot_by_name using GET url: /api/v2/projects/default/snapshots/?Name=snapshot-bc43a8e1-0f4a-4194-b03a-cd88a82f2ece             request.body: {} ssl_verify: False
2026-09-01 09:58:47.246 87 WARNING py.warnings [None req-6c2f2970-9ed5-42ad-9309-69967fe69744 9805519c7d9d41ec8cd791b46ae6a56d 880c0292a1f847b0a07c4ba2a38a07fc - - - -] /var/lib/kolla/venv/lib/python3.12/site-packages/urllib3/connectionpool.py:1110: InsecureRequestWarning: Unverified HTTPS request is being made to host '[LB_IP_ADDRESS]'. Adding certificate verification is strongly advised. See: https://urllib3.readthedocs.io/en/latest/advanced-usage.html#tls-warnings
  warnings.warn(

2026-09-01 09:58:47.249 87 WARNING py.warnings [None req-aabbe4b9-f88c-4f0c-a97f-d52c52867a84 cd9b035dc3534882a6695d99a501f82e 66efeb4bd2644047862b8379056b5257 - - - -] /var/lib/kolla/venv/lib/python3.12/site-packages/urllib3/connectionpool.py:1110: InsecureRequestWarning: Unverified HTTPS request is being made to host '[LB_IP_ADDRESS]'. Adding certificate verification is strongly advised. See: https://urllib3.readthedocs.io/en/latest/advanced-usage.html#tls-warnings
  warnings.warn(

2026-09-01 09:58:47.260 87 INFO cinder.volume.drivers.lightos [None req-aabbe4b9-f88c-4f0c-a97f-d52c52867a84 cd9b035dc3534882a6695d99a501f82e 66efeb4bd2644047862b8379056b5257 - - - -] Invoking create_volume using POST url: /api/v2/projects/default/volumes             request.body: {'name': 'vol_1d375858-c457-476e-a7d7-f14a7519497c', 'size': '1 gib', 'replicaCount': '3', 'compression': 'False', 'acl': {'values': ['ALLOW_NONE']}, 'IPAcl': {'values': ['ALLOW_NONE']}, 'sourceSnapshotUUID': None, 'sourceSnapshotName': None} ssl_verify: False
2026-09-01 09:58:47.340 87 WARNING py.warnings [None req-aabbe4b9-f88c-4f0c-a97f-d52c52867a84 cd9b035dc3534882a6695d99a501f82e 66efeb4bd2644047862b8379056b5257 - - - -] /var/lib/kolla/venv/lib/python3.12/site-packages/urllib3/connectionpool.py:1110: InsecureRequestWarning: Unverified HTTPS request is being made to host '[LB_IP_ADDRESS]'. Adding certificate verification is strongly advised. See: https://urllib3.readthedocs.io/en/latest/advanced-usage.html#tls-warnings
  warnings.warn(

2026-09-01 09:58:47.362 87 INFO cinder.volume.drivers.lightos [None req-aabbe4b9-f88c-4f0c-a97f-d52c52867a84 cd9b035dc3534882a6695d99a501f82e 66efeb4bd2644047862b8379056b5257 - - - -] Invoking get_volume using GET url: /api/v2/projects/default/volumes/0e478797-8994-4c4a-a177-72228c007688             request.body: {} ssl_verify: False
2026-09-01 09:58:47.445 87 WARNING py.warnings [None req-aabbe4b9-f88c-4f0c-a97f-d52c52867a84 cd9b035dc3534882a6695d99a501f82e 66efeb4bd2644047862b8379056b5257 - - - -] /var/lib/kolla/venv/lib/python3.12/site-packages/urllib3/connectionpool.py:1110: InsecureRequestWarning: Unverified HTTPS request is being made to host '[LB_IP_ADDRESS]'. Adding certificate verification is strongly advised. See: https://urllib3.readthedocs.io/en/latest/advanced-usage.html#tls-warnings
  warnings.warn(

2026-09-01 09:58:47.478 87 INFO cinder.volume.flows.manager.create_volume [None req-aabbe4b9-f88c-4f0c-a97f-d52c52867a84 cd9b035dc3534882a6695d99a501f82e 66efeb4bd2644047862b8379056b5257 - - - -] Volume vol_1d375858-c457-476e-a7d7-f14a7519497c (1d375858-c457-476e-a7d7-f14a7519497c): created successfully
2026-09-01 09:58:47.490 87 INFO cinder.volume.manager [None req-aabbe4b9-f88c-4f0c-a97f-d52c52867a84 cd9b035dc3534882a6695d99a501f82e 66efeb4bd2644047862b8379056b5257 - - - -] Created volume successfully.
2026-09-01 09:58:48.256 87 INFO cinder.volume.drivers.lightos [None req-6c2f2970-9ed5-42ad-9309-69967fe69744 9805519c7d9d41ec8cd791b46ae6a56d 880c0292a1f847b0a07c4ba2a38a07fc - - - -] Invoking get_snapshot_by_name using GET url: /api/v2/projects/default/snapshots/?Name=snapshot-bc43a8e1-0f4a-4194-b03a-cd88a82f2ece             request.body: {} ssl_verify: False
2026-09-01 09:58:48.340 87 WARNING py.warnings [None req-6c2f2970-9ed5-42ad-9309-69967fe69744 9805519c7d9d41ec8cd791b46ae6a56d 880c0292a1f847b0a07c4ba2a38a07fc - - - -] /var/lib/kolla/venv/lib/python3.12/site-packages/urllib3/connectionpool.py:1110: InsecureRequestWarning: Unverified HTTPS request is being made to host '[LB_IP_ADDRESS]'. Adding certificate verification is strongly advised. See: https://urllib3.readthedocs.io/en/latest/advanced-usage.html#tls-warnings
  warnings.warn(

2026-09-01 09:58:48.371 87 INFO cinder.volume.manager [None req-6c2f2970-9ed5-42ad-9309-69967fe69744 9805519c7d9d41ec8cd791b46ae6a56d 880c0292a1f847b0a07c4ba2a38a07fc - - - -] Create snapshot completed successfully
2026-09-01 09:58:48.625 87 INFO cinder.volume.manager [None req-ef1c1f45-5a68-42d0-885e-19bf5088ede7 cd9b035dc3534882a6695d99a501f82e 66efeb4bd2644047862b8379056b5257 - - - -] Retype volume completed successfully.
2026-09-01 09:58:49.270 87 INFO cinder.volume.drivers.lightos [None req-1d12f5d5-c3bf-4de7-8ede-00cb2128d302 9805519c7d9d41ec8cd791b46ae6a56d 880c0292a1f847b0a07c4ba2a38a07fc - - - -] Invoking get_snapshot_by_name using GET url: /api/v2/projects/default/snapshots/?Name=snapshot-61201549-b051-4956-89dd-10d2607ee1ca             request.body: {} ssl_verify: False
2026-09-01 09:58:49.354 87 WARNING py.warnings [None req-1d12f5d5-c3bf-4de7-8ede-00cb2128d302 9805519c7d9d41ec8cd791b46ae6a56d 880c0292a1f847b0a07c4ba2a38a07fc - - - -] /var/lib/kolla/venv/lib/python3.12/site-packages/urllib3/connectionpool.py:1110: InsecureRequestWarning: Unverified HTTPS request is being made to host '[LB_IP_ADDRESS]'. Adding certificate verification is strongly advised. See: https://urllib3.readthedocs.io/en/latest/advanced-usage.html#tls-warnings
  warnings.warn(

2026-09-01 09:58:49.364 87 INFO cinder.volume.drivers.lightos [None req-1d12f5d5-c3bf-4de7-8ede-00cb2128d302 9805519c7d9d41ec8cd791b46ae6a56d 880c0292a1f847b0a07c4ba2a38a07fc - - - -] Invoking create_snapshot using POST url: /api/v2/projects/default/snapshots             request.body: {'name': 'snapshot-61201549-b051-4956-89dd-10d2607ee1ca', 'sourceVolumeUUID': None, 'sourceVolumeName': 'vol_aabeac27-2a33-438f-9007-c8670368eb71'} ssl_verify: False
2026-09-01 09:58:49.449 87 WARNING py.warnings [None req-1d12f5d5-c3bf-4de7-8ede-00cb2128d302 9805519c7d9d41ec8cd791b46ae6a56d 880c0292a1f847b0a07c4ba2a38a07fc - - - -] /var/lib/kolla/venv/lib/python3.12/site-packages/urllib3/connectionpool.py:1110: InsecureRequestWarning: Unverified HTTPS request is being made to host '[LB_IP_ADDRESS]'. Adding certificate verification is strongly advised. See: https://urllib3.readthedocs.io/en/latest/advanced-usage.html#tls-warnings
  warnings.warn(

2026-09-01 09:58:49.491 87 INFO cinder.volume.drivers.lightos [None req-1d12f5d5-c3bf-4de7-8ede-00cb2128d302 9805519c7d9d41ec8cd791b46ae6a56d 880c0292a1f847b0a07c4ba2a38a07fc - - - -] Invoking get_snapshot_by_name using GET url: /api/v2/projects/default/snapshots/?Name=snapshot-61201549-b051-4956-89dd-10d2607ee1ca             request.body: {} ssl_verify: False
2026-09-01 09:58:49.572 87 WARNING py.warnings [None req-1d12f5d5-c3bf-4de7-8ede-00cb2128d302 9805519c7d9d41ec8cd791b46ae6a56d 880c0292a1f847b0a07c4ba2a38a07fc - - - -] /var/lib/kolla/venv/lib/python3.12/site-packages/urllib3/connectionpool.py:1110: InsecureRequestWarning: Unverified HTTPS request is being made to host '[LB_IP_ADDRESS]'. Adding certificate verification is strongly advised. See: https://urllib3.readthedocs.io/en/latest/advanced-usage.html#tls-warnings
  warnings.warn(

2026-09-01 09:58:49.797 87 INFO cinder.volume.drivers.lightos [None req-f026060c-38a4-4136-bbf6-3736888a846b cd9b035dc3534882a6695d99a501f82e 66efeb4bd2644047862b8379056b5257 - - - -] Invoking delete_volume using DELETE url: /api/v2/projects/default/volumes/0e478797-8994-4c4a-a177-72228c007688?             request.body:  ssl_verify: False
2026-09-01 09:58:49.885 87 WARNING py.warnings [None req-f026060c-38a4-4136-bbf6-3736888a846b cd9b035dc3534882a6695d99a501f82e 66efeb4bd2644047862b8379056b5257 - - - -] /var/lib/kolla/venv/lib/python3.12/site-packages/urllib3/connectionpool.py:1110: InsecureRequestWarning: Unverified HTTPS request is being made to host '[LB_IP_ADDRESS]'. Adding certificate verification is strongly advised. See: https://urllib3.readthedocs.io/en/latest/advanced-usage.html#tls-warnings
  warnings.warn(

2026-09-01 09:58:49.931 87 INFO cinder.volume.drivers.lightos [None req-f026060c-38a4-4136-bbf6-3736888a846b cd9b035dc3534882a6695d99a501f82e 66efeb4bd2644047862b8379056b5257 - - - -] Invoking get_volume using GET url: /api/v2/projects/default/volumes/0e478797-8994-4c4a-a177-72228c007688             request.body: {} ssl_verify: False
2026-09-01 09:58:50.014 87 WARNING py.warnings [None req-f026060c-38a4-4136-bbf6-3736888a846b cd9b035dc3534882a6695d99a501f82e 66efeb4bd2644047862b8379056b5257 - - - -] /var/lib/kolla/venv/lib/python3.12/site-packages/urllib3/connectionpool.py:1110: InsecureRequestWarning: Unverified HTTPS request is being made to host '[LB_IP_ADDRESS]'. Adding certificate verification is strongly advised. See: https://urllib3.readthedocs.io/en/latest/advanced-usage.html#tls-warnings
  warnings.warn(

2026-09-01 09:58:50.171 87 WARNING cinder.quota [None req-f026060c-38a4-4136-bbf6-3736888a846b cd9b035dc3534882a6695d99a501f82e 66efeb4bd2644047862b8379056b5257 - - - -] Deprecated: Default quota for resource: volumes_volume-type-2 is set by the default quota flag: quota_volumes_volume-type-2, it is now deprecated. Please use the default quota class for default quota.
2026-09-01 09:58:50.172 87 WARNING cinder.quota [None req-f026060c-38a4-4136-bbf6-3736888a846b cd9b035dc3534882a6695d99a501f82e 66efeb4bd2644047862b8379056b5257 - - - -] Deprecated: Default quota for resource: gigabytes_volume-type-2 is set by the default quota flag: quota_gigabytes_volume-type-2, it is now deprecated. Please use the default quota class for default quota.
2026-09-01 09:58:50.237 87 INFO cinder.volume.manager [None req-f026060c-38a4-4136-bbf6-3736888a846b cd9b035dc3534882a6695d99a501f82e 66efeb4bd2644047862b8379056b5257 - - - -] Deleted volume successfully.
2026-09-01 09:58:50.581 87 INFO cinder.volume.drivers.lightos [None req-1d12f5d5-c3bf-4de7-8ede-00cb2128d302 9805519c7d9d41ec8cd791b46ae6a56d 880c0292a1f847b0a07c4ba2a38a07fc - - - -] Invoking get_snapshot_by_name using GET url: /api/v2/projects/default/snapshots/?Name=snapshot-61201549-b051-4956-89dd-10d2607ee1ca             request.body: {} ssl_verify: False
2026-09-01 09:58:50.664 87 WARNING py.warnings [None req-1d12f5d5-c3bf-4de7-8ede-00cb2128d302 9805519c7d9d41ec8cd791b46ae6a56d 880c0292a1f847b0a07c4ba2a38a07fc - - - -] /var/lib/kolla/venv/lib/python3.12/site-packages/urllib3/connectionpool.py:1110: InsecureRequestWarning: Unverified HTTPS request is being made to host '[LB_IP_ADDRESS]'. Adding certificate verification is strongly advised. See: https://urllib3.readthedocs.io/en/latest/advanced-usage.html#tls-warnings
  warnings.warn(

2026-09-01 09:58:50.693 87 INFO cinder.volume.manager [None req-1d12f5d5-c3bf-4de7-8ede-00cb2128d302 9805519c7d9d41ec8cd791b46ae6a56d 880c0292a1f847b0a07c4ba2a38a07fc - - - -] Create snapshot completed successfully
2026-09-01 09:58:51.446 87 INFO cinder.volume.drivers.lightos [None req-84e7095c-0b3c-4450-aa26-a3ae5e5ee278 56a028b20e97401094825b96ee4def23 7f925aa6d7ba4f7bb42030556d30904f - - - -] Invoking get_snapshot_by_name using GET url: /api/v2/projects/default/snapshots/?Name=snapshot-61201549-b051-4956-89dd-10d2607ee1ca             request.body: {} ssl_verify: False
2026-09-01 09:58:51.530 87 WARNING py.warnings [None req-84e7095c-0b3c-4450-aa26-a3ae5e5ee278 56a028b20e97401094825b96ee4def23 7f925aa6d7ba4f7bb42030556d30904f - - - -] /var/lib/kolla/venv/lib/python3.12/site-packages/urllib3/connectionpool.py:1110: InsecureRequestWarning: Unverified HTTPS request is being made to host '[LB_IP_ADDRESS]'. Adding certificate verification is strongly advised. See: https://urllib3.readthedocs.io/en/latest/advanced-usage.html#tls-warnings
  warnings.warn(

2026-09-01 09:58:51.544 87 INFO cinder.volume.drivers.lightos [None req-84e7095c-0b3c-4450-aa26-a3ae5e5ee278 56a028b20e97401094825b96ee4def23 7f925aa6d7ba4f7bb42030556d30904f - - - -] Invoking delete_snapshot using DELETE url: /api/v2/projects/default/snapshots/2b1fe9c6-07de-42bc-bfdc-a6b3b61ead8e?             request.body:  ssl_verify: False
2026-09-01 09:58:51.632 87 WARNING py.warnings [None req-84e7095c-0b3c-4450-aa26-a3ae5e5ee278 56a028b20e97401094825b96ee4def23 7f925aa6d7ba4f7bb42030556d30904f - - - -] /var/lib/kolla/venv/lib/python3.12/site-packages/urllib3/connectionpool.py:1110: InsecureRequestWarning: Unverified HTTPS request is being made to host '[LB_IP_ADDRESS]'. Adding certificate verification is strongly advised. See: https://urllib3.readthedocs.io/en/latest/advanced-usage.html#tls-warnings
  warnings.warn(

2026-09-01 09:58:51.660 87 INFO cinder.volume.drivers.lightos [None req-84e7095c-0b3c-4450-aa26-a3ae5e5ee278 56a028b20e97401094825b96ee4def23 7f925aa6d7ba4f7bb42030556d30904f - - - -] Invoking get_snapshot using GET url: /api/v2/projects/default/snapshots/2b1fe9c6-07de-42bc-bfdc-a6b3b61ead8e             request.body: {} ssl_verify: False
2026-09-01 09:58:51.744 87 WARNING py.warnings [None req-84e7095c-0b3c-4450-aa26-a3ae5e5ee278 56a028b20e97401094825b96ee4def23 7f925aa6d7ba4f7bb42030556d30904f - - - -] /var/lib/kolla/venv/lib/python3.12/site-packages/urllib3/connectionpool.py:1110: InsecureRequestWarning: Unverified HTTPS request is being made to host '[LB_IP_ADDRESS]'. Adding certificate verification is strongly advised. See: https://urllib3.readthedocs.io/en/latest/advanced-usage.html#tls-warnings
  warnings.warn(

2026-09-01 09:58:51.978 87 INFO cinder.volume.manager [None req-84e7095c-0b3c-4450-aa26-a3ae5e5ee278 56a028b20e97401094825b96ee4def23 7f925aa6d7ba4f7bb42030556d30904f - - - -] Delete snapshot completed successfully.
2026-09-01 09:58:52.862 87 INFO cinder.volume.drivers.lightos [None req-74cf0ff7-898a-4c54-9f50-a394af2e9cc9 9805519c7d9d41ec8cd791b46ae6a56d 880c0292a1f847b0a07c4ba2a38a07fc - - - -] Invoking get_snapshot_by_name using GET url: /api/v2/projects/default/snapshots/?Name=snapshot-2c930f34-1635-478e-b944-9a8747baab7f             request.body: {} ssl_verify: False
2026-09-01 09:58:52.948 87 WARNING py.warnings [None req-74cf0ff7-898a-4c54-9f50-a394af2e9cc9 9805519c7d9d41ec8cd791b46ae6a56d 880c0292a1f847b0a07c4ba2a38a07fc - - - -] /var/lib/kolla/venv/lib/python3.12/site-packages/urllib3/connectionpool.py:1110: InsecureRequestWarning: Unverified HTTPS request is being made to host '[LB_IP_ADDRESS]'. Adding certificate verification is strongly advised. See: https://urllib3.readthedocs.io/en/latest/advanced-usage.html#tls-warnings
  warnings.warn(

2026-09-01 09:58:52.959 87 INFO cinder.volume.drivers.lightos [None req-74cf0ff7-898a-4c54-9f50-a394af2e9cc9 9805519c7d9d41ec8cd791b46ae6a56d 880c0292a1f847b0a07c4ba2a38a07fc - - - -] Invoking create_snapshot using POST url: /api/v2/projects/default/snapshots             request.body: {'name': 'snapshot-2c930f34-1635-478e-b944-9a8747baab7f', 'sourceVolumeUUID': None, 'sourceVolumeName': 'vol_aabeac27-2a33-438f-9007-c8670368eb71'} ssl_verify: False
2026-09-01 09:58:53.044 87 WARNING py.warnings [None req-74cf0ff7-898a-4c54-9f50-a394af2e9cc9 9805519c7d9d41ec8cd791b46ae6a56d 880c0292a1f847b0a07c4ba2a38a07fc - - - -] /var/lib/kolla/venv/lib/python3.12/site-packages/urllib3/connectionpool.py:1110: InsecureRequestWarning: Unverified HTTPS request is being made to host '[LB_IP_ADDRESS]'. Adding certificate verification is strongly advised. See: https://urllib3.readthedocs.io/en/latest/advanced-usage.html#tls-warnings
  warnings.warn(

2026-09-01 09:58:53.081 87 INFO cinder.volume.drivers.lightos [None req-74cf0ff7-898a-4c54-9f50-a394af2e9cc9 9805519c7d9d41ec8cd791b46ae6a56d 880c0292a1f847b0a07c4ba2a38a07fc - - - -] Invoking get_snapshot_by_name using GET url: /api/v2/projects/default/snapshots/?Name=snapshot-2c930f34-1635-478e-b944-9a8747baab7f             request.body: {} ssl_verify: False
2026-09-01 09:58:53.163 87 WARNING py.warnings [None req-74cf0ff7-898a-4c54-9f50-a394af2e9cc9 9805519c7d9d41ec8cd791b46ae6a56d 880c0292a1f847b0a07c4ba2a38a07fc - - - -] /var/lib/kolla/venv/lib/python3.12/site-packages/urllib3/connectionpool.py:1110: InsecureRequestWarning: Unverified HTTPS request is being made to host '[LB_IP_ADDRESS]'. Adding certificate verification is strongly advised. See: https://urllib3.readthedocs.io/en/latest/advanced-usage.html#tls-warnings
  warnings.warn(

2026-09-01 09:58:54.173 87 INFO cinder.volume.drivers.lightos [None req-74cf0ff7-898a-4c54-9f50-a394af2e9cc9 9805519c7d9d41ec8cd791b46ae6a56d 880c0292a1f847b0a07c4ba2a38a07fc - - - -] Invoking get_snapshot_by_name using GET url: /api/v2/projects/default/snapshots/?Name=snapshot-2c930f34-1635-478e-b944-9a8747baab7f             request.body: {} ssl_verify: False
2026-09-01 09:58:54.258 87 WARNING py.warnings [None req-74cf0ff7-898a-4c54-9f50-a394af2e9cc9 9805519c7d9d41ec8cd791b46ae6a56d 880c0292a1f847b0a07c4ba2a38a07fc - - - -] /var/lib/kolla/venv/lib/python3.12/site-packages/urllib3/connectionpool.py:1110: InsecureRequestWarning: Unverified HTTPS request is being made to host '[LB_IP_ADDRESS]'. Adding certificate verification is strongly advised. See: https://urllib3.readthedocs.io/en/latest/advanced-usage.html#tls-warnings
  warnings.warn(

2026-09-01 09:58:54.291 87 INFO cinder.volume.manager [None req-74cf0ff7-898a-4c54-9f50-a394af2e9cc9 9805519c7d9d41ec8cd791b46ae6a56d 880c0292a1f847b0a07c4ba2a38a07fc - - - -] Create snapshot completed successfully
2026-09-01 09:58:55.027 87 INFO cinder.volume.drivers.lightos [None req-6d0f6a50-d9db-4332-b623-e971679dbebe 56a028b20e97401094825b96ee4def23 7f925aa6d7ba4f7bb42030556d30904f - - - -] Invoking get_snapshot_by_name using GET url: /api/v2/projects/default/snapshots/?Name=snapshot-2c930f34-1635-478e-b944-9a8747baab7f             request.body: {} ssl_verify: False
2026-09-01 09:58:55.111 87 WARNING py.warnings [None req-6d0f6a50-d9db-4332-b623-e971679dbebe 56a028b20e97401094825b96ee4def23 7f925aa6d7ba4f7bb42030556d30904f - - - -] /var/lib/kolla/venv/lib/python3.12/site-packages/urllib3/connectionpool.py:1110: InsecureRequestWarning: Unverified HTTPS request is being made to host '[LB_IP_ADDRESS]'. Adding certificate verification is strongly advised. See: https://urllib3.readthedocs.io/en/latest/advanced-usage.html#tls-warnings
  warnings.warn(

2026-09-01 09:58:55.126 87 INFO cinder.volume.drivers.lightos [None req-6d0f6a50-d9db-4332-b623-e971679dbebe 56a028b20e97401094825b96ee4def23 7f925aa6d7ba4f7bb42030556d30904f - - - -] Invoking delete_snapshot using DELETE url: /api/v2/projects/default/snapshots/be11d2bd-7515-4194-8158-e4a2c442d2ee?             request.body:  ssl_verify: False
2026-09-01 09:58:55.210 87 WARNING py.warnings [None req-6d0f6a50-d9db-4332-b623-e971679dbebe 56a028b20e97401094825b96ee4def23 7f925aa6d7ba4f7bb42030556d30904f - - - -] /var/lib/kolla/venv/lib/python3.12/site-packages/urllib3/connectionpool.py:1110: InsecureRequestWarning: Unverified HTTPS request is being made to host '[LB_IP_ADDRESS]'. Adding certificate verification is strongly advised. See: https://urllib3.readthedocs.io/en/latest/advanced-usage.html#tls-warnings
  warnings.warn(

2026-09-01 09:58:55.236 87 INFO cinder.volume.drivers.lightos [None req-6d0f6a50-d9db-4332-b623-e971679dbebe 56a028b20e97401094825b96ee4def23 7f925aa6d7ba4f7bb42030556d30904f - - - -] Invoking get_snapshot using GET url: /api/v2/projects/default/snapshots/be11d2bd-7515-4194-8158-e4a2c442d2ee             request.body: {} ssl_verify: False
2026-09-01 09:58:55.319 87 WARNING py.warnings [None req-6d0f6a50-d9db-4332-b623-e971679dbebe 56a028b20e97401094825b96ee4def23 7f925aa6d7ba4f7bb42030556d30904f - - - -] /var/lib/kolla/venv/lib/python3.12/site-packages/urllib3/connectionpool.py:1110: InsecureRequestWarning: Unverified HTTPS request is being made to host '[LB_IP_ADDRESS]'. Adding certificate verification is strongly advised. See: https://urllib3.readthedocs.io/en/latest/advanced-usage.html#tls-warnings
  warnings.warn(

2026-09-01 09:58:55.567 87 INFO cinder.volume.manager [None req-6d0f6a50-d9db-4332-b623-e971679dbebe 56a028b20e97401094825b96ee4def23 7f925aa6d7ba4f7bb42030556d30904f - - - -] Delete snapshot completed successfully.
2026-09-01 09:58:56.451 87 INFO cinder.volume.drivers.lightos [None req-5157955f-1aca-4503-80de-c69466add32a 9805519c7d9d41ec8cd791b46ae6a56d 880c0292a1f847b0a07c4ba2a38a07fc - - - -] Invoking get_snapshot_by_name using GET url: /api/v2/projects/default/snapshots/?Name=snapshot-618ebdb7-d588-40fa-95fb-98d293a9f67b             request.body: {} ssl_verify: False
2026-09-01 09:58:56.536 87 WARNING py.warnings [None req-5157955f-1aca-4503-80de-c69466add32a 9805519c7d9d41ec8cd791b46ae6a56d 880c0292a1f847b0a07c4ba2a38a07fc - - - -] /var/lib/kolla/venv/lib/python3.12/site-packages/urllib3/connectionpool.py:1110: InsecureRequestWarning: Unverified HTTPS request is being made to host '[LB_IP_ADDRESS]'. Adding certificate verification is strongly advised. See: https://urllib3.readthedocs.io/en/latest/advanced-usage.html#tls-warnings
  warnings.warn(

2026-09-01 09:58:56.547 87 INFO cinder.volume.drivers.lightos [None req-5157955f-1aca-4503-80de-c69466add32a 9805519c7d9d41ec8cd791b46ae6a56d 880c0292a1f847b0a07c4ba2a38a07fc - - - -] Invoking create_snapshot using POST url: /api/v2/projects/default/snapshots             request.body: {'name': 'snapshot-618ebdb7-d588-40fa-95fb-98d293a9f67b', 'sourceVolumeUUID': None, 'sourceVolumeName': 'vol_aabeac27-2a33-438f-9007-c8670368eb71'} ssl_verify: False
2026-09-01 09:58:56.629 87 WARNING py.warnings [None req-5157955f-1aca-4503-80de-c69466add32a 9805519c7d9d41ec8cd791b46ae6a56d 880c0292a1f847b0a07c4ba2a38a07fc - - - -] /var/lib/kolla/venv/lib/python3.12/site-packages/urllib3/connectionpool.py:1110: InsecureRequestWarning: Unverified HTTPS request is being made to host '[LB_IP_ADDRESS]'. Adding certificate verification is strongly advised. See: https://urllib3.readthedocs.io/en/latest/advanced-usage.html#tls-warnings
  warnings.warn(

2026-09-01 09:58:56.656 87 INFO cinder.volume.drivers.lightos [None req-5157955f-1aca-4503-80de-c69466add32a 9805519c7d9d41ec8cd791b46ae6a56d 880c0292a1f847b0a07c4ba2a38a07fc - - - -] Invoking get_snapshot_by_name using GET url: /api/v2/projects/default/snapshots/?Name=snapshot-618ebdb7-d588-40fa-95fb-98d293a9f67b             request.body: {} ssl_verify: False
2026-09-01 09:58:56.738 87 WARNING py.warnings [None req-5157955f-1aca-4503-80de-c69466add32a 9805519c7d9d41ec8cd791b46ae6a56d 880c0292a1f847b0a07c4ba2a38a07fc - - - -] /var/lib/kolla/venv/lib/python3.12/site-packages/urllib3/connectionpool.py:1110: InsecureRequestWarning: Unverified HTTPS request is being made to host '[LB_IP_ADDRESS]'. Adding certificate verification is strongly advised. See: https://urllib3.readthedocs.io/en/latest/advanced-usage.html#tls-warnings
  warnings.warn(

2026-09-01 09:58:57.751 87 INFO cinder.volume.drivers.lightos [None req-5157955f-1aca-4503-80de-c69466add32a 9805519c7d9d41ec8cd791b46ae6a56d 880c0292a1f847b0a07c4ba2a38a07fc - - - -] Invoking get_snapshot_by_name using GET url: /api/v2/projects/default/snapshots/?Name=snapshot-618ebdb7-d588-40fa-95fb-98d293a9f67b             request.body: {} ssl_verify: False
2026-09-01 09:58:57.835 87 WARNING py.warnings [None req-5157955f-1aca-4503-80de-c69466add32a 9805519c7d9d41ec8cd791b46ae6a56d 880c0292a1f847b0a07c4ba2a38a07fc - - - -] /var/lib/kolla/venv/lib/python3.12/site-packages/urllib3/connectionpool.py:1110: InsecureRequestWarning: Unverified HTTPS request is being made to host '[LB_IP_ADDRESS]'. Adding certificate verification is strongly advised. See: https://urllib3.readthedocs.io/en/latest/advanced-usage.html#tls-warnings
  warnings.warn(

2026-09-01 09:58:57.866 87 INFO cinder.volume.manager [None req-5157955f-1aca-4503-80de-c69466add32a 9805519c7d9d41ec8cd791b46ae6a56d 880c0292a1f847b0a07c4ba2a38a07fc - - - -] Create snapshot completed successfully
2026-09-01 09:58:58.598 87 INFO cinder.volume.drivers.lightos [None req-58a383db-db9d-4bed-9904-c38a16918cd8 56a028b20e97401094825b96ee4def23 7f925aa6d7ba4f7bb42030556d30904f - - - -] Invoking get_snapshot_by_name using GET url: /api/v2/projects/default/snapshots/?Name=snapshot-618ebdb7-d588-40fa-95fb-98d293a9f67b             request.body: {} ssl_verify: False
2026-09-01 09:58:58.680 87 WARNING py.warnings [None req-58a383db-db9d-4bed-9904-c38a16918cd8 56a028b20e97401094825b96ee4def23 7f925aa6d7ba4f7bb42030556d30904f - - - -] /var/lib/kolla/venv/lib/python3.12/site-packages/urllib3/connectionpool.py:1110: InsecureRequestWarning: Unverified HTTPS request is being made to host '[LB_IP_ADDRESS]'. Adding certificate verification is strongly advised. See: https://urllib3.readthedocs.io/en/latest/advanced-usage.html#tls-warnings
  warnings.warn(

2026-09-01 09:58:58.690 87 INFO cinder.volume.drivers.lightos [None req-58a383db-db9d-4bed-9904-c38a16918cd8 56a028b20e97401094825b96ee4def23 7f925aa6d7ba4f7bb42030556d30904f - - - -] Invoking delete_snapshot using DELETE url: /api/v2/projects/default/snapshots/70ecff85-d0a8-4e83-90ff-6899769e9064?             request.body:  ssl_verify: False
2026-09-01 09:58:58.782 87 WARNING py.warnings [None req-58a383db-db9d-4bed-9904-c38a16918cd8 56a028b20e97401094825b96ee4def23 7f925aa6d7ba4f7bb42030556d30904f - - - -] /var/lib/kolla/venv/lib/python3.12/site-packages/urllib3/connectionpool.py:1110: InsecureRequestWarning: Unverified HTTPS request is being made to host '[LB_IP_ADDRESS]'. Adding certificate verification is strongly advised. See: https://urllib3.readthedocs.io/en/latest/advanced-usage.html#tls-warnings
  warnings.warn(

2026-09-01 09:58:58.810 87 INFO cinder.volume.drivers.lightos [None req-58a383db-db9d-4bed-9904-c38a16918cd8 56a028b20e97401094825b96ee4def23 7f925aa6d7ba4f7bb42030556d30904f - - - -] Invoking get_snapshot using GET url: /api/v2/projects/default/snapshots/70ecff85-d0a8-4e83-90ff-6899769e9064             request.body: {} ssl_verify: False
2026-09-01 09:58:58.892 87 WARNING py.warnings [None req-58a383db-db9d-4bed-9904-c38a16918cd8 56a028b20e97401094825b96ee4def23 7f925aa6d7ba4f7bb42030556d30904f - - - -] /var/lib/kolla/venv/lib/python3.12/site-packages/urllib3/connectionpool.py:1110: InsecureRequestWarning: Unverified HTTPS request is being made to host '[LB_IP_ADDRESS]'. Adding certificate verification is strongly advised. See: https://urllib3.readthedocs.io/en/latest/advanced-usage.html#tls-warnings
  warnings.warn(

2026-09-01 09:58:59.111 87 INFO cinder.volume.manager [None req-58a383db-db9d-4bed-9904-c38a16918cd8 56a028b20e97401094825b96ee4def23 7f925aa6d7ba4f7bb42030556d30904f - - - -] Delete snapshot completed successfully.
2026-09-01 09:58:59.617 87 INFO cinder.volume.flows.manager.create_volume [None req-1185d4aa-a454-4be0-9c3c-5ecb4c2746c4 a577dff9225a4ade89bc8de90f6f8749 ee5b981e0ae54ae9ad37044d7694b51d - - - -] Volume 47537c4a-179e-461d-bb41-ea2ca3b84ad2: being created as raw with specification: {'status': 'creating', 'volume_name': 'vol_47537c4a-179e-461d-bb41-ea2ca3b84ad2', 'volume_size': 1}
2026-09-01 09:58:59.618 87 INFO cinder.volume.drivers.lightos [None req-1185d4aa-a454-4be0-9c3c-5ecb4c2746c4 a577dff9225a4ade89bc8de90f6f8749 ee5b981e0ae54ae9ad37044d7694b51d - - - -] Invoking get_volume_by_name using GET url: /api/v2/projects/default/volumes/?name=vol_47537c4a-179e-461d-bb41-ea2ca3b84ad2             request.body: {} ssl_verify: False
2026-09-01 09:58:59.700 87 WARNING py.warnings [None req-1185d4aa-a454-4be0-9c3c-5ecb4c2746c4 a577dff9225a4ade89bc8de90f6f8749 ee5b981e0ae54ae9ad37044d7694b51d - - - -] /var/lib/kolla/venv/lib/python3.12/site-packages/urllib3/connectionpool.py:1110: InsecureRequestWarning: Unverified HTTPS request is being made to host '[LB_IP_ADDRESS]'. Adding certificate verification is strongly advised. See: https://urllib3.readthedocs.io/en/latest/advanced-usage.html#tls-warnings
  warnings.warn(

2026-09-01 09:58:59.709 87 INFO cinder.volume.drivers.lightos [None req-1185d4aa-a454-4be0-9c3c-5ecb4c2746c4 a577dff9225a4ade89bc8de90f6f8749 ee5b981e0ae54ae9ad37044d7694b51d - - - -] Invoking create_volume using POST url: /api/v2/projects/default/volumes             request.body: {'name': 'vol_47537c4a-179e-461d-bb41-ea2ca3b84ad2', 'size': '1 gib', 'replicaCount': '3', 'compression': 'False', 'acl': {'values': ['ALLOW_NONE']}, 'IPAcl': {'values': ['ALLOW_NONE']}, 'sourceSnapshotUUID': None, 'sourceSnapshotName': None} ssl_verify: False
2026-09-01 09:58:59.792 87 WARNING py.warnings [None req-1185d4aa-a454-4be0-9c3c-5ecb4c2746c4 a577dff9225a4ade89bc8de90f6f8749 ee5b981e0ae54ae9ad37044d7694b51d - - - -] /var/lib/kolla/venv/lib/python3.12/site-packages/urllib3/connectionpool.py:1110: InsecureRequestWarning: Unverified HTTPS request is being made to host '[LB_IP_ADDRESS]'. Adding certificate verification is strongly advised. See: https://urllib3.readthedocs.io/en/latest/advanced-usage.html#tls-warnings
  warnings.warn(

2026-09-01 09:58:59.812 87 INFO cinder.volume.drivers.lightos [None req-1185d4aa-a454-4be0-9c3c-5ecb4c2746c4 a577dff9225a4ade89bc8de90f6f8749 ee5b981e0ae54ae9ad37044d7694b51d - - - -] Invoking get_volume using GET url: /api/v2/projects/default/volumes/1d889aec-828d-488d-8b88-4af37d052da3             request.body: {} ssl_verify: False
2026-09-01 09:58:59.894 87 WARNING py.warnings [None req-1185d4aa-a454-4be0-9c3c-5ecb4c2746c4 a577dff9225a4ade89bc8de90f6f8749 ee5b981e0ae54ae9ad37044d7694b51d - - - -] /var/lib/kolla/venv/lib/python3.12/site-packages/urllib3/connectionpool.py:1110: InsecureRequestWarning: Unverified HTTPS request is being made to host '[LB_IP_ADDRESS]'. Adding certificate verification is strongly advised. See: https://urllib3.readthedocs.io/en/latest/advanced-usage.html#tls-warnings
  warnings.warn(

2026-09-01 09:58:59.925 87 INFO cinder.volume.flows.manager.create_volume [None req-1185d4aa-a454-4be0-9c3c-5ecb4c2746c4 a577dff9225a4ade89bc8de90f6f8749 ee5b981e0ae54ae9ad37044d7694b51d - - - -] Volume vol_47537c4a-179e-461d-bb41-ea2ca3b84ad2 (47537c4a-179e-461d-bb41-ea2ca3b84ad2): created successfully
2026-09-01 09:58:59.938 87 INFO cinder.volume.manager [None req-1185d4aa-a454-4be0-9c3c-5ecb4c2746c4 a577dff9225a4ade89bc8de90f6f8749 ee5b981e0ae54ae9ad37044d7694b51d - - - -] Created volume successfully.
2026-09-01 09:59:00.003 87 INFO cinder.volume.drivers.lightos [None req-335b4987-8105-4fa1-97cc-fa1a972541ce 9805519c7d9d41ec8cd791b46ae6a56d 880c0292a1f847b0a07c4ba2a38a07fc - - - -] Invoking get_snapshot_by_name using GET url: /api/v2/projects/default/snapshots/?Name=snapshot-05601a6c-3400-4416-a916-fdea53feafa6             request.body: {} ssl_verify: False
2026-09-01 09:59:00.085 87 WARNING py.warnings [None req-335b4987-8105-4fa1-97cc-fa1a972541ce 9805519c7d9d41ec8cd791b46ae6a56d 880c0292a1f847b0a07c4ba2a38a07fc - - - -] /var/lib/kolla/venv/lib/python3.12/site-packages/urllib3/connectionpool.py:1110: InsecureRequestWarning: Unverified HTTPS request is being made to host '[LB_IP_ADDRESS]'. Adding certificate verification is strongly advised. See: https://urllib3.readthedocs.io/en/latest/advanced-usage.html#tls-warnings
  warnings.warn(

2026-09-01 09:59:00.096 87 INFO cinder.volume.drivers.lightos [None req-335b4987-8105-4fa1-97cc-fa1a972541ce 9805519c7d9d41ec8cd791b46ae6a56d 880c0292a1f847b0a07c4ba2a38a07fc - - - -] Invoking create_snapshot using POST url: /api/v2/projects/default/snapshots             request.body: {'name': 'snapshot-05601a6c-3400-4416-a916-fdea53feafa6', 'sourceVolumeUUID': None, 'sourceVolumeName': 'vol_aabeac27-2a33-438f-9007-c8670368eb71'} ssl_verify: False
2026-09-01 09:59:00.214 87 WARNING py.warnings [None req-335b4987-8105-4fa1-97cc-fa1a972541ce 9805519c7d9d41ec8cd791b46ae6a56d 880c0292a1f847b0a07c4ba2a38a07fc - - - -] /var/lib/kolla/venv/lib/python3.12/site-packages/urllib3/connectionpool.py:1110: InsecureRequestWarning: Unverified HTTPS request is being made to host '[LB_IP_ADDRESS]'. Adding certificate verification is strongly advised. See: https://urllib3.readthedocs.io/en/latest/advanced-usage.html#tls-warnings
  warnings.warn(

2026-09-01 09:59:00.253 87 INFO cinder.volume.drivers.lightos [None req-335b4987-8105-4fa1-97cc-fa1a972541ce 9805519c7d9d41ec8cd791b46ae6a56d 880c0292a1f847b0a07c4ba2a38a07fc - - - -] Invoking get_snapshot_by_name using GET url: /api/v2/projects/default/snapshots/?Name=snapshot-05601a6c-3400-4416-a916-fdea53feafa6             request.body: {} ssl_verify: False
2026-09-01 09:59:00.334 87 WARNING py.warnings [None req-335b4987-8105-4fa1-97cc-fa1a972541ce 9805519c7d9d41ec8cd791b46ae6a56d 880c0292a1f847b0a07c4ba2a38a07fc - - - -] /var/lib/kolla/venv/lib/python3.12/site-packages/urllib3/connectionpool.py:1110: InsecureRequestWarning: Unverified HTTPS request is being made to host '[LB_IP_ADDRESS]'. Adding certificate verification is strongly advised. See: https://urllib3.readthedocs.io/en/latest/advanced-usage.html#tls-warnings
  warnings.warn(

2026-09-01 09:59:01.160 87 INFO cinder.volume.drivers.lightos [None req-dbed94e1-4e2a-4560-96f3-910cb52dfb9e a577dff9225a4ade89bc8de90f6f8749 ee5b981e0ae54ae9ad37044d7694b51d - - - -] Invoking delete_volume using DELETE url: /api/v2/projects/default/volumes/1d889aec-828d-488d-8b88-4af37d052da3?             request.body:  ssl_verify: False
2026-09-01 09:59:01.245 87 WARNING py.warnings [None req-dbed94e1-4e2a-4560-96f3-910cb52dfb9e a577dff9225a4ade89bc8de90f6f8749 ee5b981e0ae54ae9ad37044d7694b51d - - - -] /var/lib/kolla/venv/lib/python3.12/site-packages/urllib3/connectionpool.py:1110: InsecureRequestWarning: Unverified HTTPS request is being made to host '[LB_IP_ADDRESS]'. Adding certificate verification is strongly advised. See: https://urllib3.readthedocs.io/en/latest/advanced-usage.html#tls-warnings
  warnings.warn(

2026-09-01 09:59:01.276 87 INFO cinder.volume.drivers.lightos [None req-dbed94e1-4e2a-4560-96f3-910cb52dfb9e a577dff9225a4ade89bc8de90f6f8749 ee5b981e0ae54ae9ad37044d7694b51d - - - -] Invoking get_volume using GET url: /api/v2/projects/default/volumes/1d889aec-828d-488d-8b88-4af37d052da3             request.body: {} ssl_verify: False
2026-09-01 09:59:01.352 87 INFO cinder.volume.drivers.lightos [None req-335b4987-8105-4fa1-97cc-fa1a972541ce 9805519c7d9d41ec8cd791b46ae6a56d 880c0292a1f847b0a07c4ba2a38a07fc - - - -] Invoking get_snapshot_by_name using GET url: /api/v2/projects/default/snapshots/?Name=snapshot-05601a6c-3400-4416-a916-fdea53feafa6             request.body: {} ssl_verify: False
2026-09-01 09:59:01.429 87 WARNING py.warnings [None req-dbed94e1-4e2a-4560-96f3-910cb52dfb9e a577dff9225a4ade89bc8de90f6f8749 ee5b981e0ae54ae9ad37044d7694b51d - - - -] /var/lib/kolla/venv/lib/python3.12/site-packages/urllib3/connectionpool.py:1110: InsecureRequestWarning: Unverified HTTPS request is being made to host '[LB_IP_ADDRESS]'. Adding certificate verification is strongly advised. See: https://urllib3.readthedocs.io/en/latest/advanced-usage.html#tls-warnings
  warnings.warn(

2026-09-01 09:59:01.433 87 WARNING py.warnings [None req-335b4987-8105-4fa1-97cc-fa1a972541ce 9805519c7d9d41ec8cd791b46ae6a56d 880c0292a1f847b0a07c4ba2a38a07fc - - - -] /var/lib/kolla/venv/lib/python3.12/site-packages/urllib3/connectionpool.py:1110: InsecureRequestWarning: Unverified HTTPS request is being made to host '[LB_IP_ADDRESS]'. Adding certificate verification is strongly advised. See: https://urllib3.readthedocs.io/en/latest/advanced-usage.html#tls-warnings
  warnings.warn(

2026-09-01 09:59:01.467 87 INFO cinder.volume.manager [None req-335b4987-8105-4fa1-97cc-fa1a972541ce 9805519c7d9d41ec8cd791b46ae6a56d 880c0292a1f847b0a07c4ba2a38a07fc - - - -] Create snapshot completed successfully
2026-09-01 09:59:01.661 87 INFO cinder.volume.manager [None req-dbed94e1-4e2a-4560-96f3-910cb52dfb9e a577dff9225a4ade89bc8de90f6f8749 ee5b981e0ae54ae9ad37044d7694b51d - - - -] Deleted volume successfully.
2026-09-01 09:59:02.176 87 INFO cinder.volume.drivers.lightos [None req-c3f64cd5-176a-4c22-b2e9-da1fd00b15d7 56a028b20e97401094825b96ee4def23 7f925aa6d7ba4f7bb42030556d30904f - - - -] Invoking get_snapshot_by_name using GET url: /api/v2/projects/default/snapshots/?Name=snapshot-05601a6c-3400-4416-a916-fdea53feafa6             request.body: {} ssl_verify: False
2026-09-01 09:59:02.261 87 WARNING py.warnings [None req-c3f64cd5-176a-4c22-b2e9-da1fd00b15d7 56a028b20e97401094825b96ee4def23 7f925aa6d7ba4f7bb42030556d30904f - - - -] /var/lib/kolla/venv/lib/python3.12/site-packages/urllib3/connectionpool.py:1110: InsecureRequestWarning: Unverified HTTPS request is being made to host '[LB_IP_ADDRESS]'. Adding certificate verification is strongly advised. See: https://urllib3.readthedocs.io/en/latest/advanced-usage.html#tls-warnings
  warnings.warn(

2026-09-01 09:59:02.271 87 INFO cinder.volume.drivers.lightos [None req-c3f64cd5-176a-4c22-b2e9-da1fd00b15d7 56a028b20e97401094825b96ee4def23 7f925aa6d7ba4f7bb42030556d30904f - - - -] Invoking delete_snapshot using DELETE url: /api/v2/projects/default/snapshots/2c2203ba-90f1-4233-9b9b-7f68f59ee157?             request.body:  ssl_verify: False
2026-09-01 09:59:02.353 87 WARNING py.warnings [None req-c3f64cd5-176a-4c22-b2e9-da1fd00b15d7 56a028b20e97401094825b96ee4def23 7f925aa6d7ba4f7bb42030556d30904f - - - -] /var/lib/kolla/venv/lib/python3.12/site-packages/urllib3/connectionpool.py:1110: InsecureRequestWarning: Unverified HTTPS request is being made to host '[LB_IP_ADDRESS]'. Adding certificate verification is strongly advised. See: https://urllib3.readthedocs.io/en/latest/advanced-usage.html#tls-warnings
  warnings.warn(

2026-09-01 09:59:02.372 87 INFO cinder.volume.drivers.lightos [None req-c3f64cd5-176a-4c22-b2e9-da1fd00b15d7 56a028b20e97401094825b96ee4def23 7f925aa6d7ba4f7bb42030556d30904f - - - -] Invoking get_snapshot using GET url: /api/v2/projects/default/snapshots/2c2203ba-90f1-4233-9b9b-7f68f59ee157             request.body: {} ssl_verify: False
2026-09-01 09:59:02.455 87 WARNING py.warnings [None req-c3f64cd5-176a-4c22-b2e9-da1fd00b15d7 56a028b20e97401094825b96ee4def23 7f925aa6d7ba4f7bb42030556d30904f - - - -] /var/lib/kolla/venv/lib/python3.12/site-packages/urllib3/connectionpool.py:1110: InsecureRequestWarning: Unverified HTTPS request is being made to host '[LB_IP_ADDRESS]'. Adding certificate verification is strongly advised. See: https://urllib3.readthedocs.io/en/latest/advanced-usage.html#tls-warnings
  warnings.warn(

2026-09-01 09:59:02.727 87 INFO cinder.volume.manager [None req-c3f64cd5-176a-4c22-b2e9-da1fd00b15d7 56a028b20e97401094825b96ee4def23 7f925aa6d7ba4f7bb42030556d30904f - - - -] Delete snapshot completed successfully.
2026-09-01 09:59:02.849 87 INFO cinder.volume.flows.manager.create_volume [None req-0dbbd0f5-896d-4bc5-ab73-f609d8013666 a577dff9225a4ade89bc8de90f6f8749 ee5b981e0ae54ae9ad37044d7694b51d - - - -] Volume 86e40cc2-51b5-411f-93cb-feac3bc86570: being created as raw with specification: {'status': 'creating', 'volume_name': 'vol_86e40cc2-51b5-411f-93cb-feac3bc86570', 'volume_size': 1}
2026-09-01 09:59:02.850 87 INFO cinder.volume.drivers.lightos [None req-0dbbd0f5-896d-4bc5-ab73-f609d8013666 a577dff9225a4ade89bc8de90f6f8749 ee5b981e0ae54ae9ad37044d7694b51d - - - -] Invoking get_volume_by_name using GET url: /api/v2/projects/default/volumes/?name=vol_86e40cc2-51b5-411f-93cb-feac3bc86570             request.body: {} ssl_verify: False
2026-09-01 09:59:02.935 87 WARNING py.warnings [None req-0dbbd0f5-896d-4bc5-ab73-f609d8013666 a577dff9225a4ade89bc8de90f6f8749 ee5b981e0ae54ae9ad37044d7694b51d - - - -] /var/lib/kolla/venv/lib/python3.12/site-packages/urllib3/connectionpool.py:1110: InsecureRequestWarning: Unverified HTTPS request is being made to host '[LB_IP_ADDRESS]'. Adding certificate verification is strongly advised. See: https://urllib3.readthedocs.io/en/latest/advanced-usage.html#tls-warnings
  warnings.warn(

2026-09-01 09:59:02.944 87 INFO cinder.volume.drivers.lightos [None req-0dbbd0f5-896d-4bc5-ab73-f609d8013666 a577dff9225a4ade89bc8de90f6f8749 ee5b981e0ae54ae9ad37044d7694b51d - - - -] Invoking create_volume using POST url: /api/v2/projects/default/volumes             request.body: {'name': 'vol_86e40cc2-51b5-411f-93cb-feac3bc86570', 'size': '1 gib', 'replicaCount': '3', 'compression': 'False', 'acl': {'values': ['ALLOW_NONE']}, 'IPAcl': {'values': ['ALLOW_NONE']}, 'sourceSnapshotUUID': None, 'sourceSnapshotName': None} ssl_verify: False
2026-09-01 09:59:03.027 87 WARNING py.warnings [None req-0dbbd0f5-896d-4bc5-ab73-f609d8013666 a577dff9225a4ade89bc8de90f6f8749 ee5b981e0ae54ae9ad37044d7694b51d - - - -] /var/lib/kolla/venv/lib/python3.12/site-packages/urllib3/connectionpool.py:1110: InsecureRequestWarning: Unverified HTTPS request is being made to host '[LB_IP_ADDRESS]'. Adding certificate verification is strongly advised. See: https://urllib3.readthedocs.io/en/latest/advanced-usage.html#tls-warnings
  warnings.warn(

2026-09-01 09:59:03.044 87 INFO cinder.volume.drivers.lightos [None req-0dbbd0f5-896d-4bc5-ab73-f609d8013666 a577dff9225a4ade89bc8de90f6f8749 ee5b981e0ae54ae9ad37044d7694b51d - - - -] Invoking get_volume using GET url: /api/v2/projects/default/volumes/508e1257-6a67-40ea-9238-d5df657482c8             request.body: {} ssl_verify: False
2026-09-01 09:59:03.125 87 WARNING py.warnings [None req-0dbbd0f5-896d-4bc5-ab73-f609d8013666 a577dff9225a4ade89bc8de90f6f8749 ee5b981e0ae54ae9ad37044d7694b51d - - - -] /var/lib/kolla/venv/lib/python3.12/site-packages/urllib3/connectionpool.py:1110: InsecureRequestWarning: Unverified HTTPS request is being made to host '[LB_IP_ADDRESS]'. Adding certificate verification is strongly advised. See: https://urllib3.readthedocs.io/en/latest/advanced-usage.html#tls-warnings
  warnings.warn(

2026-09-01 09:59:03.156 87 INFO cinder.volume.flows.manager.create_volume [None req-0dbbd0f5-896d-4bc5-ab73-f609d8013666 a577dff9225a4ade89bc8de90f6f8749 ee5b981e0ae54ae9ad37044d7694b51d - - - -] Volume vol_86e40cc2-51b5-411f-93cb-feac3bc86570 (86e40cc2-51b5-411f-93cb-feac3bc86570): created successfully
2026-09-01 09:59:03.168 87 INFO cinder.volume.manager [None req-0dbbd0f5-896d-4bc5-ab73-f609d8013666 a577dff9225a4ade89bc8de90f6f8749 ee5b981e0ae54ae9ad37044d7694b51d - - - -] Created volume successfully.
2026-09-01 09:59:03.593 87 INFO cinder.volume.drivers.lightos [None req-03a12ec9-87a8-4ee7-8fb7-d626913c51d2 9805519c7d9d41ec8cd791b46ae6a56d 880c0292a1f847b0a07c4ba2a38a07fc - - - -] Invoking get_snapshot_by_name using GET url: /api/v2/projects/default/snapshots/?Name=snapshot-bc43a8e1-0f4a-4194-b03a-cd88a82f2ece             request.body: {} ssl_verify: False
2026-09-01 09:59:03.675 87 WARNING py.warnings [None req-03a12ec9-87a8-4ee7-8fb7-d626913c51d2 9805519c7d9d41ec8cd791b46ae6a56d 880c0292a1f847b0a07c4ba2a38a07fc - - - -] /var/lib/kolla/venv/lib/python3.12/site-packages/urllib3/connectionpool.py:1110: InsecureRequestWarning: Unverified HTTPS request is being made to host '[LB_IP_ADDRESS]'. Adding certificate verification is strongly advised. See: https://urllib3.readthedocs.io/en/latest/advanced-usage.html#tls-warnings
  warnings.warn(

2026-09-01 09:59:03.688 87 INFO cinder.volume.drivers.lightos [None req-03a12ec9-87a8-4ee7-8fb7-d626913c51d2 9805519c7d9d41ec8cd791b46ae6a56d 880c0292a1f847b0a07c4ba2a38a07fc - - - -] Invoking delete_snapshot using DELETE url: /api/v2/projects/default/snapshots/b721c220-d22d-4714-ac89-43f25887cdd3?             request.body:  ssl_verify: False
2026-09-01 09:59:03.770 87 WARNING py.warnings [None req-03a12ec9-87a8-4ee7-8fb7-d626913c51d2 9805519c7d9d41ec8cd791b46ae6a56d 880c0292a1f847b0a07c4ba2a38a07fc - - - -] /var/lib/kolla/venv/lib/python3.12/site-packages/urllib3/connectionpool.py:1110: InsecureRequestWarning: Unverified HTTPS request is being made to host '[LB_IP_ADDRESS]'. Adding certificate verification is strongly advised. See: https://urllib3.readthedocs.io/en/latest/advanced-usage.html#tls-warnings
  warnings.warn(

2026-09-01 09:59:03.795 87 INFO cinder.volume.drivers.lightos [None req-03a12ec9-87a8-4ee7-8fb7-d626913c51d2 9805519c7d9d41ec8cd791b46ae6a56d 880c0292a1f847b0a07c4ba2a38a07fc - - - -] Invoking get_snapshot using GET url: /api/v2/projects/default/snapshots/b721c220-d22d-4714-ac89-43f25887cdd3             request.body: {} ssl_verify: False
2026-09-01 09:59:03.877 87 WARNING py.warnings [None req-03a12ec9-87a8-4ee7-8fb7-d626913c51d2 9805519c7d9d41ec8cd791b46ae6a56d 880c0292a1f847b0a07c4ba2a38a07fc - - - -] /var/lib/kolla/venv/lib/python3.12/site-packages/urllib3/connectionpool.py:1110: InsecureRequestWarning: Unverified HTTPS request is being made to host '[LB_IP_ADDRESS]'. Adding certificate verification is strongly advised. See: https://urllib3.readthedocs.io/en/latest/advanced-usage.html#tls-warnings
  warnings.warn(

2026-09-01 09:59:04.133 87 INFO cinder.volume.manager [None req-03a12ec9-87a8-4ee7-8fb7-d626913c51d2 9805519c7d9d41ec8cd791b46ae6a56d 880c0292a1f847b0a07c4ba2a38a07fc - - - -] Delete snapshot completed successfully.
2026-09-01 09:59:04.763 87 INFO cinder.volume.drivers.lightos [None req-b275f48b-cb51-4395-bba0-6c5b930bd022 9805519c7d9d41ec8cd791b46ae6a56d 880c0292a1f847b0a07c4ba2a38a07fc - - - -] Invoking delete_volume using DELETE url: /api/v2/projects/default/volumes/50f08de0-c37a-4c11-b67a-32a7e3642f01?             request.body:  ssl_verify: False
2026-09-01 09:59:04.853 87 WARNING py.warnings [None req-b275f48b-cb51-4395-bba0-6c5b930bd022 9805519c7d9d41ec8cd791b46ae6a56d 880c0292a1f847b0a07c4ba2a38a07fc - - - -] /var/lib/kolla/venv/lib/python3.12/site-packages/urllib3/connectionpool.py:1110: InsecureRequestWarning: Unverified HTTPS request is being made to host '[LB_IP_ADDRESS]'. Adding certificate verification is strongly advised. See: https://urllib3.readthedocs.io/en/latest/advanced-usage.html#tls-warnings
  warnings.warn(

2026-09-01 09:59:04.881 87 INFO cinder.volume.drivers.lightos [None req-b275f48b-cb51-4395-bba0-6c5b930bd022 9805519c7d9d41ec8cd791b46ae6a56d 880c0292a1f847b0a07c4ba2a38a07fc - - - -] Invoking get_volume using GET url: /api/v2/projects/default/volumes/50f08de0-c37a-4c11-b67a-32a7e3642f01             request.body: {} ssl_verify: False
2026-09-01 09:59:04.963 87 WARNING py.warnings [None req-b275f48b-cb51-4395-bba0-6c5b930bd022 9805519c7d9d41ec8cd791b46ae6a56d 880c0292a1f847b0a07c4ba2a38a07fc - - - -] /var/lib/kolla/venv/lib/python3.12/site-packages/urllib3/connectionpool.py:1110: InsecureRequestWarning: Unverified HTTPS request is being made to host '[LB_IP_ADDRESS]'. Adding certificate verification is strongly advised. See: https://urllib3.readthedocs.io/en/latest/advanced-usage.html#tls-warnings
  warnings.warn(

2026-09-01 09:59:05.196 87 INFO cinder.volume.manager [None req-b275f48b-cb51-4395-bba0-6c5b930bd022 9805519c7d9d41ec8cd791b46ae6a56d 880c0292a1f847b0a07c4ba2a38a07fc - - - -] Deleted volume successfully.
2026-09-01 09:59:05.897 87 INFO cinder.volume.manager [None req-a25d187f-c960-4c39-87ae-6d39eee723de a33d89cec6e3448095afd2c55369b60e 676d815bff994856bb0a31628b0bc82d - - - -] Transfer volume completed successfully.
2026-09-01 09:59:06.291 87 INFO cinder.volume.flows.manager.create_volume [None req-e7ded4b9-657f-43ec-b16f-460a4e158189 829f0498aaa748d58d3a3c73fffa7d8f 3224af0b2888468395e225d2bce944e1 - - - -] Volume 527c8707-ec5f-446f-8389-dbff4e455d25: being created as raw with specification: {'status': 'creating', 'volume_name': 'vol_527c8707-ec5f-446f-8389-dbff4e455d25', 'volume_size': 1}
2026-09-01 09:59:06.291 87 INFO cinder.volume.drivers.lightos [None req-e7ded4b9-657f-43ec-b16f-460a4e158189 829f0498aaa748d58d3a3c73fffa7d8f 3224af0b2888468395e225d2bce944e1 - - - -] Invoking get_volume_by_name using GET url: /api/v2/projects/default/volumes/?name=vol_527c8707-ec5f-446f-8389-dbff4e455d25             request.body: {} ssl_verify: False
2026-09-01 09:59:06.377 87 WARNING py.warnings [None req-e7ded4b9-657f-43ec-b16f-460a4e158189 829f0498aaa748d58d3a3c73fffa7d8f 3224af0b2888468395e225d2bce944e1 - - - -] /var/lib/kolla/venv/lib/python3.12/site-packages/urllib3/connectionpool.py:1110: InsecureRequestWarning: Unverified HTTPS request is being made to host '[LB_IP_ADDRESS]'. Adding certificate verification is strongly advised. See: https://urllib3.readthedocs.io/en/latest/advanced-usage.html#tls-warnings
  warnings.warn(

2026-09-01 09:59:06.392 87 INFO cinder.volume.drivers.lightos [None req-e7ded4b9-657f-43ec-b16f-460a4e158189 829f0498aaa748d58d3a3c73fffa7d8f 3224af0b2888468395e225d2bce944e1 - - - -] Invoking create_volume using POST url: /api/v2/projects/default/volumes             request.body: {'name': 'vol_527c8707-ec5f-446f-8389-dbff4e455d25', 'size': '1 gib', 'replicaCount': '3', 'compression': 'False', 'acl': {'values': ['ALLOW_NONE']}, 'IPAcl': {'values': ['ALLOW_NONE']}, 'sourceSnapshotUUID': None, 'sourceSnapshotName': None} ssl_verify: False
2026-09-01 09:59:06.473 87 WARNING py.warnings [None req-e7ded4b9-657f-43ec-b16f-460a4e158189 829f0498aaa748d58d3a3c73fffa7d8f 3224af0b2888468395e225d2bce944e1 - - - -] /var/lib/kolla/venv/lib/python3.12/site-packages/urllib3/connectionpool.py:1110: InsecureRequestWarning: Unverified HTTPS request is being made to host '[LB_IP_ADDRESS]'. Adding certificate verification is strongly advised. See: https://urllib3.readthedocs.io/en/latest/advanced-usage.html#tls-warnings
  warnings.warn(

2026-09-01 09:59:06.496 87 INFO cinder.volume.drivers.lightos [None req-e7ded4b9-657f-43ec-b16f-460a4e158189 829f0498aaa748d58d3a3c73fffa7d8f 3224af0b2888468395e225d2bce944e1 - - - -] Invoking get_volume using GET url: /api/v2/projects/default/volumes/f639fe44-751a-49cf-a2bb-d029235369c0             request.body: {} ssl_verify: False
2026-09-01 09:59:06.578 87 WARNING py.warnings [None req-e7ded4b9-657f-43ec-b16f-460a4e158189 829f0498aaa748d58d3a3c73fffa7d8f 3224af0b2888468395e225d2bce944e1 - - - -] /var/lib/kolla/venv/lib/python3.12/site-packages/urllib3/connectionpool.py:1110: InsecureRequestWarning: Unverified HTTPS request is being made to host '[LB_IP_ADDRESS]'. Adding certificate verification is strongly advised. See: https://urllib3.readthedocs.io/en/latest/advanced-usage.html#tls-warnings
  warnings.warn(

2026-09-01 09:59:06.608 87 INFO cinder.volume.flows.manager.create_volume [None req-e7ded4b9-657f-43ec-b16f-460a4e158189 829f0498aaa748d58d3a3c73fffa7d8f 3224af0b2888468395e225d2bce944e1 - - - -] Volume vol_527c8707-ec5f-446f-8389-dbff4e455d25 (527c8707-ec5f-446f-8389-dbff4e455d25): created successfully
2026-09-01 09:59:06.620 87 INFO cinder.volume.manager [None req-e7ded4b9-657f-43ec-b16f-460a4e158189 829f0498aaa748d58d3a3c73fffa7d8f 3224af0b2888468395e225d2bce944e1 - - - -] Created volume successfully.
2026-09-01 09:59:07.110 87 INFO cinder.volume.drivers.lightos [None req-b37dae35-2526-4f5d-b26f-350c685f7cae 4f0a31ab4de4485eaf31d4eac4c4c8e8 4399348bccd248e78be243b23e185911 - - - -] Invoking delete_volume using DELETE url: /api/v2/projects/default/volumes/508e1257-6a67-40ea-9238-d5df657482c8?             request.body:  ssl_verify: False
2026-09-01 09:59:07.195 87 WARNING py.warnings [None req-b37dae35-2526-4f5d-b26f-350c685f7cae 4f0a31ab4de4485eaf31d4eac4c4c8e8 4399348bccd248e78be243b23e185911 - - - -] /var/lib/kolla/venv/lib/python3.12/site-packages/urllib3/connectionpool.py:1110: InsecureRequestWarning: Unverified HTTPS request is being made to host '[LB_IP_ADDRESS]'. Adding certificate verification is strongly advised. See: https://urllib3.readthedocs.io/en/latest/advanced-usage.html#tls-warnings
  warnings.warn(

2026-09-01 09:59:07.226 87 INFO cinder.volume.drivers.lightos [None req-b37dae35-2526-4f5d-b26f-350c685f7cae 4f0a31ab4de4485eaf31d4eac4c4c8e8 4399348bccd248e78be243b23e185911 - - - -] Invoking get_volume using GET url: /api/v2/projects/default/volumes/508e1257-6a67-40ea-9238-d5df657482c8             request.body: {} ssl_verify: False
2026-09-01 09:59:07.309 87 WARNING py.warnings [None req-b37dae35-2526-4f5d-b26f-350c685f7cae 4f0a31ab4de4485eaf31d4eac4c4c8e8 4399348bccd248e78be243b23e185911 - - - -] /var/lib/kolla/venv/lib/python3.12/site-packages/urllib3/connectionpool.py:1110: InsecureRequestWarning: Unverified HTTPS request is being made to host '[LB_IP_ADDRESS]'. Adding certificate verification is strongly advised. See: https://urllib3.readthedocs.io/en/latest/advanced-usage.html#tls-warnings
  warnings.warn(

2026-09-01 09:59:07.534 87 INFO cinder.volume.manager [None req-b37dae35-2526-4f5d-b26f-350c685f7cae 4f0a31ab4de4485eaf31d4eac4c4c8e8 4399348bccd248e78be243b23e185911 - - - -] Deleted volume successfully.
2026-09-01 09:59:08.032 87 INFO cinder.volume.flows.manager.create_volume [None req-eb64c833-ff6a-4de9-9da7-4a48de082c0f 829f0498aaa748d58d3a3c73fffa7d8f 3224af0b2888468395e225d2bce944e1 - - - -] Volume 8dc24f4d-fa66-440d-8c36-faff53c05f2c: being created as raw with specification: {'status': 'creating', 'volume_name': 'vol_8dc24f4d-fa66-440d-8c36-faff53c05f2c', 'volume_size': 1}
2026-09-01 09:59:08.033 87 INFO cinder.volume.drivers.lightos [None req-eb64c833-ff6a-4de9-9da7-4a48de082c0f 829f0498aaa748d58d3a3c73fffa7d8f 3224af0b2888468395e225d2bce944e1 - - - -] Invoking get_volume_by_name using GET url: /api/v2/projects/default/volumes/?name=vol_8dc24f4d-fa66-440d-8c36-faff53c05f2c             request.body: {} ssl_verify: False
2026-09-01 09:59:08.118 87 WARNING py.warnings [None req-eb64c833-ff6a-4de9-9da7-4a48de082c0f 829f0498aaa748d58d3a3c73fffa7d8f 3224af0b2888468395e225d2bce944e1 - - - -] /var/lib/kolla/venv/lib/python3.12/site-packages/urllib3/connectionpool.py:1110: InsecureRequestWarning: Unverified HTTPS request is being made to host '[LB_IP_ADDRESS]'. Adding certificate verification is strongly advised. See: https://urllib3.readthedocs.io/en/latest/advanced-usage.html#tls-warnings
  warnings.warn(

2026-09-01 09:59:08.133 87 INFO cinder.volume.drivers.lightos [None req-eb64c833-ff6a-4de9-9da7-4a48de082c0f 829f0498aaa748d58d3a3c73fffa7d8f 3224af0b2888468395e225d2bce944e1 - - - -] Invoking create_volume using POST url: /api/v2/projects/default/volumes             request.body: {'name': 'vol_8dc24f4d-fa66-440d-8c36-faff53c05f2c', 'size': '1 gib', 'replicaCount': '3', 'compression': 'False', 'acl': {'values': ['ALLOW_NONE']}, 'IPAcl': {'values': ['ALLOW_NONE']}, 'sourceSnapshotUUID': None, 'sourceSnapshotName': None} ssl_verify: False
2026-09-01 09:59:08.218 87 WARNING py.warnings [None req-eb64c833-ff6a-4de9-9da7-4a48de082c0f 829f0498aaa748d58d3a3c73fffa7d8f 3224af0b2888468395e225d2bce944e1 - - - -] /var/lib/kolla/venv/lib/python3.12/site-packages/urllib3/connectionpool.py:1110: InsecureRequestWarning: Unverified HTTPS request is being made to host '[LB_IP_ADDRESS]'. Adding certificate verification is strongly advised. See: https://urllib3.readthedocs.io/en/latest/advanced-usage.html#tls-warnings
  warnings.warn(

2026-09-01 09:59:08.246 87 INFO cinder.volume.drivers.lightos [None req-eb64c833-ff6a-4de9-9da7-4a48de082c0f 829f0498aaa748d58d3a3c73fffa7d8f 3224af0b2888468395e225d2bce944e1 - - - -] Invoking get_volume using GET url: /api/v2/projects/default/volumes/76caf743-72bb-4c49-97db-e4f67217fa1c             request.body: {} ssl_verify: False
2026-09-01 09:59:08.330 87 WARNING py.warnings [None req-eb64c833-ff6a-4de9-9da7-4a48de082c0f 829f0498aaa748d58d3a3c73fffa7d8f 3224af0b2888468395e225d2bce944e1 - - - -] /var/lib/kolla/venv/lib/python3.12/site-packages/urllib3/connectionpool.py:1110: InsecureRequestWarning: Unverified HTTPS request is being made to host '[LB_IP_ADDRESS]'. Adding certificate verification is strongly advised. See: https://urllib3.readthedocs.io/en/latest/advanced-usage.html#tls-warnings
  warnings.warn(

2026-09-01 09:59:08.363 87 INFO cinder.volume.flows.manager.create_volume [None req-eb64c833-ff6a-4de9-9da7-4a48de082c0f 829f0498aaa748d58d3a3c73fffa7d8f 3224af0b2888468395e225d2bce944e1 - - - -] Volume vol_8dc24f4d-fa66-440d-8c36-faff53c05f2c (8dc24f4d-fa66-440d-8c36-faff53c05f2c): created successfully
2026-09-01 09:59:08.376 87 INFO cinder.volume.manager [None req-eb64c833-ff6a-4de9-9da7-4a48de082c0f 829f0498aaa748d58d3a3c73fffa7d8f 3224af0b2888468395e225d2bce944e1 - - - -] Created volume successfully.
2026-09-01 09:59:09.842 87 INFO cinder.volume.flows.manager.create_volume [None req-52263347-4d77-4f38-aae4-f067f516cab0 829f0498aaa748d58d3a3c73fffa7d8f 3224af0b2888468395e225d2bce944e1 - - - -] Volume 0b4cf357-7085-4fb9-9c1d-6bcdce3d9423: being created as raw with specification: {'status': 'creating', 'volume_name': 'vol_0b4cf357-7085-4fb9-9c1d-6bcdce3d9423', 'volume_size': 1}
2026-09-01 09:59:09.843 87 INFO cinder.volume.drivers.lightos [None req-52263347-4d77-4f38-aae4-f067f516cab0 829f0498aaa748d58d3a3c73fffa7d8f 3224af0b2888468395e225d2bce944e1 - - - -] Invoking get_volume_by_name using GET url: /api/v2/projects/default/volumes/?name=vol_0b4cf357-7085-4fb9-9c1d-6bcdce3d9423             request.body: {} ssl_verify: False
2026-09-01 09:59:09.925 87 WARNING py.warnings [None req-52263347-4d77-4f38-aae4-f067f516cab0 829f0498aaa748d58d3a3c73fffa7d8f 3224af0b2888468395e225d2bce944e1 - - - -] /var/lib/kolla/venv/lib/python3.12/site-packages/urllib3/connectionpool.py:1110: InsecureRequestWarning: Unverified HTTPS request is being made to host '[LB_IP_ADDRESS]'. Adding certificate verification is strongly advised. See: https://urllib3.readthedocs.io/en/latest/advanced-usage.html#tls-warnings
  warnings.warn(

2026-09-01 09:59:09.934 87 INFO cinder.volume.drivers.lightos [None req-52263347-4d77-4f38-aae4-f067f516cab0 829f0498aaa748d58d3a3c73fffa7d8f 3224af0b2888468395e225d2bce944e1 - - - -] Invoking create_volume using POST url: /api/v2/projects/default/volumes             request.body: {'name': 'vol_0b4cf357-7085-4fb9-9c1d-6bcdce3d9423', 'size': '1 gib', 'replicaCount': '3', 'compression': 'False', 'acl': {'values': ['ALLOW_NONE']}, 'IPAcl': {'values': ['ALLOW_NONE']}, 'sourceSnapshotUUID': None, 'sourceSnapshotName': None} ssl_verify: False
2026-09-01 09:59:10.018 87 WARNING py.warnings [None req-52263347-4d77-4f38-aae4-f067f516cab0 829f0498aaa748d58d3a3c73fffa7d8f 3224af0b2888468395e225d2bce944e1 - - - -] /var/lib/kolla/venv/lib/python3.12/site-packages/urllib3/connectionpool.py:1110: InsecureRequestWarning: Unverified HTTPS request is being made to host '[LB_IP_ADDRESS]'. Adding certificate verification is strongly advised. See: https://urllib3.readthedocs.io/en/latest/advanced-usage.html#tls-warnings
  warnings.warn(

2026-09-01 09:59:10.049 87 INFO cinder.volume.drivers.lightos [None req-52263347-4d77-4f38-aae4-f067f516cab0 829f0498aaa748d58d3a3c73fffa7d8f 3224af0b2888468395e225d2bce944e1 - - - -] Invoking get_volume using GET url: /api/v2/projects/default/volumes/3130f617-4eae-4b90-ad5d-05075c68646d             request.body: {} ssl_verify: False
2026-09-01 09:59:10.133 87 WARNING py.warnings [None req-52263347-4d77-4f38-aae4-f067f516cab0 829f0498aaa748d58d3a3c73fffa7d8f 3224af0b2888468395e225d2bce944e1 - - - -] /var/lib/kolla/venv/lib/python3.12/site-packages/urllib3/connectionpool.py:1110: InsecureRequestWarning: Unverified HTTPS request is being made to host '[LB_IP_ADDRESS]'. Adding certificate verification is strongly advised. See: https://urllib3.readthedocs.io/en/latest/advanced-usage.html#tls-warnings
  warnings.warn(

2026-09-01 09:59:10.165 87 INFO cinder.volume.flows.manager.create_volume [None req-52263347-4d77-4f38-aae4-f067f516cab0 829f0498aaa748d58d3a3c73fffa7d8f 3224af0b2888468395e225d2bce944e1 - - - -] Volume vol_0b4cf357-7085-4fb9-9c1d-6bcdce3d9423 (0b4cf357-7085-4fb9-9c1d-6bcdce3d9423): created successfully
2026-09-01 09:59:10.178 87 INFO cinder.volume.manager [None req-52263347-4d77-4f38-aae4-f067f516cab0 829f0498aaa748d58d3a3c73fffa7d8f 3224af0b2888468395e225d2bce944e1 - - - -] Created volume successfully.
2026-09-01 09:59:11.756 87 INFO cinder.volume.flows.manager.create_volume [None req-26d0b83d-9441-4f5c-83ae-a2d7014105f3 72b1d4823b45429bbedf4df9c12c5b08 db2934e1883d4a10b85c879c8d4c6661 - - - -] Volume 4837b718-45e9-410e-bd73-a4e8571690f6: being created as raw with specification: {'status': 'creating', 'volume_name': 'vol_4837b718-45e9-410e-bd73-a4e8571690f6', 'volume_size': 1}
2026-09-01 09:59:11.756 87 INFO cinder.volume.drivers.lightos [None req-26d0b83d-9441-4f5c-83ae-a2d7014105f3 72b1d4823b45429bbedf4df9c12c5b08 db2934e1883d4a10b85c879c8d4c6661 - - - -] Invoking get_volume_by_name using GET url: /api/v2/projects/default/volumes/?name=vol_4837b718-45e9-410e-bd73-a4e8571690f6             request.body: {} ssl_verify: False
2026-09-01 09:59:11.841 87 WARNING py.warnings [None req-26d0b83d-9441-4f5c-83ae-a2d7014105f3 72b1d4823b45429bbedf4df9c12c5b08 db2934e1883d4a10b85c879c8d4c6661 - - - -] /var/lib/kolla/venv/lib/python3.12/site-packages/urllib3/connectionpool.py:1110: InsecureRequestWarning: Unverified HTTPS request is being made to host '[LB_IP_ADDRESS]'. Adding certificate verification is strongly advised. See: https://urllib3.readthedocs.io/en/latest/advanced-usage.html#tls-warnings
  warnings.warn(

2026-09-01 09:59:11.851 87 INFO cinder.volume.drivers.lightos [None req-26d0b83d-9441-4f5c-83ae-a2d7014105f3 72b1d4823b45429bbedf4df9c12c5b08 db2934e1883d4a10b85c879c8d4c6661 - - - -] Invoking create_volume using POST url: /api/v2/projects/default/volumes             request.body: {'name': 'vol_4837b718-45e9-410e-bd73-a4e8571690f6', 'size': '1 gib', 'replicaCount': '3', 'compression': 'False', 'acl': {'values': ['ALLOW_NONE']}, 'IPAcl': {'values': ['ALLOW_NONE']}, 'sourceSnapshotUUID': None, 'sourceSnapshotName': None} ssl_verify: False
2026-09-01 09:59:11.939 87 WARNING py.warnings [None req-26d0b83d-9441-4f5c-83ae-a2d7014105f3 72b1d4823b45429bbedf4df9c12c5b08 db2934e1883d4a10b85c879c8d4c6661 - - - -] /var/lib/kolla/venv/lib/python3.12/site-packages/urllib3/connectionpool.py:1110: InsecureRequestWarning: Unverified HTTPS request is being made to host '[LB_IP_ADDRESS]'. Adding certificate verification is strongly advised. See: https://urllib3.readthedocs.io/en/latest/advanced-usage.html#tls-warnings
  warnings.warn(

2026-09-01 09:59:11.966 87 INFO cinder.volume.drivers.lightos [None req-26d0b83d-9441-4f5c-83ae-a2d7014105f3 72b1d4823b45429bbedf4df9c12c5b08 db2934e1883d4a10b85c879c8d4c6661 - - - -] Invoking get_volume using GET url: /api/v2/projects/default/volumes/34b359ce-3374-4169-8e0a-2c85b423d681             request.body: {} ssl_verify: False
2026-09-01 09:59:12.053 87 WARNING py.warnings [None req-26d0b83d-9441-4f5c-83ae-a2d7014105f3 72b1d4823b45429bbedf4df9c12c5b08 db2934e1883d4a10b85c879c8d4c6661 - - - -] /var/lib/kolla/venv/lib/python3.12/site-packages/urllib3/connectionpool.py:1110: InsecureRequestWarning: Unverified HTTPS request is being made to host '[LB_IP_ADDRESS]'. Adding certificate verification is strongly advised. See: https://urllib3.readthedocs.io/en/latest/advanced-usage.html#tls-warnings
  warnings.warn(

2026-09-01 09:59:12.085 87 INFO cinder.volume.flows.manager.create_volume [None req-26d0b83d-9441-4f5c-83ae-a2d7014105f3 72b1d4823b45429bbedf4df9c12c5b08 db2934e1883d4a10b85c879c8d4c6661 - - - -] Volume vol_4837b718-45e9-410e-bd73-a4e8571690f6 (4837b718-45e9-410e-bd73-a4e8571690f6): created successfully
2026-09-01 09:59:12.098 87 INFO cinder.volume.manager [None req-26d0b83d-9441-4f5c-83ae-a2d7014105f3 72b1d4823b45429bbedf4df9c12c5b08 db2934e1883d4a10b85c879c8d4c6661 - - - -] Created volume successfully.
2026-09-01 09:59:12.871 87 INFO cinder.volume.drivers.lightos [None req-fcb9dbe3-c6c4-4bf3-9b94-52d566eeaa4b 72b1d4823b45429bbedf4df9c12c5b08 db2934e1883d4a10b85c879c8d4c6661 - - - -] Invoking delete_volume using DELETE url: /api/v2/projects/default/volumes/34b359ce-3374-4169-8e0a-2c85b423d681?             request.body:  ssl_verify: False
2026-09-01 09:59:12.956 87 WARNING py.warnings [None req-fcb9dbe3-c6c4-4bf3-9b94-52d566eeaa4b 72b1d4823b45429bbedf4df9c12c5b08 db2934e1883d4a10b85c879c8d4c6661 - - - -] /var/lib/kolla/venv/lib/python3.12/site-packages/urllib3/connectionpool.py:1110: InsecureRequestWarning: Unverified HTTPS request is being made to host '[LB_IP_ADDRESS]'. Adding certificate verification is strongly advised. See: https://urllib3.readthedocs.io/en/latest/advanced-usage.html#tls-warnings
  warnings.warn(

2026-09-01 09:59:12.979 87 INFO cinder.volume.drivers.lightos [None req-cf5c8935-d67b-4d24-9318-ae99cc5a99a7 829f0498aaa748d58d3a3c73fffa7d8f 3224af0b2888468395e225d2bce944e1 - - - -] Invoking delete_volume using DELETE url: /api/v2/projects/default/volumes/3130f617-4eae-4b90-ad5d-05075c68646d?             request.body:  ssl_verify: False
2026-09-01 09:59:13.057 87 INFO cinder.volume.drivers.lightos [None req-fcb9dbe3-c6c4-4bf3-9b94-52d566eeaa4b 72b1d4823b45429bbedf4df9c12c5b08 db2934e1883d4a10b85c879c8d4c6661 - - - -] Invoking get_volume using GET url: /api/v2/projects/default/volumes/34b359ce-3374-4169-8e0a-2c85b423d681             request.body: {} ssl_verify: False
2026-09-01 09:59:13.135 87 WARNING py.warnings [None req-cf5c8935-d67b-4d24-9318-ae99cc5a99a7 829f0498aaa748d58d3a3c73fffa7d8f 3224af0b2888468395e225d2bce944e1 - - - -] /var/lib/kolla/venv/lib/python3.12/site-packages/urllib3/connectionpool.py:1110: InsecureRequestWarning: Unverified HTTPS request is being made to host '[LB_IP_ADDRESS]'. Adding certificate verification is strongly advised. See: https://urllib3.readthedocs.io/en/latest/advanced-usage.html#tls-warnings
  warnings.warn(

2026-09-01 09:59:13.140 87 WARNING py.warnings [None req-fcb9dbe3-c6c4-4bf3-9b94-52d566eeaa4b 72b1d4823b45429bbedf4df9c12c5b08 db2934e1883d4a10b85c879c8d4c6661 - - - -] /var/lib/kolla/venv/lib/python3.12/site-packages/urllib3/connectionpool.py:1110: InsecureRequestWarning: Unverified HTTPS request is being made to host '[LB_IP_ADDRESS]'. Adding certificate verification is strongly advised. See: https://urllib3.readthedocs.io/en/latest/advanced-usage.html#tls-warnings
  warnings.warn(

2026-09-01 09:59:13.159 87 INFO cinder.volume.drivers.lightos [None req-cf5c8935-d67b-4d24-9318-ae99cc5a99a7 829f0498aaa748d58d3a3c73fffa7d8f 3224af0b2888468395e225d2bce944e1 - - - -] Invoking get_volume using GET url: /api/v2/projects/default/volumes/3130f617-4eae-4b90-ad5d-05075c68646d             request.body: {} ssl_verify: False
2026-09-01 09:59:13.241 87 WARNING py.warnings [None req-cf5c8935-d67b-4d24-9318-ae99cc5a99a7 829f0498aaa748d58d3a3c73fffa7d8f 3224af0b2888468395e225d2bce944e1 - - - -] /var/lib/kolla/venv/lib/python3.12/site-packages/urllib3/connectionpool.py:1110: InsecureRequestWarning: Unverified HTTPS request is being made to host '[LB_IP_ADDRESS]'. Adding certificate verification is strongly advised. See: https://urllib3.readthedocs.io/en/latest/advanced-usage.html#tls-warnings
  warnings.warn(

2026-09-01 09:59:13.580 87 INFO cinder.volume.manager [None req-fcb9dbe3-c6c4-4bf3-9b94-52d566eeaa4b 72b1d4823b45429bbedf4df9c12c5b08 db2934e1883d4a10b85c879c8d4c6661 - - - -] Deleted volume successfully.
2026-09-01 09:59:13.608 87 INFO cinder.volume.manager [None req-cf5c8935-d67b-4d24-9318-ae99cc5a99a7 829f0498aaa748d58d3a3c73fffa7d8f 3224af0b2888468395e225d2bce944e1 - - - -] Deleted volume successfully.
2026-09-01 09:59:14.155 87 INFO cinder.volume.drivers.lightos [None req-21c05493-b7e2-486f-b3f3-0f2e1a6c7028 829f0498aaa748d58d3a3c73fffa7d8f 3224af0b2888468395e225d2bce944e1 - - - -] Invoking delete_volume using DELETE url: /api/v2/projects/default/volumes/76caf743-72bb-4c49-97db-e4f67217fa1c?             request.body:  ssl_verify: False
2026-09-01 09:59:14.237 87 WARNING py.warnings [None req-21c05493-b7e2-486f-b3f3-0f2e1a6c7028 829f0498aaa748d58d3a3c73fffa7d8f 3224af0b2888468395e225d2bce944e1 - - - -] /var/lib/kolla/venv/lib/python3.12/site-packages/urllib3/connectionpool.py:1110: InsecureRequestWarning: Unverified HTTPS request is being made to host '[LB_IP_ADDRESS]'. Adding certificate verification is strongly advised. See: https://urllib3.readthedocs.io/en/latest/advanced-usage.html#tls-warnings
  warnings.warn(

2026-09-01 09:59:14.257 87 INFO cinder.volume.drivers.lightos [None req-21c05493-b7e2-486f-b3f3-0f2e1a6c7028 829f0498aaa748d58d3a3c73fffa7d8f 3224af0b2888468395e225d2bce944e1 - - - -] Invoking get_volume using GET url: /api/v2/projects/default/volumes/76caf743-72bb-4c49-97db-e4f67217fa1c             request.body: {} ssl_verify: False
2026-09-01 09:59:14.339 87 WARNING py.warnings [None req-21c05493-b7e2-486f-b3f3-0f2e1a6c7028 829f0498aaa748d58d3a3c73fffa7d8f 3224af0b2888468395e225d2bce944e1 - - - -] /var/lib/kolla/venv/lib/python3.12/site-packages/urllib3/connectionpool.py:1110: InsecureRequestWarning: Unverified HTTPS request is being made to host '[LB_IP_ADDRESS]'. Adding certificate verification is strongly advised. See: https://urllib3.readthedocs.io/en/latest/advanced-usage.html#tls-warnings
  warnings.warn(

2026-09-01 09:59:14.563 87 INFO cinder.volume.manager [None req-21c05493-b7e2-486f-b3f3-0f2e1a6c7028 829f0498aaa748d58d3a3c73fffa7d8f 3224af0b2888468395e225d2bce944e1 - - - -] Deleted volume successfully.
2026-09-01 09:59:15.335 87 INFO cinder.volume.drivers.lightos [None req-7ced2120-4cad-4916-9a82-1c7cbf4a4cb0 829f0498aaa748d58d3a3c73fffa7d8f 3224af0b2888468395e225d2bce944e1 - - - -] Invoking delete_volume using DELETE url: /api/v2/projects/default/volumes/f639fe44-751a-49cf-a2bb-d029235369c0?             request.body:  ssl_verify: False
2026-09-01 09:59:15.418 87 WARNING py.warnings [None req-7ced2120-4cad-4916-9a82-1c7cbf4a4cb0 829f0498aaa748d58d3a3c73fffa7d8f 3224af0b2888468395e225d2bce944e1 - - - -] /var/lib/kolla/venv/lib/python3.12/site-packages/urllib3/connectionpool.py:1110: InsecureRequestWarning: Unverified HTTPS request is being made to host '[LB_IP_ADDRESS]'. Adding certificate verification is strongly advised. See: https://urllib3.readthedocs.io/en/latest/advanced-usage.html#tls-warnings
  warnings.warn(

2026-09-01 09:59:15.464 87 INFO cinder.volume.drivers.lightos [None req-7ced2120-4cad-4916-9a82-1c7cbf4a4cb0 829f0498aaa748d58d3a3c73fffa7d8f 3224af0b2888468395e225d2bce944e1 - - - -] Invoking get_volume using GET url: /api/v2/projects/default/volumes/f639fe44-751a-49cf-a2bb-d029235369c0             request.body: {} ssl_verify: False
2026-09-01 09:59:15.548 87 WARNING py.warnings [None req-7ced2120-4cad-4916-9a82-1c7cbf4a4cb0 829f0498aaa748d58d3a3c73fffa7d8f 3224af0b2888468395e225d2bce944e1 - - - -] /var/lib/kolla/venv/lib/python3.12/site-packages/urllib3/connectionpool.py:1110: InsecureRequestWarning: Unverified HTTPS request is being made to host '[LB_IP_ADDRESS]'. Adding certificate verification is strongly advised. See: https://urllib3.readthedocs.io/en/latest/advanced-usage.html#tls-warnings
  warnings.warn(

2026-09-01 09:59:15.574 87 INFO cinder.volume.flows.manager.create_volume [None req-ce895657-75f7-444b-a201-afedfd98266c a77ddce257af43f0bb05ccc6434e713d f6926c1ab42f4850a8b6997c31be87f8 - - - -] Volume 913821a3-4d15-4a7a-9cbc-72d7f7f09338: being created as raw with specification: {'status': 'creating', 'volume_name': 'vol_913821a3-4d15-4a7a-9cbc-72d7f7f09338', 'volume_size': 1}
2026-09-01 09:59:15.575 87 INFO cinder.volume.drivers.lightos [None req-ce895657-75f7-444b-a201-afedfd98266c a77ddce257af43f0bb05ccc6434e713d f6926c1ab42f4850a8b6997c31be87f8 - - - -] Invoking get_volume_by_name using GET url: /api/v2/projects/default/volumes/?name=vol_913821a3-4d15-4a7a-9cbc-72d7f7f09338             request.body: {} ssl_verify: False
2026-09-01 09:59:15.660 87 WARNING py.warnings [None req-ce895657-75f7-444b-a201-afedfd98266c a77ddce257af43f0bb05ccc6434e713d f6926c1ab42f4850a8b6997c31be87f8 - - - -] /var/lib/kolla/venv/lib/python3.12/site-packages/urllib3/connectionpool.py:1110: InsecureRequestWarning: Unverified HTTPS request is being made to host '[LB_IP_ADDRESS]'. Adding certificate verification is strongly advised. See: https://urllib3.readthedocs.io/en/latest/advanced-usage.html#tls-warnings
  warnings.warn(

2026-09-01 09:59:15.672 87 INFO cinder.volume.drivers.lightos [None req-ce895657-75f7-444b-a201-afedfd98266c a77ddce257af43f0bb05ccc6434e713d f6926c1ab42f4850a8b6997c31be87f8 - - - -] Invoking create_volume using POST url: /api/v2/projects/default/volumes             request.body: {'name': 'vol_913821a3-4d15-4a7a-9cbc-72d7f7f09338', 'size': '1 gib', 'replicaCount': '3', 'compression': 'False', 'acl': {'values': ['ALLOW_NONE']}, 'IPAcl': {'values': ['ALLOW_NONE']}, 'sourceSnapshotUUID': None, 'sourceSnapshotName': None} ssl_verify: False
2026-09-01 09:59:15.760 87 WARNING py.warnings [None req-ce895657-75f7-444b-a201-afedfd98266c a77ddce257af43f0bb05ccc6434e713d f6926c1ab42f4850a8b6997c31be87f8 - - - -] /var/lib/kolla/venv/lib/python3.12/site-packages/urllib3/connectionpool.py:1110: InsecureRequestWarning: Unverified HTTPS request is being made to host '[LB_IP_ADDRESS]'. Adding certificate verification is strongly advised. See: https://urllib3.readthedocs.io/en/latest/advanced-usage.html#tls-warnings
  warnings.warn(

2026-09-01 09:59:15.884 87 INFO cinder.volume.drivers.lightos [None req-ce895657-75f7-444b-a201-afedfd98266c a77ddce257af43f0bb05ccc6434e713d f6926c1ab42f4850a8b6997c31be87f8 - - - -] Invoking get_volume using GET url: /api/v2/projects/default/volumes/62eb2bd3-3911-498a-a046-f8e00ed0c034             request.body: {} ssl_verify: False
2026-09-01 09:59:15.971 87 WARNING py.warnings [None req-ce895657-75f7-444b-a201-afedfd98266c a77ddce257af43f0bb05ccc6434e713d f6926c1ab42f4850a8b6997c31be87f8 - - - -] /var/lib/kolla/venv/lib/python3.12/site-packages/urllib3/connectionpool.py:1110: InsecureRequestWarning: Unverified HTTPS request is being made to host '[LB_IP_ADDRESS]'. Adding certificate verification is strongly advised. See: https://urllib3.readthedocs.io/en/latest/advanced-usage.html#tls-warnings
  warnings.warn(

2026-09-01 09:59:16.021 87 INFO cinder.volume.flows.manager.create_volume [None req-ce895657-75f7-444b-a201-afedfd98266c a77ddce257af43f0bb05ccc6434e713d f6926c1ab42f4850a8b6997c31be87f8 - - - -] Volume vol_913821a3-4d15-4a7a-9cbc-72d7f7f09338 (913821a3-4d15-4a7a-9cbc-72d7f7f09338): created successfully
2026-09-01 09:59:16.039 87 INFO cinder.volume.manager [None req-ce895657-75f7-444b-a201-afedfd98266c a77ddce257af43f0bb05ccc6434e713d f6926c1ab42f4850a8b6997c31be87f8 - - - -] Created volume successfully.
2026-09-01 09:59:16.059 87 INFO cinder.volume.manager [None req-7ced2120-4cad-4916-9a82-1c7cbf4a4cb0 829f0498aaa748d58d3a3c73fffa7d8f 3224af0b2888468395e225d2bce944e1 - - - -] Deleted volume successfully.
2026-09-01 09:59:16.673 87 INFO cinder.volume.drivers.lightos [None req-75c9e87b-d9d9-4f5e-80b5-bc689255a39f a77ddce257af43f0bb05ccc6434e713d f6926c1ab42f4850a8b6997c31be87f8 - - - -] Invoking delete_volume using DELETE url: /api/v2/projects/default/volumes/62eb2bd3-3911-498a-a046-f8e00ed0c034?             request.body:  ssl_verify: False
2026-09-01 09:59:16.758 87 WARNING py.warnings [None req-75c9e87b-d9d9-4f5e-80b5-bc689255a39f a77ddce257af43f0bb05ccc6434e713d f6926c1ab42f4850a8b6997c31be87f8 - - - -] /var/lib/kolla/venv/lib/python3.12/site-packages/urllib3/connectionpool.py:1110: InsecureRequestWarning: Unverified HTTPS request is being made to host '[LB_IP_ADDRESS]'. Adding certificate verification is strongly advised. See: https://urllib3.readthedocs.io/en/latest/advanced-usage.html#tls-warnings
  warnings.warn(

2026-09-01 09:59:16.796 87 INFO cinder.volume.drivers.lightos [None req-75c9e87b-d9d9-4f5e-80b5-bc689255a39f a77ddce257af43f0bb05ccc6434e713d f6926c1ab42f4850a8b6997c31be87f8 - - - -] Invoking get_volume using GET url: /api/v2/projects/default/volumes/62eb2bd3-3911-498a-a046-f8e00ed0c034             request.body: {} ssl_verify: False
2026-09-01 09:59:16.878 87 WARNING py.warnings [None req-75c9e87b-d9d9-4f5e-80b5-bc689255a39f a77ddce257af43f0bb05ccc6434e713d f6926c1ab42f4850a8b6997c31be87f8 - - - -] /var/lib/kolla/venv/lib/python3.12/site-packages/urllib3/connectionpool.py:1110: InsecureRequestWarning: Unverified HTTPS request is being made to host '[LB_IP_ADDRESS]'. Adding certificate verification is strongly advised. See: https://urllib3.readthedocs.io/en/latest/advanced-usage.html#tls-warnings
  warnings.warn(

2026-09-01 09:59:16.909 87 INFO cinder.volume.flows.manager.create_volume [None req-78a0217b-4b4b-43d5-802f-f40b2ee28e00 e1f525d748554907bfa659028ccc2c84 13ea933dbab544b0ad181c35b1f1f18c - - - -] Volume 417f7667-2798-4ce1-9167-7ee7350cb50b: being created as raw with specification: {'status': 'creating', 'volume_name': 'vol_417f7667-2798-4ce1-9167-7ee7350cb50b', 'volume_size': 1}
2026-09-01 09:59:16.909 87 INFO cinder.volume.drivers.lightos [None req-78a0217b-4b4b-43d5-802f-f40b2ee28e00 e1f525d748554907bfa659028ccc2c84 13ea933dbab544b0ad181c35b1f1f18c - - - -] Invoking get_volume_by_name using GET url: /api/v2/projects/default/volumes/?name=vol_417f7667-2798-4ce1-9167-7ee7350cb50b             request.body: {} ssl_verify: False
2026-09-01 09:59:16.996 87 WARNING py.warnings [None req-78a0217b-4b4b-43d5-802f-f40b2ee28e00 e1f525d748554907bfa659028ccc2c84 13ea933dbab544b0ad181c35b1f1f18c - - - -] /var/lib/kolla/venv/lib/python3.12/site-packages/urllib3/connectionpool.py:1110: InsecureRequestWarning: Unverified HTTPS request is being made to host '[LB_IP_ADDRESS]'. Adding certificate verification is strongly advised. See: https://urllib3.readthedocs.io/en/latest/advanced-usage.html#tls-warnings
  warnings.warn(

2026-09-01 09:59:17.005 87 INFO cinder.volume.drivers.lightos [None req-78a0217b-4b4b-43d5-802f-f40b2ee28e00 e1f525d748554907bfa659028ccc2c84 13ea933dbab544b0ad181c35b1f1f18c - - - -] Invoking create_volume using POST url: /api/v2/projects/default/volumes             request.body: {'name': 'vol_417f7667-2798-4ce1-9167-7ee7350cb50b', 'size': '1 gib', 'replicaCount': '3', 'compression': 'False', 'acl': {'values': ['ALLOW_NONE']}, 'IPAcl': {'values': ['ALLOW_NONE']}, 'sourceSnapshotUUID': None, 'sourceSnapshotName': None} ssl_verify: False
2026-09-01 09:59:17.088 87 WARNING py.warnings [None req-78a0217b-4b4b-43d5-802f-f40b2ee28e00 e1f525d748554907bfa659028ccc2c84 13ea933dbab544b0ad181c35b1f1f18c - - - -] /var/lib/kolla/venv/lib/python3.12/site-packages/urllib3/connectionpool.py:1110: InsecureRequestWarning: Unverified HTTPS request is being made to host '[LB_IP_ADDRESS]'. Adding certificate verification is strongly advised. See: https://urllib3.readthedocs.io/en/latest/advanced-usage.html#tls-warnings
  warnings.warn(

2026-09-01 09:59:17.227 87 INFO cinder.volume.drivers.lightos [None req-78a0217b-4b4b-43d5-802f-f40b2ee28e00 e1f525d748554907bfa659028ccc2c84 13ea933dbab544b0ad181c35b1f1f18c - - - -] Invoking get_volume using GET url: /api/v2/projects/default/volumes/ed05b618-89eb-459e-b4e3-cd9867c2ff77             request.body: {} ssl_verify: False
2026-09-01 09:59:17.313 87 WARNING py.warnings [None req-78a0217b-4b4b-43d5-802f-f40b2ee28e00 e1f525d748554907bfa659028ccc2c84 13ea933dbab544b0ad181c35b1f1f18c - - - -] /var/lib/kolla/venv/lib/python3.12/site-packages/urllib3/connectionpool.py:1110: InsecureRequestWarning: Unverified HTTPS request is being made to host '[LB_IP_ADDRESS]'. Adding certificate verification is strongly advised. See: https://urllib3.readthedocs.io/en/latest/advanced-usage.html#tls-warnings
  warnings.warn(

2026-09-01 09:59:17.361 87 INFO cinder.volume.flows.manager.create_volume [None req-78a0217b-4b4b-43d5-802f-f40b2ee28e00 e1f525d748554907bfa659028ccc2c84 13ea933dbab544b0ad181c35b1f1f18c - - - -] Volume vol_417f7667-2798-4ce1-9167-7ee7350cb50b (417f7667-2798-4ce1-9167-7ee7350cb50b): created successfully
2026-09-01 09:59:17.378 87 INFO cinder.volume.manager [None req-78a0217b-4b4b-43d5-802f-f40b2ee28e00 e1f525d748554907bfa659028ccc2c84 13ea933dbab544b0ad181c35b1f1f18c - - - -] Created volume successfully.
2026-09-01 09:59:17.399 87 INFO cinder.volume.manager [None req-75c9e87b-d9d9-4f5e-80b5-bc689255a39f a77ddce257af43f0bb05ccc6434e713d f6926c1ab42f4850a8b6997c31be87f8 - - - -] Deleted volume successfully.
2026-09-01 09:59:18.003 87 INFO cinder.volume.drivers.lightos [None req-2c4500ea-48e2-403a-9335-9f580ab64524 e1f525d748554907bfa659028ccc2c84 13ea933dbab544b0ad181c35b1f1f18c - - - -] Invoking get_snapshot_by_name using GET url: /api/v2/projects/default/snapshots/?Name=snapshot-4ccb40dd-c527-4c25-97cd-91b8817028fe             request.body: {} ssl_verify: False
2026-09-01 09:59:18.088 87 WARNING py.warnings [None req-2c4500ea-48e2-403a-9335-9f580ab64524 e1f525d748554907bfa659028ccc2c84 13ea933dbab544b0ad181c35b1f1f18c - - - -] /var/lib/kolla/venv/lib/python3.12/site-packages/urllib3/connectionpool.py:1110: InsecureRequestWarning: Unverified HTTPS request is being made to host '[LB_IP_ADDRESS]'. Adding certificate verification is strongly advised. See: https://urllib3.readthedocs.io/en/latest/advanced-usage.html#tls-warnings
  warnings.warn(

2026-09-01 09:59:18.103 87 INFO cinder.volume.drivers.lightos [None req-2c4500ea-48e2-403a-9335-9f580ab64524 e1f525d748554907bfa659028ccc2c84 13ea933dbab544b0ad181c35b1f1f18c - - - -] Invoking create_snapshot using POST url: /api/v2/projects/default/snapshots             request.body: {'name': 'snapshot-4ccb40dd-c527-4c25-97cd-91b8817028fe', 'sourceVolumeUUID': None, 'sourceVolumeName': 'vol_417f7667-2798-4ce1-9167-7ee7350cb50b'} ssl_verify: False
2026-09-01 09:59:18.190 87 WARNING py.warnings [None req-2c4500ea-48e2-403a-9335-9f580ab64524 e1f525d748554907bfa659028ccc2c84 13ea933dbab544b0ad181c35b1f1f18c - - - -] /var/lib/kolla/venv/lib/python3.12/site-packages/urllib3/connectionpool.py:1110: InsecureRequestWarning: Unverified HTTPS request is being made to host '[LB_IP_ADDRESS]'. Adding certificate verification is strongly advised. See: https://urllib3.readthedocs.io/en/latest/advanced-usage.html#tls-warnings
  warnings.warn(

2026-09-01 09:59:18.228 87 INFO cinder.volume.drivers.lightos [None req-2c4500ea-48e2-403a-9335-9f580ab64524 e1f525d748554907bfa659028ccc2c84 13ea933dbab544b0ad181c35b1f1f18c - - - -] Invoking get_snapshot_by_name using GET url: /api/v2/projects/default/snapshots/?Name=snapshot-4ccb40dd-c527-4c25-97cd-91b8817028fe             request.body: {} ssl_verify: False
2026-09-01 09:59:18.311 87 WARNING py.warnings [None req-2c4500ea-48e2-403a-9335-9f580ab64524 e1f525d748554907bfa659028ccc2c84 13ea933dbab544b0ad181c35b1f1f18c - - - -] /var/lib/kolla/venv/lib/python3.12/site-packages/urllib3/connectionpool.py:1110: InsecureRequestWarning: Unverified HTTPS request is being made to host '[LB_IP_ADDRESS]'. Adding certificate verification is strongly advised. See: https://urllib3.readthedocs.io/en/latest/advanced-usage.html#tls-warnings
  warnings.warn(

2026-09-01 09:59:19.323 87 INFO cinder.volume.drivers.lightos [None req-2c4500ea-48e2-403a-9335-9f580ab64524 e1f525d748554907bfa659028ccc2c84 13ea933dbab544b0ad181c35b1f1f18c - - - -] Invoking get_snapshot_by_name using GET url: /api/v2/projects/default/snapshots/?Name=snapshot-4ccb40dd-c527-4c25-97cd-91b8817028fe             request.body: {} ssl_verify: False
2026-09-01 09:59:19.407 87 WARNING py.warnings [None req-2c4500ea-48e2-403a-9335-9f580ab64524 e1f525d748554907bfa659028ccc2c84 13ea933dbab544b0ad181c35b1f1f18c - - - -] /var/lib/kolla/venv/lib/python3.12/site-packages/urllib3/connectionpool.py:1110: InsecureRequestWarning: Unverified HTTPS request is being made to host '[LB_IP_ADDRESS]'. Adding certificate verification is strongly advised. See: https://urllib3.readthedocs.io/en/latest/advanced-usage.html#tls-warnings
  warnings.warn(

2026-09-01 09:59:19.439 87 INFO cinder.volume.manager [None req-2c4500ea-48e2-403a-9335-9f580ab64524 e1f525d748554907bfa659028ccc2c84 13ea933dbab544b0ad181c35b1f1f18c - - - -] Create snapshot completed successfully
2026-09-01 09:59:20.440 87 INFO cinder.volume.flows.manager.create_volume [None req-d39af227-0bc5-4773-914d-0595a0d8396f 169601f4f0f44cbe8af613d9cad9536a 65eefa5d06334648babc49005e860825 - - - -] Volume 2f4389bd-e7a7-452e-8e55-563b0c857cde: being created as raw with specification: {'status': 'creating', 'volume_name': 'vol_2f4389bd-e7a7-452e-8e55-563b0c857cde', 'volume_size': 1}
2026-09-01 09:59:20.441 87 INFO cinder.volume.drivers.lightos [None req-d39af227-0bc5-4773-914d-0595a0d8396f 169601f4f0f44cbe8af613d9cad9536a 65eefa5d06334648babc49005e860825 - - - -] Invoking get_volume_by_name using GET url: /api/v2/projects/default/volumes/?name=vol_2f4389bd-e7a7-452e-8e55-563b0c857cde             request.body: {} ssl_verify: False
2026-09-01 09:59:20.524 87 WARNING py.warnings [None req-d39af227-0bc5-4773-914d-0595a0d8396f 169601f4f0f44cbe8af613d9cad9536a 65eefa5d06334648babc49005e860825 - - - -] /var/lib/kolla/venv/lib/python3.12/site-packages/urllib3/connectionpool.py:1110: InsecureRequestWarning: Unverified HTTPS request is being made to host '[LB_IP_ADDRESS]'. Adding certificate verification is strongly advised. See: https://urllib3.readthedocs.io/en/latest/advanced-usage.html#tls-warnings
  warnings.warn(

2026-09-01 09:59:20.535 87 INFO cinder.volume.drivers.lightos [None req-d39af227-0bc5-4773-914d-0595a0d8396f 169601f4f0f44cbe8af613d9cad9536a 65eefa5d06334648babc49005e860825 - - - -] Invoking create_volume using POST url: /api/v2/projects/default/volumes             request.body: {'name': 'vol_2f4389bd-e7a7-452e-8e55-563b0c857cde', 'size': '1 gib', 'replicaCount': '3', 'compression': 'False', 'acl': {'values': ['ALLOW_NONE']}, 'IPAcl': {'values': ['ALLOW_NONE']}, 'sourceSnapshotUUID': None, 'sourceSnapshotName': None} ssl_verify: False
2026-09-01 09:59:20.618 87 WARNING py.warnings [None req-d39af227-0bc5-4773-914d-0595a0d8396f 169601f4f0f44cbe8af613d9cad9536a 65eefa5d06334648babc49005e860825 - - - -] /var/lib/kolla/venv/lib/python3.12/site-packages/urllib3/connectionpool.py:1110: InsecureRequestWarning: Unverified HTTPS request is being made to host '[LB_IP_ADDRESS]'. Adding certificate verification is strongly advised. See: https://urllib3.readthedocs.io/en/latest/advanced-usage.html#tls-warnings
  warnings.warn(

2026-09-01 09:59:20.639 87 INFO cinder.volume.drivers.lightos [None req-d39af227-0bc5-4773-914d-0595a0d8396f 169601f4f0f44cbe8af613d9cad9536a 65eefa5d06334648babc49005e860825 - - - -] Invoking get_volume using GET url: /api/v2/projects/default/volumes/083f0609-14ac-4fc9-a388-0c9a1715d54b             request.body: {} ssl_verify: False
2026-09-01 09:59:20.722 87 WARNING py.warnings [None req-d39af227-0bc5-4773-914d-0595a0d8396f 169601f4f0f44cbe8af613d9cad9536a 65eefa5d06334648babc49005e860825 - - - -] /var/lib/kolla/venv/lib/python3.12/site-packages/urllib3/connectionpool.py:1110: InsecureRequestWarning: Unverified HTTPS request is being made to host '[LB_IP_ADDRESS]'. Adding certificate verification is strongly advised. See: https://urllib3.readthedocs.io/en/latest/advanced-usage.html#tls-warnings
  warnings.warn(

2026-09-01 09:59:20.773 87 INFO cinder.volume.flows.manager.create_volume [None req-d39af227-0bc5-4773-914d-0595a0d8396f 169601f4f0f44cbe8af613d9cad9536a 65eefa5d06334648babc49005e860825 - - - -] Volume vol_2f4389bd-e7a7-452e-8e55-563b0c857cde (2f4389bd-e7a7-452e-8e55-563b0c857cde): created successfully
2026-09-01 09:59:20.785 87 INFO cinder.volume.manager [None req-d39af227-0bc5-4773-914d-0595a0d8396f 169601f4f0f44cbe8af613d9cad9536a 65eefa5d06334648babc49005e860825 - - - -] Created volume successfully.
2026-09-01 09:59:21.495 87 INFO cinder.volume.drivers.lightos [None req-8937fb35-11f2-48ca-96ac-df781249b7bb e1f525d748554907bfa659028ccc2c84 13ea933dbab544b0ad181c35b1f1f18c - - - -] Invoking get_snapshot_by_name using GET url: /api/v2/projects/default/snapshots/?Name=snapshot-4ccb40dd-c527-4c25-97cd-91b8817028fe             request.body: {} ssl_verify: False
2026-09-01 09:59:21.578 87 WARNING py.warnings [None req-8937fb35-11f2-48ca-96ac-df781249b7bb e1f525d748554907bfa659028ccc2c84 13ea933dbab544b0ad181c35b1f1f18c - - - -] /var/lib/kolla/venv/lib/python3.12/site-packages/urllib3/connectionpool.py:1110: InsecureRequestWarning: Unverified HTTPS request is being made to host '[LB_IP_ADDRESS]'. Adding certificate verification is strongly advised. See: https://urllib3.readthedocs.io/en/latest/advanced-usage.html#tls-warnings
  warnings.warn(

2026-09-01 09:59:21.588 87 INFO cinder.volume.drivers.lightos [None req-8937fb35-11f2-48ca-96ac-df781249b7bb e1f525d748554907bfa659028ccc2c84 13ea933dbab544b0ad181c35b1f1f18c - - - -] Invoking delete_snapshot using DELETE url: /api/v2/projects/default/snapshots/16a8bc1d-1b34-4d72-a1ec-25ae63b93952?             request.body:  ssl_verify: False
2026-09-01 09:59:21.671 87 WARNING py.warnings [None req-8937fb35-11f2-48ca-96ac-df781249b7bb e1f525d748554907bfa659028ccc2c84 13ea933dbab544b0ad181c35b1f1f18c - - - -] /var/lib/kolla/venv/lib/python3.12/site-packages/urllib3/connectionpool.py:1110: InsecureRequestWarning: Unverified HTTPS request is being made to host '[LB_IP_ADDRESS]'. Adding certificate verification is strongly advised. See: https://urllib3.readthedocs.io/en/latest/advanced-usage.html#tls-warnings
  warnings.warn(

2026-09-01 09:59:21.712 87 INFO cinder.volume.drivers.lightos [None req-8937fb35-11f2-48ca-96ac-df781249b7bb e1f525d748554907bfa659028ccc2c84 13ea933dbab544b0ad181c35b1f1f18c - - - -] Invoking get_snapshot using GET url: /api/v2/projects/default/snapshots/16a8bc1d-1b34-4d72-a1ec-25ae63b93952             request.body: {} ssl_verify: False
2026-09-01 09:59:21.795 87 WARNING py.warnings [None req-8937fb35-11f2-48ca-96ac-df781249b7bb e1f525d748554907bfa659028ccc2c84 13ea933dbab544b0ad181c35b1f1f18c - - - -] /var/lib/kolla/venv/lib/python3.12/site-packages/urllib3/connectionpool.py:1110: InsecureRequestWarning: Unverified HTTPS request is being made to host '[LB_IP_ADDRESS]'. Adding certificate verification is strongly advised. See: https://urllib3.readthedocs.io/en/latest/advanced-usage.html#tls-warnings
  warnings.warn(

2026-09-01 09:59:22.012 87 INFO cinder.volume.drivers.lightos [None req-fe562a5e-5a2f-4542-b696-75511f68c16f 169601f4f0f44cbe8af613d9cad9536a 65eefa5d06334648babc49005e860825 - - - -] Invoking get_snapshot_by_name using GET url: /api/v2/projects/default/snapshots/?Name=snapshot-0b9fe5d5-ea1d-4972-8bc4-75e60c896d2a             request.body: {} ssl_verify: False
2026-09-01 09:59:22.113 87 INFO cinder.volume.manager [None req-8937fb35-11f2-48ca-96ac-df781249b7bb e1f525d748554907bfa659028ccc2c84 13ea933dbab544b0ad181c35b1f1f18c - - - -] Delete snapshot completed successfully.
2026-09-01 09:59:22.118 87 WARNING py.warnings [None req-fe562a5e-5a2f-4542-b696-75511f68c16f 169601f4f0f44cbe8af613d9cad9536a 65eefa5d06334648babc49005e860825 - - - -] /var/lib/kolla/venv/lib/python3.12/site-packages/urllib3/connectionpool.py:1110: InsecureRequestWarning: Unverified HTTPS request is being made to host '[LB_IP_ADDRESS]'. Adding certificate verification is strongly advised. See: https://urllib3.readthedocs.io/en/latest/advanced-usage.html#tls-warnings
  warnings.warn(

2026-09-01 09:59:22.133 87 INFO cinder.volume.drivers.lightos [None req-fe562a5e-5a2f-4542-b696-75511f68c16f 169601f4f0f44cbe8af613d9cad9536a 65eefa5d06334648babc49005e860825 - - - -] Invoking create_snapshot using POST url: /api/v2/projects/default/snapshots             request.body: {'name': 'snapshot-0b9fe5d5-ea1d-4972-8bc4-75e60c896d2a', 'sourceVolumeUUID': None, 'sourceVolumeName': 'vol_2f4389bd-e7a7-452e-8e55-563b0c857cde'} ssl_verify: False
2026-09-01 09:59:22.216 87 WARNING py.warnings [None req-fe562a5e-5a2f-4542-b696-75511f68c16f 169601f4f0f44cbe8af613d9cad9536a 65eefa5d06334648babc49005e860825 - - - -] /var/lib/kolla/venv/lib/python3.12/site-packages/urllib3/connectionpool.py:1110: InsecureRequestWarning: Unverified HTTPS request is being made to host '[LB_IP_ADDRESS]'. Adding certificate verification is strongly advised. See: https://urllib3.readthedocs.io/en/latest/advanced-usage.html#tls-warnings
  warnings.warn(

2026-09-01 09:59:22.245 87 INFO cinder.volume.drivers.lightos [None req-fe562a5e-5a2f-4542-b696-75511f68c16f 169601f4f0f44cbe8af613d9cad9536a 65eefa5d06334648babc49005e860825 - - - -] Invoking get_snapshot_by_name using GET url: /api/v2/projects/default/snapshots/?Name=snapshot-0b9fe5d5-ea1d-4972-8bc4-75e60c896d2a             request.body: {} ssl_verify: False
2026-09-01 09:59:22.327 87 WARNING py.warnings [None req-fe562a5e-5a2f-4542-b696-75511f68c16f 169601f4f0f44cbe8af613d9cad9536a 65eefa5d06334648babc49005e860825 - - - -] /var/lib/kolla/venv/lib/python3.12/site-packages/urllib3/connectionpool.py:1110: InsecureRequestWarning: Unverified HTTPS request is being made to host '[LB_IP_ADDRESS]'. Adding certificate verification is strongly advised. See: https://urllib3.readthedocs.io/en/latest/advanced-usage.html#tls-warnings
  warnings.warn(

2026-09-01 09:59:22.677 87 INFO cinder.volume.drivers.lightos [None req-d845495b-d1a3-4753-837c-324654f056e9 e1f525d748554907bfa659028ccc2c84 13ea933dbab544b0ad181c35b1f1f18c - - - -] Invoking delete_volume using DELETE url: /api/v2/projects/default/volumes/ed05b618-89eb-459e-b4e3-cd9867c2ff77?             request.body:  ssl_verify: False
2026-09-01 09:59:22.761 87 WARNING py.warnings [None req-d845495b-d1a3-4753-837c-324654f056e9 e1f525d748554907bfa659028ccc2c84 13ea933dbab544b0ad181c35b1f1f18c - - - -] /var/lib/kolla/venv/lib/python3.12/site-packages/urllib3/connectionpool.py:1110: InsecureRequestWarning: Unverified HTTPS request is being made to host '[LB_IP_ADDRESS]'. Adding certificate verification is strongly advised. See: https://urllib3.readthedocs.io/en/latest/advanced-usage.html#tls-warnings
  warnings.warn(

2026-09-01 09:59:22.792 87 INFO cinder.volume.drivers.lightos [None req-d845495b-d1a3-4753-837c-324654f056e9 e1f525d748554907bfa659028ccc2c84 13ea933dbab544b0ad181c35b1f1f18c - - - -] Invoking get_volume using GET url: /api/v2/projects/default/volumes/ed05b618-89eb-459e-b4e3-cd9867c2ff77             request.body: {} ssl_verify: False
2026-09-01 09:59:22.875 87 WARNING py.warnings [None req-d845495b-d1a3-4753-837c-324654f056e9 e1f525d748554907bfa659028ccc2c84 13ea933dbab544b0ad181c35b1f1f18c - - - -] /var/lib/kolla/venv/lib/python3.12/site-packages/urllib3/connectionpool.py:1110: InsecureRequestWarning: Unverified HTTPS request is being made to host '[LB_IP_ADDRESS]'. Adding certificate verification is strongly advised. See: https://urllib3.readthedocs.io/en/latest/advanced-usage.html#tls-warnings
  warnings.warn(

2026-09-01 09:59:23.107 87 INFO cinder.volume.manager [None req-d845495b-d1a3-4753-837c-324654f056e9 e1f525d748554907bfa659028ccc2c84 13ea933dbab544b0ad181c35b1f1f18c - - - -] Deleted volume successfully.
2026-09-01 09:59:23.338 87 INFO cinder.volume.drivers.lightos [None req-fe562a5e-5a2f-4542-b696-75511f68c16f 169601f4f0f44cbe8af613d9cad9536a 65eefa5d06334648babc49005e860825 - - - -] Invoking get_snapshot_by_name using GET url: /api/v2/projects/default/snapshots/?Name=snapshot-0b9fe5d5-ea1d-4972-8bc4-75e60c896d2a             request.body: {} ssl_verify: False
2026-09-01 09:59:23.424 87 WARNING py.warnings [None req-fe562a5e-5a2f-4542-b696-75511f68c16f 169601f4f0f44cbe8af613d9cad9536a 65eefa5d06334648babc49005e860825 - - - -] /var/lib/kolla/venv/lib/python3.12/site-packages/urllib3/connectionpool.py:1110: InsecureRequestWarning: Unverified HTTPS request is being made to host '[LB_IP_ADDRESS]'. Adding certificate verification is strongly advised. See: https://urllib3.readthedocs.io/en/latest/advanced-usage.html#tls-warnings
  warnings.warn(

2026-09-01 09:59:23.457 87 INFO cinder.volume.manager [None req-fe562a5e-5a2f-4542-b696-75511f68c16f 169601f4f0f44cbe8af613d9cad9536a 65eefa5d06334648babc49005e860825 - - - -] Create snapshot completed successfully
2026-09-01 09:59:24.224 87 INFO cinder.volume.drivers.lightos [None req-c567e888-863c-48f8-ae88-6f36ce2c4e57 169601f4f0f44cbe8af613d9cad9536a 65eefa5d06334648babc49005e860825 - - - -] Invoking get_snapshot_by_name using GET url: /api/v2/projects/default/snapshots/?Name=snapshot-d349f04a-365b-4174-99f6-8c526b367c02             request.body: {} ssl_verify: False
2026-09-01 09:59:24.309 87 WARNING py.warnings [None req-c567e888-863c-48f8-ae88-6f36ce2c4e57 169601f4f0f44cbe8af613d9cad9536a 65eefa5d06334648babc49005e860825 - - - -] /var/lib/kolla/venv/lib/python3.12/site-packages/urllib3/connectionpool.py:1110: InsecureRequestWarning: Unverified HTTPS request is being made to host '[LB_IP_ADDRESS]'. Adding certificate verification is strongly advised. See: https://urllib3.readthedocs.io/en/latest/advanced-usage.html#tls-warnings
  warnings.warn(

2026-09-01 09:59:24.320 87 INFO cinder.volume.drivers.lightos [None req-c567e888-863c-48f8-ae88-6f36ce2c4e57 169601f4f0f44cbe8af613d9cad9536a 65eefa5d06334648babc49005e860825 - - - -] Invoking create_snapshot using POST url: /api/v2/projects/default/snapshots             request.body: {'name': 'snapshot-d349f04a-365b-4174-99f6-8c526b367c02', 'sourceVolumeUUID': None, 'sourceVolumeName': 'vol_2f4389bd-e7a7-452e-8e55-563b0c857cde'} ssl_verify: False
2026-09-01 09:59:24.406 87 WARNING py.warnings [None req-c567e888-863c-48f8-ae88-6f36ce2c4e57 169601f4f0f44cbe8af613d9cad9536a 65eefa5d06334648babc49005e860825 - - - -] /var/lib/kolla/venv/lib/python3.12/site-packages/urllib3/connectionpool.py:1110: InsecureRequestWarning: Unverified HTTPS request is being made to host '[LB_IP_ADDRESS]'. Adding certificate verification is strongly advised. See: https://urllib3.readthedocs.io/en/latest/advanced-usage.html#tls-warnings
  warnings.warn(

2026-09-01 09:59:24.440 87 INFO cinder.volume.drivers.lightos [None req-c567e888-863c-48f8-ae88-6f36ce2c4e57 169601f4f0f44cbe8af613d9cad9536a 65eefa5d06334648babc49005e860825 - - - -] Invoking get_snapshot_by_name using GET url: /api/v2/projects/default/snapshots/?Name=snapshot-d349f04a-365b-4174-99f6-8c526b367c02             request.body: {} ssl_verify: False
2026-09-01 09:59:24.521 87 WARNING py.warnings [None req-c567e888-863c-48f8-ae88-6f36ce2c4e57 169601f4f0f44cbe8af613d9cad9536a 65eefa5d06334648babc49005e860825 - - - -] /var/lib/kolla/venv/lib/python3.12/site-packages/urllib3/connectionpool.py:1110: InsecureRequestWarning: Unverified HTTPS request is being made to host '[LB_IP_ADDRESS]'. Adding certificate verification is strongly advised. See: https://urllib3.readthedocs.io/en/latest/advanced-usage.html#tls-warnings
  warnings.warn(

2026-09-01 09:59:25.559 87 INFO cinder.volume.drivers.lightos [None req-c567e888-863c-48f8-ae88-6f36ce2c4e57 169601f4f0f44cbe8af613d9cad9536a 65eefa5d06334648babc49005e860825 - - - -] Invoking get_snapshot_by_name using GET url: /api/v2/projects/default/snapshots/?Name=snapshot-d349f04a-365b-4174-99f6-8c526b367c02             request.body: {} ssl_verify: False
2026-09-01 09:59:25.640 87 WARNING py.warnings [None req-c567e888-863c-48f8-ae88-6f36ce2c4e57 169601f4f0f44cbe8af613d9cad9536a 65eefa5d06334648babc49005e860825 - - - -] /var/lib/kolla/venv/lib/python3.12/site-packages/urllib3/connectionpool.py:1110: InsecureRequestWarning: Unverified HTTPS request is being made to host '[LB_IP_ADDRESS]'. Adding certificate verification is strongly advised. See: https://urllib3.readthedocs.io/en/latest/advanced-usage.html#tls-warnings
  warnings.warn(

2026-09-01 09:59:25.669 87 INFO cinder.volume.manager [None req-c567e888-863c-48f8-ae88-6f36ce2c4e57 169601f4f0f44cbe8af613d9cad9536a 65eefa5d06334648babc49005e860825 - - - -] Create snapshot completed successfully
2026-09-01 09:59:26.366 87 INFO cinder.volume.drivers.lightos [None req-cb5ceb29-3c31-400b-8dba-7998bac54895 169601f4f0f44cbe8af613d9cad9536a 65eefa5d06334648babc49005e860825 - - - -] Invoking get_snapshot_by_name using GET url: /api/v2/projects/default/snapshots/?Name=snapshot-0b9fe5d5-ea1d-4972-8bc4-75e60c896d2a             request.body: {} ssl_verify: False
2026-09-01 09:59:26.451 87 WARNING py.warnings [None req-cb5ceb29-3c31-400b-8dba-7998bac54895 169601f4f0f44cbe8af613d9cad9536a 65eefa5d06334648babc49005e860825 - - - -] /var/lib/kolla/venv/lib/python3.12/site-packages/urllib3/connectionpool.py:1110: InsecureRequestWarning: Unverified HTTPS request is being made to host '[LB_IP_ADDRESS]'. Adding certificate verification is strongly advised. See: https://urllib3.readthedocs.io/en/latest/advanced-usage.html#tls-warnings
  warnings.warn(

2026-09-01 09:59:26.471 87 INFO cinder.volume.drivers.lightos [None req-cb5ceb29-3c31-400b-8dba-7998bac54895 169601f4f0f44cbe8af613d9cad9536a 65eefa5d06334648babc49005e860825 - - - -] Invoking delete_snapshot using DELETE url: /api/v2/projects/default/snapshots/66467b8d-c705-4129-bd88-e54219aed0b5?             request.body:  ssl_verify: False
2026-09-01 09:59:26.559 87 WARNING py.warnings [None req-cb5ceb29-3c31-400b-8dba-7998bac54895 169601f4f0f44cbe8af613d9cad9536a 65eefa5d06334648babc49005e860825 - - - -] /var/lib/kolla/venv/lib/python3.12/site-packages/urllib3/connectionpool.py:1110: InsecureRequestWarning: Unverified HTTPS request is being made to host '[LB_IP_ADDRESS]'. Adding certificate verification is strongly advised. See: https://urllib3.readthedocs.io/en/latest/advanced-usage.html#tls-warnings
  warnings.warn(

2026-09-01 09:59:26.579 87 INFO cinder.volume.drivers.lightos [None req-cb5ceb29-3c31-400b-8dba-7998bac54895 169601f4f0f44cbe8af613d9cad9536a 65eefa5d06334648babc49005e860825 - - - -] Invoking get_snapshot using GET url: /api/v2/projects/default/snapshots/66467b8d-c705-4129-bd88-e54219aed0b5             request.body: {} ssl_verify: False
2026-09-01 09:59:26.661 87 WARNING py.warnings [None req-cb5ceb29-3c31-400b-8dba-7998bac54895 169601f4f0f44cbe8af613d9cad9536a 65eefa5d06334648babc49005e860825 - - - -] /var/lib/kolla/venv/lib/python3.12/site-packages/urllib3/connectionpool.py:1110: InsecureRequestWarning: Unverified HTTPS request is being made to host '[LB_IP_ADDRESS]'. Adding certificate verification is strongly advised. See: https://urllib3.readthedocs.io/en/latest/advanced-usage.html#tls-warnings
  warnings.warn(

2026-09-01 09:59:26.913 87 INFO cinder.volume.manager [None req-cb5ceb29-3c31-400b-8dba-7998bac54895 169601f4f0f44cbe8af613d9cad9536a 65eefa5d06334648babc49005e860825 - - - -] Delete snapshot completed successfully.
2026-09-01 09:59:26.927 87 INFO cinder.volume.drivers.lightos [None req-cb5ceb29-3c31-400b-8dba-7998bac54895 169601f4f0f44cbe8af613d9cad9536a 65eefa5d06334648babc49005e860825 - - - -] Invoking get_snapshot_by_name using GET url: /api/v2/projects/default/snapshots/?Name=snapshot-d349f04a-365b-4174-99f6-8c526b367c02             request.body: {} ssl_verify: False
2026-09-01 09:59:27.013 87 WARNING py.warnings [None req-cb5ceb29-3c31-400b-8dba-7998bac54895 169601f4f0f44cbe8af613d9cad9536a 65eefa5d06334648babc49005e860825 - - - -] /var/lib/kolla/venv/lib/python3.12/site-packages/urllib3/connectionpool.py:1110: InsecureRequestWarning: Unverified HTTPS request is being made to host '[LB_IP_ADDRESS]'. Adding certificate verification is strongly advised. See: https://urllib3.readthedocs.io/en/latest/advanced-usage.html#tls-warnings
  warnings.warn(

2026-09-01 09:59:27.028 87 INFO cinder.volume.drivers.lightos [None req-cb5ceb29-3c31-400b-8dba-7998bac54895 169601f4f0f44cbe8af613d9cad9536a 65eefa5d06334648babc49005e860825 - - - -] Invoking delete_snapshot using DELETE url: /api/v2/projects/default/snapshots/069a0b18-fedd-4439-96c2-6ad856da612c?             request.body:  ssl_verify: False
2026-09-01 09:59:27.114 87 WARNING py.warnings [None req-cb5ceb29-3c31-400b-8dba-7998bac54895 169601f4f0f44cbe8af613d9cad9536a 65eefa5d06334648babc49005e860825 - - - -] /var/lib/kolla/venv/lib/python3.12/site-packages/urllib3/connectionpool.py:1110: InsecureRequestWarning: Unverified HTTPS request is being made to host '[LB_IP_ADDRESS]'. Adding certificate verification is strongly advised. See: https://urllib3.readthedocs.io/en/latest/advanced-usage.html#tls-warnings
  warnings.warn(

2026-09-01 09:59:27.241 87 INFO cinder.volume.drivers.lightos [None req-cb5ceb29-3c31-400b-8dba-7998bac54895 169601f4f0f44cbe8af613d9cad9536a 65eefa5d06334648babc49005e860825 - - - -] Invoking get_snapshot using GET url: /api/v2/projects/default/snapshots/069a0b18-fedd-4439-96c2-6ad856da612c             request.body: {} ssl_verify: False
2026-09-01 09:59:27.323 87 WARNING py.warnings [None req-cb5ceb29-3c31-400b-8dba-7998bac54895 169601f4f0f44cbe8af613d9cad9536a 65eefa5d06334648babc49005e860825 - - - -] /var/lib/kolla/venv/lib/python3.12/site-packages/urllib3/connectionpool.py:1110: InsecureRequestWarning: Unverified HTTPS request is being made to host '[LB_IP_ADDRESS]'. Adding certificate verification is strongly advised. See: https://urllib3.readthedocs.io/en/latest/advanced-usage.html#tls-warnings
  warnings.warn(

2026-09-01 09:59:27.550 87 INFO cinder.volume.manager [None req-cb5ceb29-3c31-400b-8dba-7998bac54895 169601f4f0f44cbe8af613d9cad9536a 65eefa5d06334648babc49005e860825 - - - -] Delete snapshot completed successfully.
2026-09-01 09:59:27.551 87 INFO cinder.volume.drivers.lightos [None req-cb5ceb29-3c31-400b-8dba-7998bac54895 169601f4f0f44cbe8af613d9cad9536a 65eefa5d06334648babc49005e860825 - - - -] Invoking delete_volume using DELETE url: /api/v2/projects/default/volumes/083f0609-14ac-4fc9-a388-0c9a1715d54b?             request.body:  ssl_verify: False
2026-09-01 09:59:27.637 87 WARNING py.warnings [None req-cb5ceb29-3c31-400b-8dba-7998bac54895 169601f4f0f44cbe8af613d9cad9536a 65eefa5d06334648babc49005e860825 - - - -] /var/lib/kolla/venv/lib/python3.12/site-packages/urllib3/connectionpool.py:1110: InsecureRequestWarning: Unverified HTTPS request is being made to host '[LB_IP_ADDRESS]'. Adding certificate verification is strongly advised. See: https://urllib3.readthedocs.io/en/latest/advanced-usage.html#tls-warnings
  warnings.warn(

2026-09-01 09:59:27.671 87 INFO cinder.volume.drivers.lightos [None req-cb5ceb29-3c31-400b-8dba-7998bac54895 169601f4f0f44cbe8af613d9cad9536a 65eefa5d06334648babc49005e860825 - - - -] Invoking get_volume using GET url: /api/v2/projects/default/volumes/083f0609-14ac-4fc9-a388-0c9a1715d54b             request.body: {} ssl_verify: False
2026-09-01 09:59:27.752 87 WARNING py.warnings [None req-cb5ceb29-3c31-400b-8dba-7998bac54895 169601f4f0f44cbe8af613d9cad9536a 65eefa5d06334648babc49005e860825 - - - -] /var/lib/kolla/venv/lib/python3.12/site-packages/urllib3/connectionpool.py:1110: InsecureRequestWarning: Unverified HTTPS request is being made to host '[LB_IP_ADDRESS]'. Adding certificate verification is strongly advised. See: https://urllib3.readthedocs.io/en/latest/advanced-usage.html#tls-warnings
  warnings.warn(

2026-09-01 09:59:27.979 87 INFO cinder.volume.manager [None req-cb5ceb29-3c31-400b-8dba-7998bac54895 169601f4f0f44cbe8af613d9cad9536a 65eefa5d06334648babc49005e860825 - - - -] Deleted volume successfully.
2026-09-01 09:59:28.994 87 INFO cinder.volume.flows.manager.create_volume [None req-40b92231-f5b5-4b82-8613-a47a04fb86e7 a3a9b13731604e739e805a7f8f7dc94e 885085fe4640482d9aa2e9f5641c9822 - - - -] Volume f7f9a9ba-6636-4eaf-8522-a94303b0faec: being created as raw with specification: {'status': 'creating', 'volume_name': 'vol_f7f9a9ba-6636-4eaf-8522-a94303b0faec', 'volume_size': 1}
2026-09-01 09:59:28.995 87 INFO cinder.volume.drivers.lightos [None req-40b92231-f5b5-4b82-8613-a47a04fb86e7 a3a9b13731604e739e805a7f8f7dc94e 885085fe4640482d9aa2e9f5641c9822 - - - -] Invoking get_volume_by_name using GET url: /api/v2/projects/default/volumes/?name=vol_f7f9a9ba-6636-4eaf-8522-a94303b0faec             request.body: {} ssl_verify: False
2026-09-01 09:59:29.084 87 WARNING py.warnings [None req-40b92231-f5b5-4b82-8613-a47a04fb86e7 a3a9b13731604e739e805a7f8f7dc94e 885085fe4640482d9aa2e9f5641c9822 - - - -] /var/lib/kolla/venv/lib/python3.12/site-packages/urllib3/connectionpool.py:1110: InsecureRequestWarning: Unverified HTTPS request is being made to host '[LB_IP_ADDRESS]'. Adding certificate verification is strongly advised. See: https://urllib3.readthedocs.io/en/latest/advanced-usage.html#tls-warnings
  warnings.warn(

2026-09-01 09:59:29.096 87 INFO cinder.volume.drivers.lightos [None req-40b92231-f5b5-4b82-8613-a47a04fb86e7 a3a9b13731604e739e805a7f8f7dc94e 885085fe4640482d9aa2e9f5641c9822 - - - -] Invoking create_volume using POST url: /api/v2/projects/default/volumes             request.body: {'name': 'vol_f7f9a9ba-6636-4eaf-8522-a94303b0faec', 'size': '1 gib', 'replicaCount': '3', 'compression': 'False', 'acl': {'values': ['ALLOW_NONE']}, 'IPAcl': {'values': ['ALLOW_NONE']}, 'sourceSnapshotUUID': None, 'sourceSnapshotName': None} ssl_verify: False
2026-09-01 09:59:29.179 87 WARNING py.warnings [None req-40b92231-f5b5-4b82-8613-a47a04fb86e7 a3a9b13731604e739e805a7f8f7dc94e 885085fe4640482d9aa2e9f5641c9822 - - - -] /var/lib/kolla/venv/lib/python3.12/site-packages/urllib3/connectionpool.py:1110: InsecureRequestWarning: Unverified HTTPS request is being made to host '[LB_IP_ADDRESS]'. Adding certificate verification is strongly advised. See: https://urllib3.readthedocs.io/en/latest/advanced-usage.html#tls-warnings
  warnings.warn(

2026-09-01 09:59:29.251 87 INFO cinder.volume.drivers.lightos [None req-40b92231-f5b5-4b82-8613-a47a04fb86e7 a3a9b13731604e739e805a7f8f7dc94e 885085fe4640482d9aa2e9f5641c9822 - - - -] Invoking get_volume using GET url: /api/v2/projects/default/volumes/5606e7c4-f2e9-4bf9-b7a5-f222649331fa             request.body: {} ssl_verify: False
2026-09-01 09:59:29.339 87 WARNING py.warnings [None req-40b92231-f5b5-4b82-8613-a47a04fb86e7 a3a9b13731604e739e805a7f8f7dc94e 885085fe4640482d9aa2e9f5641c9822 - - - -] /var/lib/kolla/venv/lib/python3.12/site-packages/urllib3/connectionpool.py:1110: InsecureRequestWarning: Unverified HTTPS request is being made to host '[LB_IP_ADDRESS]'. Adding certificate verification is strongly advised. See: https://urllib3.readthedocs.io/en/latest/advanced-usage.html#tls-warnings
  warnings.warn(

2026-09-01 09:59:29.365 87 INFO cinder.volume.flows.manager.create_volume [None req-aceccf78-f148-45b5-aa9d-65f9730b37d4 169601f4f0f44cbe8af613d9cad9536a 65eefa5d06334648babc49005e860825 - - - -] Volume 7bbdd2f7-7ecb-449d-b5fa-0070b02e3a28: being created as raw with specification: {'status': 'creating', 'volume_name': 'vol_7bbdd2f7-7ecb-449d-b5fa-0070b02e3a28', 'volume_size': 1}
2026-09-01 09:59:29.366 87 INFO cinder.volume.drivers.lightos [None req-aceccf78-f148-45b5-aa9d-65f9730b37d4 169601f4f0f44cbe8af613d9cad9536a 65eefa5d06334648babc49005e860825 - - - -] Invoking get_volume_by_name using GET url: /api/v2/projects/default/volumes/?name=vol_7bbdd2f7-7ecb-449d-b5fa-0070b02e3a28             request.body: {} ssl_verify: False
2026-09-01 09:59:29.460 87 WARNING py.warnings [None req-aceccf78-f148-45b5-aa9d-65f9730b37d4 169601f4f0f44cbe8af613d9cad9536a 65eefa5d06334648babc49005e860825 - - - -] /var/lib/kolla/venv/lib/python3.12/site-packages/urllib3/connectionpool.py:1110: InsecureRequestWarning: Unverified HTTPS request is being made to host '[LB_IP_ADDRESS]'. Adding certificate verification is strongly advised. See: https://urllib3.readthedocs.io/en/latest/advanced-usage.html#tls-warnings
  warnings.warn(

2026-09-01 09:59:29.465 87 INFO cinder.volume.flows.manager.create_volume [None req-40b92231-f5b5-4b82-8613-a47a04fb86e7 a3a9b13731604e739e805a7f8f7dc94e 885085fe4640482d9aa2e9f5641c9822 - - - -] Volume vol_f7f9a9ba-6636-4eaf-8522-a94303b0faec (f7f9a9ba-6636-4eaf-8522-a94303b0faec): created successfully
2026-09-01 09:59:29.475 87 INFO cinder.volume.drivers.lightos [None req-aceccf78-f148-45b5-aa9d-65f9730b37d4 169601f4f0f44cbe8af613d9cad9536a 65eefa5d06334648babc49005e860825 - - - -] Invoking create_volume using POST url: /api/v2/projects/default/volumes             request.body: {'name': 'vol_7bbdd2f7-7ecb-449d-b5fa-0070b02e3a28', 'size': '1 gib', 'replicaCount': '3', 'compression': 'False', 'acl': {'values': ['ALLOW_NONE']}, 'IPAcl': {'values': ['ALLOW_NONE']}, 'sourceSnapshotUUID': None, 'sourceSnapshotName': None} ssl_verify: False
2026-09-01 09:59:29.555 87 INFO cinder.volume.manager [None req-40b92231-f5b5-4b82-8613-a47a04fb86e7 a3a9b13731604e739e805a7f8f7dc94e 885085fe4640482d9aa2e9f5641c9822 - - - -] Created volume successfully.
2026-09-01 09:59:29.559 87 WARNING py.warnings [None req-aceccf78-f148-45b5-aa9d-65f9730b37d4 169601f4f0f44cbe8af613d9cad9536a 65eefa5d06334648babc49005e860825 - - - -] /var/lib/kolla/venv/lib/python3.12/site-packages/urllib3/connectionpool.py:1110: InsecureRequestWarning: Unverified HTTPS request is being made to host '[LB_IP_ADDRESS]'. Adding certificate verification is strongly advised. See: https://urllib3.readthedocs.io/en/latest/advanced-usage.html#tls-warnings
  warnings.warn(

2026-09-01 09:59:29.745 87 INFO cinder.volume.drivers.lightos [None req-aceccf78-f148-45b5-aa9d-65f9730b37d4 169601f4f0f44cbe8af613d9cad9536a 65eefa5d06334648babc49005e860825 - - - -] Invoking get_volume using GET url: /api/v2/projects/default/volumes/0151f4d7-0e2a-47ae-be16-c9ea8f877c18             request.body: {} ssl_verify: False
2026-09-01 09:59:29.826 87 WARNING py.warnings [None req-aceccf78-f148-45b5-aa9d-65f9730b37d4 169601f4f0f44cbe8af613d9cad9536a 65eefa5d06334648babc49005e860825 - - - -] /var/lib/kolla/venv/lib/python3.12/site-packages/urllib3/connectionpool.py:1110: InsecureRequestWarning: Unverified HTTPS request is being made to host '[LB_IP_ADDRESS]'. Adding certificate verification is strongly advised. See: https://urllib3.readthedocs.io/en/latest/advanced-usage.html#tls-warnings
  warnings.warn(

2026-09-01 09:59:29.855 87 INFO cinder.volume.flows.manager.create_volume [None req-aceccf78-f148-45b5-aa9d-65f9730b37d4 169601f4f0f44cbe8af613d9cad9536a 65eefa5d06334648babc49005e860825 - - - -] Volume vol_7bbdd2f7-7ecb-449d-b5fa-0070b02e3a28 (7bbdd2f7-7ecb-449d-b5fa-0070b02e3a28): created successfully
2026-09-01 09:59:29.867 87 INFO cinder.volume.manager [None req-aceccf78-f148-45b5-aa9d-65f9730b37d4 169601f4f0f44cbe8af613d9cad9536a 65eefa5d06334648babc49005e860825 - - - -] Created volume successfully.
2026-09-01 09:59:30.193 87 INFO cinder.volume.drivers.lightos [None req-33d57c09-9843-49e1-9c0d-b8f7b97cad40 a3a9b13731604e739e805a7f8f7dc94e 885085fe4640482d9aa2e9f5641c9822 - - - -] Invoking get_snapshot_by_name using GET url: /api/v2/projects/default/snapshots/?Name=snapshot-efce725f-0a2a-480d-888a-4697e637d4ea             request.body: {} ssl_verify: False
2026-09-01 09:59:30.275 87 WARNING py.warnings [None req-33d57c09-9843-49e1-9c0d-b8f7b97cad40 a3a9b13731604e739e805a7f8f7dc94e 885085fe4640482d9aa2e9f5641c9822 - - - -] /var/lib/kolla/venv/lib/python3.12/site-packages/urllib3/connectionpool.py:1110: InsecureRequestWarning: Unverified HTTPS request is being made to host '[LB_IP_ADDRESS]'. Adding certificate verification is strongly advised. See: https://urllib3.readthedocs.io/en/latest/advanced-usage.html#tls-warnings
  warnings.warn(

2026-09-01 09:59:30.283 87 INFO cinder.volume.drivers.lightos [None req-33d57c09-9843-49e1-9c0d-b8f7b97cad40 a3a9b13731604e739e805a7f8f7dc94e 885085fe4640482d9aa2e9f5641c9822 - - - -] Invoking create_snapshot using POST url: /api/v2/projects/default/snapshots             request.body: {'name': 'snapshot-efce725f-0a2a-480d-888a-4697e637d4ea', 'sourceVolumeUUID': None, 'sourceVolumeName': 'vol_f7f9a9ba-6636-4eaf-8522-a94303b0faec'} ssl_verify: False
2026-09-01 09:59:30.365 87 WARNING py.warnings [None req-33d57c09-9843-49e1-9c0d-b8f7b97cad40 a3a9b13731604e739e805a7f8f7dc94e 885085fe4640482d9aa2e9f5641c9822 - - - -] /var/lib/kolla/venv/lib/python3.12/site-packages/urllib3/connectionpool.py:1110: InsecureRequestWarning: Unverified HTTPS request is being made to host '[LB_IP_ADDRESS]'. Adding certificate verification is strongly advised. See: https://urllib3.readthedocs.io/en/latest/advanced-usage.html#tls-warnings
  warnings.warn(

2026-09-01 09:59:30.401 87 INFO cinder.volume.drivers.lightos [None req-33d57c09-9843-49e1-9c0d-b8f7b97cad40 a3a9b13731604e739e805a7f8f7dc94e 885085fe4640482d9aa2e9f5641c9822 - - - -] Invoking get_snapshot_by_name using GET url: /api/v2/projects/default/snapshots/?Name=snapshot-efce725f-0a2a-480d-888a-4697e637d4ea             request.body: {} ssl_verify: False
2026-09-01 09:59:30.482 87 WARNING py.warnings [None req-33d57c09-9843-49e1-9c0d-b8f7b97cad40 a3a9b13731604e739e805a7f8f7dc94e 885085fe4640482d9aa2e9f5641c9822 - - - -] /var/lib/kolla/venv/lib/python3.12/site-packages/urllib3/connectionpool.py:1110: InsecureRequestWarning: Unverified HTTPS request is being made to host '[LB_IP_ADDRESS]'. Adding certificate verification is strongly advised. See: https://urllib3.readthedocs.io/en/latest/advanced-usage.html#tls-warnings
  warnings.warn(

2026-09-01 09:59:30.542 87 INFO cinder.volume.drivers.lightos [None req-7e6be37e-7880-4449-bfe8-3e3389b05f0b 169601f4f0f44cbe8af613d9cad9536a 65eefa5d06334648babc49005e860825 - - - -] Invoking get_snapshot_by_name using GET url: /api/v2/projects/default/snapshots/?Name=snapshot-1c4fd312-8eee-41cd-98dd-87e3f9f12765             request.body: {} ssl_verify: False
2026-09-01 09:59:30.622 87 WARNING py.warnings [None req-7e6be37e-7880-4449-bfe8-3e3389b05f0b 169601f4f0f44cbe8af613d9cad9536a 65eefa5d06334648babc49005e860825 - - - -] /var/lib/kolla/venv/lib/python3.12/site-packages/urllib3/connectionpool.py:1110: InsecureRequestWarning: Unverified HTTPS request is being made to host '[LB_IP_ADDRESS]'. Adding certificate verification is strongly advised. See: https://urllib3.readthedocs.io/en/latest/advanced-usage.html#tls-warnings
  warnings.warn(

2026-09-01 09:59:30.629 87 INFO cinder.volume.drivers.lightos [None req-7e6be37e-7880-4449-bfe8-3e3389b05f0b 169601f4f0f44cbe8af613d9cad9536a 65eefa5d06334648babc49005e860825 - - - -] Invoking create_snapshot using POST url: /api/v2/projects/default/snapshots             request.body: {'name': 'snapshot-1c4fd312-8eee-41cd-98dd-87e3f9f12765', 'sourceVolumeUUID': None, 'sourceVolumeName': 'vol_7bbdd2f7-7ecb-449d-b5fa-0070b02e3a28'} ssl_verify: False
2026-09-01 09:59:30.710 87 WARNING py.warnings [None req-7e6be37e-7880-4449-bfe8-3e3389b05f0b 169601f4f0f44cbe8af613d9cad9536a 65eefa5d06334648babc49005e860825 - - - -] /var/lib/kolla/venv/lib/python3.12/site-packages/urllib3/connectionpool.py:1110: InsecureRequestWarning: Unverified HTTPS request is being made to host '[LB_IP_ADDRESS]'. Adding certificate verification is strongly advised. See: https://urllib3.readthedocs.io/en/latest/advanced-usage.html#tls-warnings
  warnings.warn(

2026-09-01 09:59:30.812 87 INFO cinder.volume.drivers.lightos [None req-7e6be37e-7880-4449-bfe8-3e3389b05f0b 169601f4f0f44cbe8af613d9cad9536a 65eefa5d06334648babc49005e860825 - - - -] Invoking get_snapshot_by_name using GET url: /api/v2/projects/default/snapshots/?Name=snapshot-1c4fd312-8eee-41cd-98dd-87e3f9f12765             request.body: {} ssl_verify: False
2026-09-01 09:59:30.894 87 WARNING py.warnings [None req-7e6be37e-7880-4449-bfe8-3e3389b05f0b 169601f4f0f44cbe8af613d9cad9536a 65eefa5d06334648babc49005e860825 - - - -] /var/lib/kolla/venv/lib/python3.12/site-packages/urllib3/connectionpool.py:1110: InsecureRequestWarning: Unverified HTTPS request is being made to host '[LB_IP_ADDRESS]'. Adding certificate verification is strongly advised. See: https://urllib3.readthedocs.io/en/latest/advanced-usage.html#tls-warnings
  warnings.warn(

2026-09-01 09:59:31.502 87 INFO cinder.volume.drivers.lightos [None req-33d57c09-9843-49e1-9c0d-b8f7b97cad40 a3a9b13731604e739e805a7f8f7dc94e 885085fe4640482d9aa2e9f5641c9822 - - - -] Invoking get_snapshot_by_name using GET url: /api/v2/projects/default/snapshots/?Name=snapshot-efce725f-0a2a-480d-888a-4697e637d4ea             request.body: {} ssl_verify: False
2026-09-01 09:59:31.584 87 WARNING py.warnings [None req-33d57c09-9843-49e1-9c0d-b8f7b97cad40 a3a9b13731604e739e805a7f8f7dc94e 885085fe4640482d9aa2e9f5641c9822 - - - -] /var/lib/kolla/venv/lib/python3.12/site-packages/urllib3/connectionpool.py:1110: InsecureRequestWarning: Unverified HTTPS request is being made to host '[LB_IP_ADDRESS]'. Adding certificate verification is strongly advised. See: https://urllib3.readthedocs.io/en/latest/advanced-usage.html#tls-warnings
  warnings.warn(

2026-09-01 09:59:31.615 87 INFO cinder.volume.manager [None req-33d57c09-9843-49e1-9c0d-b8f7b97cad40 a3a9b13731604e739e805a7f8f7dc94e 885085fe4640482d9aa2e9f5641c9822 - - - -] Create snapshot completed successfully
2026-09-01 09:59:31.906 87 INFO cinder.volume.drivers.lightos [None req-7e6be37e-7880-4449-bfe8-3e3389b05f0b 169601f4f0f44cbe8af613d9cad9536a 65eefa5d06334648babc49005e860825 - - - -] Invoking get_snapshot_by_name using GET url: /api/v2/projects/default/snapshots/?Name=snapshot-1c4fd312-8eee-41cd-98dd-87e3f9f12765             request.body: {} ssl_verify: False
2026-09-01 09:59:31.989 87 WARNING py.warnings [None req-7e6be37e-7880-4449-bfe8-3e3389b05f0b 169601f4f0f44cbe8af613d9cad9536a 65eefa5d06334648babc49005e860825 - - - -] /var/lib/kolla/venv/lib/python3.12/site-packages/urllib3/connectionpool.py:1110: InsecureRequestWarning: Unverified HTTPS request is being made to host '[LB_IP_ADDRESS]'. Adding certificate verification is strongly advised. See: https://urllib3.readthedocs.io/en/latest/advanced-usage.html#tls-warnings
  warnings.warn(

2026-09-01 09:59:32.026 87 INFO cinder.volume.manager [None req-7e6be37e-7880-4449-bfe8-3e3389b05f0b 169601f4f0f44cbe8af613d9cad9536a 65eefa5d06334648babc49005e860825 - - - -] Create snapshot completed successfully
2026-09-01 09:59:32.782 87 INFO cinder.volume.drivers.lightos [None req-342b6390-895b-4067-80f3-51c650a6314a a3a9b13731604e739e805a7f8f7dc94e 885085fe4640482d9aa2e9f5641c9822 - - - -] Invoking get_snapshot_by_name using GET url: /api/v2/projects/default/snapshots/?Name=snapshot-efce725f-0a2a-480d-888a-4697e637d4ea             request.body: {} ssl_verify: False
2026-09-01 09:59:32.868 87 WARNING py.warnings [None req-342b6390-895b-4067-80f3-51c650a6314a a3a9b13731604e739e805a7f8f7dc94e 885085fe4640482d9aa2e9f5641c9822 - - - -] /var/lib/kolla/venv/lib/python3.12/site-packages/urllib3/connectionpool.py:1110: InsecureRequestWarning: Unverified HTTPS request is being made to host '[LB_IP_ADDRESS]'. Adding certificate verification is strongly advised. See: https://urllib3.readthedocs.io/en/latest/advanced-usage.html#tls-warnings
  warnings.warn(

2026-09-01 09:59:32.883 87 INFO cinder.volume.drivers.lightos [None req-342b6390-895b-4067-80f3-51c650a6314a a3a9b13731604e739e805a7f8f7dc94e 885085fe4640482d9aa2e9f5641c9822 - - - -] Invoking delete_snapshot using DELETE url: /api/v2/projects/default/snapshots/41bab97b-a0dc-41ee-bf02-92b71f8e57e0?             request.body:  ssl_verify: False
2026-09-01 09:59:32.966 87 WARNING py.warnings [None req-342b6390-895b-4067-80f3-51c650a6314a a3a9b13731604e739e805a7f8f7dc94e 885085fe4640482d9aa2e9f5641c9822 - - - -] /var/lib/kolla/venv/lib/python3.12/site-packages/urllib3/connectionpool.py:1110: InsecureRequestWarning: Unverified HTTPS request is being made to host '[LB_IP_ADDRESS]'. Adding certificate verification is strongly advised. See: https://urllib3.readthedocs.io/en/latest/advanced-usage.html#tls-warnings
  warnings.warn(

2026-09-01 09:59:32.987 87 INFO cinder.volume.drivers.lightos [None req-342b6390-895b-4067-80f3-51c650a6314a a3a9b13731604e739e805a7f8f7dc94e 885085fe4640482d9aa2e9f5641c9822 - - - -] Invoking get_snapshot using GET url: /api/v2/projects/default/snapshots/41bab97b-a0dc-41ee-bf02-92b71f8e57e0             request.body: {} ssl_verify: False
2026-09-01 09:59:33.069 87 WARNING py.warnings [None req-342b6390-895b-4067-80f3-51c650a6314a a3a9b13731604e739e805a7f8f7dc94e 885085fe4640482d9aa2e9f5641c9822 - - - -] /var/lib/kolla/venv/lib/python3.12/site-packages/urllib3/connectionpool.py:1110: InsecureRequestWarning: Unverified HTTPS request is being made to host '[LB_IP_ADDRESS]'. Adding certificate verification is strongly advised. See: https://urllib3.readthedocs.io/en/latest/advanced-usage.html#tls-warnings
  warnings.warn(

2026-09-01 09:59:33.357 87 INFO cinder.volume.flows.manager.create_volume [None req-bd02f855-15c2-412e-be70-256920329857 169601f4f0f44cbe8af613d9cad9536a 65eefa5d06334648babc49005e860825 - - - -] Volume fd67119b-085b-4e84-b0b3-0861000d168f: being created as snap with specification: {'status': 'creating', 'volume_name': 'vol_fd67119b-085b-4e84-b0b3-0861000d168f', 'volume_size': 1, 'snapshot_id': '1c4fd312-8eee-41cd-98dd-87e3f9f12765'}
2026-09-01 09:59:33.368 87 INFO cinder.volume.drivers.lightos [None req-bd02f855-15c2-412e-be70-256920329857 169601f4f0f44cbe8af613d9cad9536a 65eefa5d06334648babc49005e860825 - - - -] Invoking get_volume_by_name using GET url: /api/v2/projects/default/volumes/?name=vol_fd67119b-085b-4e84-b0b3-0861000d168f             request.body: {} ssl_verify: False
2026-09-01 09:59:33.453 87 WARNING py.warnings [None req-bd02f855-15c2-412e-be70-256920329857 169601f4f0f44cbe8af613d9cad9536a 65eefa5d06334648babc49005e860825 - - - -] /var/lib/kolla/venv/lib/python3.12/site-packages/urllib3/connectionpool.py:1110: InsecureRequestWarning: Unverified HTTPS request is being made to host '[LB_IP_ADDRESS]'. Adding certificate verification is strongly advised. See: https://urllib3.readthedocs.io/en/latest/advanced-usage.html#tls-warnings
  warnings.warn(

2026-09-01 09:59:33.463 87 INFO cinder.volume.drivers.lightos [None req-bd02f855-15c2-412e-be70-256920329857 169601f4f0f44cbe8af613d9cad9536a 65eefa5d06334648babc49005e860825 - - - -] Invoking create_volume using POST url: /api/v2/projects/default/volumes             request.body: {'name': 'vol_fd67119b-085b-4e84-b0b3-0861000d168f', 'size': '1 gib', 'replicaCount': '3', 'compression': 'False', 'acl': {'values': ['ALLOW_NONE']}, 'IPAcl': {'values': ['ALLOW_NONE']}, 'sourceSnapshotUUID': None, 'sourceSnapshotName': 'snapshot-1c4fd312-8eee-41cd-98dd-87e3f9f12765'} ssl_verify: False
2026-09-01 09:59:33.545 87 INFO cinder.volume.manager [None req-342b6390-895b-4067-80f3-51c650a6314a a3a9b13731604e739e805a7f8f7dc94e 885085fe4640482d9aa2e9f5641c9822 - - - -] Delete snapshot completed successfully.
2026-09-01 09:59:33.549 87 WARNING py.warnings [None req-bd02f855-15c2-412e-be70-256920329857 169601f4f0f44cbe8af613d9cad9536a 65eefa5d06334648babc49005e860825 - - - -] /var/lib/kolla/venv/lib/python3.12/site-packages/urllib3/connectionpool.py:1110: InsecureRequestWarning: Unverified HTTPS request is being made to host '[LB_IP_ADDRESS]'. Adding certificate verification is strongly advised. See: https://urllib3.readthedocs.io/en/latest/advanced-usage.html#tls-warnings
  warnings.warn(

2026-09-01 09:59:33.576 87 INFO cinder.volume.drivers.lightos [None req-bd02f855-15c2-412e-be70-256920329857 169601f4f0f44cbe8af613d9cad9536a 65eefa5d06334648babc49005e860825 - - - -] Invoking get_volume using GET url: /api/v2/projects/default/volumes/23db795c-81a0-4b16-be18-236242ebb82b             request.body: {} ssl_verify: False
2026-09-01 09:59:33.658 87 WARNING py.warnings [None req-bd02f855-15c2-412e-be70-256920329857 169601f4f0f44cbe8af613d9cad9536a 65eefa5d06334648babc49005e860825 - - - -] /var/lib/kolla/venv/lib/python3.12/site-packages/urllib3/connectionpool.py:1110: InsecureRequestWarning: Unverified HTTPS request is being made to host '[LB_IP_ADDRESS]'. Adding certificate verification is strongly advised. See: https://urllib3.readthedocs.io/en/latest/advanced-usage.html#tls-warnings
  warnings.warn(

2026-09-01 09:59:33.701 87 INFO cinder.volume.flows.manager.create_volume [None req-bd02f855-15c2-412e-be70-256920329857 169601f4f0f44cbe8af613d9cad9536a 65eefa5d06334648babc49005e860825 - - - -] Volume vol_fd67119b-085b-4e84-b0b3-0861000d168f (fd67119b-085b-4e84-b0b3-0861000d168f): created successfully
2026-09-01 09:59:33.713 87 INFO cinder.volume.manager [None req-bd02f855-15c2-412e-be70-256920329857 169601f4f0f44cbe8af613d9cad9536a 65eefa5d06334648babc49005e860825 - - - -] Created volume successfully.
2026-09-01 09:59:33.940 87 INFO cinder.volume.drivers.lightos [None req-d982b5f4-7311-4c34-9178-fc59aae9b2a4 a3a9b13731604e739e805a7f8f7dc94e 885085fe4640482d9aa2e9f5641c9822 - - - -] Invoking delete_volume using DELETE url: /api/v2/projects/default/volumes/5606e7c4-f2e9-4bf9-b7a5-f222649331fa?             request.body:  ssl_verify: False
2026-09-01 09:59:34.021 87 WARNING py.warnings [None req-d982b5f4-7311-4c34-9178-fc59aae9b2a4 a3a9b13731604e739e805a7f8f7dc94e 885085fe4640482d9aa2e9f5641c9822 - - - -] /var/lib/kolla/venv/lib/python3.12/site-packages/urllib3/connectionpool.py:1110: InsecureRequestWarning: Unverified HTTPS request is being made to host '[LB_IP_ADDRESS]'. Adding certificate verification is strongly advised. See: https://urllib3.readthedocs.io/en/latest/advanced-usage.html#tls-warnings
  warnings.warn(

2026-09-01 09:59:34.049 87 INFO cinder.volume.drivers.lightos [None req-d982b5f4-7311-4c34-9178-fc59aae9b2a4 a3a9b13731604e739e805a7f8f7dc94e 885085fe4640482d9aa2e9f5641c9822 - - - -] Invoking get_volume using GET url: /api/v2/projects/default/volumes/5606e7c4-f2e9-4bf9-b7a5-f222649331fa             request.body: {} ssl_verify: False
2026-09-01 09:59:34.131 87 WARNING py.warnings [None req-d982b5f4-7311-4c34-9178-fc59aae9b2a4 a3a9b13731604e739e805a7f8f7dc94e 885085fe4640482d9aa2e9f5641c9822 - - - -] /var/lib/kolla/venv/lib/python3.12/site-packages/urllib3/connectionpool.py:1110: InsecureRequestWarning: Unverified HTTPS request is being made to host '[LB_IP_ADDRESS]'. Adding certificate verification is strongly advised. See: https://urllib3.readthedocs.io/en/latest/advanced-usage.html#tls-warnings
  warnings.warn(

2026-09-01 09:59:34.367 87 INFO cinder.volume.manager [None req-d982b5f4-7311-4c34-9178-fc59aae9b2a4 a3a9b13731604e739e805a7f8f7dc94e 885085fe4640482d9aa2e9f5641c9822 - - - -] Deleted volume successfully.
2026-09-01 09:59:34.473 87 INFO cinder.volume.drivers.lightos [None req-fe3bf246-8b08-4e41-bb80-e17096f65977 169601f4f0f44cbe8af613d9cad9536a 65eefa5d06334648babc49005e860825 - - - -] Invoking get_snapshot_by_name using GET url: /api/v2/projects/default/snapshots/?Name=snapshot-1c4fd312-8eee-41cd-98dd-87e3f9f12765             request.body: {} ssl_verify: False
2026-09-01 09:59:34.556 87 WARNING py.warnings [None req-fe3bf246-8b08-4e41-bb80-e17096f65977 169601f4f0f44cbe8af613d9cad9536a 65eefa5d06334648babc49005e860825 - - - -] /var/lib/kolla/venv/lib/python3.12/site-packages/urllib3/connectionpool.py:1110: InsecureRequestWarning: Unverified HTTPS request is being made to host '[LB_IP_ADDRESS]'. Adding certificate verification is strongly advised. See: https://urllib3.readthedocs.io/en/latest/advanced-usage.html#tls-warnings
  warnings.warn(

2026-09-01 09:59:34.568 87 INFO cinder.volume.drivers.lightos [None req-fe3bf246-8b08-4e41-bb80-e17096f65977 169601f4f0f44cbe8af613d9cad9536a 65eefa5d06334648babc49005e860825 - - - -] Invoking delete_snapshot using DELETE url: /api/v2/projects/default/snapshots/f01f3b32-5d36-465f-92e9-299d29fea2ac?             request.body:  ssl_verify: False
2026-09-01 09:59:34.651 87 WARNING py.warnings [None req-fe3bf246-8b08-4e41-bb80-e17096f65977 169601f4f0f44cbe8af613d9cad9536a 65eefa5d06334648babc49005e860825 - - - -] /var/lib/kolla/venv/lib/python3.12/site-packages/urllib3/connectionpool.py:1110: InsecureRequestWarning: Unverified HTTPS request is being made to host '[LB_IP_ADDRESS]'. Adding certificate verification is strongly advised. See: https://urllib3.readthedocs.io/en/latest/advanced-usage.html#tls-warnings
  warnings.warn(

2026-09-01 09:59:34.670 87 INFO cinder.volume.drivers.lightos [None req-fe3bf246-8b08-4e41-bb80-e17096f65977 169601f4f0f44cbe8af613d9cad9536a 65eefa5d06334648babc49005e860825 - - - -] Invoking get_snapshot using GET url: /api/v2/projects/default/snapshots/f01f3b32-5d36-465f-92e9-299d29fea2ac             request.body: {} ssl_verify: False
2026-09-01 09:59:34.752 87 WARNING py.warnings [None req-fe3bf246-8b08-4e41-bb80-e17096f65977 169601f4f0f44cbe8af613d9cad9536a 65eefa5d06334648babc49005e860825 - - - -] /var/lib/kolla/venv/lib/python3.12/site-packages/urllib3/connectionpool.py:1110: InsecureRequestWarning: Unverified HTTPS request is being made to host '[LB_IP_ADDRESS]'. Adding certificate verification is strongly advised. See: https://urllib3.readthedocs.io/en/latest/advanced-usage.html#tls-warnings
  warnings.warn(

2026-09-01 09:59:34.972 87 INFO cinder.volume.manager [None req-fe3bf246-8b08-4e41-bb80-e17096f65977 169601f4f0f44cbe8af613d9cad9536a 65eefa5d06334648babc49005e860825 - - - -] Delete snapshot completed successfully.
2026-09-01 09:59:34.973 87 INFO cinder.volume.drivers.lightos [None req-fe3bf246-8b08-4e41-bb80-e17096f65977 169601f4f0f44cbe8af613d9cad9536a 65eefa5d06334648babc49005e860825 - - - -] Invoking delete_volume using DELETE url: /api/v2/projects/default/volumes/0151f4d7-0e2a-47ae-be16-c9ea8f877c18?             request.body:  ssl_verify: False
2026-09-01 09:59:35.057 87 WARNING py.warnings [None req-fe3bf246-8b08-4e41-bb80-e17096f65977 169601f4f0f44cbe8af613d9cad9536a 65eefa5d06334648babc49005e860825 - - - -] /var/lib/kolla/venv/lib/python3.12/site-packages/urllib3/connectionpool.py:1110: InsecureRequestWarning: Unverified HTTPS request is being made to host '[LB_IP_ADDRESS]'. Adding certificate verification is strongly advised. See: https://urllib3.readthedocs.io/en/latest/advanced-usage.html#tls-warnings
  warnings.warn(

2026-09-01 09:59:35.079 87 INFO cinder.volume.drivers.lightos [None req-fe3bf246-8b08-4e41-bb80-e17096f65977 169601f4f0f44cbe8af613d9cad9536a 65eefa5d06334648babc49005e860825 - - - -] Invoking get_volume using GET url: /api/v2/projects/default/volumes/0151f4d7-0e2a-47ae-be16-c9ea8f877c18             request.body: {} ssl_verify: False
2026-09-01 09:59:35.161 87 WARNING py.warnings [None req-fe3bf246-8b08-4e41-bb80-e17096f65977 169601f4f0f44cbe8af613d9cad9536a 65eefa5d06334648babc49005e860825 - - - -] /var/lib/kolla/venv/lib/python3.12/site-packages/urllib3/connectionpool.py:1110: InsecureRequestWarning: Unverified HTTPS request is being made to host '[LB_IP_ADDRESS]'. Adding certificate verification is strongly advised. See: https://urllib3.readthedocs.io/en/latest/advanced-usage.html#tls-warnings
  warnings.warn(

2026-09-01 09:59:35.389 87 INFO cinder.volume.manager [None req-fe3bf246-8b08-4e41-bb80-e17096f65977 169601f4f0f44cbe8af613d9cad9536a 65eefa5d06334648babc49005e860825 - - - -] Deleted volume successfully.
2026-09-01 09:59:35.700 87 INFO cinder.volume.drivers.lightos [None req-717340b4-9d70-4921-b547-42939fdcc21a 169601f4f0f44cbe8af613d9cad9536a 65eefa5d06334648babc49005e860825 - - - -] Invoking delete_volume using DELETE url: /api/v2/projects/default/volumes/23db795c-81a0-4b16-be18-236242ebb82b?             request.body:  ssl_verify: False
2026-09-01 09:59:35.782 87 WARNING py.warnings [None req-717340b4-9d70-4921-b547-42939fdcc21a 169601f4f0f44cbe8af613d9cad9536a 65eefa5d06334648babc49005e860825 - - - -] /var/lib/kolla/venv/lib/python3.12/site-packages/urllib3/connectionpool.py:1110: InsecureRequestWarning: Unverified HTTPS request is being made to host '[LB_IP_ADDRESS]'. Adding certificate verification is strongly advised. See: https://urllib3.readthedocs.io/en/latest/advanced-usage.html#tls-warnings
  warnings.warn(

2026-09-01 09:59:35.818 87 INFO cinder.volume.drivers.lightos [None req-717340b4-9d70-4921-b547-42939fdcc21a 169601f4f0f44cbe8af613d9cad9536a 65eefa5d06334648babc49005e860825 - - - -] Invoking get_volume using GET url: /api/v2/projects/default/volumes/23db795c-81a0-4b16-be18-236242ebb82b             request.body: {} ssl_verify: False
2026-09-01 09:59:35.900 87 WARNING py.warnings [None req-717340b4-9d70-4921-b547-42939fdcc21a 169601f4f0f44cbe8af613d9cad9536a 65eefa5d06334648babc49005e860825 - - - -] /var/lib/kolla/venv/lib/python3.12/site-packages/urllib3/connectionpool.py:1110: InsecureRequestWarning: Unverified HTTPS request is being made to host '[LB_IP_ADDRESS]'. Adding certificate verification is strongly advised. See: https://urllib3.readthedocs.io/en/latest/advanced-usage.html#tls-warnings
  warnings.warn(

2026-09-01 09:59:36.153 87 INFO cinder.volume.manager [None req-717340b4-9d70-4921-b547-42939fdcc21a 169601f4f0f44cbe8af613d9cad9536a 65eefa5d06334648babc49005e860825 - - - -] Deleted volume successfully.
2026-09-01 09:59:41.210 87 INFO cinder.volume.flows.manager.create_volume [None req-a6155cbb-f9f4-4513-95e8-ba9b160ebe4e 43263c1b456a41978699b351c46f67fe afe7c4c0332d4917a5a23dfd635ea473 - - - -] Volume d2b9ff76-3114-414b-bee1-2e922ef38414: being created as raw with specification: {'status': 'creating', 'volume_name': 'vol_d2b9ff76-3114-414b-bee1-2e922ef38414', 'volume_size': 1}
2026-09-01 09:59:41.211 87 INFO cinder.volume.drivers.lightos [None req-a6155cbb-f9f4-4513-95e8-ba9b160ebe4e 43263c1b456a41978699b351c46f67fe afe7c4c0332d4917a5a23dfd635ea473 - - - -] Invoking get_volume_by_name using GET url: /api/v2/projects/default/volumes/?name=vol_d2b9ff76-3114-414b-bee1-2e922ef38414             request.body: {} ssl_verify: False
2026-09-01 09:59:41.297 87 WARNING py.warnings [None req-a6155cbb-f9f4-4513-95e8-ba9b160ebe4e 43263c1b456a41978699b351c46f67fe afe7c4c0332d4917a5a23dfd635ea473 - - - -] /var/lib/kolla/venv/lib/python3.12/site-packages/urllib3/connectionpool.py:1110: InsecureRequestWarning: Unverified HTTPS request is being made to host '[LB_IP_ADDRESS]'. Adding certificate verification is strongly advised. See: https://urllib3.readthedocs.io/en/latest/advanced-usage.html#tls-warnings
  warnings.warn(

2026-09-01 09:59:41.307 87 INFO cinder.volume.drivers.lightos [None req-a6155cbb-f9f4-4513-95e8-ba9b160ebe4e 43263c1b456a41978699b351c46f67fe afe7c4c0332d4917a5a23dfd635ea473 - - - -] Invoking create_volume using POST url: /api/v2/projects/default/volumes             request.body: {'name': 'vol_d2b9ff76-3114-414b-bee1-2e922ef38414', 'size': '1 gib', 'replicaCount': '3', 'compression': 'False', 'acl': {'values': ['ALLOW_NONE']}, 'IPAcl': {'values': ['ALLOW_NONE']}, 'sourceSnapshotUUID': None, 'sourceSnapshotName': None} ssl_verify: False
2026-09-01 09:59:41.391 87 WARNING py.warnings [None req-a6155cbb-f9f4-4513-95e8-ba9b160ebe4e 43263c1b456a41978699b351c46f67fe afe7c4c0332d4917a5a23dfd635ea473 - - - -] /var/lib/kolla/venv/lib/python3.12/site-packages/urllib3/connectionpool.py:1110: InsecureRequestWarning: Unverified HTTPS request is being made to host '[LB_IP_ADDRESS]'. Adding certificate verification is strongly advised. See: https://urllib3.readthedocs.io/en/latest/advanced-usage.html#tls-warnings
  warnings.warn(

2026-09-01 09:59:41.423 87 INFO cinder.volume.drivers.lightos [None req-a6155cbb-f9f4-4513-95e8-ba9b160ebe4e 43263c1b456a41978699b351c46f67fe afe7c4c0332d4917a5a23dfd635ea473 - - - -] Invoking get_volume using GET url: /api/v2/projects/default/volumes/4f8f62f8-e7cc-4e2a-8a0a-48c7af8337a2             request.body: {} ssl_verify: False
2026-09-01 09:59:41.507 87 WARNING py.warnings [None req-a6155cbb-f9f4-4513-95e8-ba9b160ebe4e 43263c1b456a41978699b351c46f67fe afe7c4c0332d4917a5a23dfd635ea473 - - - -] /var/lib/kolla/venv/lib/python3.12/site-packages/urllib3/connectionpool.py:1110: InsecureRequestWarning: Unverified HTTPS request is being made to host '[LB_IP_ADDRESS]'. Adding certificate verification is strongly advised. See: https://urllib3.readthedocs.io/en/latest/advanced-usage.html#tls-warnings
  warnings.warn(

2026-09-01 09:59:41.548 87 INFO cinder.volume.flows.manager.create_volume [None req-a6155cbb-f9f4-4513-95e8-ba9b160ebe4e 43263c1b456a41978699b351c46f67fe afe7c4c0332d4917a5a23dfd635ea473 - - - -] Volume vol_d2b9ff76-3114-414b-bee1-2e922ef38414 (d2b9ff76-3114-414b-bee1-2e922ef38414): created successfully
2026-09-01 09:59:41.561 87 INFO cinder.volume.manager [None req-a6155cbb-f9f4-4513-95e8-ba9b160ebe4e 43263c1b456a41978699b351c46f67fe afe7c4c0332d4917a5a23dfd635ea473 - - - -] Created volume successfully.
2026-09-01 09:59:42.750 87 INFO cinder.volume.drivers.lightos [None req-79d728da-4582-48d1-9c5f-0ecc828877b9 43263c1b456a41978699b351c46f67fe afe7c4c0332d4917a5a23dfd635ea473 - - - -] Invoking delete_volume using DELETE url: /api/v2/projects/default/volumes/4f8f62f8-e7cc-4e2a-8a0a-48c7af8337a2?             request.body:  ssl_verify: False
2026-09-01 09:59:42.835 87 WARNING py.warnings [None req-79d728da-4582-48d1-9c5f-0ecc828877b9 43263c1b456a41978699b351c46f67fe afe7c4c0332d4917a5a23dfd635ea473 - - - -] /var/lib/kolla/venv/lib/python3.12/site-packages/urllib3/connectionpool.py:1110: InsecureRequestWarning: Unverified HTTPS request is being made to host '[LB_IP_ADDRESS]'. Adding certificate verification is strongly advised. See: https://urllib3.readthedocs.io/en/latest/advanced-usage.html#tls-warnings
  warnings.warn(

2026-09-01 09:59:42.863 87 INFO cinder.volume.drivers.lightos [None req-79d728da-4582-48d1-9c5f-0ecc828877b9 43263c1b456a41978699b351c46f67fe afe7c4c0332d4917a5a23dfd635ea473 - - - -] Invoking get_volume using GET url: /api/v2/projects/default/volumes/4f8f62f8-e7cc-4e2a-8a0a-48c7af8337a2             request.body: {} ssl_verify: False
2026-09-01 09:59:42.947 87 WARNING py.warnings [None req-79d728da-4582-48d1-9c5f-0ecc828877b9 43263c1b456a41978699b351c46f67fe afe7c4c0332d4917a5a23dfd635ea473 - - - -] /var/lib/kolla/venv/lib/python3.12/site-packages/urllib3/connectionpool.py:1110: InsecureRequestWarning: Unverified HTTPS request is being made to host '[LB_IP_ADDRESS]'. Adding certificate verification is strongly advised. See: https://urllib3.readthedocs.io/en/latest/advanced-usage.html#tls-warnings
  warnings.warn(

2026-09-01 09:59:43.032 87 INFO cinder.volume.flows.manager.create_volume [None req-bd202284-2cfc-4f65-975b-696d93a2da20 ed37f78ad1524c728b75e957d7069ab5 2d4c06c475a0465daf2bc169f0a67837 - - - -] Volume fbec18e2-3c0d-4f65-bbbd-88524bd2299b: being created as raw with specification: {'status': 'creating', 'volume_name': 'vol_fbec18e2-3c0d-4f65-bbbd-88524bd2299b', 'volume_size': 1}
2026-09-01 09:59:43.033 87 INFO cinder.volume.drivers.lightos [None req-bd202284-2cfc-4f65-975b-696d93a2da20 ed37f78ad1524c728b75e957d7069ab5 2d4c06c475a0465daf2bc169f0a67837 - - - -] Invoking get_volume_by_name using GET url: /api/v2/projects/default/volumes/?name=vol_fbec18e2-3c0d-4f65-bbbd-88524bd2299b             request.body: {} ssl_verify: False
2026-09-01 09:59:43.119 87 WARNING py.warnings [None req-bd202284-2cfc-4f65-975b-696d93a2da20 ed37f78ad1524c728b75e957d7069ab5 2d4c06c475a0465daf2bc169f0a67837 - - - -] /var/lib/kolla/venv/lib/python3.12/site-packages/urllib3/connectionpool.py:1110: InsecureRequestWarning: Unverified HTTPS request is being made to host '[LB_IP_ADDRESS]'. Adding certificate verification is strongly advised. See: https://urllib3.readthedocs.io/en/latest/advanced-usage.html#tls-warnings
  warnings.warn(

2026-09-01 09:59:43.235 87 INFO cinder.volume.drivers.lightos [None req-bd202284-2cfc-4f65-975b-696d93a2da20 ed37f78ad1524c728b75e957d7069ab5 2d4c06c475a0465daf2bc169f0a67837 - - - -] Invoking create_volume using POST url: /api/v2/projects/default/volumes             request.body: {'name': 'vol_fbec18e2-3c0d-4f65-bbbd-88524bd2299b', 'size': '1 gib', 'replicaCount': '3', 'compression': 'False', 'acl': {'values': ['ALLOW_NONE']}, 'IPAcl': {'values': ['ALLOW_NONE']}, 'sourceSnapshotUUID': None, 'sourceSnapshotName': None} ssl_verify: False
2026-09-01 09:59:43.323 87 WARNING py.warnings [None req-bd202284-2cfc-4f65-975b-696d93a2da20 ed37f78ad1524c728b75e957d7069ab5 2d4c06c475a0465daf2bc169f0a67837 - - - -] /var/lib/kolla/venv/lib/python3.12/site-packages/urllib3/connectionpool.py:1110: InsecureRequestWarning: Unverified HTTPS request is being made to host '[LB_IP_ADDRESS]'. Adding certificate verification is strongly advised. See: https://urllib3.readthedocs.io/en/latest/advanced-usage.html#tls-warnings
  warnings.warn(

2026-09-01 09:59:43.372 87 INFO cinder.volume.drivers.lightos [None req-bd202284-2cfc-4f65-975b-696d93a2da20 ed37f78ad1524c728b75e957d7069ab5 2d4c06c475a0465daf2bc169f0a67837 - - - -] Invoking get_volume using GET url: /api/v2/projects/default/volumes/24cfab34-3b84-4576-8401-465dfa66cb1b             request.body: {} ssl_verify: False
2026-09-01 09:59:43.467 87 WARNING py.warnings [None req-bd202284-2cfc-4f65-975b-696d93a2da20 ed37f78ad1524c728b75e957d7069ab5 2d4c06c475a0465daf2bc169f0a67837 - - - -] /var/lib/kolla/venv/lib/python3.12/site-packages/urllib3/connectionpool.py:1110: InsecureRequestWarning: Unverified HTTPS request is being made to host '[LB_IP_ADDRESS]'. Adding certificate verification is strongly advised. See: https://urllib3.readthedocs.io/en/latest/advanced-usage.html#tls-warnings
  warnings.warn(

2026-09-01 09:59:43.543 87 INFO cinder.volume.flows.manager.create_volume [None req-bd202284-2cfc-4f65-975b-696d93a2da20 ed37f78ad1524c728b75e957d7069ab5 2d4c06c475a0465daf2bc169f0a67837 - - - -] Volume vol_fbec18e2-3c0d-4f65-bbbd-88524bd2299b (fbec18e2-3c0d-4f65-bbbd-88524bd2299b): created successfully
2026-09-01 09:59:43.552 87 WARNING cinder.image.glance [None req-23a80786-a3dd-4a7e-9dd5-7cb07d97abcd 64bb0c2329b7452d8522a88b7aa32931 61590865c55543f2b09617f578a65924 - - - -] Glance method get_image_locations is available but a dedicated [glance] section is required in the cinder configuration file to allow service-to-service communication.: glanceclient.exc.HTTPForbidden: HTTP 403 Forbidden: You are not authorized to complete fetch_image_location action.
2026-09-01 09:59:43.561 87 INFO cinder.volume.manager [None req-bd202284-2cfc-4f65-975b-696d93a2da20 ed37f78ad1524c728b75e957d7069ab5 2d4c06c475a0465daf2bc169f0a67837 - - - -] Created volume successfully.
2026-09-01 09:59:43.576 87 INFO cinder.volume.manager [None req-79d728da-4582-48d1-9c5f-0ecc828877b9 43263c1b456a41978699b351c46f67fe afe7c4c0332d4917a5a23dfd635ea473 - - - -] Deleted volume successfully.
2026-09-01 09:59:43.627 87 INFO cinder.volume.flows.manager.create_volume [None req-23a80786-a3dd-4a7e-9dd5-7cb07d97abcd 64bb0c2329b7452d8522a88b7aa32931 61590865c55543f2b09617f578a65924 - - - -] Volume 1f7b7683-25a4-4c5d-b64c-6021ab0db164: being created as image with specification: {'status': 'creating', 'volume_name': 'vol_1f7b7683-25a4-4c5d-b64c-6021ab0db164', 'volume_size': 1, 'image_id': '3930b779-469e-4faf-af16-36c2b3e38501', 'image_location': (None, []), 'image_meta': {'name': 'cirros', 'disk_format': 'qcow2', 'container_format': 'bare', 'visibility': 'public', 'size': 12716032, 'virtual_size': 46137344, 'status': 'active', 'checksum': '443b7623e27ecf03dc9e01ee93f67afe', 'protected': False, 'min_ram': 0, 'min_disk': 0, 'owner': '132ec085d3e2423dbe5f9f986177be69', 'os_hidden': False, 'os_hash_algo': 'sha512', 'os_hash_value': '6513f21e44aa3da349f248188a44bc304a3653a04122d8fb4535423c8e1d14cd6a153f735bb0982e2161b5b5186106570c17a9e58b64dd39390617cd5a350f78', 'id': '3930b779-469e-4faf-af16-36c2b3e38501', 'created_at': datetime.datetime(2026, 7, 9, 13, 42, 33, tzinfo=datetime.timezone.utc), 'updated_at': datetime.datetime(2026, 7, 9, 13, 42, 34, tzinfo=datetime.timezone.utc), 'tags': [], 'file': '/v2/images/3930b779-469e-4faf-af16-36c2b3e38501/file', 'stores': 'file', 'properties': {'owner_specified.openstack.md5': '', 'owner_specified.openstack.object': 'images/cirros', 'owner_specified.openstack.sha256': ''}}, 'image_service': <cinder.image.glance.GlanceImageService object at 0x78fea9b42fc0>}
2026-09-01 09:59:44.798 87 INFO cinder.image.image_utils [None req-23a80786-a3dd-4a7e-9dd5-7cb07d97abcd 64bb0c2329b7452d8522a88b7aa32931 61590865c55543f2b09617f578a65924 - - - -] Image download 12.13 MB at 10.38 MB/s
2026-09-01 09:59:44.827 87 INFO oslo.privsep.daemon [None req-23a80786-a3dd-4a7e-9dd5-7cb07d97abcd 64bb0c2329b7452d8522a88b7aa32931 61590865c55543f2b09617f578a65924 - - - -] Running privsep helper: ['sudo', 'cinder-rootwrap', '/etc/cinder/rootwrap.conf', 'privsep-helper', '--config-file', '/etc/cinder/cinder.conf', '--privsep_context', 'cinder.privsep.sys_admin_pctxt', '--privsep_sock_path', '/tmp/tmp9odmju5d/privsep.sock']
2026-09-01 09:59:45.289 87 INFO cinder.volume.manager [None req-7a8b93cc-0c3f-4047-86c8-e7a5b16ac673 33ea6c3ac4844b50a9c96d0926df4672 0bfd72a117da48919d764f3a8e7235b9 - - - -] Transfer volume completed successfully.
2026-09-01 09:59:46.284 87 INFO cinder.volume.drivers.lightos [None req-7a3de137-5805-4ed3-84cf-0a12ea5c5816 b95a33209f084913a9ab22d98a3a3776 075a0e51e89f497784206eb9f1f69a5c - - - -] Invoking delete_volume using DELETE url: /api/v2/projects/default/volumes/24cfab34-3b84-4576-8401-465dfa66cb1b?             request.body:  ssl_verify: False
2026-09-01 09:59:46.370 87 WARNING py.warnings [None req-7a3de137-5805-4ed3-84cf-0a12ea5c5816 b95a33209f084913a9ab22d98a3a3776 075a0e51e89f497784206eb9f1f69a5c - - - -] /var/lib/kolla/venv/lib/python3.12/site-packages/urllib3/connectionpool.py:1110: InsecureRequestWarning: Unverified HTTPS request is being made to host '[LB_IP_ADDRESS]'. Adding certificate verification is strongly advised. See: https://urllib3.readthedocs.io/en/latest/advanced-usage.html#tls-warnings
  warnings.warn(

2026-09-01 09:59:46.405 87 INFO cinder.volume.drivers.lightos [None req-7a3de137-5805-4ed3-84cf-0a12ea5c5816 b95a33209f084913a9ab22d98a3a3776 075a0e51e89f497784206eb9f1f69a5c - - - -] Invoking get_volume using GET url: /api/v2/projects/default/volumes/24cfab34-3b84-4576-8401-465dfa66cb1b             request.body: {} ssl_verify: False
2026-09-01 09:59:46.492 87 WARNING py.warnings [None req-7a3de137-5805-4ed3-84cf-0a12ea5c5816 b95a33209f084913a9ab22d98a3a3776 075a0e51e89f497784206eb9f1f69a5c - - - -] /var/lib/kolla/venv/lib/python3.12/site-packages/urllib3/connectionpool.py:1110: InsecureRequestWarning: Unverified HTTPS request is being made to host '[LB_IP_ADDRESS]'. Adding certificate verification is strongly advised. See: https://urllib3.readthedocs.io/en/latest/advanced-usage.html#tls-warnings
  warnings.warn(

2026-09-01 09:59:46.654 87 INFO oslo.privsep.daemon [None req-23a80786-a3dd-4a7e-9dd5-7cb07d97abcd 64bb0c2329b7452d8522a88b7aa32931 61590865c55543f2b09617f578a65924 - - - -] Spawned new privsep daemon via rootwrap
2026-09-01 09:59:46.370 191 INFO oslo.privsep.daemon [-] privsep daemon starting
2026-09-01 09:59:46.378 191 INFO oslo.privsep.daemon [-] privsep process running with uid/gid: 0/0
2026-09-01 09:59:46.382 191 INFO oslo.privsep.daemon [-] privsep process running with capabilities (eff/prm/inh): CAP_CHOWN|CAP_DAC_OVERRIDE|CAP_DAC_READ_SEARCH|CAP_FOWNER|CAP_NET_ADMIN|CAP_SYS_ADMIN/CAP_CHOWN|CAP_DAC_OVERRIDE|CAP_DAC_READ_SEARCH|CAP_FOWNER|CAP_NET_ADMIN|CAP_SYS_ADMIN/none
2026-09-01 09:59:46.382 191 INFO oslo.privsep.daemon [-] privsep daemon running as pid 191
2026-09-01 09:59:46.756 87 INFO cinder.volume.manager [None req-7a3de137-5805-4ed3-84cf-0a12ea5c5816 b95a33209f084913a9ab22d98a3a3776 075a0e51e89f497784206eb9f1f69a5c - - - -] Deleted volume successfully.
2026-09-01 09:59:48.125 87 INFO cinder.volume.flows.manager.create_volume [None req-d49df28e-4504-4c6b-8979-be7319a6fc3d ed37f78ad1524c728b75e957d7069ab5 2d4c06c475a0465daf2bc169f0a67837 - - - -] Volume 84dbdfec-0afb-4db8-bf47-482aa375bc52: being created as raw with specification: {'status': 'creating', 'volume_name': 'vol_84dbdfec-0afb-4db8-bf47-482aa375bc52', 'volume_size': 1}
2026-09-01 09:59:48.126 87 INFO cinder.volume.drivers.lightos [None req-d49df28e-4504-4c6b-8979-be7319a6fc3d ed37f78ad1524c728b75e957d7069ab5 2d4c06c475a0465daf2bc169f0a67837 - - - -] Invoking get_volume_by_name using GET url: /api/v2/projects/default/volumes/?name=vol_84dbdfec-0afb-4db8-bf47-482aa375bc52             request.body: {} ssl_verify: False
2026-09-01 09:59:48.218 87 WARNING py.warnings [None req-d49df28e-4504-4c6b-8979-be7319a6fc3d ed37f78ad1524c728b75e957d7069ab5 2d4c06c475a0465daf2bc169f0a67837 - - - -] /var/lib/kolla/venv/lib/python3.12/site-packages/urllib3/connectionpool.py:1110: InsecureRequestWarning: Unverified HTTPS request is being made to host '[LB_IP_ADDRESS]'. Adding certificate verification is strongly advised. See: https://urllib3.readthedocs.io/en/latest/advanced-usage.html#tls-warnings
  warnings.warn(

2026-09-01 09:59:48.230 87 INFO cinder.volume.drivers.lightos [None req-d49df28e-4504-4c6b-8979-be7319a6fc3d ed37f78ad1524c728b75e957d7069ab5 2d4c06c475a0465daf2bc169f0a67837 - - - -] Invoking create_volume using POST url: /api/v2/projects/default/volumes             request.body: {'name': 'vol_84dbdfec-0afb-4db8-bf47-482aa375bc52', 'size': '1 gib', 'replicaCount': '3', 'compression': 'False', 'acl': {'values': ['ALLOW_NONE']}, 'IPAcl': {'values': ['ALLOW_NONE']}, 'sourceSnapshotUUID': None, 'sourceSnapshotName': None} ssl_verify: False
2026-09-01 09:59:48.316 87 WARNING py.warnings [None req-d49df28e-4504-4c6b-8979-be7319a6fc3d ed37f78ad1524c728b75e957d7069ab5 2d4c06c475a0465daf2bc169f0a67837 - - - -] /var/lib/kolla/venv/lib/python3.12/site-packages/urllib3/connectionpool.py:1110: InsecureRequestWarning: Unverified HTTPS request is being made to host '[LB_IP_ADDRESS]'. Adding certificate verification is strongly advised. See: https://urllib3.readthedocs.io/en/latest/advanced-usage.html#tls-warnings
  warnings.warn(

2026-09-01 09:59:48.344 87 INFO cinder.volume.drivers.lightos [None req-d49df28e-4504-4c6b-8979-be7319a6fc3d ed37f78ad1524c728b75e957d7069ab5 2d4c06c475a0465daf2bc169f0a67837 - - - -] Invoking get_volume using GET url: /api/v2/projects/default/volumes/085f15b8-3304-4305-8ddd-28b5c73ee8e2             request.body: {} ssl_verify: False
2026-09-01 09:59:48.347 87 INFO cinder.volume.drivers.lightos [None req-23a80786-a3dd-4a7e-9dd5-7cb07d97abcd 64bb0c2329b7452d8522a88b7aa32931 61590865c55543f2b09617f578a65924 - - - -] Invoking get_volume_by_name using GET url: /api/v2/projects/default/volumes/?name=vol_1f7b7683-25a4-4c5d-b64c-6021ab0db164             request.body: {} ssl_verify: False
2026-09-01 09:59:48.502 87 WARNING py.warnings [None req-d49df28e-4504-4c6b-8979-be7319a6fc3d ed37f78ad1524c728b75e957d7069ab5 2d4c06c475a0465daf2bc169f0a67837 - - - -] /var/lib/kolla/venv/lib/python3.12/site-packages/urllib3/connectionpool.py:1110: InsecureRequestWarning: Unverified HTTPS request is being made to host '[LB_IP_ADDRESS]'. Adding certificate verification is strongly advised. See: https://urllib3.readthedocs.io/en/latest/advanced-usage.html#tls-warnings
  warnings.warn(

2026-09-01 09:59:48.506 87 WARNING py.warnings [None req-23a80786-a3dd-4a7e-9dd5-7cb07d97abcd 64bb0c2329b7452d8522a88b7aa32931 61590865c55543f2b09617f578a65924 - - - -] /var/lib/kolla/venv/lib/python3.12/site-packages/urllib3/connectionpool.py:1110: InsecureRequestWarning: Unverified HTTPS request is being made to host '[LB_IP_ADDRESS]'. Adding certificate verification is strongly advised. See: https://urllib3.readthedocs.io/en/latest/advanced-usage.html#tls-warnings
  warnings.warn(

2026-09-01 09:59:48.548 87 INFO cinder.volume.drivers.lightos [None req-23a80786-a3dd-4a7e-9dd5-7cb07d97abcd 64bb0c2329b7452d8522a88b7aa32931 61590865c55543f2b09617f578a65924 - - - -] Invoking create_volume using POST url: /api/v2/projects/default/volumes             request.body: {'name': 'vol_1f7b7683-25a4-4c5d-b64c-6021ab0db164', 'size': '1 gib', 'replicaCount': '3', 'compression': 'False', 'acl': {'values': ['ALLOW_NONE']}, 'IPAcl': {'values': ['ALLOW_NONE']}, 'sourceSnapshotUUID': None, 'sourceSnapshotName': None} ssl_verify: False
2026-09-01 09:59:48.628 87 INFO cinder.volume.flows.manager.create_volume [None req-d49df28e-4504-4c6b-8979-be7319a6fc3d ed37f78ad1524c728b75e957d7069ab5 2d4c06c475a0465daf2bc169f0a67837 - - - -] Volume vol_84dbdfec-0afb-4db8-bf47-482aa375bc52 (84dbdfec-0afb-4db8-bf47-482aa375bc52): created successfully
2026-09-01 09:59:48.640 87 WARNING py.warnings [None req-23a80786-a3dd-4a7e-9dd5-7cb07d97abcd 64bb0c2329b7452d8522a88b7aa32931 61590865c55543f2b09617f578a65924 - - - -] /var/lib/kolla/venv/lib/python3.12/site-packages/urllib3/connectionpool.py:1110: InsecureRequestWarning: Unverified HTTPS request is being made to host '[LB_IP_ADDRESS]'. Adding certificate verification is strongly advised. See: https://urllib3.readthedocs.io/en/latest/advanced-usage.html#tls-warnings
  warnings.warn(

2026-09-01 09:59:48.645 87 INFO cinder.volume.manager [None req-d49df28e-4504-4c6b-8979-be7319a6fc3d ed37f78ad1524c728b75e957d7069ab5 2d4c06c475a0465daf2bc169f0a67837 - - - -] Created volume successfully.
2026-09-01 09:59:48.662 87 INFO cinder.volume.drivers.lightos [None req-23a80786-a3dd-4a7e-9dd5-7cb07d97abcd 64bb0c2329b7452d8522a88b7aa32931 61590865c55543f2b09617f578a65924 - - - -] Invoking get_volume using GET url: /api/v2/projects/default/volumes/57a7bf35-95e7-4048-8d19-d8bc3d188ec1             request.body: {} ssl_verify: False
2026-09-01 09:59:48.752 87 WARNING py.warnings [None req-23a80786-a3dd-4a7e-9dd5-7cb07d97abcd 64bb0c2329b7452d8522a88b7aa32931 61590865c55543f2b09617f578a65924 - - - -] /var/lib/kolla/venv/lib/python3.12/site-packages/urllib3/connectionpool.py:1110: InsecureRequestWarning: Unverified HTTPS request is being made to host '[LB_IP_ADDRESS]'. Adding certificate verification is strongly advised. See: https://urllib3.readthedocs.io/en/latest/advanced-usage.html#tls-warnings
  warnings.warn(

2026-09-01 09:59:48.789 87 INFO oslo.privsep.daemon [None req-23a80786-a3dd-4a7e-9dd5-7cb07d97abcd 64bb0c2329b7452d8522a88b7aa32931 61590865c55543f2b09617f578a65924 - - - -] Running privsep helper: ['sudo', '-E', 'cinder-rootwrap', '/etc/cinder/rootwrap.conf', 'privsep-helper', '--config-file', '/etc/cinder/cinder.conf', '--privsep_context', 'os_brick.privileged.default', '--privsep_sock_path', '/tmp/tmp3k81ymsc/privsep.sock']
2026-09-01 09:59:49.399 87 INFO cinder.volume.drivers.lightos [None req-b6d8efe3-ae46-4e12-8dca-d477d43e5caf b95a33209f084913a9ab22d98a3a3776 075a0e51e89f497784206eb9f1f69a5c - - - -] Invoking delete_volume using DELETE url: /api/v2/projects/default/volumes/085f15b8-3304-4305-8ddd-28b5c73ee8e2?             request.body:  ssl_verify: False
2026-09-01 09:59:49.486 87 WARNING py.warnings [None req-b6d8efe3-ae46-4e12-8dca-d477d43e5caf b95a33209f084913a9ab22d98a3a3776 075a0e51e89f497784206eb9f1f69a5c - - - -] /var/lib/kolla/venv/lib/python3.12/site-packages/urllib3/connectionpool.py:1110: InsecureRequestWarning: Unverified HTTPS request is being made to host '[LB_IP_ADDRESS]'. Adding certificate verification is strongly advised. See: https://urllib3.readthedocs.io/en/latest/advanced-usage.html#tls-warnings
  warnings.warn(

2026-09-01 09:59:49.568 87 INFO cinder.volume.drivers.lightos [None req-b6d8efe3-ae46-4e12-8dca-d477d43e5caf b95a33209f084913a9ab22d98a3a3776 075a0e51e89f497784206eb9f1f69a5c - - - -] Invoking get_volume using GET url: /api/v2/projects/default/volumes/085f15b8-3304-4305-8ddd-28b5c73ee8e2             request.body: {} ssl_verify: False
2026-09-01 09:59:49.651 87 WARNING py.warnings [None req-b6d8efe3-ae46-4e12-8dca-d477d43e5caf b95a33209f084913a9ab22d98a3a3776 075a0e51e89f497784206eb9f1f69a5c - - - -] /var/lib/kolla/venv/lib/python3.12/site-packages/urllib3/connectionpool.py:1110: InsecureRequestWarning: Unverified HTTPS request is being made to host '[LB_IP_ADDRESS]'. Adding certificate verification is strongly advised. See: https://urllib3.readthedocs.io/en/latest/advanced-usage.html#tls-warnings
  warnings.warn(

2026-09-01 09:59:49.886 87 INFO cinder.volume.manager [None req-b6d8efe3-ae46-4e12-8dca-d477d43e5caf b95a33209f084913a9ab22d98a3a3776 075a0e51e89f497784206eb9f1f69a5c - - - -] Deleted volume successfully.
2026-09-01 09:59:50.005 87 INFO oslo.privsep.daemon [None req-23a80786-a3dd-4a7e-9dd5-7cb07d97abcd 64bb0c2329b7452d8522a88b7aa32931 61590865c55543f2b09617f578a65924 - - - -] Spawned new privsep daemon via rootwrap
2026-09-01 09:59:50.163 87 INFO cinder.volume.flows.manager.create_volume [None req-31c5981c-db77-4050-9bfe-620860682ff0 bdb3ddc98fb34062909a1593225cba50 9fcce43457214f02a33dbe71046ad29e - - - -] Volume f8c6203b-708f-46ae-ab69-be7bebe7ecd3: being created as raw with specification: {'status': 'creating', 'volume_name': 'vol_f8c6203b-708f-46ae-ab69-be7bebe7ecd3', 'volume_size': 1}
2026-09-01 09:59:50.164 87 INFO cinder.volume.drivers.lightos [None req-31c5981c-db77-4050-9bfe-620860682ff0 bdb3ddc98fb34062909a1593225cba50 9fcce43457214f02a33dbe71046ad29e - - - -] Invoking get_volume_by_name using GET url: /api/v2/projects/default/volumes/?name=vol_f8c6203b-708f-46ae-ab69-be7bebe7ecd3             request.body: {} ssl_verify: False
2026-09-01 09:59:50.250 87 WARNING py.warnings [None req-31c5981c-db77-4050-9bfe-620860682ff0 bdb3ddc98fb34062909a1593225cba50 9fcce43457214f02a33dbe71046ad29e - - - -] /var/lib/kolla/venv/lib/python3.12/site-packages/urllib3/connectionpool.py:1110: InsecureRequestWarning: Unverified HTTPS request is being made to host '[LB_IP_ADDRESS]'. Adding certificate verification is strongly advised. See: https://urllib3.readthedocs.io/en/latest/advanced-usage.html#tls-warnings
  warnings.warn(

2026-09-01 09:59:50.263 87 INFO cinder.volume.drivers.lightos [None req-31c5981c-db77-4050-9bfe-620860682ff0 bdb3ddc98fb34062909a1593225cba50 9fcce43457214f02a33dbe71046ad29e - - - -] Invoking create_volume using POST url: /api/v2/projects/default/volumes             request.body: {'name': 'vol_f8c6203b-708f-46ae-ab69-be7bebe7ecd3', 'size': '1 gib', 'replicaCount': '3', 'compression': 'False', 'acl': {'values': ['ALLOW_NONE']}, 'IPAcl': {'values': ['ALLOW_NONE']}, 'sourceSnapshotUUID': None, 'sourceSnapshotName': None} ssl_verify: False
2026-09-01 09:59:50.360 87 WARNING py.warnings [None req-31c5981c-db77-4050-9bfe-620860682ff0 bdb3ddc98fb34062909a1593225cba50 9fcce43457214f02a33dbe71046ad29e - - - -] /var/lib/kolla/venv/lib/python3.12/site-packages/urllib3/connectionpool.py:1110: InsecureRequestWarning: Unverified HTTPS request is being made to host '[LB_IP_ADDRESS]'. Adding certificate verification is strongly advised. See: https://urllib3.readthedocs.io/en/latest/advanced-usage.html#tls-warnings
  warnings.warn(

2026-09-01 09:59:50.373 87 INFO os_brick.initiator.connectors.lightos [None req-23a80786-a3dd-4a7e-9dd5-7cb07d97abcd 64bb0c2329b7452d8522a88b7aa32931 61590865c55543f2b09617f578a65924 - - - -] Current host hostNQN nqn.2014-08.org.nvmexpress:uuid:ec197b32-37ff-5bf9-abb4-144b68f0bce9 and IP(s) are ['[LB_IP_ADDRESS]', 'fe80::bc8e:42d2:6292:6aa3', '[LB_IP_ADDRESS]', 'fd00::a:11:5c:7', 'fe80::c7d1:edf9:2933:bffc'] 
2026-09-01 09:59:50.374 87 INFO cinder.volume.drivers.lightos [None req-23a80786-a3dd-4a7e-9dd5-7cb07d97abcd 64bb0c2329b7452d8522a88b7aa32931 61590865c55543f2b09617f578a65924 - - - -] Current host hostNQN is nqn.2014-08.org.nvmexpress:uuid:ec197b32-37ff-5bf9-abb4-144b68f0bce9 and IP(s) are ['[LB_IP_ADDRESS]', 'fe80::bc8e:42d2:6292:6aa3', '[LB_IP_ADDRESS]', 'fd00::a:11:5c:7', 'fe80::c7d1:edf9:2933:bffc']
2026-09-01 09:59:50.374 87 INFO cinder.volume.drivers.lightos [None req-23a80786-a3dd-4a7e-9dd5-7cb07d97abcd 64bb0c2329b7452d8522a88b7aa32931 61590865c55543f2b09617f578a65924 - - - -] Invoking get_volume_by_name using GET url: /api/v2/projects/default/volumes/?name=vol_1f7b7683-25a4-4c5d-b64c-6021ab0db164             request.body: {} ssl_verify: False
2026-09-01 09:59:50.459 87 INFO cinder.volume.drivers.lightos [None req-31c5981c-db77-4050-9bfe-620860682ff0 bdb3ddc98fb34062909a1593225cba50 9fcce43457214f02a33dbe71046ad29e - - - -] Invoking get_volume using GET url: /api/v2/projects/default/volumes/b8a7c38b-8705-4b7b-aa10-57c2400d9b73             request.body: {} ssl_verify: False
2026-09-01 09:59:50.465 87 WARNING py.warnings [None req-23a80786-a3dd-4a7e-9dd5-7cb07d97abcd 64bb0c2329b7452d8522a88b7aa32931 61590865c55543f2b09617f578a65924 - - - -] /var/lib/kolla/venv/lib/python3.12/site-packages/urllib3/connectionpool.py:1110: InsecureRequestWarning: Unverified HTTPS request is being made to host '[LB_IP_ADDRESS]'. Adding certificate verification is strongly advised. See: https://urllib3.readthedocs.io/en/latest/advanced-usage.html#tls-warnings
  warnings.warn(

2026-09-01 09:59:50.542 87 INFO cinder.volume.drivers.lightos [None req-23a80786-a3dd-4a7e-9dd5-7cb07d97abcd 64bb0c2329b7452d8522a88b7aa32931 61590865c55543f2b09617f578a65924 - - - -] Invoking update_volume using PUT url: /api/v2/projects/default/volumes/57a7bf35-95e7-4048-8d19-d8bc3d188ec1             request.body: {'acl': {'values': ['nqn.2014-08.org.nvmexpress:uuid:ec197b32-37ff-5bf9-abb4-144b68f0bce9']}, 'IPAcl': {'values': ['fd00::a:11:5c:7', '[LB_IP_ADDRESS]', '[LB_IP_ADDRESS]', 'fe80::bc8e:42d2:6292:6aa3', 'fe80::c7d1:edf9:2933:bffc']}} ssl_verify: False
2026-09-01 09:59:50.620 87 WARNING py.warnings [None req-31c5981c-db77-4050-9bfe-620860682ff0 bdb3ddc98fb34062909a1593225cba50 9fcce43457214f02a33dbe71046ad29e - - - -] /var/lib/kolla/venv/lib/python3.12/site-packages/urllib3/connectionpool.py:1110: InsecureRequestWarning: Unverified HTTPS request is being made to host '[LB_IP_ADDRESS]'. Adding certificate verification is strongly advised. See: https://urllib3.readthedocs.io/en/latest/advanced-usage.html#tls-warnings
  warnings.warn(

2026-09-01 09:59:50.625 87 WARNING py.warnings [None req-23a80786-a3dd-4a7e-9dd5-7cb07d97abcd 64bb0c2329b7452d8522a88b7aa32931 61590865c55543f2b09617f578a65924 - - - -] /var/lib/kolla/venv/lib/python3.12/site-packages/urllib3/connectionpool.py:1110: InsecureRequestWarning: Unverified HTTPS request is being made to host '[LB_IP_ADDRESS]'. Adding certificate verification is strongly advised. See: https://urllib3.readthedocs.io/en/latest/advanced-usage.html#tls-warnings
  warnings.warn(

2026-09-01 09:59:50.659 87 INFO cinder.volume.drivers.lightos [None req-23a80786-a3dd-4a7e-9dd5-7cb07d97abcd 64bb0c2329b7452d8522a88b7aa32931 61590865c55543f2b09617f578a65924 - - - -] Invoking get_volume_by_name using GET url: /api/v2/projects/default/volumes/?name=vol_1f7b7683-25a4-4c5d-b64c-6021ab0db164             request.body: {} ssl_verify: False
2026-09-01 09:59:50.740 87 INFO cinder.volume.flows.manager.create_volume [None req-31c5981c-db77-4050-9bfe-620860682ff0 bdb3ddc98fb34062909a1593225cba50 9fcce43457214f02a33dbe71046ad29e - - - -] Volume vol_f8c6203b-708f-46ae-ab69-be7bebe7ecd3 (f8c6203b-708f-46ae-ab69-be7bebe7ecd3): created successfully
2026-09-01 09:59:50.752 87 WARNING py.warnings [None req-23a80786-a3dd-4a7e-9dd5-7cb07d97abcd 64bb0c2329b7452d8522a88b7aa32931 61590865c55543f2b09617f578a65924 - - - -] /var/lib/kolla/venv/lib/python3.12/site-packages/urllib3/connectionpool.py:1110: InsecureRequestWarning: Unverified HTTPS request is being made to host '[LB_IP_ADDRESS]'. Adding certificate verification is strongly advised. See: https://urllib3.readthedocs.io/en/latest/advanced-usage.html#tls-warnings
  warnings.warn(

2026-09-01 09:59:50.757 87 INFO cinder.volume.manager [None req-31c5981c-db77-4050-9bfe-620860682ff0 bdb3ddc98fb34062909a1593225cba50 9fcce43457214f02a33dbe71046ad29e - - - -] Created volume successfully.
2026-09-01 09:59:51.767 87 INFO cinder.volume.drivers.lightos [None req-23a80786-a3dd-4a7e-9dd5-7cb07d97abcd 64bb0c2329b7452d8522a88b7aa32931 61590865c55543f2b09617f578a65924 - - - -] Invoking get_volume_by_name using GET url: /api/v2/projects/default/volumes/?name=vol_1f7b7683-25a4-4c5d-b64c-6021ab0db164             request.body: {} ssl_verify: False
2026-09-01 09:59:51.853 87 WARNING py.warnings [None req-23a80786-a3dd-4a7e-9dd5-7cb07d97abcd 64bb0c2329b7452d8522a88b7aa32931 61590865c55543f2b09617f578a65924 - - - -] /var/lib/kolla/venv/lib/python3.12/site-packages/urllib3/connectionpool.py:1110: InsecureRequestWarning: Unverified HTTPS request is being made to host '[LB_IP_ADDRESS]'. Adding certificate verification is strongly advised. See: https://urllib3.readthedocs.io/en/latest/advanced-usage.html#tls-warnings
  warnings.warn(

2026-09-01 09:59:51.868 87 INFO cinder.volume.drivers.lightos [None req-23a80786-a3dd-4a7e-9dd5-7cb07d97abcd 64bb0c2329b7452d8522a88b7aa32931 61590865c55543f2b09617f578a65924 - - - -] Invoking get_volume_by_name using GET url: /api/v2/projects/default/volumes/?name=vol_1f7b7683-25a4-4c5d-b64c-6021ab0db164             request.body: {} ssl_verify: False
2026-09-01 09:59:51.953 87 WARNING py.warnings [None req-23a80786-a3dd-4a7e-9dd5-7cb07d97abcd 64bb0c2329b7452d8522a88b7aa32931 61590865c55543f2b09617f578a65924 - - - -] /var/lib/kolla/venv/lib/python3.12/site-packages/urllib3/connectionpool.py:1110: InsecureRequestWarning: Unverified HTTPS request is being made to host '[LB_IP_ADDRESS]'. Adding certificate verification is strongly advised. See: https://urllib3.readthedocs.io/en/latest/advanced-usage.html#tls-warnings
  warnings.warn(

2026-09-01 09:59:51.971 87 INFO os_brick.initiator.connectors.lightos [None req-23a80786-a3dd-4a7e-9dd5-7cb07d97abcd 64bb0c2329b7452d8522a88b7aa32931 61590865c55543f2b09617f578a65924 - - - -] LIGHTOS: connect_volume called for volume 57a7bf35-95e7-4048-8d19-d8bc3d188ec1, connection properties: {'lightos_nodes': {'[LB_IP_ADDRESS]': {'target_portal': '[LB_IP_ADDRESS]', 'target_port': 8009, 'transport_type': 'tcp'}, '[LB_IP_ADDRESS]': {'target_portal': '[LB_IP_ADDRESS]', 'target_port': 8009, 'transport_type': 'tcp'}, '[LB_IP_ADDRESS]': {'target_portal': '[LB_IP_ADDRESS]', 'target_port': 8009, 'transport_type': 'tcp'}}, 'uuid': '57a7bf35-95e7-4048-8d19-d8bc3d188ec1', 'subsysnqn': 'nqn.2016-01.com.lightbitslabs:uuid:820401fd-ccf1-4148-820a-f4507d0fd69b:suffix', 'encrypted': False, 'enforce_multipath': False}
2026-09-01 09:59:52.015 87 INFO os_brick.initiator.connectors.lightos [None req-23a80786-a3dd-4a7e-9dd5-7cb07d97abcd 64bb0c2329b7452d8522a88b7aa32931 61590865c55543f2b09617f578a65924 - - - -] LIGHTOS: devpath /dev/nvme0n1 detected for uuid 57a7bf35-95e7-4048-8d19-d8bc3d188ec1
2026-09-01 09:59:52.433 87 INFO cinder.volume.manager [None req-78d521f2-f140-4df4-bfdd-afdb522aba8a 128a9af1e48045e8b5bd2df977f7c6b2 c871aee2f50542e2a0247c9a8262d842 - - - -] Transfer volume completed successfully.
2026-09-01 09:59:53.446 87 INFO cinder.volume.drivers.lightos [None req-8597edfc-652c-4a0e-9357-294c7af9a938 1275f8e471764fe691e3141b62a5a952 832a5732cf884e28a025b88f76a26822 - - - -] Invoking delete_volume using DELETE url: /api/v2/projects/default/volumes/b8a7c38b-8705-4b7b-aa10-57c2400d9b73?             request.body:  ssl_verify: False
2026-09-01 09:59:53.540 87 WARNING py.warnings [None req-8597edfc-652c-4a0e-9357-294c7af9a938 1275f8e471764fe691e3141b62a5a952 832a5732cf884e28a025b88f76a26822 - - - -] /var/lib/kolla/venv/lib/python3.12/site-packages/urllib3/connectionpool.py:1110: InsecureRequestWarning: Unverified HTTPS request is being made to host '[LB_IP_ADDRESS]'. Adding certificate verification is strongly advised. See: https://urllib3.readthedocs.io/en/latest/advanced-usage.html#tls-warnings
  warnings.warn(

2026-09-01 09:59:53.563 87 INFO cinder.volume.drivers.lightos [None req-8597edfc-652c-4a0e-9357-294c7af9a938 1275f8e471764fe691e3141b62a5a952 832a5732cf884e28a025b88f76a26822 - - - -] Invoking get_volume using GET url: /api/v2/projects/default/volumes/b8a7c38b-8705-4b7b-aa10-57c2400d9b73             request.body: {} ssl_verify: False
2026-09-01 09:59:53.669 87 WARNING py.warnings [None req-8597edfc-652c-4a0e-9357-294c7af9a938 1275f8e471764fe691e3141b62a5a952 832a5732cf884e28a025b88f76a26822 - - - -] /var/lib/kolla/venv/lib/python3.12/site-packages/urllib3/connectionpool.py:1110: InsecureRequestWarning: Unverified HTTPS request is being made to host '[LB_IP_ADDRESS]'. Adding certificate verification is strongly advised. See: https://urllib3.readthedocs.io/en/latest/advanced-usage.html#tls-warnings
  warnings.warn(

2026-09-01 09:59:53.992 87 INFO cinder.volume.manager [None req-8597edfc-652c-4a0e-9357-294c7af9a938 1275f8e471764fe691e3141b62a5a952 832a5732cf884e28a025b88f76a26822 - - - -] Deleted volume successfully.
2026-09-01 09:59:54.617 87 WARNING cinder.image.glance [None req-76921c13-94bb-4687-970c-119e2ecd2ad0 2a0755933ec74867a39b4451f1c48dd8 270e879b8e1a4ea69158b49e149672eb - - - -] Glance method get_image_locations is available but a dedicated [glance] section is required in the cinder configuration file to allow service-to-service communication.: glanceclient.exc.HTTPForbidden: HTTP 403 Forbidden: You are not authorized to complete fetch_image_location action.
2026-09-01 09:59:54.691 87 INFO cinder.volume.flows.manager.create_volume [None req-76921c13-94bb-4687-970c-119e2ecd2ad0 2a0755933ec74867a39b4451f1c48dd8 270e879b8e1a4ea69158b49e149672eb - - - -] Volume d82e7390-9eac-476e-b87f-adc08bef0a2c: being created as image with specification: {'status': 'creating', 'volume_name': 'vol_d82e7390-9eac-476e-b87f-adc08bef0a2c', 'volume_size': 1, 'image_id': '3930b779-469e-4faf-af16-36c2b3e38501', 'image_location': (None, []), 'image_meta': {'name': 'cirros', 'disk_format': 'qcow2', 'container_format': 'bare', 'visibility': 'public', 'size': 12716032, 'virtual_size': 46137344, 'status': 'active', 'checksum': '443b7623e27ecf03dc9e01ee93f67afe', 'protected': False, 'min_ram': 0, 'min_disk': 0, 'owner': '132ec085d3e2423dbe5f9f986177be69', 'os_hidden': False, 'os_hash_algo': 'sha512', 'os_hash_value': '6513f21e44aa3da349f248188a44bc304a3653a04122d8fb4535423c8e1d14cd6a153f735bb0982e2161b5b5186106570c17a9e58b64dd39390617cd5a350f78', 'id': '3930b779-469e-4faf-af16-36c2b3e38501', 'created_at': datetime.datetime(2026, 7, 9, 13, 42, 33, tzinfo=datetime.timezone.utc), 'updated_at': datetime.datetime(2026, 7, 9, 13, 42, 34, tzinfo=datetime.timezone.utc), 'tags': [], 'file': '/v2/images/3930b779-469e-4faf-af16-36c2b3e38501/file', 'stores': 'file', 'properties': {'owner_specified.openstack.md5': '', 'owner_specified.openstack.object': 'images/cirros', 'owner_specified.openstack.sha256': ''}}, 'image_service': <cinder.image.glance.GlanceImageService object at 0x78fea9f312b0>}
2026-09-01 09:59:55.503 87 INFO cinder.volume.flows.manager.create_volume [None req-0a7cb4a5-9165-486f-9813-6f988c918586 bdb3ddc98fb34062909a1593225cba50 9fcce43457214f02a33dbe71046ad29e - - - -] Volume 45af8076-6f40-49c1-9b1f-94d0ad2887a3: being created as raw with specification: {'status': 'creating', 'volume_name': 'vol_45af8076-6f40-49c1-9b1f-94d0ad2887a3', 'volume_size': 1}
2026-09-01 09:59:55.504 87 INFO cinder.volume.drivers.lightos [None req-0a7cb4a5-9165-486f-9813-6f988c918586 bdb3ddc98fb34062909a1593225cba50 9fcce43457214f02a33dbe71046ad29e - - - -] Invoking get_volume_by_name using GET url: /api/v2/projects/default/volumes/?name=vol_45af8076-6f40-49c1-9b1f-94d0ad2887a3             request.body: {} ssl_verify: False
2026-09-01 09:59:55.600 87 WARNING py.warnings [None req-0a7cb4a5-9165-486f-9813-6f988c918586 bdb3ddc98fb34062909a1593225cba50 9fcce43457214f02a33dbe71046ad29e - - - -] /var/lib/kolla/venv/lib/python3.12/site-packages/urllib3/connectionpool.py:1110: InsecureRequestWarning: Unverified HTTPS request is being made to host '[LB_IP_ADDRESS]'. Adding certificate verification is strongly advised. See: https://urllib3.readthedocs.io/en/latest/advanced-usage.html#tls-warnings
  warnings.warn(

2026-09-01 09:59:55.611 87 INFO cinder.volume.drivers.lightos [None req-0a7cb4a5-9165-486f-9813-6f988c918586 bdb3ddc98fb34062909a1593225cba50 9fcce43457214f02a33dbe71046ad29e - - - -] Invoking create_volume using POST url: /api/v2/projects/default/volumes             request.body: {'name': 'vol_45af8076-6f40-49c1-9b1f-94d0ad2887a3', 'size': '1 gib', 'replicaCount': '3', 'compression': 'False', 'acl': {'values': ['ALLOW_NONE']}, 'IPAcl': {'values': ['ALLOW_NONE']}, 'sourceSnapshotUUID': None, 'sourceSnapshotName': None} ssl_verify: False
2026-09-01 09:59:55.697 87 WARNING py.warnings [None req-0a7cb4a5-9165-486f-9813-6f988c918586 bdb3ddc98fb34062909a1593225cba50 9fcce43457214f02a33dbe71046ad29e - - - -] /var/lib/kolla/venv/lib/python3.12/site-packages/urllib3/connectionpool.py:1110: InsecureRequestWarning: Unverified HTTPS request is being made to host '[LB_IP_ADDRESS]'. Adding certificate verification is strongly advised. See: https://urllib3.readthedocs.io/en/latest/advanced-usage.html#tls-warnings
  warnings.warn(

2026-09-01 09:59:55.736 87 INFO cinder.volume.drivers.lightos [None req-0a7cb4a5-9165-486f-9813-6f988c918586 bdb3ddc98fb34062909a1593225cba50 9fcce43457214f02a33dbe71046ad29e - - - -] Invoking get_volume using GET url: /api/v2/projects/default/volumes/8f4aa288-0e1f-446d-8d15-be1e17ee4866             request.body: {} ssl_verify: False
2026-09-01 09:59:55.823 87 WARNING py.warnings [None req-0a7cb4a5-9165-486f-9813-6f988c918586 bdb3ddc98fb34062909a1593225cba50 9fcce43457214f02a33dbe71046ad29e - - - -] /var/lib/kolla/venv/lib/python3.12/site-packages/urllib3/connectionpool.py:1110: InsecureRequestWarning: Unverified HTTPS request is being made to host '[LB_IP_ADDRESS]'. Adding certificate verification is strongly advised. See: https://urllib3.readthedocs.io/en/latest/advanced-usage.html#tls-warnings
  warnings.warn(

2026-09-01 09:59:55.895 87 INFO cinder.image.image_utils [None req-76921c13-94bb-4687-970c-119e2ecd2ad0 2a0755933ec74867a39b4451f1c48dd8 270e879b8e1a4ea69158b49e149672eb - - - -] Image download 12.13 MB at 10.09 MB/s
2026-09-01 09:59:55.918 87 INFO cinder.volume.flows.manager.create_volume [None req-0a7cb4a5-9165-486f-9813-6f988c918586 bdb3ddc98fb34062909a1593225cba50 9fcce43457214f02a33dbe71046ad29e - - - -] Volume vol_45af8076-6f40-49c1-9b1f-94d0ad2887a3 (45af8076-6f40-49c1-9b1f-94d0ad2887a3): created successfully
2026-09-01 09:59:55.952 87 INFO cinder.volume.manager [None req-0a7cb4a5-9165-486f-9813-6f988c918586 bdb3ddc98fb34062909a1593225cba50 9fcce43457214f02a33dbe71046ad29e - - - -] Created volume successfully.
2026-09-01 09:59:56.321 87 INFO cinder.image.image_utils [None req-23a80786-a3dd-4a7e-9dd5-7cb07d97abcd 64bb0c2329b7452d8522a88b7aa32931 61590865c55543f2b09617f578a65924 - - - -] Converted 44.00 MB image at 44.00 MB/s
2026-09-01 09:59:56.324 87 INFO os_brick.initiator.connectors.lightos [None req-23a80786-a3dd-4a7e-9dd5-7cb07d97abcd 64bb0c2329b7452d8522a88b7aa32931 61590865c55543f2b09617f578a65924 - - - -] LIGHTOS: devpath /dev/nvme0n1 detected for uuid 57a7bf35-95e7-4048-8d19-d8bc3d188ec1
2026-09-01 09:59:56.337 87 INFO cinder.volume.drivers.lightos [None req-23a80786-a3dd-4a7e-9dd5-7cb07d97abcd 64bb0c2329b7452d8522a88b7aa32931 61590865c55543f2b09617f578a65924 - - - -] Invoking get_volume_by_name using GET url: /api/v2/projects/default/volumes/?name=vol_1f7b7683-25a4-4c5d-b64c-6021ab0db164             request.body: {} ssl_verify: False
2026-09-01 09:59:56.427 87 WARNING py.warnings [None req-23a80786-a3dd-4a7e-9dd5-7cb07d97abcd 64bb0c2329b7452d8522a88b7aa32931 61590865c55543f2b09617f578a65924 - - - -] /var/lib/kolla/venv/lib/python3.12/site-packages/urllib3/connectionpool.py:1110: InsecureRequestWarning: Unverified HTTPS request is being made to host '[LB_IP_ADDRESS]'. Adding certificate verification is strongly advised. See: https://urllib3.readthedocs.io/en/latest/advanced-usage.html#tls-warnings
  warnings.warn(

2026-09-01 09:59:56.452 87 INFO cinder.volume.drivers.lightos [None req-23a80786-a3dd-4a7e-9dd5-7cb07d97abcd 64bb0c2329b7452d8522a88b7aa32931 61590865c55543f2b09617f578a65924 - - - -] Invoking get_volume_by_name using GET url: /api/v2/projects/default/volumes/?name=vol_1f7b7683-25a4-4c5d-b64c-6021ab0db164             request.body: {} ssl_verify: False
2026-09-01 09:59:56.538 87 WARNING py.warnings [None req-23a80786-a3dd-4a7e-9dd5-7cb07d97abcd 64bb0c2329b7452d8522a88b7aa32931 61590865c55543f2b09617f578a65924 - - - -] /var/lib/kolla/venv/lib/python3.12/site-packages/urllib3/connectionpool.py:1110: InsecureRequestWarning: Unverified HTTPS request is being made to host '[LB_IP_ADDRESS]'. Adding certificate verification is strongly advised. See: https://urllib3.readthedocs.io/en/latest/advanced-usage.html#tls-warnings
  warnings.warn(

2026-09-01 09:59:56.630 87 INFO cinder.volume.drivers.lightos [None req-23a80786-a3dd-4a7e-9dd5-7cb07d97abcd 64bb0c2329b7452d8522a88b7aa32931 61590865c55543f2b09617f578a65924 - - - -] Invoking update_volume using PUT url: /api/v2/projects/default/volumes/57a7bf35-95e7-4048-8d19-d8bc3d188ec1             request.body: {'acl': {'values': ['ALLOW_NONE']}, 'IPAcl': {'values': ['ALLOW_NONE']}} ssl_verify: False
2026-09-01 09:59:56.714 87 WARNING py.warnings [None req-23a80786-a3dd-4a7e-9dd5-7cb07d97abcd 64bb0c2329b7452d8522a88b7aa32931 61590865c55543f2b09617f578a65924 - - - -] /var/lib/kolla/venv/lib/python3.12/site-packages/urllib3/connectionpool.py:1110: InsecureRequestWarning: Unverified HTTPS request is being made to host '[LB_IP_ADDRESS]'. Adding certificate verification is strongly advised. See: https://urllib3.readthedocs.io/en/latest/advanced-usage.html#tls-warnings
  warnings.warn(

2026-09-01 09:59:56.753 87 INFO cinder.volume.drivers.lightos [None req-23a80786-a3dd-4a7e-9dd5-7cb07d97abcd 64bb0c2329b7452d8522a88b7aa32931 61590865c55543f2b09617f578a65924 - - - -] Invoking get_volume_by_name using GET url: /api/v2/projects/default/volumes/?name=vol_1f7b7683-25a4-4c5d-b64c-6021ab0db164             request.body: {} ssl_verify: False
2026-09-01 09:59:56.837 87 WARNING py.warnings [None req-23a80786-a3dd-4a7e-9dd5-7cb07d97abcd 64bb0c2329b7452d8522a88b7aa32931 61590865c55543f2b09617f578a65924 - - - -] /var/lib/kolla/venv/lib/python3.12/site-packages/urllib3/connectionpool.py:1110: InsecureRequestWarning: Unverified HTTPS request is being made to host '[LB_IP_ADDRESS]'. Adding certificate verification is strongly advised. See: https://urllib3.readthedocs.io/en/latest/advanced-usage.html#tls-warnings
  warnings.warn(

2026-09-01 09:59:56.856 87 INFO cinder.volume.drivers.lightos [None req-97137db9-dcf7-4b28-9e8e-828205e03839 1275f8e471764fe691e3141b62a5a952 832a5732cf884e28a025b88f76a26822 - - - -] Invoking delete_volume using DELETE url: /api/v2/projects/default/volumes/8f4aa288-0e1f-446d-8d15-be1e17ee4866?             request.body:  ssl_verify: False
2026-09-01 09:59:56.940 87 WARNING py.warnings [None req-97137db9-dcf7-4b28-9e8e-828205e03839 1275f8e471764fe691e3141b62a5a952 832a5732cf884e28a025b88f76a26822 - - - -] /var/lib/kolla/venv/lib/python3.12/site-packages/urllib3/connectionpool.py:1110: InsecureRequestWarning: Unverified HTTPS request is being made to host '[LB_IP_ADDRESS]'. Adding certificate verification is strongly advised. See: https://urllib3.readthedocs.io/en/latest/advanced-usage.html#tls-warnings
  warnings.warn(

2026-09-01 09:59:56.979 87 INFO cinder.volume.drivers.lightos [None req-97137db9-dcf7-4b28-9e8e-828205e03839 1275f8e471764fe691e3141b62a5a952 832a5732cf884e28a025b88f76a26822 - - - -] Invoking get_volume using GET url: /api/v2/projects/default/volumes/8f4aa288-0e1f-446d-8d15-be1e17ee4866             request.body: {} ssl_verify: False
2026-09-01 09:59:57.067 87 WARNING py.warnings [None req-97137db9-dcf7-4b28-9e8e-828205e03839 1275f8e471764fe691e3141b62a5a952 832a5732cf884e28a025b88f76a26822 - - - -] /var/lib/kolla/venv/lib/python3.12/site-packages/urllib3/connectionpool.py:1110: InsecureRequestWarning: Unverified HTTPS request is being made to host '[LB_IP_ADDRESS]'. Adding certificate verification is strongly advised. See: https://urllib3.readthedocs.io/en/latest/advanced-usage.html#tls-warnings
  warnings.warn(

2026-09-01 09:59:57.331 87 INFO cinder.volume.manager [None req-97137db9-dcf7-4b28-9e8e-828205e03839 1275f8e471764fe691e3141b62a5a952 832a5732cf884e28a025b88f76a26822 - - - -] Deleted volume successfully.
2026-09-01 09:59:57.765 87 INFO cinder.volume.drivers.lightos [None req-76921c13-94bb-4687-970c-119e2ecd2ad0 2a0755933ec74867a39b4451f1c48dd8 270e879b8e1a4ea69158b49e149672eb - - - -] Invoking get_volume_by_name using GET url: /api/v2/projects/default/volumes/?name=vol_d82e7390-9eac-476e-b87f-adc08bef0a2c             request.body: {} ssl_verify: False
2026-09-01 09:59:57.874 87 INFO cinder.volume.drivers.lightos [None req-23a80786-a3dd-4a7e-9dd5-7cb07d97abcd 64bb0c2329b7452d8522a88b7aa32931 61590865c55543f2b09617f578a65924 - - - -] Invoking get_volume_by_name using GET url: /api/v2/projects/default/volumes/?name=vol_1f7b7683-25a4-4c5d-b64c-6021ab0db164             request.body: {} ssl_verify: False
2026-09-01 09:59:57.955 87 WARNING py.warnings [None req-76921c13-94bb-4687-970c-119e2ecd2ad0 2a0755933ec74867a39b4451f1c48dd8 270e879b8e1a4ea69158b49e149672eb - - - -] /var/lib/kolla/venv/lib/python3.12/site-packages/urllib3/connectionpool.py:1110: InsecureRequestWarning: Unverified HTTPS request is being made to host '[LB_IP_ADDRESS]'. Adding certificate verification is strongly advised. See: https://urllib3.readthedocs.io/en/latest/advanced-usage.html#tls-warnings
  warnings.warn(

2026-09-01 09:59:57.960 87 WARNING py.warnings [None req-23a80786-a3dd-4a7e-9dd5-7cb07d97abcd 64bb0c2329b7452d8522a88b7aa32931 61590865c55543f2b09617f578a65924 - - - -] /var/lib/kolla/venv/lib/python3.12/site-packages/urllib3/connectionpool.py:1110: InsecureRequestWarning: Unverified HTTPS request is being made to host '[LB_IP_ADDRESS]'. Adding certificate verification is strongly advised. See: https://urllib3.readthedocs.io/en/latest/advanced-usage.html#tls-warnings
  warnings.warn(

2026-09-01 09:59:57.987 87 INFO cinder.volume.drivers.lightos [None req-76921c13-94bb-4687-970c-119e2ecd2ad0 2a0755933ec74867a39b4451f1c48dd8 270e879b8e1a4ea69158b49e149672eb - - - -] Invoking create_volume using POST url: /api/v2/projects/default/volumes             request.body: {'name': 'vol_d82e7390-9eac-476e-b87f-adc08bef0a2c', 'size': '1 gib', 'replicaCount': '3', 'compression': 'False', 'acl': {'values': ['ALLOW_NONE']}, 'IPAcl': {'values': ['ALLOW_NONE']}, 'sourceSnapshotUUID': None, 'sourceSnapshotName': None} ssl_verify: False
2026-09-01 09:59:58.068 87 INFO cinder.volume.drivers.lightos [None req-23a80786-a3dd-4a7e-9dd5-7cb07d97abcd 64bb0c2329b7452d8522a88b7aa32931 61590865c55543f2b09617f578a65924 - - - -] Invoking get_volume_by_name using GET url: /api/v2/projects/default/volumes/?name=vol_1f7b7683-25a4-4c5d-b64c-6021ab0db164             request.body: {} ssl_verify: False
2026-09-01 09:59:58.073 87 WARNING py.warnings [None req-76921c13-94bb-4687-970c-119e2ecd2ad0 2a0755933ec74867a39b4451f1c48dd8 270e879b8e1a4ea69158b49e149672eb - - - -] /var/lib/kolla/venv/lib/python3.12/site-packages/urllib3/connectionpool.py:1110: InsecureRequestWarning: Unverified HTTPS request is being made to host '[LB_IP_ADDRESS]'. Adding certificate verification is strongly advised. See: https://urllib3.readthedocs.io/en/latest/advanced-usage.html#tls-warnings
  warnings.warn(

2026-09-01 09:59:58.149 87 INFO cinder.volume.drivers.lightos [None req-76921c13-94bb-4687-970c-119e2ecd2ad0 2a0755933ec74867a39b4451f1c48dd8 270e879b8e1a4ea69158b49e149672eb - - - -] Invoking get_volume using GET url: /api/v2/projects/default/volumes/e106dbd8-e7c7-464a-98ac-9fa936b9cd42             request.body: {} ssl_verify: False
2026-09-01 09:59:58.155 87 WARNING py.warnings [None req-23a80786-a3dd-4a7e-9dd5-7cb07d97abcd 64bb0c2329b7452d8522a88b7aa32931 61590865c55543f2b09617f578a65924 - - - -] /var/lib/kolla/venv/lib/python3.12/site-packages/urllib3/connectionpool.py:1110: InsecureRequestWarning: Unverified HTTPS request is being made to host '[LB_IP_ADDRESS]'. Adding certificate verification is strongly advised. See: https://urllib3.readthedocs.io/en/latest/advanced-usage.html#tls-warnings
  warnings.warn(

2026-09-01 09:59:58.246 87 WARNING py.warnings [None req-76921c13-94bb-4687-970c-119e2ecd2ad0 2a0755933ec74867a39b4451f1c48dd8 270e879b8e1a4ea69158b49e149672eb - - - -] /var/lib/kolla/venv/lib/python3.12/site-packages/urllib3/connectionpool.py:1110: InsecureRequestWarning: Unverified HTTPS request is being made to host '[LB_IP_ADDRESS]'. Adding certificate verification is strongly advised. See: https://urllib3.readthedocs.io/en/latest/advanced-usage.html#tls-warnings
  warnings.warn(

2026-09-01 09:59:58.370 87 INFO os_brick.initiator.connectors.lightos [None req-76921c13-94bb-4687-970c-119e2ecd2ad0 2a0755933ec74867a39b4451f1c48dd8 270e879b8e1a4ea69158b49e149672eb - - - -] Current host hostNQN nqn.2014-08.org.nvmexpress:uuid:ec197b32-37ff-5bf9-abb4-144b68f0bce9 and IP(s) are ['[LB_IP_ADDRESS]', 'fe80::bc8e:42d2:6292:6aa3', '[LB_IP_ADDRESS]', 'fd00::a:11:5c:7', 'fe80::c7d1:edf9:2933:bffc'] 
2026-09-01 09:59:58.371 87 INFO cinder.volume.drivers.lightos [None req-76921c13-94bb-4687-970c-119e2ecd2ad0 2a0755933ec74867a39b4451f1c48dd8 270e879b8e1a4ea69158b49e149672eb - - - -] Current host hostNQN is nqn.2014-08.org.nvmexpress:uuid:ec197b32-37ff-5bf9-abb4-144b68f0bce9 and IP(s) are ['[LB_IP_ADDRESS]', 'fe80::bc8e:42d2:6292:6aa3', '[LB_IP_ADDRESS]', 'fd00::a:11:5c:7', 'fe80::c7d1:edf9:2933:bffc']
2026-09-01 09:59:58.372 87 INFO cinder.volume.drivers.lightos [None req-76921c13-94bb-4687-970c-119e2ecd2ad0 2a0755933ec74867a39b4451f1c48dd8 270e879b8e1a4ea69158b49e149672eb - - - -] Invoking get_volume_by_name using GET url: /api/v2/projects/default/volumes/?name=vol_d82e7390-9eac-476e-b87f-adc08bef0a2c             request.body: {} ssl_verify: False
2026-09-01 09:59:58.459 87 INFO cinder.volume.flows.manager.create_volume [None req-23a80786-a3dd-4a7e-9dd5-7cb07d97abcd 64bb0c2329b7452d8522a88b7aa32931 61590865c55543f2b09617f578a65924 - - - -] Volume vol_1f7b7683-25a4-4c5d-b64c-6021ab0db164 (1f7b7683-25a4-4c5d-b64c-6021ab0db164): created successfully
2026-09-01 09:59:58.471 87 WARNING py.warnings [None req-76921c13-94bb-4687-970c-119e2ecd2ad0 2a0755933ec74867a39b4451f1c48dd8 270e879b8e1a4ea69158b49e149672eb - - - -] /var/lib/kolla/venv/lib/python3.12/site-packages/urllib3/connectionpool.py:1110: InsecureRequestWarning: Unverified HTTPS request is being made to host '[LB_IP_ADDRESS]'. Adding certificate verification is strongly advised. See: https://urllib3.readthedocs.io/en/latest/advanced-usage.html#tls-warnings
  warnings.warn(

2026-09-01 09:59:58.477 87 INFO cinder.volume.manager [None req-23a80786-a3dd-4a7e-9dd5-7cb07d97abcd 64bb0c2329b7452d8522a88b7aa32931 61590865c55543f2b09617f578a65924 - - - -] Created volume successfully.
2026-09-01 09:59:58.487 87 INFO cinder.volume.drivers.lightos [None req-76921c13-94bb-4687-970c-119e2ecd2ad0 2a0755933ec74867a39b4451f1c48dd8 270e879b8e1a4ea69158b49e149672eb - - - -] Invoking update_volume using PUT url: /api/v2/projects/default/volumes/e106dbd8-e7c7-464a-98ac-9fa936b9cd42             request.body: {'acl': {'values': ['nqn.2014-08.org.nvmexpress:uuid:ec197b32-37ff-5bf9-abb4-144b68f0bce9']}, 'IPAcl': {'values': ['fd00::a:11:5c:7', '[LB_IP_ADDRESS]', '[LB_IP_ADDRESS]', 'fe80::bc8e:42d2:6292:6aa3', 'fe80::c7d1:edf9:2933:bffc']}} ssl_verify: False
2026-09-01 09:59:58.570 87 WARNING py.warnings [None req-76921c13-94bb-4687-970c-119e2ecd2ad0 2a0755933ec74867a39b4451f1c48dd8 270e879b8e1a4ea69158b49e149672eb - - - -] /var/lib/kolla/venv/lib/python3.12/site-packages/urllib3/connectionpool.py:1110: InsecureRequestWarning: Unverified HTTPS request is being made to host '[LB_IP_ADDRESS]'. Adding certificate verification is strongly advised. See: https://urllib3.readthedocs.io/en/latest/advanced-usage.html#tls-warnings
  warnings.warn(

2026-09-01 09:59:58.589 87 INFO cinder.volume.drivers.lightos [None req-76921c13-94bb-4687-970c-119e2ecd2ad0 2a0755933ec74867a39b4451f1c48dd8 270e879b8e1a4ea69158b49e149672eb - - - -] Invoking get_volume_by_name using GET url: /api/v2/projects/default/volumes/?name=vol_d82e7390-9eac-476e-b87f-adc08bef0a2c             request.body: {} ssl_verify: False
2026-09-01 09:59:58.672 87 WARNING py.warnings [None req-76921c13-94bb-4687-970c-119e2ecd2ad0 2a0755933ec74867a39b4451f1c48dd8 270e879b8e1a4ea69158b49e149672eb - - - -] /var/lib/kolla/venv/lib/python3.12/site-packages/urllib3/connectionpool.py:1110: InsecureRequestWarning: Unverified HTTPS request is being made to host '[LB_IP_ADDRESS]'. Adding certificate verification is strongly advised. See: https://urllib3.readthedocs.io/en/latest/advanced-usage.html#tls-warnings
  warnings.warn(

2026-09-01 09:59:59.401 87 INFO cinder.volume.drivers.lightos [None req-8db585a4-96d3-4b04-b934-f7ba59c94b36 64bb0c2329b7452d8522a88b7aa32931 61590865c55543f2b09617f578a65924 - - - -] Invoking delete_volume using DELETE url: /api/v2/projects/default/volumes/57a7bf35-95e7-4048-8d19-d8bc3d188ec1?             request.body:  ssl_verify: False
2026-09-01 09:59:59.486 87 WARNING py.warnings [None req-8db585a4-96d3-4b04-b934-f7ba59c94b36 64bb0c2329b7452d8522a88b7aa32931 61590865c55543f2b09617f578a65924 - - - -] /var/lib/kolla/venv/lib/python3.12/site-packages/urllib3/connectionpool.py:1110: InsecureRequestWarning: Unverified HTTPS request is being made to host '[LB_IP_ADDRESS]'. Adding certificate verification is strongly advised. See: https://urllib3.readthedocs.io/en/latest/advanced-usage.html#tls-warnings
  warnings.warn(

2026-09-01 09:59:59.570 87 INFO cinder.volume.drivers.lightos [None req-8db585a4-96d3-4b04-b934-f7ba59c94b36 64bb0c2329b7452d8522a88b7aa32931 61590865c55543f2b09617f578a65924 - - - -] Invoking get_volume using GET url: /api/v2/projects/default/volumes/57a7bf35-95e7-4048-8d19-d8bc3d188ec1             request.body: {} ssl_verify: False
2026-09-01 09:59:59.652 87 WARNING py.warnings [None req-8db585a4-96d3-4b04-b934-f7ba59c94b36 64bb0c2329b7452d8522a88b7aa32931 61590865c55543f2b09617f578a65924 - - - -] /var/lib/kolla/venv/lib/python3.12/site-packages/urllib3/connectionpool.py:1110: InsecureRequestWarning: Unverified HTTPS request is being made to host '[LB_IP_ADDRESS]'. Adding certificate verification is strongly advised. See: https://urllib3.readthedocs.io/en/latest/advanced-usage.html#tls-warnings
  warnings.warn(

2026-09-01 09:59:59.685 87 INFO cinder.volume.drivers.lightos [None req-76921c13-94bb-4687-970c-119e2ecd2ad0 2a0755933ec74867a39b4451f1c48dd8 270e879b8e1a4ea69158b49e149672eb - - - -] Invoking get_volume_by_name using GET url: /api/v2/projects/default/volumes/?name=vol_d82e7390-9eac-476e-b87f-adc08bef0a2c             request.body: {} ssl_verify: False
2026-09-01 09:59:59.773 87 WARNING py.warnings [None req-76921c13-94bb-4687-970c-119e2ecd2ad0 2a0755933ec74867a39b4451f1c48dd8 270e879b8e1a4ea69158b49e149672eb - - - -] /var/lib/kolla/venv/lib/python3.12/site-packages/urllib3/connectionpool.py:1110: InsecureRequestWarning: Unverified HTTPS request is being made to host '[LB_IP_ADDRESS]'. Adding certificate verification is strongly advised. See: https://urllib3.readthedocs.io/en/latest/advanced-usage.html#tls-warnings
  warnings.warn(

2026-09-01 09:59:59.904 87 INFO cinder.volume.drivers.lightos [None req-76921c13-94bb-4687-970c-119e2ecd2ad0 2a0755933ec74867a39b4451f1c48dd8 270e879b8e1a4ea69158b49e149672eb - - - -] Invoking get_volume_by_name using GET url: /api/v2/projects/default/volumes/?name=vol_d82e7390-9eac-476e-b87f-adc08bef0a2c             request.body: {} ssl_verify: False
2026-09-01 09:59:59.988 87 WARNING py.warnings [None req-76921c13-94bb-4687-970c-119e2ecd2ad0 2a0755933ec74867a39b4451f1c48dd8 270e879b8e1a4ea69158b49e149672eb - - - -] /var/lib/kolla/venv/lib/python3.12/site-packages/urllib3/connectionpool.py:1110: InsecureRequestWarning: Unverified HTTPS request is being made to host '[LB_IP_ADDRESS]'. Adding certificate verification is strongly advised. See: https://urllib3.readthedocs.io/en/latest/advanced-usage.html#tls-warnings
  warnings.warn(

2026-09-01 10:00:00.001 87 INFO os_brick.initiator.connectors.lightos [None req-76921c13-94bb-4687-970c-119e2ecd2ad0 2a0755933ec74867a39b4451f1c48dd8 270e879b8e1a4ea69158b49e149672eb - - - -] LIGHTOS: connect_volume called for volume e106dbd8-e7c7-464a-98ac-9fa936b9cd42, connection properties: {'lightos_nodes': {'[LB_IP_ADDRESS]': {'target_portal': '[LB_IP_ADDRESS]', 'target_port': 8009, 'transport_type': 'tcp'}, '[LB_IP_ADDRESS]': {'target_portal': '[LB_IP_ADDRESS]', 'target_port': 8009, 'transport_type': 'tcp'}, '[LB_IP_ADDRESS]': {'target_portal': '[LB_IP_ADDRESS]', 'target_port': 8009, 'transport_type': 'tcp'}}, 'uuid': 'e106dbd8-e7c7-464a-98ac-9fa936b9cd42', 'subsysnqn': 'nqn.2016-01.com.lightbitslabs:uuid:820401fd-ccf1-4148-820a-f4507d0fd69b:suffix', 'encrypted': False, 'enforce_multipath': False}
2026-09-01 10:00:00.005 87 INFO os_brick.initiator.connectors.lightos [None req-76921c13-94bb-4687-970c-119e2ecd2ad0 2a0755933ec74867a39b4451f1c48dd8 270e879b8e1a4ea69158b49e149672eb - - - -] LIGHTOS: devpath /dev/nvme0n1 detected for uuid e106dbd8-e7c7-464a-98ac-9fa936b9cd42
2026-09-01 10:00:00.101 87 INFO cinder.volume.manager [None req-8db585a4-96d3-4b04-b934-f7ba59c94b36 64bb0c2329b7452d8522a88b7aa32931 61590865c55543f2b09617f578a65924 - - - -] Deleted volume successfully.
2026-09-01 10:00:01.816 87 INFO cinder.volume.flows.manager.create_volume [None req-c9b1d0c9-d52b-497f-ba46-425c0fef45ca 9be85cb3db9a4f33be942059a18915a8 6cfdb80612b04783be1b74977bbb58d5 - - - -] Volume 5bbeeb3c-de57-48f1-af1a-32be9cae7ac1: being created as raw with specification: {'status': 'creating', 'volume_name': 'vol_5bbeeb3c-de57-48f1-af1a-32be9cae7ac1', 'volume_size': 1}
2026-09-01 10:00:01.817 87 INFO cinder.volume.drivers.lightos [None req-c9b1d0c9-d52b-497f-ba46-425c0fef45ca 9be85cb3db9a4f33be942059a18915a8 6cfdb80612b04783be1b74977bbb58d5 - - - -] Invoking get_volume_by_name using GET url: /api/v2/projects/default/volumes/?name=vol_5bbeeb3c-de57-48f1-af1a-32be9cae7ac1             request.body: {} ssl_verify: False
2026-09-01 10:00:01.909 87 WARNING py.warnings [None req-c9b1d0c9-d52b-497f-ba46-425c0fef45ca 9be85cb3db9a4f33be942059a18915a8 6cfdb80612b04783be1b74977bbb58d5 - - - -] /var/lib/kolla/venv/lib/python3.12/site-packages/urllib3/connectionpool.py:1110: InsecureRequestWarning: Unverified HTTPS request is being made to host '[LB_IP_ADDRESS]'. Adding certificate verification is strongly advised. See: https://urllib3.readthedocs.io/en/latest/advanced-usage.html#tls-warnings
  warnings.warn(

2026-09-01 10:00:01.921 87 INFO cinder.volume.drivers.lightos [None req-c9b1d0c9-d52b-497f-ba46-425c0fef45ca 9be85cb3db9a4f33be942059a18915a8 6cfdb80612b04783be1b74977bbb58d5 - - - -] Invoking create_volume using POST url: /api/v2/projects/default/volumes             request.body: {'name': 'vol_5bbeeb3c-de57-48f1-af1a-32be9cae7ac1', 'size': '1 gib', 'replicaCount': '3', 'compression': 'False', 'acl': {'values': ['ALLOW_NONE']}, 'IPAcl': {'values': ['ALLOW_NONE']}, 'sourceSnapshotUUID': None, 'sourceSnapshotName': None} ssl_verify: False
2026-09-01 10:00:02.006 87 WARNING py.warnings [None req-c9b1d0c9-d52b-497f-ba46-425c0fef45ca 9be85cb3db9a4f33be942059a18915a8 6cfdb80612b04783be1b74977bbb58d5 - - - -] /var/lib/kolla/venv/lib/python3.12/site-packages/urllib3/connectionpool.py:1110: InsecureRequestWarning: Unverified HTTPS request is being made to host '[LB_IP_ADDRESS]'. Adding certificate verification is strongly advised. See: https://urllib3.readthedocs.io/en/latest/advanced-usage.html#tls-warnings
  warnings.warn(

2026-09-01 10:00:02.037 87 INFO cinder.volume.drivers.lightos [None req-c9b1d0c9-d52b-497f-ba46-425c0fef45ca 9be85cb3db9a4f33be942059a18915a8 6cfdb80612b04783be1b74977bbb58d5 - - - -] Invoking get_volume using GET url: /api/v2/projects/default/volumes/82d62d61-7262-4d26-b6f1-c22eed264333             request.body: {} ssl_verify: False
2026-09-01 10:00:02.120 87 WARNING py.warnings [None req-c9b1d0c9-d52b-497f-ba46-425c0fef45ca 9be85cb3db9a4f33be942059a18915a8 6cfdb80612b04783be1b74977bbb58d5 - - - -] /var/lib/kolla/venv/lib/python3.12/site-packages/urllib3/connectionpool.py:1110: InsecureRequestWarning: Unverified HTTPS request is being made to host '[LB_IP_ADDRESS]'. Adding certificate verification is strongly advised. See: https://urllib3.readthedocs.io/en/latest/advanced-usage.html#tls-warnings
  warnings.warn(

2026-09-01 10:00:02.156 87 INFO cinder.volume.flows.manager.create_volume [None req-c9b1d0c9-d52b-497f-ba46-425c0fef45ca 9be85cb3db9a4f33be942059a18915a8 6cfdb80612b04783be1b74977bbb58d5 - - - -] Volume vol_5bbeeb3c-de57-48f1-af1a-32be9cae7ac1 (5bbeeb3c-de57-48f1-af1a-32be9cae7ac1): created successfully
2026-09-01 10:00:02.170 87 INFO cinder.volume.manager [None req-c9b1d0c9-d52b-497f-ba46-425c0fef45ca 9be85cb3db9a4f33be942059a18915a8 6cfdb80612b04783be1b74977bbb58d5 - - - -] Created volume successfully.
2026-09-01 10:00:03.730 87 INFO cinder.volume.flows.manager.create_volume [None req-21d6ed79-8e2b-4f5a-a7d8-4af380d81cf0 9be85cb3db9a4f33be942059a18915a8 6cfdb80612b04783be1b74977bbb58d5 - - - -] Volume 39181a4b-babf-4fbb-b562-433bec556943: being created as raw with specification: {'status': 'creating', 'volume_name': 'vol_39181a4b-babf-4fbb-b562-433bec556943', 'volume_size': 1}
2026-09-01 10:00:03.731 87 INFO cinder.volume.drivers.lightos [None req-21d6ed79-8e2b-4f5a-a7d8-4af380d81cf0 9be85cb3db9a4f33be942059a18915a8 6cfdb80612b04783be1b74977bbb58d5 - - - -] Invoking get_volume_by_name using GET url: /api/v2/projects/default/volumes/?name=vol_39181a4b-babf-4fbb-b562-433bec556943             request.body: {} ssl_verify: False
2026-09-01 10:00:03.824 87 WARNING py.warnings [None req-21d6ed79-8e2b-4f5a-a7d8-4af380d81cf0 9be85cb3db9a4f33be942059a18915a8 6cfdb80612b04783be1b74977bbb58d5 - - - -] /var/lib/kolla/venv/lib/python3.12/site-packages/urllib3/connectionpool.py:1110: InsecureRequestWarning: Unverified HTTPS request is being made to host '[LB_IP_ADDRESS]'. Adding certificate verification is strongly advised. See: https://urllib3.readthedocs.io/en/latest/advanced-usage.html#tls-warnings
  warnings.warn(

2026-09-01 10:00:03.836 87 INFO cinder.volume.drivers.lightos [None req-21d6ed79-8e2b-4f5a-a7d8-4af380d81cf0 9be85cb3db9a4f33be942059a18915a8 6cfdb80612b04783be1b74977bbb58d5 - - - -] Invoking create_volume using POST url: /api/v2/projects/default/volumes             request.body: {'name': 'vol_39181a4b-babf-4fbb-b562-433bec556943', 'size': '1 gib', 'replicaCount': '3', 'compression': 'False', 'acl': {'values': ['ALLOW_NONE']}, 'IPAcl': {'values': ['ALLOW_NONE']}, 'sourceSnapshotUUID': None, 'sourceSnapshotName': None} ssl_verify: False
2026-09-01 10:00:03.924 87 WARNING py.warnings [None req-21d6ed79-8e2b-4f5a-a7d8-4af380d81cf0 9be85cb3db9a4f33be942059a18915a8 6cfdb80612b04783be1b74977bbb58d5 - - - -] /var/lib/kolla/venv/lib/python3.12/site-packages/urllib3/connectionpool.py:1110: InsecureRequestWarning: Unverified HTTPS request is being made to host '[LB_IP_ADDRESS]'. Adding certificate verification is strongly advised. See: https://urllib3.readthedocs.io/en/latest/advanced-usage.html#tls-warnings
  warnings.warn(

2026-09-01 10:00:03.962 87 INFO cinder.volume.drivers.lightos [None req-21d6ed79-8e2b-4f5a-a7d8-4af380d81cf0 9be85cb3db9a4f33be942059a18915a8 6cfdb80612b04783be1b74977bbb58d5 - - - -] Invoking get_volume using GET url: /api/v2/projects/default/volumes/25f7ba12-d0b3-4ad2-a503-a591555a6ba0             request.body: {} ssl_verify: False
2026-09-01 10:00:04.086 87 WARNING py.warnings [None req-21d6ed79-8e2b-4f5a-a7d8-4af380d81cf0 9be85cb3db9a4f33be942059a18915a8 6cfdb80612b04783be1b74977bbb58d5 - - - -] /var/lib/kolla/venv/lib/python3.12/site-packages/urllib3/connectionpool.py:1110: InsecureRequestWarning: Unverified HTTPS request is being made to host '[LB_IP_ADDRESS]'. Adding certificate verification is strongly advised. See: https://urllib3.readthedocs.io/en/latest/advanced-usage.html#tls-warnings
  warnings.warn(

2026-09-01 10:00:04.124 87 INFO cinder.volume.flows.manager.create_volume [None req-21d6ed79-8e2b-4f5a-a7d8-4af380d81cf0 9be85cb3db9a4f33be942059a18915a8 6cfdb80612b04783be1b74977bbb58d5 - - - -] Volume vol_39181a4b-babf-4fbb-b562-433bec556943 (39181a4b-babf-4fbb-b562-433bec556943): created successfully
2026-09-01 10:00:04.138 87 INFO cinder.volume.manager [None req-21d6ed79-8e2b-4f5a-a7d8-4af380d81cf0 9be85cb3db9a4f33be942059a18915a8 6cfdb80612b04783be1b74977bbb58d5 - - - -] Created volume successfully.
2026-09-01 10:00:04.154 87 INFO cinder.image.image_utils [None req-76921c13-94bb-4687-970c-119e2ecd2ad0 2a0755933ec74867a39b4451f1c48dd8 270e879b8e1a4ea69158b49e149672eb - - - -] Converted 44.00 MB image at 44.00 MB/s
2026-09-01 10:00:04.156 87 INFO os_brick.initiator.connectors.lightos [None req-76921c13-94bb-4687-970c-119e2ecd2ad0 2a0755933ec74867a39b4451f1c48dd8 270e879b8e1a4ea69158b49e149672eb - - - -] LIGHTOS: devpath /dev/nvme0n1 detected for uuid e106dbd8-e7c7-464a-98ac-9fa936b9cd42
2026-09-01 10:00:04.169 87 INFO cinder.volume.drivers.lightos [None req-76921c13-94bb-4687-970c-119e2ecd2ad0 2a0755933ec74867a39b4451f1c48dd8 270e879b8e1a4ea69158b49e149672eb - - - -] Invoking get_volume_by_name using GET url: /api/v2/projects/default/volumes/?name=vol_d82e7390-9eac-476e-b87f-adc08bef0a2c             request.body: {} ssl_verify: False
2026-09-01 10:00:04.255 87 WARNING py.warnings [None req-76921c13-94bb-4687-970c-119e2ecd2ad0 2a0755933ec74867a39b4451f1c48dd8 270e879b8e1a4ea69158b49e149672eb - - - -] /var/lib/kolla/venv/lib/python3.12/site-packages/urllib3/connectionpool.py:1110: InsecureRequestWarning: Unverified HTTPS request is being made to host '[LB_IP_ADDRESS]'. Adding certificate verification is strongly advised. See: https://urllib3.readthedocs.io/en/latest/advanced-usage.html#tls-warnings
  warnings.warn(

2026-09-01 10:00:04.271 87 INFO cinder.volume.drivers.lightos [None req-76921c13-94bb-4687-970c-119e2ecd2ad0 2a0755933ec74867a39b4451f1c48dd8 270e879b8e1a4ea69158b49e149672eb - - - -] Invoking get_volume_by_name using GET url: /api/v2/projects/default/volumes/?name=vol_d82e7390-9eac-476e-b87f-adc08bef0a2c             request.body: {} ssl_verify: False
2026-09-01 10:00:04.358 87 WARNING py.warnings [None req-76921c13-94bb-4687-970c-119e2ecd2ad0 2a0755933ec74867a39b4451f1c48dd8 270e879b8e1a4ea69158b49e149672eb - - - -] /var/lib/kolla/venv/lib/python3.12/site-packages/urllib3/connectionpool.py:1110: InsecureRequestWarning: Unverified HTTPS request is being made to host '[LB_IP_ADDRESS]'. Adding certificate verification is strongly advised. See: https://urllib3.readthedocs.io/en/latest/advanced-usage.html#tls-warnings
  warnings.warn(

2026-09-01 10:00:04.373 87 INFO cinder.volume.drivers.lightos [None req-76921c13-94bb-4687-970c-119e2ecd2ad0 2a0755933ec74867a39b4451f1c48dd8 270e879b8e1a4ea69158b49e149672eb - - - -] Invoking update_volume using PUT url: /api/v2/projects/default/volumes/e106dbd8-e7c7-464a-98ac-9fa936b9cd42             request.body: {'acl': {'values': ['ALLOW_NONE']}, 'IPAcl': {'values': ['ALLOW_NONE']}} ssl_verify: False
2026-09-01 10:00:04.458 87 WARNING py.warnings [None req-76921c13-94bb-4687-970c-119e2ecd2ad0 2a0755933ec74867a39b4451f1c48dd8 270e879b8e1a4ea69158b49e149672eb - - - -] /var/lib/kolla/venv/lib/python3.12/site-packages/urllib3/connectionpool.py:1110: InsecureRequestWarning: Unverified HTTPS request is being made to host '[LB_IP_ADDRESS]'. Adding certificate verification is strongly advised. See: https://urllib3.readthedocs.io/en/latest/advanced-usage.html#tls-warnings
  warnings.warn(

2026-09-01 10:00:04.487 87 INFO cinder.volume.drivers.lightos [None req-76921c13-94bb-4687-970c-119e2ecd2ad0 2a0755933ec74867a39b4451f1c48dd8 270e879b8e1a4ea69158b49e149672eb - - - -] Invoking get_volume_by_name using GET url: /api/v2/projects/default/volumes/?name=vol_d82e7390-9eac-476e-b87f-adc08bef0a2c             request.body: {} ssl_verify: False
2026-09-01 10:00:04.569 87 WARNING py.warnings [None req-76921c13-94bb-4687-970c-119e2ecd2ad0 2a0755933ec74867a39b4451f1c48dd8 270e879b8e1a4ea69158b49e149672eb - - - -] /var/lib/kolla/venv/lib/python3.12/site-packages/urllib3/connectionpool.py:1110: InsecureRequestWarning: Unverified HTTPS request is being made to host '[LB_IP_ADDRESS]'. Adding certificate verification is strongly advised. See: https://urllib3.readthedocs.io/en/latest/advanced-usage.html#tls-warnings
  warnings.warn(

2026-09-01 10:00:04.819 87 INFO cinder.volume.drivers.lightos [None req-818e502c-351c-49c1-8de7-48e7e934f7b6 9be85cb3db9a4f33be942059a18915a8 6cfdb80612b04783be1b74977bbb58d5 - - - -] Invoking delete_volume using DELETE url: /api/v2/projects/default/volumes/25f7ba12-d0b3-4ad2-a503-a591555a6ba0?             request.body:  ssl_verify: False
2026-09-01 10:00:04.905 87 WARNING py.warnings [None req-818e502c-351c-49c1-8de7-48e7e934f7b6 9be85cb3db9a4f33be942059a18915a8 6cfdb80612b04783be1b74977bbb58d5 - - - -] /var/lib/kolla/venv/lib/python3.12/site-packages/urllib3/connectionpool.py:1110: InsecureRequestWarning: Unverified HTTPS request is being made to host '[LB_IP_ADDRESS]'. Adding certificate verification is strongly advised. See: https://urllib3.readthedocs.io/en/latest/advanced-usage.html#tls-warnings
  warnings.warn(

2026-09-01 10:00:04.946 87 INFO cinder.volume.drivers.lightos [None req-818e502c-351c-49c1-8de7-48e7e934f7b6 9be85cb3db9a4f33be942059a18915a8 6cfdb80612b04783be1b74977bbb58d5 - - - -] Invoking get_volume using GET url: /api/v2/projects/default/volumes/25f7ba12-d0b3-4ad2-a503-a591555a6ba0             request.body: {} ssl_verify: False
2026-09-01 10:00:05.031 87 WARNING py.warnings [None req-818e502c-351c-49c1-8de7-48e7e934f7b6 9be85cb3db9a4f33be942059a18915a8 6cfdb80612b04783be1b74977bbb58d5 - - - -] /var/lib/kolla/venv/lib/python3.12/site-packages/urllib3/connectionpool.py:1110: InsecureRequestWarning: Unverified HTTPS request is being made to host '[LB_IP_ADDRESS]'. Adding certificate verification is strongly advised. See: https://urllib3.readthedocs.io/en/latest/advanced-usage.html#tls-warnings
  warnings.warn(

2026-09-01 10:00:05.269 87 INFO cinder.volume.manager [None req-818e502c-351c-49c1-8de7-48e7e934f7b6 9be85cb3db9a4f33be942059a18915a8 6cfdb80612b04783be1b74977bbb58d5 - - - -] Deleted volume successfully.
2026-09-01 10:00:05.488 87 INFO cinder.volume.flows.manager.create_volume [None req-40f07afc-8c3a-4ae6-bf6a-079c86b59bfb 4048089ca639454ca97714f6fd71e223 458d5db7d759453d98ab4621c362a87a - - - -] Volume 5534a9ca-87a0-4db1-8d46-a730dc464c0f: being created as raw with specification: {'status': 'creating', 'volume_name': 'vol_5534a9ca-87a0-4db1-8d46-a730dc464c0f', 'volume_size': 1}
2026-09-01 10:00:05.490 87 INFO cinder.volume.drivers.lightos [None req-40f07afc-8c3a-4ae6-bf6a-079c86b59bfb 4048089ca639454ca97714f6fd71e223 458d5db7d759453d98ab4621c362a87a - - - -] Invoking get_volume_by_name using GET url: /api/v2/projects/default/volumes/?name=vol_5534a9ca-87a0-4db1-8d46-a730dc464c0f             request.body: {} ssl_verify: False
2026-09-01 10:00:05.579 87 INFO cinder.volume.drivers.lightos [None req-76921c13-94bb-4687-970c-119e2ecd2ad0 2a0755933ec74867a39b4451f1c48dd8 270e879b8e1a4ea69158b49e149672eb - - - -] Invoking get_volume_by_name using GET url: /api/v2/projects/default/volumes/?name=vol_d82e7390-9eac-476e-b87f-adc08bef0a2c             request.body: {} ssl_verify: False
2026-09-01 10:00:05.659 87 WARNING py.warnings [None req-40f07afc-8c3a-4ae6-bf6a-079c86b59bfb 4048089ca639454ca97714f6fd71e223 458d5db7d759453d98ab4621c362a87a - - - -] /var/lib/kolla/venv/lib/python3.12/site-packages/urllib3/connectionpool.py:1110: InsecureRequestWarning: Unverified HTTPS request is being made to host '[LB_IP_ADDRESS]'. Adding certificate verification is strongly advised. See: https://urllib3.readthedocs.io/en/latest/advanced-usage.html#tls-warnings
  warnings.warn(

2026-09-01 10:00:05.664 87 WARNING py.warnings [None req-76921c13-94bb-4687-970c-119e2ecd2ad0 2a0755933ec74867a39b4451f1c48dd8 270e879b8e1a4ea69158b49e149672eb - - - -] /var/lib/kolla/venv/lib/python3.12/site-packages/urllib3/connectionpool.py:1110: InsecureRequestWarning: Unverified HTTPS request is being made to host '[LB_IP_ADDRESS]'. Adding certificate verification is strongly advised. See: https://urllib3.readthedocs.io/en/latest/advanced-usage.html#tls-warnings
  warnings.warn(

2026-09-01 10:00:05.672 87 INFO cinder.volume.drivers.lightos [None req-40f07afc-8c3a-4ae6-bf6a-079c86b59bfb 4048089ca639454ca97714f6fd71e223 458d5db7d759453d98ab4621c362a87a - - - -] Invoking create_volume using POST url: /api/v2/projects/default/volumes             request.body: {'name': 'vol_5534a9ca-87a0-4db1-8d46-a730dc464c0f', 'size': '1 gib', 'replicaCount': '3', 'compression': 'False', 'acl': {'values': ['ALLOW_NONE']}, 'IPAcl': {'values': ['ALLOW_NONE']}, 'sourceSnapshotUUID': None, 'sourceSnapshotName': None} ssl_verify: False
2026-09-01 10:00:05.751 87 INFO cinder.volume.drivers.lightos [None req-76921c13-94bb-4687-970c-119e2ecd2ad0 2a0755933ec74867a39b4451f1c48dd8 270e879b8e1a4ea69158b49e149672eb - - - -] Invoking get_volume_by_name using GET url: /api/v2/projects/default/volumes/?name=vol_d82e7390-9eac-476e-b87f-adc08bef0a2c             request.body: {} ssl_verify: False
2026-09-01 10:00:05.828 87 WARNING py.warnings [None req-40f07afc-8c3a-4ae6-bf6a-079c86b59bfb 4048089ca639454ca97714f6fd71e223 458d5db7d759453d98ab4621c362a87a - - - -] /var/lib/kolla/venv/lib/python3.12/site-packages/urllib3/connectionpool.py:1110: InsecureRequestWarning: Unverified HTTPS request is being made to host '[LB_IP_ADDRESS]'. Adding certificate verification is strongly advised. See: https://urllib3.readthedocs.io/en/latest/advanced-usage.html#tls-warnings
  warnings.warn(

2026-09-01 10:00:05.835 87 WARNING py.warnings [None req-76921c13-94bb-4687-970c-119e2ecd2ad0 2a0755933ec74867a39b4451f1c48dd8 270e879b8e1a4ea69158b49e149672eb - - - -] /var/lib/kolla/venv/lib/python3.12/site-packages/urllib3/connectionpool.py:1110: InsecureRequestWarning: Unverified HTTPS request is being made to host '[LB_IP_ADDRESS]'. Adding certificate verification is strongly advised. See: https://urllib3.readthedocs.io/en/latest/advanced-usage.html#tls-warnings
  warnings.warn(

2026-09-01 10:00:05.890 87 INFO cinder.volume.drivers.lightos [None req-40f07afc-8c3a-4ae6-bf6a-079c86b59bfb 4048089ca639454ca97714f6fd71e223 458d5db7d759453d98ab4621c362a87a - - - -] Invoking get_volume using GET url: /api/v2/projects/default/volumes/9bb4c0a5-844a-445f-990d-2f4c27c82a9a             request.body: {} ssl_verify: False
2026-09-01 10:00:05.978 87 WARNING py.warnings [None req-40f07afc-8c3a-4ae6-bf6a-079c86b59bfb 4048089ca639454ca97714f6fd71e223 458d5db7d759453d98ab4621c362a87a - - - -] /var/lib/kolla/venv/lib/python3.12/site-packages/urllib3/connectionpool.py:1110: InsecureRequestWarning: Unverified HTTPS request is being made to host '[LB_IP_ADDRESS]'. Adding certificate verification is strongly advised. See: https://urllib3.readthedocs.io/en/latest/advanced-usage.html#tls-warnings
  warnings.warn(

2026-09-01 10:00:06.039 87 INFO cinder.volume.drivers.lightos [None req-593e4fd7-ff17-4516-a67f-76c512ab2841 9be85cb3db9a4f33be942059a18915a8 6cfdb80612b04783be1b74977bbb58d5 - - - -] Invoking delete_volume using DELETE url: /api/v2/projects/default/volumes/82d62d61-7262-4d26-b6f1-c22eed264333?             request.body:  ssl_verify: False
2026-09-01 10:00:06.117 87 INFO cinder.volume.flows.manager.create_volume [None req-40f07afc-8c3a-4ae6-bf6a-079c86b59bfb 4048089ca639454ca97714f6fd71e223 458d5db7d759453d98ab4621c362a87a - - - -] Volume vol_5534a9ca-87a0-4db1-8d46-a730dc464c0f (5534a9ca-87a0-4db1-8d46-a730dc464c0f): created successfully
2026-09-01 10:00:06.130 87 WARNING py.warnings [None req-593e4fd7-ff17-4516-a67f-76c512ab2841 9be85cb3db9a4f33be942059a18915a8 6cfdb80612b04783be1b74977bbb58d5 - - - -] /var/lib/kolla/venv/lib/python3.12/site-packages/urllib3/connectionpool.py:1110: InsecureRequestWarning: Unverified HTTPS request is being made to host '[LB_IP_ADDRESS]'. Adding certificate verification is strongly advised. See: https://urllib3.readthedocs.io/en/latest/advanced-usage.html#tls-warnings
  warnings.warn(

2026-09-01 10:00:06.139 87 INFO cinder.volume.manager [None req-40f07afc-8c3a-4ae6-bf6a-079c86b59bfb 4048089ca639454ca97714f6fd71e223 458d5db7d759453d98ab4621c362a87a - - - -] Created volume successfully.
2026-09-01 10:00:06.172 87 INFO cinder.volume.drivers.lightos [None req-593e4fd7-ff17-4516-a67f-76c512ab2841 9be85cb3db9a4f33be942059a18915a8 6cfdb80612b04783be1b74977bbb58d5 - - - -] Invoking get_volume using GET url: /api/v2/projects/default/volumes/82d62d61-7262-4d26-b6f1-c22eed264333             request.body: {} ssl_verify: False
2026-09-01 10:00:06.252 87 INFO cinder.volume.flows.manager.create_volume [None req-76921c13-94bb-4687-970c-119e2ecd2ad0 2a0755933ec74867a39b4451f1c48dd8 270e879b8e1a4ea69158b49e149672eb - - - -] Volume vol_d82e7390-9eac-476e-b87f-adc08bef0a2c (d82e7390-9eac-476e-b87f-adc08bef0a2c): created successfully
2026-09-01 10:00:06.264 87 WARNING py.warnings [None req-593e4fd7-ff17-4516-a67f-76c512ab2841 9be85cb3db9a4f33be942059a18915a8 6cfdb80612b04783be1b74977bbb58d5 - - - -] /var/lib/kolla/venv/lib/python3.12/site-packages/urllib3/connectionpool.py:1110: InsecureRequestWarning: Unverified HTTPS request is being made to host '[LB_IP_ADDRESS]'. Adding certificate verification is strongly advised. See: https://urllib3.readthedocs.io/en/latest/advanced-usage.html#tls-warnings
  warnings.warn(

2026-09-01 10:00:06.269 87 INFO cinder.volume.manager [None req-76921c13-94bb-4687-970c-119e2ecd2ad0 2a0755933ec74867a39b4451f1c48dd8 270e879b8e1a4ea69158b49e149672eb - - - -] Created volume successfully.
2026-09-01 10:00:06.545 87 INFO cinder.volume.manager [None req-593e4fd7-ff17-4516-a67f-76c512ab2841 9be85cb3db9a4f33be942059a18915a8 6cfdb80612b04783be1b74977bbb58d5 - - - -] Deleted volume successfully.
2026-09-01 10:00:07.082 87 INFO cinder.volume.drivers.lightos [None req-b6e84ed6-2696-44c4-9f54-8a9fd1e35557 4048089ca639454ca97714f6fd71e223 458d5db7d759453d98ab4621c362a87a - - - -] Invoking delete_volume using DELETE url: /api/v2/projects/default/volumes/9bb4c0a5-844a-445f-990d-2f4c27c82a9a?             request.body:  ssl_verify: False
2026-09-01 10:00:07.169 87 WARNING py.warnings [None req-b6e84ed6-2696-44c4-9f54-8a9fd1e35557 4048089ca639454ca97714f6fd71e223 458d5db7d759453d98ab4621c362a87a - - - -] /var/lib/kolla/venv/lib/python3.12/site-packages/urllib3/connectionpool.py:1110: InsecureRequestWarning: Unverified HTTPS request is being made to host '[LB_IP_ADDRESS]'. Adding certificate verification is strongly advised. See: https://urllib3.readthedocs.io/en/latest/advanced-usage.html#tls-warnings
  warnings.warn(

2026-09-01 10:00:07.231 87 INFO cinder.volume.drivers.lightos [None req-b6e84ed6-2696-44c4-9f54-8a9fd1e35557 4048089ca639454ca97714f6fd71e223 458d5db7d759453d98ab4621c362a87a - - - -] Invoking get_volume using GET url: /api/v2/projects/default/volumes/9bb4c0a5-844a-445f-990d-2f4c27c82a9a             request.body: {} ssl_verify: False
2026-09-01 10:00:07.315 87 WARNING py.warnings [None req-b6e84ed6-2696-44c4-9f54-8a9fd1e35557 4048089ca639454ca97714f6fd71e223 458d5db7d759453d98ab4621c362a87a - - - -] /var/lib/kolla/venv/lib/python3.12/site-packages/urllib3/connectionpool.py:1110: InsecureRequestWarning: Unverified HTTPS request is being made to host '[LB_IP_ADDRESS]'. Adding certificate verification is strongly advised. See: https://urllib3.readthedocs.io/en/latest/advanced-usage.html#tls-warnings
  warnings.warn(

2026-09-01 10:00:07.479 87 INFO cinder.volume.drivers.lightos [None req-5292bf13-f652-4c04-8b8b-c15e62e7d642 2a0755933ec74867a39b4451f1c48dd8 270e879b8e1a4ea69158b49e149672eb - - - -] Invoking get_volume_by_name using GET url: /api/v2/projects/default/volumes/?name=vol_d82e7390-9eac-476e-b87f-adc08bef0a2c             request.body: {} ssl_verify: False
2026-09-01 10:00:07.567 87 WARNING py.warnings [None req-5292bf13-f652-4c04-8b8b-c15e62e7d642 2a0755933ec74867a39b4451f1c48dd8 270e879b8e1a4ea69158b49e149672eb - - - -] /var/lib/kolla/venv/lib/python3.12/site-packages/urllib3/connectionpool.py:1110: InsecureRequestWarning: Unverified HTTPS request is being made to host '[LB_IP_ADDRESS]'. Adding certificate verification is strongly advised. See: https://urllib3.readthedocs.io/en/latest/advanced-usage.html#tls-warnings
  warnings.warn(

2026-09-01 10:00:07.580 87 INFO cinder.volume.drivers.lightos [None req-5292bf13-f652-4c04-8b8b-c15e62e7d642 2a0755933ec74867a39b4451f1c48dd8 270e879b8e1a4ea69158b49e149672eb - - - -] Invoking extend_volume using PUT url: /api/v2/projects/default/volumes/e106dbd8-e7c7-464a-98ac-9fa936b9cd42             request.body: {'UUID': 'e106dbd8-e7c7-464a-98ac-9fa936b9cd42', 'size': '2 gib'} ssl_verify: False
2026-09-01 10:00:07.668 87 WARNING py.warnings [None req-5292bf13-f652-4c04-8b8b-c15e62e7d642 2a0755933ec74867a39b4451f1c48dd8 270e879b8e1a4ea69158b49e149672eb - - - -] /var/lib/kolla/venv/lib/python3.12/site-packages/urllib3/connectionpool.py:1110: InsecureRequestWarning: Unverified HTTPS request is being made to host '[LB_IP_ADDRESS]'. Adding certificate verification is strongly advised. See: https://urllib3.readthedocs.io/en/latest/advanced-usage.html#tls-warnings
  warnings.warn(

2026-09-01 10:00:07.701 87 INFO cinder.volume.drivers.lightos [None req-5292bf13-f652-4c04-8b8b-c15e62e7d642 2a0755933ec74867a39b4451f1c48dd8 270e879b8e1a4ea69158b49e149672eb - - - -] Successfully extended volume Volume(_name_id=None,admin_metadata={},attach_status='detached',availability_zone='nova',bootable=True,cluster=<?>,cluster_name=None,consistencygroup=<?>,consistencygroup_id=None,created_at=2026-09-01T09:59:54Z,deleted=False,deleted_at=None,display_description=None,display_name='tempest-VolumesExtendTest-Volume-631318074',ec2_id=None,encryption_key_id=None,glance_metadata={checksum='443b7623e27ecf03dc9e01ee93f67afe',container_format='bare',disk_format='qcow2',image_id='3930b779-469e-4faf-af16-36c2b3e38501',image_name='cirros',min_disk='0',min_ram='0',owner_specified.openstack.md5='',owner_specified.openstack.object='images/cirros',owner_specified.openstack.sha256='',signature_verified='False',size='12716032'},group=<?>,group_id=None,host='rack04-server62@LIGHTOSardffj#ardffj',id=d82e7390-9eac-476e-b87f-adc08bef0a2c,launched_at=2026-09-01T10:00:06Z,metadata={},migration_status=None,multiattach=False,previous_status='available',project_id='270e879b8e1a4ea69158b49e149672eb',provider_auth=None,provider_geometry=None,provider_id='default e106dbd8-e7c7-464a-98ac-9fa936b9cd42',provider_location=None,replication_driver_data=None,replication_extended_status=None,replication_status=None,scheduled_at=2026-09-01T09:59:54Z,service_uuid='c21cac7d-0af9-4794-9c8f-427054766ae8',shared_targets=False,size=1,snapshot_id=None,snapshots=<?>,source_volid=None,status='extending',terminated_at=None,updated_at=2026-09-01T10:00:06Z,use_quota=True,user_id='2a0755933ec74867a39b4451f1c48dd8',volume_attachment=VolumeAttachmentList,volume_type=VolumeType(fd363014-aa30-4672-8152-2d2e0c7ae218),volume_type_id=fd363014-aa30-4672-8152-2d2e0c7ae218) project default size:2
2026-09-01 10:00:07.717 87 INFO cinder.volume.manager [None req-b6e84ed6-2696-44c4-9f54-8a9fd1e35557 4048089ca639454ca97714f6fd71e223 458d5db7d759453d98ab4621c362a87a - - - -] Deleted volume successfully.
2026-09-01 10:00:07.737 87 INFO cinder.volume.manager [None req-5292bf13-f652-4c04-8b8b-c15e62e7d642 2a0755933ec74867a39b4451f1c48dd8 270e879b8e1a4ea69158b49e149672eb - - - -] Extend volume completed successfully.
2026-09-01 10:00:07.961 87 INFO cinder.volume.flows.manager.create_volume [None req-945fe841-69fd-49ca-a2bd-fea9903b4f70 9be85cb3db9a4f33be942059a18915a8 6cfdb80612b04783be1b74977bbb58d5 - - - -] Volume 4a4f329f-f81b-4894-a4b5-a5eea761db0d: being created as raw with specification: {'status': 'creating', 'volume_name': 'vol_4a4f329f-f81b-4894-a4b5-a5eea761db0d', 'volume_size': 1}
2026-09-01 10:00:07.962 87 INFO cinder.volume.drivers.lightos [None req-945fe841-69fd-49ca-a2bd-fea9903b4f70 9be85cb3db9a4f33be942059a18915a8 6cfdb80612b04783be1b74977bbb58d5 - - - -] Invoking get_volume_by_name using GET url: /api/v2/projects/default/volumes/?name=vol_4a4f329f-f81b-4894-a4b5-a5eea761db0d             request.body: {} ssl_verify: False
2026-09-01 10:00:08.046 87 WARNING py.warnings [None req-945fe841-69fd-49ca-a2bd-fea9903b4f70 9be85cb3db9a4f33be942059a18915a8 6cfdb80612b04783be1b74977bbb58d5 - - - -] /var/lib/kolla/venv/lib/python3.12/site-packages/urllib3/connectionpool.py:1110: InsecureRequestWarning: Unverified HTTPS request is being made to host '[LB_IP_ADDRESS]'. Adding certificate verification is strongly advised. See: https://urllib3.readthedocs.io/en/latest/advanced-usage.html#tls-warnings
  warnings.warn(

2026-09-01 10:00:08.058 87 INFO cinder.volume.drivers.lightos [None req-945fe841-69fd-49ca-a2bd-fea9903b4f70 9be85cb3db9a4f33be942059a18915a8 6cfdb80612b04783be1b74977bbb58d5 - - - -] Invoking create_volume using POST url: /api/v2/projects/default/volumes             request.body: {'name': 'vol_4a4f329f-f81b-4894-a4b5-a5eea761db0d', 'size': '1 gib', 'replicaCount': '3', 'compression': 'False', 'acl': {'values': ['ALLOW_NONE']}, 'IPAcl': {'values': ['ALLOW_NONE']}, 'sourceSnapshotUUID': None, 'sourceSnapshotName': None} ssl_verify: False
2026-09-01 10:00:08.143 87 WARNING py.warnings [None req-945fe841-69fd-49ca-a2bd-fea9903b4f70 9be85cb3db9a4f33be942059a18915a8 6cfdb80612b04783be1b74977bbb58d5 - - - -] /var/lib/kolla/venv/lib/python3.12/site-packages/urllib3/connectionpool.py:1110: InsecureRequestWarning: Unverified HTTPS request is being made to host '[LB_IP_ADDRESS]'. Adding certificate verification is strongly advised. See: https://urllib3.readthedocs.io/en/latest/advanced-usage.html#tls-warnings
  warnings.warn(

2026-09-01 10:00:08.172 87 INFO cinder.volume.drivers.lightos [None req-945fe841-69fd-49ca-a2bd-fea9903b4f70 9be85cb3db9a4f33be942059a18915a8 6cfdb80612b04783be1b74977bbb58d5 - - - -] Invoking get_volume using GET url: /api/v2/projects/default/volumes/8de61e0b-de63-40f9-9b25-acf658b023d5             request.body: {} ssl_verify: False
2026-09-01 10:00:08.256 87 WARNING py.warnings [None req-945fe841-69fd-49ca-a2bd-fea9903b4f70 9be85cb3db9a4f33be942059a18915a8 6cfdb80612b04783be1b74977bbb58d5 - - - -] /var/lib/kolla/venv/lib/python3.12/site-packages/urllib3/connectionpool.py:1110: InsecureRequestWarning: Unverified HTTPS request is being made to host '[LB_IP_ADDRESS]'. Adding certificate verification is strongly advised. See: https://urllib3.readthedocs.io/en/latest/advanced-usage.html#tls-warnings
  warnings.warn(

2026-09-01 10:00:08.288 87 INFO cinder.volume.flows.manager.create_volume [None req-945fe841-69fd-49ca-a2bd-fea9903b4f70 9be85cb3db9a4f33be942059a18915a8 6cfdb80612b04783be1b74977bbb58d5 - - - -] Volume vol_4a4f329f-f81b-4894-a4b5-a5eea761db0d (4a4f329f-f81b-4894-a4b5-a5eea761db0d): created successfully
2026-09-01 10:00:08.302 87 INFO cinder.volume.manager [None req-945fe841-69fd-49ca-a2bd-fea9903b4f70 9be85cb3db9a4f33be942059a18915a8 6cfdb80612b04783be1b74977bbb58d5 - - - -] Created volume successfully.
2026-09-01 10:00:08.695 87 INFO cinder.volume.drivers.lightos [None req-6f239b87-c3a3-44c4-b50f-4f39a586dde4 2a0755933ec74867a39b4451f1c48dd8 270e879b8e1a4ea69158b49e149672eb - - - -] Invoking delete_volume using DELETE url: /api/v2/projects/default/volumes/e106dbd8-e7c7-464a-98ac-9fa936b9cd42?             request.body:  ssl_verify: False
2026-09-01 10:00:08.779 87 WARNING py.warnings [None req-6f239b87-c3a3-44c4-b50f-4f39a586dde4 2a0755933ec74867a39b4451f1c48dd8 270e879b8e1a4ea69158b49e149672eb - - - -] /var/lib/kolla/venv/lib/python3.12/site-packages/urllib3/connectionpool.py:1110: InsecureRequestWarning: Unverified HTTPS request is being made to host '[LB_IP_ADDRESS]'. Adding certificate verification is strongly advised. See: https://urllib3.readthedocs.io/en/latest/advanced-usage.html#tls-warnings
  warnings.warn(

2026-09-01 10:00:08.811 87 INFO cinder.volume.drivers.lightos [None req-6f239b87-c3a3-44c4-b50f-4f39a586dde4 2a0755933ec74867a39b4451f1c48dd8 270e879b8e1a4ea69158b49e149672eb - - - -] Invoking get_volume using GET url: /api/v2/projects/default/volumes/e106dbd8-e7c7-464a-98ac-9fa936b9cd42             request.body: {} ssl_verify: False
2026-09-01 10:00:08.896 87 WARNING py.warnings [None req-6f239b87-c3a3-44c4-b50f-4f39a586dde4 2a0755933ec74867a39b4451f1c48dd8 270e879b8e1a4ea69158b49e149672eb - - - -] /var/lib/kolla/venv/lib/python3.12/site-packages/urllib3/connectionpool.py:1110: InsecureRequestWarning: Unverified HTTPS request is being made to host '[LB_IP_ADDRESS]'. Adding certificate verification is strongly advised. See: https://urllib3.readthedocs.io/en/latest/advanced-usage.html#tls-warnings
  warnings.warn(

2026-09-01 10:00:09.174 87 INFO cinder.volume.manager [None req-6f239b87-c3a3-44c4-b50f-4f39a586dde4 2a0755933ec74867a39b4451f1c48dd8 270e879b8e1a4ea69158b49e149672eb - - - -] Deleted volume successfully.
2026-09-01 10:00:09.705 87 INFO cinder.volume.flows.manager.create_volume [None req-4e54a4a3-437d-43cc-adcc-f429d754f9d1 9be85cb3db9a4f33be942059a18915a8 6cfdb80612b04783be1b74977bbb58d5 - - - -] Volume 66199dbf-e2c9-4359-a5c2-77f33860cea3: being created as source_vol with specification: {'status': 'creating', 'volume_name': 'vol_66199dbf-e2c9-4359-a5c2-77f33860cea3', 'volume_size': 1, 'source_volid': '4a4f329f-f81b-4894-a4b5-a5eea761db0d', 'source_volstatus': 'available'}
2026-09-01 10:00:09.718 87 INFO cinder.volume.drivers.lightos [None req-4e54a4a3-437d-43cc-adcc-f429d754f9d1 9be85cb3db9a4f33be942059a18915a8 6cfdb80612b04783be1b74977bbb58d5 - - - -] Invoking get_snapshot_by_name using GET url: /api/v2/projects/default/snapshots/?Name=for_clone_66199dbf-e2c9-4359-a5c2-77f33860cea3             request.body: {} ssl_verify: False
2026-09-01 10:00:09.804 87 WARNING py.warnings [None req-4e54a4a3-437d-43cc-adcc-f429d754f9d1 9be85cb3db9a4f33be942059a18915a8 6cfdb80612b04783be1b74977bbb58d5 - - - -] /var/lib/kolla/venv/lib/python3.12/site-packages/urllib3/connectionpool.py:1110: InsecureRequestWarning: Unverified HTTPS request is being made to host '[LB_IP_ADDRESS]'. Adding certificate verification is strongly advised. See: https://urllib3.readthedocs.io/en/latest/advanced-usage.html#tls-warnings
  warnings.warn(

2026-09-01 10:00:09.817 87 INFO cinder.volume.drivers.lightos [None req-4e54a4a3-437d-43cc-adcc-f429d754f9d1 9be85cb3db9a4f33be942059a18915a8 6cfdb80612b04783be1b74977bbb58d5 - - - -] Invoking create_snapshot using POST url: /api/v2/projects/default/snapshots             request.body: {'name': 'for_clone_66199dbf-e2c9-4359-a5c2-77f33860cea3', 'sourceVolumeUUID': None, 'sourceVolumeName': 'vol_4a4f329f-f81b-4894-a4b5-a5eea761db0d'} ssl_verify: False
2026-09-01 10:00:09.902 87 WARNING py.warnings [None req-4e54a4a3-437d-43cc-adcc-f429d754f9d1 9be85cb3db9a4f33be942059a18915a8 6cfdb80612b04783be1b74977bbb58d5 - - - -] /var/lib/kolla/venv/lib/python3.12/site-packages/urllib3/connectionpool.py:1110: InsecureRequestWarning: Unverified HTTPS request is being made to host '[LB_IP_ADDRESS]'. Adding certificate verification is strongly advised. See: https://urllib3.readthedocs.io/en/latest/advanced-usage.html#tls-warnings
  warnings.warn(

2026-09-01 10:00:09.963 87 INFO cinder.volume.drivers.lightos [None req-4e54a4a3-437d-43cc-adcc-f429d754f9d1 9be85cb3db9a4f33be942059a18915a8 6cfdb80612b04783be1b74977bbb58d5 - - - -] Invoking get_snapshot_by_name using GET url: /api/v2/projects/default/snapshots/?Name=for_clone_66199dbf-e2c9-4359-a5c2-77f33860cea3             request.body: {} ssl_verify: False
2026-09-01 10:00:10.047 87 WARNING py.warnings [None req-4e54a4a3-437d-43cc-adcc-f429d754f9d1 9be85cb3db9a4f33be942059a18915a8 6cfdb80612b04783be1b74977bbb58d5 - - - -] /var/lib/kolla/venv/lib/python3.12/site-packages/urllib3/connectionpool.py:1110: InsecureRequestWarning: Unverified HTTPS request is being made to host '[LB_IP_ADDRESS]'. Adding certificate verification is strongly advised. See: https://urllib3.readthedocs.io/en/latest/advanced-usage.html#tls-warnings
  warnings.warn(

2026-09-01 10:00:10.723 87 INFO cinder.volume.flows.manager.create_volume [None req-74adedb8-345a-45f8-ac8f-8fe6b8355775 2a0755933ec74867a39b4451f1c48dd8 270e879b8e1a4ea69158b49e149672eb - - - -] Volume 045e12c6-e21e-4f9d-ae8e-749fb57a174e: being created as raw with specification: {'status': 'creating', 'volume_name': 'vol_045e12c6-e21e-4f9d-ae8e-749fb57a174e', 'volume_size': 1}
2026-09-01 10:00:10.723 87 INFO cinder.volume.drivers.lightos [None req-74adedb8-345a-45f8-ac8f-8fe6b8355775 2a0755933ec74867a39b4451f1c48dd8 270e879b8e1a4ea69158b49e149672eb - - - -] Invoking get_volume_by_name using GET url: /api/v2/projects/default/volumes/?name=vol_045e12c6-e21e-4f9d-ae8e-749fb57a174e             request.body: {} ssl_verify: False
2026-09-01 10:00:10.806 87 WARNING py.warnings [None req-74adedb8-345a-45f8-ac8f-8fe6b8355775 2a0755933ec74867a39b4451f1c48dd8 270e879b8e1a4ea69158b49e149672eb - - - -] /var/lib/kolla/venv/lib/python3.12/site-packages/urllib3/connectionpool.py:1110: InsecureRequestWarning: Unverified HTTPS request is being made to host '[LB_IP_ADDRESS]'. Adding certificate verification is strongly advised. See: https://urllib3.readthedocs.io/en/latest/advanced-usage.html#tls-warnings
  warnings.warn(

2026-09-01 10:00:10.817 87 INFO cinder.volume.drivers.lightos [None req-74adedb8-345a-45f8-ac8f-8fe6b8355775 2a0755933ec74867a39b4451f1c48dd8 270e879b8e1a4ea69158b49e149672eb - - - -] Invoking create_volume using POST url: /api/v2/projects/default/volumes             request.body: {'name': 'vol_045e12c6-e21e-4f9d-ae8e-749fb57a174e', 'size': '1 gib', 'replicaCount': '3', 'compression': 'False', 'acl': {'values': ['ALLOW_NONE']}, 'IPAcl': {'values': ['ALLOW_NONE']}, 'sourceSnapshotUUID': None, 'sourceSnapshotName': None} ssl_verify: False
2026-09-01 10:00:10.901 87 WARNING py.warnings [None req-74adedb8-345a-45f8-ac8f-8fe6b8355775 2a0755933ec74867a39b4451f1c48dd8 270e879b8e1a4ea69158b49e149672eb - - - -] /var/lib/kolla/venv/lib/python3.12/site-packages/urllib3/connectionpool.py:1110: InsecureRequestWarning: Unverified HTTPS request is being made to host '[LB_IP_ADDRESS]'. Adding certificate verification is strongly advised. See: https://urllib3.readthedocs.io/en/latest/advanced-usage.html#tls-warnings
  warnings.warn(

2026-09-01 10:00:10.943 87 INFO cinder.volume.drivers.lightos [None req-74adedb8-345a-45f8-ac8f-8fe6b8355775 2a0755933ec74867a39b4451f1c48dd8 270e879b8e1a4ea69158b49e149672eb - - - -] Invoking get_volume using GET url: /api/v2/projects/default/volumes/f8ee385e-b10b-425b-911f-def353240145             request.body: {} ssl_verify: False
2026-09-01 10:00:11.027 87 WARNING py.warnings [None req-74adedb8-345a-45f8-ac8f-8fe6b8355775 2a0755933ec74867a39b4451f1c48dd8 270e879b8e1a4ea69158b49e149672eb - - - -] /var/lib/kolla/venv/lib/python3.12/site-packages/urllib3/connectionpool.py:1110: InsecureRequestWarning: Unverified HTTPS request is being made to host '[LB_IP_ADDRESS]'. Adding certificate verification is strongly advised. See: https://urllib3.readthedocs.io/en/latest/advanced-usage.html#tls-warnings
  warnings.warn(

2026-09-01 10:00:11.062 87 INFO cinder.volume.flows.manager.create_volume [None req-74adedb8-345a-45f8-ac8f-8fe6b8355775 2a0755933ec74867a39b4451f1c48dd8 270e879b8e1a4ea69158b49e149672eb - - - -] Volume vol_045e12c6-e21e-4f9d-ae8e-749fb57a174e (045e12c6-e21e-4f9d-ae8e-749fb57a174e): created successfully
2026-09-01 10:00:11.075 87 INFO cinder.volume.manager [None req-74adedb8-345a-45f8-ac8f-8fe6b8355775 2a0755933ec74867a39b4451f1c48dd8 270e879b8e1a4ea69158b49e149672eb - - - -] Created volume successfully.
2026-09-01 10:00:11.109 87 INFO cinder.volume.drivers.lightos [None req-4e54a4a3-437d-43cc-adcc-f429d754f9d1 9be85cb3db9a4f33be942059a18915a8 6cfdb80612b04783be1b74977bbb58d5 - - - -] Invoking get_snapshot_by_name using GET url: /api/v2/projects/default/snapshots/?Name=for_clone_66199dbf-e2c9-4359-a5c2-77f33860cea3             request.body: {} ssl_verify: False
2026-09-01 10:00:11.192 87 WARNING py.warnings [None req-4e54a4a3-437d-43cc-adcc-f429d754f9d1 9be85cb3db9a4f33be942059a18915a8 6cfdb80612b04783be1b74977bbb58d5 - - - -] /var/lib/kolla/venv/lib/python3.12/site-packages/urllib3/connectionpool.py:1110: InsecureRequestWarning: Unverified HTTPS request is being made to host '[LB_IP_ADDRESS]'. Adding certificate verification is strongly advised. See: https://urllib3.readthedocs.io/en/latest/advanced-usage.html#tls-warnings
  warnings.warn(

2026-09-01 10:00:11.205 87 INFO cinder.volume.drivers.lightos [None req-4e54a4a3-437d-43cc-adcc-f429d754f9d1 9be85cb3db9a4f33be942059a18915a8 6cfdb80612b04783be1b74977bbb58d5 - - - -] Invoking get_volume_by_name using GET url: /api/v2/projects/default/volumes/?name=vol_66199dbf-e2c9-4359-a5c2-77f33860cea3             request.body: {} ssl_verify: False
2026-09-01 10:00:11.288 87 WARNING py.warnings [None req-4e54a4a3-437d-43cc-adcc-f429d754f9d1 9be85cb3db9a4f33be942059a18915a8 6cfdb80612b04783be1b74977bbb58d5 - - - -] /var/lib/kolla/venv/lib/python3.12/site-packages/urllib3/connectionpool.py:1110: InsecureRequestWarning: Unverified HTTPS request is being made to host '[LB_IP_ADDRESS]'. Adding certificate verification is strongly advised. See: https://urllib3.readthedocs.io/en/latest/advanced-usage.html#tls-warnings
  warnings.warn(

2026-09-01 10:00:11.300 87 INFO cinder.volume.drivers.lightos [None req-4e54a4a3-437d-43cc-adcc-f429d754f9d1 9be85cb3db9a4f33be942059a18915a8 6cfdb80612b04783be1b74977bbb58d5 - - - -] Invoking create_volume using POST url: /api/v2/projects/default/volumes             request.body: {'name': 'vol_66199dbf-e2c9-4359-a5c2-77f33860cea3', 'size': '1 gib', 'replicaCount': '3', 'compression': 'False', 'acl': {'values': ['ALLOW_NONE']}, 'IPAcl': {'values': ['ALLOW_NONE']}, 'sourceSnapshotUUID': None, 'sourceSnapshotName': 'for_clone_66199dbf-e2c9-4359-a5c2-77f33860cea3'} ssl_verify: False
2026-09-01 10:00:11.385 87 WARNING py.warnings [None req-4e54a4a3-437d-43cc-adcc-f429d754f9d1 9be85cb3db9a4f33be942059a18915a8 6cfdb80612b04783be1b74977bbb58d5 - - - -] /var/lib/kolla/venv/lib/python3.12/site-packages/urllib3/connectionpool.py:1110: InsecureRequestWarning: Unverified HTTPS request is being made to host '[LB_IP_ADDRESS]'. Adding certificate verification is strongly advised. See: https://urllib3.readthedocs.io/en/latest/advanced-usage.html#tls-warnings
  warnings.warn(

2026-09-01 10:00:11.409 87 INFO cinder.volume.drivers.lightos [None req-4e54a4a3-437d-43cc-adcc-f429d754f9d1 9be85cb3db9a4f33be942059a18915a8 6cfdb80612b04783be1b74977bbb58d5 - - - -] Invoking get_volume using GET url: /api/v2/projects/default/volumes/197b6c13-ea90-462b-9570-dcf9bede462d             request.body: {} ssl_verify: False
2026-09-01 10:00:11.493 87 WARNING py.warnings [None req-4e54a4a3-437d-43cc-adcc-f429d754f9d1 9be85cb3db9a4f33be942059a18915a8 6cfdb80612b04783be1b74977bbb58d5 - - - -] /var/lib/kolla/venv/lib/python3.12/site-packages/urllib3/connectionpool.py:1110: InsecureRequestWarning: Unverified HTTPS request is being made to host '[LB_IP_ADDRESS]'. Adding certificate verification is strongly advised. See: https://urllib3.readthedocs.io/en/latest/advanced-usage.html#tls-warnings
  warnings.warn(

2026-09-01 10:00:11.506 87 INFO cinder.volume.drivers.lightos [None req-4e54a4a3-437d-43cc-adcc-f429d754f9d1 9be85cb3db9a4f33be942059a18915a8 6cfdb80612b04783be1b74977bbb58d5 - - - -] Invoking get_snapshot_by_name using GET url: /api/v2/projects/default/snapshots/?Name=for_clone_66199dbf-e2c9-4359-a5c2-77f33860cea3             request.body: {} ssl_verify: False
2026-09-01 10:00:11.589 87 WARNING py.warnings [None req-4e54a4a3-437d-43cc-adcc-f429d754f9d1 9be85cb3db9a4f33be942059a18915a8 6cfdb80612b04783be1b74977bbb58d5 - - - -] /var/lib/kolla/venv/lib/python3.12/site-packages/urllib3/connectionpool.py:1110: InsecureRequestWarning: Unverified HTTPS request is being made to host '[LB_IP_ADDRESS]'. Adding certificate verification is strongly advised. See: https://urllib3.readthedocs.io/en/latest/advanced-usage.html#tls-warnings
  warnings.warn(

2026-09-01 10:00:11.599 87 INFO cinder.volume.drivers.lightos [None req-4e54a4a3-437d-43cc-adcc-f429d754f9d1 9be85cb3db9a4f33be942059a18915a8 6cfdb80612b04783be1b74977bbb58d5 - - - -] Invoking delete_snapshot using DELETE url: /api/v2/projects/default/snapshots/4f230573-a6df-4f07-8757-b3ab14d5e4b7?             request.body:  ssl_verify: False
2026-09-01 10:00:11.683 87 WARNING py.warnings [None req-4e54a4a3-437d-43cc-adcc-f429d754f9d1 9be85cb3db9a4f33be942059a18915a8 6cfdb80612b04783be1b74977bbb58d5 - - - -] /var/lib/kolla/venv/lib/python3.12/site-packages/urllib3/connectionpool.py:1110: InsecureRequestWarning: Unverified HTTPS request is being made to host '[LB_IP_ADDRESS]'. Adding certificate verification is strongly advised. See: https://urllib3.readthedocs.io/en/latest/advanced-usage.html#tls-warnings
  warnings.warn(

2026-09-01 10:00:11.711 87 INFO cinder.volume.drivers.lightos [None req-4e54a4a3-437d-43cc-adcc-f429d754f9d1 9be85cb3db9a4f33be942059a18915a8 6cfdb80612b04783be1b74977bbb58d5 - - - -] Invoking get_snapshot using GET url: /api/v2/projects/default/snapshots/4f230573-a6df-4f07-8757-b3ab14d5e4b7             request.body: {} ssl_verify: False
2026-09-01 10:00:11.796 87 WARNING py.warnings [None req-4e54a4a3-437d-43cc-adcc-f429d754f9d1 9be85cb3db9a4f33be942059a18915a8 6cfdb80612b04783be1b74977bbb58d5 - - - -] /var/lib/kolla/venv/lib/python3.12/site-packages/urllib3/connectionpool.py:1110: InsecureRequestWarning: Unverified HTTPS request is being made to host '[LB_IP_ADDRESS]'. Adding certificate verification is strongly advised. See: https://urllib3.readthedocs.io/en/latest/advanced-usage.html#tls-warnings
  warnings.warn(

2026-09-01 10:00:11.837 87 INFO cinder.volume.flows.manager.create_volume [None req-4e54a4a3-437d-43cc-adcc-f429d754f9d1 9be85cb3db9a4f33be942059a18915a8 6cfdb80612b04783be1b74977bbb58d5 - - - -] Volume vol_66199dbf-e2c9-4359-a5c2-77f33860cea3 (66199dbf-e2c9-4359-a5c2-77f33860cea3): created successfully
2026-09-01 10:00:11.851 87 INFO cinder.volume.manager [None req-4e54a4a3-437d-43cc-adcc-f429d754f9d1 9be85cb3db9a4f33be942059a18915a8 6cfdb80612b04783be1b74977bbb58d5 - - - -] Created volume successfully.
2026-09-01 10:00:12.017 87 INFO cinder.volume.drivers.lightos [None req-0b2e0c92-9126-4660-b6d0-2361bfc05ac0 2a0755933ec74867a39b4451f1c48dd8 270e879b8e1a4ea69158b49e149672eb - - - -] Invoking get_snapshot_by_name using GET url: /api/v2/projects/default/snapshots/?Name=snapshot-191cd727-a6dc-4c83-ba85-2ea6cbc5cad1             request.body: {} ssl_verify: False
2026-09-01 10:00:12.101 87 WARNING py.warnings [None req-0b2e0c92-9126-4660-b6d0-2361bfc05ac0 2a0755933ec74867a39b4451f1c48dd8 270e879b8e1a4ea69158b49e149672eb - - - -] /var/lib/kolla/venv/lib/python3.12/site-packages/urllib3/connectionpool.py:1110: InsecureRequestWarning: Unverified HTTPS request is being made to host '[LB_IP_ADDRESS]'. Adding certificate verification is strongly advised. See: https://urllib3.readthedocs.io/en/latest/advanced-usage.html#tls-warnings
  warnings.warn(

2026-09-01 10:00:12.111 87 INFO cinder.volume.drivers.lightos [None req-0b2e0c92-9126-4660-b6d0-2361bfc05ac0 2a0755933ec74867a39b4451f1c48dd8 270e879b8e1a4ea69158b49e149672eb - - - -] Invoking create_snapshot using POST url: /api/v2/projects/default/snapshots             request.body: {'name': 'snapshot-191cd727-a6dc-4c83-ba85-2ea6cbc5cad1', 'sourceVolumeUUID': None, 'sourceVolumeName': 'vol_045e12c6-e21e-4f9d-ae8e-749fb57a174e'} ssl_verify: False
2026-09-01 10:00:12.194 87 WARNING py.warnings [None req-0b2e0c92-9126-4660-b6d0-2361bfc05ac0 2a0755933ec74867a39b4451f1c48dd8 270e879b8e1a4ea69158b49e149672eb - - - -] /var/lib/kolla/venv/lib/python3.12/site-packages/urllib3/connectionpool.py:1110: InsecureRequestWarning: Unverified HTTPS request is being made to host '[LB_IP_ADDRESS]'. Adding certificate verification is strongly advised. See: https://urllib3.readthedocs.io/en/latest/advanced-usage.html#tls-warnings
  warnings.warn(

2026-09-01 10:00:12.229 87 INFO cinder.volume.drivers.lightos [None req-0b2e0c92-9126-4660-b6d0-2361bfc05ac0 2a0755933ec74867a39b4451f1c48dd8 270e879b8e1a4ea69158b49e149672eb - - - -] Invoking get_snapshot_by_name using GET url: /api/v2/projects/default/snapshots/?Name=snapshot-191cd727-a6dc-4c83-ba85-2ea6cbc5cad1             request.body: {} ssl_verify: False
2026-09-01 10:00:12.313 87 WARNING py.warnings [None req-0b2e0c92-9126-4660-b6d0-2361bfc05ac0 2a0755933ec74867a39b4451f1c48dd8 270e879b8e1a4ea69158b49e149672eb - - - -] /var/lib/kolla/venv/lib/python3.12/site-packages/urllib3/connectionpool.py:1110: InsecureRequestWarning: Unverified HTTPS request is being made to host '[LB_IP_ADDRESS]'. Adding certificate verification is strongly advised. See: https://urllib3.readthedocs.io/en/latest/advanced-usage.html#tls-warnings
  warnings.warn(

2026-09-01 10:00:13.339 87 INFO cinder.volume.drivers.lightos [None req-0b2e0c92-9126-4660-b6d0-2361bfc05ac0 2a0755933ec74867a39b4451f1c48dd8 270e879b8e1a4ea69158b49e149672eb - - - -] Invoking get_snapshot_by_name using GET url: /api/v2/projects/default/snapshots/?Name=snapshot-191cd727-a6dc-4c83-ba85-2ea6cbc5cad1             request.body: {} ssl_verify: False
2026-09-01 10:00:13.423 87 WARNING py.warnings [None req-0b2e0c92-9126-4660-b6d0-2361bfc05ac0 2a0755933ec74867a39b4451f1c48dd8 270e879b8e1a4ea69158b49e149672eb - - - -] /var/lib/kolla/venv/lib/python3.12/site-packages/urllib3/connectionpool.py:1110: InsecureRequestWarning: Unverified HTTPS request is being made to host '[LB_IP_ADDRESS]'. Adding certificate verification is strongly advised. See: https://urllib3.readthedocs.io/en/latest/advanced-usage.html#tls-warnings
  warnings.warn(

2026-09-01 10:00:13.459 87 INFO cinder.volume.manager [None req-0b2e0c92-9126-4660-b6d0-2361bfc05ac0 2a0755933ec74867a39b4451f1c48dd8 270e879b8e1a4ea69158b49e149672eb - - - -] Create snapshot completed successfully
2026-09-01 10:00:13.658 87 INFO cinder.volume.flows.manager.create_volume [None req-ebd0baf7-38a5-4c5b-96a3-81b6462a61cc 9be85cb3db9a4f33be942059a18915a8 6cfdb80612b04783be1b74977bbb58d5 - - - -] Volume f9868532-39b4-4e56-8fc5-d7c3cf722560: being created as raw with specification: {'status': 'creating', 'volume_name': 'vol_f9868532-39b4-4e56-8fc5-d7c3cf722560', 'volume_size': 1}
2026-09-01 10:00:13.659 87 INFO cinder.volume.drivers.lightos [None req-ebd0baf7-38a5-4c5b-96a3-81b6462a61cc 9be85cb3db9a4f33be942059a18915a8 6cfdb80612b04783be1b74977bbb58d5 - - - -] Invoking get_volume_by_name using GET url: /api/v2/projects/default/volumes/?name=vol_f9868532-39b4-4e56-8fc5-d7c3cf722560             request.body: {} ssl_verify: False
2026-09-01 10:00:13.743 87 WARNING py.warnings [None req-ebd0baf7-38a5-4c5b-96a3-81b6462a61cc 9be85cb3db9a4f33be942059a18915a8 6cfdb80612b04783be1b74977bbb58d5 - - - -] /var/lib/kolla/venv/lib/python3.12/site-packages/urllib3/connectionpool.py:1110: InsecureRequestWarning: Unverified HTTPS request is being made to host '[LB_IP_ADDRESS]'. Adding certificate verification is strongly advised. See: https://urllib3.readthedocs.io/en/latest/advanced-usage.html#tls-warnings
  warnings.warn(

2026-09-01 10:00:13.784 87 INFO cinder.volume.drivers.lightos [None req-ebd0baf7-38a5-4c5b-96a3-81b6462a61cc 9be85cb3db9a4f33be942059a18915a8 6cfdb80612b04783be1b74977bbb58d5 - - - -] Invoking create_volume using POST url: /api/v2/projects/default/volumes             request.body: {'name': 'vol_f9868532-39b4-4e56-8fc5-d7c3cf722560', 'size': '1 gib', 'replicaCount': '3', 'compression': 'False', 'acl': {'values': ['ALLOW_NONE']}, 'IPAcl': {'values': ['ALLOW_NONE']}, 'sourceSnapshotUUID': None, 'sourceSnapshotName': None} ssl_verify: False
2026-09-01 10:00:13.868 87 WARNING py.warnings [None req-ebd0baf7-38a5-4c5b-96a3-81b6462a61cc 9be85cb3db9a4f33be942059a18915a8 6cfdb80612b04783be1b74977bbb58d5 - - - -] /var/lib/kolla/venv/lib/python3.12/site-packages/urllib3/connectionpool.py:1110: InsecureRequestWarning: Unverified HTTPS request is being made to host '[LB_IP_ADDRESS]'. Adding certificate verification is strongly advised. See: https://urllib3.readthedocs.io/en/latest/advanced-usage.html#tls-warnings
  warnings.warn(

2026-09-01 10:00:13.901 87 INFO cinder.volume.drivers.lightos [None req-ebd0baf7-38a5-4c5b-96a3-81b6462a61cc 9be85cb3db9a4f33be942059a18915a8 6cfdb80612b04783be1b74977bbb58d5 - - - -] Invoking get_volume using GET url: /api/v2/projects/default/volumes/d9cff6cd-0a91-4c20-b4e8-04a40ab0d0cf             request.body: {} ssl_verify: False
2026-09-01 10:00:13.986 87 WARNING py.warnings [None req-ebd0baf7-38a5-4c5b-96a3-81b6462a61cc 9be85cb3db9a4f33be942059a18915a8 6cfdb80612b04783be1b74977bbb58d5 - - - -] /var/lib/kolla/venv/lib/python3.12/site-packages/urllib3/connectionpool.py:1110: InsecureRequestWarning: Unverified HTTPS request is being made to host '[LB_IP_ADDRESS]'. Adding certificate verification is strongly advised. See: https://urllib3.readthedocs.io/en/latest/advanced-usage.html#tls-warnings
  warnings.warn(

2026-09-01 10:00:14.362 87 INFO cinder.volume.drivers.lightos [None req-b15cb15e-6baa-4bdf-9681-511131b37694 2a0755933ec74867a39b4451f1c48dd8 270e879b8e1a4ea69158b49e149672eb - - - -] Invoking get_volume_by_name using GET url: /api/v2/projects/default/volumes/?name=vol_045e12c6-e21e-4f9d-ae8e-749fb57a174e             request.body: {} ssl_verify: False
2026-09-01 10:00:14.449 87 WARNING py.warnings [None req-b15cb15e-6baa-4bdf-9681-511131b37694 2a0755933ec74867a39b4451f1c48dd8 270e879b8e1a4ea69158b49e149672eb - - - -] /var/lib/kolla/venv/lib/python3.12/site-packages/urllib3/connectionpool.py:1110: InsecureRequestWarning: Unverified HTTPS request is being made to host '[LB_IP_ADDRESS]'. Adding certificate verification is strongly advised. See: https://urllib3.readthedocs.io/en/latest/advanced-usage.html#tls-warnings
  warnings.warn(

2026-09-01 10:00:14.465 87 INFO cinder.volume.drivers.lightos [None req-b15cb15e-6baa-4bdf-9681-511131b37694 2a0755933ec74867a39b4451f1c48dd8 270e879b8e1a4ea69158b49e149672eb - - - -] Invoking extend_volume using PUT url: /api/v2/projects/default/volumes/f8ee385e-b10b-425b-911f-def353240145             request.body: {'UUID': 'f8ee385e-b10b-425b-911f-def353240145', 'size': '2 gib'} ssl_verify: False
2026-09-01 10:00:14.550 87 WARNING py.warnings [None req-b15cb15e-6baa-4bdf-9681-511131b37694 2a0755933ec74867a39b4451f1c48dd8 270e879b8e1a4ea69158b49e149672eb - - - -] /var/lib/kolla/venv/lib/python3.12/site-packages/urllib3/connectionpool.py:1110: InsecureRequestWarning: Unverified HTTPS request is being made to host '[LB_IP_ADDRESS]'. Adding certificate verification is strongly advised. See: https://urllib3.readthedocs.io/en/latest/advanced-usage.html#tls-warnings
  warnings.warn(

2026-09-01 10:00:14.663 87 INFO cinder.volume.flows.manager.create_volume [None req-3168cb37-a220-47f2-80ab-53cf8b06a5ef e109df7a6db14c29b1c35990ccafd23c b6119f987b2c46ab925672a1827856e2 - - - -] Volume 2ba9ac03-1ddb-4c04-b31b-3b0e9ba4c620: being created as raw with specification: {'status': 'creating', 'volume_name': 'vol_2ba9ac03-1ddb-4c04-b31b-3b0e9ba4c620', 'volume_size': 1}
2026-09-01 10:00:14.664 87 INFO cinder.volume.drivers.lightos [None req-3168cb37-a220-47f2-80ab-53cf8b06a5ef e109df7a6db14c29b1c35990ccafd23c b6119f987b2c46ab925672a1827856e2 - - - -] Invoking get_volume_by_name using GET url: /api/v2/projects/default/volumes/?name=vol_2ba9ac03-1ddb-4c04-b31b-3b0e9ba4c620             request.body: {} ssl_verify: False
2026-09-01 10:00:14.668 87 INFO cinder.volume.drivers.lightos [None req-b15cb15e-6baa-4bdf-9681-511131b37694 2a0755933ec74867a39b4451f1c48dd8 270e879b8e1a4ea69158b49e149672eb - - - -] Successfully extended volume Volume(_name_id=None,admin_metadata={},attach_status='detached',availability_zone='nova',bootable=False,cluster=<?>,cluster_name=None,consistencygroup=<?>,consistencygroup_id=None,created_at=2026-09-01T10:00:10Z,deleted=False,deleted_at=None,display_description=None,display_name='tempest-VolumesExtendTest-Volume-2008061071',ec2_id=None,encryption_key_id=None,glance_metadata={},group=<?>,group_id=None,host='rack04-server62@LIGHTOSardffj#ardffj',id=045e12c6-e21e-4f9d-ae8e-749fb57a174e,launched_at=2026-09-01T10:00:11Z,metadata={},migration_status=None,multiattach=False,previous_status='available',project_id='270e879b8e1a4ea69158b49e149672eb',provider_auth=None,provider_geometry=None,provider_id='default f8ee385e-b10b-425b-911f-def353240145',provider_location=None,replication_driver_data=None,replication_extended_status=None,replication_status=None,scheduled_at=2026-09-01T10:00:10Z,service_uuid='c21cac7d-0af9-4794-9c8f-427054766ae8',shared_targets=False,size=1,snapshot_id=None,snapshots=<?>,source_volid=None,status='extending',terminated_at=None,updated_at=2026-09-01T10:00:11Z,use_quota=True,user_id='2a0755933ec74867a39b4451f1c48dd8',volume_attachment=VolumeAttachmentList,volume_type=VolumeType(fd363014-aa30-4672-8152-2d2e0c7ae218),volume_type_id=fd363014-aa30-4672-8152-2d2e0c7ae218) project default size:2
2026-09-01 10:00:14.752 87 WARNING py.warnings [None req-3168cb37-a220-47f2-80ab-53cf8b06a5ef e109df7a6db14c29b1c35990ccafd23c b6119f987b2c46ab925672a1827856e2 - - - -] /var/lib/kolla/venv/lib/python3.12/site-packages/urllib3/connectionpool.py:1110: InsecureRequestWarning: Unverified HTTPS request is being made to host '[LB_IP_ADDRESS]'. Adding certificate verification is strongly advised. See: https://urllib3.readthedocs.io/en/latest/advanced-usage.html#tls-warnings
  warnings.warn(

2026-09-01 10:00:14.762 87 INFO cinder.volume.drivers.lightos [None req-3168cb37-a220-47f2-80ab-53cf8b06a5ef e109df7a6db14c29b1c35990ccafd23c b6119f987b2c46ab925672a1827856e2 - - - -] Invoking create_volume using POST url: /api/v2/projects/default/volumes             request.body: {'name': 'vol_2ba9ac03-1ddb-4c04-b31b-3b0e9ba4c620', 'size': '1 gib', 'replicaCount': '3', 'compression': 'False', 'acl': {'values': ['ALLOW_NONE']}, 'IPAcl': {'values': ['ALLOW_NONE']}, 'sourceSnapshotUUID': None, 'sourceSnapshotName': None} ssl_verify: False
2026-09-01 10:00:14.848 87 WARNING py.warnings [None req-3168cb37-a220-47f2-80ab-53cf8b06a5ef e109df7a6db14c29b1c35990ccafd23c b6119f987b2c46ab925672a1827856e2 - - - -] /var/lib/kolla/venv/lib/python3.12/site-packages/urllib3/connectionpool.py:1110: InsecureRequestWarning: Unverified HTTPS request is being made to host '[LB_IP_ADDRESS]'. Adding certificate verification is strongly advised. See: https://urllib3.readthedocs.io/en/latest/advanced-usage.html#tls-warnings
  warnings.warn(

2026-09-01 10:00:14.856 87 INFO cinder.volume.manager [None req-b15cb15e-6baa-4bdf-9681-511131b37694 2a0755933ec74867a39b4451f1c48dd8 270e879b8e1a4ea69158b49e149672eb - - - -] Extend volume completed successfully.
2026-09-01 10:00:14.878 87 INFO cinder.volume.drivers.lightos [None req-3168cb37-a220-47f2-80ab-53cf8b06a5ef e109df7a6db14c29b1c35990ccafd23c b6119f987b2c46ab925672a1827856e2 - - - -] Invoking get_volume using GET url: /api/v2/projects/default/volumes/4bc722bb-ecf2-469a-90a2-c26b4977d49f             request.body: {} ssl_verify: False
2026-09-01 10:00:14.960 87 WARNING py.warnings [None req-3168cb37-a220-47f2-80ab-53cf8b06a5ef e109df7a6db14c29b1c35990ccafd23c b6119f987b2c46ab925672a1827856e2 - - - -] /var/lib/kolla/venv/lib/python3.12/site-packages/urllib3/connectionpool.py:1110: InsecureRequestWarning: Unverified HTTPS request is being made to host '[LB_IP_ADDRESS]'. Adding certificate verification is strongly advised. See: https://urllib3.readthedocs.io/en/latest/advanced-usage.html#tls-warnings
  warnings.warn(

2026-09-01 10:00:14.996 87 INFO cinder.volume.flows.manager.create_volume [None req-3168cb37-a220-47f2-80ab-53cf8b06a5ef e109df7a6db14c29b1c35990ccafd23c b6119f987b2c46ab925672a1827856e2 - - - -] Volume vol_2ba9ac03-1ddb-4c04-b31b-3b0e9ba4c620 (2ba9ac03-1ddb-4c04-b31b-3b0e9ba4c620): created successfully
2026-09-01 10:00:15.005 87 INFO cinder.volume.drivers.lightos [None req-ebd0baf7-38a5-4c5b-96a3-81b6462a61cc 9be85cb3db9a4f33be942059a18915a8 6cfdb80612b04783be1b74977bbb58d5 - - - -] Invoking get_volume using GET url: /api/v2/projects/default/volumes/d9cff6cd-0a91-4c20-b4e8-04a40ab0d0cf             request.body: {} ssl_verify: False
2026-09-01 10:00:15.084 87 INFO cinder.volume.manager [None req-3168cb37-a220-47f2-80ab-53cf8b06a5ef e109df7a6db14c29b1c35990ccafd23c b6119f987b2c46ab925672a1827856e2 - - - -] Created volume successfully.
2026-09-01 10:00:15.090 87 WARNING py.warnings [None req-ebd0baf7-38a5-4c5b-96a3-81b6462a61cc 9be85cb3db9a4f33be942059a18915a8 6cfdb80612b04783be1b74977bbb58d5 - - - -] /var/lib/kolla/venv/lib/python3.12/site-packages/urllib3/connectionpool.py:1110: InsecureRequestWarning: Unverified HTTPS request is being made to host '[LB_IP_ADDRESS]'. Adding certificate verification is strongly advised. See: https://urllib3.readthedocs.io/en/latest/advanced-usage.html#tls-warnings
  warnings.warn(

2026-09-01 10:00:15.122 87 INFO cinder.volume.flows.manager.create_volume [None req-ebd0baf7-38a5-4c5b-96a3-81b6462a61cc 9be85cb3db9a4f33be942059a18915a8 6cfdb80612b04783be1b74977bbb58d5 - - - -] Volume vol_f9868532-39b4-4e56-8fc5-d7c3cf722560 (f9868532-39b4-4e56-8fc5-d7c3cf722560): created successfully
2026-09-01 10:00:15.136 87 INFO cinder.volume.manager [None req-ebd0baf7-38a5-4c5b-96a3-81b6462a61cc 9be85cb3db9a4f33be942059a18915a8 6cfdb80612b04783be1b74977bbb58d5 - - - -] Created volume successfully.
2026-09-01 10:00:15.543 87 INFO cinder.volume.drivers.lightos [None req-07fb17e1-5137-4535-92af-611a16a1b67f 2a0755933ec74867a39b4451f1c48dd8 270e879b8e1a4ea69158b49e149672eb - - - -] Invoking get_snapshot_by_name using GET url: /api/v2/projects/default/snapshots/?Name=snapshot-191cd727-a6dc-4c83-ba85-2ea6cbc5cad1             request.body: {} ssl_verify: False
2026-09-01 10:00:15.627 87 WARNING py.warnings [None req-07fb17e1-5137-4535-92af-611a16a1b67f 2a0755933ec74867a39b4451f1c48dd8 270e879b8e1a4ea69158b49e149672eb - - - -] /var/lib/kolla/venv/lib/python3.12/site-packages/urllib3/connectionpool.py:1110: InsecureRequestWarning: Unverified HTTPS request is being made to host '[LB_IP_ADDRESS]'. Adding certificate verification is strongly advised. See: https://urllib3.readthedocs.io/en/latest/advanced-usage.html#tls-warnings
  warnings.warn(

2026-09-01 10:00:15.638 87 INFO cinder.volume.drivers.lightos [None req-07fb17e1-5137-4535-92af-611a16a1b67f 2a0755933ec74867a39b4451f1c48dd8 270e879b8e1a4ea69158b49e149672eb - - - -] Invoking delete_snapshot using DELETE url: /api/v2/projects/default/snapshots/a93a21fd-6704-4231-ae81-f0cdc6065cee?             request.body:  ssl_verify: False
2026-09-01 10:00:15.723 87 WARNING py.warnings [None req-07fb17e1-5137-4535-92af-611a16a1b67f 2a0755933ec74867a39b4451f1c48dd8 270e879b8e1a4ea69158b49e149672eb - - - -] /var/lib/kolla/venv/lib/python3.12/site-packages/urllib3/connectionpool.py:1110: InsecureRequestWarning: Unverified HTTPS request is being made to host '[LB_IP_ADDRESS]'. Adding certificate verification is strongly advised. See: https://urllib3.readthedocs.io/en/latest/advanced-usage.html#tls-warnings
  warnings.warn(

2026-09-01 10:00:15.748 87 INFO cinder.volume.drivers.lightos [None req-07fb17e1-5137-4535-92af-611a16a1b67f 2a0755933ec74867a39b4451f1c48dd8 270e879b8e1a4ea69158b49e149672eb - - - -] Invoking get_snapshot using GET url: /api/v2/projects/default/snapshots/a93a21fd-6704-4231-ae81-f0cdc6065cee             request.body: {} ssl_verify: False
2026-09-01 10:00:15.831 87 WARNING py.warnings [None req-07fb17e1-5137-4535-92af-611a16a1b67f 2a0755933ec74867a39b4451f1c48dd8 270e879b8e1a4ea69158b49e149672eb - - - -] /var/lib/kolla/venv/lib/python3.12/site-packages/urllib3/connectionpool.py:1110: InsecureRequestWarning: Unverified HTTPS request is being made to host '[LB_IP_ADDRESS]'. Adding certificate verification is strongly advised. See: https://urllib3.readthedocs.io/en/latest/advanced-usage.html#tls-warnings
  warnings.warn(

2026-09-01 10:00:15.866 87 INFO cinder.volume.drivers.lightos [None req-5713a3f7-cb56-4073-af34-17a6f0aeba76 9be85cb3db9a4f33be942059a18915a8 6cfdb80612b04783be1b74977bbb58d5 - - - -] Invoking delete_volume using DELETE url: /api/v2/projects/default/volumes/d9cff6cd-0a91-4c20-b4e8-04a40ab0d0cf?             request.body:  ssl_verify: False
2026-09-01 10:00:15.952 87 WARNING py.warnings [None req-5713a3f7-cb56-4073-af34-17a6f0aeba76 9be85cb3db9a4f33be942059a18915a8 6cfdb80612b04783be1b74977bbb58d5 - - - -] /var/lib/kolla/venv/lib/python3.12/site-packages/urllib3/connectionpool.py:1110: InsecureRequestWarning: Unverified HTTPS request is being made to host '[LB_IP_ADDRESS]'. Adding certificate verification is strongly advised. See: https://urllib3.readthedocs.io/en/latest/advanced-usage.html#tls-warnings
  warnings.warn(

2026-09-01 10:00:15.984 87 INFO cinder.volume.drivers.lightos [None req-5713a3f7-cb56-4073-af34-17a6f0aeba76 9be85cb3db9a4f33be942059a18915a8 6cfdb80612b04783be1b74977bbb58d5 - - - -] Invoking get_volume using GET url: /api/v2/projects/default/volumes/d9cff6cd-0a91-4c20-b4e8-04a40ab0d0cf             request.body: {} ssl_verify: False
2026-09-01 10:00:16.069 87 WARNING py.warnings [None req-5713a3f7-cb56-4073-af34-17a6f0aeba76 9be85cb3db9a4f33be942059a18915a8 6cfdb80612b04783be1b74977bbb58d5 - - - -] /var/lib/kolla/venv/lib/python3.12/site-packages/urllib3/connectionpool.py:1110: InsecureRequestWarning: Unverified HTTPS request is being made to host '[LB_IP_ADDRESS]'. Adding certificate verification is strongly advised. See: https://urllib3.readthedocs.io/en/latest/advanced-usage.html#tls-warnings
  warnings.warn(

2026-09-01 10:00:16.235 87 INFO cinder.volume.manager [None req-07fb17e1-5137-4535-92af-611a16a1b67f 2a0755933ec74867a39b4451f1c48dd8 270e879b8e1a4ea69158b49e149672eb - - - -] Delete snapshot completed successfully.
2026-09-01 10:00:16.406 87 INFO cinder.volume.manager [None req-5713a3f7-cb56-4073-af34-17a6f0aeba76 9be85cb3db9a4f33be942059a18915a8 6cfdb80612b04783be1b74977bbb58d5 - - - -] Deleted volume successfully.
2026-09-01 10:00:16.723 87 INFO cinder.volume.drivers.lightos [None req-474dd36c-da4f-4b0d-b2a7-9d0a1ad1270c 2a0755933ec74867a39b4451f1c48dd8 270e879b8e1a4ea69158b49e149672eb - - - -] Invoking delete_volume using DELETE url: /api/v2/projects/default/volumes/f8ee385e-b10b-425b-911f-def353240145?             request.body:  ssl_verify: False
2026-09-01 10:00:16.809 87 WARNING py.warnings [None req-474dd36c-da4f-4b0d-b2a7-9d0a1ad1270c 2a0755933ec74867a39b4451f1c48dd8 270e879b8e1a4ea69158b49e149672eb - - - -] /var/lib/kolla/venv/lib/python3.12/site-packages/urllib3/connectionpool.py:1110: InsecureRequestWarning: Unverified HTTPS request is being made to host '[LB_IP_ADDRESS]'. Adding certificate verification is strongly advised. See: https://urllib3.readthedocs.io/en/latest/advanced-usage.html#tls-warnings
  warnings.warn(

2026-09-01 10:00:16.836 87 INFO cinder.volume.drivers.lightos [None req-474dd36c-da4f-4b0d-b2a7-9d0a1ad1270c 2a0755933ec74867a39b4451f1c48dd8 270e879b8e1a4ea69158b49e149672eb - - - -] Invoking get_volume using GET url: /api/v2/projects/default/volumes/f8ee385e-b10b-425b-911f-def353240145             request.body: {} ssl_verify: False
2026-09-01 10:00:16.930 87 WARNING py.warnings [None req-474dd36c-da4f-4b0d-b2a7-9d0a1ad1270c 2a0755933ec74867a39b4451f1c48dd8 270e879b8e1a4ea69158b49e149672eb - - - -] /var/lib/kolla/venv/lib/python3.12/site-packages/urllib3/connectionpool.py:1110: InsecureRequestWarning: Unverified HTTPS request is being made to host '[LB_IP_ADDRESS]'. Adding certificate verification is strongly advised. See: https://urllib3.readthedocs.io/en/latest/advanced-usage.html#tls-warnings
  warnings.warn(

2026-09-01 10:00:16.932 87 INFO cinder.volume.manager [None req-a731640e-0b48-4217-9cba-ce9aaeb6572c 54b1c3ae44a04bd5ba1607717a821569 5bb6a63cb0e647388b2120c407523463 - - - -] Transfer volume completed successfully.
2026-09-01 10:00:16.963 87 INFO cinder.volume.drivers.lightos [None req-ad66c354-b80d-479e-b211-aa14dcea6d51 9be85cb3db9a4f33be942059a18915a8 6cfdb80612b04783be1b74977bbb58d5 - - - -] Invoking delete_volume using DELETE url: /api/v2/projects/default/volumes/197b6c13-ea90-462b-9570-dcf9bede462d?             request.body:  ssl_verify: False
2026-09-01 10:00:17.047 87 WARNING py.warnings [None req-ad66c354-b80d-479e-b211-aa14dcea6d51 9be85cb3db9a4f33be942059a18915a8 6cfdb80612b04783be1b74977bbb58d5 - - - -] /var/lib/kolla/venv/lib/python3.12/site-packages/urllib3/connectionpool.py:1110: InsecureRequestWarning: Unverified HTTPS request is being made to host '[LB_IP_ADDRESS]'. Adding certificate verification is strongly advised. See: https://urllib3.readthedocs.io/en/latest/advanced-usage.html#tls-warnings
  warnings.warn(

2026-09-01 10:00:17.076 87 INFO cinder.volume.drivers.lightos [None req-ad66c354-b80d-479e-b211-aa14dcea6d51 9be85cb3db9a4f33be942059a18915a8 6cfdb80612b04783be1b74977bbb58d5 - - - -] Invoking get_volume using GET url: /api/v2/projects/default/volumes/197b6c13-ea90-462b-9570-dcf9bede462d             request.body: {} ssl_verify: False
2026-09-01 10:00:17.281 87 WARNING py.warnings [None req-ad66c354-b80d-479e-b211-aa14dcea6d51 9be85cb3db9a4f33be942059a18915a8 6cfdb80612b04783be1b74977bbb58d5 - - - -] /var/lib/kolla/venv/lib/python3.12/site-packages/urllib3/connectionpool.py:1110: InsecureRequestWarning: Unverified HTTPS request is being made to host '[LB_IP_ADDRESS]'. Adding certificate verification is strongly advised. See: https://urllib3.readthedocs.io/en/latest/advanced-usage.html#tls-warnings
  warnings.warn(

2026-09-01 10:00:17.457 87 INFO cinder.volume.manager [None req-474dd36c-da4f-4b0d-b2a7-9d0a1ad1270c 2a0755933ec74867a39b4451f1c48dd8 270e879b8e1a4ea69158b49e149672eb - - - -] Deleted volume successfully.
2026-09-01 10:00:17.541 87 INFO cinder.volume.manager [None req-ad66c354-b80d-479e-b211-aa14dcea6d51 9be85cb3db9a4f33be942059a18915a8 6cfdb80612b04783be1b74977bbb58d5 - - - -] Deleted volume successfully.
2026-09-01 10:00:17.781 87 INFO cinder.volume.drivers.lightos [None req-906c0d02-046c-418b-9f85-10e3f1ca93cb fc1ee11cf49542808e4af7e65988e858 bf8c25351eb94cefbaa573db3eb361ad - - - -] Invoking delete_volume using DELETE url: /api/v2/projects/default/volumes/4bc722bb-ecf2-469a-90a2-c26b4977d49f?             request.body:  ssl_verify: False
2026-09-01 10:00:17.865 87 WARNING py.warnings [None req-906c0d02-046c-418b-9f85-10e3f1ca93cb fc1ee11cf49542808e4af7e65988e858 bf8c25351eb94cefbaa573db3eb361ad - - - -] /var/lib/kolla/venv/lib/python3.12/site-packages/urllib3/connectionpool.py:1110: InsecureRequestWarning: Unverified HTTPS request is being made to host '[LB_IP_ADDRESS]'. Adding certificate verification is strongly advised. See: https://urllib3.readthedocs.io/en/latest/advanced-usage.html#tls-warnings
  warnings.warn(

2026-09-01 10:00:17.891 87 INFO cinder.volume.drivers.lightos [None req-906c0d02-046c-418b-9f85-10e3f1ca93cb fc1ee11cf49542808e4af7e65988e858 bf8c25351eb94cefbaa573db3eb361ad - - - -] Invoking get_volume using GET url: /api/v2/projects/default/volumes/4bc722bb-ecf2-469a-90a2-c26b4977d49f             request.body: {} ssl_verify: False
2026-09-01 10:00:17.975 87 WARNING py.warnings [None req-906c0d02-046c-418b-9f85-10e3f1ca93cb fc1ee11cf49542808e4af7e65988e858 bf8c25351eb94cefbaa573db3eb361ad - - - -] /var/lib/kolla/venv/lib/python3.12/site-packages/urllib3/connectionpool.py:1110: InsecureRequestWarning: Unverified HTTPS request is being made to host '[LB_IP_ADDRESS]'. Adding certificate verification is strongly advised. See: https://urllib3.readthedocs.io/en/latest/advanced-usage.html#tls-warnings
  warnings.warn(

2026-09-01 10:00:18.176 87 INFO cinder.volume.drivers.lightos [None req-84e66a8f-37d1-4833-b9a3-13fd19e37ae3 9be85cb3db9a4f33be942059a18915a8 6cfdb80612b04783be1b74977bbb58d5 - - - -] Invoking delete_volume using DELETE url: /api/v2/projects/default/volumes/8de61e0b-de63-40f9-9b25-acf658b023d5?             request.body:  ssl_verify: False
2026-09-01 10:00:18.261 87 WARNING py.warnings [None req-84e66a8f-37d1-4833-b9a3-13fd19e37ae3 9be85cb3db9a4f33be942059a18915a8 6cfdb80612b04783be1b74977bbb58d5 - - - -] /var/lib/kolla/venv/lib/python3.12/site-packages/urllib3/connectionpool.py:1110: InsecureRequestWarning: Unverified HTTPS request is being made to host '[LB_IP_ADDRESS]'. Adding certificate verification is strongly advised. See: https://urllib3.readthedocs.io/en/latest/advanced-usage.html#tls-warnings
  warnings.warn(

2026-09-01 10:00:18.296 87 INFO cinder.volume.manager [None req-906c0d02-046c-418b-9f85-10e3f1ca93cb fc1ee11cf49542808e4af7e65988e858 bf8c25351eb94cefbaa573db3eb361ad - - - -] Deleted volume successfully.
2026-09-01 10:00:18.302 87 INFO cinder.volume.drivers.lightos [None req-84e66a8f-37d1-4833-b9a3-13fd19e37ae3 9be85cb3db9a4f33be942059a18915a8 6cfdb80612b04783be1b74977bbb58d5 - - - -] Invoking get_volume using GET url: /api/v2/projects/default/volumes/8de61e0b-de63-40f9-9b25-acf658b023d5             request.body: {} ssl_verify: False
2026-09-01 10:00:18.385 87 WARNING py.warnings [None req-84e66a8f-37d1-4833-b9a3-13fd19e37ae3 9be85cb3db9a4f33be942059a18915a8 6cfdb80612b04783be1b74977bbb58d5 - - - -] /var/lib/kolla/venv/lib/python3.12/site-packages/urllib3/connectionpool.py:1110: InsecureRequestWarning: Unverified HTTPS request is being made to host '[LB_IP_ADDRESS]'. Adding certificate verification is strongly advised. See: https://urllib3.readthedocs.io/en/latest/advanced-usage.html#tls-warnings
  warnings.warn(

2026-09-01 10:00:18.607 87 INFO cinder.volume.manager [None req-84e66a8f-37d1-4833-b9a3-13fd19e37ae3 9be85cb3db9a4f33be942059a18915a8 6cfdb80612b04783be1b74977bbb58d5 - - - -] Deleted volume successfully.
2026-09-01 10:00:19.835 87 INFO cinder.volume.flows.manager.create_volume [None req-e0a6069b-c392-41bf-bca7-a0e17c1e5bb2 e109df7a6db14c29b1c35990ccafd23c b6119f987b2c46ab925672a1827856e2 - - - -] Volume 40a800e7-90ff-47cd-8952-65903673c47e: being created as raw with specification: {'status': 'creating', 'volume_name': 'vol_40a800e7-90ff-47cd-8952-65903673c47e', 'volume_size': 1}
2026-09-01 10:00:19.836 87 INFO cinder.volume.drivers.lightos [None req-e0a6069b-c392-41bf-bca7-a0e17c1e5bb2 e109df7a6db14c29b1c35990ccafd23c b6119f987b2c46ab925672a1827856e2 - - - -] Invoking get_volume_by_name using GET url: /api/v2/projects/default/volumes/?name=vol_40a800e7-90ff-47cd-8952-65903673c47e             request.body: {} ssl_verify: False
2026-09-01 10:00:19.922 87 WARNING py.warnings [None req-e0a6069b-c392-41bf-bca7-a0e17c1e5bb2 e109df7a6db14c29b1c35990ccafd23c b6119f987b2c46ab925672a1827856e2 - - - -] /var/lib/kolla/venv/lib/python3.12/site-packages/urllib3/connectionpool.py:1110: InsecureRequestWarning: Unverified HTTPS request is being made to host '[LB_IP_ADDRESS]'. Adding certificate verification is strongly advised. See: https://urllib3.readthedocs.io/en/latest/advanced-usage.html#tls-warnings
  warnings.warn(

2026-09-01 10:00:19.934 87 INFO cinder.volume.drivers.lightos [None req-e0a6069b-c392-41bf-bca7-a0e17c1e5bb2 e109df7a6db14c29b1c35990ccafd23c b6119f987b2c46ab925672a1827856e2 - - - -] Invoking create_volume using POST url: /api/v2/projects/default/volumes             request.body: {'name': 'vol_40a800e7-90ff-47cd-8952-65903673c47e', 'size': '1 gib', 'replicaCount': '3', 'compression': 'False', 'acl': {'values': ['ALLOW_NONE']}, 'IPAcl': {'values': ['ALLOW_NONE']}, 'sourceSnapshotUUID': None, 'sourceSnapshotName': None} ssl_verify: False
2026-09-01 10:00:20.019 87 WARNING py.warnings [None req-e0a6069b-c392-41bf-bca7-a0e17c1e5bb2 e109df7a6db14c29b1c35990ccafd23c b6119f987b2c46ab925672a1827856e2 - - - -] /var/lib/kolla/venv/lib/python3.12/site-packages/urllib3/connectionpool.py:1110: InsecureRequestWarning: Unverified HTTPS request is being made to host '[LB_IP_ADDRESS]'. Adding certificate verification is strongly advised. See: https://urllib3.readthedocs.io/en/latest/advanced-usage.html#tls-warnings
  warnings.warn(

2026-09-01 10:00:20.055 87 INFO cinder.volume.drivers.lightos [None req-e0a6069b-c392-41bf-bca7-a0e17c1e5bb2 e109df7a6db14c29b1c35990ccafd23c b6119f987b2c46ab925672a1827856e2 - - - -] Invoking get_volume using GET url: /api/v2/projects/default/volumes/38a463e0-d120-4b28-bec3-c184cbb9e8ed             request.body: {} ssl_verify: False
2026-09-01 10:00:20.138 87 WARNING py.warnings [None req-e0a6069b-c392-41bf-bca7-a0e17c1e5bb2 e109df7a6db14c29b1c35990ccafd23c b6119f987b2c46ab925672a1827856e2 - - - -] /var/lib/kolla/venv/lib/python3.12/site-packages/urllib3/connectionpool.py:1110: InsecureRequestWarning: Unverified HTTPS request is being made to host '[LB_IP_ADDRESS]'. Adding certificate verification is strongly advised. See: https://urllib3.readthedocs.io/en/latest/advanced-usage.html#tls-warnings
  warnings.warn(

2026-09-01 10:00:21.152 87 INFO cinder.volume.drivers.lightos [None req-e0a6069b-c392-41bf-bca7-a0e17c1e5bb2 e109df7a6db14c29b1c35990ccafd23c b6119f987b2c46ab925672a1827856e2 - - - -] Invoking get_volume using GET url: /api/v2/projects/default/volumes/38a463e0-d120-4b28-bec3-c184cbb9e8ed             request.body: {} ssl_verify: False
2026-09-01 10:00:21.236 87 WARNING py.warnings [None req-e0a6069b-c392-41bf-bca7-a0e17c1e5bb2 e109df7a6db14c29b1c35990ccafd23c b6119f987b2c46ab925672a1827856e2 - - - -] /var/lib/kolla/venv/lib/python3.12/site-packages/urllib3/connectionpool.py:1110: InsecureRequestWarning: Unverified HTTPS request is being made to host '[LB_IP_ADDRESS]'. Adding certificate verification is strongly advised. See: https://urllib3.readthedocs.io/en/latest/advanced-usage.html#tls-warnings
  warnings.warn(

2026-09-01 10:00:21.273 87 INFO cinder.volume.flows.manager.create_volume [None req-e0a6069b-c392-41bf-bca7-a0e17c1e5bb2 e109df7a6db14c29b1c35990ccafd23c b6119f987b2c46ab925672a1827856e2 - - - -] Volume vol_40a800e7-90ff-47cd-8952-65903673c47e (40a800e7-90ff-47cd-8952-65903673c47e): created successfully
2026-09-01 10:00:21.287 87 INFO cinder.volume.manager [None req-e0a6069b-c392-41bf-bca7-a0e17c1e5bb2 e109df7a6db14c29b1c35990ccafd23c b6119f987b2c46ab925672a1827856e2 - - - -] Created volume successfully.
2026-09-01 10:00:22.163 87 INFO cinder.volume.drivers.lightos [None req-27a475fb-1cc2-45c6-8834-a6b3b580be1f fc1ee11cf49542808e4af7e65988e858 bf8c25351eb94cefbaa573db3eb361ad - - - -] Invoking delete_volume using DELETE url: /api/v2/projects/default/volumes/38a463e0-d120-4b28-bec3-c184cbb9e8ed?             request.body:  ssl_verify: False
2026-09-01 10:00:22.247 87 WARNING py.warnings [None req-27a475fb-1cc2-45c6-8834-a6b3b580be1f fc1ee11cf49542808e4af7e65988e858 bf8c25351eb94cefbaa573db3eb361ad - - - -] /var/lib/kolla/venv/lib/python3.12/site-packages/urllib3/connectionpool.py:1110: InsecureRequestWarning: Unverified HTTPS request is being made to host '[LB_IP_ADDRESS]'. Adding certificate verification is strongly advised. See: https://urllib3.readthedocs.io/en/latest/advanced-usage.html#tls-warnings
  warnings.warn(

2026-09-01 10:00:22.273 87 INFO cinder.volume.drivers.lightos [None req-27a475fb-1cc2-45c6-8834-a6b3b580be1f fc1ee11cf49542808e4af7e65988e858 bf8c25351eb94cefbaa573db3eb361ad - - - -] Invoking get_volume using GET url: /api/v2/projects/default/volumes/38a463e0-d120-4b28-bec3-c184cbb9e8ed             request.body: {} ssl_verify: False
2026-09-01 10:00:22.357 87 WARNING py.warnings [None req-27a475fb-1cc2-45c6-8834-a6b3b580be1f fc1ee11cf49542808e4af7e65988e858 bf8c25351eb94cefbaa573db3eb361ad - - - -] /var/lib/kolla/venv/lib/python3.12/site-packages/urllib3/connectionpool.py:1110: InsecureRequestWarning: Unverified HTTPS request is being made to host '[LB_IP_ADDRESS]'. Adding certificate verification is strongly advised. See: https://urllib3.readthedocs.io/en/latest/advanced-usage.html#tls-warnings
  warnings.warn(

2026-09-01 10:00:22.602 87 INFO cinder.volume.manager [None req-27a475fb-1cc2-45c6-8834-a6b3b580be1f fc1ee11cf49542808e4af7e65988e858 bf8c25351eb94cefbaa573db3eb361ad - - - -] Deleted volume successfully.
2026-09-01 10:00:22.892 87 INFO cinder.volume.flows.manager.create_volume [None req-44d0b9c9-1445-4ffb-a0be-3e6f81d01fc8 58cce6fd3b174f1a9eafb4ad485da3e3 4551b9972a4244e8ba861fea0acba732 - - - -] Volume 600e599f-757f-48b9-9f59-4d77e5423112: being created as raw with specification: {'status': 'creating', 'volume_name': 'vol_600e599f-757f-48b9-9f59-4d77e5423112', 'volume_size': 2}
2026-09-01 10:00:22.893 87 INFO cinder.volume.drivers.lightos [None req-44d0b9c9-1445-4ffb-a0be-3e6f81d01fc8 58cce6fd3b174f1a9eafb4ad485da3e3 4551b9972a4244e8ba861fea0acba732 - - - -] Invoking get_volume_by_name using GET url: /api/v2/projects/default/volumes/?name=vol_600e599f-757f-48b9-9f59-4d77e5423112             request.body: {} ssl_verify: False
2026-09-01 10:00:22.980 87 WARNING py.warnings [None req-44d0b9c9-1445-4ffb-a0be-3e6f81d01fc8 58cce6fd3b174f1a9eafb4ad485da3e3 4551b9972a4244e8ba861fea0acba732 - - - -] /var/lib/kolla/venv/lib/python3.12/site-packages/urllib3/connectionpool.py:1110: InsecureRequestWarning: Unverified HTTPS request is being made to host '[LB_IP_ADDRESS]'. Adding certificate verification is strongly advised. See: https://urllib3.readthedocs.io/en/latest/advanced-usage.html#tls-warnings
  warnings.warn(

2026-09-01 10:00:22.992 87 INFO cinder.volume.drivers.lightos [None req-44d0b9c9-1445-4ffb-a0be-3e6f81d01fc8 58cce6fd3b174f1a9eafb4ad485da3e3 4551b9972a4244e8ba861fea0acba732 - - - -] Invoking create_volume using POST url: /api/v2/projects/default/volumes             request.body: {'name': 'vol_600e599f-757f-48b9-9f59-4d77e5423112', 'size': '2 gib', 'replicaCount': '3', 'compression': 'False', 'acl': {'values': ['ALLOW_NONE']}, 'IPAcl': {'values': ['ALLOW_NONE']}, 'sourceSnapshotUUID': None, 'sourceSnapshotName': None} ssl_verify: False
2026-09-01 10:00:23.078 87 WARNING py.warnings [None req-44d0b9c9-1445-4ffb-a0be-3e6f81d01fc8 58cce6fd3b174f1a9eafb4ad485da3e3 4551b9972a4244e8ba861fea0acba732 - - - -] /var/lib/kolla/venv/lib/python3.12/site-packages/urllib3/connectionpool.py:1110: InsecureRequestWarning: Unverified HTTPS request is being made to host '[LB_IP_ADDRESS]'. Adding certificate verification is strongly advised. See: https://urllib3.readthedocs.io/en/latest/advanced-usage.html#tls-warnings
  warnings.warn(

2026-09-01 10:00:23.137 87 INFO cinder.volume.drivers.lightos [None req-44d0b9c9-1445-4ffb-a0be-3e6f81d01fc8 58cce6fd3b174f1a9eafb4ad485da3e3 4551b9972a4244e8ba861fea0acba732 - - - -] Invoking get_volume using GET url: /api/v2/projects/default/volumes/f7224e28-f479-468d-aa2f-eddb2bfc00c3             request.body: {} ssl_verify: False
2026-09-01 10:00:23.226 87 WARNING py.warnings [None req-44d0b9c9-1445-4ffb-a0be-3e6f81d01fc8 58cce6fd3b174f1a9eafb4ad485da3e3 4551b9972a4244e8ba861fea0acba732 - - - -] /var/lib/kolla/venv/lib/python3.12/site-packages/urllib3/connectionpool.py:1110: InsecureRequestWarning: Unverified HTTPS request is being made to host '[LB_IP_ADDRESS]'. Adding certificate verification is strongly advised. See: https://urllib3.readthedocs.io/en/latest/advanced-usage.html#tls-warnings
  warnings.warn(

2026-09-01 10:00:23.275 87 INFO cinder.volume.flows.manager.create_volume [None req-44d0b9c9-1445-4ffb-a0be-3e6f81d01fc8 58cce6fd3b174f1a9eafb4ad485da3e3 4551b9972a4244e8ba861fea0acba732 - - - -] Volume vol_600e599f-757f-48b9-9f59-4d77e5423112 (600e599f-757f-48b9-9f59-4d77e5423112): created successfully
2026-09-01 10:00:23.289 87 INFO cinder.volume.manager [None req-44d0b9c9-1445-4ffb-a0be-3e6f81d01fc8 58cce6fd3b174f1a9eafb4ad485da3e3 4551b9972a4244e8ba861fea0acba732 - - - -] Created volume successfully.
2026-09-01 10:00:23.937 87 INFO cinder.volume.flows.manager.create_volume [None req-8f9c470b-5113-4ab0-9cc4-a51907404b1e a21528a867544affa365ed3a7c48ad3c a583f328fb0e400193f8276619dac16c - - - -] Volume e36d39e0-dfd5-489b-8b45-24cd43c5f708: being created as raw with specification: {'status': 'creating', 'volume_name': 'vol_e36d39e0-dfd5-489b-8b45-24cd43c5f708', 'volume_size': 1}
2026-09-01 10:00:23.937 87 INFO cinder.volume.drivers.lightos [None req-8f9c470b-5113-4ab0-9cc4-a51907404b1e a21528a867544affa365ed3a7c48ad3c a583f328fb0e400193f8276619dac16c - - - -] Invoking get_volume_by_name using GET url: /api/v2/projects/default/volumes/?name=vol_e36d39e0-dfd5-489b-8b45-24cd43c5f708             request.body: {} ssl_verify: False
2026-09-01 10:00:24.021 87 WARNING py.warnings [None req-8f9c470b-5113-4ab0-9cc4-a51907404b1e a21528a867544affa365ed3a7c48ad3c a583f328fb0e400193f8276619dac16c - - - -] /var/lib/kolla/venv/lib/python3.12/site-packages/urllib3/connectionpool.py:1110: InsecureRequestWarning: Unverified HTTPS request is being made to host '[LB_IP_ADDRESS]'. Adding certificate verification is strongly advised. See: https://urllib3.readthedocs.io/en/latest/advanced-usage.html#tls-warnings
  warnings.warn(

2026-09-01 10:00:24.030 87 INFO cinder.volume.drivers.lightos [None req-8f9c470b-5113-4ab0-9cc4-a51907404b1e a21528a867544affa365ed3a7c48ad3c a583f328fb0e400193f8276619dac16c - - - -] Invoking create_volume using POST url: /api/v2/projects/default/volumes             request.body: {'name': 'vol_e36d39e0-dfd5-489b-8b45-24cd43c5f708', 'size': '1 gib', 'replicaCount': '3', 'compression': 'False', 'acl': {'values': ['ALLOW_NONE']}, 'IPAcl': {'values': ['ALLOW_NONE']}, 'sourceSnapshotUUID': None, 'sourceSnapshotName': None} ssl_verify: False
2026-09-01 10:00:24.113 87 WARNING py.warnings [None req-8f9c470b-5113-4ab0-9cc4-a51907404b1e a21528a867544affa365ed3a7c48ad3c a583f328fb0e400193f8276619dac16c - - - -] /var/lib/kolla/venv/lib/python3.12/site-packages/urllib3/connectionpool.py:1110: InsecureRequestWarning: Unverified HTTPS request is being made to host '[LB_IP_ADDRESS]'. Adding certificate verification is strongly advised. See: https://urllib3.readthedocs.io/en/latest/advanced-usage.html#tls-warnings
  warnings.warn(

2026-09-01 10:00:24.145 87 INFO cinder.volume.drivers.lightos [None req-5fd4c7c4-13ef-45bc-ae0f-8674a67b00d6 58cce6fd3b174f1a9eafb4ad485da3e3 4551b9972a4244e8ba861fea0acba732 - - - -] Invoking get_snapshot_by_name using GET url: /api/v2/projects/default/snapshots/?Name=snapshot-254bb27a-507b-4e3c-bcd3-f93cdd7dd014             request.body: {} ssl_verify: False
2026-09-01 10:00:24.223 87 INFO cinder.volume.drivers.lightos [None req-8f9c470b-5113-4ab0-9cc4-a51907404b1e a21528a867544affa365ed3a7c48ad3c a583f328fb0e400193f8276619dac16c - - - -] Invoking get_volume using GET url: /api/v2/projects/default/volumes/2a5acd24-fcdb-4492-9340-ac1c56f4f45e             request.body: {} ssl_verify: False
2026-09-01 10:00:24.228 87 WARNING py.warnings [None req-5fd4c7c4-13ef-45bc-ae0f-8674a67b00d6 58cce6fd3b174f1a9eafb4ad485da3e3 4551b9972a4244e8ba861fea0acba732 - - - -] /var/lib/kolla/venv/lib/python3.12/site-packages/urllib3/connectionpool.py:1110: InsecureRequestWarning: Unverified HTTPS request is being made to host '[LB_IP_ADDRESS]'. Adding certificate verification is strongly advised. See: https://urllib3.readthedocs.io/en/latest/advanced-usage.html#tls-warnings
  warnings.warn(

2026-09-01 10:00:24.305 87 INFO cinder.volume.drivers.lightos [None req-5fd4c7c4-13ef-45bc-ae0f-8674a67b00d6 58cce6fd3b174f1a9eafb4ad485da3e3 4551b9972a4244e8ba861fea0acba732 - - - -] Invoking create_snapshot using POST url: /api/v2/projects/default/snapshots             request.body: {'name': 'snapshot-254bb27a-507b-4e3c-bcd3-f93cdd7dd014', 'sourceVolumeUUID': None, 'sourceVolumeName': 'vol_600e599f-757f-48b9-9f59-4d77e5423112'} ssl_verify: False
2026-09-01 10:00:24.310 87 WARNING py.warnings [None req-8f9c470b-5113-4ab0-9cc4-a51907404b1e a21528a867544affa365ed3a7c48ad3c a583f328fb0e400193f8276619dac16c - - - -] /var/lib/kolla/venv/lib/python3.12/site-packages/urllib3/connectionpool.py:1110: InsecureRequestWarning: Unverified HTTPS request is being made to host '[LB_IP_ADDRESS]'. Adding certificate verification is strongly advised. See: https://urllib3.readthedocs.io/en/latest/advanced-usage.html#tls-warnings
  warnings.warn(

2026-09-01 10:00:24.392 87 WARNING py.warnings [None req-5fd4c7c4-13ef-45bc-ae0f-8674a67b00d6 58cce6fd3b174f1a9eafb4ad485da3e3 4551b9972a4244e8ba861fea0acba732 - - - -] /var/lib/kolla/venv/lib/python3.12/site-packages/urllib3/connectionpool.py:1110: InsecureRequestWarning: Unverified HTTPS request is being made to host '[LB_IP_ADDRESS]'. Adding certificate verification is strongly advised. See: https://urllib3.readthedocs.io/en/latest/advanced-usage.html#tls-warnings
  warnings.warn(

2026-09-01 10:00:24.410 87 INFO cinder.volume.flows.manager.create_volume [None req-8f9c470b-5113-4ab0-9cc4-a51907404b1e a21528a867544affa365ed3a7c48ad3c a583f328fb0e400193f8276619dac16c - - - -] Volume vol_e36d39e0-dfd5-489b-8b45-24cd43c5f708 (e36d39e0-dfd5-489b-8b45-24cd43c5f708): created successfully
2026-09-01 10:00:24.424 87 INFO cinder.volume.drivers.lightos [None req-5fd4c7c4-13ef-45bc-ae0f-8674a67b00d6 58cce6fd3b174f1a9eafb4ad485da3e3 4551b9972a4244e8ba861fea0acba732 - - - -] Invoking get_snapshot_by_name using GET url: /api/v2/projects/default/snapshots/?Name=snapshot-254bb27a-507b-4e3c-bcd3-f93cdd7dd014             request.body: {} ssl_verify: False
2026-09-01 10:00:24.500 87 INFO cinder.volume.manager [None req-8f9c470b-5113-4ab0-9cc4-a51907404b1e a21528a867544affa365ed3a7c48ad3c a583f328fb0e400193f8276619dac16c - - - -] Created volume successfully.
2026-09-01 10:00:24.507 87 WARNING py.warnings [None req-5fd4c7c4-13ef-45bc-ae0f-8674a67b00d6 58cce6fd3b174f1a9eafb4ad485da3e3 4551b9972a4244e8ba861fea0acba732 - - - -] /var/lib/kolla/venv/lib/python3.12/site-packages/urllib3/connectionpool.py:1110: InsecureRequestWarning: Unverified HTTPS request is being made to host '[LB_IP_ADDRESS]'. Adding certificate verification is strongly advised. See: https://urllib3.readthedocs.io/en/latest/advanced-usage.html#tls-warnings
  warnings.warn(

2026-09-01 10:00:25.539 87 INFO cinder.volume.drivers.lightos [None req-5fd4c7c4-13ef-45bc-ae0f-8674a67b00d6 58cce6fd3b174f1a9eafb4ad485da3e3 4551b9972a4244e8ba861fea0acba732 - - - -] Invoking get_snapshot_by_name using GET url: /api/v2/projects/default/snapshots/?Name=snapshot-254bb27a-507b-4e3c-bcd3-f93cdd7dd014             request.body: {} ssl_verify: False
2026-09-01 10:00:25.631 87 WARNING py.warnings [None req-5fd4c7c4-13ef-45bc-ae0f-8674a67b00d6 58cce6fd3b174f1a9eafb4ad485da3e3 4551b9972a4244e8ba861fea0acba732 - - - -] /var/lib/kolla/venv/lib/python3.12/site-packages/urllib3/connectionpool.py:1110: InsecureRequestWarning: Unverified HTTPS request is being made to host '[LB_IP_ADDRESS]'. Adding certificate verification is strongly advised. See: https://urllib3.readthedocs.io/en/latest/advanced-usage.html#tls-warnings
  warnings.warn(

2026-09-01 10:00:25.706 87 INFO cinder.volume.flows.manager.create_volume [None req-ebcda295-913b-4ccc-8276-8e236a6a3686 a21528a867544affa365ed3a7c48ad3c a583f328fb0e400193f8276619dac16c - - - -] Volume da42966d-5b4d-47cb-b169-8548bb33e3ed: being created as raw with specification: {'status': 'creating', 'volume_name': 'vol_da42966d-5b4d-47cb-b169-8548bb33e3ed', 'volume_size': 1}
2026-09-01 10:00:25.706 87 INFO cinder.volume.drivers.lightos [None req-ebcda295-913b-4ccc-8276-8e236a6a3686 a21528a867544affa365ed3a7c48ad3c a583f328fb0e400193f8276619dac16c - - - -] Invoking get_volume_by_name using GET url: /api/v2/projects/default/volumes/?name=vol_da42966d-5b4d-47cb-b169-8548bb33e3ed             request.body: {} ssl_verify: False
2026-09-01 10:00:25.790 87 INFO cinder.volume.manager [None req-5fd4c7c4-13ef-45bc-ae0f-8674a67b00d6 58cce6fd3b174f1a9eafb4ad485da3e3 4551b9972a4244e8ba861fea0acba732 - - - -] Create snapshot completed successfully
2026-09-01 10:00:25.794 87 WARNING py.warnings [None req-ebcda295-913b-4ccc-8276-8e236a6a3686 a21528a867544affa365ed3a7c48ad3c a583f328fb0e400193f8276619dac16c - - - -] /var/lib/kolla/venv/lib/python3.12/site-packages/urllib3/connectionpool.py:1110: InsecureRequestWarning: Unverified HTTPS request is being made to host '[LB_IP_ADDRESS]'. Adding certificate verification is strongly advised. See: https://urllib3.readthedocs.io/en/latest/advanced-usage.html#tls-warnings
  warnings.warn(

2026-09-01 10:00:25.805 87 INFO cinder.volume.drivers.lightos [None req-ebcda295-913b-4ccc-8276-8e236a6a3686 a21528a867544affa365ed3a7c48ad3c a583f328fb0e400193f8276619dac16c - - - -] Invoking create_volume using POST url: /api/v2/projects/default/volumes             request.body: {'name': 'vol_da42966d-5b4d-47cb-b169-8548bb33e3ed', 'size': '1 gib', 'replicaCount': '3', 'compression': 'False', 'acl': {'values': ['ALLOW_NONE']}, 'IPAcl': {'values': ['ALLOW_NONE']}, 'sourceSnapshotUUID': None, 'sourceSnapshotName': None} ssl_verify: False
2026-09-01 10:00:25.890 87 WARNING py.warnings [None req-ebcda295-913b-4ccc-8276-8e236a6a3686 a21528a867544affa365ed3a7c48ad3c a583f328fb0e400193f8276619dac16c - - - -] /var/lib/kolla/venv/lib/python3.12/site-packages/urllib3/connectionpool.py:1110: InsecureRequestWarning: Unverified HTTPS request is being made to host '[LB_IP_ADDRESS]'. Adding certificate verification is strongly advised. See: https://urllib3.readthedocs.io/en/latest/advanced-usage.html#tls-warnings
  warnings.warn(

2026-09-01 10:00:25.920 87 INFO cinder.volume.drivers.lightos [None req-ebcda295-913b-4ccc-8276-8e236a6a3686 a21528a867544affa365ed3a7c48ad3c a583f328fb0e400193f8276619dac16c - - - -] Invoking get_volume using GET url: /api/v2/projects/default/volumes/99228435-020b-4020-80b3-91db8839fb9f             request.body: {} ssl_verify: False
2026-09-01 10:00:26.003 87 WARNING py.warnings [None req-ebcda295-913b-4ccc-8276-8e236a6a3686 a21528a867544affa365ed3a7c48ad3c a583f328fb0e400193f8276619dac16c - - - -] /var/lib/kolla/venv/lib/python3.12/site-packages/urllib3/connectionpool.py:1110: InsecureRequestWarning: Unverified HTTPS request is being made to host '[LB_IP_ADDRESS]'. Adding certificate verification is strongly advised. See: https://urllib3.readthedocs.io/en/latest/advanced-usage.html#tls-warnings
  warnings.warn(

2026-09-01 10:00:26.040 87 INFO cinder.volume.flows.manager.create_volume [None req-ebcda295-913b-4ccc-8276-8e236a6a3686 a21528a867544affa365ed3a7c48ad3c a583f328fb0e400193f8276619dac16c - - - -] Volume vol_da42966d-5b4d-47cb-b169-8548bb33e3ed (da42966d-5b4d-47cb-b169-8548bb33e3ed): created successfully
2026-09-01 10:00:26.053 87 INFO cinder.volume.manager [None req-ebcda295-913b-4ccc-8276-8e236a6a3686 a21528a867544affa365ed3a7c48ad3c a583f328fb0e400193f8276619dac16c - - - -] Created volume successfully.
2026-09-01 10:00:26.311 87 INFO cinder.volume.drivers.lightos [None req-f9aef3bb-c0a7-4b92-954f-729ac0f8235b 58cce6fd3b174f1a9eafb4ad485da3e3 4551b9972a4244e8ba861fea0acba732 - - - -] Invoking get_snapshot_by_name using GET url: /api/v2/projects/default/snapshots/?Name=snapshot-254bb27a-507b-4e3c-bcd3-f93cdd7dd014             request.body: {} ssl_verify: False
2026-09-01 10:00:26.393 87 WARNING py.warnings [None req-f9aef3bb-c0a7-4b92-954f-729ac0f8235b 58cce6fd3b174f1a9eafb4ad485da3e3 4551b9972a4244e8ba861fea0acba732 - - - -] /var/lib/kolla/venv/lib/python3.12/site-packages/urllib3/connectionpool.py:1110: InsecureRequestWarning: Unverified HTTPS request is being made to host '[LB_IP_ADDRESS]'. Adding certificate verification is strongly advised. See: https://urllib3.readthedocs.io/en/latest/advanced-usage.html#tls-warnings
  warnings.warn(

2026-09-01 10:00:26.403 87 INFO cinder.volume.drivers.lightos [None req-f9aef3bb-c0a7-4b92-954f-729ac0f8235b 58cce6fd3b174f1a9eafb4ad485da3e3 4551b9972a4244e8ba861fea0acba732 - - - -] Invoking delete_snapshot using DELETE url: /api/v2/projects/default/snapshots/4aaae272-2012-414c-96a4-65f6f73c1357?             request.body:  ssl_verify: False
2026-09-01 10:00:26.489 87 WARNING py.warnings [None req-f9aef3bb-c0a7-4b92-954f-729ac0f8235b 58cce6fd3b174f1a9eafb4ad485da3e3 4551b9972a4244e8ba861fea0acba732 - - - -] /var/lib/kolla/venv/lib/python3.12/site-packages/urllib3/connectionpool.py:1110: InsecureRequestWarning: Unverified HTTPS request is being made to host '[LB_IP_ADDRESS]'. Adding certificate verification is strongly advised. See: https://urllib3.readthedocs.io/en/latest/advanced-usage.html#tls-warnings
  warnings.warn(

2026-09-01 10:00:26.528 87 INFO cinder.volume.drivers.lightos [None req-f9aef3bb-c0a7-4b92-954f-729ac0f8235b 58cce6fd3b174f1a9eafb4ad485da3e3 4551b9972a4244e8ba861fea0acba732 - - - -] Invoking get_snapshot using GET url: /api/v2/projects/default/snapshots/4aaae272-2012-414c-96a4-65f6f73c1357             request.body: {} ssl_verify: False
2026-09-01 10:00:26.611 87 WARNING py.warnings [None req-f9aef3bb-c0a7-4b92-954f-729ac0f8235b 58cce6fd3b174f1a9eafb4ad485da3e3 4551b9972a4244e8ba861fea0acba732 - - - -] /var/lib/kolla/venv/lib/python3.12/site-packages/urllib3/connectionpool.py:1110: InsecureRequestWarning: Unverified HTTPS request is being made to host '[LB_IP_ADDRESS]'. Adding certificate verification is strongly advised. See: https://urllib3.readthedocs.io/en/latest/advanced-usage.html#tls-warnings
  warnings.warn(

2026-09-01 10:00:26.854 87 INFO cinder.volume.manager [None req-f9aef3bb-c0a7-4b92-954f-729ac0f8235b 58cce6fd3b174f1a9eafb4ad485da3e3 4551b9972a4244e8ba861fea0acba732 - - - -] Delete snapshot completed successfully.
2026-09-01 10:00:27.300 87 WARNING cinder.image.glance [None req-717f9847-dec0-4d5f-8f76-4435a8c99fbe b5b2047832654b0b942dd40e1f91dcf5 23303f63eb944d1882f3ee7fbe4b71a3 - - - -] Glance method get_image_locations is available but a dedicated [glance] section is required in the cinder configuration file to allow service-to-service communication.: glanceclient.exc.HTTPForbidden: HTTP 403 Forbidden: You are not authorized to complete fetch_image_location action.
2026-09-01 10:00:27.372 87 INFO cinder.volume.flows.manager.create_volume [None req-16c017ed-28d5-46bb-9d24-886ac5bd31c4 a21528a867544affa365ed3a7c48ad3c a583f328fb0e400193f8276619dac16c - - - -] Volume 2c9e58ed-ed89-4633-8aa7-9310a977ed6e: being created as raw with specification: {'status': 'creating', 'volume_name': 'vol_2c9e58ed-ed89-4633-8aa7-9310a977ed6e', 'volume_size': 1}
2026-09-01 10:00:27.373 87 INFO cinder.volume.drivers.lightos [None req-16c017ed-28d5-46bb-9d24-886ac5bd31c4 a21528a867544affa365ed3a7c48ad3c a583f328fb0e400193f8276619dac16c - - - -] Invoking get_volume_by_name using GET url: /api/v2/projects/default/volumes/?name=vol_2c9e58ed-ed89-4633-8aa7-9310a977ed6e             request.body: {} ssl_verify: False
2026-09-01 10:00:27.463 87 WARNING py.warnings [None req-16c017ed-28d5-46bb-9d24-886ac5bd31c4 a21528a867544affa365ed3a7c48ad3c a583f328fb0e400193f8276619dac16c - - - -] /var/lib/kolla/venv/lib/python3.12/site-packages/urllib3/connectionpool.py:1110: InsecureRequestWarning: Unverified HTTPS request is being made to host '[LB_IP_ADDRESS]'. Adding certificate verification is strongly advised. See: https://urllib3.readthedocs.io/en/latest/advanced-usage.html#tls-warnings
  warnings.warn(

2026-09-01 10:00:27.477 87 INFO cinder.volume.drivers.lightos [None req-16c017ed-28d5-46bb-9d24-886ac5bd31c4 a21528a867544affa365ed3a7c48ad3c a583f328fb0e400193f8276619dac16c - - - -] Invoking create_volume using POST url: /api/v2/projects/default/volumes             request.body: {'name': 'vol_2c9e58ed-ed89-4633-8aa7-9310a977ed6e', 'size': '1 gib', 'replicaCount': '3', 'compression': 'False', 'acl': {'values': ['ALLOW_NONE']}, 'IPAcl': {'values': ['ALLOW_NONE']}, 'sourceSnapshotUUID': None, 'sourceSnapshotName': None} ssl_verify: False
2026-09-01 10:00:27.496 87 INFO cinder.volume.flows.manager.create_volume [None req-717f9847-dec0-4d5f-8f76-4435a8c99fbe b5b2047832654b0b942dd40e1f91dcf5 23303f63eb944d1882f3ee7fbe4b71a3 - - - -] Volume 4ee377a7-8655-4e6e-a560-839f2012d599: being created as image with specification: {'status': 'creating', 'volume_name': 'vol_4ee377a7-8655-4e6e-a560-839f2012d599', 'volume_size': 1, 'image_id': '3930b779-469e-4faf-af16-36c2b3e38501', 'image_location': (None, []), 'image_meta': {'name': 'cirros', 'disk_format': 'qcow2', 'container_format': 'bare', 'visibility': 'public', 'size': 12716032, 'virtual_size': 46137344, 'status': 'active', 'checksum': '443b7623e27ecf03dc9e01ee93f67afe', 'protected': False, 'min_ram': 0, 'min_disk': 0, 'owner': '132ec085d3e2423dbe5f9f986177be69', 'os_hidden': False, 'os_hash_algo': 'sha512', 'os_hash_value': '6513f21e44aa3da349f248188a44bc304a3653a04122d8fb4535423c8e1d14cd6a153f735bb0982e2161b5b5186106570c17a9e58b64dd39390617cd5a350f78', 'id': '3930b779-469e-4faf-af16-36c2b3e38501', 'created_at': datetime.datetime(2026, 7, 9, 13, 42, 33, tzinfo=datetime.timezone.utc), 'updated_at': datetime.datetime(2026, 7, 9, 13, 42, 34, tzinfo=datetime.timezone.utc), 'tags': [], 'file': '/v2/images/3930b779-469e-4faf-af16-36c2b3e38501/file', 'stores': 'file', 'properties': {'owner_specified.openstack.md5': '', 'owner_specified.openstack.object': 'images/cirros', 'owner_specified.openstack.sha256': ''}}, 'image_service': <cinder.image.glance.GlanceImageService object at 0x78feaa26e420>}
2026-09-01 10:00:27.581 87 WARNING py.warnings [None req-16c017ed-28d5-46bb-9d24-886ac5bd31c4 a21528a867544affa365ed3a7c48ad3c a583f328fb0e400193f8276619dac16c - - - -] /var/lib/kolla/venv/lib/python3.12/site-packages/urllib3/connectionpool.py:1110: InsecureRequestWarning: Unverified HTTPS request is being made to host '[LB_IP_ADDRESS]'. Adding certificate verification is strongly advised. See: https://urllib3.readthedocs.io/en/latest/advanced-usage.html#tls-warnings
  warnings.warn(

2026-09-01 10:00:27.595 87 INFO cinder.volume.drivers.lightos [None req-cc0175ee-bdd5-4444-a41e-8a48b9d83716 58cce6fd3b174f1a9eafb4ad485da3e3 4551b9972a4244e8ba861fea0acba732 - - - -] Invoking delete_volume using DELETE url: /api/v2/projects/default/volumes/f7224e28-f479-468d-aa2f-eddb2bfc00c3?             request.body:  ssl_verify: False
2026-09-01 10:00:27.674 87 INFO cinder.volume.drivers.lightos [None req-16c017ed-28d5-46bb-9d24-886ac5bd31c4 a21528a867544affa365ed3a7c48ad3c a583f328fb0e400193f8276619dac16c - - - -] Invoking get_volume using GET url: /api/v2/projects/default/volumes/81f145c7-00e6-4aeb-9e04-3da61fbcc4a6             request.body: {} ssl_verify: False
2026-09-01 10:00:27.680 87 WARNING py.warnings [None req-cc0175ee-bdd5-4444-a41e-8a48b9d83716 58cce6fd3b174f1a9eafb4ad485da3e3 4551b9972a4244e8ba861fea0acba732 - - - -] /var/lib/kolla/venv/lib/python3.12/site-packages/urllib3/connectionpool.py:1110: InsecureRequestWarning: Unverified HTTPS request is being made to host '[LB_IP_ADDRESS]'. Adding certificate verification is strongly advised. See: https://urllib3.readthedocs.io/en/latest/advanced-usage.html#tls-warnings
  warnings.warn(

2026-09-01 10:00:27.759 87 INFO cinder.volume.drivers.lightos [None req-cc0175ee-bdd5-4444-a41e-8a48b9d83716 58cce6fd3b174f1a9eafb4ad485da3e3 4551b9972a4244e8ba861fea0acba732 - - - -] Invoking get_volume using GET url: /api/v2/projects/default/volumes/f7224e28-f479-468d-aa2f-eddb2bfc00c3             request.body: {} ssl_verify: False
2026-09-01 10:00:27.764 87 WARNING py.warnings [None req-16c017ed-28d5-46bb-9d24-886ac5bd31c4 a21528a867544affa365ed3a7c48ad3c a583f328fb0e400193f8276619dac16c - - - -] /var/lib/kolla/venv/lib/python3.12/site-packages/urllib3/connectionpool.py:1110: InsecureRequestWarning: Unverified HTTPS request is being made to host '[LB_IP_ADDRESS]'. Adding certificate verification is strongly advised. See: https://urllib3.readthedocs.io/en/latest/advanced-usage.html#tls-warnings
  warnings.warn(

2026-09-01 10:00:27.856 87 WARNING py.warnings [None req-cc0175ee-bdd5-4444-a41e-8a48b9d83716 58cce6fd3b174f1a9eafb4ad485da3e3 4551b9972a4244e8ba861fea0acba732 - - - -] /var/lib/kolla/venv/lib/python3.12/site-packages/urllib3/connectionpool.py:1110: InsecureRequestWarning: Unverified HTTPS request is being made to host '[LB_IP_ADDRESS]'. Adding certificate verification is strongly advised. See: https://urllib3.readthedocs.io/en/latest/advanced-usage.html#tls-warnings
  warnings.warn(

2026-09-01 10:00:28.278 87 INFO cinder.volume.manager [None req-cc0175ee-bdd5-4444-a41e-8a48b9d83716 58cce6fd3b174f1a9eafb4ad485da3e3 4551b9972a4244e8ba861fea0acba732 - - - -] Deleted volume successfully.
2026-09-01 10:00:28.847 87 INFO cinder.volume.drivers.lightos [None req-16c017ed-28d5-46bb-9d24-886ac5bd31c4 a21528a867544affa365ed3a7c48ad3c a583f328fb0e400193f8276619dac16c - - - -] Invoking get_volume using GET url: /api/v2/projects/default/volumes/81f145c7-00e6-4aeb-9e04-3da61fbcc4a6             request.body: {} ssl_verify: False
2026-09-01 10:00:28.980 87 INFO cinder.image.image_utils [None req-717f9847-dec0-4d5f-8f76-4435a8c99fbe b5b2047832654b0b942dd40e1f91dcf5 23303f63eb944d1882f3ee7fbe4b71a3 - - - -] Image download 12.13 MB at 8.18 MB/s
2026-09-01 10:00:28.985 87 WARNING py.warnings [None req-16c017ed-28d5-46bb-9d24-886ac5bd31c4 a21528a867544affa365ed3a7c48ad3c a583f328fb0e400193f8276619dac16c - - - -] /var/lib/kolla/venv/lib/python3.12/site-packages/urllib3/connectionpool.py:1110: InsecureRequestWarning: Unverified HTTPS request is being made to host '[LB_IP_ADDRESS]'. Adding certificate verification is strongly advised. See: https://urllib3.readthedocs.io/en/latest/advanced-usage.html#tls-warnings
  warnings.warn(

2026-09-01 10:00:29.041 87 INFO cinder.volume.flows.manager.create_volume [None req-16c017ed-28d5-46bb-9d24-886ac5bd31c4 a21528a867544affa365ed3a7c48ad3c a583f328fb0e400193f8276619dac16c - - - -] Volume vol_2c9e58ed-ed89-4633-8aa7-9310a977ed6e (2c9e58ed-ed89-4633-8aa7-9310a977ed6e): created successfully
2026-09-01 10:00:29.060 87 INFO cinder.volume.manager [None req-16c017ed-28d5-46bb-9d24-886ac5bd31c4 a21528a867544affa365ed3a7c48ad3c a583f328fb0e400193f8276619dac16c - - - -] Created volume successfully.
2026-09-01 10:00:30.688 87 INFO cinder.volume.drivers.lightos [None req-717f9847-dec0-4d5f-8f76-4435a8c99fbe b5b2047832654b0b942dd40e1f91dcf5 23303f63eb944d1882f3ee7fbe4b71a3 - - - -] Invoking get_volume_by_name using GET url: /api/v2/projects/default/volumes/?name=vol_4ee377a7-8655-4e6e-a560-839f2012d599             request.body: {} ssl_verify: False
2026-09-01 10:00:30.780 87 WARNING py.warnings [None req-717f9847-dec0-4d5f-8f76-4435a8c99fbe b5b2047832654b0b942dd40e1f91dcf5 23303f63eb944d1882f3ee7fbe4b71a3 - - - -] /var/lib/kolla/venv/lib/python3.12/site-packages/urllib3/connectionpool.py:1110: InsecureRequestWarning: Unverified HTTPS request is being made to host '[LB_IP_ADDRESS]'. Adding certificate verification is strongly advised. See: https://urllib3.readthedocs.io/en/latest/advanced-usage.html#tls-warnings
  warnings.warn(

2026-09-01 10:00:30.794 87 INFO cinder.volume.drivers.lightos [None req-717f9847-dec0-4d5f-8f76-4435a8c99fbe b5b2047832654b0b942dd40e1f91dcf5 23303f63eb944d1882f3ee7fbe4b71a3 - - - -] Invoking create_volume using POST url: /api/v2/projects/default/volumes             request.body: {'name': 'vol_4ee377a7-8655-4e6e-a560-839f2012d599', 'size': '1 gib', 'replicaCount': '3', 'compression': 'False', 'acl': {'values': ['ALLOW_NONE']}, 'IPAcl': {'values': ['ALLOW_NONE']}, 'sourceSnapshotUUID': None, 'sourceSnapshotName': None} ssl_verify: False
2026-09-01 10:00:30.878 87 WARNING py.warnings [None req-717f9847-dec0-4d5f-8f76-4435a8c99fbe b5b2047832654b0b942dd40e1f91dcf5 23303f63eb944d1882f3ee7fbe4b71a3 - - - -] /var/lib/kolla/venv/lib/python3.12/site-packages/urllib3/connectionpool.py:1110: InsecureRequestWarning: Unverified HTTPS request is being made to host '[LB_IP_ADDRESS]'. Adding certificate verification is strongly advised. See: https://urllib3.readthedocs.io/en/latest/advanced-usage.html#tls-warnings
  warnings.warn(

2026-09-01 10:00:30.902 87 INFO cinder.volume.drivers.lightos [None req-79fbf291-0a84-49b1-afba-2eebcbb75b64 a21528a867544affa365ed3a7c48ad3c a583f328fb0e400193f8276619dac16c - - - -] Invoking delete_volume using DELETE url: /api/v2/projects/default/volumes/81f145c7-00e6-4aeb-9e04-3da61fbcc4a6?             request.body:  ssl_verify: False
2026-09-01 10:00:30.906 87 INFO cinder.volume.drivers.lightos [None req-717f9847-dec0-4d5f-8f76-4435a8c99fbe b5b2047832654b0b942dd40e1f91dcf5 23303f63eb944d1882f3ee7fbe4b71a3 - - - -] Invoking get_volume using GET url: /api/v2/projects/default/volumes/3f19dffb-2e29-43de-bd7d-7b4c70c115c9             request.body: {} ssl_verify: False
2026-09-01 10:00:31.058 87 WARNING py.warnings [None req-79fbf291-0a84-49b1-afba-2eebcbb75b64 a21528a867544affa365ed3a7c48ad3c a583f328fb0e400193f8276619dac16c - - - -] /var/lib/kolla/venv/lib/python3.12/site-packages/urllib3/connectionpool.py:1110: InsecureRequestWarning: Unverified HTTPS request is being made to host '[LB_IP_ADDRESS]'. Adding certificate verification is strongly advised. See: https://urllib3.readthedocs.io/en/latest/advanced-usage.html#tls-warnings
  warnings.warn(

2026-09-01 10:00:31.063 87 WARNING py.warnings [None req-717f9847-dec0-4d5f-8f76-4435a8c99fbe b5b2047832654b0b942dd40e1f91dcf5 23303f63eb944d1882f3ee7fbe4b71a3 - - - -] /var/lib/kolla/venv/lib/python3.12/site-packages/urllib3/connectionpool.py:1110: InsecureRequestWarning: Unverified HTTPS request is being made to host '[LB_IP_ADDRESS]'. Adding certificate verification is strongly advised. See: https://urllib3.readthedocs.io/en/latest/advanced-usage.html#tls-warnings
  warnings.warn(

2026-09-01 10:00:31.085 87 INFO cinder.volume.drivers.lightos [None req-79fbf291-0a84-49b1-afba-2eebcbb75b64 a21528a867544affa365ed3a7c48ad3c a583f328fb0e400193f8276619dac16c - - - -] Invoking get_volume using GET url: /api/v2/projects/default/volumes/81f145c7-00e6-4aeb-9e04-3da61fbcc4a6             request.body: {} ssl_verify: False
2026-09-01 10:00:31.168 87 WARNING py.warnings [None req-79fbf291-0a84-49b1-afba-2eebcbb75b64 a21528a867544affa365ed3a7c48ad3c a583f328fb0e400193f8276619dac16c - - - -] /var/lib/kolla/venv/lib/python3.12/site-packages/urllib3/connectionpool.py:1110: InsecureRequestWarning: Unverified HTTPS request is being made to host '[LB_IP_ADDRESS]'. Adding certificate verification is strongly advised. See: https://urllib3.readthedocs.io/en/latest/advanced-usage.html#tls-warnings
  warnings.warn(

2026-09-01 10:00:31.234 87 INFO os_brick.initiator.connectors.lightos [None req-717f9847-dec0-4d5f-8f76-4435a8c99fbe b5b2047832654b0b942dd40e1f91dcf5 23303f63eb944d1882f3ee7fbe4b71a3 - - - -] Current host hostNQN nqn.2014-08.org.nvmexpress:uuid:ec197b32-37ff-5bf9-abb4-144b68f0bce9 and IP(s) are ['[LB_IP_ADDRESS]', 'fe80::bc8e:42d2:6292:6aa3', '[LB_IP_ADDRESS]', 'fd00::a:11:5c:7', 'fe80::c7d1:edf9:2933:bffc'] 
2026-09-01 10:00:31.236 87 INFO cinder.volume.drivers.lightos [None req-717f9847-dec0-4d5f-8f76-4435a8c99fbe b5b2047832654b0b942dd40e1f91dcf5 23303f63eb944d1882f3ee7fbe4b71a3 - - - -] Current host hostNQN is nqn.2014-08.org.nvmexpress:uuid:ec197b32-37ff-5bf9-abb4-144b68f0bce9 and IP(s) are ['[LB_IP_ADDRESS]', 'fe80::bc8e:42d2:6292:6aa3', '[LB_IP_ADDRESS]', 'fd00::a:11:5c:7', 'fe80::c7d1:edf9:2933:bffc']
2026-09-01 10:00:31.236 87 INFO cinder.volume.drivers.lightos [None req-717f9847-dec0-4d5f-8f76-4435a8c99fbe b5b2047832654b0b942dd40e1f91dcf5 23303f63eb944d1882f3ee7fbe4b71a3 - - - -] Invoking get_volume_by_name using GET url: /api/v2/projects/default/volumes/?name=vol_4ee377a7-8655-4e6e-a560-839f2012d599             request.body: {} ssl_verify: False
2026-09-01 10:00:31.458 87 WARNING py.warnings [None req-717f9847-dec0-4d5f-8f76-4435a8c99fbe b5b2047832654b0b942dd40e1f91dcf5 23303f63eb944d1882f3ee7fbe4b71a3 - - - -] /var/lib/kolla/venv/lib/python3.12/site-packages/urllib3/connectionpool.py:1110: InsecureRequestWarning: Unverified HTTPS request is being made to host '[LB_IP_ADDRESS]'. Adding certificate verification is strongly advised. See: https://urllib3.readthedocs.io/en/latest/advanced-usage.html#tls-warnings
  warnings.warn(

2026-09-01 10:00:31.476 87 INFO cinder.volume.drivers.lightos [None req-717f9847-dec0-4d5f-8f76-4435a8c99fbe b5b2047832654b0b942dd40e1f91dcf5 23303f63eb944d1882f3ee7fbe4b71a3 - - - -] Invoking update_volume using PUT url: /api/v2/projects/default/volumes/3f19dffb-2e29-43de-bd7d-7b4c70c115c9             request.body: {'acl': {'values': ['nqn.2014-08.org.nvmexpress:uuid:ec197b32-37ff-5bf9-abb4-144b68f0bce9']}, 'IPAcl': {'values': ['fd00::a:11:5c:7', '[LB_IP_ADDRESS]', '[LB_IP_ADDRESS]', 'fe80::bc8e:42d2:6292:6aa3', 'fe80::c7d1:edf9:2933:bffc']}} ssl_verify: False
2026-09-01 10:00:31.561 87 WARNING py.warnings [None req-717f9847-dec0-4d5f-8f76-4435a8c99fbe b5b2047832654b0b942dd40e1f91dcf5 23303f63eb944d1882f3ee7fbe4b71a3 - - - -] /var/lib/kolla/venv/lib/python3.12/site-packages/urllib3/connectionpool.py:1110: InsecureRequestWarning: Unverified HTTPS request is being made to host '[LB_IP_ADDRESS]'. Adding certificate verification is strongly advised. See: https://urllib3.readthedocs.io/en/latest/advanced-usage.html#tls-warnings
  warnings.warn(

2026-09-01 10:00:31.586 87 INFO cinder.volume.drivers.lightos [None req-717f9847-dec0-4d5f-8f76-4435a8c99fbe b5b2047832654b0b942dd40e1f91dcf5 23303f63eb944d1882f3ee7fbe4b71a3 - - - -] Invoking get_volume_by_name using GET url: /api/v2/projects/default/volumes/?name=vol_4ee377a7-8655-4e6e-a560-839f2012d599             request.body: {} ssl_verify: False
2026-09-01 10:00:31.671 87 WARNING py.warnings [None req-717f9847-dec0-4d5f-8f76-4435a8c99fbe b5b2047832654b0b942dd40e1f91dcf5 23303f63eb944d1882f3ee7fbe4b71a3 - - - -] /var/lib/kolla/venv/lib/python3.12/site-packages/urllib3/connectionpool.py:1110: InsecureRequestWarning: Unverified HTTPS request is being made to host '[LB_IP_ADDRESS]'. Adding certificate verification is strongly advised. See: https://urllib3.readthedocs.io/en/latest/advanced-usage.html#tls-warnings
  warnings.warn(

2026-09-01 10:00:31.701 87 INFO cinder.volume.manager [None req-79fbf291-0a84-49b1-afba-2eebcbb75b64 a21528a867544affa365ed3a7c48ad3c a583f328fb0e400193f8276619dac16c - - - -] Deleted volume successfully.
2026-09-01 10:00:32.006 87 INFO cinder.volume.drivers.lightos [None req-bcd6f10e-245a-4f2e-94cf-e0a3585deac0 a21528a867544affa365ed3a7c48ad3c a583f328fb0e400193f8276619dac16c - - - -] Invoking delete_volume using DELETE url: /api/v2/projects/default/volumes/99228435-020b-4020-80b3-91db8839fb9f?             request.body:  ssl_verify: False
2026-09-01 10:00:32.102 87 WARNING py.warnings [None req-bcd6f10e-245a-4f2e-94cf-e0a3585deac0 a21528a867544affa365ed3a7c48ad3c a583f328fb0e400193f8276619dac16c - - - -] /var/lib/kolla/venv/lib/python3.12/site-packages/urllib3/connectionpool.py:1110: InsecureRequestWarning: Unverified HTTPS request is being made to host '[LB_IP_ADDRESS]'. Adding certificate verification is strongly advised. See: https://urllib3.readthedocs.io/en/latest/advanced-usage.html#tls-warnings
  warnings.warn(

2026-09-01 10:00:32.163 87 INFO cinder.volume.drivers.lightos [None req-bcd6f10e-245a-4f2e-94cf-e0a3585deac0 a21528a867544affa365ed3a7c48ad3c a583f328fb0e400193f8276619dac16c - - - -] Invoking get_volume using GET url: /api/v2/projects/default/volumes/99228435-020b-4020-80b3-91db8839fb9f             request.body: {} ssl_verify: False
2026-09-01 10:00:32.246 87 WARNING py.warnings [None req-bcd6f10e-245a-4f2e-94cf-e0a3585deac0 a21528a867544affa365ed3a7c48ad3c a583f328fb0e400193f8276619dac16c - - - -] /var/lib/kolla/venv/lib/python3.12/site-packages/urllib3/connectionpool.py:1110: InsecureRequestWarning: Unverified HTTPS request is being made to host '[LB_IP_ADDRESS]'. Adding certificate verification is strongly advised. See: https://urllib3.readthedocs.io/en/latest/advanced-usage.html#tls-warnings
  warnings.warn(

2026-09-01 10:00:32.484 87 INFO cinder.volume.manager [None req-bcd6f10e-245a-4f2e-94cf-e0a3585deac0 a21528a867544affa365ed3a7c48ad3c a583f328fb0e400193f8276619dac16c - - - -] Deleted volume successfully.
2026-09-01 10:00:32.690 87 INFO cinder.volume.drivers.lightos [None req-717f9847-dec0-4d5f-8f76-4435a8c99fbe b5b2047832654b0b942dd40e1f91dcf5 23303f63eb944d1882f3ee7fbe4b71a3 - - - -] Invoking get_volume_by_name using GET url: /api/v2/projects/default/volumes/?name=vol_4ee377a7-8655-4e6e-a560-839f2012d599             request.body: {} ssl_verify: False
2026-09-01 10:00:32.777 87 WARNING py.warnings [None req-717f9847-dec0-4d5f-8f76-4435a8c99fbe b5b2047832654b0b942dd40e1f91dcf5 23303f63eb944d1882f3ee7fbe4b71a3 - - - -] /var/lib/kolla/venv/lib/python3.12/site-packages/urllib3/connectionpool.py:1110: InsecureRequestWarning: Unverified HTTPS request is being made to host '[LB_IP_ADDRESS]'. Adding certificate verification is strongly advised. See: https://urllib3.readthedocs.io/en/latest/advanced-usage.html#tls-warnings
  warnings.warn(

2026-09-01 10:00:32.792 87 INFO cinder.volume.drivers.lightos [None req-717f9847-dec0-4d5f-8f76-4435a8c99fbe b5b2047832654b0b942dd40e1f91dcf5 23303f63eb944d1882f3ee7fbe4b71a3 - - - -] Invoking get_volume_by_name using GET url: /api/v2/projects/default/volumes/?name=vol_4ee377a7-8655-4e6e-a560-839f2012d599             request.body: {} ssl_verify: False
2026-09-01 10:00:32.883 87 WARNING py.warnings [None req-717f9847-dec0-4d5f-8f76-4435a8c99fbe b5b2047832654b0b942dd40e1f91dcf5 23303f63eb944d1882f3ee7fbe4b71a3 - - - -] /var/lib/kolla/venv/lib/python3.12/site-packages/urllib3/connectionpool.py:1110: InsecureRequestWarning: Unverified HTTPS request is being made to host '[LB_IP_ADDRESS]'. Adding certificate verification is strongly advised. See: https://urllib3.readthedocs.io/en/latest/advanced-usage.html#tls-warnings
  warnings.warn(

2026-09-01 10:00:32.899 87 INFO os_brick.initiator.connectors.lightos [None req-717f9847-dec0-4d5f-8f76-4435a8c99fbe b5b2047832654b0b942dd40e1f91dcf5 23303f63eb944d1882f3ee7fbe4b71a3 - - - -] LIGHTOS: connect_volume called for volume 3f19dffb-2e29-43de-bd7d-7b4c70c115c9, connection properties: {'lightos_nodes': {'[LB_IP_ADDRESS]': {'target_portal': '[LB_IP_ADDRESS]', 'target_port': 8009, 'transport_type': 'tcp'}, '[LB_IP_ADDRESS]': {'target_portal': '[LB_IP_ADDRESS]', 'target_port': 8009, 'transport_type': 'tcp'}, '[LB_IP_ADDRESS]': {'target_portal': '[LB_IP_ADDRESS]', 'target_port': 8009, 'transport_type': 'tcp'}}, 'uuid': '3f19dffb-2e29-43de-bd7d-7b4c70c115c9', 'subsysnqn': 'nqn.2016-01.com.lightbitslabs:uuid:820401fd-ccf1-4148-820a-f4507d0fd69b:suffix', 'encrypted': False, 'enforce_multipath': False}
2026-09-01 10:00:32.903 87 INFO os_brick.initiator.connectors.lightos [None req-717f9847-dec0-4d5f-8f76-4435a8c99fbe b5b2047832654b0b942dd40e1f91dcf5 23303f63eb944d1882f3ee7fbe4b71a3 - - - -] LIGHTOS: devpath /dev/nvme0n1 detected for uuid 3f19dffb-2e29-43de-bd7d-7b4c70c115c9
2026-09-01 10:00:33.194 87 INFO cinder.volume.drivers.lightos [None req-2ce7c6fe-31ed-4463-a903-6783af4859e0 a21528a867544affa365ed3a7c48ad3c a583f328fb0e400193f8276619dac16c - - - -] Invoking delete_volume using DELETE url: /api/v2/projects/default/volumes/2a5acd24-fcdb-4492-9340-ac1c56f4f45e?             request.body:  ssl_verify: False
2026-09-01 10:00:33.287 87 WARNING py.warnings [None req-2ce7c6fe-31ed-4463-a903-6783af4859e0 a21528a867544affa365ed3a7c48ad3c a583f328fb0e400193f8276619dac16c - - - -] /var/lib/kolla/venv/lib/python3.12/site-packages/urllib3/connectionpool.py:1110: InsecureRequestWarning: Unverified HTTPS request is being made to host '[LB_IP_ADDRESS]'. Adding certificate verification is strongly advised. See: https://urllib3.readthedocs.io/en/latest/advanced-usage.html#tls-warnings
  warnings.warn(

2026-09-01 10:00:33.320 87 INFO cinder.volume.drivers.lightos [None req-2ce7c6fe-31ed-4463-a903-6783af4859e0 a21528a867544affa365ed3a7c48ad3c a583f328fb0e400193f8276619dac16c - - - -] Invoking get_volume using GET url: /api/v2/projects/default/volumes/2a5acd24-fcdb-4492-9340-ac1c56f4f45e             request.body: {} ssl_verify: False
2026-09-01 10:00:33.403 87 WARNING py.warnings [None req-2ce7c6fe-31ed-4463-a903-6783af4859e0 a21528a867544affa365ed3a7c48ad3c a583f328fb0e400193f8276619dac16c - - - -] /var/lib/kolla/venv/lib/python3.12/site-packages/urllib3/connectionpool.py:1110: InsecureRequestWarning: Unverified HTTPS request is being made to host '[LB_IP_ADDRESS]'. Adding certificate verification is strongly advised. See: https://urllib3.readthedocs.io/en/latest/advanced-usage.html#tls-warnings
  warnings.warn(

2026-09-01 10:00:33.637 87 INFO cinder.volume.manager [None req-2ce7c6fe-31ed-4463-a903-6783af4859e0 a21528a867544affa365ed3a7c48ad3c a583f328fb0e400193f8276619dac16c - - - -] Deleted volume successfully.
2026-09-01 10:00:37.056 87 INFO cinder.image.image_utils [None req-717f9847-dec0-4d5f-8f76-4435a8c99fbe b5b2047832654b0b942dd40e1f91dcf5 23303f63eb944d1882f3ee7fbe4b71a3 - - - -] Converted 44.00 MB image at 44.00 MB/s
2026-09-01 10:00:37.060 87 INFO os_brick.initiator.connectors.lightos [None req-717f9847-dec0-4d5f-8f76-4435a8c99fbe b5b2047832654b0b942dd40e1f91dcf5 23303f63eb944d1882f3ee7fbe4b71a3 - - - -] LIGHTOS: devpath /dev/nvme0n1 detected for uuid 3f19dffb-2e29-43de-bd7d-7b4c70c115c9
2026-09-01 10:00:37.074 87 INFO cinder.volume.drivers.lightos [None req-717f9847-dec0-4d5f-8f76-4435a8c99fbe b5b2047832654b0b942dd40e1f91dcf5 23303f63eb944d1882f3ee7fbe4b71a3 - - - -] Invoking get_volume_by_name using GET url: /api/v2/projects/default/volumes/?name=vol_4ee377a7-8655-4e6e-a560-839f2012d599             request.body: {} ssl_verify: False
2026-09-01 10:00:37.171 87 WARNING py.warnings [None req-717f9847-dec0-4d5f-8f76-4435a8c99fbe b5b2047832654b0b942dd40e1f91dcf5 23303f63eb944d1882f3ee7fbe4b71a3 - - - -] /var/lib/kolla/venv/lib/python3.12/site-packages/urllib3/connectionpool.py:1110: InsecureRequestWarning: Unverified HTTPS request is being made to host '[LB_IP_ADDRESS]'. Adding certificate verification is strongly advised. See: https://urllib3.readthedocs.io/en/latest/advanced-usage.html#tls-warnings
  warnings.warn(

2026-09-01 10:00:37.193 87 INFO cinder.volume.drivers.lightos [None req-717f9847-dec0-4d5f-8f76-4435a8c99fbe b5b2047832654b0b942dd40e1f91dcf5 23303f63eb944d1882f3ee7fbe4b71a3 - - - -] Invoking get_volume_by_name using GET url: /api/v2/projects/default/volumes/?name=vol_4ee377a7-8655-4e6e-a560-839f2012d599             request.body: {} ssl_verify: False
2026-09-01 10:00:37.279 87 WARNING py.warnings [None req-717f9847-dec0-4d5f-8f76-4435a8c99fbe b5b2047832654b0b942dd40e1f91dcf5 23303f63eb944d1882f3ee7fbe4b71a3 - - - -] /var/lib/kolla/venv/lib/python3.12/site-packages/urllib3/connectionpool.py:1110: InsecureRequestWarning: Unverified HTTPS request is being made to host '[LB_IP_ADDRESS]'. Adding certificate verification is strongly advised. See: https://urllib3.readthedocs.io/en/latest/advanced-usage.html#tls-warnings
  warnings.warn(

2026-09-01 10:00:37.293 87 INFO cinder.volume.drivers.lightos [None req-717f9847-dec0-4d5f-8f76-4435a8c99fbe b5b2047832654b0b942dd40e1f91dcf5 23303f63eb944d1882f3ee7fbe4b71a3 - - - -] Invoking update_volume using PUT url: /api/v2/projects/default/volumes/3f19dffb-2e29-43de-bd7d-7b4c70c115c9             request.body: {'acl': {'values': ['ALLOW_NONE']}, 'IPAcl': {'values': ['ALLOW_NONE']}} ssl_verify: False
2026-09-01 10:00:37.379 87 WARNING py.warnings [None req-717f9847-dec0-4d5f-8f76-4435a8c99fbe b5b2047832654b0b942dd40e1f91dcf5 23303f63eb944d1882f3ee7fbe4b71a3 - - - -] /var/lib/kolla/venv/lib/python3.12/site-packages/urllib3/connectionpool.py:1110: InsecureRequestWarning: Unverified HTTPS request is being made to host '[LB_IP_ADDRESS]'. Adding certificate verification is strongly advised. See: https://urllib3.readthedocs.io/en/latest/advanced-usage.html#tls-warnings
  warnings.warn(

2026-09-01 10:00:37.415 87 INFO cinder.volume.drivers.lightos [None req-717f9847-dec0-4d5f-8f76-4435a8c99fbe b5b2047832654b0b942dd40e1f91dcf5 23303f63eb944d1882f3ee7fbe4b71a3 - - - -] Invoking get_volume_by_name using GET url: /api/v2/projects/default/volumes/?name=vol_4ee377a7-8655-4e6e-a560-839f2012d599             request.body: {} ssl_verify: False
2026-09-01 10:00:37.498 87 WARNING py.warnings [None req-717f9847-dec0-4d5f-8f76-4435a8c99fbe b5b2047832654b0b942dd40e1f91dcf5 23303f63eb944d1882f3ee7fbe4b71a3 - - - -] /var/lib/kolla/venv/lib/python3.12/site-packages/urllib3/connectionpool.py:1110: InsecureRequestWarning: Unverified HTTPS request is being made to host '[LB_IP_ADDRESS]'. Adding certificate verification is strongly advised. See: https://urllib3.readthedocs.io/en/latest/advanced-usage.html#tls-warnings
  warnings.warn(

2026-09-01 10:00:37.722 87 INFO cinder.volume.flows.manager.create_volume [None req-e10f2ecc-8b29-4dab-9717-d3204e67d134 a32cc62ef088402d80219f65fea0f9eb 974d54af34ab48b8860a6d352a171d67 - - - -] Volume b85c8233-dae5-4885-80dd-7f544fb12e70: being created as raw with specification: {'status': 'creating', 'volume_name': 'vol_b85c8233-dae5-4885-80dd-7f544fb12e70', 'volume_size': 1}
2026-09-01 10:00:37.723 87 INFO cinder.volume.drivers.lightos [None req-e10f2ecc-8b29-4dab-9717-d3204e67d134 a32cc62ef088402d80219f65fea0f9eb 974d54af34ab48b8860a6d352a171d67 - - - -] Invoking get_volume_by_name using GET url: /api/v2/projects/default/volumes/?name=vol_b85c8233-dae5-4885-80dd-7f544fb12e70             request.body: {} ssl_verify: False
2026-09-01 10:00:37.811 87 WARNING py.warnings [None req-e10f2ecc-8b29-4dab-9717-d3204e67d134 a32cc62ef088402d80219f65fea0f9eb 974d54af34ab48b8860a6d352a171d67 - - - -] /var/lib/kolla/venv/lib/python3.12/site-packages/urllib3/connectionpool.py:1110: InsecureRequestWarning: Unverified HTTPS request is being made to host '[LB_IP_ADDRESS]'. Adding certificate verification is strongly advised. See: https://urllib3.readthedocs.io/en/latest/advanced-usage.html#tls-warnings
  warnings.warn(

2026-09-01 10:00:37.822 87 INFO cinder.volume.drivers.lightos [None req-e10f2ecc-8b29-4dab-9717-d3204e67d134 a32cc62ef088402d80219f65fea0f9eb 974d54af34ab48b8860a6d352a171d67 - - - -] Invoking create_volume using POST url: /api/v2/projects/default/volumes             request.body: {'name': 'vol_b85c8233-dae5-4885-80dd-7f544fb12e70', 'size': '1 gib', 'replicaCount': '3', 'compression': 'False', 'acl': {'values': ['ALLOW_NONE']}, 'IPAcl': {'values': ['ALLOW_NONE']}, 'sourceSnapshotUUID': None, 'sourceSnapshotName': None} ssl_verify: False
2026-09-01 10:00:37.908 87 WARNING py.warnings [None req-e10f2ecc-8b29-4dab-9717-d3204e67d134 a32cc62ef088402d80219f65fea0f9eb 974d54af34ab48b8860a6d352a171d67 - - - -] /var/lib/kolla/venv/lib/python3.12/site-packages/urllib3/connectionpool.py:1110: InsecureRequestWarning: Unverified HTTPS request is being made to host '[LB_IP_ADDRESS]'. Adding certificate verification is strongly advised. See: https://urllib3.readthedocs.io/en/latest/advanced-usage.html#tls-warnings
  warnings.warn(

2026-09-01 10:00:37.993 87 INFO cinder.volume.drivers.lightos [None req-e10f2ecc-8b29-4dab-9717-d3204e67d134 a32cc62ef088402d80219f65fea0f9eb 974d54af34ab48b8860a6d352a171d67 - - - -] Invoking get_volume using GET url: /api/v2/projects/default/volumes/44f8f43c-d228-4837-ab1c-031b8e36b0e0             request.body: {} ssl_verify: False
2026-09-01 10:00:38.079 87 WARNING py.warnings [None req-e10f2ecc-8b29-4dab-9717-d3204e67d134 a32cc62ef088402d80219f65fea0f9eb 974d54af34ab48b8860a6d352a171d67 - - - -] /var/lib/kolla/venv/lib/python3.12/site-packages/urllib3/connectionpool.py:1110: InsecureRequestWarning: Unverified HTTPS request is being made to host '[LB_IP_ADDRESS]'. Adding certificate verification is strongly advised. See: https://urllib3.readthedocs.io/en/latest/advanced-usage.html#tls-warnings
  warnings.warn(

2026-09-01 10:00:38.532 87 INFO cinder.volume.drivers.lightos [None req-717f9847-dec0-4d5f-8f76-4435a8c99fbe b5b2047832654b0b942dd40e1f91dcf5 23303f63eb944d1882f3ee7fbe4b71a3 - - - -] Invoking get_volume_by_name using GET url: /api/v2/projects/default/volumes/?name=vol_4ee377a7-8655-4e6e-a560-839f2012d599             request.body: {} ssl_verify: False
2026-09-01 10:00:38.615 87 WARNING py.warnings [None req-717f9847-dec0-4d5f-8f76-4435a8c99fbe b5b2047832654b0b942dd40e1f91dcf5 23303f63eb944d1882f3ee7fbe4b71a3 - - - -] /var/lib/kolla/venv/lib/python3.12/site-packages/urllib3/connectionpool.py:1110: InsecureRequestWarning: Unverified HTTPS request is being made to host '[LB_IP_ADDRESS]'. Adding certificate verification is strongly advised. See: https://urllib3.readthedocs.io/en/latest/advanced-usage.html#tls-warnings
  warnings.warn(

2026-09-01 10:00:38.628 87 INFO cinder.volume.drivers.lightos [None req-717f9847-dec0-4d5f-8f76-4435a8c99fbe b5b2047832654b0b942dd40e1f91dcf5 23303f63eb944d1882f3ee7fbe4b71a3 - - - -] Invoking get_volume_by_name using GET url: /api/v2/projects/default/volumes/?name=vol_4ee377a7-8655-4e6e-a560-839f2012d599             request.body: {} ssl_verify: False
2026-09-01 10:00:38.714 87 WARNING py.warnings [None req-717f9847-dec0-4d5f-8f76-4435a8c99fbe b5b2047832654b0b942dd40e1f91dcf5 23303f63eb944d1882f3ee7fbe4b71a3 - - - -] /var/lib/kolla/venv/lib/python3.12/site-packages/urllib3/connectionpool.py:1110: InsecureRequestWarning: Unverified HTTPS request is being made to host '[LB_IP_ADDRESS]'. Adding certificate verification is strongly advised. See: https://urllib3.readthedocs.io/en/latest/advanced-usage.html#tls-warnings
  warnings.warn(

2026-09-01 10:00:38.851 87 INFO cinder.volume.flows.manager.create_volume [None req-717f9847-dec0-4d5f-8f76-4435a8c99fbe b5b2047832654b0b942dd40e1f91dcf5 23303f63eb944d1882f3ee7fbe4b71a3 - - - -] Volume vol_4ee377a7-8655-4e6e-a560-839f2012d599 (4ee377a7-8655-4e6e-a560-839f2012d599): created successfully
2026-09-01 10:00:38.869 87 INFO cinder.volume.manager [None req-717f9847-dec0-4d5f-8f76-4435a8c99fbe b5b2047832654b0b942dd40e1f91dcf5 23303f63eb944d1882f3ee7fbe4b71a3 - - - -] Created volume successfully.
2026-09-01 10:00:39.096 87 INFO cinder.volume.drivers.lightos [None req-e10f2ecc-8b29-4dab-9717-d3204e67d134 a32cc62ef088402d80219f65fea0f9eb 974d54af34ab48b8860a6d352a171d67 - - - -] Invoking get_volume using GET url: /api/v2/projects/default/volumes/44f8f43c-d228-4837-ab1c-031b8e36b0e0             request.body: {} ssl_verify: False
2026-09-01 10:00:39.179 87 WARNING py.warnings [None req-e10f2ecc-8b29-4dab-9717-d3204e67d134 a32cc62ef088402d80219f65fea0f9eb 974d54af34ab48b8860a6d352a171d67 - - - -] /var/lib/kolla/venv/lib/python3.12/site-packages/urllib3/connectionpool.py:1110: InsecureRequestWarning: Unverified HTTPS request is being made to host '[LB_IP_ADDRESS]'. Adding certificate verification is strongly advised. See: https://urllib3.readthedocs.io/en/latest/advanced-usage.html#tls-warnings
  warnings.warn(

2026-09-01 10:00:39.213 87 INFO cinder.volume.flows.manager.create_volume [None req-e10f2ecc-8b29-4dab-9717-d3204e67d134 a32cc62ef088402d80219f65fea0f9eb 974d54af34ab48b8860a6d352a171d67 - - - -] Volume vol_b85c8233-dae5-4885-80dd-7f544fb12e70 (b85c8233-dae5-4885-80dd-7f544fb12e70): created successfully
2026-09-01 10:00:39.227 87 INFO cinder.volume.manager [None req-e10f2ecc-8b29-4dab-9717-d3204e67d134 a32cc62ef088402d80219f65fea0f9eb 974d54af34ab48b8860a6d352a171d67 - - - -] Created volume successfully.
2026-09-01 10:00:40.573 87 INFO cinder.volume.flows.manager.create_volume [None req-369d29cf-e8ab-4b92-9617-500cce42d143 b5b2047832654b0b942dd40e1f91dcf5 23303f63eb944d1882f3ee7fbe4b71a3 - - - -] Volume 0026ec65-3ed2-4a43-b6bc-5e3b3bf53ca7: being created as source_vol with specification: {'status': 'creating', 'volume_name': 'vol_0026ec65-3ed2-4a43-b6bc-5e3b3bf53ca7', 'volume_size': 1, 'source_volid': '4ee377a7-8655-4e6e-a560-839f2012d599', 'source_volstatus': 'available'}
2026-09-01 10:00:40.587 87 INFO cinder.volume.drivers.lightos [None req-369d29cf-e8ab-4b92-9617-500cce42d143 b5b2047832654b0b942dd40e1f91dcf5 23303f63eb944d1882f3ee7fbe4b71a3 - - - -] Invoking get_snapshot_by_name using GET url: /api/v2/projects/default/snapshots/?Name=for_clone_0026ec65-3ed2-4a43-b6bc-5e3b3bf53ca7             request.body: {} ssl_verify: False
2026-09-01 10:00:40.680 87 WARNING py.warnings [None req-369d29cf-e8ab-4b92-9617-500cce42d143 b5b2047832654b0b942dd40e1f91dcf5 23303f63eb944d1882f3ee7fbe4b71a3 - - - -] /var/lib/kolla/venv/lib/python3.12/site-packages/urllib3/connectionpool.py:1110: InsecureRequestWarning: Unverified HTTPS request is being made to host '[LB_IP_ADDRESS]'. Adding certificate verification is strongly advised. See: https://urllib3.readthedocs.io/en/latest/advanced-usage.html#tls-warnings
  warnings.warn(

2026-09-01 10:00:40.695 87 INFO cinder.volume.drivers.lightos [None req-369d29cf-e8ab-4b92-9617-500cce42d143 b5b2047832654b0b942dd40e1f91dcf5 23303f63eb944d1882f3ee7fbe4b71a3 - - - -] Invoking create_snapshot using POST url: /api/v2/projects/default/snapshots             request.body: {'name': 'for_clone_0026ec65-3ed2-4a43-b6bc-5e3b3bf53ca7', 'sourceVolumeUUID': None, 'sourceVolumeName': 'vol_4ee377a7-8655-4e6e-a560-839f2012d599'} ssl_verify: False
2026-09-01 10:00:40.781 87 WARNING py.warnings [None req-369d29cf-e8ab-4b92-9617-500cce42d143 b5b2047832654b0b942dd40e1f91dcf5 23303f63eb944d1882f3ee7fbe4b71a3 - - - -] /var/lib/kolla/venv/lib/python3.12/site-packages/urllib3/connectionpool.py:1110: InsecureRequestWarning: Unverified HTTPS request is being made to host '[LB_IP_ADDRESS]'. Adding certificate verification is strongly advised. See: https://urllib3.readthedocs.io/en/latest/advanced-usage.html#tls-warnings
  warnings.warn(

2026-09-01 10:00:40.836 87 INFO cinder.volume.drivers.lightos [None req-369d29cf-e8ab-4b92-9617-500cce42d143 b5b2047832654b0b942dd40e1f91dcf5 23303f63eb944d1882f3ee7fbe4b71a3 - - - -] Invoking get_snapshot_by_name using GET url: /api/v2/projects/default/snapshots/?Name=for_clone_0026ec65-3ed2-4a43-b6bc-5e3b3bf53ca7             request.body: {} ssl_verify: False
2026-09-01 10:00:40.947 87 WARNING py.warnings [None req-369d29cf-e8ab-4b92-9617-500cce42d143 b5b2047832654b0b942dd40e1f91dcf5 23303f63eb944d1882f3ee7fbe4b71a3 - - - -] /var/lib/kolla/venv/lib/python3.12/site-packages/urllib3/connectionpool.py:1110: InsecureRequestWarning: Unverified HTTPS request is being made to host '[LB_IP_ADDRESS]'. Adding certificate verification is strongly advised. See: https://urllib3.readthedocs.io/en/latest/advanced-usage.html#tls-warnings
  warnings.warn(

2026-09-01 10:00:41.961 87 INFO cinder.volume.drivers.lightos [None req-369d29cf-e8ab-4b92-9617-500cce42d143 b5b2047832654b0b942dd40e1f91dcf5 23303f63eb944d1882f3ee7fbe4b71a3 - - - -] Invoking get_snapshot_by_name using GET url: /api/v2/projects/default/snapshots/?Name=for_clone_0026ec65-3ed2-4a43-b6bc-5e3b3bf53ca7             request.body: {} ssl_verify: False
2026-09-01 10:00:42.043 87 WARNING py.warnings [None req-369d29cf-e8ab-4b92-9617-500cce42d143 b5b2047832654b0b942dd40e1f91dcf5 23303f63eb944d1882f3ee7fbe4b71a3 - - - -] /var/lib/kolla/venv/lib/python3.12/site-packages/urllib3/connectionpool.py:1110: InsecureRequestWarning: Unverified HTTPS request is being made to host '[LB_IP_ADDRESS]'. Adding certificate verification is strongly advised. See: https://urllib3.readthedocs.io/en/latest/advanced-usage.html#tls-warnings
  warnings.warn(

2026-09-01 10:00:42.056 87 INFO cinder.volume.drivers.lightos [None req-369d29cf-e8ab-4b92-9617-500cce42d143 b5b2047832654b0b942dd40e1f91dcf5 23303f63eb944d1882f3ee7fbe4b71a3 - - - -] Invoking get_volume_by_name using GET url: /api/v2/projects/default/volumes/?name=vol_0026ec65-3ed2-4a43-b6bc-5e3b3bf53ca7             request.body: {} ssl_verify: False
2026-09-01 10:00:42.143 87 WARNING py.warnings [None req-369d29cf-e8ab-4b92-9617-500cce42d143 b5b2047832654b0b942dd40e1f91dcf5 23303f63eb944d1882f3ee7fbe4b71a3 - - - -] /var/lib/kolla/venv/lib/python3.12/site-packages/urllib3/connectionpool.py:1110: InsecureRequestWarning: Unverified HTTPS request is being made to host '[LB_IP_ADDRESS]'. Adding certificate verification is strongly advised. See: https://urllib3.readthedocs.io/en/latest/advanced-usage.html#tls-warnings
  warnings.warn(

2026-09-01 10:00:42.155 87 INFO cinder.volume.drivers.lightos [None req-369d29cf-e8ab-4b92-9617-500cce42d143 b5b2047832654b0b942dd40e1f91dcf5 23303f63eb944d1882f3ee7fbe4b71a3 - - - -] Invoking create_volume using POST url: /api/v2/projects/default/volumes             request.body: {'name': 'vol_0026ec65-3ed2-4a43-b6bc-5e3b3bf53ca7', 'size': '1 gib', 'replicaCount': '3', 'compression': 'False', 'acl': {'values': ['ALLOW_NONE']}, 'IPAcl': {'values': ['ALLOW_NONE']}, 'sourceSnapshotUUID': None, 'sourceSnapshotName': 'for_clone_0026ec65-3ed2-4a43-b6bc-5e3b3bf53ca7'} ssl_verify: False
2026-09-01 10:00:42.244 87 WARNING py.warnings [None req-369d29cf-e8ab-4b92-9617-500cce42d143 b5b2047832654b0b942dd40e1f91dcf5 23303f63eb944d1882f3ee7fbe4b71a3 - - - -] /var/lib/kolla/venv/lib/python3.12/site-packages/urllib3/connectionpool.py:1110: InsecureRequestWarning: Unverified HTTPS request is being made to host '[LB_IP_ADDRESS]'. Adding certificate verification is strongly advised. See: https://urllib3.readthedocs.io/en/latest/advanced-usage.html#tls-warnings
  warnings.warn(

2026-09-01 10:00:42.295 87 INFO cinder.volume.drivers.lightos [None req-369d29cf-e8ab-4b92-9617-500cce42d143 b5b2047832654b0b942dd40e1f91dcf5 23303f63eb944d1882f3ee7fbe4b71a3 - - - -] Invoking get_volume using GET url: /api/v2/projects/default/volumes/fd2e15f6-6cb1-44ef-bb29-d966c8730a3b             request.body: {} ssl_verify: False
2026-09-01 10:00:42.379 87 WARNING py.warnings [None req-369d29cf-e8ab-4b92-9617-500cce42d143 b5b2047832654b0b942dd40e1f91dcf5 23303f63eb944d1882f3ee7fbe4b71a3 - - - -] /var/lib/kolla/venv/lib/python3.12/site-packages/urllib3/connectionpool.py:1110: InsecureRequestWarning: Unverified HTTPS request is being made to host '[LB_IP_ADDRESS]'. Adding certificate verification is strongly advised. See: https://urllib3.readthedocs.io/en/latest/advanced-usage.html#tls-warnings
  warnings.warn(

2026-09-01 10:00:42.391 87 INFO cinder.volume.drivers.lightos [None req-369d29cf-e8ab-4b92-9617-500cce42d143 b5b2047832654b0b942dd40e1f91dcf5 23303f63eb944d1882f3ee7fbe4b71a3 - - - -] Invoking get_snapshot_by_name using GET url: /api/v2/projects/default/snapshots/?Name=for_clone_0026ec65-3ed2-4a43-b6bc-5e3b3bf53ca7             request.body: {} ssl_verify: False
2026-09-01 10:00:42.474 87 WARNING py.warnings [None req-369d29cf-e8ab-4b92-9617-500cce42d143 b5b2047832654b0b942dd40e1f91dcf5 23303f63eb944d1882f3ee7fbe4b71a3 - - - -] /var/lib/kolla/venv/lib/python3.12/site-packages/urllib3/connectionpool.py:1110: InsecureRequestWarning: Unverified HTTPS request is being made to host '[LB_IP_ADDRESS]'. Adding certificate verification is strongly advised. See: https://urllib3.readthedocs.io/en/latest/advanced-usage.html#tls-warnings
  warnings.warn(

2026-09-01 10:00:42.487 87 INFO cinder.volume.drivers.lightos [None req-369d29cf-e8ab-4b92-9617-500cce42d143 b5b2047832654b0b942dd40e1f91dcf5 23303f63eb944d1882f3ee7fbe4b71a3 - - - -] Invoking delete_snapshot using DELETE url: /api/v2/projects/default/snapshots/706ef727-b1b7-47e5-a9c9-c802cc8be7ef?             request.body:  ssl_verify: False
2026-09-01 10:00:42.570 87 WARNING py.warnings [None req-369d29cf-e8ab-4b92-9617-500cce42d143 b5b2047832654b0b942dd40e1f91dcf5 23303f63eb944d1882f3ee7fbe4b71a3 - - - -] /var/lib/kolla/venv/lib/python3.12/site-packages/urllib3/connectionpool.py:1110: InsecureRequestWarning: Unverified HTTPS request is being made to host '[LB_IP_ADDRESS]'. Adding certificate verification is strongly advised. See: https://urllib3.readthedocs.io/en/latest/advanced-usage.html#tls-warnings
  warnings.warn(

2026-09-01 10:00:42.596 87 INFO cinder.volume.drivers.lightos [None req-369d29cf-e8ab-4b92-9617-500cce42d143 b5b2047832654b0b942dd40e1f91dcf5 23303f63eb944d1882f3ee7fbe4b71a3 - - - -] Invoking get_snapshot using GET url: /api/v2/projects/default/snapshots/706ef727-b1b7-47e5-a9c9-c802cc8be7ef             request.body: {} ssl_verify: False
2026-09-01 10:00:42.679 87 WARNING py.warnings [None req-369d29cf-e8ab-4b92-9617-500cce42d143 b5b2047832654b0b942dd40e1f91dcf5 23303f63eb944d1882f3ee7fbe4b71a3 - - - -] /var/lib/kolla/venv/lib/python3.12/site-packages/urllib3/connectionpool.py:1110: InsecureRequestWarning: Unverified HTTPS request is being made to host '[LB_IP_ADDRESS]'. Adding certificate verification is strongly advised. See: https://urllib3.readthedocs.io/en/latest/advanced-usage.html#tls-warnings
  warnings.warn(

2026-09-01 10:00:42.745 87 INFO cinder.volume.flows.manager.create_volume [None req-369d29cf-e8ab-4b92-9617-500cce42d143 b5b2047832654b0b942dd40e1f91dcf5 23303f63eb944d1882f3ee7fbe4b71a3 - - - -] Volume vol_0026ec65-3ed2-4a43-b6bc-5e3b3bf53ca7 (0026ec65-3ed2-4a43-b6bc-5e3b3bf53ca7): created successfully
2026-09-01 10:00:42.759 87 INFO cinder.volume.manager [None req-369d29cf-e8ab-4b92-9617-500cce42d143 b5b2047832654b0b942dd40e1f91dcf5 23303f63eb944d1882f3ee7fbe4b71a3 - - - -] Created volume successfully.
2026-09-01 10:00:43.789 87 INFO cinder.volume.drivers.lightos [None req-16160eb9-405b-4bf8-94e6-03a1ab51ab72 b5b2047832654b0b942dd40e1f91dcf5 23303f63eb944d1882f3ee7fbe4b71a3 - - - -] Invoking delete_volume using DELETE url: /api/v2/projects/default/volumes/fd2e15f6-6cb1-44ef-bb29-d966c8730a3b?             request.body:  ssl_verify: False
2026-09-01 10:00:43.872 87 WARNING py.warnings [None req-16160eb9-405b-4bf8-94e6-03a1ab51ab72 b5b2047832654b0b942dd40e1f91dcf5 23303f63eb944d1882f3ee7fbe4b71a3 - - - -] /var/lib/kolla/venv/lib/python3.12/site-packages/urllib3/connectionpool.py:1110: InsecureRequestWarning: Unverified HTTPS request is being made to host '[LB_IP_ADDRESS]'. Adding certificate verification is strongly advised. See: https://urllib3.readthedocs.io/en/latest/advanced-usage.html#tls-warnings
  warnings.warn(

2026-09-01 10:00:43.901 87 INFO cinder.volume.drivers.lightos [None req-16160eb9-405b-4bf8-94e6-03a1ab51ab72 b5b2047832654b0b942dd40e1f91dcf5 23303f63eb944d1882f3ee7fbe4b71a3 - - - -] Invoking get_volume using GET url: /api/v2/projects/default/volumes/fd2e15f6-6cb1-44ef-bb29-d966c8730a3b             request.body: {} ssl_verify: False
2026-09-01 10:00:43.986 87 WARNING py.warnings [None req-16160eb9-405b-4bf8-94e6-03a1ab51ab72 b5b2047832654b0b942dd40e1f91dcf5 23303f63eb944d1882f3ee7fbe4b71a3 - - - -] /var/lib/kolla/venv/lib/python3.12/site-packages/urllib3/connectionpool.py:1110: InsecureRequestWarning: Unverified HTTPS request is being made to host '[LB_IP_ADDRESS]'. Adding certificate verification is strongly advised. See: https://urllib3.readthedocs.io/en/latest/advanced-usage.html#tls-warnings
  warnings.warn(

2026-09-01 10:00:44.256 87 INFO cinder.volume.manager [None req-16160eb9-405b-4bf8-94e6-03a1ab51ab72 b5b2047832654b0b942dd40e1f91dcf5 23303f63eb944d1882f3ee7fbe4b71a3 - - - -] Deleted volume successfully.
2026-09-01 10:00:44.983 87 INFO cinder.volume.drivers.lightos [None req-ce3b907d-8bf1-4c0d-aa5a-48f0b1db5270 b5b2047832654b0b942dd40e1f91dcf5 23303f63eb944d1882f3ee7fbe4b71a3 - - - -] Invoking delete_volume using DELETE url: /api/v2/projects/default/volumes/3f19dffb-2e29-43de-bd7d-7b4c70c115c9?             request.body:  ssl_verify: False
2026-09-01 10:00:45.068 87 WARNING py.warnings [None req-ce3b907d-8bf1-4c0d-aa5a-48f0b1db5270 b5b2047832654b0b942dd40e1f91dcf5 23303f63eb944d1882f3ee7fbe4b71a3 - - - -] /var/lib/kolla/venv/lib/python3.12/site-packages/urllib3/connectionpool.py:1110: InsecureRequestWarning: Unverified HTTPS request is being made to host '[LB_IP_ADDRESS]'. Adding certificate verification is strongly advised. See: https://urllib3.readthedocs.io/en/latest/advanced-usage.html#tls-warnings
  warnings.warn(

2026-09-01 10:00:45.099 87 INFO cinder.volume.drivers.lightos [None req-ce3b907d-8bf1-4c0d-aa5a-48f0b1db5270 b5b2047832654b0b942dd40e1f91dcf5 23303f63eb944d1882f3ee7fbe4b71a3 - - - -] Invoking get_volume using GET url: /api/v2/projects/default/volumes/3f19dffb-2e29-43de-bd7d-7b4c70c115c9             request.body: {} ssl_verify: False
2026-09-01 10:00:45.182 87 WARNING py.warnings [None req-ce3b907d-8bf1-4c0d-aa5a-48f0b1db5270 b5b2047832654b0b942dd40e1f91dcf5 23303f63eb944d1882f3ee7fbe4b71a3 - - - -] /var/lib/kolla/venv/lib/python3.12/site-packages/urllib3/connectionpool.py:1110: InsecureRequestWarning: Unverified HTTPS request is being made to host '[LB_IP_ADDRESS]'. Adding certificate verification is strongly advised. See: https://urllib3.readthedocs.io/en/latest/advanced-usage.html#tls-warnings
  warnings.warn(

2026-09-01 10:00:45.411 87 INFO cinder.volume.manager [None req-ce3b907d-8bf1-4c0d-aa5a-48f0b1db5270 b5b2047832654b0b942dd40e1f91dcf5 23303f63eb944d1882f3ee7fbe4b71a3 - - - -] Deleted volume successfully.
2026-09-01 10:00:46.776 87 INFO cinder.volume.flows.manager.create_volume [None req-37ae3a16-35ae-4a91-80f0-8bf101d9d047 b5b2047832654b0b942dd40e1f91dcf5 23303f63eb944d1882f3ee7fbe4b71a3 - - - -] Volume aa9b82d4-c177-4841-8976-f1155e4594fb: being created as raw with specification: {'status': 'creating', 'volume_name': 'vol_aa9b82d4-c177-4841-8976-f1155e4594fb', 'volume_size': 1}
2026-09-01 10:00:46.777 87 INFO cinder.volume.drivers.lightos [None req-37ae3a16-35ae-4a91-80f0-8bf101d9d047 b5b2047832654b0b942dd40e1f91dcf5 23303f63eb944d1882f3ee7fbe4b71a3 - - - -] Invoking get_volume_by_name using GET url: /api/v2/projects/default/volumes/?name=vol_aa9b82d4-c177-4841-8976-f1155e4594fb             request.body: {} ssl_verify: False
2026-09-01 10:00:46.862 87 WARNING py.warnings [None req-37ae3a16-35ae-4a91-80f0-8bf101d9d047 b5b2047832654b0b942dd40e1f91dcf5 23303f63eb944d1882f3ee7fbe4b71a3 - - - -] /var/lib/kolla/venv/lib/python3.12/site-packages/urllib3/connectionpool.py:1110: InsecureRequestWarning: Unverified HTTPS request is being made to host '[LB_IP_ADDRESS]'. Adding certificate verification is strongly advised. See: https://urllib3.readthedocs.io/en/latest/advanced-usage.html#tls-warnings
  warnings.warn(

2026-09-01 10:00:46.873 87 INFO cinder.volume.drivers.lightos [None req-37ae3a16-35ae-4a91-80f0-8bf101d9d047 b5b2047832654b0b942dd40e1f91dcf5 23303f63eb944d1882f3ee7fbe4b71a3 - - - -] Invoking create_volume using POST url: /api/v2/projects/default/volumes             request.body: {'name': 'vol_aa9b82d4-c177-4841-8976-f1155e4594fb', 'size': '1 gib', 'replicaCount': '3', 'compression': 'False', 'acl': {'values': ['ALLOW_NONE']}, 'IPAcl': {'values': ['ALLOW_NONE']}, 'sourceSnapshotUUID': None, 'sourceSnapshotName': None} ssl_verify: False
2026-09-01 10:00:46.959 87 WARNING py.warnings [None req-37ae3a16-35ae-4a91-80f0-8bf101d9d047 b5b2047832654b0b942dd40e1f91dcf5 23303f63eb944d1882f3ee7fbe4b71a3 - - - -] /var/lib/kolla/venv/lib/python3.12/site-packages/urllib3/connectionpool.py:1110: InsecureRequestWarning: Unverified HTTPS request is being made to host '[LB_IP_ADDRESS]'. Adding certificate verification is strongly advised. See: https://urllib3.readthedocs.io/en/latest/advanced-usage.html#tls-warnings
  warnings.warn(

2026-09-01 10:00:46.985 87 INFO cinder.volume.drivers.lightos [None req-37ae3a16-35ae-4a91-80f0-8bf101d9d047 b5b2047832654b0b942dd40e1f91dcf5 23303f63eb944d1882f3ee7fbe4b71a3 - - - -] Invoking get_volume using GET url: /api/v2/projects/default/volumes/cdac1b02-386a-43c2-ac71-d7a8c4b4ef7c             request.body: {} ssl_verify: False
2026-09-01 10:00:47.071 87 WARNING py.warnings [None req-37ae3a16-35ae-4a91-80f0-8bf101d9d047 b5b2047832654b0b942dd40e1f91dcf5 23303f63eb944d1882f3ee7fbe4b71a3 - - - -] /var/lib/kolla/venv/lib/python3.12/site-packages/urllib3/connectionpool.py:1110: InsecureRequestWarning: Unverified HTTPS request is being made to host '[LB_IP_ADDRESS]'. Adding certificate verification is strongly advised. See: https://urllib3.readthedocs.io/en/latest/advanced-usage.html#tls-warnings
  warnings.warn(

2026-09-01 10:00:47.106 87 INFO cinder.volume.flows.manager.create_volume [None req-37ae3a16-35ae-4a91-80f0-8bf101d9d047 b5b2047832654b0b942dd40e1f91dcf5 23303f63eb944d1882f3ee7fbe4b71a3 - - - -] Volume vol_aa9b82d4-c177-4841-8976-f1155e4594fb (aa9b82d4-c177-4841-8976-f1155e4594fb): created successfully
2026-09-01 10:00:47.119 87 INFO cinder.volume.manager [None req-37ae3a16-35ae-4a91-80f0-8bf101d9d047 b5b2047832654b0b942dd40e1f91dcf5 23303f63eb944d1882f3ee7fbe4b71a3 - - - -] Created volume successfully.
2026-09-01 10:00:48.516 87 INFO cinder.volume.flows.manager.create_volume [None req-0384f878-a685-429b-b3cd-d0ccce5c1ca3 b5b2047832654b0b942dd40e1f91dcf5 23303f63eb944d1882f3ee7fbe4b71a3 - - - -] Volume c2fe39fa-fac5-49ce-bccd-4d711de6e192: being created as source_vol with specification: {'status': 'creating', 'volume_name': 'vol_c2fe39fa-fac5-49ce-bccd-4d711de6e192', 'volume_size': 2, 'source_volid': 'aa9b82d4-c177-4841-8976-f1155e4594fb', 'source_volstatus': 'available'}
2026-09-01 10:00:48.528 87 INFO cinder.volume.drivers.lightos [None req-0384f878-a685-429b-b3cd-d0ccce5c1ca3 b5b2047832654b0b942dd40e1f91dcf5 23303f63eb944d1882f3ee7fbe4b71a3 - - - -] Invoking get_snapshot_by_name using GET url: /api/v2/projects/default/snapshots/?Name=for_clone_c2fe39fa-fac5-49ce-bccd-4d711de6e192             request.body: {} ssl_verify: False
2026-09-01 10:00:48.611 87 WARNING py.warnings [None req-0384f878-a685-429b-b3cd-d0ccce5c1ca3 b5b2047832654b0b942dd40e1f91dcf5 23303f63eb944d1882f3ee7fbe4b71a3 - - - -] /var/lib/kolla/venv/lib/python3.12/site-packages/urllib3/connectionpool.py:1110: InsecureRequestWarning: Unverified HTTPS request is being made to host '[LB_IP_ADDRESS]'. Adding certificate verification is strongly advised. See: https://urllib3.readthedocs.io/en/latest/advanced-usage.html#tls-warnings
  warnings.warn(

2026-09-01 10:00:48.619 87 INFO cinder.volume.drivers.lightos [None req-0384f878-a685-429b-b3cd-d0ccce5c1ca3 b5b2047832654b0b942dd40e1f91dcf5 23303f63eb944d1882f3ee7fbe4b71a3 - - - -] Invoking create_snapshot using POST url: /api/v2/projects/default/snapshots             request.body: {'name': 'for_clone_c2fe39fa-fac5-49ce-bccd-4d711de6e192', 'sourceVolumeUUID': None, 'sourceVolumeName': 'vol_aa9b82d4-c177-4841-8976-f1155e4594fb'} ssl_verify: False
2026-09-01 10:00:48.705 87 WARNING py.warnings [None req-0384f878-a685-429b-b3cd-d0ccce5c1ca3 b5b2047832654b0b942dd40e1f91dcf5 23303f63eb944d1882f3ee7fbe4b71a3 - - - -] /var/lib/kolla/venv/lib/python3.12/site-packages/urllib3/connectionpool.py:1110: InsecureRequestWarning: Unverified HTTPS request is being made to host '[LB_IP_ADDRESS]'. Adding certificate verification is strongly advised. See: https://urllib3.readthedocs.io/en/latest/advanced-usage.html#tls-warnings
  warnings.warn(

2026-09-01 10:00:48.753 87 INFO cinder.volume.drivers.lightos [None req-0384f878-a685-429b-b3cd-d0ccce5c1ca3 b5b2047832654b0b942dd40e1f91dcf5 23303f63eb944d1882f3ee7fbe4b71a3 - - - -] Invoking get_snapshot_by_name using GET url: /api/v2/projects/default/snapshots/?Name=for_clone_c2fe39fa-fac5-49ce-bccd-4d711de6e192             request.body: {} ssl_verify: False
2026-09-01 10:00:48.836 87 WARNING py.warnings [None req-0384f878-a685-429b-b3cd-d0ccce5c1ca3 b5b2047832654b0b942dd40e1f91dcf5 23303f63eb944d1882f3ee7fbe4b71a3 - - - -] /var/lib/kolla/venv/lib/python3.12/site-packages/urllib3/connectionpool.py:1110: InsecureRequestWarning: Unverified HTTPS request is being made to host '[LB_IP_ADDRESS]'. Adding certificate verification is strongly advised. See: https://urllib3.readthedocs.io/en/latest/advanced-usage.html#tls-warnings
  warnings.warn(

2026-09-01 10:00:49.864 87 INFO cinder.volume.drivers.lightos [None req-0384f878-a685-429b-b3cd-d0ccce5c1ca3 b5b2047832654b0b942dd40e1f91dcf5 23303f63eb944d1882f3ee7fbe4b71a3 - - - -] Invoking get_snapshot_by_name using GET url: /api/v2/projects/default/snapshots/?Name=for_clone_c2fe39fa-fac5-49ce-bccd-4d711de6e192             request.body: {} ssl_verify: False
2026-09-01 10:00:49.949 87 WARNING py.warnings [None req-0384f878-a685-429b-b3cd-d0ccce5c1ca3 b5b2047832654b0b942dd40e1f91dcf5 23303f63eb944d1882f3ee7fbe4b71a3 - - - -] /var/lib/kolla/venv/lib/python3.12/site-packages/urllib3/connectionpool.py:1110: InsecureRequestWarning: Unverified HTTPS request is being made to host '[LB_IP_ADDRESS]'. Adding certificate verification is strongly advised. See: https://urllib3.readthedocs.io/en/latest/advanced-usage.html#tls-warnings
  warnings.warn(

2026-09-01 10:00:49.965 87 INFO cinder.volume.drivers.lightos [None req-0384f878-a685-429b-b3cd-d0ccce5c1ca3 b5b2047832654b0b942dd40e1f91dcf5 23303f63eb944d1882f3ee7fbe4b71a3 - - - -] Invoking get_volume_by_name using GET url: /api/v2/projects/default/volumes/?name=vol_c2fe39fa-fac5-49ce-bccd-4d711de6e192             request.body: {} ssl_verify: False
2026-09-01 10:00:50.050 87 WARNING py.warnings [None req-0384f878-a685-429b-b3cd-d0ccce5c1ca3 b5b2047832654b0b942dd40e1f91dcf5 23303f63eb944d1882f3ee7fbe4b71a3 - - - -] /var/lib/kolla/venv/lib/python3.12/site-packages/urllib3/connectionpool.py:1110: InsecureRequestWarning: Unverified HTTPS request is being made to host '[LB_IP_ADDRESS]'. Adding certificate verification is strongly advised. See: https://urllib3.readthedocs.io/en/latest/advanced-usage.html#tls-warnings
  warnings.warn(

2026-09-01 10:00:50.061 87 INFO cinder.volume.drivers.lightos [None req-0384f878-a685-429b-b3cd-d0ccce5c1ca3 b5b2047832654b0b942dd40e1f91dcf5 23303f63eb944d1882f3ee7fbe4b71a3 - - - -] Invoking create_volume using POST url: /api/v2/projects/default/volumes             request.body: {'name': 'vol_c2fe39fa-fac5-49ce-bccd-4d711de6e192', 'size': '2 gib', 'replicaCount': '3', 'compression': 'False', 'acl': {'values': ['ALLOW_NONE']}, 'IPAcl': {'values': ['ALLOW_NONE']}, 'sourceSnapshotUUID': None, 'sourceSnapshotName': 'for_clone_c2fe39fa-fac5-49ce-bccd-4d711de6e192'} ssl_verify: False
2026-09-01 10:00:50.145 87 WARNING py.warnings [None req-0384f878-a685-429b-b3cd-d0ccce5c1ca3 b5b2047832654b0b942dd40e1f91dcf5 23303f63eb944d1882f3ee7fbe4b71a3 - - - -] /var/lib/kolla/venv/lib/python3.12/site-packages/urllib3/connectionpool.py:1110: InsecureRequestWarning: Unverified HTTPS request is being made to host '[LB_IP_ADDRESS]'. Adding certificate verification is strongly advised. See: https://urllib3.readthedocs.io/en/latest/advanced-usage.html#tls-warnings
  warnings.warn(

2026-09-01 10:00:50.178 87 INFO cinder.volume.drivers.lightos [None req-0384f878-a685-429b-b3cd-d0ccce5c1ca3 b5b2047832654b0b942dd40e1f91dcf5 23303f63eb944d1882f3ee7fbe4b71a3 - - - -] Invoking get_volume using GET url: /api/v2/projects/default/volumes/a279c2b7-424e-493c-98cd-f73f29127196             request.body: {} ssl_verify: False
2026-09-01 10:00:50.261 87 WARNING py.warnings [None req-0384f878-a685-429b-b3cd-d0ccce5c1ca3 b5b2047832654b0b942dd40e1f91dcf5 23303f63eb944d1882f3ee7fbe4b71a3 - - - -] /var/lib/kolla/venv/lib/python3.12/site-packages/urllib3/connectionpool.py:1110: InsecureRequestWarning: Unverified HTTPS request is being made to host '[LB_IP_ADDRESS]'. Adding certificate verification is strongly advised. See: https://urllib3.readthedocs.io/en/latest/advanced-usage.html#tls-warnings
  warnings.warn(

2026-09-01 10:00:50.273 87 INFO cinder.volume.drivers.lightos [None req-0384f878-a685-429b-b3cd-d0ccce5c1ca3 b5b2047832654b0b942dd40e1f91dcf5 23303f63eb944d1882f3ee7fbe4b71a3 - - - -] Invoking get_snapshot_by_name using GET url: /api/v2/projects/default/snapshots/?Name=for_clone_c2fe39fa-fac5-49ce-bccd-4d711de6e192             request.body: {} ssl_verify: False
2026-09-01 10:00:50.357 87 WARNING py.warnings [None req-0384f878-a685-429b-b3cd-d0ccce5c1ca3 b5b2047832654b0b942dd40e1f91dcf5 23303f63eb944d1882f3ee7fbe4b71a3 - - - -] /var/lib/kolla/venv/lib/python3.12/site-packages/urllib3/connectionpool.py:1110: InsecureRequestWarning: Unverified HTTPS request is being made to host '[LB_IP_ADDRESS]'. Adding certificate verification is strongly advised. See: https://urllib3.readthedocs.io/en/latest/advanced-usage.html#tls-warnings
  warnings.warn(

2026-09-01 10:00:50.373 87 INFO cinder.volume.drivers.lightos [None req-0384f878-a685-429b-b3cd-d0ccce5c1ca3 b5b2047832654b0b942dd40e1f91dcf5 23303f63eb944d1882f3ee7fbe4b71a3 - - - -] Invoking delete_snapshot using DELETE url: /api/v2/projects/default/snapshots/b9176faa-60f5-4c3b-9030-2d88dff863d8?             request.body:  ssl_verify: False
2026-09-01 10:00:50.458 87 WARNING py.warnings [None req-0384f878-a685-429b-b3cd-d0ccce5c1ca3 b5b2047832654b0b942dd40e1f91dcf5 23303f63eb944d1882f3ee7fbe4b71a3 - - - -] /var/lib/kolla/venv/lib/python3.12/site-packages/urllib3/connectionpool.py:1110: InsecureRequestWarning: Unverified HTTPS request is being made to host '[LB_IP_ADDRESS]'. Adding certificate verification is strongly advised. See: https://urllib3.readthedocs.io/en/latest/advanced-usage.html#tls-warnings
  warnings.warn(

2026-09-01 10:00:50.484 87 INFO cinder.volume.drivers.lightos [None req-0384f878-a685-429b-b3cd-d0ccce5c1ca3 b5b2047832654b0b942dd40e1f91dcf5 23303f63eb944d1882f3ee7fbe4b71a3 - - - -] Invoking get_snapshot using GET url: /api/v2/projects/default/snapshots/b9176faa-60f5-4c3b-9030-2d88dff863d8             request.body: {} ssl_verify: False
2026-09-01 10:00:50.566 87 WARNING py.warnings [None req-0384f878-a685-429b-b3cd-d0ccce5c1ca3 b5b2047832654b0b942dd40e1f91dcf5 23303f63eb944d1882f3ee7fbe4b71a3 - - - -] /var/lib/kolla/venv/lib/python3.12/site-packages/urllib3/connectionpool.py:1110: InsecureRequestWarning: Unverified HTTPS request is being made to host '[LB_IP_ADDRESS]'. Adding certificate verification is strongly advised. See: https://urllib3.readthedocs.io/en/latest/advanced-usage.html#tls-warnings
  warnings.warn(

2026-09-01 10:00:50.601 87 INFO cinder.volume.flows.manager.create_volume [None req-0384f878-a685-429b-b3cd-d0ccce5c1ca3 b5b2047832654b0b942dd40e1f91dcf5 23303f63eb944d1882f3ee7fbe4b71a3 - - - -] Volume vol_c2fe39fa-fac5-49ce-bccd-4d711de6e192 (c2fe39fa-fac5-49ce-bccd-4d711de6e192): created successfully
2026-09-01 10:00:50.614 87 INFO cinder.volume.manager [None req-0384f878-a685-429b-b3cd-d0ccce5c1ca3 b5b2047832654b0b942dd40e1f91dcf5 23303f63eb944d1882f3ee7fbe4b71a3 - - - -] Created volume successfully.
2026-09-01 10:00:51.754 87 INFO cinder.volume.drivers.lightos [None req-c8ada131-6475-4692-b727-c0964da675e7 b5b2047832654b0b942dd40e1f91dcf5 23303f63eb944d1882f3ee7fbe4b71a3 - - - -] Invoking delete_volume using DELETE url: /api/v2/projects/default/volumes/a279c2b7-424e-493c-98cd-f73f29127196?             request.body:  ssl_verify: False
2026-09-01 10:00:51.838 87 WARNING py.warnings [None req-c8ada131-6475-4692-b727-c0964da675e7 b5b2047832654b0b942dd40e1f91dcf5 23303f63eb944d1882f3ee7fbe4b71a3 - - - -] /var/lib/kolla/venv/lib/python3.12/site-packages/urllib3/connectionpool.py:1110: InsecureRequestWarning: Unverified HTTPS request is being made to host '[LB_IP_ADDRESS]'. Adding certificate verification is strongly advised. See: https://urllib3.readthedocs.io/en/latest/advanced-usage.html#tls-warnings
  warnings.warn(

2026-09-01 10:00:51.876 87 INFO cinder.volume.drivers.lightos [None req-c8ada131-6475-4692-b727-c0964da675e7 b5b2047832654b0b942dd40e1f91dcf5 23303f63eb944d1882f3ee7fbe4b71a3 - - - -] Invoking get_volume using GET url: /api/v2/projects/default/volumes/a279c2b7-424e-493c-98cd-f73f29127196             request.body: {} ssl_verify: False
2026-09-01 10:00:51.959 87 WARNING py.warnings [None req-c8ada131-6475-4692-b727-c0964da675e7 b5b2047832654b0b942dd40e1f91dcf5 23303f63eb944d1882f3ee7fbe4b71a3 - - - -] /var/lib/kolla/venv/lib/python3.12/site-packages/urllib3/connectionpool.py:1110: InsecureRequestWarning: Unverified HTTPS request is being made to host '[LB_IP_ADDRESS]'. Adding certificate verification is strongly advised. See: https://urllib3.readthedocs.io/en/latest/advanced-usage.html#tls-warnings
  warnings.warn(

2026-09-01 10:00:52.187 87 INFO cinder.volume.manager [None req-c8ada131-6475-4692-b727-c0964da675e7 b5b2047832654b0b942dd40e1f91dcf5 23303f63eb944d1882f3ee7fbe4b71a3 - - - -] Deleted volume successfully.
2026-09-01 10:00:52.943 87 INFO cinder.volume.drivers.lightos [None req-bcdc8cb3-46e3-49a1-89cf-4583d663fc27 b5b2047832654b0b942dd40e1f91dcf5 23303f63eb944d1882f3ee7fbe4b71a3 - - - -] Invoking delete_volume using DELETE url: /api/v2/projects/default/volumes/cdac1b02-386a-43c2-ac71-d7a8c4b4ef7c?             request.body:  ssl_verify: False
2026-09-01 10:00:53.030 87 WARNING py.warnings [None req-bcdc8cb3-46e3-49a1-89cf-4583d663fc27 b5b2047832654b0b942dd40e1f91dcf5 23303f63eb944d1882f3ee7fbe4b71a3 - - - -] /var/lib/kolla/venv/lib/python3.12/site-packages/urllib3/connectionpool.py:1110: InsecureRequestWarning: Unverified HTTPS request is being made to host '[LB_IP_ADDRESS]'. Adding certificate verification is strongly advised. See: https://urllib3.readthedocs.io/en/latest/advanced-usage.html#tls-warnings
  warnings.warn(

2026-09-01 10:00:53.060 87 INFO cinder.volume.drivers.lightos [None req-bcdc8cb3-46e3-49a1-89cf-4583d663fc27 b5b2047832654b0b942dd40e1f91dcf5 23303f63eb944d1882f3ee7fbe4b71a3 - - - -] Invoking get_volume using GET url: /api/v2/projects/default/volumes/cdac1b02-386a-43c2-ac71-d7a8c4b4ef7c             request.body: {} ssl_verify: False
2026-09-01 10:00:53.144 87 WARNING py.warnings [None req-bcdc8cb3-46e3-49a1-89cf-4583d663fc27 b5b2047832654b0b942dd40e1f91dcf5 23303f63eb944d1882f3ee7fbe4b71a3 - - - -] /var/lib/kolla/venv/lib/python3.12/site-packages/urllib3/connectionpool.py:1110: InsecureRequestWarning: Unverified HTTPS request is being made to host '[LB_IP_ADDRESS]'. Adding certificate verification is strongly advised. See: https://urllib3.readthedocs.io/en/latest/advanced-usage.html#tls-warnings
  warnings.warn(

2026-09-01 10:00:53.373 87 INFO cinder.volume.manager [None req-bcdc8cb3-46e3-49a1-89cf-4583d663fc27 b5b2047832654b0b942dd40e1f91dcf5 23303f63eb944d1882f3ee7fbe4b71a3 - - - -] Deleted volume successfully.
2026-09-01 10:00:57.702 87 INFO cinder.volume.flows.manager.create_volume [None req-9c996196-f1cb-4b53-a315-0d1fd52fc481 666a7f40a33742e8aac5440acbb680b5 0a83adcc020640ebab410cd1cb5be64c - - - -] Volume ee41a2d4-63ea-4269-8dad-2eb2429b9479: being created as raw with specification: {'status': 'creating', 'volume_name': 'vol_ee41a2d4-63ea-4269-8dad-2eb2429b9479', 'volume_size': 2}
2026-09-01 10:00:57.702 87 INFO cinder.volume.drivers.lightos [None req-9c996196-f1cb-4b53-a315-0d1fd52fc481 666a7f40a33742e8aac5440acbb680b5 0a83adcc020640ebab410cd1cb5be64c - - - -] Invoking get_volume_by_name using GET url: /api/v2/projects/default/volumes/?name=vol_ee41a2d4-63ea-4269-8dad-2eb2429b9479             request.body: {} ssl_verify: False
2026-09-01 10:00:57.788 87 WARNING py.warnings [None req-9c996196-f1cb-4b53-a315-0d1fd52fc481 666a7f40a33742e8aac5440acbb680b5 0a83adcc020640ebab410cd1cb5be64c - - - -] /var/lib/kolla/venv/lib/python3.12/site-packages/urllib3/connectionpool.py:1110: InsecureRequestWarning: Unverified HTTPS request is being made to host '[LB_IP_ADDRESS]'. Adding certificate verification is strongly advised. See: https://urllib3.readthedocs.io/en/latest/advanced-usage.html#tls-warnings
  warnings.warn(

2026-09-01 10:00:57.800 87 INFO cinder.volume.drivers.lightos [None req-9c996196-f1cb-4b53-a315-0d1fd52fc481 666a7f40a33742e8aac5440acbb680b5 0a83adcc020640ebab410cd1cb5be64c - - - -] Invoking create_volume using POST url: /api/v2/projects/default/volumes             request.body: {'name': 'vol_ee41a2d4-63ea-4269-8dad-2eb2429b9479', 'size': '2 gib', 'replicaCount': '3', 'compression': 'False', 'acl': {'values': ['ALLOW_NONE']}, 'IPAcl': {'values': ['ALLOW_NONE']}, 'sourceSnapshotUUID': None, 'sourceSnapshotName': None} ssl_verify: False
2026-09-01 10:00:57.906 87 WARNING py.warnings [None req-9c996196-f1cb-4b53-a315-0d1fd52fc481 666a7f40a33742e8aac5440acbb680b5 0a83adcc020640ebab410cd1cb5be64c - - - -] /var/lib/kolla/venv/lib/python3.12/site-packages/urllib3/connectionpool.py:1110: InsecureRequestWarning: Unverified HTTPS request is being made to host '[LB_IP_ADDRESS]'. Adding certificate verification is strongly advised. See: https://urllib3.readthedocs.io/en/latest/advanced-usage.html#tls-warnings
  warnings.warn(

2026-09-01 10:00:57.938 87 INFO cinder.volume.drivers.lightos [None req-9c996196-f1cb-4b53-a315-0d1fd52fc481 666a7f40a33742e8aac5440acbb680b5 0a83adcc020640ebab410cd1cb5be64c - - - -] Invoking get_volume using GET url: /api/v2/projects/default/volumes/76946c97-cc54-4830-aeef-de3288907144             request.body: {} ssl_verify: False
2026-09-01 10:00:58.022 87 WARNING py.warnings [None req-9c996196-f1cb-4b53-a315-0d1fd52fc481 666a7f40a33742e8aac5440acbb680b5 0a83adcc020640ebab410cd1cb5be64c - - - -] /var/lib/kolla/venv/lib/python3.12/site-packages/urllib3/connectionpool.py:1110: InsecureRequestWarning: Unverified HTTPS request is being made to host '[LB_IP_ADDRESS]'. Adding certificate verification is strongly advised. See: https://urllib3.readthedocs.io/en/latest/advanced-usage.html#tls-warnings
  warnings.warn(

2026-09-01 10:00:58.082 87 INFO cinder.volume.flows.manager.create_volume [None req-9c996196-f1cb-4b53-a315-0d1fd52fc481 666a7f40a33742e8aac5440acbb680b5 0a83adcc020640ebab410cd1cb5be64c - - - -] Volume vol_ee41a2d4-63ea-4269-8dad-2eb2429b9479 (ee41a2d4-63ea-4269-8dad-2eb2429b9479): created successfully
2026-09-01 10:00:58.096 87 INFO cinder.volume.manager [None req-9c996196-f1cb-4b53-a315-0d1fd52fc481 666a7f40a33742e8aac5440acbb680b5 0a83adcc020640ebab410cd1cb5be64c - - - -] Created volume successfully.
2026-09-01 10:00:58.883 87 INFO cinder.volume.drivers.lightos [None req-191678d4-59b6-4bac-aa75-70cc0b2578a4 666a7f40a33742e8aac5440acbb680b5 0a83adcc020640ebab410cd1cb5be64c - - - -] Invoking delete_volume using DELETE url: /api/v2/projects/default/volumes/76946c97-cc54-4830-aeef-de3288907144?             request.body:  ssl_verify: False
2026-09-01 10:00:58.967 87 WARNING py.warnings [None req-191678d4-59b6-4bac-aa75-70cc0b2578a4 666a7f40a33742e8aac5440acbb680b5 0a83adcc020640ebab410cd1cb5be64c - - - -] /var/lib/kolla/venv/lib/python3.12/site-packages/urllib3/connectionpool.py:1110: InsecureRequestWarning: Unverified HTTPS request is being made to host '[LB_IP_ADDRESS]'. Adding certificate verification is strongly advised. See: https://urllib3.readthedocs.io/en/latest/advanced-usage.html#tls-warnings
  warnings.warn(

2026-09-01 10:00:58.996 87 INFO cinder.volume.drivers.lightos [None req-191678d4-59b6-4bac-aa75-70cc0b2578a4 666a7f40a33742e8aac5440acbb680b5 0a83adcc020640ebab410cd1cb5be64c - - - -] Invoking get_volume using GET url: /api/v2/projects/default/volumes/76946c97-cc54-4830-aeef-de3288907144             request.body: {} ssl_verify: False
2026-09-01 10:00:59.081 87 WARNING py.warnings [None req-191678d4-59b6-4bac-aa75-70cc0b2578a4 666a7f40a33742e8aac5440acbb680b5 0a83adcc020640ebab410cd1cb5be64c - - - -] /var/lib/kolla/venv/lib/python3.12/site-packages/urllib3/connectionpool.py:1110: InsecureRequestWarning: Unverified HTTPS request is being made to host '[LB_IP_ADDRESS]'. Adding certificate verification is strongly advised. See: https://urllib3.readthedocs.io/en/latest/advanced-usage.html#tls-warnings
  warnings.warn(

2026-09-01 10:00:59.314 87 INFO cinder.volume.manager [None req-191678d4-59b6-4bac-aa75-70cc0b2578a4 666a7f40a33742e8aac5440acbb680b5 0a83adcc020640ebab410cd1cb5be64c - - - -] Deleted volume successfully.
2026-09-01 10:01:02.183 87 INFO cinder.volume.drivers.lightos [None req-ae5f8d90-ae0f-40a7-b3e5-e2e9c996ce2e a32cc62ef088402d80219f65fea0f9eb 974d54af34ab48b8860a6d352a171d67 - - - -] Invoking delete_volume using DELETE url: /api/v2/projects/default/volumes/44f8f43c-d228-4837-ab1c-031b8e36b0e0?             request.body:  ssl_verify: False
2026-09-01 10:01:02.268 87 WARNING py.warnings [None req-ae5f8d90-ae0f-40a7-b3e5-e2e9c996ce2e a32cc62ef088402d80219f65fea0f9eb 974d54af34ab48b8860a6d352a171d67 - - - -] /var/lib/kolla/venv/lib/python3.12/site-packages/urllib3/connectionpool.py:1110: InsecureRequestWarning: Unverified HTTPS request is being made to host '[LB_IP_ADDRESS]'. Adding certificate verification is strongly advised. See: https://urllib3.readthedocs.io/en/latest/advanced-usage.html#tls-warnings
  warnings.warn(

2026-09-01 10:01:02.298 87 INFO cinder.volume.drivers.lightos [None req-ae5f8d90-ae0f-40a7-b3e5-e2e9c996ce2e a32cc62ef088402d80219f65fea0f9eb 974d54af34ab48b8860a6d352a171d67 - - - -] Invoking get_volume using GET url: /api/v2/projects/default/volumes/44f8f43c-d228-4837-ab1c-031b8e36b0e0             request.body: {} ssl_verify: False
2026-09-01 10:01:02.382 87 WARNING py.warnings [None req-ae5f8d90-ae0f-40a7-b3e5-e2e9c996ce2e a32cc62ef088402d80219f65fea0f9eb 974d54af34ab48b8860a6d352a171d67 - - - -] /var/lib/kolla/venv/lib/python3.12/site-packages/urllib3/connectionpool.py:1110: InsecureRequestWarning: Unverified HTTPS request is being made to host '[LB_IP_ADDRESS]'. Adding certificate verification is strongly advised. See: https://urllib3.readthedocs.io/en/latest/advanced-usage.html#tls-warnings
  warnings.warn(

2026-09-01 10:01:02.611 87 INFO cinder.volume.manager [None req-ae5f8d90-ae0f-40a7-b3e5-e2e9c996ce2e a32cc62ef088402d80219f65fea0f9eb 974d54af34ab48b8860a6d352a171d67 - - - -] Deleted volume successfully.
2026-09-01 10:01:03.568 87 INFO cinder.volume.flows.manager.create_volume [None req-08798ed7-7d8a-47b9-aad1-3b39315dac9a 01d502ca1f5345b690ab004b977305e1 b316b6f37e034fe68e174647b32ffbf0 - - - -] Volume 777b3d42-722c-486f-9808-cb8d951c2377: being created as raw with specification: {'status': 'creating', 'volume_name': 'vol_777b3d42-722c-486f-9808-cb8d951c2377', 'volume_size': 1}
2026-09-01 10:01:03.569 87 INFO cinder.volume.drivers.lightos [None req-08798ed7-7d8a-47b9-aad1-3b39315dac9a 01d502ca1f5345b690ab004b977305e1 b316b6f37e034fe68e174647b32ffbf0 - - - -] Invoking get_volume_by_name using GET url: /api/v2/projects/default/volumes/?name=vol_777b3d42-722c-486f-9808-cb8d951c2377             request.body: {} ssl_verify: False
2026-09-01 10:01:03.655 87 WARNING py.warnings [None req-08798ed7-7d8a-47b9-aad1-3b39315dac9a 01d502ca1f5345b690ab004b977305e1 b316b6f37e034fe68e174647b32ffbf0 - - - -] /var/lib/kolla/venv/lib/python3.12/site-packages/urllib3/connectionpool.py:1110: InsecureRequestWarning: Unverified HTTPS request is being made to host '[LB_IP_ADDRESS]'. Adding certificate verification is strongly advised. See: https://urllib3.readthedocs.io/en/latest/advanced-usage.html#tls-warnings
  warnings.warn(

2026-09-01 10:01:03.666 87 INFO cinder.volume.drivers.lightos [None req-08798ed7-7d8a-47b9-aad1-3b39315dac9a 01d502ca1f5345b690ab004b977305e1 b316b6f37e034fe68e174647b32ffbf0 - - - -] Invoking create_volume using POST url: /api/v2/projects/default/volumes             request.body: {'name': 'vol_777b3d42-722c-486f-9808-cb8d951c2377', 'size': '1 gib', 'replicaCount': '3', 'compression': 'False', 'acl': {'values': ['ALLOW_NONE']}, 'IPAcl': {'values': ['ALLOW_NONE']}, 'sourceSnapshotUUID': None, 'sourceSnapshotName': None} ssl_verify: False
2026-09-01 10:01:03.751 87 WARNING py.warnings [None req-08798ed7-7d8a-47b9-aad1-3b39315dac9a 01d502ca1f5345b690ab004b977305e1 b316b6f37e034fe68e174647b32ffbf0 - - - -] /var/lib/kolla/venv/lib/python3.12/site-packages/urllib3/connectionpool.py:1110: InsecureRequestWarning: Unverified HTTPS request is being made to host '[LB_IP_ADDRESS]'. Adding certificate verification is strongly advised. See: https://urllib3.readthedocs.io/en/latest/advanced-usage.html#tls-warnings
  warnings.warn(

2026-09-01 10:01:03.779 87 INFO cinder.volume.drivers.lightos [None req-08798ed7-7d8a-47b9-aad1-3b39315dac9a 01d502ca1f5345b690ab004b977305e1 b316b6f37e034fe68e174647b32ffbf0 - - - -] Invoking get_volume using GET url: /api/v2/projects/default/volumes/f68d7173-c46e-4aab-bcb4-8c0217c6b197             request.body: {} ssl_verify: False
2026-09-01 10:01:03.861 87 WARNING py.warnings [None req-08798ed7-7d8a-47b9-aad1-3b39315dac9a 01d502ca1f5345b690ab004b977305e1 b316b6f37e034fe68e174647b32ffbf0 - - - -] /var/lib/kolla/venv/lib/python3.12/site-packages/urllib3/connectionpool.py:1110: InsecureRequestWarning: Unverified HTTPS request is being made to host '[LB_IP_ADDRESS]'. Adding certificate verification is strongly advised. See: https://urllib3.readthedocs.io/en/latest/advanced-usage.html#tls-warnings
  warnings.warn(

2026-09-01 10:01:03.892 87 INFO cinder.volume.flows.manager.create_volume [None req-08798ed7-7d8a-47b9-aad1-3b39315dac9a 01d502ca1f5345b690ab004b977305e1 b316b6f37e034fe68e174647b32ffbf0 - - - -] Volume vol_777b3d42-722c-486f-9808-cb8d951c2377 (777b3d42-722c-486f-9808-cb8d951c2377): created successfully
2026-09-01 10:01:03.906 87 INFO cinder.volume.manager [None req-08798ed7-7d8a-47b9-aad1-3b39315dac9a 01d502ca1f5345b690ab004b977305e1 b316b6f37e034fe68e174647b32ffbf0 - - - -] Created volume successfully.
2026-09-01 10:01:05.040 87 INFO cinder.volume.drivers.lightos [None req-eb7457fd-6302-4a94-ab5f-4031d245a36f 01d502ca1f5345b690ab004b977305e1 b316b6f37e034fe68e174647b32ffbf0 - - - -] Invoking get_snapshot_by_name using GET url: /api/v2/projects/default/snapshots/?Name=snapshot-5a521fa8-6975-4285-a746-4bf46bcf7b91             request.body: {} ssl_verify: False
2026-09-01 10:01:05.126 87 WARNING py.warnings [None req-eb7457fd-6302-4a94-ab5f-4031d245a36f 01d502ca1f5345b690ab004b977305e1 b316b6f37e034fe68e174647b32ffbf0 - - - -] /var/lib/kolla/venv/lib/python3.12/site-packages/urllib3/connectionpool.py:1110: InsecureRequestWarning: Unverified HTTPS request is being made to host '[LB_IP_ADDRESS]'. Adding certificate verification is strongly advised. See: https://urllib3.readthedocs.io/en/latest/advanced-usage.html#tls-warnings
  warnings.warn(

2026-09-01 10:01:05.136 87 INFO cinder.volume.drivers.lightos [None req-eb7457fd-6302-4a94-ab5f-4031d245a36f 01d502ca1f5345b690ab004b977305e1 b316b6f37e034fe68e174647b32ffbf0 - - - -] Invoking create_snapshot using POST url: /api/v2/projects/default/snapshots             request.body: {'name': 'snapshot-5a521fa8-6975-4285-a746-4bf46bcf7b91', 'sourceVolumeUUID': None, 'sourceVolumeName': 'vol_777b3d42-722c-486f-9808-cb8d951c2377'} ssl_verify: False
2026-09-01 10:01:05.222 87 WARNING py.warnings [None req-eb7457fd-6302-4a94-ab5f-4031d245a36f 01d502ca1f5345b690ab004b977305e1 b316b6f37e034fe68e174647b32ffbf0 - - - -] /var/lib/kolla/venv/lib/python3.12/site-packages/urllib3/connectionpool.py:1110: InsecureRequestWarning: Unverified HTTPS request is being made to host '[LB_IP_ADDRESS]'. Adding certificate verification is strongly advised. See: https://urllib3.readthedocs.io/en/latest/advanced-usage.html#tls-warnings
  warnings.warn(

2026-09-01 10:01:05.262 87 INFO cinder.volume.drivers.lightos [None req-eb7457fd-6302-4a94-ab5f-4031d245a36f 01d502ca1f5345b690ab004b977305e1 b316b6f37e034fe68e174647b32ffbf0 - - - -] Invoking get_snapshot_by_name using GET url: /api/v2/projects/default/snapshots/?Name=snapshot-5a521fa8-6975-4285-a746-4bf46bcf7b91             request.body: {} ssl_verify: False
2026-09-01 10:01:05.348 87 WARNING py.warnings [None req-eb7457fd-6302-4a94-ab5f-4031d245a36f 01d502ca1f5345b690ab004b977305e1 b316b6f37e034fe68e174647b32ffbf0 - - - -] /var/lib/kolla/venv/lib/python3.12/site-packages/urllib3/connectionpool.py:1110: InsecureRequestWarning: Unverified HTTPS request is being made to host '[LB_IP_ADDRESS]'. Adding certificate verification is strongly advised. See: https://urllib3.readthedocs.io/en/latest/advanced-usage.html#tls-warnings
  warnings.warn(

2026-09-01 10:01:06.365 87 INFO cinder.volume.drivers.lightos [None req-eb7457fd-6302-4a94-ab5f-4031d245a36f 01d502ca1f5345b690ab004b977305e1 b316b6f37e034fe68e174647b32ffbf0 - - - -] Invoking get_snapshot_by_name using GET url: /api/v2/projects/default/snapshots/?Name=snapshot-5a521fa8-6975-4285-a746-4bf46bcf7b91             request.body: {} ssl_verify: False
2026-09-01 10:01:06.449 87 WARNING py.warnings [None req-eb7457fd-6302-4a94-ab5f-4031d245a36f 01d502ca1f5345b690ab004b977305e1 b316b6f37e034fe68e174647b32ffbf0 - - - -] /var/lib/kolla/venv/lib/python3.12/site-packages/urllib3/connectionpool.py:1110: InsecureRequestWarning: Unverified HTTPS request is being made to host '[LB_IP_ADDRESS]'. Adding certificate verification is strongly advised. See: https://urllib3.readthedocs.io/en/latest/advanced-usage.html#tls-warnings
  warnings.warn(

2026-09-01 10:01:06.487 87 INFO cinder.volume.manager [None req-eb7457fd-6302-4a94-ab5f-4031d245a36f 01d502ca1f5345b690ab004b977305e1 b316b6f37e034fe68e174647b32ffbf0 - - - -] Create snapshot completed successfully
2026-09-01 10:01:07.355 87 INFO cinder.volume.drivers.lightos [None req-40c9581c-a3ed-4744-a888-6817060c8601 01d502ca1f5345b690ab004b977305e1 b316b6f37e034fe68e174647b32ffbf0 - - - -] Invoking get_snapshot_by_name using GET url: /api/v2/projects/default/snapshots/?Name=snapshot-0ed82151-395d-40ff-a613-544c2907cb1c             request.body: {} ssl_verify: False
2026-09-01 10:01:07.439 87 WARNING py.warnings [None req-40c9581c-a3ed-4744-a888-6817060c8601 01d502ca1f5345b690ab004b977305e1 b316b6f37e034fe68e174647b32ffbf0 - - - -] /var/lib/kolla/venv/lib/python3.12/site-packages/urllib3/connectionpool.py:1110: InsecureRequestWarning: Unverified HTTPS request is being made to host '[LB_IP_ADDRESS]'. Adding certificate verification is strongly advised. See: https://urllib3.readthedocs.io/en/latest/advanced-usage.html#tls-warnings
  warnings.warn(

2026-09-01 10:01:07.449 87 INFO cinder.volume.drivers.lightos [None req-40c9581c-a3ed-4744-a888-6817060c8601 01d502ca1f5345b690ab004b977305e1 b316b6f37e034fe68e174647b32ffbf0 - - - -] Invoking create_snapshot using POST url: /api/v2/projects/default/snapshots             request.body: {'name': 'snapshot-0ed82151-395d-40ff-a613-544c2907cb1c', 'sourceVolumeUUID': None, 'sourceVolumeName': 'vol_777b3d42-722c-486f-9808-cb8d951c2377'} ssl_verify: False
2026-09-01 10:01:07.532 87 WARNING py.warnings [None req-40c9581c-a3ed-4744-a888-6817060c8601 01d502ca1f5345b690ab004b977305e1 b316b6f37e034fe68e174647b32ffbf0 - - - -] /var/lib/kolla/venv/lib/python3.12/site-packages/urllib3/connectionpool.py:1110: InsecureRequestWarning: Unverified HTTPS request is being made to host '[LB_IP_ADDRESS]'. Adding certificate verification is strongly advised. See: https://urllib3.readthedocs.io/en/latest/advanced-usage.html#tls-warnings
  warnings.warn(

2026-09-01 10:01:07.573 87 INFO cinder.volume.drivers.lightos [None req-40c9581c-a3ed-4744-a888-6817060c8601 01d502ca1f5345b690ab004b977305e1 b316b6f37e034fe68e174647b32ffbf0 - - - -] Invoking get_snapshot_by_name using GET url: /api/v2/projects/default/snapshots/?Name=snapshot-0ed82151-395d-40ff-a613-544c2907cb1c             request.body: {} ssl_verify: False
2026-09-01 10:01:07.656 87 WARNING py.warnings [None req-40c9581c-a3ed-4744-a888-6817060c8601 01d502ca1f5345b690ab004b977305e1 b316b6f37e034fe68e174647b32ffbf0 - - - -] /var/lib/kolla/venv/lib/python3.12/site-packages/urllib3/connectionpool.py:1110: InsecureRequestWarning: Unverified HTTPS request is being made to host '[LB_IP_ADDRESS]'. Adding certificate verification is strongly advised. See: https://urllib3.readthedocs.io/en/latest/advanced-usage.html#tls-warnings
  warnings.warn(

2026-09-01 10:01:08.699 87 INFO cinder.volume.drivers.lightos [None req-40c9581c-a3ed-4744-a888-6817060c8601 01d502ca1f5345b690ab004b977305e1 b316b6f37e034fe68e174647b32ffbf0 - - - -] Invoking get_snapshot_by_name using GET url: /api/v2/projects/default/snapshots/?Name=snapshot-0ed82151-395d-40ff-a613-544c2907cb1c             request.body: {} ssl_verify: False
2026-09-01 10:01:08.784 87 WARNING py.warnings [None req-40c9581c-a3ed-4744-a888-6817060c8601 01d502ca1f5345b690ab004b977305e1 b316b6f37e034fe68e174647b32ffbf0 - - - -] /var/lib/kolla/venv/lib/python3.12/site-packages/urllib3/connectionpool.py:1110: InsecureRequestWarning: Unverified HTTPS request is being made to host '[LB_IP_ADDRESS]'. Adding certificate verification is strongly advised. See: https://urllib3.readthedocs.io/en/latest/advanced-usage.html#tls-warnings
  warnings.warn(

2026-09-01 10:01:08.816 87 INFO cinder.volume.manager [None req-40c9581c-a3ed-4744-a888-6817060c8601 01d502ca1f5345b690ab004b977305e1 b316b6f37e034fe68e174647b32ffbf0 - - - -] Create snapshot completed successfully
2026-09-01 10:01:09.682 87 INFO cinder.volume.drivers.lightos [None req-05397f80-ae74-4c29-beac-b9df5d472bfc 01d502ca1f5345b690ab004b977305e1 b316b6f37e034fe68e174647b32ffbf0 - - - -] Invoking get_snapshot_by_name using GET url: /api/v2/projects/default/snapshots/?Name=snapshot-63eed280-361c-4af7-8430-ab0ca5fe567f             request.body: {} ssl_verify: False
2026-09-01 10:01:09.767 87 WARNING py.warnings [None req-05397f80-ae74-4c29-beac-b9df5d472bfc 01d502ca1f5345b690ab004b977305e1 b316b6f37e034fe68e174647b32ffbf0 - - - -] /var/lib/kolla/venv/lib/python3.12/site-packages/urllib3/connectionpool.py:1110: InsecureRequestWarning: Unverified HTTPS request is being made to host '[LB_IP_ADDRESS]'. Adding certificate verification is strongly advised. See: https://urllib3.readthedocs.io/en/latest/advanced-usage.html#tls-warnings
  warnings.warn(

2026-09-01 10:01:09.779 87 INFO cinder.volume.drivers.lightos [None req-05397f80-ae74-4c29-beac-b9df5d472bfc 01d502ca1f5345b690ab004b977305e1 b316b6f37e034fe68e174647b32ffbf0 - - - -] Invoking create_snapshot using POST url: /api/v2/projects/default/snapshots             request.body: {'name': 'snapshot-63eed280-361c-4af7-8430-ab0ca5fe567f', 'sourceVolumeUUID': None, 'sourceVolumeName': 'vol_777b3d42-722c-486f-9808-cb8d951c2377'} ssl_verify: False
2026-09-01 10:01:09.865 87 WARNING py.warnings [None req-05397f80-ae74-4c29-beac-b9df5d472bfc 01d502ca1f5345b690ab004b977305e1 b316b6f37e034fe68e174647b32ffbf0 - - - -] /var/lib/kolla/venv/lib/python3.12/site-packages/urllib3/connectionpool.py:1110: InsecureRequestWarning: Unverified HTTPS request is being made to host '[LB_IP_ADDRESS]'. Adding certificate verification is strongly advised. See: https://urllib3.readthedocs.io/en/latest/advanced-usage.html#tls-warnings
  warnings.warn(

2026-09-01 10:01:09.908 87 INFO cinder.volume.drivers.lightos [None req-05397f80-ae74-4c29-beac-b9df5d472bfc 01d502ca1f5345b690ab004b977305e1 b316b6f37e034fe68e174647b32ffbf0 - - - -] Invoking get_snapshot_by_name using GET url: /api/v2/projects/default/snapshots/?Name=snapshot-63eed280-361c-4af7-8430-ab0ca5fe567f             request.body: {} ssl_verify: False
2026-09-01 10:01:09.991 87 WARNING py.warnings [None req-05397f80-ae74-4c29-beac-b9df5d472bfc 01d502ca1f5345b690ab004b977305e1 b316b6f37e034fe68e174647b32ffbf0 - - - -] /var/lib/kolla/venv/lib/python3.12/site-packages/urllib3/connectionpool.py:1110: InsecureRequestWarning: Unverified HTTPS request is being made to host '[LB_IP_ADDRESS]'. Adding certificate verification is strongly advised. See: https://urllib3.readthedocs.io/en/latest/advanced-usage.html#tls-warnings
  warnings.warn(

2026-09-01 10:01:11.023 87 INFO cinder.volume.drivers.lightos [None req-05397f80-ae74-4c29-beac-b9df5d472bfc 01d502ca1f5345b690ab004b977305e1 b316b6f37e034fe68e174647b32ffbf0 - - - -] Invoking get_snapshot_by_name using GET url: /api/v2/projects/default/snapshots/?Name=snapshot-63eed280-361c-4af7-8430-ab0ca5fe567f             request.body: {} ssl_verify: False
2026-09-01 10:01:11.107 87 WARNING py.warnings [None req-05397f80-ae74-4c29-beac-b9df5d472bfc 01d502ca1f5345b690ab004b977305e1 b316b6f37e034fe68e174647b32ffbf0 - - - -] /var/lib/kolla/venv/lib/python3.12/site-packages/urllib3/connectionpool.py:1110: InsecureRequestWarning: Unverified HTTPS request is being made to host '[LB_IP_ADDRESS]'. Adding certificate verification is strongly advised. See: https://urllib3.readthedocs.io/en/latest/advanced-usage.html#tls-warnings
  warnings.warn(

2026-09-01 10:01:11.142 87 INFO cinder.volume.manager [None req-05397f80-ae74-4c29-beac-b9df5d472bfc 01d502ca1f5345b690ab004b977305e1 b316b6f37e034fe68e174647b32ffbf0 - - - -] Create snapshot completed successfully
2026-09-01 10:01:12.290 87 INFO cinder.volume.drivers.lightos [None req-91222350-962e-4f0c-9950-7f870164430f 01d502ca1f5345b690ab004b977305e1 b316b6f37e034fe68e174647b32ffbf0 - - - -] Invoking get_snapshot_by_name using GET url: /api/v2/projects/default/snapshots/?Name=snapshot-63eed280-361c-4af7-8430-ab0ca5fe567f             request.body: {} ssl_verify: False
2026-09-01 10:01:12.376 87 WARNING py.warnings [None req-91222350-962e-4f0c-9950-7f870164430f 01d502ca1f5345b690ab004b977305e1 b316b6f37e034fe68e174647b32ffbf0 - - - -] /var/lib/kolla/venv/lib/python3.12/site-packages/urllib3/connectionpool.py:1110: InsecureRequestWarning: Unverified HTTPS request is being made to host '[LB_IP_ADDRESS]'. Adding certificate verification is strongly advised. See: https://urllib3.readthedocs.io/en/latest/advanced-usage.html#tls-warnings
  warnings.warn(

2026-09-01 10:01:12.391 87 INFO cinder.volume.drivers.lightos [None req-91222350-962e-4f0c-9950-7f870164430f 01d502ca1f5345b690ab004b977305e1 b316b6f37e034fe68e174647b32ffbf0 - - - -] Invoking delete_snapshot using DELETE url: /api/v2/projects/default/snapshots/bb0ec816-d2fc-4a52-9bf5-008c5e0a9016?             request.body:  ssl_verify: False
2026-09-01 10:01:12.476 87 WARNING py.warnings [None req-91222350-962e-4f0c-9950-7f870164430f 01d502ca1f5345b690ab004b977305e1 b316b6f37e034fe68e174647b32ffbf0 - - - -] /var/lib/kolla/venv/lib/python3.12/site-packages/urllib3/connectionpool.py:1110: InsecureRequestWarning: Unverified HTTPS request is being made to host '[LB_IP_ADDRESS]'. Adding certificate verification is strongly advised. See: https://urllib3.readthedocs.io/en/latest/advanced-usage.html#tls-warnings
  warnings.warn(

2026-09-01 10:01:12.508 87 INFO cinder.volume.drivers.lightos [None req-91222350-962e-4f0c-9950-7f870164430f 01d502ca1f5345b690ab004b977305e1 b316b6f37e034fe68e174647b32ffbf0 - - - -] Invoking get_snapshot using GET url: /api/v2/projects/default/snapshots/bb0ec816-d2fc-4a52-9bf5-008c5e0a9016             request.body: {} ssl_verify: False
2026-09-01 10:01:12.591 87 WARNING py.warnings [None req-91222350-962e-4f0c-9950-7f870164430f 01d502ca1f5345b690ab004b977305e1 b316b6f37e034fe68e174647b32ffbf0 - - - -] /var/lib/kolla/venv/lib/python3.12/site-packages/urllib3/connectionpool.py:1110: InsecureRequestWarning: Unverified HTTPS request is being made to host '[LB_IP_ADDRESS]'. Adding certificate verification is strongly advised. See: https://urllib3.readthedocs.io/en/latest/advanced-usage.html#tls-warnings
  warnings.warn(

2026-09-01 10:01:12.877 87 INFO cinder.volume.manager [None req-91222350-962e-4f0c-9950-7f870164430f 01d502ca1f5345b690ab004b977305e1 b316b6f37e034fe68e174647b32ffbf0 - - - -] Delete snapshot completed successfully.
2026-09-01 10:01:13.395 87 INFO cinder.volume.drivers.lightos [None req-b2748a24-166d-4b4b-9128-f8eb827a50d6 01d502ca1f5345b690ab004b977305e1 b316b6f37e034fe68e174647b32ffbf0 - - - -] Invoking get_snapshot_by_name using GET url: /api/v2/projects/default/snapshots/?Name=snapshot-0ed82151-395d-40ff-a613-544c2907cb1c             request.body: {} ssl_verify: False
2026-09-01 10:01:13.482 87 WARNING py.warnings [None req-b2748a24-166d-4b4b-9128-f8eb827a50d6 01d502ca1f5345b690ab004b977305e1 b316b6f37e034fe68e174647b32ffbf0 - - - -] /var/lib/kolla/venv/lib/python3.12/site-packages/urllib3/connectionpool.py:1110: InsecureRequestWarning: Unverified HTTPS request is being made to host '[LB_IP_ADDRESS]'. Adding certificate verification is strongly advised. See: https://urllib3.readthedocs.io/en/latest/advanced-usage.html#tls-warnings
  warnings.warn(

2026-09-01 10:01:13.497 87 INFO cinder.volume.drivers.lightos [None req-b2748a24-166d-4b4b-9128-f8eb827a50d6 01d502ca1f5345b690ab004b977305e1 b316b6f37e034fe68e174647b32ffbf0 - - - -] Invoking delete_snapshot using DELETE url: /api/v2/projects/default/snapshots/aad3392a-b291-4741-8f2a-2fabee9a7efa?             request.body:  ssl_verify: False
2026-09-01 10:01:13.580 87 WARNING py.warnings [None req-b2748a24-166d-4b4b-9128-f8eb827a50d6 01d502ca1f5345b690ab004b977305e1 b316b6f37e034fe68e174647b32ffbf0 - - - -] /var/lib/kolla/venv/lib/python3.12/site-packages/urllib3/connectionpool.py:1110: InsecureRequestWarning: Unverified HTTPS request is being made to host '[LB_IP_ADDRESS]'. Adding certificate verification is strongly advised. See: https://urllib3.readthedocs.io/en/latest/advanced-usage.html#tls-warnings
  warnings.warn(

2026-09-01 10:01:13.599 87 INFO cinder.volume.drivers.lightos [None req-b2748a24-166d-4b4b-9128-f8eb827a50d6 01d502ca1f5345b690ab004b977305e1 b316b6f37e034fe68e174647b32ffbf0 - - - -] Invoking get_snapshot using GET url: /api/v2/projects/default/snapshots/aad3392a-b291-4741-8f2a-2fabee9a7efa             request.body: {} ssl_verify: False
2026-09-01 10:01:13.681 87 WARNING py.warnings [None req-b2748a24-166d-4b4b-9128-f8eb827a50d6 01d502ca1f5345b690ab004b977305e1 b316b6f37e034fe68e174647b32ffbf0 - - - -] /var/lib/kolla/venv/lib/python3.12/site-packages/urllib3/connectionpool.py:1110: InsecureRequestWarning: Unverified HTTPS request is being made to host '[LB_IP_ADDRESS]'. Adding certificate verification is strongly advised. See: https://urllib3.readthedocs.io/en/latest/advanced-usage.html#tls-warnings
  warnings.warn(

2026-09-01 10:01:13.928 87 INFO cinder.volume.manager [None req-b2748a24-166d-4b4b-9128-f8eb827a50d6 01d502ca1f5345b690ab004b977305e1 b316b6f37e034fe68e174647b32ffbf0 - - - -] Delete snapshot completed successfully.
2026-09-01 10:01:14.499 87 INFO cinder.volume.drivers.lightos [None req-87029e2e-ab2f-43e6-b267-753de9147b41 01d502ca1f5345b690ab004b977305e1 b316b6f37e034fe68e174647b32ffbf0 - - - -] Invoking get_snapshot_by_name using GET url: /api/v2/projects/default/snapshots/?Name=snapshot-5a521fa8-6975-4285-a746-4bf46bcf7b91             request.body: {} ssl_verify: False
2026-09-01 10:01:14.586 87 WARNING py.warnings [None req-87029e2e-ab2f-43e6-b267-753de9147b41 01d502ca1f5345b690ab004b977305e1 b316b6f37e034fe68e174647b32ffbf0 - - - -] /var/lib/kolla/venv/lib/python3.12/site-packages/urllib3/connectionpool.py:1110: InsecureRequestWarning: Unverified HTTPS request is being made to host '[LB_IP_ADDRESS]'. Adding certificate verification is strongly advised. See: https://urllib3.readthedocs.io/en/latest/advanced-usage.html#tls-warnings
  warnings.warn(

2026-09-01 10:01:14.609 87 INFO cinder.volume.drivers.lightos [None req-87029e2e-ab2f-43e6-b267-753de9147b41 01d502ca1f5345b690ab004b977305e1 b316b6f37e034fe68e174647b32ffbf0 - - - -] Invoking delete_snapshot using DELETE url: /api/v2/projects/default/snapshots/61619799-7028-4740-b43b-2d17014d6b6d?             request.body:  ssl_verify: False
2026-09-01 10:01:14.694 87 WARNING py.warnings [None req-87029e2e-ab2f-43e6-b267-753de9147b41 01d502ca1f5345b690ab004b977305e1 b316b6f37e034fe68e174647b32ffbf0 - - - -] /var/lib/kolla/venv/lib/python3.12/site-packages/urllib3/connectionpool.py:1110: InsecureRequestWarning: Unverified HTTPS request is being made to host '[LB_IP_ADDRESS]'. Adding certificate verification is strongly advised. See: https://urllib3.readthedocs.io/en/latest/advanced-usage.html#tls-warnings
  warnings.warn(

2026-09-01 10:01:14.715 87 INFO cinder.volume.drivers.lightos [None req-87029e2e-ab2f-43e6-b267-753de9147b41 01d502ca1f5345b690ab004b977305e1 b316b6f37e034fe68e174647b32ffbf0 - - - -] Invoking get_snapshot using GET url: /api/v2/projects/default/snapshots/61619799-7028-4740-b43b-2d17014d6b6d             request.body: {} ssl_verify: False
2026-09-01 10:01:14.799 87 WARNING py.warnings [None req-87029e2e-ab2f-43e6-b267-753de9147b41 01d502ca1f5345b690ab004b977305e1 b316b6f37e034fe68e174647b32ffbf0 - - - -] /var/lib/kolla/venv/lib/python3.12/site-packages/urllib3/connectionpool.py:1110: InsecureRequestWarning: Unverified HTTPS request is being made to host '[LB_IP_ADDRESS]'. Adding certificate verification is strongly advised. See: https://urllib3.readthedocs.io/en/latest/advanced-usage.html#tls-warnings
  warnings.warn(

2026-09-01 10:01:15.026 87 INFO cinder.volume.manager [None req-87029e2e-ab2f-43e6-b267-753de9147b41 01d502ca1f5345b690ab004b977305e1 b316b6f37e034fe68e174647b32ffbf0 - - - -] Delete snapshot completed successfully.
2026-09-01 10:01:15.680 87 INFO cinder.volume.drivers.lightos [None req-3ee08360-eb93-4002-afe4-83feba2ef976 01d502ca1f5345b690ab004b977305e1 b316b6f37e034fe68e174647b32ffbf0 - - - -] Invoking delete_volume using DELETE url: /api/v2/projects/default/volumes/f68d7173-c46e-4aab-bcb4-8c0217c6b197?             request.body:  ssl_verify: False
2026-09-01 10:01:15.769 87 WARNING py.warnings [None req-3ee08360-eb93-4002-afe4-83feba2ef976 01d502ca1f5345b690ab004b977305e1 b316b6f37e034fe68e174647b32ffbf0 - - - -] /var/lib/kolla/venv/lib/python3.12/site-packages/urllib3/connectionpool.py:1110: InsecureRequestWarning: Unverified HTTPS request is being made to host '[LB_IP_ADDRESS]'. Adding certificate verification is strongly advised. See: https://urllib3.readthedocs.io/en/latest/advanced-usage.html#tls-warnings
  warnings.warn(

2026-09-01 10:01:15.811 87 INFO cinder.volume.drivers.lightos [None req-3ee08360-eb93-4002-afe4-83feba2ef976 01d502ca1f5345b690ab004b977305e1 b316b6f37e034fe68e174647b32ffbf0 - - - -] Invoking get_volume using GET url: /api/v2/projects/default/volumes/f68d7173-c46e-4aab-bcb4-8c0217c6b197             request.body: {} ssl_verify: False
2026-09-01 10:01:15.900 87 WARNING py.warnings [None req-3ee08360-eb93-4002-afe4-83feba2ef976 01d502ca1f5345b690ab004b977305e1 b316b6f37e034fe68e174647b32ffbf0 - - - -] /var/lib/kolla/venv/lib/python3.12/site-packages/urllib3/connectionpool.py:1110: InsecureRequestWarning: Unverified HTTPS request is being made to host '[LB_IP_ADDRESS]'. Adding certificate verification is strongly advised. See: https://urllib3.readthedocs.io/en/latest/advanced-usage.html#tls-warnings
  warnings.warn(

2026-09-01 10:01:16.172 87 INFO cinder.volume.manager [None req-3ee08360-eb93-4002-afe4-83feba2ef976 01d502ca1f5345b690ab004b977305e1 b316b6f37e034fe68e174647b32ffbf0 - - - -] Deleted volume successfully.
2026-09-01 10:01:24.850 87 INFO cinder.volume.flows.manager.create_volume [None req-2b09d44a-3c0f-4b91-991f-2984f55ff0b9 a1820a84f4444cf09fd0a8f873f97178 808aa892216643d6b78bb46e678800db - - - -] Volume 17371662-cd9f-4a33-b85f-c47be26620da: being created as raw with specification: {'status': 'creating', 'volume_name': 'vol_17371662-cd9f-4a33-b85f-c47be26620da', 'volume_size': 1}
2026-09-01 10:01:24.851 87 INFO cinder.volume.drivers.lightos [None req-2b09d44a-3c0f-4b91-991f-2984f55ff0b9 a1820a84f4444cf09fd0a8f873f97178 808aa892216643d6b78bb46e678800db - - - -] Invoking get_volume_by_name using GET url: /api/v2/projects/default/volumes/?name=vol_17371662-cd9f-4a33-b85f-c47be26620da             request.body: {} ssl_verify: False
2026-09-01 10:01:24.947 87 WARNING py.warnings [None req-2b09d44a-3c0f-4b91-991f-2984f55ff0b9 a1820a84f4444cf09fd0a8f873f97178 808aa892216643d6b78bb46e678800db - - - -] /var/lib/kolla/venv/lib/python3.12/site-packages/urllib3/connectionpool.py:1110: InsecureRequestWarning: Unverified HTTPS request is being made to host '[LB_IP_ADDRESS]'. Adding certificate verification is strongly advised. See: https://urllib3.readthedocs.io/en/latest/advanced-usage.html#tls-warnings
  warnings.warn(

2026-09-01 10:01:24.975 87 INFO cinder.volume.drivers.lightos [None req-2b09d44a-3c0f-4b91-991f-2984f55ff0b9 a1820a84f4444cf09fd0a8f873f97178 808aa892216643d6b78bb46e678800db - - - -] Invoking create_volume using POST url: /api/v2/projects/default/volumes             request.body: {'name': 'vol_17371662-cd9f-4a33-b85f-c47be26620da', 'size': '1 gib', 'replicaCount': '3', 'compression': 'False', 'acl': {'values': ['ALLOW_NONE']}, 'IPAcl': {'values': ['ALLOW_NONE']}, 'sourceSnapshotUUID': None, 'sourceSnapshotName': None} ssl_verify: False
2026-09-01 10:01:25.080 87 WARNING py.warnings [None req-2b09d44a-3c0f-4b91-991f-2984f55ff0b9 a1820a84f4444cf09fd0a8f873f97178 808aa892216643d6b78bb46e678800db - - - -] /var/lib/kolla/venv/lib/python3.12/site-packages/urllib3/connectionpool.py:1110: InsecureRequestWarning: Unverified HTTPS request is being made to host '[LB_IP_ADDRESS]'. Adding certificate verification is strongly advised. See: https://urllib3.readthedocs.io/en/latest/advanced-usage.html#tls-warnings
  warnings.warn(

2026-09-01 10:01:25.120 87 INFO cinder.volume.flows.manager.create_volume [None req-4681e6b7-9b04-46b8-b056-b5b832955986 934ad60691754e69a655a42da760f379 103fa22d9d174a2f96d2b135f14ebc05 - - - -] Volume 0fc27ec0-9684-4745-9868-3661597d66d0: being created as raw with specification: {'status': 'creating', 'volume_name': 'vol_0fc27ec0-9684-4745-9868-3661597d66d0', 'volume_size': 1}
2026-09-01 10:01:25.120 87 INFO cinder.volume.drivers.lightos [None req-4681e6b7-9b04-46b8-b056-b5b832955986 934ad60691754e69a655a42da760f379 103fa22d9d174a2f96d2b135f14ebc05 - - - -] Invoking get_volume_by_name using GET url: /api/v2/projects/default/volumes/?name=vol_0fc27ec0-9684-4745-9868-3661597d66d0             request.body: {} ssl_verify: False
2026-09-01 10:01:25.151 87 INFO cinder.volume.flows.manager.create_volume [None req-a55fbecf-82d3-48e3-ba33-0868997af8a2 bd56d55f95eb49d39793b3848e28b4f7 9d9ddd48db0b4a44beec241eb0d947b2 - - - -] Volume 010a9937-8635-4dc4-8c16-d70758a1f816: being created as raw with specification: {'status': 'creating', 'volume_name': 'vol_010a9937-8635-4dc4-8c16-d70758a1f816', 'volume_size': 1}
2026-09-01 10:01:25.152 87 INFO cinder.volume.drivers.lightos [None req-a55fbecf-82d3-48e3-ba33-0868997af8a2 bd56d55f95eb49d39793b3848e28b4f7 9d9ddd48db0b4a44beec241eb0d947b2 - - - -] Invoking get_volume_by_name using GET url: /api/v2/projects/default/volumes/?name=vol_010a9937-8635-4dc4-8c16-d70758a1f816             request.body: {} ssl_verify: False
2026-09-01 10:01:25.305 87 INFO cinder.volume.drivers.lightos [None req-2b09d44a-3c0f-4b91-991f-2984f55ff0b9 a1820a84f4444cf09fd0a8f873f97178 808aa892216643d6b78bb46e678800db - - - -] Invoking get_volume using GET url: /api/v2/projects/default/volumes/0f2f3942-1dea-4a46-a8fb-69ec96b8e71b             request.body: {} ssl_verify: False
2026-09-01 10:01:25.310 87 WARNING py.warnings [None req-a55fbecf-82d3-48e3-ba33-0868997af8a2 bd56d55f95eb49d39793b3848e28b4f7 9d9ddd48db0b4a44beec241eb0d947b2 - - - -] /var/lib/kolla/venv/lib/python3.12/site-packages/urllib3/connectionpool.py:1110: InsecureRequestWarning: Unverified HTTPS request is being made to host '[LB_IP_ADDRESS]'. Adding certificate verification is strongly advised. See: https://urllib3.readthedocs.io/en/latest/advanced-usage.html#tls-warnings
  warnings.warn(

2026-09-01 10:01:25.388 87 WARNING py.warnings [None req-4681e6b7-9b04-46b8-b056-b5b832955986 934ad60691754e69a655a42da760f379 103fa22d9d174a2f96d2b135f14ebc05 - - - -] /var/lib/kolla/venv/lib/python3.12/site-packages/urllib3/connectionpool.py:1110: InsecureRequestWarning: Unverified HTTPS request is being made to host '[LB_IP_ADDRESS]'. Adding certificate verification is strongly advised. See: https://urllib3.readthedocs.io/en/latest/advanced-usage.html#tls-warnings
  warnings.warn(

2026-09-01 10:01:25.391 87 INFO cinder.volume.drivers.lightos [None req-a55fbecf-82d3-48e3-ba33-0868997af8a2 bd56d55f95eb49d39793b3848e28b4f7 9d9ddd48db0b4a44beec241eb0d947b2 - - - -] Invoking create_volume using POST url: /api/v2/projects/default/volumes             request.body: {'name': 'vol_010a9937-8635-4dc4-8c16-d70758a1f816', 'size': '1 gib', 'replicaCount': '3', 'compression': 'False', 'acl': {'values': ['ALLOW_NONE']}, 'IPAcl': {'values': ['ALLOW_NONE']}, 'sourceSnapshotUUID': None, 'sourceSnapshotName': None} ssl_verify: False
2026-09-01 10:01:25.470 87 WARNING py.warnings [None req-2b09d44a-3c0f-4b91-991f-2984f55ff0b9 a1820a84f4444cf09fd0a8f873f97178 808aa892216643d6b78bb46e678800db - - - -] /var/lib/kolla/venv/lib/python3.12/site-packages/urllib3/connectionpool.py:1110: InsecureRequestWarning: Unverified HTTPS request is being made to host '[LB_IP_ADDRESS]'. Adding certificate verification is strongly advised. See: https://urllib3.readthedocs.io/en/latest/advanced-usage.html#tls-warnings
  warnings.warn(

2026-09-01 10:01:25.475 87 INFO cinder.volume.drivers.lightos [None req-4681e6b7-9b04-46b8-b056-b5b832955986 934ad60691754e69a655a42da760f379 103fa22d9d174a2f96d2b135f14ebc05 - - - -] Invoking create_volume using POST url: /api/v2/projects/default/volumes             request.body: {'name': 'vol_0fc27ec0-9684-4745-9868-3661597d66d0', 'size': '1 gib', 'replicaCount': '3', 'compression': 'False', 'acl': {'values': ['ALLOW_NONE']}, 'IPAcl': {'values': ['ALLOW_NONE']}, 'sourceSnapshotUUID': None, 'sourceSnapshotName': None} ssl_verify: False
2026-09-01 10:01:25.485 87 WARNING py.warnings [None req-a55fbecf-82d3-48e3-ba33-0868997af8a2 bd56d55f95eb49d39793b3848e28b4f7 9d9ddd48db0b4a44beec241eb0d947b2 - - - -] /var/lib/kolla/venv/lib/python3.12/site-packages/urllib3/connectionpool.py:1110: InsecureRequestWarning: Unverified HTTPS request is being made to host '[LB_IP_ADDRESS]'. Adding certificate verification is strongly advised. See: https://urllib3.readthedocs.io/en/latest/advanced-usage.html#tls-warnings
  warnings.warn(

2026-09-01 10:01:25.571 87 WARNING py.warnings [None req-4681e6b7-9b04-46b8-b056-b5b832955986 934ad60691754e69a655a42da760f379 103fa22d9d174a2f96d2b135f14ebc05 - - - -] /var/lib/kolla/venv/lib/python3.12/site-packages/urllib3/connectionpool.py:1110: InsecureRequestWarning: Unverified HTTPS request is being made to host '[LB_IP_ADDRESS]'. Adding certificate verification is strongly advised. See: https://urllib3.readthedocs.io/en/latest/advanced-usage.html#tls-warnings
  warnings.warn(

2026-09-01 10:01:25.575 87 INFO cinder.volume.drivers.lightos [None req-a55fbecf-82d3-48e3-ba33-0868997af8a2 bd56d55f95eb49d39793b3848e28b4f7 9d9ddd48db0b4a44beec241eb0d947b2 - - - -] Invoking get_volume using GET url: /api/v2/projects/default/volumes/87e630f3-1557-4e0c-a118-05de633e8365             request.body: {} ssl_verify: False
2026-09-01 10:01:25.659 87 WARNING py.warnings [None req-a55fbecf-82d3-48e3-ba33-0868997af8a2 bd56d55f95eb49d39793b3848e28b4f7 9d9ddd48db0b4a44beec241eb0d947b2 - - - -] /var/lib/kolla/venv/lib/python3.12/site-packages/urllib3/connectionpool.py:1110: InsecureRequestWarning: Unverified HTTPS request is being made to host '[LB_IP_ADDRESS]'. Adding certificate verification is strongly advised. See: https://urllib3.readthedocs.io/en/latest/advanced-usage.html#tls-warnings
  warnings.warn(

2026-09-01 10:01:25.688 87 INFO cinder.volume.drivers.lightos [None req-4681e6b7-9b04-46b8-b056-b5b832955986 934ad60691754e69a655a42da760f379 103fa22d9d174a2f96d2b135f14ebc05 - - - -] Invoking get_volume using GET url: /api/v2/projects/default/volumes/9366d04f-2c48-44a3-a8b8-992fe5e74de1             request.body: {} ssl_verify: False
2026-09-01 10:01:25.781 87 WARNING py.warnings [None req-4681e6b7-9b04-46b8-b056-b5b832955986 934ad60691754e69a655a42da760f379 103fa22d9d174a2f96d2b135f14ebc05 - - - -] /var/lib/kolla/venv/lib/python3.12/site-packages/urllib3/connectionpool.py:1110: InsecureRequestWarning: Unverified HTTPS request is being made to host '[LB_IP_ADDRESS]'. Adding certificate verification is strongly advised. See: https://urllib3.readthedocs.io/en/latest/advanced-usage.html#tls-warnings
  warnings.warn(

2026-09-01 10:01:25.815 87 INFO cinder.volume.flows.manager.create_volume [None req-ff0750c7-1c7d-427e-87fa-2f94e280d8e8 bd56d55f95eb49d39793b3848e28b4f7 9d9ddd48db0b4a44beec241eb0d947b2 - - - -] Volume 5bbf9277-56e1-4272-a4e3-1eb35c86d616: being created as raw with specification: {'status': 'creating', 'volume_name': 'vol_5bbf9277-56e1-4272-a4e3-1eb35c86d616', 'volume_size': 1}
2026-09-01 10:01:25.816 87 INFO cinder.volume.drivers.lightos [None req-ff0750c7-1c7d-427e-87fa-2f94e280d8e8 bd56d55f95eb49d39793b3848e28b4f7 9d9ddd48db0b4a44beec241eb0d947b2 - - - -] Invoking get_volume_by_name using GET url: /api/v2/projects/default/volumes/?name=vol_5bbf9277-56e1-4272-a4e3-1eb35c86d616             request.body: {} ssl_verify: False
2026-09-01 10:01:25.896 87 INFO cinder.volume.flows.manager.create_volume [None req-2b09d44a-3c0f-4b91-991f-2984f55ff0b9 a1820a84f4444cf09fd0a8f873f97178 808aa892216643d6b78bb46e678800db - - - -] Volume vol_17371662-cd9f-4a33-b85f-c47be26620da (17371662-cd9f-4a33-b85f-c47be26620da): created successfully
2026-09-01 10:01:25.907 87 WARNING py.warnings [None req-ff0750c7-1c7d-427e-87fa-2f94e280d8e8 bd56d55f95eb49d39793b3848e28b4f7 9d9ddd48db0b4a44beec241eb0d947b2 - - - -] /var/lib/kolla/venv/lib/python3.12/site-packages/urllib3/connectionpool.py:1110: InsecureRequestWarning: Unverified HTTPS request is being made to host '[LB_IP_ADDRESS]'. Adding certificate verification is strongly advised. See: https://urllib3.readthedocs.io/en/latest/advanced-usage.html#tls-warnings
  warnings.warn(

2026-09-01 10:01:25.913 87 INFO cinder.volume.manager [None req-2b09d44a-3c0f-4b91-991f-2984f55ff0b9 a1820a84f4444cf09fd0a8f873f97178 808aa892216643d6b78bb46e678800db - - - -] Created volume successfully.
2026-09-01 10:01:25.917 87 INFO cinder.volume.drivers.lightos [None req-ff0750c7-1c7d-427e-87fa-2f94e280d8e8 bd56d55f95eb49d39793b3848e28b4f7 9d9ddd48db0b4a44beec241eb0d947b2 - - - -] Invoking create_volume using POST url: /api/v2/projects/default/volumes             request.body: {'name': 'vol_5bbf9277-56e1-4272-a4e3-1eb35c86d616', 'size': '1 gib', 'replicaCount': '3', 'compression': 'False', 'acl': {'values': ['ALLOW_NONE']}, 'IPAcl': {'values': ['ALLOW_NONE']}, 'sourceSnapshotUUID': None, 'sourceSnapshotName': None} ssl_verify: False
2026-09-01 10:01:26.003 87 WARNING py.warnings [None req-ff0750c7-1c7d-427e-87fa-2f94e280d8e8 bd56d55f95eb49d39793b3848e28b4f7 9d9ddd48db0b4a44beec241eb0d947b2 - - - -] /var/lib/kolla/venv/lib/python3.12/site-packages/urllib3/connectionpool.py:1110: InsecureRequestWarning: Unverified HTTPS request is being made to host '[LB_IP_ADDRESS]'. Adding certificate verification is strongly advised. See: https://urllib3.readthedocs.io/en/latest/advanced-usage.html#tls-warnings
  warnings.warn(

2026-09-01 10:01:26.038 87 INFO cinder.volume.drivers.lightos [None req-ff0750c7-1c7d-427e-87fa-2f94e280d8e8 bd56d55f95eb49d39793b3848e28b4f7 9d9ddd48db0b4a44beec241eb0d947b2 - - - -] Invoking get_volume using GET url: /api/v2/projects/default/volumes/8fa73792-0bae-44d3-b280-da268502302c             request.body: {} ssl_verify: False
2026-09-01 10:01:26.125 87 WARNING py.warnings [None req-ff0750c7-1c7d-427e-87fa-2f94e280d8e8 bd56d55f95eb49d39793b3848e28b4f7 9d9ddd48db0b4a44beec241eb0d947b2 - - - -] /var/lib/kolla/venv/lib/python3.12/site-packages/urllib3/connectionpool.py:1110: InsecureRequestWarning: Unverified HTTPS request is being made to host '[LB_IP_ADDRESS]'. Adding certificate verification is strongly advised. See: https://urllib3.readthedocs.io/en/latest/advanced-usage.html#tls-warnings
  warnings.warn(

2026-09-01 10:01:26.197 87 INFO cinder.volume.flows.manager.create_volume [None req-e55f0c75-67f6-41a5-aa9e-407605615600 bd56d55f95eb49d39793b3848e28b4f7 9d9ddd48db0b4a44beec241eb0d947b2 - - - -] Volume a7d685ad-40fc-4228-b569-f93801d0f751: being created as raw with specification: {'status': 'creating', 'volume_name': 'vol_a7d685ad-40fc-4228-b569-f93801d0f751', 'volume_size': 1}
2026-09-01 10:01:26.197 87 INFO cinder.volume.drivers.lightos [None req-e55f0c75-67f6-41a5-aa9e-407605615600 bd56d55f95eb49d39793b3848e28b4f7 9d9ddd48db0b4a44beec241eb0d947b2 - - - -] Invoking get_volume_by_name using GET url: /api/v2/projects/default/volumes/?name=vol_a7d685ad-40fc-4228-b569-f93801d0f751             request.body: {} ssl_verify: False
2026-09-01 10:01:26.285 87 WARNING py.warnings [None req-e55f0c75-67f6-41a5-aa9e-407605615600 bd56d55f95eb49d39793b3848e28b4f7 9d9ddd48db0b4a44beec241eb0d947b2 - - - -] /var/lib/kolla/venv/lib/python3.12/site-packages/urllib3/connectionpool.py:1110: InsecureRequestWarning: Unverified HTTPS request is being made to host '[LB_IP_ADDRESS]'. Adding certificate verification is strongly advised. See: https://urllib3.readthedocs.io/en/latest/advanced-usage.html#tls-warnings
  warnings.warn(

2026-09-01 10:01:26.291 87 INFO cinder.volume.flows.manager.create_volume [None req-ff0750c7-1c7d-427e-87fa-2f94e280d8e8 bd56d55f95eb49d39793b3848e28b4f7 9d9ddd48db0b4a44beec241eb0d947b2 - - - -] Volume vol_5bbf9277-56e1-4272-a4e3-1eb35c86d616 (5bbf9277-56e1-4272-a4e3-1eb35c86d616): created successfully
2026-09-01 10:01:26.302 87 INFO cinder.volume.drivers.lightos [None req-e55f0c75-67f6-41a5-aa9e-407605615600 bd56d55f95eb49d39793b3848e28b4f7 9d9ddd48db0b4a44beec241eb0d947b2 - - - -] Invoking create_volume using POST url: /api/v2/projects/default/volumes             request.body: {'name': 'vol_a7d685ad-40fc-4228-b569-f93801d0f751', 'size': '1 gib', 'replicaCount': '3', 'compression': 'False', 'acl': {'values': ['ALLOW_NONE']}, 'IPAcl': {'values': ['ALLOW_NONE']}, 'sourceSnapshotUUID': None, 'sourceSnapshotName': None} ssl_verify: False
2026-09-01 10:01:26.383 87 INFO cinder.volume.manager [None req-ff0750c7-1c7d-427e-87fa-2f94e280d8e8 bd56d55f95eb49d39793b3848e28b4f7 9d9ddd48db0b4a44beec241eb0d947b2 - - - -] Created volume successfully.
2026-09-01 10:01:26.387 87 WARNING py.warnings [None req-e55f0c75-67f6-41a5-aa9e-407605615600 bd56d55f95eb49d39793b3848e28b4f7 9d9ddd48db0b4a44beec241eb0d947b2 - - - -] /var/lib/kolla/venv/lib/python3.12/site-packages/urllib3/connectionpool.py:1110: InsecureRequestWarning: Unverified HTTPS request is being made to host '[LB_IP_ADDRESS]'. Adding certificate verification is strongly advised. See: https://urllib3.readthedocs.io/en/latest/advanced-usage.html#tls-warnings
  warnings.warn(

2026-09-01 10:01:26.412 87 INFO cinder.volume.drivers.lightos [None req-e55f0c75-67f6-41a5-aa9e-407605615600 bd56d55f95eb49d39793b3848e28b4f7 9d9ddd48db0b4a44beec241eb0d947b2 - - - -] Invoking get_volume using GET url: /api/v2/projects/default/volumes/c00d741d-0f36-41e2-a738-7d95a281aac6             request.body: {} ssl_verify: False
2026-09-01 10:01:26.496 87 WARNING py.warnings [None req-e55f0c75-67f6-41a5-aa9e-407605615600 bd56d55f95eb49d39793b3848e28b4f7 9d9ddd48db0b4a44beec241eb0d947b2 - - - -] /var/lib/kolla/venv/lib/python3.12/site-packages/urllib3/connectionpool.py:1110: InsecureRequestWarning: Unverified HTTPS request is being made to host '[LB_IP_ADDRESS]'. Adding certificate verification is strongly advised. See: https://urllib3.readthedocs.io/en/latest/advanced-usage.html#tls-warnings
  warnings.warn(

2026-09-01 10:01:26.530 87 INFO cinder.volume.flows.manager.create_volume [None req-e55f0c75-67f6-41a5-aa9e-407605615600 bd56d55f95eb49d39793b3848e28b4f7 9d9ddd48db0b4a44beec241eb0d947b2 - - - -] Volume vol_a7d685ad-40fc-4228-b569-f93801d0f751 (a7d685ad-40fc-4228-b569-f93801d0f751): created successfully
2026-09-01 10:01:26.543 87 INFO cinder.volume.manager [None req-e55f0c75-67f6-41a5-aa9e-407605615600 bd56d55f95eb49d39793b3848e28b4f7 9d9ddd48db0b4a44beec241eb0d947b2 - - - -] Created volume successfully.
2026-09-01 10:01:26.717 87 INFO cinder.volume.flows.manager.create_volume [None req-2306b6d5-5f28-4c8a-9c73-bd8f84b09a6c bd56d55f95eb49d39793b3848e28b4f7 9d9ddd48db0b4a44beec241eb0d947b2 - - - -] Volume 52b28b79-cee8-4cb7-b436-4b4c0da06f26: being created as raw with specification: {'status': 'creating', 'volume_name': 'vol_52b28b79-cee8-4cb7-b436-4b4c0da06f26', 'volume_size': 1}
2026-09-01 10:01:26.717 87 INFO cinder.volume.drivers.lightos [None req-2306b6d5-5f28-4c8a-9c73-bd8f84b09a6c bd56d55f95eb49d39793b3848e28b4f7 9d9ddd48db0b4a44beec241eb0d947b2 - - - -] Invoking get_volume_by_name using GET url: /api/v2/projects/default/volumes/?name=vol_52b28b79-cee8-4cb7-b436-4b4c0da06f26             request.body: {} ssl_verify: False
2026-09-01 10:01:26.719 87 INFO cinder.volume.drivers.lightos [None req-a55fbecf-82d3-48e3-ba33-0868997af8a2 bd56d55f95eb49d39793b3848e28b4f7 9d9ddd48db0b4a44beec241eb0d947b2 - - - -] Invoking get_volume using GET url: /api/v2/projects/default/volumes/87e630f3-1557-4e0c-a118-05de633e8365             request.body: {} ssl_verify: False
2026-09-01 10:01:26.869 87 INFO cinder.volume.drivers.lightos [None req-4681e6b7-9b04-46b8-b056-b5b832955986 934ad60691754e69a655a42da760f379 103fa22d9d174a2f96d2b135f14ebc05 - - - -] Invoking get_volume using GET url: /api/v2/projects/default/volumes/9366d04f-2c48-44a3-a8b8-992fe5e74de1             request.body: {} ssl_verify: False
2026-09-01 10:01:26.873 87 WARNING py.warnings [None req-a55fbecf-82d3-48e3-ba33-0868997af8a2 bd56d55f95eb49d39793b3848e28b4f7 9d9ddd48db0b4a44beec241eb0d947b2 - - - -] /var/lib/kolla/venv/lib/python3.12/site-packages/urllib3/connectionpool.py:1110: InsecureRequestWarning: Unverified HTTPS request is being made to host '[LB_IP_ADDRESS]'. Adding certificate verification is strongly advised. See: https://urllib3.readthedocs.io/en/latest/advanced-usage.html#tls-warnings
  warnings.warn(

2026-09-01 10:01:26.876 87 WARNING py.warnings [None req-2306b6d5-5f28-4c8a-9c73-bd8f84b09a6c bd56d55f95eb49d39793b3848e28b4f7 9d9ddd48db0b4a44beec241eb0d947b2 - - - -] /var/lib/kolla/venv/lib/python3.12/site-packages/urllib3/connectionpool.py:1110: InsecureRequestWarning: Unverified HTTPS request is being made to host '[LB_IP_ADDRESS]'. Adding certificate verification is strongly advised. See: https://urllib3.readthedocs.io/en/latest/advanced-usage.html#tls-warnings
  warnings.warn(

2026-09-01 10:01:26.958 87 INFO cinder.volume.drivers.lightos [None req-2306b6d5-5f28-4c8a-9c73-bd8f84b09a6c bd56d55f95eb49d39793b3848e28b4f7 9d9ddd48db0b4a44beec241eb0d947b2 - - - -] Invoking create_volume using POST url: /api/v2/projects/default/volumes             request.body: {'name': 'vol_52b28b79-cee8-4cb7-b436-4b4c0da06f26', 'size': '1 gib', 'replicaCount': '3', 'compression': 'False', 'acl': {'values': ['ALLOW_NONE']}, 'IPAcl': {'values': ['ALLOW_NONE']}, 'sourceSnapshotUUID': None, 'sourceSnapshotName': None} ssl_verify: False
2026-09-01 10:01:26.964 87 WARNING py.warnings [None req-4681e6b7-9b04-46b8-b056-b5b832955986 934ad60691754e69a655a42da760f379 103fa22d9d174a2f96d2b135f14ebc05 - - - -] /var/lib/kolla/venv/lib/python3.12/site-packages/urllib3/connectionpool.py:1110: InsecureRequestWarning: Unverified HTTPS request is being made to host '[LB_IP_ADDRESS]'. Adding certificate verification is strongly advised. See: https://urllib3.readthedocs.io/en/latest/advanced-usage.html#tls-warnings
  warnings.warn(

2026-09-01 10:01:27.047 87 WARNING py.warnings [None req-2306b6d5-5f28-4c8a-9c73-bd8f84b09a6c bd56d55f95eb49d39793b3848e28b4f7 9d9ddd48db0b4a44beec241eb0d947b2 - - - -] /var/lib/kolla/venv/lib/python3.12/site-packages/urllib3/connectionpool.py:1110: InsecureRequestWarning: Unverified HTTPS request is being made to host '[LB_IP_ADDRESS]'. Adding certificate verification is strongly advised. See: https://urllib3.readthedocs.io/en/latest/advanced-usage.html#tls-warnings
  warnings.warn(

2026-09-01 10:01:27.062 87 INFO cinder.volume.flows.manager.create_volume [None req-a55fbecf-82d3-48e3-ba33-0868997af8a2 bd56d55f95eb49d39793b3848e28b4f7 9d9ddd48db0b4a44beec241eb0d947b2 - - - -] Volume vol_010a9937-8635-4dc4-8c16-d70758a1f816 (010a9937-8635-4dc4-8c16-d70758a1f816): created successfully
2026-09-01 10:01:27.074 87 INFO cinder.volume.drivers.lightos [None req-2306b6d5-5f28-4c8a-9c73-bd8f84b09a6c bd56d55f95eb49d39793b3848e28b4f7 9d9ddd48db0b4a44beec241eb0d947b2 - - - -] Invoking get_volume using GET url: /api/v2/projects/default/volumes/92cec67a-9eab-4a07-8966-1745e0bad705             request.body: {} ssl_verify: False
2026-09-01 10:01:27.163 87 WARNING py.warnings [None req-2306b6d5-5f28-4c8a-9c73-bd8f84b09a6c bd56d55f95eb49d39793b3848e28b4f7 9d9ddd48db0b4a44beec241eb0d947b2 - - - -] /var/lib/kolla/venv/lib/python3.12/site-packages/urllib3/connectionpool.py:1110: InsecureRequestWarning: Unverified HTTPS request is being made to host '[LB_IP_ADDRESS]'. Adding certificate verification is strongly advised. See: https://urllib3.readthedocs.io/en/latest/advanced-usage.html#tls-warnings
  warnings.warn(

2026-09-01 10:01:27.166 87 INFO cinder.volume.manager [None req-a55fbecf-82d3-48e3-ba33-0868997af8a2 bd56d55f95eb49d39793b3848e28b4f7 9d9ddd48db0b4a44beec241eb0d947b2 - - - -] Created volume successfully.
2026-09-01 10:01:27.171 87 INFO cinder.volume.flows.manager.create_volume [None req-4681e6b7-9b04-46b8-b056-b5b832955986 934ad60691754e69a655a42da760f379 103fa22d9d174a2f96d2b135f14ebc05 - - - -] Volume vol_0fc27ec0-9684-4745-9868-3661597d66d0 (0fc27ec0-9684-4745-9868-3661597d66d0): created successfully
2026-09-01 10:01:27.191 87 INFO cinder.volume.manager [None req-4681e6b7-9b04-46b8-b056-b5b832955986 934ad60691754e69a655a42da760f379 103fa22d9d174a2f96d2b135f14ebc05 - - - -] Created volume successfully.
2026-09-01 10:01:27.208 87 INFO cinder.volume.flows.manager.create_volume [None req-2306b6d5-5f28-4c8a-9c73-bd8f84b09a6c bd56d55f95eb49d39793b3848e28b4f7 9d9ddd48db0b4a44beec241eb0d947b2 - - - -] Volume vol_52b28b79-cee8-4cb7-b436-4b4c0da06f26 (52b28b79-cee8-4cb7-b436-4b4c0da06f26): created successfully
2026-09-01 10:01:27.222 87 INFO cinder.volume.manager [None req-2306b6d5-5f28-4c8a-9c73-bd8f84b09a6c bd56d55f95eb49d39793b3848e28b4f7 9d9ddd48db0b4a44beec241eb0d947b2 - - - -] Created volume successfully.
2026-09-01 10:01:27.324 87 INFO cinder.volume.flows.manager.create_volume [None req-0937748f-f6c8-4b25-8b3d-cf106998c054 bd56d55f95eb49d39793b3848e28b4f7 9d9ddd48db0b4a44beec241eb0d947b2 - - - -] Volume 98ac80df-f5d2-4d14-988e-29710fd243e7: being created as raw with specification: {'status': 'creating', 'volume_name': 'vol_98ac80df-f5d2-4d14-988e-29710fd243e7', 'volume_size': 1}
2026-09-01 10:01:27.324 87 INFO cinder.volume.drivers.lightos [None req-0937748f-f6c8-4b25-8b3d-cf106998c054 bd56d55f95eb49d39793b3848e28b4f7 9d9ddd48db0b4a44beec241eb0d947b2 - - - -] Invoking get_volume_by_name using GET url: /api/v2/projects/default/volumes/?name=vol_98ac80df-f5d2-4d14-988e-29710fd243e7             request.body: {} ssl_verify: False
2026-09-01 10:01:27.409 87 WARNING py.warnings [None req-0937748f-f6c8-4b25-8b3d-cf106998c054 bd56d55f95eb49d39793b3848e28b4f7 9d9ddd48db0b4a44beec241eb0d947b2 - - - -] /var/lib/kolla/venv/lib/python3.12/site-packages/urllib3/connectionpool.py:1110: InsecureRequestWarning: Unverified HTTPS request is being made to host '[LB_IP_ADDRESS]'. Adding certificate verification is strongly advised. See: https://urllib3.readthedocs.io/en/latest/advanced-usage.html#tls-warnings
  warnings.warn(

2026-09-01 10:01:27.418 87 INFO cinder.volume.drivers.lightos [None req-0937748f-f6c8-4b25-8b3d-cf106998c054 bd56d55f95eb49d39793b3848e28b4f7 9d9ddd48db0b4a44beec241eb0d947b2 - - - -] Invoking create_volume using POST url: /api/v2/projects/default/volumes             request.body: {'name': 'vol_98ac80df-f5d2-4d14-988e-29710fd243e7', 'size': '1 gib', 'replicaCount': '3', 'compression': 'False', 'acl': {'values': ['ALLOW_NONE']}, 'IPAcl': {'values': ['ALLOW_NONE']}, 'sourceSnapshotUUID': None, 'sourceSnapshotName': None} ssl_verify: False
2026-09-01 10:01:27.501 87 WARNING py.warnings [None req-0937748f-f6c8-4b25-8b3d-cf106998c054 bd56d55f95eb49d39793b3848e28b4f7 9d9ddd48db0b4a44beec241eb0d947b2 - - - -] /var/lib/kolla/venv/lib/python3.12/site-packages/urllib3/connectionpool.py:1110: InsecureRequestWarning: Unverified HTTPS request is being made to host '[LB_IP_ADDRESS]'. Adding certificate verification is strongly advised. See: https://urllib3.readthedocs.io/en/latest/advanced-usage.html#tls-warnings
  warnings.warn(

2026-09-01 10:01:27.569 87 INFO cinder.volume.drivers.lightos [None req-0937748f-f6c8-4b25-8b3d-cf106998c054 bd56d55f95eb49d39793b3848e28b4f7 9d9ddd48db0b4a44beec241eb0d947b2 - - - -] Invoking get_volume using GET url: /api/v2/projects/default/volumes/da991b18-1c14-4ecc-84a4-c940fa27c472             request.body: {} ssl_verify: False
2026-09-01 10:01:27.652 87 WARNING py.warnings [None req-0937748f-f6c8-4b25-8b3d-cf106998c054 bd56d55f95eb49d39793b3848e28b4f7 9d9ddd48db0b4a44beec241eb0d947b2 - - - -] /var/lib/kolla/venv/lib/python3.12/site-packages/urllib3/connectionpool.py:1110: InsecureRequestWarning: Unverified HTTPS request is being made to host '[LB_IP_ADDRESS]'. Adding certificate verification is strongly advised. See: https://urllib3.readthedocs.io/en/latest/advanced-usage.html#tls-warnings
  warnings.warn(

2026-09-01 10:01:27.683 87 INFO cinder.volume.flows.manager.create_volume [None req-0937748f-f6c8-4b25-8b3d-cf106998c054 bd56d55f95eb49d39793b3848e28b4f7 9d9ddd48db0b4a44beec241eb0d947b2 - - - -] Volume vol_98ac80df-f5d2-4d14-988e-29710fd243e7 (98ac80df-f5d2-4d14-988e-29710fd243e7): created successfully
2026-09-01 10:01:27.697 87 INFO cinder.volume.manager [None req-0937748f-f6c8-4b25-8b3d-cf106998c054 bd56d55f95eb49d39793b3848e28b4f7 9d9ddd48db0b4a44beec241eb0d947b2 - - - -] Created volume successfully.
2026-09-01 10:01:27.780 87 INFO cinder.volume.flows.manager.create_volume [None req-4fa92915-9e3c-4086-bd37-da599b4ab0b6 a1820a84f4444cf09fd0a8f873f97178 808aa892216643d6b78bb46e678800db - - - -] Volume d800d38c-e2a8-4321-8076-9780623fb347: being created as raw with specification: {'status': 'creating', 'volume_name': 'vol_d800d38c-e2a8-4321-8076-9780623fb347', 'volume_size': 1}
2026-09-01 10:01:27.781 87 INFO cinder.volume.drivers.lightos [None req-4fa92915-9e3c-4086-bd37-da599b4ab0b6 a1820a84f4444cf09fd0a8f873f97178 808aa892216643d6b78bb46e678800db - - - -] Invoking get_volume_by_name using GET url: /api/v2/projects/default/volumes/?name=vol_d800d38c-e2a8-4321-8076-9780623fb347             request.body: {} ssl_verify: False
2026-09-01 10:01:27.865 87 WARNING py.warnings [None req-4fa92915-9e3c-4086-bd37-da599b4ab0b6 a1820a84f4444cf09fd0a8f873f97178 808aa892216643d6b78bb46e678800db - - - -] /var/lib/kolla/venv/lib/python3.12/site-packages/urllib3/connectionpool.py:1110: InsecureRequestWarning: Unverified HTTPS request is being made to host '[LB_IP_ADDRESS]'. Adding certificate verification is strongly advised. See: https://urllib3.readthedocs.io/en/latest/advanced-usage.html#tls-warnings
  warnings.warn(

2026-09-01 10:01:27.875 87 INFO cinder.volume.drivers.lightos [None req-4fa92915-9e3c-4086-bd37-da599b4ab0b6 a1820a84f4444cf09fd0a8f873f97178 808aa892216643d6b78bb46e678800db - - - -] Invoking create_volume using POST url: /api/v2/projects/default/volumes             request.body: {'name': 'vol_d800d38c-e2a8-4321-8076-9780623fb347', 'size': '1 gib', 'replicaCount': '3', 'compression': 'False', 'acl': {'values': ['ALLOW_NONE']}, 'IPAcl': {'values': ['ALLOW_NONE']}, 'sourceSnapshotUUID': None, 'sourceSnapshotName': None} ssl_verify: False
2026-09-01 10:01:27.959 87 WARNING py.warnings [None req-4fa92915-9e3c-4086-bd37-da599b4ab0b6 a1820a84f4444cf09fd0a8f873f97178 808aa892216643d6b78bb46e678800db - - - -] /var/lib/kolla/venv/lib/python3.12/site-packages/urllib3/connectionpool.py:1110: InsecureRequestWarning: Unverified HTTPS request is being made to host '[LB_IP_ADDRESS]'. Adding certificate verification is strongly advised. See: https://urllib3.readthedocs.io/en/latest/advanced-usage.html#tls-warnings
  warnings.warn(

2026-09-01 10:01:27.979 87 INFO cinder.volume.drivers.lightos [None req-4fa92915-9e3c-4086-bd37-da599b4ab0b6 a1820a84f4444cf09fd0a8f873f97178 808aa892216643d6b78bb46e678800db - - - -] Invoking get_volume using GET url: /api/v2/projects/default/volumes/6525a1cc-c4ff-47be-8318-7bd187d00b54             request.body: {} ssl_verify: False
2026-09-01 10:01:28.062 87 WARNING py.warnings [None req-4fa92915-9e3c-4086-bd37-da599b4ab0b6 a1820a84f4444cf09fd0a8f873f97178 808aa892216643d6b78bb46e678800db - - - -] /var/lib/kolla/venv/lib/python3.12/site-packages/urllib3/connectionpool.py:1110: InsecureRequestWarning: Unverified HTTPS request is being made to host '[LB_IP_ADDRESS]'. Adding certificate verification is strongly advised. See: https://urllib3.readthedocs.io/en/latest/advanced-usage.html#tls-warnings
  warnings.warn(

2026-09-01 10:01:28.095 87 INFO cinder.volume.flows.manager.create_volume [None req-4fa92915-9e3c-4086-bd37-da599b4ab0b6 a1820a84f4444cf09fd0a8f873f97178 808aa892216643d6b78bb46e678800db - - - -] Volume vol_d800d38c-e2a8-4321-8076-9780623fb347 (d800d38c-e2a8-4321-8076-9780623fb347): created successfully
2026-09-01 10:01:28.109 87 INFO cinder.volume.manager [None req-4fa92915-9e3c-4086-bd37-da599b4ab0b6 a1820a84f4444cf09fd0a8f873f97178 808aa892216643d6b78bb46e678800db - - - -] Created volume successfully.
2026-09-01 10:01:28.399 87 INFO cinder.volume.drivers.lightos [None req-ffc77d5c-ce21-424e-8d7e-c533e395e8df 934ad60691754e69a655a42da760f379 103fa22d9d174a2f96d2b135f14ebc05 - - - -] Invoking get_snapshot_by_name using GET url: /api/v2/projects/default/snapshots/?Name=snapshot-f98a2e9f-ac5b-45a4-9195-4d698198982c             request.body: {} ssl_verify: False
2026-09-01 10:01:28.482 87 WARNING py.warnings [None req-ffc77d5c-ce21-424e-8d7e-c533e395e8df 934ad60691754e69a655a42da760f379 103fa22d9d174a2f96d2b135f14ebc05 - - - -] /var/lib/kolla/venv/lib/python3.12/site-packages/urllib3/connectionpool.py:1110: InsecureRequestWarning: Unverified HTTPS request is being made to host '[LB_IP_ADDRESS]'. Adding certificate verification is strongly advised. See: https://urllib3.readthedocs.io/en/latest/advanced-usage.html#tls-warnings
  warnings.warn(

2026-09-01 10:01:28.505 87 INFO cinder.volume.drivers.lightos [None req-ffc77d5c-ce21-424e-8d7e-c533e395e8df 934ad60691754e69a655a42da760f379 103fa22d9d174a2f96d2b135f14ebc05 - - - -] Invoking create_snapshot using POST url: /api/v2/projects/default/snapshots             request.body: {'name': 'snapshot-f98a2e9f-ac5b-45a4-9195-4d698198982c', 'sourceVolumeUUID': None, 'sourceVolumeName': 'vol_0fc27ec0-9684-4745-9868-3661597d66d0'} ssl_verify: False
2026-09-01 10:01:28.602 87 WARNING py.warnings [None req-ffc77d5c-ce21-424e-8d7e-c533e395e8df 934ad60691754e69a655a42da760f379 103fa22d9d174a2f96d2b135f14ebc05 - - - -] /var/lib/kolla/venv/lib/python3.12/site-packages/urllib3/connectionpool.py:1110: InsecureRequestWarning: Unverified HTTPS request is being made to host '[LB_IP_ADDRESS]'. Adding certificate verification is strongly advised. See: https://urllib3.readthedocs.io/en/latest/advanced-usage.html#tls-warnings
  warnings.warn(

2026-09-01 10:01:28.636 87 INFO cinder.volume.drivers.lightos [None req-ffc77d5c-ce21-424e-8d7e-c533e395e8df 934ad60691754e69a655a42da760f379 103fa22d9d174a2f96d2b135f14ebc05 - - - -] Invoking get_snapshot_by_name using GET url: /api/v2/projects/default/snapshots/?Name=snapshot-f98a2e9f-ac5b-45a4-9195-4d698198982c             request.body: {} ssl_verify: False
2026-09-01 10:01:28.715 87 INFO cinder.volume.drivers.lightos [None req-73fb53ff-3f4d-4fbf-9e8b-248f83427107 bd56d55f95eb49d39793b3848e28b4f7 9d9ddd48db0b4a44beec241eb0d947b2 - - - -] Invoking delete_volume using DELETE url: /api/v2/projects/default/volumes/da991b18-1c14-4ecc-84a4-c940fa27c472?             request.body:  ssl_verify: False
2026-09-01 10:01:28.819 87 WARNING py.warnings [None req-ffc77d5c-ce21-424e-8d7e-c533e395e8df 934ad60691754e69a655a42da760f379 103fa22d9d174a2f96d2b135f14ebc05 - - - -] /var/lib/kolla/venv/lib/python3.12/site-packages/urllib3/connectionpool.py:1110: InsecureRequestWarning: Unverified HTTPS request is being made to host '[LB_IP_ADDRESS]'. Adding certificate verification is strongly advised. See: https://urllib3.readthedocs.io/en/latest/advanced-usage.html#tls-warnings
  warnings.warn(

2026-09-01 10:01:28.824 87 WARNING py.warnings [None req-73fb53ff-3f4d-4fbf-9e8b-248f83427107 bd56d55f95eb49d39793b3848e28b4f7 9d9ddd48db0b4a44beec241eb0d947b2 - - - -] /var/lib/kolla/venv/lib/python3.12/site-packages/urllib3/connectionpool.py:1110: InsecureRequestWarning: Unverified HTTPS request is being made to host '[LB_IP_ADDRESS]'. Adding certificate verification is strongly advised. See: https://urllib3.readthedocs.io/en/latest/advanced-usage.html#tls-warnings
  warnings.warn(

2026-09-01 10:01:28.864 87 INFO cinder.volume.flows.manager.create_volume [None req-19c06d48-7fae-4647-ad0d-6060844a3d0c a1820a84f4444cf09fd0a8f873f97178 808aa892216643d6b78bb46e678800db - - - -] Volume 36379fd4-998c-4fa7-9c5c-fbfaf7c00500: being created as raw with specification: {'status': 'creating', 'volume_name': 'vol_36379fd4-998c-4fa7-9c5c-fbfaf7c00500', 'volume_size': 1}
2026-09-01 10:01:28.865 87 INFO cinder.volume.drivers.lightos [None req-19c06d48-7fae-4647-ad0d-6060844a3d0c a1820a84f4444cf09fd0a8f873f97178 808aa892216643d6b78bb46e678800db - - - -] Invoking get_volume_by_name using GET url: /api/v2/projects/default/volumes/?name=vol_36379fd4-998c-4fa7-9c5c-fbfaf7c00500             request.body: {} ssl_verify: False
2026-09-01 10:01:28.943 87 INFO cinder.volume.drivers.lightos [None req-73fb53ff-3f4d-4fbf-9e8b-248f83427107 bd56d55f95eb49d39793b3848e28b4f7 9d9ddd48db0b4a44beec241eb0d947b2 - - - -] Invoking get_volume using GET url: /api/v2/projects/default/volumes/da991b18-1c14-4ecc-84a4-c940fa27c472             request.body: {} ssl_verify: False
2026-09-01 10:01:28.948 87 WARNING py.warnings [None req-19c06d48-7fae-4647-ad0d-6060844a3d0c a1820a84f4444cf09fd0a8f873f97178 808aa892216643d6b78bb46e678800db - - - -] /var/lib/kolla/venv/lib/python3.12/site-packages/urllib3/connectionpool.py:1110: InsecureRequestWarning: Unverified HTTPS request is being made to host '[LB_IP_ADDRESS]'. Adding certificate verification is strongly advised. See: https://urllib3.readthedocs.io/en/latest/advanced-usage.html#tls-warnings
  warnings.warn(

2026-09-01 10:01:29.025 87 INFO cinder.volume.drivers.lightos [None req-19c06d48-7fae-4647-ad0d-6060844a3d0c a1820a84f4444cf09fd0a8f873f97178 808aa892216643d6b78bb46e678800db - - - -] Invoking create_volume using POST url: /api/v2/projects/default/volumes             request.body: {'name': 'vol_36379fd4-998c-4fa7-9c5c-fbfaf7c00500', 'size': '1 gib', 'replicaCount': '3', 'compression': 'False', 'acl': {'values': ['ALLOW_NONE']}, 'IPAcl': {'values': ['ALLOW_NONE']}, 'sourceSnapshotUUID': None, 'sourceSnapshotName': None} ssl_verify: False
2026-09-01 10:01:29.030 87 WARNING py.warnings [None req-73fb53ff-3f4d-4fbf-9e8b-248f83427107 bd56d55f95eb49d39793b3848e28b4f7 9d9ddd48db0b4a44beec241eb0d947b2 - - - -] /var/lib/kolla/venv/lib/python3.12/site-packages/urllib3/connectionpool.py:1110: InsecureRequestWarning: Unverified HTTPS request is being made to host '[LB_IP_ADDRESS]'. Adding certificate verification is strongly advised. See: https://urllib3.readthedocs.io/en/latest/advanced-usage.html#tls-warnings
  warnings.warn(

2026-09-01 10:01:29.112 87 WARNING py.warnings [None req-19c06d48-7fae-4647-ad0d-6060844a3d0c a1820a84f4444cf09fd0a8f873f97178 808aa892216643d6b78bb46e678800db - - - -] /var/lib/kolla/venv/lib/python3.12/site-packages/urllib3/connectionpool.py:1110: InsecureRequestWarning: Unverified HTTPS request is being made to host '[LB_IP_ADDRESS]'. Adding certificate verification is strongly advised. See: https://urllib3.readthedocs.io/en/latest/advanced-usage.html#tls-warnings
  warnings.warn(

2026-09-01 10:01:29.324 87 INFO cinder.volume.drivers.lightos [None req-19c06d48-7fae-4647-ad0d-6060844a3d0c a1820a84f4444cf09fd0a8f873f97178 808aa892216643d6b78bb46e678800db - - - -] Invoking get_volume using GET url: /api/v2/projects/default/volumes/52bdf162-dee3-48bf-a354-7ccc61b4a61e             request.body: {} ssl_verify: False
2026-09-01 10:01:29.355 87 INFO cinder.volume.flows.manager.create_volume [None req-edf0b532-2267-4dc7-ad39-e5583ae5b490 a1820a84f4444cf09fd0a8f873f97178 808aa892216643d6b78bb46e678800db - - - -] Volume be3ccdf8-604b-4fcd-8fa4-8af422f85b48: being created as raw with specification: {'status': 'creating', 'volume_name': 'vol_be3ccdf8-604b-4fcd-8fa4-8af422f85b48', 'volume_size': 1}
2026-09-01 10:01:29.355 87 INFO cinder.volume.drivers.lightos [None req-edf0b532-2267-4dc7-ad39-e5583ae5b490 a1820a84f4444cf09fd0a8f873f97178 808aa892216643d6b78bb46e678800db - - - -] Invoking get_volume_by_name using GET url: /api/v2/projects/default/volumes/?name=vol_be3ccdf8-604b-4fcd-8fa4-8af422f85b48             request.body: {} ssl_verify: False
2026-09-01 10:01:29.511 87 WARNING py.warnings [None req-edf0b532-2267-4dc7-ad39-e5583ae5b490 a1820a84f4444cf09fd0a8f873f97178 808aa892216643d6b78bb46e678800db - - - -] /var/lib/kolla/venv/lib/python3.12/site-packages/urllib3/connectionpool.py:1110: InsecureRequestWarning: Unverified HTTPS request is being made to host '[LB_IP_ADDRESS]'. Adding certificate verification is strongly advised. See: https://urllib3.readthedocs.io/en/latest/advanced-usage.html#tls-warnings
  warnings.warn(

2026-09-01 10:01:29.518 87 WARNING py.warnings [None req-19c06d48-7fae-4647-ad0d-6060844a3d0c a1820a84f4444cf09fd0a8f873f97178 808aa892216643d6b78bb46e678800db - - - -] /var/lib/kolla/venv/lib/python3.12/site-packages/urllib3/connectionpool.py:1110: InsecureRequestWarning: Unverified HTTPS request is being made to host '[LB_IP_ADDRESS]'. Adding certificate verification is strongly advised. See: https://urllib3.readthedocs.io/en/latest/advanced-usage.html#tls-warnings
  warnings.warn(

2026-09-01 10:01:29.523 87 INFO cinder.volume.drivers.lightos [None req-edf0b532-2267-4dc7-ad39-e5583ae5b490 a1820a84f4444cf09fd0a8f873f97178 808aa892216643d6b78bb46e678800db - - - -] Invoking create_volume using POST url: /api/v2/projects/default/volumes             request.body: {'name': 'vol_be3ccdf8-604b-4fcd-8fa4-8af422f85b48', 'size': '1 gib', 'replicaCount': '3', 'compression': 'False', 'acl': {'values': ['ALLOW_NONE']}, 'IPAcl': {'values': ['ALLOW_NONE']}, 'sourceSnapshotUUID': None, 'sourceSnapshotName': None} ssl_verify: False
2026-09-01 10:01:29.611 87 WARNING py.warnings [None req-edf0b532-2267-4dc7-ad39-e5583ae5b490 a1820a84f4444cf09fd0a8f873f97178 808aa892216643d6b78bb46e678800db - - - -] /var/lib/kolla/venv/lib/python3.12/site-packages/urllib3/connectionpool.py:1110: InsecureRequestWarning: Unverified HTTPS request is being made to host '[LB_IP_ADDRESS]'. Adding certificate verification is strongly advised. See: https://urllib3.readthedocs.io/en/latest/advanced-usage.html#tls-warnings
  warnings.warn(

2026-09-01 10:01:29.642 87 INFO cinder.volume.flows.manager.create_volume [None req-19c06d48-7fae-4647-ad0d-6060844a3d0c a1820a84f4444cf09fd0a8f873f97178 808aa892216643d6b78bb46e678800db - - - -] Volume vol_36379fd4-998c-4fa7-9c5c-fbfaf7c00500 (36379fd4-998c-4fa7-9c5c-fbfaf7c00500): created successfully
2026-09-01 10:01:29.658 87 INFO cinder.volume.manager [None req-19c06d48-7fae-4647-ad0d-6060844a3d0c a1820a84f4444cf09fd0a8f873f97178 808aa892216643d6b78bb46e678800db - - - -] Created volume successfully.
2026-09-01 10:01:29.687 87 INFO cinder.volume.manager [None req-73fb53ff-3f4d-4fbf-9e8b-248f83427107 bd56d55f95eb49d39793b3848e28b4f7 9d9ddd48db0b4a44beec241eb0d947b2 - - - -] Deleted volume successfully.
2026-09-01 10:01:29.710 87 INFO cinder.volume.drivers.lightos [None req-edf0b532-2267-4dc7-ad39-e5583ae5b490 a1820a84f4444cf09fd0a8f873f97178 808aa892216643d6b78bb46e678800db - - - -] Invoking get_volume using GET url: /api/v2/projects/default/volumes/4da1fbf9-906c-4e1f-b66c-d4239c4a21c4             request.body: {} ssl_verify: False
2026-09-01 10:01:29.796 87 WARNING py.warnings [None req-edf0b532-2267-4dc7-ad39-e5583ae5b490 a1820a84f4444cf09fd0a8f873f97178 808aa892216643d6b78bb46e678800db - - - -] /var/lib/kolla/venv/lib/python3.12/site-packages/urllib3/connectionpool.py:1110: InsecureRequestWarning: Unverified HTTPS request is being made to host '[LB_IP_ADDRESS]'. Adding certificate verification is strongly advised. See: https://urllib3.readthedocs.io/en/latest/advanced-usage.html#tls-warnings
  warnings.warn(

2026-09-01 10:01:29.837 87 INFO cinder.volume.drivers.lightos [None req-ffc77d5c-ce21-424e-8d7e-c533e395e8df 934ad60691754e69a655a42da760f379 103fa22d9d174a2f96d2b135f14ebc05 - - - -] Invoking get_snapshot_by_name using GET url: /api/v2/projects/default/snapshots/?Name=snapshot-f98a2e9f-ac5b-45a4-9195-4d698198982c             request.body: {} ssl_verify: False
2026-09-01 10:01:29.922 87 WARNING py.warnings [None req-ffc77d5c-ce21-424e-8d7e-c533e395e8df 934ad60691754e69a655a42da760f379 103fa22d9d174a2f96d2b135f14ebc05 - - - -] /var/lib/kolla/venv/lib/python3.12/site-packages/urllib3/connectionpool.py:1110: InsecureRequestWarning: Unverified HTTPS request is being made to host '[LB_IP_ADDRESS]'. Adding certificate verification is strongly advised. See: https://urllib3.readthedocs.io/en/latest/advanced-usage.html#tls-warnings
  warnings.warn(

2026-09-01 10:01:29.952 87 INFO cinder.volume.flows.manager.create_volume [None req-b1fa5591-1e3c-456f-864a-6eec4950eee0 a1820a84f4444cf09fd0a8f873f97178 808aa892216643d6b78bb46e678800db - - - -] Volume b3a80ed2-988f-4aba-99ba-4e52b3af5fc9: being created as raw with specification: {'status': 'creating', 'volume_name': 'vol_b3a80ed2-988f-4aba-99ba-4e52b3af5fc9', 'volume_size': 1}
2026-09-01 10:01:29.952 87 INFO cinder.volume.drivers.lightos [None req-b1fa5591-1e3c-456f-864a-6eec4950eee0 a1820a84f4444cf09fd0a8f873f97178 808aa892216643d6b78bb46e678800db - - - -] Invoking get_volume_by_name using GET url: /api/v2/projects/default/volumes/?name=vol_b3a80ed2-988f-4aba-99ba-4e52b3af5fc9             request.body: {} ssl_verify: False
2026-09-01 10:01:30.047 87 WARNING py.warnings [None req-b1fa5591-1e3c-456f-864a-6eec4950eee0 a1820a84f4444cf09fd0a8f873f97178 808aa892216643d6b78bb46e678800db - - - -] /var/lib/kolla/venv/lib/python3.12/site-packages/urllib3/connectionpool.py:1110: InsecureRequestWarning: Unverified HTTPS request is being made to host '[LB_IP_ADDRESS]'. Adding certificate verification is strongly advised. See: https://urllib3.readthedocs.io/en/latest/advanced-usage.html#tls-warnings
  warnings.warn(

2026-09-01 10:01:30.057 87 INFO cinder.volume.drivers.lightos [None req-b1fa5591-1e3c-456f-864a-6eec4950eee0 a1820a84f4444cf09fd0a8f873f97178 808aa892216643d6b78bb46e678800db - - - -] Invoking create_volume using POST url: /api/v2/projects/default/volumes             request.body: {'name': 'vol_b3a80ed2-988f-4aba-99ba-4e52b3af5fc9', 'size': '1 gib', 'replicaCount': '3', 'compression': 'False', 'acl': {'values': ['ALLOW_NONE']}, 'IPAcl': {'values': ['ALLOW_NONE']}, 'sourceSnapshotUUID': None, 'sourceSnapshotName': None} ssl_verify: False
2026-09-01 10:01:30.136 87 INFO cinder.volume.flows.manager.create_volume [None req-edf0b532-2267-4dc7-ad39-e5583ae5b490 a1820a84f4444cf09fd0a8f873f97178 808aa892216643d6b78bb46e678800db - - - -] Volume vol_be3ccdf8-604b-4fcd-8fa4-8af422f85b48 (be3ccdf8-604b-4fcd-8fa4-8af422f85b48): created successfully
2026-09-01 10:01:30.149 87 WARNING py.warnings [None req-b1fa5591-1e3c-456f-864a-6eec4950eee0 a1820a84f4444cf09fd0a8f873f97178 808aa892216643d6b78bb46e678800db - - - -] /var/lib/kolla/venv/lib/python3.12/site-packages/urllib3/connectionpool.py:1110: InsecureRequestWarning: Unverified HTTPS request is being made to host '[LB_IP_ADDRESS]'. Adding certificate verification is strongly advised. See: https://urllib3.readthedocs.io/en/latest/advanced-usage.html#tls-warnings
  warnings.warn(

2026-09-01 10:01:30.153 87 INFO cinder.volume.manager [None req-ffc77d5c-ce21-424e-8d7e-c533e395e8df 934ad60691754e69a655a42da760f379 103fa22d9d174a2f96d2b135f14ebc05 - - - -] Create snapshot completed successfully
2026-09-01 10:01:30.156 87 INFO cinder.volume.manager [None req-edf0b532-2267-4dc7-ad39-e5583ae5b490 a1820a84f4444cf09fd0a8f873f97178 808aa892216643d6b78bb46e678800db - - - -] Created volume successfully.
2026-09-01 10:01:30.177 87 INFO cinder.volume.drivers.lightos [None req-b1fa5591-1e3c-456f-864a-6eec4950eee0 a1820a84f4444cf09fd0a8f873f97178 808aa892216643d6b78bb46e678800db - - - -] Invoking get_volume using GET url: /api/v2/projects/default/volumes/0204a8fd-59f9-4579-8b1b-016bd014b2c2             request.body: {} ssl_verify: False
2026-09-01 10:01:30.260 87 WARNING py.warnings [None req-b1fa5591-1e3c-456f-864a-6eec4950eee0 a1820a84f4444cf09fd0a8f873f97178 808aa892216643d6b78bb46e678800db - - - -] /var/lib/kolla/venv/lib/python3.12/site-packages/urllib3/connectionpool.py:1110: InsecureRequestWarning: Unverified HTTPS request is being made to host '[LB_IP_ADDRESS]'. Adding certificate verification is strongly advised. See: https://urllib3.readthedocs.io/en/latest/advanced-usage.html#tls-warnings
  warnings.warn(

2026-09-01 10:01:30.417 87 INFO cinder.volume.flows.manager.create_volume [None req-56122d63-ea8e-4789-9f24-39f1af1b3c4a a1820a84f4444cf09fd0a8f873f97178 808aa892216643d6b78bb46e678800db - - - -] Volume 8bb9e656-105f-4edf-ac5f-aad0e62ca235: being created as raw with specification: {'status': 'creating', 'volume_name': 'vol_8bb9e656-105f-4edf-ac5f-aad0e62ca235', 'volume_size': 1}
2026-09-01 10:01:30.418 87 INFO cinder.volume.drivers.lightos [None req-56122d63-ea8e-4789-9f24-39f1af1b3c4a a1820a84f4444cf09fd0a8f873f97178 808aa892216643d6b78bb46e678800db - - - -] Invoking get_volume_by_name using GET url: /api/v2/projects/default/volumes/?name=vol_8bb9e656-105f-4edf-ac5f-aad0e62ca235             request.body: {} ssl_verify: False
2026-09-01 10:01:30.500 87 WARNING py.warnings [None req-56122d63-ea8e-4789-9f24-39f1af1b3c4a a1820a84f4444cf09fd0a8f873f97178 808aa892216643d6b78bb46e678800db - - - -] /var/lib/kolla/venv/lib/python3.12/site-packages/urllib3/connectionpool.py:1110: InsecureRequestWarning: Unverified HTTPS request is being made to host '[LB_IP_ADDRESS]'. Adding certificate verification is strongly advised. See: https://urllib3.readthedocs.io/en/latest/advanced-usage.html#tls-warnings
  warnings.warn(

2026-09-01 10:01:30.517 87 INFO cinder.volume.drivers.lightos [None req-56122d63-ea8e-4789-9f24-39f1af1b3c4a a1820a84f4444cf09fd0a8f873f97178 808aa892216643d6b78bb46e678800db - - - -] Invoking create_volume using POST url: /api/v2/projects/default/volumes             request.body: {'name': 'vol_8bb9e656-105f-4edf-ac5f-aad0e62ca235', 'size': '1 gib', 'replicaCount': '3', 'compression': 'False', 'acl': {'values': ['ALLOW_NONE']}, 'IPAcl': {'values': ['ALLOW_NONE']}, 'sourceSnapshotUUID': None, 'sourceSnapshotName': None} ssl_verify: False
2026-09-01 10:01:30.601 87 WARNING py.warnings [None req-56122d63-ea8e-4789-9f24-39f1af1b3c4a a1820a84f4444cf09fd0a8f873f97178 808aa892216643d6b78bb46e678800db - - - -] /var/lib/kolla/venv/lib/python3.12/site-packages/urllib3/connectionpool.py:1110: InsecureRequestWarning: Unverified HTTPS request is being made to host '[LB_IP_ADDRESS]'. Adding certificate verification is strongly advised. See: https://urllib3.readthedocs.io/en/latest/advanced-usage.html#tls-warnings
  warnings.warn(

2026-09-01 10:01:30.622 87 INFO cinder.volume.drivers.lightos [None req-56122d63-ea8e-4789-9f24-39f1af1b3c4a a1820a84f4444cf09fd0a8f873f97178 808aa892216643d6b78bb46e678800db - - - -] Invoking get_volume using GET url: /api/v2/projects/default/volumes/9c776c26-865a-49fa-870f-f846023c8c1e             request.body: {} ssl_verify: False
2026-09-01 10:01:30.706 87 WARNING py.warnings [None req-56122d63-ea8e-4789-9f24-39f1af1b3c4a a1820a84f4444cf09fd0a8f873f97178 808aa892216643d6b78bb46e678800db - - - -] /var/lib/kolla/venv/lib/python3.12/site-packages/urllib3/connectionpool.py:1110: InsecureRequestWarning: Unverified HTTPS request is being made to host '[LB_IP_ADDRESS]'. Adding certificate verification is strongly advised. See: https://urllib3.readthedocs.io/en/latest/advanced-usage.html#tls-warnings
  warnings.warn(

2026-09-01 10:01:30.732 87 INFO cinder.volume.drivers.lightos [None req-a236d3af-1446-4739-948c-bebdc005ca96 bd56d55f95eb49d39793b3848e28b4f7 9d9ddd48db0b4a44beec241eb0d947b2 - - - -] Invoking delete_volume using DELETE url: /api/v2/projects/default/volumes/92cec67a-9eab-4a07-8966-1745e0bad705?             request.body:  ssl_verify: False
2026-09-01 10:01:30.814 87 WARNING py.warnings [None req-a236d3af-1446-4739-948c-bebdc005ca96 bd56d55f95eb49d39793b3848e28b4f7 9d9ddd48db0b4a44beec241eb0d947b2 - - - -] /var/lib/kolla/venv/lib/python3.12/site-packages/urllib3/connectionpool.py:1110: InsecureRequestWarning: Unverified HTTPS request is being made to host '[LB_IP_ADDRESS]'. Adding certificate verification is strongly advised. See: https://urllib3.readthedocs.io/en/latest/advanced-usage.html#tls-warnings
  warnings.warn(

2026-09-01 10:01:30.849 87 INFO cinder.volume.drivers.lightos [None req-a236d3af-1446-4739-948c-bebdc005ca96 bd56d55f95eb49d39793b3848e28b4f7 9d9ddd48db0b4a44beec241eb0d947b2 - - - -] Invoking get_volume using GET url: /api/v2/projects/default/volumes/92cec67a-9eab-4a07-8966-1745e0bad705             request.body: {} ssl_verify: False
2026-09-01 10:01:30.933 87 WARNING py.warnings [None req-a236d3af-1446-4739-948c-bebdc005ca96 bd56d55f95eb49d39793b3848e28b4f7 9d9ddd48db0b4a44beec241eb0d947b2 - - - -] /var/lib/kolla/venv/lib/python3.12/site-packages/urllib3/connectionpool.py:1110: InsecureRequestWarning: Unverified HTTPS request is being made to host '[LB_IP_ADDRESS]'. Adding certificate verification is strongly advised. See: https://urllib3.readthedocs.io/en/latest/advanced-usage.html#tls-warnings
  warnings.warn(

2026-09-01 10:01:31.199 87 INFO cinder.volume.flows.manager.create_volume [None req-866fde05-d02f-4c5f-bb8f-92035ed1d552 934ad60691754e69a655a42da760f379 103fa22d9d174a2f96d2b135f14ebc05 - - - -] Volume 6cdb9ee0-3cc6-4507-a5d5-ad4865ce4d57: being created as raw with specification: {'status': 'creating', 'volume_name': 'vol_6cdb9ee0-3cc6-4507-a5d5-ad4865ce4d57', 'volume_size': 1}
2026-09-01 10:01:31.200 87 INFO cinder.volume.drivers.lightos [None req-866fde05-d02f-4c5f-bb8f-92035ed1d552 934ad60691754e69a655a42da760f379 103fa22d9d174a2f96d2b135f14ebc05 - - - -] Invoking get_volume_by_name using GET url: /api/v2/projects/default/volumes/?name=vol_6cdb9ee0-3cc6-4507-a5d5-ad4865ce4d57             request.body: {} ssl_verify: False
2026-09-01 10:01:31.280 87 INFO cinder.volume.drivers.lightos [None req-b1fa5591-1e3c-456f-864a-6eec4950eee0 a1820a84f4444cf09fd0a8f873f97178 808aa892216643d6b78bb46e678800db - - - -] Invoking get_volume using GET url: /api/v2/projects/default/volumes/0204a8fd-59f9-4579-8b1b-016bd014b2c2             request.body: {} ssl_verify: False
2026-09-01 10:01:31.359 87 WARNING py.warnings [None req-866fde05-d02f-4c5f-bb8f-92035ed1d552 934ad60691754e69a655a42da760f379 103fa22d9d174a2f96d2b135f14ebc05 - - - -] /var/lib/kolla/venv/lib/python3.12/site-packages/urllib3/connectionpool.py:1110: InsecureRequestWarning: Unverified HTTPS request is being made to host '[LB_IP_ADDRESS]'. Adding certificate verification is strongly advised. See: https://urllib3.readthedocs.io/en/latest/advanced-usage.html#tls-warnings
  warnings.warn(

2026-09-01 10:01:31.364 87 WARNING py.warnings [None req-b1fa5591-1e3c-456f-864a-6eec4950eee0 a1820a84f4444cf09fd0a8f873f97178 808aa892216643d6b78bb46e678800db - - - -] /var/lib/kolla/venv/lib/python3.12/site-packages/urllib3/connectionpool.py:1110: InsecureRequestWarning: Unverified HTTPS request is being made to host '[LB_IP_ADDRESS]'. Adding certificate verification is strongly advised. See: https://urllib3.readthedocs.io/en/latest/advanced-usage.html#tls-warnings
  warnings.warn(

2026-09-01 10:01:31.373 87 INFO cinder.volume.drivers.lightos [None req-866fde05-d02f-4c5f-bb8f-92035ed1d552 934ad60691754e69a655a42da760f379 103fa22d9d174a2f96d2b135f14ebc05 - - - -] Invoking create_volume using POST url: /api/v2/projects/default/volumes             request.body: {'name': 'vol_6cdb9ee0-3cc6-4507-a5d5-ad4865ce4d57', 'size': '1 gib', 'replicaCount': '3', 'compression': 'False', 'acl': {'values': ['ALLOW_NONE']}, 'IPAcl': {'values': ['ALLOW_NONE']}, 'sourceSnapshotUUID': None, 'sourceSnapshotName': None} ssl_verify: False
2026-09-01 10:01:31.459 87 WARNING py.warnings [None req-866fde05-d02f-4c5f-bb8f-92035ed1d552 934ad60691754e69a655a42da760f379 103fa22d9d174a2f96d2b135f14ebc05 - - - -] /var/lib/kolla/venv/lib/python3.12/site-packages/urllib3/connectionpool.py:1110: InsecureRequestWarning: Unverified HTTPS request is being made to host '[LB_IP_ADDRESS]'. Adding certificate verification is strongly advised. See: https://urllib3.readthedocs.io/en/latest/advanced-usage.html#tls-warnings
  warnings.warn(

2026-09-01 10:01:31.488 87 INFO cinder.volume.manager [None req-a236d3af-1446-4739-948c-bebdc005ca96 bd56d55f95eb49d39793b3848e28b4f7 9d9ddd48db0b4a44beec241eb0d947b2 - - - -] Deleted volume successfully.
2026-09-01 10:01:31.493 87 INFO cinder.volume.drivers.lightos [None req-866fde05-d02f-4c5f-bb8f-92035ed1d552 934ad60691754e69a655a42da760f379 103fa22d9d174a2f96d2b135f14ebc05 - - - -] Invoking get_volume using GET url: /api/v2/projects/default/volumes/2ffeddb8-0716-40b3-9a0e-5f54166d4a0b             request.body: {} ssl_verify: False
2026-09-01 10:01:31.496 87 INFO cinder.volume.flows.manager.create_volume [None req-b1fa5591-1e3c-456f-864a-6eec4950eee0 a1820a84f4444cf09fd0a8f873f97178 808aa892216643d6b78bb46e678800db - - - -] Volume vol_b3a80ed2-988f-4aba-99ba-4e52b3af5fc9 (b3a80ed2-988f-4aba-99ba-4e52b3af5fc9): created successfully
2026-09-01 10:01:31.586 87 WARNING py.warnings [None req-866fde05-d02f-4c5f-bb8f-92035ed1d552 934ad60691754e69a655a42da760f379 103fa22d9d174a2f96d2b135f14ebc05 - - - -] /var/lib/kolla/venv/lib/python3.12/site-packages/urllib3/connectionpool.py:1110: InsecureRequestWarning: Unverified HTTPS request is being made to host '[LB_IP_ADDRESS]'. Adding certificate verification is strongly advised. See: https://urllib3.readthedocs.io/en/latest/advanced-usage.html#tls-warnings
  warnings.warn(

2026-09-01 10:01:31.588 87 INFO cinder.volume.manager [None req-b1fa5591-1e3c-456f-864a-6eec4950eee0 a1820a84f4444cf09fd0a8f873f97178 808aa892216643d6b78bb46e678800db - - - -] Created volume successfully.
2026-09-01 10:01:31.618 87 INFO cinder.volume.flows.manager.create_volume [None req-866fde05-d02f-4c5f-bb8f-92035ed1d552 934ad60691754e69a655a42da760f379 103fa22d9d174a2f96d2b135f14ebc05 - - - -] Volume vol_6cdb9ee0-3cc6-4507-a5d5-ad4865ce4d57 (6cdb9ee0-3cc6-4507-a5d5-ad4865ce4d57): created successfully
2026-09-01 10:01:31.632 87 INFO cinder.volume.manager [None req-866fde05-d02f-4c5f-bb8f-92035ed1d552 934ad60691754e69a655a42da760f379 103fa22d9d174a2f96d2b135f14ebc05 - - - -] Created volume successfully.
2026-09-01 10:01:31.719 87 INFO cinder.volume.drivers.lightos [None req-56122d63-ea8e-4789-9f24-39f1af1b3c4a a1820a84f4444cf09fd0a8f873f97178 808aa892216643d6b78bb46e678800db - - - -] Invoking get_volume using GET url: /api/v2/projects/default/volumes/9c776c26-865a-49fa-870f-f846023c8c1e             request.body: {} ssl_verify: False
2026-09-01 10:01:31.804 87 WARNING py.warnings [None req-56122d63-ea8e-4789-9f24-39f1af1b3c4a a1820a84f4444cf09fd0a8f873f97178 808aa892216643d6b78bb46e678800db - - - -] /var/lib/kolla/venv/lib/python3.12/site-packages/urllib3/connectionpool.py:1110: InsecureRequestWarning: Unverified HTTPS request is being made to host '[LB_IP_ADDRESS]'. Adding certificate verification is strongly advised. See: https://urllib3.readthedocs.io/en/latest/advanced-usage.html#tls-warnings
  warnings.warn(

2026-09-01 10:01:31.856 87 INFO cinder.volume.drivers.lightos [None req-44fbc76b-7938-49b7-8f4f-2b9f99ffcb41 bd56d55f95eb49d39793b3848e28b4f7 9d9ddd48db0b4a44beec241eb0d947b2 - - - -] Invoking delete_volume using DELETE url: /api/v2/projects/default/volumes/c00d741d-0f36-41e2-a738-7d95a281aac6?             request.body:  ssl_verify: False
2026-09-01 10:01:31.940 87 INFO cinder.volume.flows.manager.create_volume [None req-56122d63-ea8e-4789-9f24-39f1af1b3c4a a1820a84f4444cf09fd0a8f873f97178 808aa892216643d6b78bb46e678800db - - - -] Volume vol_8bb9e656-105f-4edf-ac5f-aad0e62ca235 (8bb9e656-105f-4edf-ac5f-aad0e62ca235): created successfully
2026-09-01 10:01:31.952 87 WARNING py.warnings [None req-44fbc76b-7938-49b7-8f4f-2b9f99ffcb41 bd56d55f95eb49d39793b3848e28b4f7 9d9ddd48db0b4a44beec241eb0d947b2 - - - -] /var/lib/kolla/venv/lib/python3.12/site-packages/urllib3/connectionpool.py:1110: InsecureRequestWarning: Unverified HTTPS request is being made to host '[LB_IP_ADDRESS]'. Adding certificate verification is strongly advised. See: https://urllib3.readthedocs.io/en/latest/advanced-usage.html#tls-warnings
  warnings.warn(

2026-09-01 10:01:31.964 87 INFO cinder.volume.manager [None req-56122d63-ea8e-4789-9f24-39f1af1b3c4a a1820a84f4444cf09fd0a8f873f97178 808aa892216643d6b78bb46e678800db - - - -] Created volume successfully.
2026-09-01 10:01:31.993 87 INFO cinder.volume.drivers.lightos [None req-44fbc76b-7938-49b7-8f4f-2b9f99ffcb41 bd56d55f95eb49d39793b3848e28b4f7 9d9ddd48db0b4a44beec241eb0d947b2 - - - -] Invoking get_volume using GET url: /api/v2/projects/default/volumes/c00d741d-0f36-41e2-a738-7d95a281aac6             request.body: {} ssl_verify: False
2026-09-01 10:01:32.081 87 WARNING py.warnings [None req-44fbc76b-7938-49b7-8f4f-2b9f99ffcb41 bd56d55f95eb49d39793b3848e28b4f7 9d9ddd48db0b4a44beec241eb0d947b2 - - - -] /var/lib/kolla/venv/lib/python3.12/site-packages/urllib3/connectionpool.py:1110: InsecureRequestWarning: Unverified HTTPS request is being made to host '[LB_IP_ADDRESS]'. Adding certificate verification is strongly advised. See: https://urllib3.readthedocs.io/en/latest/advanced-usage.html#tls-warnings
  warnings.warn(

2026-09-01 10:01:32.111 87 INFO cinder.volume.flows.manager.create_volume [None req-23071bf2-04c0-4967-865a-66cf10644c79 934ad60691754e69a655a42da760f379 103fa22d9d174a2f96d2b135f14ebc05 - - - -] Volume c8028602-83cc-44d2-94f8-f982ef01f373: being created as raw with specification: {'status': 'creating', 'volume_name': 'vol_c8028602-83cc-44d2-94f8-f982ef01f373', 'volume_size': 1}
2026-09-01 10:01:32.112 87 INFO cinder.volume.drivers.lightos [None req-23071bf2-04c0-4967-865a-66cf10644c79 934ad60691754e69a655a42da760f379 103fa22d9d174a2f96d2b135f14ebc05 - - - -] Invoking get_volume_by_name using GET url: /api/v2/projects/default/volumes/?name=vol_c8028602-83cc-44d2-94f8-f982ef01f373             request.body: {} ssl_verify: False
2026-09-01 10:01:32.199 87 WARNING py.warnings [None req-23071bf2-04c0-4967-865a-66cf10644c79 934ad60691754e69a655a42da760f379 103fa22d9d174a2f96d2b135f14ebc05 - - - -] /var/lib/kolla/venv/lib/python3.12/site-packages/urllib3/connectionpool.py:1110: InsecureRequestWarning: Unverified HTTPS request is being made to host '[LB_IP_ADDRESS]'. Adding certificate verification is strongly advised. See: https://urllib3.readthedocs.io/en/latest/advanced-usage.html#tls-warnings
  warnings.warn(

2026-09-01 10:01:32.208 87 INFO cinder.volume.drivers.lightos [None req-23071bf2-04c0-4967-865a-66cf10644c79 934ad60691754e69a655a42da760f379 103fa22d9d174a2f96d2b135f14ebc05 - - - -] Invoking create_volume using POST url: /api/v2/projects/default/volumes             request.body: {'name': 'vol_c8028602-83cc-44d2-94f8-f982ef01f373', 'size': '1 gib', 'replicaCount': '3', 'compression': 'False', 'acl': {'values': ['ALLOW_NONE']}, 'IPAcl': {'values': ['ALLOW_NONE']}, 'sourceSnapshotUUID': None, 'sourceSnapshotName': None} ssl_verify: False
2026-09-01 10:01:32.292 87 WARNING py.warnings [None req-23071bf2-04c0-4967-865a-66cf10644c79 934ad60691754e69a655a42da760f379 103fa22d9d174a2f96d2b135f14ebc05 - - - -] /var/lib/kolla/venv/lib/python3.12/site-packages/urllib3/connectionpool.py:1110: InsecureRequestWarning: Unverified HTTPS request is being made to host '[LB_IP_ADDRESS]'. Adding certificate verification is strongly advised. See: https://urllib3.readthedocs.io/en/latest/advanced-usage.html#tls-warnings
  warnings.warn(

2026-09-01 10:01:32.408 87 INFO cinder.volume.drivers.lightos [None req-23071bf2-04c0-4967-865a-66cf10644c79 934ad60691754e69a655a42da760f379 103fa22d9d174a2f96d2b135f14ebc05 - - - -] Invoking get_volume using GET url: /api/v2/projects/default/volumes/6ef743be-480b-41b7-a191-a8ae1e86f1a9             request.body: {} ssl_verify: False
2026-09-01 10:01:32.494 87 WARNING py.warnings [None req-23071bf2-04c0-4967-865a-66cf10644c79 934ad60691754e69a655a42da760f379 103fa22d9d174a2f96d2b135f14ebc05 - - - -] /var/lib/kolla/venv/lib/python3.12/site-packages/urllib3/connectionpool.py:1110: InsecureRequestWarning: Unverified HTTPS request is being made to host '[LB_IP_ADDRESS]'. Adding certificate verification is strongly advised. See: https://urllib3.readthedocs.io/en/latest/advanced-usage.html#tls-warnings
  warnings.warn(

2026-09-01 10:01:32.616 87 INFO cinder.volume.flows.manager.create_volume [None req-23071bf2-04c0-4967-865a-66cf10644c79 934ad60691754e69a655a42da760f379 103fa22d9d174a2f96d2b135f14ebc05 - - - -] Volume vol_c8028602-83cc-44d2-94f8-f982ef01f373 (c8028602-83cc-44d2-94f8-f982ef01f373): created successfully
2026-09-01 10:01:32.659 87 INFO cinder.volume.flows.manager.create_volume [None req-26372aa8-4abe-43e2-87b3-e1cb8cc141ae 934ad60691754e69a655a42da760f379 103fa22d9d174a2f96d2b135f14ebc05 - - - -] Volume 70c2c499-fd59-4233-995d-f8ac18d610bf: being created as raw with specification: {'status': 'creating', 'volume_name': 'vol_70c2c499-fd59-4233-995d-f8ac18d610bf', 'volume_size': 1}
2026-09-01 10:01:32.659 87 INFO cinder.volume.drivers.lightos [None req-26372aa8-4abe-43e2-87b3-e1cb8cc141ae 934ad60691754e69a655a42da760f379 103fa22d9d174a2f96d2b135f14ebc05 - - - -] Invoking get_volume_by_name using GET url: /api/v2/projects/default/volumes/?name=vol_70c2c499-fd59-4233-995d-f8ac18d610bf             request.body: {} ssl_verify: False
2026-09-01 10:01:32.746 87 WARNING py.warnings [None req-26372aa8-4abe-43e2-87b3-e1cb8cc141ae 934ad60691754e69a655a42da760f379 103fa22d9d174a2f96d2b135f14ebc05 - - - -] /var/lib/kolla/venv/lib/python3.12/site-packages/urllib3/connectionpool.py:1110: InsecureRequestWarning: Unverified HTTPS request is being made to host '[LB_IP_ADDRESS]'. Adding certificate verification is strongly advised. See: https://urllib3.readthedocs.io/en/latest/advanced-usage.html#tls-warnings
  warnings.warn(

2026-09-01 10:01:32.757 87 INFO cinder.volume.drivers.lightos [None req-26372aa8-4abe-43e2-87b3-e1cb8cc141ae 934ad60691754e69a655a42da760f379 103fa22d9d174a2f96d2b135f14ebc05 - - - -] Invoking create_volume using POST url: /api/v2/projects/default/volumes             request.body: {'name': 'vol_70c2c499-fd59-4233-995d-f8ac18d610bf', 'size': '1 gib', 'replicaCount': '3', 'compression': 'False', 'acl': {'values': ['ALLOW_NONE']}, 'IPAcl': {'values': ['ALLOW_NONE']}, 'sourceSnapshotUUID': None, 'sourceSnapshotName': None} ssl_verify: False
2026-09-01 10:01:32.761 87 INFO cinder.volume.manager [None req-23071bf2-04c0-4967-865a-66cf10644c79 934ad60691754e69a655a42da760f379 103fa22d9d174a2f96d2b135f14ebc05 - - - -] Created volume successfully.
2026-09-01 10:01:32.846 87 WARNING py.warnings [None req-26372aa8-4abe-43e2-87b3-e1cb8cc141ae 934ad60691754e69a655a42da760f379 103fa22d9d174a2f96d2b135f14ebc05 - - - -] /var/lib/kolla/venv/lib/python3.12/site-packages/urllib3/connectionpool.py:1110: InsecureRequestWarning: Unverified HTTPS request is being made to host '[LB_IP_ADDRESS]'. Adding certificate verification is strongly advised. See: https://urllib3.readthedocs.io/en/latest/advanced-usage.html#tls-warnings
  warnings.warn(

2026-09-01 10:01:32.861 87 INFO cinder.volume.manager [None req-44fbc76b-7938-49b7-8f4f-2b9f99ffcb41 bd56d55f95eb49d39793b3848e28b4f7 9d9ddd48db0b4a44beec241eb0d947b2 - - - -] Deleted volume successfully.
2026-09-01 10:01:32.870 87 INFO cinder.volume.drivers.lightos [None req-464617ab-ef50-4387-9b82-19de00babea9 a1820a84f4444cf09fd0a8f873f97178 808aa892216643d6b78bb46e678800db - - - -] Invoking delete_volume using DELETE url: /api/v2/projects/default/volumes/9c776c26-865a-49fa-870f-f846023c8c1e?             request.body:  ssl_verify: False
2026-09-01 10:01:32.962 87 WARNING py.warnings [None req-464617ab-ef50-4387-9b82-19de00babea9 a1820a84f4444cf09fd0a8f873f97178 808aa892216643d6b78bb46e678800db - - - -] /var/lib/kolla/venv/lib/python3.12/site-packages/urllib3/connectionpool.py:1110: InsecureRequestWarning: Unverified HTTPS request is being made to host '[LB_IP_ADDRESS]'. Adding certificate verification is strongly advised. See: https://urllib3.readthedocs.io/en/latest/advanced-usage.html#tls-warnings
  warnings.warn(

2026-09-01 10:01:32.966 87 INFO cinder.volume.drivers.lightos [None req-26372aa8-4abe-43e2-87b3-e1cb8cc141ae 934ad60691754e69a655a42da760f379 103fa22d9d174a2f96d2b135f14ebc05 - - - -] Invoking get_volume using GET url: /api/v2/projects/default/volumes/a41b9d3d-2a11-4cbf-8e3e-fe437f7a6e7b             request.body: {} ssl_verify: False
2026-09-01 10:01:33.046 87 INFO cinder.volume.drivers.lightos [None req-464617ab-ef50-4387-9b82-19de00babea9 a1820a84f4444cf09fd0a8f873f97178 808aa892216643d6b78bb46e678800db - - - -] Invoking get_volume using GET url: /api/v2/projects/default/volumes/9c776c26-865a-49fa-870f-f846023c8c1e             request.body: {} ssl_verify: False
2026-09-01 10:01:33.053 87 WARNING py.warnings [None req-26372aa8-4abe-43e2-87b3-e1cb8cc141ae 934ad60691754e69a655a42da760f379 103fa22d9d174a2f96d2b135f14ebc05 - - - -] /var/lib/kolla/venv/lib/python3.12/site-packages/urllib3/connectionpool.py:1110: InsecureRequestWarning: Unverified HTTPS request is being made to host '[LB_IP_ADDRESS]'. Adding certificate verification is strongly advised. See: https://urllib3.readthedocs.io/en/latest/advanced-usage.html#tls-warnings
  warnings.warn(

2026-09-01 10:01:33.153 87 WARNING py.warnings [None req-464617ab-ef50-4387-9b82-19de00babea9 a1820a84f4444cf09fd0a8f873f97178 808aa892216643d6b78bb46e678800db - - - -] /var/lib/kolla/venv/lib/python3.12/site-packages/urllib3/connectionpool.py:1110: InsecureRequestWarning: Unverified HTTPS request is being made to host '[LB_IP_ADDRESS]'. Adding certificate verification is strongly advised. See: https://urllib3.readthedocs.io/en/latest/advanced-usage.html#tls-warnings
  warnings.warn(

2026-09-01 10:01:33.163 87 INFO cinder.volume.drivers.lightos [None req-5296fdd6-2c4b-457a-bc49-96112f10102d bd56d55f95eb49d39793b3848e28b4f7 9d9ddd48db0b4a44beec241eb0d947b2 - - - -] Invoking delete_volume using DELETE url: /api/v2/projects/default/volumes/8fa73792-0bae-44d3-b280-da268502302c?             request.body:  ssl_verify: False
2026-09-01 10:01:33.248 87 WARNING py.warnings [None req-5296fdd6-2c4b-457a-bc49-96112f10102d bd56d55f95eb49d39793b3848e28b4f7 9d9ddd48db0b4a44beec241eb0d947b2 - - - -] /var/lib/kolla/venv/lib/python3.12/site-packages/urllib3/connectionpool.py:1110: InsecureRequestWarning: Unverified HTTPS request is being made to host '[LB_IP_ADDRESS]'. Adding certificate verification is strongly advised. See: https://urllib3.readthedocs.io/en/latest/advanced-usage.html#tls-warnings
  warnings.warn(

2026-09-01 10:01:33.267 87 INFO cinder.volume.drivers.lightos [None req-5296fdd6-2c4b-457a-bc49-96112f10102d bd56d55f95eb49d39793b3848e28b4f7 9d9ddd48db0b4a44beec241eb0d947b2 - - - -] Invoking get_volume using GET url: /api/v2/projects/default/volumes/8fa73792-0bae-44d3-b280-da268502302c             request.body: {} ssl_verify: False
2026-09-01 10:01:33.355 87 WARNING py.warnings [None req-5296fdd6-2c4b-457a-bc49-96112f10102d bd56d55f95eb49d39793b3848e28b4f7 9d9ddd48db0b4a44beec241eb0d947b2 - - - -] /var/lib/kolla/venv/lib/python3.12/site-packages/urllib3/connectionpool.py:1110: InsecureRequestWarning: Unverified HTTPS request is being made to host '[LB_IP_ADDRESS]'. Adding certificate verification is strongly advised. See: https://urllib3.readthedocs.io/en/latest/advanced-usage.html#tls-warnings
  warnings.warn(

2026-09-01 10:01:33.358 87 INFO cinder.volume.flows.manager.create_volume [None req-26372aa8-4abe-43e2-87b3-e1cb8cc141ae 934ad60691754e69a655a42da760f379 103fa22d9d174a2f96d2b135f14ebc05 - - - -] Volume vol_70c2c499-fd59-4233-995d-f8ac18d610bf (70c2c499-fd59-4233-995d-f8ac18d610bf): created successfully
2026-09-01 10:01:33.379 87 INFO cinder.volume.manager [None req-26372aa8-4abe-43e2-87b3-e1cb8cc141ae 934ad60691754e69a655a42da760f379 103fa22d9d174a2f96d2b135f14ebc05 - - - -] Created volume successfully.
2026-09-01 10:01:33.564 87 INFO cinder.volume.flows.manager.create_volume [None req-f496f3d2-a911-4ace-b70d-73a64f02e22a 934ad60691754e69a655a42da760f379 103fa22d9d174a2f96d2b135f14ebc05 - - - -] Volume cb13e62d-d809-4a77-8170-735cb487f7a4: being created as raw with specification: {'status': 'creating', 'volume_name': 'vol_cb13e62d-d809-4a77-8170-735cb487f7a4', 'volume_size': 1}
2026-09-01 10:01:33.565 87 INFO cinder.volume.drivers.lightos [None req-f496f3d2-a911-4ace-b70d-73a64f02e22a 934ad60691754e69a655a42da760f379 103fa22d9d174a2f96d2b135f14ebc05 - - - -] Invoking get_volume_by_name using GET url: /api/v2/projects/default/volumes/?name=vol_cb13e62d-d809-4a77-8170-735cb487f7a4             request.body: {} ssl_verify: False
2026-09-01 10:01:33.754 87 WARNING py.warnings [None req-f496f3d2-a911-4ace-b70d-73a64f02e22a 934ad60691754e69a655a42da760f379 103fa22d9d174a2f96d2b135f14ebc05 - - - -] /var/lib/kolla/venv/lib/python3.12/site-packages/urllib3/connectionpool.py:1110: InsecureRequestWarning: Unverified HTTPS request is being made to host '[LB_IP_ADDRESS]'. Adding certificate verification is strongly advised. See: https://urllib3.readthedocs.io/en/latest/advanced-usage.html#tls-warnings
  warnings.warn(

2026-09-01 10:01:33.767 87 INFO cinder.volume.drivers.lightos [None req-f496f3d2-a911-4ace-b70d-73a64f02e22a 934ad60691754e69a655a42da760f379 103fa22d9d174a2f96d2b135f14ebc05 - - - -] Invoking create_volume using POST url: /api/v2/projects/default/volumes             request.body: {'name': 'vol_cb13e62d-d809-4a77-8170-735cb487f7a4', 'size': '1 gib', 'replicaCount': '3', 'compression': 'False', 'acl': {'values': ['ALLOW_NONE']}, 'IPAcl': {'values': ['ALLOW_NONE']}, 'sourceSnapshotUUID': None, 'sourceSnapshotName': None} ssl_verify: False
2026-09-01 10:01:33.855 87 WARNING py.warnings [None req-f496f3d2-a911-4ace-b70d-73a64f02e22a 934ad60691754e69a655a42da760f379 103fa22d9d174a2f96d2b135f14ebc05 - - - -] /var/lib/kolla/venv/lib/python3.12/site-packages/urllib3/connectionpool.py:1110: InsecureRequestWarning: Unverified HTTPS request is being made to host '[LB_IP_ADDRESS]'. Adding certificate verification is strongly advised. See: https://urllib3.readthedocs.io/en/latest/advanced-usage.html#tls-warnings
  warnings.warn(

2026-09-01 10:01:33.889 87 INFO cinder.volume.drivers.lightos [None req-f496f3d2-a911-4ace-b70d-73a64f02e22a 934ad60691754e69a655a42da760f379 103fa22d9d174a2f96d2b135f14ebc05 - - - -] Invoking get_volume using GET url: /api/v2/projects/default/volumes/23e47a20-9585-415d-bff2-4662addc17e4             request.body: {} ssl_verify: False
2026-09-01 10:01:33.982 87 WARNING py.warnings [None req-f496f3d2-a911-4ace-b70d-73a64f02e22a 934ad60691754e69a655a42da760f379 103fa22d9d174a2f96d2b135f14ebc05 - - - -] /var/lib/kolla/venv/lib/python3.12/site-packages/urllib3/connectionpool.py:1110: InsecureRequestWarning: Unverified HTTPS request is being made to host '[LB_IP_ADDRESS]'. Adding certificate verification is strongly advised. See: https://urllib3.readthedocs.io/en/latest/advanced-usage.html#tls-warnings
  warnings.warn(

2026-09-01 10:01:34.005 87 INFO cinder.volume.manager [None req-464617ab-ef50-4387-9b82-19de00babea9 a1820a84f4444cf09fd0a8f873f97178 808aa892216643d6b78bb46e678800db - - - -] Deleted volume successfully.
2026-09-01 10:01:34.059 87 INFO cinder.volume.flows.manager.create_volume [None req-f496f3d2-a911-4ace-b70d-73a64f02e22a 934ad60691754e69a655a42da760f379 103fa22d9d174a2f96d2b135f14ebc05 - - - -] Volume vol_cb13e62d-d809-4a77-8170-735cb487f7a4 (cb13e62d-d809-4a77-8170-735cb487f7a4): created successfully
2026-09-01 10:01:34.113 87 INFO cinder.volume.flows.manager.create_volume [None req-54693fd6-84c7-4693-abab-38f87f98edea 934ad60691754e69a655a42da760f379 103fa22d9d174a2f96d2b135f14ebc05 - - - -] Volume 831d2df3-7a85-494f-a420-a5c45a405792: being created as raw with specification: {'status': 'creating', 'volume_name': 'vol_831d2df3-7a85-494f-a420-a5c45a405792', 'volume_size': 1}
2026-09-01 10:01:34.114 87 INFO cinder.volume.drivers.lightos [None req-54693fd6-84c7-4693-abab-38f87f98edea 934ad60691754e69a655a42da760f379 103fa22d9d174a2f96d2b135f14ebc05 - - - -] Invoking get_volume_by_name using GET url: /api/v2/projects/default/volumes/?name=vol_831d2df3-7a85-494f-a420-a5c45a405792             request.body: {} ssl_verify: False
2026-09-01 10:01:34.191 87 INFO cinder.volume.manager [None req-f496f3d2-a911-4ace-b70d-73a64f02e22a 934ad60691754e69a655a42da760f379 103fa22d9d174a2f96d2b135f14ebc05 - - - -] Created volume successfully.
2026-09-01 10:01:34.202 87 WARNING py.warnings [None req-54693fd6-84c7-4693-abab-38f87f98edea 934ad60691754e69a655a42da760f379 103fa22d9d174a2f96d2b135f14ebc05 - - - -] /var/lib/kolla/venv/lib/python3.12/site-packages/urllib3/connectionpool.py:1110: InsecureRequestWarning: Unverified HTTPS request is being made to host '[LB_IP_ADDRESS]'. Adding certificate verification is strongly advised. See: https://urllib3.readthedocs.io/en/latest/advanced-usage.html#tls-warnings
  warnings.warn(

2026-09-01 10:01:34.204 87 INFO cinder.volume.manager [None req-5296fdd6-2c4b-457a-bc49-96112f10102d bd56d55f95eb49d39793b3848e28b4f7 9d9ddd48db0b4a44beec241eb0d947b2 - - - -] Deleted volume successfully.
2026-09-01 10:01:34.214 87 INFO cinder.volume.drivers.lightos [None req-54693fd6-84c7-4693-abab-38f87f98edea 934ad60691754e69a655a42da760f379 103fa22d9d174a2f96d2b135f14ebc05 - - - -] Invoking create_volume using POST url: /api/v2/projects/default/volumes             request.body: {'name': 'vol_831d2df3-7a85-494f-a420-a5c45a405792', 'size': '1 gib', 'replicaCount': '3', 'compression': 'False', 'acl': {'values': ['ALLOW_NONE']}, 'IPAcl': {'values': ['ALLOW_NONE']}, 'sourceSnapshotUUID': None, 'sourceSnapshotName': None} ssl_verify: False
2026-09-01 10:01:34.301 87 WARNING py.warnings [None req-54693fd6-84c7-4693-abab-38f87f98edea 934ad60691754e69a655a42da760f379 103fa22d9d174a2f96d2b135f14ebc05 - - - -] /var/lib/kolla/venv/lib/python3.12/site-packages/urllib3/connectionpool.py:1110: InsecureRequestWarning: Unverified HTTPS request is being made to host '[LB_IP_ADDRESS]'. Adding certificate verification is strongly advised. See: https://urllib3.readthedocs.io/en/latest/advanced-usage.html#tls-warnings
  warnings.warn(

2026-09-01 10:01:34.308 87 INFO cinder.volume.drivers.lightos [None req-67913787-78ef-4c76-ab4f-eede8d7e5de4 bd56d55f95eb49d39793b3848e28b4f7 9d9ddd48db0b4a44beec241eb0d947b2 - - - -] Invoking delete_volume using DELETE url: /api/v2/projects/default/volumes/87e630f3-1557-4e0c-a118-05de633e8365?             request.body:  ssl_verify: False
2026-09-01 10:01:34.386 87 INFO cinder.volume.drivers.lightos [None req-54693fd6-84c7-4693-abab-38f87f98edea 934ad60691754e69a655a42da760f379 103fa22d9d174a2f96d2b135f14ebc05 - - - -] Invoking get_volume using GET url: /api/v2/projects/default/volumes/55c8531e-2c01-46a7-ad27-70b82f7826f9             request.body: {} ssl_verify: False
2026-09-01 10:01:34.390 87 WARNING py.warnings [None req-67913787-78ef-4c76-ab4f-eede8d7e5de4 bd56d55f95eb49d39793b3848e28b4f7 9d9ddd48db0b4a44beec241eb0d947b2 - - - -] /var/lib/kolla/venv/lib/python3.12/site-packages/urllib3/connectionpool.py:1110: InsecureRequestWarning: Unverified HTTPS request is being made to host '[LB_IP_ADDRESS]'. Adding certificate verification is strongly advised. See: https://urllib3.readthedocs.io/en/latest/advanced-usage.html#tls-warnings
  warnings.warn(

2026-09-01 10:01:34.474 87 WARNING py.warnings [None req-54693fd6-84c7-4693-abab-38f87f98edea 934ad60691754e69a655a42da760f379 103fa22d9d174a2f96d2b135f14ebc05 - - - -] /var/lib/kolla/venv/lib/python3.12/site-packages/urllib3/connectionpool.py:1110: InsecureRequestWarning: Unverified HTTPS request is being made to host '[LB_IP_ADDRESS]'. Adding certificate verification is strongly advised. See: https://urllib3.readthedocs.io/en/latest/advanced-usage.html#tls-warnings
  warnings.warn(

2026-09-01 10:01:34.496 87 INFO cinder.volume.drivers.lightos [None req-67913787-78ef-4c76-ab4f-eede8d7e5de4 bd56d55f95eb49d39793b3848e28b4f7 9d9ddd48db0b4a44beec241eb0d947b2 - - - -] Invoking get_volume using GET url: /api/v2/projects/default/volumes/87e630f3-1557-4e0c-a118-05de633e8365             request.body: {} ssl_verify: False
2026-09-01 10:01:34.581 87 WARNING py.warnings [None req-67913787-78ef-4c76-ab4f-eede8d7e5de4 bd56d55f95eb49d39793b3848e28b4f7 9d9ddd48db0b4a44beec241eb0d947b2 - - - -] /var/lib/kolla/venv/lib/python3.12/site-packages/urllib3/connectionpool.py:1110: InsecureRequestWarning: Unverified HTTPS request is being made to host '[LB_IP_ADDRESS]'. Adding certificate verification is strongly advised. See: https://urllib3.readthedocs.io/en/latest/advanced-usage.html#tls-warnings
  warnings.warn(

2026-09-01 10:01:34.811 87 INFO cinder.volume.manager [None req-67913787-78ef-4c76-ab4f-eede8d7e5de4 bd56d55f95eb49d39793b3848e28b4f7 9d9ddd48db0b4a44beec241eb0d947b2 - - - -] Deleted volume successfully.
2026-09-01 10:01:34.882 87 INFO cinder.volume.drivers.lightos [None req-92efbe45-387e-497b-8248-ff32a56c33e2 a1820a84f4444cf09fd0a8f873f97178 808aa892216643d6b78bb46e678800db - - - -] Invoking delete_volume using DELETE url: /api/v2/projects/default/volumes/0204a8fd-59f9-4579-8b1b-016bd014b2c2?             request.body:  ssl_verify: False
2026-09-01 10:01:34.969 87 WARNING py.warnings [None req-92efbe45-387e-497b-8248-ff32a56c33e2 a1820a84f4444cf09fd0a8f873f97178 808aa892216643d6b78bb46e678800db - - - -] /var/lib/kolla/venv/lib/python3.12/site-packages/urllib3/connectionpool.py:1110: InsecureRequestWarning: Unverified HTTPS request is being made to host '[LB_IP_ADDRESS]'. Adding certificate verification is strongly advised. See: https://urllib3.readthedocs.io/en/latest/advanced-usage.html#tls-warnings
  warnings.warn(

2026-09-01 10:01:34.998 87 INFO cinder.volume.drivers.lightos [None req-92efbe45-387e-497b-8248-ff32a56c33e2 a1820a84f4444cf09fd0a8f873f97178 808aa892216643d6b78bb46e678800db - - - -] Invoking get_volume using GET url: /api/v2/projects/default/volumes/0204a8fd-59f9-4579-8b1b-016bd014b2c2             request.body: {} ssl_verify: False
2026-09-01 10:01:35.083 87 WARNING py.warnings [None req-92efbe45-387e-497b-8248-ff32a56c33e2 a1820a84f4444cf09fd0a8f873f97178 808aa892216643d6b78bb46e678800db - - - -] /var/lib/kolla/venv/lib/python3.12/site-packages/urllib3/connectionpool.py:1110: InsecureRequestWarning: Unverified HTTPS request is being made to host '[LB_IP_ADDRESS]'. Adding certificate verification is strongly advised. See: https://urllib3.readthedocs.io/en/latest/advanced-usage.html#tls-warnings
  warnings.warn(

2026-09-01 10:01:35.338 87 INFO cinder.volume.manager [None req-92efbe45-387e-497b-8248-ff32a56c33e2 a1820a84f4444cf09fd0a8f873f97178 808aa892216643d6b78bb46e678800db - - - -] Deleted volume successfully.
2026-09-01 10:01:35.501 87 INFO cinder.volume.drivers.lightos [None req-54693fd6-84c7-4693-abab-38f87f98edea 934ad60691754e69a655a42da760f379 103fa22d9d174a2f96d2b135f14ebc05 - - - -] Invoking get_volume using GET url: /api/v2/projects/default/volumes/55c8531e-2c01-46a7-ad27-70b82f7826f9             request.body: {} ssl_verify: False
2026-09-01 10:01:35.585 87 WARNING py.warnings [None req-54693fd6-84c7-4693-abab-38f87f98edea 934ad60691754e69a655a42da760f379 103fa22d9d174a2f96d2b135f14ebc05 - - - -] /var/lib/kolla/venv/lib/python3.12/site-packages/urllib3/connectionpool.py:1110: InsecureRequestWarning: Unverified HTTPS request is being made to host '[LB_IP_ADDRESS]'. Adding certificate verification is strongly advised. See: https://urllib3.readthedocs.io/en/latest/advanced-usage.html#tls-warnings
  warnings.warn(

2026-09-01 10:01:35.619 87 INFO cinder.volume.flows.manager.create_volume [None req-54693fd6-84c7-4693-abab-38f87f98edea 934ad60691754e69a655a42da760f379 103fa22d9d174a2f96d2b135f14ebc05 - - - -] Volume vol_831d2df3-7a85-494f-a420-a5c45a405792 (831d2df3-7a85-494f-a420-a5c45a405792): created successfully
2026-09-01 10:01:35.633 87 INFO cinder.volume.manager [None req-54693fd6-84c7-4693-abab-38f87f98edea 934ad60691754e69a655a42da760f379 103fa22d9d174a2f96d2b135f14ebc05 - - - -] Created volume successfully.
2026-09-01 10:01:36.011 87 INFO cinder.volume.drivers.lightos [None req-e11db367-e603-4566-8049-29b39ac4e18f a1820a84f4444cf09fd0a8f873f97178 808aa892216643d6b78bb46e678800db - - - -] Invoking delete_volume using DELETE url: /api/v2/projects/default/volumes/4da1fbf9-906c-4e1f-b66c-d4239c4a21c4?             request.body:  ssl_verify: False
2026-09-01 10:01:36.097 87 WARNING py.warnings [None req-e11db367-e603-4566-8049-29b39ac4e18f a1820a84f4444cf09fd0a8f873f97178 808aa892216643d6b78bb46e678800db - - - -] /var/lib/kolla/venv/lib/python3.12/site-packages/urllib3/connectionpool.py:1110: InsecureRequestWarning: Unverified HTTPS request is being made to host '[LB_IP_ADDRESS]'. Adding certificate verification is strongly advised. See: https://urllib3.readthedocs.io/en/latest/advanced-usage.html#tls-warnings
  warnings.warn(

2026-09-01 10:01:36.144 87 INFO cinder.volume.drivers.lightos [None req-e11db367-e603-4566-8049-29b39ac4e18f a1820a84f4444cf09fd0a8f873f97178 808aa892216643d6b78bb46e678800db - - - -] Invoking get_volume using GET url: /api/v2/projects/default/volumes/4da1fbf9-906c-4e1f-b66c-d4239c4a21c4             request.body: {} ssl_verify: False
2026-09-01 10:01:36.229 87 WARNING py.warnings [None req-e11db367-e603-4566-8049-29b39ac4e18f a1820a84f4444cf09fd0a8f873f97178 808aa892216643d6b78bb46e678800db - - - -] /var/lib/kolla/venv/lib/python3.12/site-packages/urllib3/connectionpool.py:1110: InsecureRequestWarning: Unverified HTTPS request is being made to host '[LB_IP_ADDRESS]'. Adding certificate verification is strongly advised. See: https://urllib3.readthedocs.io/en/latest/advanced-usage.html#tls-warnings
  warnings.warn(

2026-09-01 10:01:36.445 87 INFO cinder.volume.drivers.lightos [None req-e26e99af-e300-4241-9180-893d1ff1cec3 934ad60691754e69a655a42da760f379 103fa22d9d174a2f96d2b135f14ebc05 - - - -] Invoking delete_volume using DELETE url: /api/v2/projects/default/volumes/55c8531e-2c01-46a7-ad27-70b82f7826f9?             request.body:  ssl_verify: False
2026-09-01 10:01:36.529 87 WARNING py.warnings [None req-e26e99af-e300-4241-9180-893d1ff1cec3 934ad60691754e69a655a42da760f379 103fa22d9d174a2f96d2b135f14ebc05 - - - -] /var/lib/kolla/venv/lib/python3.12/site-packages/urllib3/connectionpool.py:1110: InsecureRequestWarning: Unverified HTTPS request is being made to host '[LB_IP_ADDRESS]'. Adding certificate verification is strongly advised. See: https://urllib3.readthedocs.io/en/latest/advanced-usage.html#tls-warnings
  warnings.warn(

2026-09-01 10:01:36.560 87 INFO cinder.volume.manager [None req-e11db367-e603-4566-8049-29b39ac4e18f a1820a84f4444cf09fd0a8f873f97178 808aa892216643d6b78bb46e678800db - - - -] Deleted volume successfully.
2026-09-01 10:01:36.581 87 INFO cinder.volume.drivers.lightos [None req-e26e99af-e300-4241-9180-893d1ff1cec3 934ad60691754e69a655a42da760f379 103fa22d9d174a2f96d2b135f14ebc05 - - - -] Invoking get_volume using GET url: /api/v2/projects/default/volumes/55c8531e-2c01-46a7-ad27-70b82f7826f9             request.body: {} ssl_verify: False
2026-09-01 10:01:36.663 87 WARNING py.warnings [None req-e26e99af-e300-4241-9180-893d1ff1cec3 934ad60691754e69a655a42da760f379 103fa22d9d174a2f96d2b135f14ebc05 - - - -] /var/lib/kolla/venv/lib/python3.12/site-packages/urllib3/connectionpool.py:1110: InsecureRequestWarning: Unverified HTTPS request is being made to host '[LB_IP_ADDRESS]'. Adding certificate verification is strongly advised. See: https://urllib3.readthedocs.io/en/latest/advanced-usage.html#tls-warnings
  warnings.warn(

2026-09-01 10:01:36.896 87 INFO cinder.volume.manager [None req-e26e99af-e300-4241-9180-893d1ff1cec3 934ad60691754e69a655a42da760f379 103fa22d9d174a2f96d2b135f14ebc05 - - - -] Deleted volume successfully.
2026-09-01 10:01:37.126 87 INFO cinder.volume.drivers.lightos [None req-10809a53-9179-45ea-9bc7-3f87d5ace5cd a1820a84f4444cf09fd0a8f873f97178 808aa892216643d6b78bb46e678800db - - - -] Invoking delete_volume using DELETE url: /api/v2/projects/default/volumes/52bdf162-dee3-48bf-a354-7ccc61b4a61e?             request.body:  ssl_verify: False
2026-09-01 10:01:37.213 87 WARNING py.warnings [None req-10809a53-9179-45ea-9bc7-3f87d5ace5cd a1820a84f4444cf09fd0a8f873f97178 808aa892216643d6b78bb46e678800db - - - -] /var/lib/kolla/venv/lib/python3.12/site-packages/urllib3/connectionpool.py:1110: InsecureRequestWarning: Unverified HTTPS request is being made to host '[LB_IP_ADDRESS]'. Adding certificate verification is strongly advised. See: https://urllib3.readthedocs.io/en/latest/advanced-usage.html#tls-warnings
  warnings.warn(

2026-09-01 10:01:37.247 87 INFO cinder.volume.drivers.lightos [None req-10809a53-9179-45ea-9bc7-3f87d5ace5cd a1820a84f4444cf09fd0a8f873f97178 808aa892216643d6b78bb46e678800db - - - -] Invoking get_volume using GET url: /api/v2/projects/default/volumes/52bdf162-dee3-48bf-a354-7ccc61b4a61e             request.body: {} ssl_verify: False
2026-09-01 10:01:37.333 87 WARNING py.warnings [None req-10809a53-9179-45ea-9bc7-3f87d5ace5cd a1820a84f4444cf09fd0a8f873f97178 808aa892216643d6b78bb46e678800db - - - -] /var/lib/kolla/venv/lib/python3.12/site-packages/urllib3/connectionpool.py:1110: InsecureRequestWarning: Unverified HTTPS request is being made to host '[LB_IP_ADDRESS]'. Adding certificate verification is strongly advised. See: https://urllib3.readthedocs.io/en/latest/advanced-usage.html#tls-warnings
  warnings.warn(

2026-09-01 10:01:37.546 87 INFO cinder.volume.drivers.lightos [None req-91279447-2779-4bb4-a6d8-9b507b0bd98a 934ad60691754e69a655a42da760f379 103fa22d9d174a2f96d2b135f14ebc05 - - - -] Invoking delete_volume using DELETE url: /api/v2/projects/default/volumes/23e47a20-9585-415d-bff2-4662addc17e4?             request.body:  ssl_verify: False
2026-09-01 10:01:37.630 87 WARNING py.warnings [None req-91279447-2779-4bb4-a6d8-9b507b0bd98a 934ad60691754e69a655a42da760f379 103fa22d9d174a2f96d2b135f14ebc05 - - - -] /var/lib/kolla/venv/lib/python3.12/site-packages/urllib3/connectionpool.py:1110: InsecureRequestWarning: Unverified HTTPS request is being made to host '[LB_IP_ADDRESS]'. Adding certificate verification is strongly advised. See: https://urllib3.readthedocs.io/en/latest/advanced-usage.html#tls-warnings
  warnings.warn(

2026-09-01 10:01:37.660 87 INFO cinder.volume.drivers.lightos [None req-91279447-2779-4bb4-a6d8-9b507b0bd98a 934ad60691754e69a655a42da760f379 103fa22d9d174a2f96d2b135f14ebc05 - - - -] Invoking get_volume using GET url: /api/v2/projects/default/volumes/23e47a20-9585-415d-bff2-4662addc17e4             request.body: {} ssl_verify: False
2026-09-01 10:01:37.663 87 INFO cinder.volume.manager [None req-10809a53-9179-45ea-9bc7-3f87d5ace5cd a1820a84f4444cf09fd0a8f873f97178 808aa892216643d6b78bb46e678800db - - - -] Deleted volume successfully.
2026-09-01 10:01:37.750 87 WARNING py.warnings [None req-91279447-2779-4bb4-a6d8-9b507b0bd98a 934ad60691754e69a655a42da760f379 103fa22d9d174a2f96d2b135f14ebc05 - - - -] /var/lib/kolla/venv/lib/python3.12/site-packages/urllib3/connectionpool.py:1110: InsecureRequestWarning: Unverified HTTPS request is being made to host '[LB_IP_ADDRESS]'. Adding certificate verification is strongly advised. See: https://urllib3.readthedocs.io/en/latest/advanced-usage.html#tls-warnings
  warnings.warn(

2026-09-01 10:01:38.024 87 INFO cinder.volume.manager [None req-91279447-2779-4bb4-a6d8-9b507b0bd98a 934ad60691754e69a655a42da760f379 103fa22d9d174a2f96d2b135f14ebc05 - - - -] Deleted volume successfully.
2026-09-01 10:01:38.254 87 INFO cinder.volume.drivers.lightos [None req-1c095815-b6f9-42a2-bae1-08ec990c0110 a1820a84f4444cf09fd0a8f873f97178 808aa892216643d6b78bb46e678800db - - - -] Invoking delete_volume using DELETE url: /api/v2/projects/default/volumes/6525a1cc-c4ff-47be-8318-7bd187d00b54?             request.body:  ssl_verify: False
2026-09-01 10:01:38.340 87 WARNING py.warnings [None req-1c095815-b6f9-42a2-bae1-08ec990c0110 a1820a84f4444cf09fd0a8f873f97178 808aa892216643d6b78bb46e678800db - - - -] /var/lib/kolla/venv/lib/python3.12/site-packages/urllib3/connectionpool.py:1110: InsecureRequestWarning: Unverified HTTPS request is being made to host '[LB_IP_ADDRESS]'. Adding certificate verification is strongly advised. See: https://urllib3.readthedocs.io/en/latest/advanced-usage.html#tls-warnings
  warnings.warn(

2026-09-01 10:01:38.454 87 INFO cinder.volume.drivers.lightos [None req-1c095815-b6f9-42a2-bae1-08ec990c0110 a1820a84f4444cf09fd0a8f873f97178 808aa892216643d6b78bb46e678800db - - - -] Invoking get_volume using GET url: /api/v2/projects/default/volumes/6525a1cc-c4ff-47be-8318-7bd187d00b54             request.body: {} ssl_verify: False
2026-09-01 10:01:38.537 87 WARNING py.warnings [None req-1c095815-b6f9-42a2-bae1-08ec990c0110 a1820a84f4444cf09fd0a8f873f97178 808aa892216643d6b78bb46e678800db - - - -] /var/lib/kolla/venv/lib/python3.12/site-packages/urllib3/connectionpool.py:1110: InsecureRequestWarning: Unverified HTTPS request is being made to host '[LB_IP_ADDRESS]'. Adding certificate verification is strongly advised. See: https://urllib3.readthedocs.io/en/latest/advanced-usage.html#tls-warnings
  warnings.warn(

2026-09-01 10:01:38.634 87 INFO cinder.volume.flows.manager.create_volume [None req-be417a41-447e-409a-b404-a9034fcb8cd7 87a88f9e712048afb3f7e324260dd4a1 f0452f538a264b28a228187c14f9f37a - - - -] Volume 0107c454-7041-4c4a-88c0-6e10a25bfd18: being created as raw with specification: {'status': 'creating', 'volume_name': 'vol_0107c454-7041-4c4a-88c0-6e10a25bfd18', 'volume_size': 1}
2026-09-01 10:01:38.635 87 INFO cinder.volume.drivers.lightos [None req-be417a41-447e-409a-b404-a9034fcb8cd7 87a88f9e712048afb3f7e324260dd4a1 f0452f538a264b28a228187c14f9f37a - - - -] Invoking get_volume_by_name using GET url: /api/v2/projects/default/volumes/?name=vol_0107c454-7041-4c4a-88c0-6e10a25bfd18             request.body: {} ssl_verify: False
2026-09-01 10:01:38.723 87 WARNING py.warnings [None req-be417a41-447e-409a-b404-a9034fcb8cd7 87a88f9e712048afb3f7e324260dd4a1 f0452f538a264b28a228187c14f9f37a - - - -] /var/lib/kolla/venv/lib/python3.12/site-packages/urllib3/connectionpool.py:1110: InsecureRequestWarning: Unverified HTTPS request is being made to host '[LB_IP_ADDRESS]'. Adding certificate verification is strongly advised. See: https://urllib3.readthedocs.io/en/latest/advanced-usage.html#tls-warnings
  warnings.warn(

2026-09-01 10:01:38.736 87 INFO cinder.volume.drivers.lightos [None req-be417a41-447e-409a-b404-a9034fcb8cd7 87a88f9e712048afb3f7e324260dd4a1 f0452f538a264b28a228187c14f9f37a - - - -] Invoking create_volume using POST url: /api/v2/projects/default/volumes             request.body: {'name': 'vol_0107c454-7041-4c4a-88c0-6e10a25bfd18', 'size': '1 gib', 'replicaCount': '3', 'compression': 'False', 'acl': {'values': ['ALLOW_NONE']}, 'IPAcl': {'values': ['ALLOW_NONE']}, 'sourceSnapshotUUID': None, 'sourceSnapshotName': None} ssl_verify: False
2026-09-01 10:01:38.815 87 INFO cinder.volume.drivers.lightos [None req-388b7bf8-df4d-419b-99e8-a7a266b7a243 934ad60691754e69a655a42da760f379 103fa22d9d174a2f96d2b135f14ebc05 - - - -] Invoking delete_volume using DELETE url: /api/v2/projects/default/volumes/a41b9d3d-2a11-4cbf-8e3e-fe437f7a6e7b?             request.body:  ssl_verify: False
2026-09-01 10:01:38.894 87 WARNING py.warnings [None req-be417a41-447e-409a-b404-a9034fcb8cd7 87a88f9e712048afb3f7e324260dd4a1 f0452f538a264b28a228187c14f9f37a - - - -] /var/lib/kolla/venv/lib/python3.12/site-packages/urllib3/connectionpool.py:1110: InsecureRequestWarning: Unverified HTTPS request is being made to host '[LB_IP_ADDRESS]'. Adding certificate verification is strongly advised. See: https://urllib3.readthedocs.io/en/latest/advanced-usage.html#tls-warnings
  warnings.warn(

2026-09-01 10:01:39.000 87 WARNING py.warnings [None req-388b7bf8-df4d-419b-99e8-a7a266b7a243 934ad60691754e69a655a42da760f379 103fa22d9d174a2f96d2b135f14ebc05 - - - -] /var/lib/kolla/venv/lib/python3.12/site-packages/urllib3/connectionpool.py:1110: InsecureRequestWarning: Unverified HTTPS request is being made to host '[LB_IP_ADDRESS]'. Adding certificate verification is strongly advised. See: https://urllib3.readthedocs.io/en/latest/advanced-usage.html#tls-warnings
  warnings.warn(

2026-09-01 10:01:39.004 87 INFO cinder.volume.drivers.lightos [None req-be417a41-447e-409a-b404-a9034fcb8cd7 87a88f9e712048afb3f7e324260dd4a1 f0452f538a264b28a228187c14f9f37a - - - -] Invoking get_volume using GET url: /api/v2/projects/default/volumes/5c1facf9-f912-430a-ad5f-264458ae9600             request.body: {} ssl_verify: False
2026-09-01 10:01:39.085 87 INFO cinder.volume.drivers.lightos [None req-388b7bf8-df4d-419b-99e8-a7a266b7a243 934ad60691754e69a655a42da760f379 103fa22d9d174a2f96d2b135f14ebc05 - - - -] Invoking get_volume using GET url: /api/v2/projects/default/volumes/a41b9d3d-2a11-4cbf-8e3e-fe437f7a6e7b             request.body: {} ssl_verify: False
2026-09-01 10:01:39.164 87 WARNING py.warnings [None req-be417a41-447e-409a-b404-a9034fcb8cd7 87a88f9e712048afb3f7e324260dd4a1 f0452f538a264b28a228187c14f9f37a - - - -] /var/lib/kolla/venv/lib/python3.12/site-packages/urllib3/connectionpool.py:1110: InsecureRequestWarning: Unverified HTTPS request is being made to host '[LB_IP_ADDRESS]'. Adding certificate verification is strongly advised. See: https://urllib3.readthedocs.io/en/latest/advanced-usage.html#tls-warnings
  warnings.warn(

2026-09-01 10:01:39.170 87 WARNING py.warnings [None req-388b7bf8-df4d-419b-99e8-a7a266b7a243 934ad60691754e69a655a42da760f379 103fa22d9d174a2f96d2b135f14ebc05 - - - -] /var/lib/kolla/venv/lib/python3.12/site-packages/urllib3/connectionpool.py:1110: InsecureRequestWarning: Unverified HTTPS request is being made to host '[LB_IP_ADDRESS]'. Adding certificate verification is strongly advised. See: https://urllib3.readthedocs.io/en/latest/advanced-usage.html#tls-warnings
  warnings.warn(

2026-09-01 10:01:39.215 87 INFO cinder.volume.flows.manager.create_volume [None req-be417a41-447e-409a-b404-a9034fcb8cd7 87a88f9e712048afb3f7e324260dd4a1 f0452f538a264b28a228187c14f9f37a - - - -] Volume vol_0107c454-7041-4c4a-88c0-6e10a25bfd18 (0107c454-7041-4c4a-88c0-6e10a25bfd18): created successfully
2026-09-01 10:01:39.234 87 INFO cinder.volume.manager [None req-be417a41-447e-409a-b404-a9034fcb8cd7 87a88f9e712048afb3f7e324260dd4a1 f0452f538a264b28a228187c14f9f37a - - - -] Created volume successfully.
2026-09-01 10:01:39.269 87 INFO cinder.volume.manager [None req-1c095815-b6f9-42a2-bae1-08ec990c0110 a1820a84f4444cf09fd0a8f873f97178 808aa892216643d6b78bb46e678800db - - - -] Deleted volume successfully.
2026-09-01 10:01:39.432 87 INFO cinder.volume.drivers.lightos [None req-bb777656-f25a-4a1a-a943-423b6e91b277 a1820a84f4444cf09fd0a8f873f97178 808aa892216643d6b78bb46e678800db - - - -] Invoking delete_volume using DELETE url: /api/v2/projects/default/volumes/0f2f3942-1dea-4a46-a8fb-69ec96b8e71b?             request.body:  ssl_verify: False
2026-09-01 10:01:39.527 87 WARNING py.warnings [None req-bb777656-f25a-4a1a-a943-423b6e91b277 a1820a84f4444cf09fd0a8f873f97178 808aa892216643d6b78bb46e678800db - - - -] /var/lib/kolla/venv/lib/python3.12/site-packages/urllib3/connectionpool.py:1110: InsecureRequestWarning: Unverified HTTPS request is being made to host '[LB_IP_ADDRESS]'. Adding certificate verification is strongly advised. See: https://urllib3.readthedocs.io/en/latest/advanced-usage.html#tls-warnings
  warnings.warn(

2026-09-01 10:01:39.554 87 INFO cinder.volume.manager [None req-388b7bf8-df4d-419b-99e8-a7a266b7a243 934ad60691754e69a655a42da760f379 103fa22d9d174a2f96d2b135f14ebc05 - - - -] Deleted volume successfully.
2026-09-01 10:01:39.579 87 INFO cinder.volume.drivers.lightos [None req-bb777656-f25a-4a1a-a943-423b6e91b277 a1820a84f4444cf09fd0a8f873f97178 808aa892216643d6b78bb46e678800db - - - -] Invoking get_volume using GET url: /api/v2/projects/default/volumes/0f2f3942-1dea-4a46-a8fb-69ec96b8e71b             request.body: {} ssl_verify: False
2026-09-01 10:01:39.661 87 WARNING py.warnings [None req-bb777656-f25a-4a1a-a943-423b6e91b277 a1820a84f4444cf09fd0a8f873f97178 808aa892216643d6b78bb46e678800db - - - -] /var/lib/kolla/venv/lib/python3.12/site-packages/urllib3/connectionpool.py:1110: InsecureRequestWarning: Unverified HTTPS request is being made to host '[LB_IP_ADDRESS]'. Adding certificate verification is strongly advised. See: https://urllib3.readthedocs.io/en/latest/advanced-usage.html#tls-warnings
  warnings.warn(

2026-09-01 10:01:39.725 87 INFO cinder.volume.drivers.lightos [None req-677ca613-f876-4cad-9b0e-8863da5ceb79 934ad60691754e69a655a42da760f379 103fa22d9d174a2f96d2b135f14ebc05 - - - -] Invoking delete_volume using DELETE url: /api/v2/projects/default/volumes/6ef743be-480b-41b7-a191-a8ae1e86f1a9?             request.body:  ssl_verify: False
2026-09-01 10:01:39.930 87 WARNING py.warnings [None req-677ca613-f876-4cad-9b0e-8863da5ceb79 934ad60691754e69a655a42da760f379 103fa22d9d174a2f96d2b135f14ebc05 - - - -] /var/lib/kolla/venv/lib/python3.12/site-packages/urllib3/connectionpool.py:1110: InsecureRequestWarning: Unverified HTTPS request is being made to host '[LB_IP_ADDRESS]'. Adding certificate verification is strongly advised. See: https://urllib3.readthedocs.io/en/latest/advanced-usage.html#tls-warnings
  warnings.warn(

2026-09-01 10:01:39.972 87 INFO cinder.volume.drivers.lightos [None req-677ca613-f876-4cad-9b0e-8863da5ceb79 934ad60691754e69a655a42da760f379 103fa22d9d174a2f96d2b135f14ebc05 - - - -] Invoking get_volume using GET url: /api/v2/projects/default/volumes/6ef743be-480b-41b7-a191-a8ae1e86f1a9             request.body: {} ssl_verify: False
2026-09-01 10:01:40.059 87 WARNING py.warnings [None req-677ca613-f876-4cad-9b0e-8863da5ceb79 934ad60691754e69a655a42da760f379 103fa22d9d174a2f96d2b135f14ebc05 - - - -] /var/lib/kolla/venv/lib/python3.12/site-packages/urllib3/connectionpool.py:1110: InsecureRequestWarning: Unverified HTTPS request is being made to host '[LB_IP_ADDRESS]'. Adding certificate verification is strongly advised. See: https://urllib3.readthedocs.io/en/latest/advanced-usage.html#tls-warnings
  warnings.warn(

2026-09-01 10:01:40.081 87 INFO cinder.volume.manager [None req-bb777656-f25a-4a1a-a943-423b6e91b277 a1820a84f4444cf09fd0a8f873f97178 808aa892216643d6b78bb46e678800db - - - -] Deleted volume successfully.
2026-09-01 10:01:40.300 87 INFO cinder.volume.manager [None req-677ca613-f876-4cad-9b0e-8863da5ceb79 934ad60691754e69a655a42da760f379 103fa22d9d174a2f96d2b135f14ebc05 - - - -] Deleted volume successfully.
2026-09-01 10:01:40.398 87 INFO cinder.volume.flows.manager.create_volume [None req-86f871b3-8bff-45a8-961b-0818e5a36fe6 87a88f9e712048afb3f7e324260dd4a1 f0452f538a264b28a228187c14f9f37a - - - -] Volume 4c5ccbfc-7a13-4040-ba8a-6ccc630926ef: being created as raw with specification: {'status': 'creating', 'volume_name': 'vol_4c5ccbfc-7a13-4040-ba8a-6ccc630926ef', 'volume_size': 1}
2026-09-01 10:01:40.399 87 INFO cinder.volume.drivers.lightos [None req-86f871b3-8bff-45a8-961b-0818e5a36fe6 87a88f9e712048afb3f7e324260dd4a1 f0452f538a264b28a228187c14f9f37a - - - -] Invoking get_volume_by_name using GET url: /api/v2/projects/default/volumes/?name=vol_4c5ccbfc-7a13-4040-ba8a-6ccc630926ef             request.body: {} ssl_verify: False
2026-09-01 10:01:40.483 87 WARNING py.warnings [None req-86f871b3-8bff-45a8-961b-0818e5a36fe6 87a88f9e712048afb3f7e324260dd4a1 f0452f538a264b28a228187c14f9f37a - - - -] /var/lib/kolla/venv/lib/python3.12/site-packages/urllib3/connectionpool.py:1110: InsecureRequestWarning: Unverified HTTPS request is being made to host '[LB_IP_ADDRESS]'. Adding certificate verification is strongly advised. See: https://urllib3.readthedocs.io/en/latest/advanced-usage.html#tls-warnings
  warnings.warn(

2026-09-01 10:01:40.493 87 INFO cinder.volume.drivers.lightos [None req-86f871b3-8bff-45a8-961b-0818e5a36fe6 87a88f9e712048afb3f7e324260dd4a1 f0452f538a264b28a228187c14f9f37a - - - -] Invoking create_volume using POST url: /api/v2/projects/default/volumes             request.body: {'name': 'vol_4c5ccbfc-7a13-4040-ba8a-6ccc630926ef', 'size': '1 gib', 'replicaCount': '3', 'compression': 'False', 'acl': {'values': ['ALLOW_NONE']}, 'IPAcl': {'values': ['ALLOW_NONE']}, 'sourceSnapshotUUID': None, 'sourceSnapshotName': None} ssl_verify: False
2026-09-01 10:01:40.576 87 WARNING py.warnings [None req-86f871b3-8bff-45a8-961b-0818e5a36fe6 87a88f9e712048afb3f7e324260dd4a1 f0452f538a264b28a228187c14f9f37a - - - -] /var/lib/kolla/venv/lib/python3.12/site-packages/urllib3/connectionpool.py:1110: InsecureRequestWarning: Unverified HTTPS request is being made to host '[LB_IP_ADDRESS]'. Adding certificate verification is strongly advised. See: https://urllib3.readthedocs.io/en/latest/advanced-usage.html#tls-warnings
  warnings.warn(

2026-09-01 10:01:40.602 87 INFO cinder.volume.drivers.lightos [None req-86f871b3-8bff-45a8-961b-0818e5a36fe6 87a88f9e712048afb3f7e324260dd4a1 f0452f538a264b28a228187c14f9f37a - - - -] Invoking get_volume using GET url: /api/v2/projects/default/volumes/98e15395-e2b6-4cbc-8c0c-b43f0aff661b             request.body: {} ssl_verify: False
2026-09-01 10:01:40.684 87 WARNING py.warnings [None req-86f871b3-8bff-45a8-961b-0818e5a36fe6 87a88f9e712048afb3f7e324260dd4a1 f0452f538a264b28a228187c14f9f37a - - - -] /var/lib/kolla/venv/lib/python3.12/site-packages/urllib3/connectionpool.py:1110: InsecureRequestWarning: Unverified HTTPS request is being made to host '[LB_IP_ADDRESS]'. Adding certificate verification is strongly advised. See: https://urllib3.readthedocs.io/en/latest/advanced-usage.html#tls-warnings
  warnings.warn(

2026-09-01 10:01:40.716 87 INFO cinder.volume.flows.manager.create_volume [None req-86f871b3-8bff-45a8-961b-0818e5a36fe6 87a88f9e712048afb3f7e324260dd4a1 f0452f538a264b28a228187c14f9f37a - - - -] Volume vol_4c5ccbfc-7a13-4040-ba8a-6ccc630926ef (4c5ccbfc-7a13-4040-ba8a-6ccc630926ef): created successfully
2026-09-01 10:01:40.730 87 INFO cinder.volume.manager [None req-86f871b3-8bff-45a8-961b-0818e5a36fe6 87a88f9e712048afb3f7e324260dd4a1 f0452f538a264b28a228187c14f9f37a - - - -] Created volume successfully.
2026-09-01 10:01:40.855 87 INFO cinder.volume.drivers.lightos [None req-ad3d2541-f288-4d1d-ba55-52ade3d8b5ac 934ad60691754e69a655a42da760f379 103fa22d9d174a2f96d2b135f14ebc05 - - - -] Invoking delete_volume using DELETE url: /api/v2/projects/default/volumes/2ffeddb8-0716-40b3-9a0e-5f54166d4a0b?             request.body:  ssl_verify: False
2026-09-01 10:01:40.940 87 WARNING py.warnings [None req-ad3d2541-f288-4d1d-ba55-52ade3d8b5ac 934ad60691754e69a655a42da760f379 103fa22d9d174a2f96d2b135f14ebc05 - - - -] /var/lib/kolla/venv/lib/python3.12/site-packages/urllib3/connectionpool.py:1110: InsecureRequestWarning: Unverified HTTPS request is being made to host '[LB_IP_ADDRESS]'. Adding certificate verification is strongly advised. See: https://urllib3.readthedocs.io/en/latest/advanced-usage.html#tls-warnings
  warnings.warn(

2026-09-01 10:01:40.969 87 INFO cinder.volume.drivers.lightos [None req-ad3d2541-f288-4d1d-ba55-52ade3d8b5ac 934ad60691754e69a655a42da760f379 103fa22d9d174a2f96d2b135f14ebc05 - - - -] Invoking get_volume using GET url: /api/v2/projects/default/volumes/2ffeddb8-0716-40b3-9a0e-5f54166d4a0b             request.body: {} ssl_verify: False
2026-09-01 10:01:41.054 87 WARNING py.warnings [None req-ad3d2541-f288-4d1d-ba55-52ade3d8b5ac 934ad60691754e69a655a42da760f379 103fa22d9d174a2f96d2b135f14ebc05 - - - -] /var/lib/kolla/venv/lib/python3.12/site-packages/urllib3/connectionpool.py:1110: InsecureRequestWarning: Unverified HTTPS request is being made to host '[LB_IP_ADDRESS]'. Adding certificate verification is strongly advised. See: https://urllib3.readthedocs.io/en/latest/advanced-usage.html#tls-warnings
  warnings.warn(

2026-09-01 10:01:41.299 87 INFO cinder.volume.manager [None req-ad3d2541-f288-4d1d-ba55-52ade3d8b5ac 934ad60691754e69a655a42da760f379 103fa22d9d174a2f96d2b135f14ebc05 - - - -] Deleted volume successfully.
2026-09-01 10:01:41.696 87 INFO cinder.volume.drivers.lightos [None req-346db9ad-0153-4f27-b8a4-c71567ff5cbc 87a88f9e712048afb3f7e324260dd4a1 f0452f538a264b28a228187c14f9f37a - - - -] Invoking get_snapshot_by_name using GET url: /api/v2/projects/default/snapshots/?Name=snapshot-fdfb647b-e248-4fe0-a0fa-7043d644ca3d             request.body: {} ssl_verify: False
2026-09-01 10:01:41.780 87 WARNING py.warnings [None req-346db9ad-0153-4f27-b8a4-c71567ff5cbc 87a88f9e712048afb3f7e324260dd4a1 f0452f538a264b28a228187c14f9f37a - - - -] /var/lib/kolla/venv/lib/python3.12/site-packages/urllib3/connectionpool.py:1110: InsecureRequestWarning: Unverified HTTPS request is being made to host '[LB_IP_ADDRESS]'. Adding certificate verification is strongly advised. See: https://urllib3.readthedocs.io/en/latest/advanced-usage.html#tls-warnings
  warnings.warn(

2026-09-01 10:01:41.790 87 INFO cinder.volume.drivers.lightos [None req-346db9ad-0153-4f27-b8a4-c71567ff5cbc 87a88f9e712048afb3f7e324260dd4a1 f0452f538a264b28a228187c14f9f37a - - - -] Invoking create_snapshot using POST url: /api/v2/projects/default/snapshots             request.body: {'name': 'snapshot-fdfb647b-e248-4fe0-a0fa-7043d644ca3d', 'sourceVolumeUUID': None, 'sourceVolumeName': 'vol_4c5ccbfc-7a13-4040-ba8a-6ccc630926ef'} ssl_verify: False
2026-09-01 10:01:41.873 87 WARNING py.warnings [None req-346db9ad-0153-4f27-b8a4-c71567ff5cbc 87a88f9e712048afb3f7e324260dd4a1 f0452f538a264b28a228187c14f9f37a - - - -] /var/lib/kolla/venv/lib/python3.12/site-packages/urllib3/connectionpool.py:1110: InsecureRequestWarning: Unverified HTTPS request is being made to host '[LB_IP_ADDRESS]'. Adding certificate verification is strongly advised. See: https://urllib3.readthedocs.io/en/latest/advanced-usage.html#tls-warnings
  warnings.warn(

2026-09-01 10:01:41.899 87 INFO cinder.volume.drivers.lightos [None req-346db9ad-0153-4f27-b8a4-c71567ff5cbc 87a88f9e712048afb3f7e324260dd4a1 f0452f538a264b28a228187c14f9f37a - - - -] Invoking get_snapshot_by_name using GET url: /api/v2/projects/default/snapshots/?Name=snapshot-fdfb647b-e248-4fe0-a0fa-7043d644ca3d             request.body: {} ssl_verify: False
2026-09-01 10:01:41.980 87 INFO cinder.volume.drivers.lightos [None req-393381cc-f544-4b92-8ff9-2d4c2a39d0cb 934ad60691754e69a655a42da760f379 103fa22d9d174a2f96d2b135f14ebc05 - - - -] Invoking get_snapshot_by_name using GET url: /api/v2/projects/default/snapshots/?Name=snapshot-f98a2e9f-ac5b-45a4-9195-4d698198982c             request.body: {} ssl_verify: False
2026-09-01 10:01:41.985 87 WARNING py.warnings [None req-346db9ad-0153-4f27-b8a4-c71567ff5cbc 87a88f9e712048afb3f7e324260dd4a1 f0452f538a264b28a228187c14f9f37a - - - -] /var/lib/kolla/venv/lib/python3.12/site-packages/urllib3/connectionpool.py:1110: InsecureRequestWarning: Unverified HTTPS request is being made to host '[LB_IP_ADDRESS]'. Adding certificate verification is strongly advised. See: https://urllib3.readthedocs.io/en/latest/advanced-usage.html#tls-warnings
  warnings.warn(

2026-09-01 10:01:42.066 87 WARNING py.warnings [None req-393381cc-f544-4b92-8ff9-2d4c2a39d0cb 934ad60691754e69a655a42da760f379 103fa22d9d174a2f96d2b135f14ebc05 - - - -] /var/lib/kolla/venv/lib/python3.12/site-packages/urllib3/connectionpool.py:1110: InsecureRequestWarning: Unverified HTTPS request is being made to host '[LB_IP_ADDRESS]'. Adding certificate verification is strongly advised. See: https://urllib3.readthedocs.io/en/latest/advanced-usage.html#tls-warnings
  warnings.warn(

2026-09-01 10:01:42.081 87 INFO cinder.volume.drivers.lightos [None req-393381cc-f544-4b92-8ff9-2d4c2a39d0cb 934ad60691754e69a655a42da760f379 103fa22d9d174a2f96d2b135f14ebc05 - - - -] Invoking delete_snapshot using DELETE url: /api/v2/projects/default/snapshots/84d67116-de23-4782-8f0c-5fab2cbf89f2?             request.body:  ssl_verify: False
2026-09-01 10:01:42.163 87 WARNING py.warnings [None req-393381cc-f544-4b92-8ff9-2d4c2a39d0cb 934ad60691754e69a655a42da760f379 103fa22d9d174a2f96d2b135f14ebc05 - - - -] /var/lib/kolla/venv/lib/python3.12/site-packages/urllib3/connectionpool.py:1110: InsecureRequestWarning: Unverified HTTPS request is being made to host '[LB_IP_ADDRESS]'. Adding certificate verification is strongly advised. See: https://urllib3.readthedocs.io/en/latest/advanced-usage.html#tls-warnings
  warnings.warn(

2026-09-01 10:01:42.187 87 INFO cinder.volume.drivers.lightos [None req-393381cc-f544-4b92-8ff9-2d4c2a39d0cb 934ad60691754e69a655a42da760f379 103fa22d9d174a2f96d2b135f14ebc05 - - - -] Invoking get_snapshot using GET url: /api/v2/projects/default/snapshots/84d67116-de23-4782-8f0c-5fab2cbf89f2             request.body: {} ssl_verify: False
2026-09-01 10:01:42.269 87 WARNING py.warnings [None req-393381cc-f544-4b92-8ff9-2d4c2a39d0cb 934ad60691754e69a655a42da760f379 103fa22d9d174a2f96d2b135f14ebc05 - - - -] /var/lib/kolla/venv/lib/python3.12/site-packages/urllib3/connectionpool.py:1110: InsecureRequestWarning: Unverified HTTPS request is being made to host '[LB_IP_ADDRESS]'. Adding certificate verification is strongly advised. See: https://urllib3.readthedocs.io/en/latest/advanced-usage.html#tls-warnings
  warnings.warn(

2026-09-01 10:01:42.490 87 INFO cinder.volume.manager [None req-393381cc-f544-4b92-8ff9-2d4c2a39d0cb 934ad60691754e69a655a42da760f379 103fa22d9d174a2f96d2b135f14ebc05 - - - -] Delete snapshot completed successfully.
2026-09-01 10:01:43.065 87 INFO cinder.volume.drivers.lightos [None req-346db9ad-0153-4f27-b8a4-c71567ff5cbc 87a88f9e712048afb3f7e324260dd4a1 f0452f538a264b28a228187c14f9f37a - - - -] Invoking get_snapshot_by_name using GET url: /api/v2/projects/default/snapshots/?Name=snapshot-fdfb647b-e248-4fe0-a0fa-7043d644ca3d             request.body: {} ssl_verify: False
2026-09-01 10:01:43.154 87 WARNING py.warnings [None req-346db9ad-0153-4f27-b8a4-c71567ff5cbc 87a88f9e712048afb3f7e324260dd4a1 f0452f538a264b28a228187c14f9f37a - - - -] /var/lib/kolla/venv/lib/python3.12/site-packages/urllib3/connectionpool.py:1110: InsecureRequestWarning: Unverified HTTPS request is being made to host '[LB_IP_ADDRESS]'. Adding certificate verification is strongly advised. See: https://urllib3.readthedocs.io/en/latest/advanced-usage.html#tls-warnings
  warnings.warn(

2026-09-01 10:01:43.171 87 INFO cinder.volume.drivers.lightos [None req-e502d14c-a40e-4a89-9e78-c000c72076f0 934ad60691754e69a655a42da760f379 103fa22d9d174a2f96d2b135f14ebc05 - - - -] Invoking delete_volume using DELETE url: /api/v2/projects/default/volumes/9366d04f-2c48-44a3-a8b8-992fe5e74de1?             request.body:  ssl_verify: False
2026-09-01 10:01:43.256 87 WARNING py.warnings [None req-e502d14c-a40e-4a89-9e78-c000c72076f0 934ad60691754e69a655a42da760f379 103fa22d9d174a2f96d2b135f14ebc05 - - - -] /var/lib/kolla/venv/lib/python3.12/site-packages/urllib3/connectionpool.py:1110: InsecureRequestWarning: Unverified HTTPS request is being made to host '[LB_IP_ADDRESS]'. Adding certificate verification is strongly advised. See: https://urllib3.readthedocs.io/en/latest/advanced-usage.html#tls-warnings
  warnings.warn(

2026-09-01 10:01:43.269 87 INFO cinder.volume.manager [None req-346db9ad-0153-4f27-b8a4-c71567ff5cbc 87a88f9e712048afb3f7e324260dd4a1 f0452f538a264b28a228187c14f9f37a - - - -] Create snapshot completed successfully
2026-09-01 10:01:43.295 87 INFO cinder.volume.drivers.lightos [None req-e502d14c-a40e-4a89-9e78-c000c72076f0 934ad60691754e69a655a42da760f379 103fa22d9d174a2f96d2b135f14ebc05 - - - -] Invoking get_volume using GET url: /api/v2/projects/default/volumes/9366d04f-2c48-44a3-a8b8-992fe5e74de1             request.body: {} ssl_verify: False
2026-09-01 10:01:43.380 87 WARNING py.warnings [None req-e502d14c-a40e-4a89-9e78-c000c72076f0 934ad60691754e69a655a42da760f379 103fa22d9d174a2f96d2b135f14ebc05 - - - -] /var/lib/kolla/venv/lib/python3.12/site-packages/urllib3/connectionpool.py:1110: InsecureRequestWarning: Unverified HTTPS request is being made to host '[LB_IP_ADDRESS]'. Adding certificate verification is strongly advised. See: https://urllib3.readthedocs.io/en/latest/advanced-usage.html#tls-warnings
  warnings.warn(

2026-09-01 10:01:43.630 87 INFO cinder.volume.manager [None req-e502d14c-a40e-4a89-9e78-c000c72076f0 934ad60691754e69a655a42da760f379 103fa22d9d174a2f96d2b135f14ebc05 - - - -] Deleted volume successfully.
2026-09-01 10:01:43.820 87 INFO cinder.volume.drivers.lightos [None req-247dd073-7bca-49a4-9b2d-37a3ddcdfe85 87a88f9e712048afb3f7e324260dd4a1 f0452f538a264b28a228187c14f9f37a - - - -] Invoking get_snapshot_by_name using GET url: /api/v2/projects/default/snapshots/?Name=snapshot-fdfb647b-e248-4fe0-a0fa-7043d644ca3d             request.body: {} ssl_verify: False
2026-09-01 10:01:43.905 87 WARNING py.warnings [None req-247dd073-7bca-49a4-9b2d-37a3ddcdfe85 87a88f9e712048afb3f7e324260dd4a1 f0452f538a264b28a228187c14f9f37a - - - -] /var/lib/kolla/venv/lib/python3.12/site-packages/urllib3/connectionpool.py:1110: InsecureRequestWarning: Unverified HTTPS request is being made to host '[LB_IP_ADDRESS]'. Adding certificate verification is strongly advised. See: https://urllib3.readthedocs.io/en/latest/advanced-usage.html#tls-warnings
  warnings.warn(

2026-09-01 10:01:43.918 87 INFO cinder.volume.drivers.lightos [None req-247dd073-7bca-49a4-9b2d-37a3ddcdfe85 87a88f9e712048afb3f7e324260dd4a1 f0452f538a264b28a228187c14f9f37a - - - -] Invoking delete_snapshot using DELETE url: /api/v2/projects/default/snapshots/72aa82d5-9d41-4442-a5f2-c377b3b9087f?             request.body:  ssl_verify: False
2026-09-01 10:01:44.002 87 WARNING py.warnings [None req-247dd073-7bca-49a4-9b2d-37a3ddcdfe85 87a88f9e712048afb3f7e324260dd4a1 f0452f538a264b28a228187c14f9f37a - - - -] /var/lib/kolla/venv/lib/python3.12/site-packages/urllib3/connectionpool.py:1110: InsecureRequestWarning: Unverified HTTPS request is being made to host '[LB_IP_ADDRESS]'. Adding certificate verification is strongly advised. See: https://urllib3.readthedocs.io/en/latest/advanced-usage.html#tls-warnings
  warnings.warn(

2026-09-01 10:01:44.037 87 INFO cinder.volume.drivers.lightos [None req-247dd073-7bca-49a4-9b2d-37a3ddcdfe85 87a88f9e712048afb3f7e324260dd4a1 f0452f538a264b28a228187c14f9f37a - - - -] Invoking get_snapshot using GET url: /api/v2/projects/default/snapshots/72aa82d5-9d41-4442-a5f2-c377b3b9087f             request.body: {} ssl_verify: False
2026-09-01 10:01:44.121 87 WARNING py.warnings [None req-247dd073-7bca-49a4-9b2d-37a3ddcdfe85 87a88f9e712048afb3f7e324260dd4a1 f0452f538a264b28a228187c14f9f37a - - - -] /var/lib/kolla/venv/lib/python3.12/site-packages/urllib3/connectionpool.py:1110: InsecureRequestWarning: Unverified HTTPS request is being made to host '[LB_IP_ADDRESS]'. Adding certificate verification is strongly advised. See: https://urllib3.readthedocs.io/en/latest/advanced-usage.html#tls-warnings
  warnings.warn(

2026-09-01 10:01:44.348 87 INFO cinder.volume.manager [None req-247dd073-7bca-49a4-9b2d-37a3ddcdfe85 87a88f9e712048afb3f7e324260dd4a1 f0452f538a264b28a228187c14f9f37a - - - -] Delete snapshot completed successfully.
2026-09-01 10:01:44.953 87 INFO cinder.volume.drivers.lightos [None req-0e7949fd-8424-45e8-97c7-0b6e5cf172ac 87a88f9e712048afb3f7e324260dd4a1 f0452f538a264b28a228187c14f9f37a - - - -] Invoking delete_volume using DELETE url: /api/v2/projects/default/volumes/98e15395-e2b6-4cbc-8c0c-b43f0aff661b?             request.body:  ssl_verify: False
2026-09-01 10:01:45.037 87 WARNING py.warnings [None req-0e7949fd-8424-45e8-97c7-0b6e5cf172ac 87a88f9e712048afb3f7e324260dd4a1 f0452f538a264b28a228187c14f9f37a - - - -] /var/lib/kolla/venv/lib/python3.12/site-packages/urllib3/connectionpool.py:1110: InsecureRequestWarning: Unverified HTTPS request is being made to host '[LB_IP_ADDRESS]'. Adding certificate verification is strongly advised. See: https://urllib3.readthedocs.io/en/latest/advanced-usage.html#tls-warnings
  warnings.warn(

2026-09-01 10:01:45.066 87 INFO cinder.volume.drivers.lightos [None req-0e7949fd-8424-45e8-97c7-0b6e5cf172ac 87a88f9e712048afb3f7e324260dd4a1 f0452f538a264b28a228187c14f9f37a - - - -] Invoking get_volume using GET url: /api/v2/projects/default/volumes/98e15395-e2b6-4cbc-8c0c-b43f0aff661b             request.body: {} ssl_verify: False
2026-09-01 10:01:45.148 87 WARNING py.warnings [None req-0e7949fd-8424-45e8-97c7-0b6e5cf172ac 87a88f9e712048afb3f7e324260dd4a1 f0452f538a264b28a228187c14f9f37a - - - -] /var/lib/kolla/venv/lib/python3.12/site-packages/urllib3/connectionpool.py:1110: InsecureRequestWarning: Unverified HTTPS request is being made to host '[LB_IP_ADDRESS]'. Adding certificate verification is strongly advised. See: https://urllib3.readthedocs.io/en/latest/advanced-usage.html#tls-warnings
  warnings.warn(

2026-09-01 10:01:45.383 87 INFO cinder.volume.manager [None req-0e7949fd-8424-45e8-97c7-0b6e5cf172ac 87a88f9e712048afb3f7e324260dd4a1 f0452f538a264b28a228187c14f9f37a - - - -] Deleted volume successfully.
2026-09-01 10:01:46.091 87 INFO cinder.volume.drivers.lightos [None req-b5d25a20-2bc3-4b97-aced-01c99252fd5f 87a88f9e712048afb3f7e324260dd4a1 f0452f538a264b28a228187c14f9f37a - - - -] Invoking delete_volume using DELETE url: /api/v2/projects/default/volumes/5c1facf9-f912-430a-ad5f-264458ae9600?             request.body:  ssl_verify: False
2026-09-01 10:01:46.178 87 WARNING py.warnings [None req-b5d25a20-2bc3-4b97-aced-01c99252fd5f 87a88f9e712048afb3f7e324260dd4a1 f0452f538a264b28a228187c14f9f37a - - - -] /var/lib/kolla/venv/lib/python3.12/site-packages/urllib3/connectionpool.py:1110: InsecureRequestWarning: Unverified HTTPS request is being made to host '[LB_IP_ADDRESS]'. Adding certificate verification is strongly advised. See: https://urllib3.readthedocs.io/en/latest/advanced-usage.html#tls-warnings
  warnings.warn(

2026-09-01 10:01:46.210 87 INFO cinder.volume.drivers.lightos [None req-b5d25a20-2bc3-4b97-aced-01c99252fd5f 87a88f9e712048afb3f7e324260dd4a1 f0452f538a264b28a228187c14f9f37a - - - -] Invoking get_volume using GET url: /api/v2/projects/default/volumes/5c1facf9-f912-430a-ad5f-264458ae9600             request.body: {} ssl_verify: False
2026-09-01 10:01:46.295 87 WARNING py.warnings [None req-b5d25a20-2bc3-4b97-aced-01c99252fd5f 87a88f9e712048afb3f7e324260dd4a1 f0452f538a264b28a228187c14f9f37a - - - -] /var/lib/kolla/venv/lib/python3.12/site-packages/urllib3/connectionpool.py:1110: InsecureRequestWarning: Unverified HTTPS request is being made to host '[LB_IP_ADDRESS]'. Adding certificate verification is strongly advised. See: https://urllib3.readthedocs.io/en/latest/advanced-usage.html#tls-warnings
  warnings.warn(

2026-09-01 10:01:46.527 87 INFO cinder.volume.manager [None req-b5d25a20-2bc3-4b97-aced-01c99252fd5f 87a88f9e712048afb3f7e324260dd4a1 f0452f538a264b28a228187c14f9f37a - - - -] Deleted volume successfully.
