Build Started 08_10_2026_19_41_01
2026-10-08 19:41:11.830 7 INFO oslo_service.backend._eventlet.service [None req-e8564f1a-e47f-4c5e-adb7-1aaf7a94708d - - - - - -] Caught SIGTERM, stopping children
2026-10-08 19:41:11.840 7 INFO oslo_service.backend._eventlet.service [None req-e8564f1a-e47f-4c5e-adb7-1aaf7a94708d - - - - - -] Waiting on 1 children to exit
2026-10-08 19:41:14.614 7 INFO oslo_service.backend._eventlet.service [None req-e8564f1a-e47f-4c5e-adb7-1aaf7a94708d - - - - - -] Child 87 exited with status 0
2026-10-08 19:41:42.951 7 INFO cinder.rpc [None req-c59f095d-d811-4dd9-bf52-7d2546e29b7c - - - - - -] Automatically selected cinder-scheduler objects version 1.39 as minimum service version.
2026-10-08 19:41:42.955 7 INFO cinder.rpc [None req-c59f095d-d811-4dd9-bf52-7d2546e29b7c - - - - - -] Automatically selected cinder-scheduler RPC version 3.12 as minimum service version.
2026-10-08 19:41:42.990 7 INFO cinder.volume.manager [None req-c59f095d-d811-4dd9-bf52-7d2546e29b7c - - - - - -] Determined volume DB was empty at startup.
2026-10-08 19:41:42.999 7 INFO cinder.volume.manager [None req-c59f095d-d811-4dd9-bf52-7d2546e29b7c - - - - - -] Image-volume cache disabled for host rack11-server81@LIGHTOSvemhmp.
2026-10-08 19:41:43.016 7 INFO oslo_service.backend._eventlet.service [None req-c59f095d-d811-4dd9-bf52-7d2546e29b7c - - - - - -] Starting 1 workers
2026-10-08 19:41:43.027 87 INFO cinder.service [-] Starting cinder-volume node (version 29.1.0)
2026-10-08 19:41:43.030 7 WARNING oslo_config.cfg [None req-c59f095d-d811-4dd9-bf52-7d2546e29b7c - - - - - -] Deprecated: Option "heartbeat_in_pthread" from group "oslo_messaging_rabbit" is deprecated for removal (The option is related to Eventlet which will be removed. In addition this has never worked as expected with services using eventlet for core service framework.).  Its value may be silently ignored in the future.
2026-10-08 19:41:43.047 87 INFO cinder.volume.manager [None req-083f4cb3-ed39-4521-87f8-87934a27b903 - - - - - -] Starting volume driver LightOSVolumeDriver (2.3.12)
2026-10-08 19:41:43.047 87 INFO cinder.volume.drivers.lightos [None req-083f4cb3-ed39-4521-87f8-87934a27b903 - - - - - -] Invoking get_cluster_info using GET url: /api/v2/clusterinfo             request.body: {} ssl_verify: False
2026-10-08 19:41:43.092 87 WARNING py.warnings [None req-083f4cb3-ed39-4521-87f8-87934a27b903 - - - - - -] /var/lib/kolla/venv/lib/python3.12/site-packages/urllib3/connectionpool.py:1110: InsecureRequestWarning: Unverified HTTPS request is being made to host '[LB_IP_ADDRESS]'. Adding certificate verification is strongly advised. See: https://urllib3.readthedocs.io/en/latest/advanced-usage.html#tls-warnings
  warnings.warn(

2026-10-08 19:41:43.160 87 INFO cinder.volume.drivers.lightos [None req-083f4cb3-ed39-4521-87f8-87934a27b903 - - - - - -] Connected to LightOS cluster 01a075ac-5f50-7ded-b878-53b360bb9ca3 subsysnqn nqn.2016-01.com.lightbitslabs:uuid:023e92f0-1271-4fe0-9397-657649be716c:suffix
2026-10-08 19:41:43.162 87 INFO cinder.volume.drivers.lightos [None req-083f4cb3-ed39-4521-87f8-87934a27b903 - - - - - -] Invoking get_nodes using GET url: /api/v2/nodes             request.body: {} ssl_verify: False
2026-10-08 19:41:43.200 87 WARNING py.warnings [None req-083f4cb3-ed39-4521-87f8-87934a27b903 - - - - - -] /var/lib/kolla/venv/lib/python3.12/site-packages/urllib3/connectionpool.py:1110: InsecureRequestWarning: Unverified HTTPS request is being made to host '[LB_IP_ADDRESS]'. Adding certificate verification is strongly advised. See: https://urllib3.readthedocs.io/en/latest/advanced-usage.html#tls-warnings
  warnings.warn(

2026-10-08 19:41:43.231 87 INFO os_brick.initiator.connectors.lightos [None req-083f4cb3-ed39-4521-87f8-87934a27b903 - - - - - -] Current host hostNQN nqn.2014-08.org.nvmexpress:uuid:1136ecdd-b326-5080-93cd-b4d75d7810d9 and IP(s) are ['[LB_IP_ADDRESS]', 'fe80::3e47:9a62:83ae:42f6', '[LB_IP_ADDRESS]', 'fe80::1527:3e78:1ef1:1fe7', '[LB_IP_ADDRESS]', 'fd00::a:13:1a:6', 'fe80::5fef:b54a:d77d:fcd4'] 
2026-10-08 19:41:43.275 87 WARNING oslo_config.cfg [None req-083f4cb3-ed39-4521-87f8-87934a27b903 - - - - - -] Deprecated: Option "heartbeat_in_pthread" from group "oslo_messaging_rabbit" is deprecated for removal (The option is related to Eventlet which will be removed. In addition this has never worked as expected with services using eventlet for core service framework.).  Its value may be silently ignored in the future.
2026-10-08 19:41:43.283 87 INFO cinder.keymgr.migration [None req-5d580bc4-4d02-4610-a3e9-d8e81160ed9c - - - - - -] Not migrating encryption keys because the ConfKeyManager's fixed_key is not in use.
2026-10-08 19:41:43.305 87 INFO cinder.volume.manager [None req-083f4cb3-ed39-4521-87f8-87934a27b903 - - - - - -] Driver initialization completed successfully.
2026-10-08 19:41:43.306 87 INFO cinder.manager [None req-083f4cb3-ed39-4521-87f8-87934a27b903 - - - - - -] Initiating service 2 cleanup
2026-10-08 19:41:43.316 87 INFO cinder.manager [None req-083f4cb3-ed39-4521-87f8-87934a27b903 - - - - - -] Service 2 cleanup completed.
2026-10-08 19:41:43.335 87 INFO oslo.messaging._drivers.impl_rabbit [None req-083f4cb3-ed39-4521-87f8-87934a27b903 - - - - - -] [5e78efd3-0172-4910-99ad-121b7cda432a] Stream Queue.declare: cinder-volume_fanout after offset last
2026-10-08 19:41:43.355 87 INFO oslo.messaging._drivers.impl_rabbit [None req-083f4cb3-ed39-4521-87f8-87934a27b903 - - - - - -] [e31d21ce-1742-4c87-a360-32974614f006] Stream Queue.declare: cinder-volume.rack11-server81@LIGHTOSvemhmp_fanout after offset last
2026-10-08 19:41:43.358 87 INFO cinder.volume.manager [None req-083f4cb3-ed39-4521-87f8-87934a27b903 - - - - - -] Initializing RPC dependent components of volume driver LightOSVolumeDriver (2.3.12)
2026-10-08 19:41:43.362 87 INFO cinder.volume.manager [None req-083f4cb3-ed39-4521-87f8-87934a27b903 - - - - - -] Driver post RPC initialization completed successfully.
2026-10-08 19:42:53.654 87 INFO cinder.volume.flows.manager.create_volume [req-8f1e5101-5e8f-4035-a0bf-4cfa7ef17e2c req-c433495d-22b5-4478-b214-ee0cd52fe7d0 72a24127bf8e40dda051c14aa378a01d 28963c1275c04c809397e955441bb4f2 - - - -] Volume 30d943b3-c48a-4608-aedf-07551539e56a: being created as raw with specification: {'status': 'creating', 'volume_name': 'vol_30d943b3-c48a-4608-aedf-07551539e56a', 'volume_size': 1}
2026-10-08 19:42:53.654 87 INFO cinder.volume.drivers.lightos [req-8f1e5101-5e8f-4035-a0bf-4cfa7ef17e2c req-c433495d-22b5-4478-b214-ee0cd52fe7d0 72a24127bf8e40dda051c14aa378a01d 28963c1275c04c809397e955441bb4f2 - - - -] Invoking get_volume_by_name using GET url: /api/v2/projects/default/volumes/?name=vol_30d943b3-c48a-4608-aedf-07551539e56a             request.body: {} ssl_verify: False
2026-10-08 19:42:53.692 87 WARNING py.warnings [req-8f1e5101-5e8f-4035-a0bf-4cfa7ef17e2c req-c433495d-22b5-4478-b214-ee0cd52fe7d0 72a24127bf8e40dda051c14aa378a01d 28963c1275c04c809397e955441bb4f2 - - - -] /var/lib/kolla/venv/lib/python3.12/site-packages/urllib3/connectionpool.py:1110: InsecureRequestWarning: Unverified HTTPS request is being made to host '[LB_IP_ADDRESS]'. Adding certificate verification is strongly advised. See: https://urllib3.readthedocs.io/en/latest/advanced-usage.html#tls-warnings
  warnings.warn(

2026-10-08 19:42:53.756 87 INFO cinder.volume.drivers.lightos [req-8f1e5101-5e8f-4035-a0bf-4cfa7ef17e2c req-c433495d-22b5-4478-b214-ee0cd52fe7d0 72a24127bf8e40dda051c14aa378a01d 28963c1275c04c809397e955441bb4f2 - - - -] Invoking create_volume using POST url: /api/v2/projects/default/volumes             request.body: {'name': 'vol_30d943b3-c48a-4608-aedf-07551539e56a', 'size': '1 gib', 'replicaCount': '3', 'compression': 'False', 'acl': {'values': ['ALLOW_NONE']}, 'IPAcl': {'values': ['ALLOW_NONE']}, 'sourceSnapshotUUID': None, 'sourceSnapshotName': None} ssl_verify: False
2026-10-08 19:42:53.798 87 WARNING py.warnings [req-8f1e5101-5e8f-4035-a0bf-4cfa7ef17e2c req-c433495d-22b5-4478-b214-ee0cd52fe7d0 72a24127bf8e40dda051c14aa378a01d 28963c1275c04c809397e955441bb4f2 - - - -] /var/lib/kolla/venv/lib/python3.12/site-packages/urllib3/connectionpool.py:1110: InsecureRequestWarning: Unverified HTTPS request is being made to host '[LB_IP_ADDRESS]'. Adding certificate verification is strongly advised. See: https://urllib3.readthedocs.io/en/latest/advanced-usage.html#tls-warnings
  warnings.warn(

2026-10-08 19:42:53.815 87 INFO cinder.volume.flows.manager.create_volume [req-91120946-05c5-4e36-a887-e84e98445098 req-351fabc6-2fe8-4da6-9743-bcd269a55898 deec045b517047b19c0059fa74dbd976 ad01ea0f007e44dc8a94fc82fafb19c8 - - - -] Volume 56f301bd-75b5-4b12-b1d8-c766171f8564: being created as raw with specification: {'status': 'creating', 'volume_name': 'vol_56f301bd-75b5-4b12-b1d8-c766171f8564', 'volume_size': 1}
2026-10-08 19:42:53.815 87 INFO cinder.volume.drivers.lightos [req-91120946-05c5-4e36-a887-e84e98445098 req-351fabc6-2fe8-4da6-9743-bcd269a55898 deec045b517047b19c0059fa74dbd976 ad01ea0f007e44dc8a94fc82fafb19c8 - - - -] Invoking get_volume_by_name using GET url: /api/v2/projects/default/volumes/?name=vol_56f301bd-75b5-4b12-b1d8-c766171f8564             request.body: {} ssl_verify: False
2026-10-08 19:42:53.843 87 INFO cinder.volume.drivers.lightos [req-8f1e5101-5e8f-4035-a0bf-4cfa7ef17e2c req-c433495d-22b5-4478-b214-ee0cd52fe7d0 72a24127bf8e40dda051c14aa378a01d 28963c1275c04c809397e955441bb4f2 - - - -] Invoking get_volume using GET url: /api/v2/projects/default/volumes/0382c3ab-aec8-412d-83af-18832492d7b4             request.body: {} ssl_verify: False
2026-10-08 19:42:53.872 87 WARNING py.warnings [req-91120946-05c5-4e36-a887-e84e98445098 req-351fabc6-2fe8-4da6-9743-bcd269a55898 deec045b517047b19c0059fa74dbd976 ad01ea0f007e44dc8a94fc82fafb19c8 - - - -] /var/lib/kolla/venv/lib/python3.12/site-packages/urllib3/connectionpool.py:1110: InsecureRequestWarning: Unverified HTTPS request is being made to host '[LB_IP_ADDRESS]'. Adding certificate verification is strongly advised. See: https://urllib3.readthedocs.io/en/latest/advanced-usage.html#tls-warnings
  warnings.warn(

2026-10-08 19:42:53.875 87 WARNING py.warnings [req-8f1e5101-5e8f-4035-a0bf-4cfa7ef17e2c req-c433495d-22b5-4478-b214-ee0cd52fe7d0 72a24127bf8e40dda051c14aa378a01d 28963c1275c04c809397e955441bb4f2 - - - -] /var/lib/kolla/venv/lib/python3.12/site-packages/urllib3/connectionpool.py:1110: InsecureRequestWarning: Unverified HTTPS request is being made to host '[LB_IP_ADDRESS]'. Adding certificate verification is strongly advised. See: https://urllib3.readthedocs.io/en/latest/advanced-usage.html#tls-warnings
  warnings.warn(

2026-10-08 19:42:53.885 87 INFO cinder.volume.drivers.lightos [req-91120946-05c5-4e36-a887-e84e98445098 req-351fabc6-2fe8-4da6-9743-bcd269a55898 deec045b517047b19c0059fa74dbd976 ad01ea0f007e44dc8a94fc82fafb19c8 - - - -] Invoking create_volume using POST url: /api/v2/projects/default/volumes             request.body: {'name': 'vol_56f301bd-75b5-4b12-b1d8-c766171f8564', 'size': '1 gib', 'replicaCount': '3', 'compression': 'False', 'acl': {'values': ['ALLOW_NONE']}, 'IPAcl': {'values': ['ALLOW_NONE']}, 'sourceSnapshotUUID': None, 'sourceSnapshotName': None} ssl_verify: False
2026-10-08 19:42:53.935 87 WARNING py.warnings [req-91120946-05c5-4e36-a887-e84e98445098 req-351fabc6-2fe8-4da6-9743-bcd269a55898 deec045b517047b19c0059fa74dbd976 ad01ea0f007e44dc8a94fc82fafb19c8 - - - -] /var/lib/kolla/venv/lib/python3.12/site-packages/urllib3/connectionpool.py:1110: InsecureRequestWarning: Unverified HTTPS request is being made to host '[LB_IP_ADDRESS]'. Adding certificate verification is strongly advised. See: https://urllib3.readthedocs.io/en/latest/advanced-usage.html#tls-warnings
  warnings.warn(

2026-10-08 19:42:53.989 87 INFO cinder.volume.drivers.lightos [req-91120946-05c5-4e36-a887-e84e98445098 req-351fabc6-2fe8-4da6-9743-bcd269a55898 deec045b517047b19c0059fa74dbd976 ad01ea0f007e44dc8a94fc82fafb19c8 - - - -] Invoking get_volume using GET url: /api/v2/projects/default/volumes/32a69489-a0b0-4a60-83fd-279d7b24318e             request.body: {} ssl_verify: False
2026-10-08 19:42:54.037 87 WARNING py.warnings [req-91120946-05c5-4e36-a887-e84e98445098 req-351fabc6-2fe8-4da6-9743-bcd269a55898 deec045b517047b19c0059fa74dbd976 ad01ea0f007e44dc8a94fc82fafb19c8 - - - -] /var/lib/kolla/venv/lib/python3.12/site-packages/urllib3/connectionpool.py:1110: InsecureRequestWarning: Unverified HTTPS request is being made to host '[LB_IP_ADDRESS]'. Adding certificate verification is strongly advised. See: https://urllib3.readthedocs.io/en/latest/advanced-usage.html#tls-warnings
  warnings.warn(

2026-10-08 19:42:54.067 87 INFO cinder.volume.flows.manager.create_volume [req-91120946-05c5-4e36-a887-e84e98445098 req-351fabc6-2fe8-4da6-9743-bcd269a55898 deec045b517047b19c0059fa74dbd976 ad01ea0f007e44dc8a94fc82fafb19c8 - - - -] Volume vol_56f301bd-75b5-4b12-b1d8-c766171f8564 (56f301bd-75b5-4b12-b1d8-c766171f8564): created successfully
2026-10-08 19:42:54.075 87 INFO cinder.volume.manager [req-91120946-05c5-4e36-a887-e84e98445098 req-351fabc6-2fe8-4da6-9743-bcd269a55898 deec045b517047b19c0059fa74dbd976 ad01ea0f007e44dc8a94fc82fafb19c8 - - - -] Created volume successfully.
2026-10-08 19:42:54.974 87 INFO cinder.volume.drivers.lightos [req-8f1e5101-5e8f-4035-a0bf-4cfa7ef17e2c req-c433495d-22b5-4478-b214-ee0cd52fe7d0 72a24127bf8e40dda051c14aa378a01d 28963c1275c04c809397e955441bb4f2 - - - -] Invoking get_volume using GET url: /api/v2/projects/default/volumes/0382c3ab-aec8-412d-83af-18832492d7b4             request.body: {} ssl_verify: False
2026-10-08 19:42:55.023 87 WARNING py.warnings [req-8f1e5101-5e8f-4035-a0bf-4cfa7ef17e2c req-c433495d-22b5-4478-b214-ee0cd52fe7d0 72a24127bf8e40dda051c14aa378a01d 28963c1275c04c809397e955441bb4f2 - - - -] /var/lib/kolla/venv/lib/python3.12/site-packages/urllib3/connectionpool.py:1110: InsecureRequestWarning: Unverified HTTPS request is being made to host '[LB_IP_ADDRESS]'. Adding certificate verification is strongly advised. See: https://urllib3.readthedocs.io/en/latest/advanced-usage.html#tls-warnings
  warnings.warn(

2026-10-08 19:42:55.065 87 INFO cinder.volume.flows.manager.create_volume [req-8f1e5101-5e8f-4035-a0bf-4cfa7ef17e2c req-c433495d-22b5-4478-b214-ee0cd52fe7d0 72a24127bf8e40dda051c14aa378a01d 28963c1275c04c809397e955441bb4f2 - - - -] Volume vol_30d943b3-c48a-4608-aedf-07551539e56a (30d943b3-c48a-4608-aedf-07551539e56a): created successfully
2026-10-08 19:42:55.073 87 INFO cinder.volume.manager [req-8f1e5101-5e8f-4035-a0bf-4cfa7ef17e2c req-c433495d-22b5-4478-b214-ee0cd52fe7d0 72a24127bf8e40dda051c14aa378a01d 28963c1275c04c809397e955441bb4f2 - - - -] Created volume successfully.
2026-10-08 19:42:55.089 87 INFO cinder.volume.drivers.lightos [req-e814f1cd-1028-4403-977a-ce78d0c58e21 req-e1b0cde6-7369-4eed-a77e-d56036c19933 deec045b517047b19c0059fa74dbd976 ad01ea0f007e44dc8a94fc82fafb19c8 - - - -] Invoking get_snapshot_by_name using GET url: /api/v2/projects/default/snapshots/?Name=snapshot-2b0af423-7438-400f-ae5d-c71cd229b0dc             request.body: {} ssl_verify: False
2026-10-08 19:42:55.123 87 WARNING py.warnings [req-e814f1cd-1028-4403-977a-ce78d0c58e21 req-e1b0cde6-7369-4eed-a77e-d56036c19933 deec045b517047b19c0059fa74dbd976 ad01ea0f007e44dc8a94fc82fafb19c8 - - - -] /var/lib/kolla/venv/lib/python3.12/site-packages/urllib3/connectionpool.py:1110: InsecureRequestWarning: Unverified HTTPS request is being made to host '[LB_IP_ADDRESS]'. Adding certificate verification is strongly advised. See: https://urllib3.readthedocs.io/en/latest/advanced-usage.html#tls-warnings
  warnings.warn(

2026-10-08 19:42:55.131 87 INFO cinder.volume.drivers.lightos [req-e814f1cd-1028-4403-977a-ce78d0c58e21 req-e1b0cde6-7369-4eed-a77e-d56036c19933 deec045b517047b19c0059fa74dbd976 ad01ea0f007e44dc8a94fc82fafb19c8 - - - -] Invoking create_snapshot using POST url: /api/v2/projects/default/snapshots             request.body: {'name': 'snapshot-2b0af423-7438-400f-ae5d-c71cd229b0dc', 'sourceVolumeUUID': None, 'sourceVolumeName': 'vol_56f301bd-75b5-4b12-b1d8-c766171f8564'} ssl_verify: False
2026-10-08 19:42:55.172 87 WARNING py.warnings [req-e814f1cd-1028-4403-977a-ce78d0c58e21 req-e1b0cde6-7369-4eed-a77e-d56036c19933 deec045b517047b19c0059fa74dbd976 ad01ea0f007e44dc8a94fc82fafb19c8 - - - -] /var/lib/kolla/venv/lib/python3.12/site-packages/urllib3/connectionpool.py:1110: InsecureRequestWarning: Unverified HTTPS request is being made to host '[LB_IP_ADDRESS]'. Adding certificate verification is strongly advised. See: https://urllib3.readthedocs.io/en/latest/advanced-usage.html#tls-warnings
  warnings.warn(

2026-10-08 19:42:55.194 87 INFO cinder.volume.drivers.lightos [req-e814f1cd-1028-4403-977a-ce78d0c58e21 req-e1b0cde6-7369-4eed-a77e-d56036c19933 deec045b517047b19c0059fa74dbd976 ad01ea0f007e44dc8a94fc82fafb19c8 - - - -] Invoking get_snapshot_by_name using GET url: /api/v2/projects/default/snapshots/?Name=snapshot-2b0af423-7438-400f-ae5d-c71cd229b0dc             request.body: {} ssl_verify: False
2026-10-08 19:42:55.237 87 WARNING py.warnings [req-e814f1cd-1028-4403-977a-ce78d0c58e21 req-e1b0cde6-7369-4eed-a77e-d56036c19933 deec045b517047b19c0059fa74dbd976 ad01ea0f007e44dc8a94fc82fafb19c8 - - - -] /var/lib/kolla/venv/lib/python3.12/site-packages/urllib3/connectionpool.py:1110: InsecureRequestWarning: Unverified HTTPS request is being made to host '[LB_IP_ADDRESS]'. Adding certificate verification is strongly advised. See: https://urllib3.readthedocs.io/en/latest/advanced-usage.html#tls-warnings
  warnings.warn(

2026-10-08 19:42:56.058 87 INFO cinder.volume.drivers.lightos [req-a7472cbc-f718-4b82-9238-ca90672a1e70 req-a584ef13-fc12-440b-a1a6-41eaca0817d5 72a24127bf8e40dda051c14aa378a01d 28963c1275c04c809397e955441bb4f2 - - default default] Invoking delete_volume using DELETE url: /api/v2/projects/default/volumes/0382c3ab-aec8-412d-83af-18832492d7b4?             request.body:  ssl_verify: False
2026-10-08 19:42:56.094 87 WARNING py.warnings [req-a7472cbc-f718-4b82-9238-ca90672a1e70 req-a584ef13-fc12-440b-a1a6-41eaca0817d5 72a24127bf8e40dda051c14aa378a01d 28963c1275c04c809397e955441bb4f2 - - default default] /var/lib/kolla/venv/lib/python3.12/site-packages/urllib3/connectionpool.py:1110: InsecureRequestWarning: Unverified HTTPS request is being made to host '[LB_IP_ADDRESS]'. Adding certificate verification is strongly advised. See: https://urllib3.readthedocs.io/en/latest/advanced-usage.html#tls-warnings
  warnings.warn(

2026-10-08 19:42:56.127 87 INFO cinder.volume.drivers.lightos [req-a7472cbc-f718-4b82-9238-ca90672a1e70 req-a584ef13-fc12-440b-a1a6-41eaca0817d5 72a24127bf8e40dda051c14aa378a01d 28963c1275c04c809397e955441bb4f2 - - default default] Invoking get_volume using GET url: /api/v2/projects/default/volumes/0382c3ab-aec8-412d-83af-18832492d7b4             request.body: {} ssl_verify: False
2026-10-08 19:42:56.169 87 WARNING py.warnings [req-a7472cbc-f718-4b82-9238-ca90672a1e70 req-a584ef13-fc12-440b-a1a6-41eaca0817d5 72a24127bf8e40dda051c14aa378a01d 28963c1275c04c809397e955441bb4f2 - - default default] /var/lib/kolla/venv/lib/python3.12/site-packages/urllib3/connectionpool.py:1110: InsecureRequestWarning: Unverified HTTPS request is being made to host '[LB_IP_ADDRESS]'. Adding certificate verification is strongly advised. See: https://urllib3.readthedocs.io/en/latest/advanced-usage.html#tls-warnings
  warnings.warn(

2026-10-08 19:42:56.265 87 WARNING cinder.quota [req-a7472cbc-f718-4b82-9238-ca90672a1e70 req-a584ef13-fc12-440b-a1a6-41eaca0817d5 72a24127bf8e40dda051c14aa378a01d 28963c1275c04c809397e955441bb4f2 - - default default] Deprecated: Default quota for resource: volumes___DEFAULT__ is set by the default quota flag: quota_volumes___DEFAULT__, it is now deprecated. Please use the default quota class for default quota.
2026-10-08 19:42:56.266 87 WARNING cinder.quota [req-a7472cbc-f718-4b82-9238-ca90672a1e70 req-a584ef13-fc12-440b-a1a6-41eaca0817d5 72a24127bf8e40dda051c14aa378a01d 28963c1275c04c809397e955441bb4f2 - - default default] Deprecated: Default quota for resource: gigabytes___DEFAULT__ is set by the default quota flag: quota_gigabytes___DEFAULT__, it is now deprecated. Please use the default quota class for default quota.
2026-10-08 19:42:56.267 87 INFO cinder.volume.drivers.lightos [req-e814f1cd-1028-4403-977a-ce78d0c58e21 req-e1b0cde6-7369-4eed-a77e-d56036c19933 deec045b517047b19c0059fa74dbd976 ad01ea0f007e44dc8a94fc82fafb19c8 - - - -] Invoking get_snapshot_by_name using GET url: /api/v2/projects/default/snapshots/?Name=snapshot-2b0af423-7438-400f-ae5d-c71cd229b0dc             request.body: {} ssl_verify: False
2026-10-08 19:42:56.303 87 WARNING py.warnings [req-e814f1cd-1028-4403-977a-ce78d0c58e21 req-e1b0cde6-7369-4eed-a77e-d56036c19933 deec045b517047b19c0059fa74dbd976 ad01ea0f007e44dc8a94fc82fafb19c8 - - - -] /var/lib/kolla/venv/lib/python3.12/site-packages/urllib3/connectionpool.py:1110: InsecureRequestWarning: Unverified HTTPS request is being made to host '[LB_IP_ADDRESS]'. Adding certificate verification is strongly advised. See: https://urllib3.readthedocs.io/en/latest/advanced-usage.html#tls-warnings
  warnings.warn(

2026-10-08 19:42:56.335 87 INFO cinder.volume.manager [req-e814f1cd-1028-4403-977a-ce78d0c58e21 req-e1b0cde6-7369-4eed-a77e-d56036c19933 deec045b517047b19c0059fa74dbd976 ad01ea0f007e44dc8a94fc82fafb19c8 - - - -] Create snapshot completed successfully
2026-10-08 19:42:56.354 87 INFO cinder.volume.manager [req-a7472cbc-f718-4b82-9238-ca90672a1e70 req-a584ef13-fc12-440b-a1a6-41eaca0817d5 72a24127bf8e40dda051c14aa378a01d 28963c1275c04c809397e955441bb4f2 - - default default] Deleted volume successfully.
2026-10-08 19:42:57.360 87 INFO cinder.volume.drivers.lightos [req-e1938c27-5590-41d7-8369-427aaae5f8a0 req-d81767e2-c2ea-4bd7-81b0-560f1482ae21 deec045b517047b19c0059fa74dbd976 ad01ea0f007e44dc8a94fc82fafb19c8 - - default default] Invoking get_snapshot_by_name using GET url: /api/v2/projects/default/snapshots/?Name=snapshot-2b0af423-7438-400f-ae5d-c71cd229b0dc             request.body: {} ssl_verify: False
2026-10-08 19:42:57.403 87 WARNING py.warnings [req-e1938c27-5590-41d7-8369-427aaae5f8a0 req-d81767e2-c2ea-4bd7-81b0-560f1482ae21 deec045b517047b19c0059fa74dbd976 ad01ea0f007e44dc8a94fc82fafb19c8 - - default default] /var/lib/kolla/venv/lib/python3.12/site-packages/urllib3/connectionpool.py:1110: InsecureRequestWarning: Unverified HTTPS request is being made to host '[LB_IP_ADDRESS]'. Adding certificate verification is strongly advised. See: https://urllib3.readthedocs.io/en/latest/advanced-usage.html#tls-warnings
  warnings.warn(

2026-10-08 19:42:57.419 87 INFO cinder.volume.drivers.lightos [req-e1938c27-5590-41d7-8369-427aaae5f8a0 req-d81767e2-c2ea-4bd7-81b0-560f1482ae21 deec045b517047b19c0059fa74dbd976 ad01ea0f007e44dc8a94fc82fafb19c8 - - default default] Invoking delete_snapshot using DELETE url: /api/v2/projects/default/snapshots/d75d983c-e991-4ebd-9de0-301bd0f4dc7f?             request.body:  ssl_verify: False
2026-10-08 19:42:57.479 87 WARNING py.warnings [req-e1938c27-5590-41d7-8369-427aaae5f8a0 req-d81767e2-c2ea-4bd7-81b0-560f1482ae21 deec045b517047b19c0059fa74dbd976 ad01ea0f007e44dc8a94fc82fafb19c8 - - default default] /var/lib/kolla/venv/lib/python3.12/site-packages/urllib3/connectionpool.py:1110: InsecureRequestWarning: Unverified HTTPS request is being made to host '[LB_IP_ADDRESS]'. Adding certificate verification is strongly advised. See: https://urllib3.readthedocs.io/en/latest/advanced-usage.html#tls-warnings
  warnings.warn(

2026-10-08 19:42:57.529 87 INFO cinder.volume.drivers.lightos [req-e1938c27-5590-41d7-8369-427aaae5f8a0 req-d81767e2-c2ea-4bd7-81b0-560f1482ae21 deec045b517047b19c0059fa74dbd976 ad01ea0f007e44dc8a94fc82fafb19c8 - - default default] Invoking get_snapshot using GET url: /api/v2/projects/default/snapshots/d75d983c-e991-4ebd-9de0-301bd0f4dc7f             request.body: {} ssl_verify: False
2026-10-08 19:42:57.572 87 WARNING py.warnings [req-e1938c27-5590-41d7-8369-427aaae5f8a0 req-d81767e2-c2ea-4bd7-81b0-560f1482ae21 deec045b517047b19c0059fa74dbd976 ad01ea0f007e44dc8a94fc82fafb19c8 - - default default] /var/lib/kolla/venv/lib/python3.12/site-packages/urllib3/connectionpool.py:1110: InsecureRequestWarning: Unverified HTTPS request is being made to host '[LB_IP_ADDRESS]'. Adding certificate verification is strongly advised. See: https://urllib3.readthedocs.io/en/latest/advanced-usage.html#tls-warnings
  warnings.warn(

2026-10-08 19:42:57.665 87 WARNING cinder.quota [req-e1938c27-5590-41d7-8369-427aaae5f8a0 req-d81767e2-c2ea-4bd7-81b0-560f1482ae21 deec045b517047b19c0059fa74dbd976 ad01ea0f007e44dc8a94fc82fafb19c8 - - default default] Deprecated: Default quota for resource: snapshots___DEFAULT__ is set by the default quota flag: quota_snapshots___DEFAULT__, it is now deprecated. Please use the default quota class for default quota.
2026-10-08 19:42:57.705 87 INFO cinder.volume.manager [req-e1938c27-5590-41d7-8369-427aaae5f8a0 req-d81767e2-c2ea-4bd7-81b0-560f1482ae21 deec045b517047b19c0059fa74dbd976 ad01ea0f007e44dc8a94fc82fafb19c8 - - default default] Delete snapshot completed successfully.
2026-10-08 19:42:58.054 87 INFO cinder.volume.manager [None req-a8ef24a9-bb0b-493c-9059-c8341b47e86a c91db07a11bc41bda5c62dd1a606fc4a 2579300321ac4fa79c952d233eb228d0 - - - -] Group tempest-GroupSnapshotsTest-Group-867179131: creating
2026-10-08 19:42:58.074 87 INFO cinder.volume.manager [None req-a8ef24a9-bb0b-493c-9059-c8341b47e86a c91db07a11bc41bda5c62dd1a606fc4a 2579300321ac4fa79c952d233eb228d0 - - - -] Group tempest-GroupSnapshotsTest-Group-867179131: created successfully
2026-10-08 19:42:58.079 87 INFO cinder.volume.manager [None req-a8ef24a9-bb0b-493c-9059-c8341b47e86a c91db07a11bc41bda5c62dd1a606fc4a 2579300321ac4fa79c952d233eb228d0 - - - -] Create group completed successfully.
2026-10-08 19:42:58.514 87 INFO cinder.volume.drivers.lightos [req-206fadc7-4e48-41e6-9d33-018d09d512d3 req-2f6da179-fe32-4e49-8507-0d3aa3f04b1f deec045b517047b19c0059fa74dbd976 ad01ea0f007e44dc8a94fc82fafb19c8 - - default default] Invoking delete_volume using DELETE url: /api/v2/projects/default/volumes/32a69489-a0b0-4a60-83fd-279d7b24318e?             request.body:  ssl_verify: False
2026-10-08 19:42:58.554 87 WARNING py.warnings [req-206fadc7-4e48-41e6-9d33-018d09d512d3 req-2f6da179-fe32-4e49-8507-0d3aa3f04b1f deec045b517047b19c0059fa74dbd976 ad01ea0f007e44dc8a94fc82fafb19c8 - - default default] /var/lib/kolla/venv/lib/python3.12/site-packages/urllib3/connectionpool.py:1110: InsecureRequestWarning: Unverified HTTPS request is being made to host '[LB_IP_ADDRESS]'. Adding certificate verification is strongly advised. See: https://urllib3.readthedocs.io/en/latest/advanced-usage.html#tls-warnings
  warnings.warn(

2026-10-08 19:42:58.585 87 INFO cinder.volume.drivers.lightos [req-206fadc7-4e48-41e6-9d33-018d09d512d3 req-2f6da179-fe32-4e49-8507-0d3aa3f04b1f deec045b517047b19c0059fa74dbd976 ad01ea0f007e44dc8a94fc82fafb19c8 - - default default] Invoking get_volume using GET url: /api/v2/projects/default/volumes/32a69489-a0b0-4a60-83fd-279d7b24318e             request.body: {} ssl_verify: False
2026-10-08 19:42:58.641 87 WARNING py.warnings [req-206fadc7-4e48-41e6-9d33-018d09d512d3 req-2f6da179-fe32-4e49-8507-0d3aa3f04b1f deec045b517047b19c0059fa74dbd976 ad01ea0f007e44dc8a94fc82fafb19c8 - - default default] /var/lib/kolla/venv/lib/python3.12/site-packages/urllib3/connectionpool.py:1110: InsecureRequestWarning: Unverified HTTPS request is being made to host '[LB_IP_ADDRESS]'. Adding certificate verification is strongly advised. See: https://urllib3.readthedocs.io/en/latest/advanced-usage.html#tls-warnings
  warnings.warn(

2026-10-08 19:42:58.776 87 INFO cinder.volume.manager [req-206fadc7-4e48-41e6-9d33-018d09d512d3 req-2f6da179-fe32-4e49-8507-0d3aa3f04b1f deec045b517047b19c0059fa74dbd976 ad01ea0f007e44dc8a94fc82fafb19c8 - - default default] Deleted volume successfully.
2026-10-08 19:42:59.635 87 INFO cinder.volume.flows.manager.create_volume [None req-c5997996-7b18-4f2d-9765-b29f158da3d3 c91db07a11bc41bda5c62dd1a606fc4a 2579300321ac4fa79c952d233eb228d0 - - - -] Volume 38c0fd77-8265-4451-8d57-ac59e4255c64: being created as raw with specification: {'status': 'creating', 'volume_name': 'vol_38c0fd77-8265-4451-8d57-ac59e4255c64', 'volume_size': 1}
2026-10-08 19:42:59.635 87 INFO cinder.volume.drivers.lightos [None req-c5997996-7b18-4f2d-9765-b29f158da3d3 c91db07a11bc41bda5c62dd1a606fc4a 2579300321ac4fa79c952d233eb228d0 - - - -] Invoking get_volume_by_name using GET url: /api/v2/projects/default/volumes/?name=vol_38c0fd77-8265-4451-8d57-ac59e4255c64             request.body: {} ssl_verify: False
2026-10-08 19:42:59.673 87 WARNING py.warnings [None req-c5997996-7b18-4f2d-9765-b29f158da3d3 c91db07a11bc41bda5c62dd1a606fc4a 2579300321ac4fa79c952d233eb228d0 - - - -] /var/lib/kolla/venv/lib/python3.12/site-packages/urllib3/connectionpool.py:1110: InsecureRequestWarning: Unverified HTTPS request is being made to host '[LB_IP_ADDRESS]'. Adding certificate verification is strongly advised. See: https://urllib3.readthedocs.io/en/latest/advanced-usage.html#tls-warnings
  warnings.warn(

2026-10-08 19:42:59.684 87 INFO cinder.volume.drivers.lightos [None req-c5997996-7b18-4f2d-9765-b29f158da3d3 c91db07a11bc41bda5c62dd1a606fc4a 2579300321ac4fa79c952d233eb228d0 - - - -] Invoking create_volume using POST url: /api/v2/projects/default/volumes             request.body: {'name': 'vol_38c0fd77-8265-4451-8d57-ac59e4255c64', 'size': '1 gib', 'replicaCount': '3', 'compression': 'False', 'acl': {'values': ['ALLOW_NONE']}, 'IPAcl': {'values': ['ALLOW_NONE']}, 'sourceSnapshotUUID': None, 'sourceSnapshotName': None} ssl_verify: False
2026-10-08 19:42:59.729 87 WARNING py.warnings [None req-c5997996-7b18-4f2d-9765-b29f158da3d3 c91db07a11bc41bda5c62dd1a606fc4a 2579300321ac4fa79c952d233eb228d0 - - - -] /var/lib/kolla/venv/lib/python3.12/site-packages/urllib3/connectionpool.py:1110: InsecureRequestWarning: Unverified HTTPS request is being made to host '[LB_IP_ADDRESS]'. Adding certificate verification is strongly advised. See: https://urllib3.readthedocs.io/en/latest/advanced-usage.html#tls-warnings
  warnings.warn(

2026-10-08 19:42:59.769 87 INFO cinder.volume.drivers.lightos [None req-c5997996-7b18-4f2d-9765-b29f158da3d3 c91db07a11bc41bda5c62dd1a606fc4a 2579300321ac4fa79c952d233eb228d0 - - - -] Invoking get_volume using GET url: /api/v2/projects/default/volumes/a5ad36a1-4fee-4edd-ac06-9ce750c07ff7             request.body: {} ssl_verify: False
2026-10-08 19:42:59.833 87 WARNING py.warnings [None req-c5997996-7b18-4f2d-9765-b29f158da3d3 c91db07a11bc41bda5c62dd1a606fc4a 2579300321ac4fa79c952d233eb228d0 - - - -] /var/lib/kolla/venv/lib/python3.12/site-packages/urllib3/connectionpool.py:1110: InsecureRequestWarning: Unverified HTTPS request is being made to host '[LB_IP_ADDRESS]'. Adding certificate verification is strongly advised. See: https://urllib3.readthedocs.io/en/latest/advanced-usage.html#tls-warnings
  warnings.warn(

2026-10-08 19:42:59.872 87 INFO cinder.volume.flows.manager.create_volume [None req-c5997996-7b18-4f2d-9765-b29f158da3d3 c91db07a11bc41bda5c62dd1a606fc4a 2579300321ac4fa79c952d233eb228d0 - - - -] Volume vol_38c0fd77-8265-4451-8d57-ac59e4255c64 (38c0fd77-8265-4451-8d57-ac59e4255c64): created successfully
2026-10-08 19:42:59.880 87 INFO cinder.volume.manager [None req-c5997996-7b18-4f2d-9765-b29f158da3d3 c91db07a11bc41bda5c62dd1a606fc4a 2579300321ac4fa79c952d233eb228d0 - - - -] Created volume successfully.
2026-10-08 19:43:00.924 87 INFO cinder.volume.manager [None req-cfd193f5-662d-4061-93fc-2ce60ac6490a c91db07a11bc41bda5c62dd1a606fc4a 2579300321ac4fa79c952d233eb228d0 - - default default] GroupSnapshot 4493b69d-1217-462e-b7bd-ddfaf5fd1bf8: creating.
2026-10-08 19:43:00.974 87 INFO cinder.volume.drivers.lightos [None req-cfd193f5-662d-4061-93fc-2ce60ac6490a c91db07a11bc41bda5c62dd1a606fc4a 2579300321ac4fa79c952d233eb228d0 - - default default] Invoking get_snapshot_by_name using GET url: /api/v2/projects/default/snapshots/?Name=snapshot-25875d38-4545-466e-8cda-dd475ca47c35             request.body: {} ssl_verify: False
2026-10-08 19:43:01.010 87 WARNING py.warnings [None req-cfd193f5-662d-4061-93fc-2ce60ac6490a c91db07a11bc41bda5c62dd1a606fc4a 2579300321ac4fa79c952d233eb228d0 - - default default] /var/lib/kolla/venv/lib/python3.12/site-packages/urllib3/connectionpool.py:1110: InsecureRequestWarning: Unverified HTTPS request is being made to host '[LB_IP_ADDRESS]'. Adding certificate verification is strongly advised. See: https://urllib3.readthedocs.io/en/latest/advanced-usage.html#tls-warnings
  warnings.warn(
: NotImplementedError
2026-10-08 19:43:01.019 87 INFO cinder.volume.drivers.lightos [None req-cfd193f5-662d-4061-93fc-2ce60ac6490a c91db07a11bc41bda5c62dd1a606fc4a 2579300321ac4fa79c952d233eb228d0 - - default default] Invoking create_snapshot using POST url: /api/v2/projects/default/snapshots             request.body: {'name': 'snapshot-25875d38-4545-466e-8cda-dd475ca47c35', 'sourceVolumeUUID': None, 'sourceVolumeName': 'vol_38c0fd77-8265-4451-8d57-ac59e4255c64'} ssl_verify: False
2026-10-08 19:43:01.058 87 WARNING py.warnings [None req-cfd193f5-662d-4061-93fc-2ce60ac6490a c91db07a11bc41bda5c62dd1a606fc4a 2579300321ac4fa79c952d233eb228d0 - - default default] /var/lib/kolla/venv/lib/python3.12/site-packages/urllib3/connectionpool.py:1110: InsecureRequestWarning: Unverified HTTPS request is being made to host '[LB_IP_ADDRESS]'. Adding certificate verification is strongly advised. See: https://urllib3.readthedocs.io/en/latest/advanced-usage.html#tls-warnings
  warnings.warn(
: NotImplementedError
2026-10-08 19:43:01.110 87 INFO cinder.volume.drivers.lightos [None req-cfd193f5-662d-4061-93fc-2ce60ac6490a c91db07a11bc41bda5c62dd1a606fc4a 2579300321ac4fa79c952d233eb228d0 - - default default] Invoking get_snapshot_by_name using GET url: /api/v2/projects/default/snapshots/?Name=snapshot-25875d38-4545-466e-8cda-dd475ca47c35             request.body: {} ssl_verify: False
2026-10-08 19:43:01.152 87 WARNING py.warnings [None req-cfd193f5-662d-4061-93fc-2ce60ac6490a c91db07a11bc41bda5c62dd1a606fc4a 2579300321ac4fa79c952d233eb228d0 - - default default] /var/lib/kolla/venv/lib/python3.12/site-packages/urllib3/connectionpool.py:1110: InsecureRequestWarning: Unverified HTTPS request is being made to host '[LB_IP_ADDRESS]'. Adding certificate verification is strongly advised. See: https://urllib3.readthedocs.io/en/latest/advanced-usage.html#tls-warnings
  warnings.warn(
: NotImplementedError
2026-10-08 19:43:01.865 87 INFO cinder.volume.manager [None req-51dc82ce-6094-4c49-bb84-c08a4d547cb3 d1735b1c752e458797c4a76870e759d5 d703dff1720944a2b05bde0b29802c39 - - - -] Group tempest-GroupSnapshotsV319Test-Group-2052732320: creating
2026-10-08 19:43:01.881 87 INFO cinder.volume.manager [None req-51dc82ce-6094-4c49-bb84-c08a4d547cb3 d1735b1c752e458797c4a76870e759d5 d703dff1720944a2b05bde0b29802c39 - - - -] Group tempest-GroupSnapshotsV319Test-Group-2052732320: created successfully
2026-10-08 19:43:01.887 87 INFO cinder.volume.manager [None req-51dc82ce-6094-4c49-bb84-c08a4d547cb3 d1735b1c752e458797c4a76870e759d5 d703dff1720944a2b05bde0b29802c39 - - - -] Create group completed successfully.
2026-10-08 19:43:02.176 87 INFO cinder.volume.drivers.lightos [None req-cfd193f5-662d-4061-93fc-2ce60ac6490a c91db07a11bc41bda5c62dd1a606fc4a 2579300321ac4fa79c952d233eb228d0 - - default default] Invoking get_snapshot_by_name using GET url: /api/v2/projects/default/snapshots/?Name=snapshot-25875d38-4545-466e-8cda-dd475ca47c35             request.body: {} ssl_verify: False
2026-10-08 19:43:02.221 87 WARNING py.warnings [None req-cfd193f5-662d-4061-93fc-2ce60ac6490a c91db07a11bc41bda5c62dd1a606fc4a 2579300321ac4fa79c952d233eb228d0 - - default default] /var/lib/kolla/venv/lib/python3.12/site-packages/urllib3/connectionpool.py:1110: InsecureRequestWarning: Unverified HTTPS request is being made to host '[LB_IP_ADDRESS]'. Adding certificate verification is strongly advised. See: https://urllib3.readthedocs.io/en/latest/advanced-usage.html#tls-warnings
  warnings.warn(
: NotImplementedError
2026-10-08 19:43:02.286 87 INFO cinder.volume.manager [None req-cfd193f5-662d-4061-93fc-2ce60ac6490a c91db07a11bc41bda5c62dd1a606fc4a 2579300321ac4fa79c952d233eb228d0 - - default default] group_snapshot 4493b69d-1217-462e-b7bd-ddfaf5fd1bf8: created successfully
2026-10-08 19:43:02.965 87 INFO cinder.volume.flows.manager.create_volume [None req-668332d2-2bcc-41db-870f-52b3aff68ba5 c9c3a215d85441a5975fec8eb0c6330b 99b973372f224e488e3ac1d1fb56d7d9 - - - -] Volume 890b21ce-a123-4822-bee3-cb4407605abb: being created as raw with specification: {'status': 'creating', 'volume_name': 'vol_890b21ce-a123-4822-bee3-cb4407605abb', 'volume_size': 1}
2026-10-08 19:43:02.965 87 INFO cinder.volume.drivers.lightos [None req-668332d2-2bcc-41db-870f-52b3aff68ba5 c9c3a215d85441a5975fec8eb0c6330b 99b973372f224e488e3ac1d1fb56d7d9 - - - -] Invoking get_volume_by_name using GET url: /api/v2/projects/default/volumes/?name=vol_890b21ce-a123-4822-bee3-cb4407605abb             request.body: {} ssl_verify: False
2026-10-08 19:43:03.001 87 WARNING py.warnings [None req-668332d2-2bcc-41db-870f-52b3aff68ba5 c9c3a215d85441a5975fec8eb0c6330b 99b973372f224e488e3ac1d1fb56d7d9 - - - -] /var/lib/kolla/venv/lib/python3.12/site-packages/urllib3/connectionpool.py:1110: InsecureRequestWarning: Unverified HTTPS request is being made to host '[LB_IP_ADDRESS]'. Adding certificate verification is strongly advised. See: https://urllib3.readthedocs.io/en/latest/advanced-usage.html#tls-warnings
  warnings.warn(

2026-10-08 19:43:03.012 87 INFO cinder.volume.drivers.lightos [None req-668332d2-2bcc-41db-870f-52b3aff68ba5 c9c3a215d85441a5975fec8eb0c6330b 99b973372f224e488e3ac1d1fb56d7d9 - - - -] Invoking create_volume using POST url: /api/v2/projects/default/volumes             request.body: {'name': 'vol_890b21ce-a123-4822-bee3-cb4407605abb', 'size': '1 gib', 'replicaCount': '3', 'compression': 'False', 'acl': {'values': ['ALLOW_NONE']}, 'IPAcl': {'values': ['ALLOW_NONE']}, 'sourceSnapshotUUID': None, 'sourceSnapshotName': None} ssl_verify: False
2026-10-08 19:43:03.056 87 WARNING py.warnings [None req-668332d2-2bcc-41db-870f-52b3aff68ba5 c9c3a215d85441a5975fec8eb0c6330b 99b973372f224e488e3ac1d1fb56d7d9 - - - -] /var/lib/kolla/venv/lib/python3.12/site-packages/urllib3/connectionpool.py:1110: InsecureRequestWarning: Unverified HTTPS request is being made to host '[LB_IP_ADDRESS]'. Adding certificate verification is strongly advised. See: https://urllib3.readthedocs.io/en/latest/advanced-usage.html#tls-warnings
  warnings.warn(

2026-10-08 19:43:03.113 87 INFO cinder.volume.drivers.lightos [None req-668332d2-2bcc-41db-870f-52b3aff68ba5 c9c3a215d85441a5975fec8eb0c6330b 99b973372f224e488e3ac1d1fb56d7d9 - - - -] Invoking get_volume using GET url: /api/v2/projects/default/volumes/afbbffd7-b4af-4bb2-ab64-f70a5111bb3d             request.body: {} ssl_verify: False
2026-10-08 19:43:03.154 87 WARNING py.warnings [None req-668332d2-2bcc-41db-870f-52b3aff68ba5 c9c3a215d85441a5975fec8eb0c6330b 99b973372f224e488e3ac1d1fb56d7d9 - - - -] /var/lib/kolla/venv/lib/python3.12/site-packages/urllib3/connectionpool.py:1110: InsecureRequestWarning: Unverified HTTPS request is being made to host '[LB_IP_ADDRESS]'. Adding certificate verification is strongly advised. See: https://urllib3.readthedocs.io/en/latest/advanced-usage.html#tls-warnings
  warnings.warn(

2026-10-08 19:43:03.206 87 INFO cinder.volume.flows.manager.create_volume [None req-668332d2-2bcc-41db-870f-52b3aff68ba5 c9c3a215d85441a5975fec8eb0c6330b 99b973372f224e488e3ac1d1fb56d7d9 - - - -] Volume vol_890b21ce-a123-4822-bee3-cb4407605abb (890b21ce-a123-4822-bee3-cb4407605abb): created successfully
2026-10-08 19:43:03.213 87 INFO cinder.volume.manager [None req-668332d2-2bcc-41db-870f-52b3aff68ba5 c9c3a215d85441a5975fec8eb0c6330b 99b973372f224e488e3ac1d1fb56d7d9 - - - -] Created volume successfully.
2026-10-08 19:43:03.449 87 INFO cinder.volume.flows.manager.create_volume [None req-573d9cad-4a4a-4954-b682-62a033f2887c d1735b1c752e458797c4a76870e759d5 d703dff1720944a2b05bde0b29802c39 - - - -] Volume 41006b37-7c94-4a2e-b43a-5092738a0708: being created as raw with specification: {'status': 'creating', 'volume_name': 'vol_41006b37-7c94-4a2e-b43a-5092738a0708', 'volume_size': 1}
2026-10-08 19:43:03.449 87 INFO cinder.volume.drivers.lightos [None req-573d9cad-4a4a-4954-b682-62a033f2887c d1735b1c752e458797c4a76870e759d5 d703dff1720944a2b05bde0b29802c39 - - - -] Invoking get_volume_by_name using GET url: /api/v2/projects/default/volumes/?name=vol_41006b37-7c94-4a2e-b43a-5092738a0708             request.body: {} ssl_verify: False
2026-10-08 19:43:03.484 87 WARNING py.warnings [None req-573d9cad-4a4a-4954-b682-62a033f2887c d1735b1c752e458797c4a76870e759d5 d703dff1720944a2b05bde0b29802c39 - - - -] /var/lib/kolla/venv/lib/python3.12/site-packages/urllib3/connectionpool.py:1110: InsecureRequestWarning: Unverified HTTPS request is being made to host '[LB_IP_ADDRESS]'. Adding certificate verification is strongly advised. See: https://urllib3.readthedocs.io/en/latest/advanced-usage.html#tls-warnings
  warnings.warn(

2026-10-08 19:43:03.493 87 INFO cinder.volume.drivers.lightos [None req-573d9cad-4a4a-4954-b682-62a033f2887c d1735b1c752e458797c4a76870e759d5 d703dff1720944a2b05bde0b29802c39 - - - -] Invoking create_volume using POST url: /api/v2/projects/default/volumes             request.body: {'name': 'vol_41006b37-7c94-4a2e-b43a-5092738a0708', 'size': '1 gib', 'replicaCount': '3', 'compression': 'False', 'acl': {'values': ['ALLOW_NONE']}, 'IPAcl': {'values': ['ALLOW_NONE']}, 'sourceSnapshotUUID': None, 'sourceSnapshotName': None} ssl_verify: False
2026-10-08 19:43:03.534 87 WARNING py.warnings [None req-573d9cad-4a4a-4954-b682-62a033f2887c d1735b1c752e458797c4a76870e759d5 d703dff1720944a2b05bde0b29802c39 - - - -] /var/lib/kolla/venv/lib/python3.12/site-packages/urllib3/connectionpool.py:1110: InsecureRequestWarning: Unverified HTTPS request is being made to host '[LB_IP_ADDRESS]'. Adding certificate verification is strongly advised. See: https://urllib3.readthedocs.io/en/latest/advanced-usage.html#tls-warnings
  warnings.warn(

2026-10-08 19:43:03.559 87 INFO cinder.volume.drivers.lightos [None req-573d9cad-4a4a-4954-b682-62a033f2887c d1735b1c752e458797c4a76870e759d5 d703dff1720944a2b05bde0b29802c39 - - - -] Invoking get_volume using GET url: /api/v2/projects/default/volumes/601ffb01-521a-441a-b6fb-536af783ce49             request.body: {} ssl_verify: False
2026-10-08 19:43:03.608 87 WARNING py.warnings [None req-573d9cad-4a4a-4954-b682-62a033f2887c d1735b1c752e458797c4a76870e759d5 d703dff1720944a2b05bde0b29802c39 - - - -] /var/lib/kolla/venv/lib/python3.12/site-packages/urllib3/connectionpool.py:1110: InsecureRequestWarning: Unverified HTTPS request is being made to host '[LB_IP_ADDRESS]'. Adding certificate verification is strongly advised. See: https://urllib3.readthedocs.io/en/latest/advanced-usage.html#tls-warnings
  warnings.warn(

2026-10-08 19:43:03.646 87 INFO cinder.volume.flows.manager.create_volume [None req-573d9cad-4a4a-4954-b682-62a033f2887c d1735b1c752e458797c4a76870e759d5 d703dff1720944a2b05bde0b29802c39 - - - -] Volume vol_41006b37-7c94-4a2e-b43a-5092738a0708 (41006b37-7c94-4a2e-b43a-5092738a0708): created successfully
2026-10-08 19:43:03.655 87 INFO cinder.volume.manager [None req-573d9cad-4a4a-4954-b682-62a033f2887c d1735b1c752e458797c4a76870e759d5 d703dff1720944a2b05bde0b29802c39 - - - -] Created volume successfully.
2026-10-08 19:43:04.075 87 INFO cinder.volume.drivers.lightos [None req-ab9519b0-5dc6-426f-9cf9-575b50dbf7b3 c91db07a11bc41bda5c62dd1a606fc4a 2579300321ac4fa79c952d233eb228d0 - - default default] Invoking get_volume_by_name using GET url: /api/v2/projects/default/volumes/?name=vol_fc3f5ea1-0c9d-4c7a-86db-e0da4b8672b6             request.body: {} ssl_verify: False
2026-10-08 19:43:04.115 87 WARNING py.warnings [None req-ab9519b0-5dc6-426f-9cf9-575b50dbf7b3 c91db07a11bc41bda5c62dd1a606fc4a 2579300321ac4fa79c952d233eb228d0 - - default default] /var/lib/kolla/venv/lib/python3.12/site-packages/urllib3/connectionpool.py:1110: InsecureRequestWarning: Unverified HTTPS request is being made to host '[LB_IP_ADDRESS]'. Adding certificate verification is strongly advised. See: https://urllib3.readthedocs.io/en/latest/advanced-usage.html#tls-warnings
  warnings.warn(
: NotImplementedError
2026-10-08 19:43:04.122 87 INFO cinder.volume.drivers.lightos [None req-ab9519b0-5dc6-426f-9cf9-575b50dbf7b3 c91db07a11bc41bda5c62dd1a606fc4a 2579300321ac4fa79c952d233eb228d0 - - default default] Invoking create_volume using POST url: /api/v2/projects/default/volumes             request.body: {'name': 'vol_fc3f5ea1-0c9d-4c7a-86db-e0da4b8672b6', 'size': '1 gib', 'replicaCount': '3', 'compression': 'False', 'acl': {'values': ['ALLOW_NONE']}, 'IPAcl': {'values': ['ALLOW_NONE']}, 'sourceSnapshotUUID': None, 'sourceSnapshotName': 'snapshot-25875d38-4545-466e-8cda-dd475ca47c35'} ssl_verify: False
2026-10-08 19:43:04.158 87 WARNING py.warnings [None req-ab9519b0-5dc6-426f-9cf9-575b50dbf7b3 c91db07a11bc41bda5c62dd1a606fc4a 2579300321ac4fa79c952d233eb228d0 - - default default] /var/lib/kolla/venv/lib/python3.12/site-packages/urllib3/connectionpool.py:1110: InsecureRequestWarning: Unverified HTTPS request is being made to host '[LB_IP_ADDRESS]'. Adding certificate verification is strongly advised. See: https://urllib3.readthedocs.io/en/latest/advanced-usage.html#tls-warnings
  warnings.warn(
: NotImplementedError
2026-10-08 19:43:04.180 87 INFO cinder.volume.drivers.lightos [None req-ab9519b0-5dc6-426f-9cf9-575b50dbf7b3 c91db07a11bc41bda5c62dd1a606fc4a 2579300321ac4fa79c952d233eb228d0 - - default default] Invoking get_volume using GET url: /api/v2/projects/default/volumes/2cf10aa7-5612-40f1-88fa-0f962173d318             request.body: {} ssl_verify: False
2026-10-08 19:43:04.224 87 WARNING py.warnings [None req-ab9519b0-5dc6-426f-9cf9-575b50dbf7b3 c91db07a11bc41bda5c62dd1a606fc4a 2579300321ac4fa79c952d233eb228d0 - - default default] /var/lib/kolla/venv/lib/python3.12/site-packages/urllib3/connectionpool.py:1110: InsecureRequestWarning: Unverified HTTPS request is being made to host '[LB_IP_ADDRESS]'. Adding certificate verification is strongly advised. See: https://urllib3.readthedocs.io/en/latest/advanced-usage.html#tls-warnings
  warnings.warn(
: NotImplementedError
2026-10-08 19:43:04.292 87 INFO cinder.volume.manager [None req-ab9519b0-5dc6-426f-9cf9-575b50dbf7b3 c91db07a11bc41bda5c62dd1a606fc4a 2579300321ac4fa79c952d233eb228d0 - - default default] Create group from source-snapshot-4493b69d-1217-462e-b7bd-ddfaf5fd1bf8 completed successfully.
2026-10-08 19:43:04.552 87 INFO cinder.volume.flows.manager.create_volume [None req-94951a60-50a7-4335-817e-be5bc984acfe c9c3a215d85441a5975fec8eb0c6330b 99b973372f224e488e3ac1d1fb56d7d9 - - - -] Volume d0e51c34-ec0b-402a-8f9c-6dd6a34dd02d: being created as raw with specification: {'status': 'creating', 'volume_name': 'vol_d0e51c34-ec0b-402a-8f9c-6dd6a34dd02d', 'volume_size': 1}
2026-10-08 19:43:04.553 87 INFO cinder.volume.drivers.lightos [None req-94951a60-50a7-4335-817e-be5bc984acfe c9c3a215d85441a5975fec8eb0c6330b 99b973372f224e488e3ac1d1fb56d7d9 - - - -] Invoking get_volume_by_name using GET url: /api/v2/projects/default/volumes/?name=vol_d0e51c34-ec0b-402a-8f9c-6dd6a34dd02d             request.body: {} ssl_verify: False
2026-10-08 19:43:04.589 87 WARNING py.warnings [None req-94951a60-50a7-4335-817e-be5bc984acfe c9c3a215d85441a5975fec8eb0c6330b 99b973372f224e488e3ac1d1fb56d7d9 - - - -] /var/lib/kolla/venv/lib/python3.12/site-packages/urllib3/connectionpool.py:1110: InsecureRequestWarning: Unverified HTTPS request is being made to host '[LB_IP_ADDRESS]'. Adding certificate verification is strongly advised. See: https://urllib3.readthedocs.io/en/latest/advanced-usage.html#tls-warnings
  warnings.warn(

2026-10-08 19:43:04.600 87 INFO cinder.volume.drivers.lightos [None req-94951a60-50a7-4335-817e-be5bc984acfe c9c3a215d85441a5975fec8eb0c6330b 99b973372f224e488e3ac1d1fb56d7d9 - - - -] Invoking create_volume using POST url: /api/v2/projects/default/volumes             request.body: {'name': 'vol_d0e51c34-ec0b-402a-8f9c-6dd6a34dd02d', 'size': '1 gib', 'replicaCount': '3', 'compression': 'False', 'acl': {'values': ['ALLOW_NONE']}, 'IPAcl': {'values': ['ALLOW_NONE']}, 'sourceSnapshotUUID': None, 'sourceSnapshotName': None} ssl_verify: False
2026-10-08 19:43:04.644 87 WARNING py.warnings [None req-94951a60-50a7-4335-817e-be5bc984acfe c9c3a215d85441a5975fec8eb0c6330b 99b973372f224e488e3ac1d1fb56d7d9 - - - -] /var/lib/kolla/venv/lib/python3.12/site-packages/urllib3/connectionpool.py:1110: InsecureRequestWarning: Unverified HTTPS request is being made to host '[LB_IP_ADDRESS]'. Adding certificate verification is strongly advised. See: https://urllib3.readthedocs.io/en/latest/advanced-usage.html#tls-warnings
  warnings.warn(

2026-10-08 19:43:04.676 87 INFO cinder.volume.drivers.lightos [None req-94951a60-50a7-4335-817e-be5bc984acfe c9c3a215d85441a5975fec8eb0c6330b 99b973372f224e488e3ac1d1fb56d7d9 - - - -] Invoking get_volume using GET url: /api/v2/projects/default/volumes/65b53415-fa0a-42f4-922e-04c00bad8144             request.body: {} ssl_verify: False
2026-10-08 19:43:04.716 87 INFO cinder.volume.manager [None req-107a2a44-1133-4c1b-b318-c8a5698477eb d1735b1c752e458797c4a76870e759d5 d703dff1720944a2b05bde0b29802c39 - - default default] GroupSnapshot 5ef9b220-44f6-4693-ab52-93b01c2b6b12: creating.
2026-10-08 19:43:04.734 87 WARNING py.warnings [None req-94951a60-50a7-4335-817e-be5bc984acfe c9c3a215d85441a5975fec8eb0c6330b 99b973372f224e488e3ac1d1fb56d7d9 - - - -] /var/lib/kolla/venv/lib/python3.12/site-packages/urllib3/connectionpool.py:1110: InsecureRequestWarning: Unverified HTTPS request is being made to host '[LB_IP_ADDRESS]'. Adding certificate verification is strongly advised. See: https://urllib3.readthedocs.io/en/latest/advanced-usage.html#tls-warnings
  warnings.warn(

2026-10-08 19:43:04.744 87 INFO cinder.volume.drivers.lightos [None req-107a2a44-1133-4c1b-b318-c8a5698477eb d1735b1c752e458797c4a76870e759d5 d703dff1720944a2b05bde0b29802c39 - - default default] Invoking get_snapshot_by_name using GET url: /api/v2/projects/default/snapshots/?Name=snapshot-85a02650-e1a5-418a-b59c-78c963e408af             request.body: {} ssl_verify: False
2026-10-08 19:43:04.777 87 WARNING py.warnings [None req-107a2a44-1133-4c1b-b318-c8a5698477eb d1735b1c752e458797c4a76870e759d5 d703dff1720944a2b05bde0b29802c39 - - default default] /var/lib/kolla/venv/lib/python3.12/site-packages/urllib3/connectionpool.py:1110: InsecureRequestWarning: Unverified HTTPS request is being made to host '[LB_IP_ADDRESS]'. Adding certificate verification is strongly advised. See: https://urllib3.readthedocs.io/en/latest/advanced-usage.html#tls-warnings
  warnings.warn(
: NotImplementedError
2026-10-08 19:43:04.784 87 INFO cinder.volume.drivers.lightos [None req-107a2a44-1133-4c1b-b318-c8a5698477eb d1735b1c752e458797c4a76870e759d5 d703dff1720944a2b05bde0b29802c39 - - default default] Invoking create_snapshot using POST url: /api/v2/projects/default/snapshots             request.body: {'name': 'snapshot-85a02650-e1a5-418a-b59c-78c963e408af', 'sourceVolumeUUID': None, 'sourceVolumeName': 'vol_41006b37-7c94-4a2e-b43a-5092738a0708'} ssl_verify: False
2026-10-08 19:43:04.814 87 INFO cinder.volume.flows.manager.create_volume [None req-94951a60-50a7-4335-817e-be5bc984acfe c9c3a215d85441a5975fec8eb0c6330b 99b973372f224e488e3ac1d1fb56d7d9 - - - -] Volume vol_d0e51c34-ec0b-402a-8f9c-6dd6a34dd02d (d0e51c34-ec0b-402a-8f9c-6dd6a34dd02d): created successfully
2026-10-08 19:43:04.818 87 WARNING py.warnings [None req-107a2a44-1133-4c1b-b318-c8a5698477eb d1735b1c752e458797c4a76870e759d5 d703dff1720944a2b05bde0b29802c39 - - default default] /var/lib/kolla/venv/lib/python3.12/site-packages/urllib3/connectionpool.py:1110: InsecureRequestWarning: Unverified HTTPS request is being made to host '[LB_IP_ADDRESS]'. Adding certificate verification is strongly advised. See: https://urllib3.readthedocs.io/en/latest/advanced-usage.html#tls-warnings
  warnings.warn(
: NotImplementedError
2026-10-08 19:43:04.822 87 INFO cinder.volume.manager [None req-94951a60-50a7-4335-817e-be5bc984acfe c9c3a215d85441a5975fec8eb0c6330b 99b973372f224e488e3ac1d1fb56d7d9 - - - -] Created volume successfully.
2026-10-08 19:43:04.846 87 INFO cinder.volume.drivers.lightos [None req-107a2a44-1133-4c1b-b318-c8a5698477eb d1735b1c752e458797c4a76870e759d5 d703dff1720944a2b05bde0b29802c39 - - default default] Invoking get_snapshot_by_name using GET url: /api/v2/projects/default/snapshots/?Name=snapshot-85a02650-e1a5-418a-b59c-78c963e408af             request.body: {} ssl_verify: False
2026-10-08 19:43:04.905 87 WARNING py.warnings [None req-107a2a44-1133-4c1b-b318-c8a5698477eb d1735b1c752e458797c4a76870e759d5 d703dff1720944a2b05bde0b29802c39 - - default default] /var/lib/kolla/venv/lib/python3.12/site-packages/urllib3/connectionpool.py:1110: InsecureRequestWarning: Unverified HTTPS request is being made to host '[LB_IP_ADDRESS]'. Adding certificate verification is strongly advised. See: https://urllib3.readthedocs.io/en/latest/advanced-usage.html#tls-warnings
  warnings.warn(
: NotImplementedError
2026-10-08 19:43:05.514 87 INFO cinder.volume.drivers.lightos [None req-ff5157a6-4416-40ea-b9f1-97b46aca61ab c91db07a11bc41bda5c62dd1a606fc4a 2579300321ac4fa79c952d233eb228d0 - - default default] Invoking delete_volume using DELETE url: /api/v2/projects/default/volumes/2cf10aa7-5612-40f1-88fa-0f962173d318?             request.body:  ssl_verify: False
2026-10-08 19:43:05.552 87 WARNING py.warnings [None req-ff5157a6-4416-40ea-b9f1-97b46aca61ab c91db07a11bc41bda5c62dd1a606fc4a 2579300321ac4fa79c952d233eb228d0 - - default default] /var/lib/kolla/venv/lib/python3.12/site-packages/urllib3/connectionpool.py:1110: InsecureRequestWarning: Unverified HTTPS request is being made to host '[LB_IP_ADDRESS]'. Adding certificate verification is strongly advised. See: https://urllib3.readthedocs.io/en/latest/advanced-usage.html#tls-warnings
  warnings.warn(
: NotImplementedError
2026-10-08 19:43:05.598 87 INFO cinder.volume.drivers.lightos [None req-ff5157a6-4416-40ea-b9f1-97b46aca61ab c91db07a11bc41bda5c62dd1a606fc4a 2579300321ac4fa79c952d233eb228d0 - - default default] Invoking get_volume using GET url: /api/v2/projects/default/volumes/2cf10aa7-5612-40f1-88fa-0f962173d318             request.body: {} ssl_verify: False
2026-10-08 19:43:05.646 87 WARNING py.warnings [None req-ff5157a6-4416-40ea-b9f1-97b46aca61ab c91db07a11bc41bda5c62dd1a606fc4a 2579300321ac4fa79c952d233eb228d0 - - default default] /var/lib/kolla/venv/lib/python3.12/site-packages/urllib3/connectionpool.py:1110: InsecureRequestWarning: Unverified HTTPS request is being made to host '[LB_IP_ADDRESS]'. Adding certificate verification is strongly advised. See: https://urllib3.readthedocs.io/en/latest/advanced-usage.html#tls-warnings
  warnings.warn(
: NotImplementedError
2026-10-08 19:43:05.800 87 WARNING cinder.quota [None req-ff5157a6-4416-40ea-b9f1-97b46aca61ab c91db07a11bc41bda5c62dd1a606fc4a 2579300321ac4fa79c952d233eb228d0 - - default default] Deprecated: Default quota for resource: volumes_tempest-GroupSnapshotsTest-volume-type-1206506274 is set by the default quota flag: quota_volumes_tempest-GroupSnapshotsTest-volume-type-1206506274, it is now deprecated. Please use the default quota class for default quota.
2026-10-08 19:43:05.800 87 WARNING cinder.quota [None req-ff5157a6-4416-40ea-b9f1-97b46aca61ab c91db07a11bc41bda5c62dd1a606fc4a 2579300321ac4fa79c952d233eb228d0 - - default default] Deprecated: Default quota for resource: gigabytes_tempest-GroupSnapshotsTest-volume-type-1206506274 is set by the default quota flag: quota_gigabytes_tempest-GroupSnapshotsTest-volume-type-1206506274, it is now deprecated. Please use the default quota class for default quota.
2026-10-08 19:43:05.873 87 INFO cinder.volume.manager [None req-ff5157a6-4416-40ea-b9f1-97b46aca61ab c91db07a11bc41bda5c62dd1a606fc4a 2579300321ac4fa79c952d233eb228d0 - - default default] Delete group completed successfully.
2026-10-08 19:43:05.968 87 INFO cinder.volume.drivers.lightos [None req-107a2a44-1133-4c1b-b318-c8a5698477eb d1735b1c752e458797c4a76870e759d5 d703dff1720944a2b05bde0b29802c39 - - default default] Invoking get_snapshot_by_name using GET url: /api/v2/projects/default/snapshots/?Name=snapshot-85a02650-e1a5-418a-b59c-78c963e408af             request.body: {} ssl_verify: False
2026-10-08 19:43:06.015 87 WARNING py.warnings [None req-107a2a44-1133-4c1b-b318-c8a5698477eb d1735b1c752e458797c4a76870e759d5 d703dff1720944a2b05bde0b29802c39 - - default default] /var/lib/kolla/venv/lib/python3.12/site-packages/urllib3/connectionpool.py:1110: InsecureRequestWarning: Unverified HTTPS request is being made to host '[LB_IP_ADDRESS]'. Adding certificate verification is strongly advised. See: https://urllib3.readthedocs.io/en/latest/advanced-usage.html#tls-warnings
  warnings.warn(
: NotImplementedError
2026-10-08 19:43:06.062 87 INFO cinder.volume.manager [None req-107a2a44-1133-4c1b-b318-c8a5698477eb d1735b1c752e458797c4a76870e759d5 d703dff1720944a2b05bde0b29802c39 - - default default] group_snapshot 5ef9b220-44f6-4693-ab52-93b01c2b6b12: created successfully
2026-10-08 19:43:06.189 87 INFO cinder.volume.flows.manager.create_volume [None req-eba46126-8692-44d5-bc7d-ce40fb492027 c9c3a215d85441a5975fec8eb0c6330b 99b973372f224e488e3ac1d1fb56d7d9 - - - -] Volume acf21159-1a2c-4e7b-ae72-a02a41554b27: being created as raw with specification: {'status': 'creating', 'volume_name': 'vol_acf21159-1a2c-4e7b-ae72-a02a41554b27', 'volume_size': 1}
2026-10-08 19:43:06.189 87 INFO cinder.volume.drivers.lightos [None req-eba46126-8692-44d5-bc7d-ce40fb492027 c9c3a215d85441a5975fec8eb0c6330b 99b973372f224e488e3ac1d1fb56d7d9 - - - -] Invoking get_volume_by_name using GET url: /api/v2/projects/default/volumes/?name=vol_acf21159-1a2c-4e7b-ae72-a02a41554b27             request.body: {} ssl_verify: False
2026-10-08 19:43:06.225 87 WARNING py.warnings [None req-eba46126-8692-44d5-bc7d-ce40fb492027 c9c3a215d85441a5975fec8eb0c6330b 99b973372f224e488e3ac1d1fb56d7d9 - - - -] /var/lib/kolla/venv/lib/python3.12/site-packages/urllib3/connectionpool.py:1110: InsecureRequestWarning: Unverified HTTPS request is being made to host '[LB_IP_ADDRESS]'. Adding certificate verification is strongly advised. See: https://urllib3.readthedocs.io/en/latest/advanced-usage.html#tls-warnings
  warnings.warn(

2026-10-08 19:43:06.237 87 INFO cinder.volume.drivers.lightos [None req-eba46126-8692-44d5-bc7d-ce40fb492027 c9c3a215d85441a5975fec8eb0c6330b 99b973372f224e488e3ac1d1fb56d7d9 - - - -] Invoking create_volume using POST url: /api/v2/projects/default/volumes             request.body: {'name': 'vol_acf21159-1a2c-4e7b-ae72-a02a41554b27', 'size': '1 gib', 'replicaCount': '3', 'compression': 'False', 'acl': {'values': ['ALLOW_NONE']}, 'IPAcl': {'values': ['ALLOW_NONE']}, 'sourceSnapshotUUID': None, 'sourceSnapshotName': None} ssl_verify: False
2026-10-08 19:43:06.283 87 WARNING py.warnings [None req-eba46126-8692-44d5-bc7d-ce40fb492027 c9c3a215d85441a5975fec8eb0c6330b 99b973372f224e488e3ac1d1fb56d7d9 - - - -] /var/lib/kolla/venv/lib/python3.12/site-packages/urllib3/connectionpool.py:1110: InsecureRequestWarning: Unverified HTTPS request is being made to host '[LB_IP_ADDRESS]'. Adding certificate verification is strongly advised. See: https://urllib3.readthedocs.io/en/latest/advanced-usage.html#tls-warnings
  warnings.warn(

2026-10-08 19:43:06.316 87 INFO cinder.volume.drivers.lightos [None req-eba46126-8692-44d5-bc7d-ce40fb492027 c9c3a215d85441a5975fec8eb0c6330b 99b973372f224e488e3ac1d1fb56d7d9 - - - -] Invoking get_volume using GET url: /api/v2/projects/default/volumes/e15ae3f5-8bb4-4c1c-bf9d-8852350df684             request.body: {} ssl_verify: False
2026-10-08 19:43:06.382 87 WARNING py.warnings [None req-eba46126-8692-44d5-bc7d-ce40fb492027 c9c3a215d85441a5975fec8eb0c6330b 99b973372f224e488e3ac1d1fb56d7d9 - - - -] /var/lib/kolla/venv/lib/python3.12/site-packages/urllib3/connectionpool.py:1110: InsecureRequestWarning: Unverified HTTPS request is being made to host '[LB_IP_ADDRESS]'. Adding certificate verification is strongly advised. See: https://urllib3.readthedocs.io/en/latest/advanced-usage.html#tls-warnings
  warnings.warn(

2026-10-08 19:43:06.420 87 INFO cinder.volume.flows.manager.create_volume [None req-eba46126-8692-44d5-bc7d-ce40fb492027 c9c3a215d85441a5975fec8eb0c6330b 99b973372f224e488e3ac1d1fb56d7d9 - - - -] Volume vol_acf21159-1a2c-4e7b-ae72-a02a41554b27 (acf21159-1a2c-4e7b-ae72-a02a41554b27): created successfully
2026-10-08 19:43:06.430 87 INFO cinder.volume.manager [None req-eba46126-8692-44d5-bc7d-ce40fb492027 c9c3a215d85441a5975fec8eb0c6330b 99b973372f224e488e3ac1d1fb56d7d9 - - - -] Created volume successfully.
2026-10-08 19:43:06.672 87 INFO cinder.volume.manager [None req-c67a6c28-5b5d-48d7-80d5-ffb3924c7fcc c91db07a11bc41bda5c62dd1a606fc4a 2579300321ac4fa79c952d233eb228d0 - - default default] group_snapshot 4493b69d-1217-462e-b7bd-ddfaf5fd1bf8: deleting
2026-10-08 19:43:06.704 87 INFO cinder.volume.drivers.lightos [None req-c67a6c28-5b5d-48d7-80d5-ffb3924c7fcc c91db07a11bc41bda5c62dd1a606fc4a 2579300321ac4fa79c952d233eb228d0 - - default default] Invoking get_snapshot_by_name using GET url: /api/v2/projects/default/snapshots/?Name=snapshot-25875d38-4545-466e-8cda-dd475ca47c35             request.body: {} ssl_verify: False
2026-10-08 19:43:06.742 87 WARNING py.warnings [None req-c67a6c28-5b5d-48d7-80d5-ffb3924c7fcc c91db07a11bc41bda5c62dd1a606fc4a 2579300321ac4fa79c952d233eb228d0 - - default default] /var/lib/kolla/venv/lib/python3.12/site-packages/urllib3/connectionpool.py:1110: InsecureRequestWarning: Unverified HTTPS request is being made to host '[LB_IP_ADDRESS]'. Adding certificate verification is strongly advised. See: https://urllib3.readthedocs.io/en/latest/advanced-usage.html#tls-warnings
  warnings.warn(
: NotImplementedError
2026-10-08 19:43:06.756 87 INFO cinder.volume.drivers.lightos [None req-c67a6c28-5b5d-48d7-80d5-ffb3924c7fcc c91db07a11bc41bda5c62dd1a606fc4a 2579300321ac4fa79c952d233eb228d0 - - default default] Invoking delete_snapshot using DELETE url: /api/v2/projects/default/snapshots/3021b246-f1f2-49cf-a3b6-ad7c26e0b729?             request.body:  ssl_verify: False
2026-10-08 19:43:06.801 87 WARNING py.warnings [None req-c67a6c28-5b5d-48d7-80d5-ffb3924c7fcc c91db07a11bc41bda5c62dd1a606fc4a 2579300321ac4fa79c952d233eb228d0 - - default default] /var/lib/kolla/venv/lib/python3.12/site-packages/urllib3/connectionpool.py:1110: InsecureRequestWarning: Unverified HTTPS request is being made to host '[LB_IP_ADDRESS]'. Adding certificate verification is strongly advised. See: https://urllib3.readthedocs.io/en/latest/advanced-usage.html#tls-warnings
  warnings.warn(
: NotImplementedError
2026-10-08 19:43:06.836 87 INFO cinder.volume.drivers.lightos [None req-c67a6c28-5b5d-48d7-80d5-ffb3924c7fcc c91db07a11bc41bda5c62dd1a606fc4a 2579300321ac4fa79c952d233eb228d0 - - default default] Invoking get_snapshot using GET url: /api/v2/projects/default/snapshots/3021b246-f1f2-49cf-a3b6-ad7c26e0b729             request.body: {} ssl_verify: False
2026-10-08 19:43:06.880 87 WARNING py.warnings [None req-c67a6c28-5b5d-48d7-80d5-ffb3924c7fcc c91db07a11bc41bda5c62dd1a606fc4a 2579300321ac4fa79c952d233eb228d0 - - default default] /var/lib/kolla/venv/lib/python3.12/site-packages/urllib3/connectionpool.py:1110: InsecureRequestWarning: Unverified HTTPS request is being made to host '[LB_IP_ADDRESS]'. Adding certificate verification is strongly advised. See: https://urllib3.readthedocs.io/en/latest/advanced-usage.html#tls-warnings
  warnings.warn(
: NotImplementedError
2026-10-08 19:43:07.000 87 WARNING cinder.quota [None req-c67a6c28-5b5d-48d7-80d5-ffb3924c7fcc c91db07a11bc41bda5c62dd1a606fc4a 2579300321ac4fa79c952d233eb228d0 - - default default] Deprecated: Default quota for resource: snapshots_tempest-GroupSnapshotsTest-volume-type-1206506274 is set by the default quota flag: quota_snapshots_tempest-GroupSnapshotsTest-volume-type-1206506274, it is now deprecated. Please use the default quota class for default quota.
2026-10-08 19:43:07.047 87 INFO cinder.volume.manager [None req-c67a6c28-5b5d-48d7-80d5-ffb3924c7fcc c91db07a11bc41bda5c62dd1a606fc4a 2579300321ac4fa79c952d233eb228d0 - - default default] group_snapshot 4493b69d-1217-462e-b7bd-ddfaf5fd1bf8: deleted successfully
2026-10-08 19:43:07.199 87 INFO cinder.volume.manager [None req-487de8e0-3ca0-42d1-ae8c-3e582b734657 d1735b1c752e458797c4a76870e759d5 d703dff1720944a2b05bde0b29802c39 - - default default] group_snapshot 5ef9b220-44f6-4693-ab52-93b01c2b6b12: deleting
2026-10-08 19:43:07.239 87 INFO cinder.volume.drivers.lightos [None req-487de8e0-3ca0-42d1-ae8c-3e582b734657 d1735b1c752e458797c4a76870e759d5 d703dff1720944a2b05bde0b29802c39 - - default default] Invoking get_snapshot_by_name using GET url: /api/v2/projects/default/snapshots/?Name=snapshot-85a02650-e1a5-418a-b59c-78c963e408af             request.body: {} ssl_verify: False
2026-10-08 19:43:07.280 87 WARNING py.warnings [None req-487de8e0-3ca0-42d1-ae8c-3e582b734657 d1735b1c752e458797c4a76870e759d5 d703dff1720944a2b05bde0b29802c39 - - default default] /var/lib/kolla/venv/lib/python3.12/site-packages/urllib3/connectionpool.py:1110: InsecureRequestWarning: Unverified HTTPS request is being made to host '[LB_IP_ADDRESS]'. Adding certificate verification is strongly advised. See: https://urllib3.readthedocs.io/en/latest/advanced-usage.html#tls-warnings
  warnings.warn(
: NotImplementedError
2026-10-08 19:43:07.295 87 INFO cinder.volume.drivers.lightos [None req-487de8e0-3ca0-42d1-ae8c-3e582b734657 d1735b1c752e458797c4a76870e759d5 d703dff1720944a2b05bde0b29802c39 - - default default] Invoking delete_snapshot using DELETE url: /api/v2/projects/default/snapshots/2936a77b-0558-4969-ad02-da665e12f326?             request.body:  ssl_verify: False
2026-10-08 19:43:07.342 87 WARNING py.warnings [None req-487de8e0-3ca0-42d1-ae8c-3e582b734657 d1735b1c752e458797c4a76870e759d5 d703dff1720944a2b05bde0b29802c39 - - default default] /var/lib/kolla/venv/lib/python3.12/site-packages/urllib3/connectionpool.py:1110: InsecureRequestWarning: Unverified HTTPS request is being made to host '[LB_IP_ADDRESS]'. Adding certificate verification is strongly advised. See: https://urllib3.readthedocs.io/en/latest/advanced-usage.html#tls-warnings
  warnings.warn(
: NotImplementedError
2026-10-08 19:43:07.374 87 INFO cinder.volume.drivers.lightos [None req-487de8e0-3ca0-42d1-ae8c-3e582b734657 d1735b1c752e458797c4a76870e759d5 d703dff1720944a2b05bde0b29802c39 - - default default] Invoking get_snapshot using GET url: /api/v2/projects/default/snapshots/2936a77b-0558-4969-ad02-da665e12f326             request.body: {} ssl_verify: False
2026-10-08 19:43:07.422 87 WARNING py.warnings [None req-487de8e0-3ca0-42d1-ae8c-3e582b734657 d1735b1c752e458797c4a76870e759d5 d703dff1720944a2b05bde0b29802c39 - - default default] /var/lib/kolla/venv/lib/python3.12/site-packages/urllib3/connectionpool.py:1110: InsecureRequestWarning: Unverified HTTPS request is being made to host '[LB_IP_ADDRESS]'. Adding certificate verification is strongly advised. See: https://urllib3.readthedocs.io/en/latest/advanced-usage.html#tls-warnings
  warnings.warn(
: NotImplementedError
2026-10-08 19:43:07.534 87 WARNING cinder.quota [None req-487de8e0-3ca0-42d1-ae8c-3e582b734657 d1735b1c752e458797c4a76870e759d5 d703dff1720944a2b05bde0b29802c39 - - default default] Deprecated: Default quota for resource: gigabytes_tempest-GroupSnapshotsV319Test-volume-type-903853625 is set by the default quota flag: quota_gigabytes_tempest-GroupSnapshotsV319Test-volume-type-903853625, it is now deprecated. Please use the default quota class for default quota.
2026-10-08 19:43:07.535 87 WARNING cinder.quota [None req-487de8e0-3ca0-42d1-ae8c-3e582b734657 d1735b1c752e458797c4a76870e759d5 d703dff1720944a2b05bde0b29802c39 - - default default] Deprecated: Default quota for resource: snapshots_tempest-GroupSnapshotsV319Test-volume-type-903853625 is set by the default quota flag: quota_snapshots_tempest-GroupSnapshotsV319Test-volume-type-903853625, it is now deprecated. Please use the default quota class for default quota.
2026-10-08 19:43:07.577 87 INFO cinder.volume.manager [None req-487de8e0-3ca0-42d1-ae8c-3e582b734657 d1735b1c752e458797c4a76870e759d5 d703dff1720944a2b05bde0b29802c39 - - default default] group_snapshot 5ef9b220-44f6-4693-ab52-93b01c2b6b12: deleted successfully
2026-10-08 19:43:07.905 87 INFO cinder.volume.drivers.lightos [None req-c0c7e5dd-4b76-42a8-8c55-28970929b12e c9c3a215d85441a5975fec8eb0c6330b 99b973372f224e488e3ac1d1fb56d7d9 - - default default] Invoking delete_volume using DELETE url: /api/v2/projects/default/volumes/e15ae3f5-8bb4-4c1c-bf9d-8852350df684?             request.body:  ssl_verify: False
2026-10-08 19:43:07.942 87 WARNING py.warnings [None req-c0c7e5dd-4b76-42a8-8c55-28970929b12e c9c3a215d85441a5975fec8eb0c6330b 99b973372f224e488e3ac1d1fb56d7d9 - - default default] /var/lib/kolla/venv/lib/python3.12/site-packages/urllib3/connectionpool.py:1110: InsecureRequestWarning: Unverified HTTPS request is being made to host '[LB_IP_ADDRESS]'. Adding certificate verification is strongly advised. See: https://urllib3.readthedocs.io/en/latest/advanced-usage.html#tls-warnings
  warnings.warn(

2026-10-08 19:43:07.996 87 INFO cinder.volume.drivers.lightos [None req-c0c7e5dd-4b76-42a8-8c55-28970929b12e c9c3a215d85441a5975fec8eb0c6330b 99b973372f224e488e3ac1d1fb56d7d9 - - default default] Invoking get_volume using GET url: /api/v2/projects/default/volumes/e15ae3f5-8bb4-4c1c-bf9d-8852350df684             request.body: {} ssl_verify: False
2026-10-08 19:43:08.036 87 WARNING py.warnings [None req-c0c7e5dd-4b76-42a8-8c55-28970929b12e c9c3a215d85441a5975fec8eb0c6330b 99b973372f224e488e3ac1d1fb56d7d9 - - default default] /var/lib/kolla/venv/lib/python3.12/site-packages/urllib3/connectionpool.py:1110: InsecureRequestWarning: Unverified HTTPS request is being made to host '[LB_IP_ADDRESS]'. Adding certificate verification is strongly advised. See: https://urllib3.readthedocs.io/en/latest/advanced-usage.html#tls-warnings
  warnings.warn(

2026-10-08 19:43:08.044 87 INFO cinder.volume.drivers.lightos [None req-868e75b7-3e88-41f3-b107-471a8d07efe6 c91db07a11bc41bda5c62dd1a606fc4a 2579300321ac4fa79c952d233eb228d0 - - default default] Invoking delete_volume using DELETE url: /api/v2/projects/default/volumes/a5ad36a1-4fee-4edd-ac06-9ce750c07ff7?             request.body:  ssl_verify: False
2026-10-08 19:43:08.102 87 WARNING py.warnings [None req-868e75b7-3e88-41f3-b107-471a8d07efe6 c91db07a11bc41bda5c62dd1a606fc4a 2579300321ac4fa79c952d233eb228d0 - - default default] /var/lib/kolla/venv/lib/python3.12/site-packages/urllib3/connectionpool.py:1110: InsecureRequestWarning: Unverified HTTPS request is being made to host '[LB_IP_ADDRESS]'. Adding certificate verification is strongly advised. See: https://urllib3.readthedocs.io/en/latest/advanced-usage.html#tls-warnings
  warnings.warn(
: NotImplementedError
2026-10-08 19:43:08.172 87 INFO cinder.volume.drivers.lightos [None req-868e75b7-3e88-41f3-b107-471a8d07efe6 c91db07a11bc41bda5c62dd1a606fc4a 2579300321ac4fa79c952d233eb228d0 - - default default] Invoking get_volume using GET url: /api/v2/projects/default/volumes/a5ad36a1-4fee-4edd-ac06-9ce750c07ff7             request.body: {} ssl_verify: False
2026-10-08 19:43:08.204 87 WARNING py.warnings [None req-868e75b7-3e88-41f3-b107-471a8d07efe6 c91db07a11bc41bda5c62dd1a606fc4a 2579300321ac4fa79c952d233eb228d0 - - default default] /var/lib/kolla/venv/lib/python3.12/site-packages/urllib3/connectionpool.py:1110: InsecureRequestWarning: Unverified HTTPS request is being made to host '[LB_IP_ADDRESS]'. Adding certificate verification is strongly advised. See: https://urllib3.readthedocs.io/en/latest/advanced-usage.html#tls-warnings
  warnings.warn(
: NotImplementedError
2026-10-08 19:43:08.217 87 INFO cinder.volume.manager [None req-c0c7e5dd-4b76-42a8-8c55-28970929b12e c9c3a215d85441a5975fec8eb0c6330b 99b973372f224e488e3ac1d1fb56d7d9 - - default default] Deleted volume successfully.
2026-10-08 19:43:08.358 87 WARNING cinder.db.api [None req-868e75b7-3e88-41f3-b107-471a8d07efe6 c91db07a11bc41bda5c62dd1a606fc4a 2579300321ac4fa79c952d233eb228d0 - - default default] Reservation would make usage less than 0 for the following resources, so on commit they will be limited to prevent going below 0: ['gigabytes', 'gigabytes_tempest-GroupSnapshotsTest-volume-type-1206506274']
2026-10-08 19:43:08.417 87 INFO cinder.volume.manager [None req-868e75b7-3e88-41f3-b107-471a8d07efe6 c91db07a11bc41bda5c62dd1a606fc4a 2579300321ac4fa79c952d233eb228d0 - - default default] Delete group completed successfully.
2026-10-08 19:43:08.549 87 INFO cinder.volume.drivers.lightos [None req-1a3589bd-39e3-440a-9553-cd381f7a0447 d1735b1c752e458797c4a76870e759d5 d703dff1720944a2b05bde0b29802c39 - - default default] Invoking delete_volume using DELETE url: /api/v2/projects/default/volumes/601ffb01-521a-441a-b6fb-536af783ce49?             request.body:  ssl_verify: False
2026-10-08 19:43:08.589 87 WARNING py.warnings [None req-1a3589bd-39e3-440a-9553-cd381f7a0447 d1735b1c752e458797c4a76870e759d5 d703dff1720944a2b05bde0b29802c39 - - default default] /var/lib/kolla/venv/lib/python3.12/site-packages/urllib3/connectionpool.py:1110: InsecureRequestWarning: Unverified HTTPS request is being made to host '[LB_IP_ADDRESS]'. Adding certificate verification is strongly advised. See: https://urllib3.readthedocs.io/en/latest/advanced-usage.html#tls-warnings
  warnings.warn(
: NotImplementedError
2026-10-08 19:43:08.618 87 INFO cinder.volume.drivers.lightos [None req-1a3589bd-39e3-440a-9553-cd381f7a0447 d1735b1c752e458797c4a76870e759d5 d703dff1720944a2b05bde0b29802c39 - - default default] Invoking get_volume using GET url: /api/v2/projects/default/volumes/601ffb01-521a-441a-b6fb-536af783ce49             request.body: {} ssl_verify: False
2026-10-08 19:43:08.663 87 WARNING py.warnings [None req-1a3589bd-39e3-440a-9553-cd381f7a0447 d1735b1c752e458797c4a76870e759d5 d703dff1720944a2b05bde0b29802c39 - - default default] /var/lib/kolla/venv/lib/python3.12/site-packages/urllib3/connectionpool.py:1110: InsecureRequestWarning: Unverified HTTPS request is being made to host '[LB_IP_ADDRESS]'. Adding certificate verification is strongly advised. See: https://urllib3.readthedocs.io/en/latest/advanced-usage.html#tls-warnings
  warnings.warn(
: NotImplementedError
2026-10-08 19:43:08.828 87 WARNING cinder.quota [None req-1a3589bd-39e3-440a-9553-cd381f7a0447 d1735b1c752e458797c4a76870e759d5 d703dff1720944a2b05bde0b29802c39 - - default default] Deprecated: Default quota for resource: volumes_tempest-GroupSnapshotsV319Test-volume-type-903853625 is set by the default quota flag: quota_volumes_tempest-GroupSnapshotsV319Test-volume-type-903853625, it is now deprecated. Please use the default quota class for default quota.
2026-10-08 19:43:08.900 87 INFO cinder.volume.manager [None req-1a3589bd-39e3-440a-9553-cd381f7a0447 d1735b1c752e458797c4a76870e759d5 d703dff1720944a2b05bde0b29802c39 - - default default] Delete group completed successfully.
2026-10-08 19:43:09.042 87 INFO cinder.volume.drivers.lightos [None req-aeaf468c-7a3f-4914-9747-3d67906848be c9c3a215d85441a5975fec8eb0c6330b 99b973372f224e488e3ac1d1fb56d7d9 - - default default] Invoking delete_volume using DELETE url: /api/v2/projects/default/volumes/65b53415-fa0a-42f4-922e-04c00bad8144?             request.body:  ssl_verify: False
2026-10-08 19:43:09.087 87 WARNING py.warnings [None req-aeaf468c-7a3f-4914-9747-3d67906848be c9c3a215d85441a5975fec8eb0c6330b 99b973372f224e488e3ac1d1fb56d7d9 - - default default] /var/lib/kolla/venv/lib/python3.12/site-packages/urllib3/connectionpool.py:1110: InsecureRequestWarning: Unverified HTTPS request is being made to host '[LB_IP_ADDRESS]'. Adding certificate verification is strongly advised. See: https://urllib3.readthedocs.io/en/latest/advanced-usage.html#tls-warnings
  warnings.warn(

2026-10-08 19:43:09.120 87 INFO cinder.volume.drivers.lightos [None req-aeaf468c-7a3f-4914-9747-3d67906848be c9c3a215d85441a5975fec8eb0c6330b 99b973372f224e488e3ac1d1fb56d7d9 - - default default] Invoking get_volume using GET url: /api/v2/projects/default/volumes/65b53415-fa0a-42f4-922e-04c00bad8144             request.body: {} ssl_verify: False
2026-10-08 19:43:09.161 87 WARNING py.warnings [None req-aeaf468c-7a3f-4914-9747-3d67906848be c9c3a215d85441a5975fec8eb0c6330b 99b973372f224e488e3ac1d1fb56d7d9 - - default default] /var/lib/kolla/venv/lib/python3.12/site-packages/urllib3/connectionpool.py:1110: InsecureRequestWarning: Unverified HTTPS request is being made to host '[LB_IP_ADDRESS]'. Adding certificate verification is strongly advised. See: https://urllib3.readthedocs.io/en/latest/advanced-usage.html#tls-warnings
  warnings.warn(

2026-10-08 19:43:09.302 87 INFO cinder.volume.manager [None req-aeaf468c-7a3f-4914-9747-3d67906848be c9c3a215d85441a5975fec8eb0c6330b 99b973372f224e488e3ac1d1fb56d7d9 - - default default] Deleted volume successfully.
2026-10-08 19:43:09.502 87 INFO cinder.volume.manager [None req-48f58741-11b9-422f-8290-45af062a6603 c91db07a11bc41bda5c62dd1a606fc4a 2579300321ac4fa79c952d233eb228d0 - - - -] Group tempest-GroupSnapshotsTest-Group-1597980797: creating
2026-10-08 19:43:09.518 87 INFO cinder.volume.manager [None req-48f58741-11b9-422f-8290-45af062a6603 c91db07a11bc41bda5c62dd1a606fc4a 2579300321ac4fa79c952d233eb228d0 - - - -] Group tempest-GroupSnapshotsTest-Group-1597980797: created successfully
2026-10-08 19:43:09.524 87 INFO cinder.volume.manager [None req-48f58741-11b9-422f-8290-45af062a6603 c91db07a11bc41bda5c62dd1a606fc4a 2579300321ac4fa79c952d233eb228d0 - - - -] Create group completed successfully.
2026-10-08 19:43:10.175 87 INFO cinder.volume.drivers.lightos [None req-ad62467b-188d-4d57-bc03-64a1c38fc361 c9c3a215d85441a5975fec8eb0c6330b 99b973372f224e488e3ac1d1fb56d7d9 - - default default] Invoking delete_volume using DELETE url: /api/v2/projects/default/volumes/afbbffd7-b4af-4bb2-ab64-f70a5111bb3d?             request.body:  ssl_verify: False
2026-10-08 19:43:10.213 87 WARNING py.warnings [None req-ad62467b-188d-4d57-bc03-64a1c38fc361 c9c3a215d85441a5975fec8eb0c6330b 99b973372f224e488e3ac1d1fb56d7d9 - - default default] /var/lib/kolla/venv/lib/python3.12/site-packages/urllib3/connectionpool.py:1110: InsecureRequestWarning: Unverified HTTPS request is being made to host '[LB_IP_ADDRESS]'. Adding certificate verification is strongly advised. See: https://urllib3.readthedocs.io/en/latest/advanced-usage.html#tls-warnings
  warnings.warn(

2026-10-08 19:43:10.264 87 INFO cinder.volume.drivers.lightos [None req-ad62467b-188d-4d57-bc03-64a1c38fc361 c9c3a215d85441a5975fec8eb0c6330b 99b973372f224e488e3ac1d1fb56d7d9 - - default default] Invoking get_volume using GET url: /api/v2/projects/default/volumes/afbbffd7-b4af-4bb2-ab64-f70a5111bb3d             request.body: {} ssl_verify: False
2026-10-08 19:43:10.309 87 WARNING py.warnings [None req-ad62467b-188d-4d57-bc03-64a1c38fc361 c9c3a215d85441a5975fec8eb0c6330b 99b973372f224e488e3ac1d1fb56d7d9 - - default default] /var/lib/kolla/venv/lib/python3.12/site-packages/urllib3/connectionpool.py:1110: InsecureRequestWarning: Unverified HTTPS request is being made to host '[LB_IP_ADDRESS]'. Adding certificate verification is strongly advised. See: https://urllib3.readthedocs.io/en/latest/advanced-usage.html#tls-warnings
  warnings.warn(

2026-10-08 19:43:10.449 87 INFO cinder.volume.manager [None req-ad62467b-188d-4d57-bc03-64a1c38fc361 c9c3a215d85441a5975fec8eb0c6330b 99b973372f224e488e3ac1d1fb56d7d9 - - default default] Deleted volume successfully.
2026-10-08 19:43:11.080 87 INFO cinder.volume.flows.manager.create_volume [None req-9169f5dd-2cfe-49a1-9140-b29401584309 c91db07a11bc41bda5c62dd1a606fc4a 2579300321ac4fa79c952d233eb228d0 - - - -] Volume 44ffe12c-4815-4034-b781-55c9c9943275: being created as raw with specification: {'status': 'creating', 'volume_name': 'vol_44ffe12c-4815-4034-b781-55c9c9943275', 'volume_size': 1}
2026-10-08 19:43:11.081 87 INFO cinder.volume.drivers.lightos [None req-9169f5dd-2cfe-49a1-9140-b29401584309 c91db07a11bc41bda5c62dd1a606fc4a 2579300321ac4fa79c952d233eb228d0 - - - -] Invoking get_volume_by_name using GET url: /api/v2/projects/default/volumes/?name=vol_44ffe12c-4815-4034-b781-55c9c9943275             request.body: {} ssl_verify: False
2026-10-08 19:43:11.116 87 WARNING py.warnings [None req-9169f5dd-2cfe-49a1-9140-b29401584309 c91db07a11bc41bda5c62dd1a606fc4a 2579300321ac4fa79c952d233eb228d0 - - - -] /var/lib/kolla/venv/lib/python3.12/site-packages/urllib3/connectionpool.py:1110: InsecureRequestWarning: Unverified HTTPS request is being made to host '[LB_IP_ADDRESS]'. Adding certificate verification is strongly advised. See: https://urllib3.readthedocs.io/en/latest/advanced-usage.html#tls-warnings
  warnings.warn(

2026-10-08 19:43:11.126 87 INFO cinder.volume.drivers.lightos [None req-9169f5dd-2cfe-49a1-9140-b29401584309 c91db07a11bc41bda5c62dd1a606fc4a 2579300321ac4fa79c952d233eb228d0 - - - -] Invoking create_volume using POST url: /api/v2/projects/default/volumes             request.body: {'name': 'vol_44ffe12c-4815-4034-b781-55c9c9943275', 'size': '1 gib', 'replicaCount': '3', 'compression': 'False', 'acl': {'values': ['ALLOW_NONE']}, 'IPAcl': {'values': ['ALLOW_NONE']}, 'sourceSnapshotUUID': None, 'sourceSnapshotName': None} ssl_verify: False
2026-10-08 19:43:11.167 87 WARNING py.warnings [None req-9169f5dd-2cfe-49a1-9140-b29401584309 c91db07a11bc41bda5c62dd1a606fc4a 2579300321ac4fa79c952d233eb228d0 - - - -] /var/lib/kolla/venv/lib/python3.12/site-packages/urllib3/connectionpool.py:1110: InsecureRequestWarning: Unverified HTTPS request is being made to host '[LB_IP_ADDRESS]'. Adding certificate verification is strongly advised. See: https://urllib3.readthedocs.io/en/latest/advanced-usage.html#tls-warnings
  warnings.warn(

2026-10-08 19:43:11.193 87 INFO cinder.volume.drivers.lightos [None req-9169f5dd-2cfe-49a1-9140-b29401584309 c91db07a11bc41bda5c62dd1a606fc4a 2579300321ac4fa79c952d233eb228d0 - - - -] Invoking get_volume using GET url: /api/v2/projects/default/volumes/9425c25d-3e99-418e-bd5e-47c0598b3cbf             request.body: {} ssl_verify: False
2026-10-08 19:43:11.240 87 WARNING py.warnings [None req-9169f5dd-2cfe-49a1-9140-b29401584309 c91db07a11bc41bda5c62dd1a606fc4a 2579300321ac4fa79c952d233eb228d0 - - - -] /var/lib/kolla/venv/lib/python3.12/site-packages/urllib3/connectionpool.py:1110: InsecureRequestWarning: Unverified HTTPS request is being made to host '[LB_IP_ADDRESS]'. Adding certificate verification is strongly advised. See: https://urllib3.readthedocs.io/en/latest/advanced-usage.html#tls-warnings
  warnings.warn(

2026-10-08 19:43:12.266 87 INFO cinder.volume.drivers.lightos [None req-9169f5dd-2cfe-49a1-9140-b29401584309 c91db07a11bc41bda5c62dd1a606fc4a 2579300321ac4fa79c952d233eb228d0 - - - -] Invoking get_volume using GET url: /api/v2/projects/default/volumes/9425c25d-3e99-418e-bd5e-47c0598b3cbf             request.body: {} ssl_verify: False
2026-10-08 19:43:12.314 87 WARNING py.warnings [None req-9169f5dd-2cfe-49a1-9140-b29401584309 c91db07a11bc41bda5c62dd1a606fc4a 2579300321ac4fa79c952d233eb228d0 - - - -] /var/lib/kolla/venv/lib/python3.12/site-packages/urllib3/connectionpool.py:1110: InsecureRequestWarning: Unverified HTTPS request is being made to host '[LB_IP_ADDRESS]'. Adding certificate verification is strongly advised. See: https://urllib3.readthedocs.io/en/latest/advanced-usage.html#tls-warnings
  warnings.warn(

2026-10-08 19:43:12.349 87 INFO cinder.volume.flows.manager.create_volume [None req-9169f5dd-2cfe-49a1-9140-b29401584309 c91db07a11bc41bda5c62dd1a606fc4a 2579300321ac4fa79c952d233eb228d0 - - - -] Volume vol_44ffe12c-4815-4034-b781-55c9c9943275 (44ffe12c-4815-4034-b781-55c9c9943275): created successfully
2026-10-08 19:43:12.356 87 INFO cinder.volume.manager [None req-9169f5dd-2cfe-49a1-9140-b29401584309 c91db07a11bc41bda5c62dd1a606fc4a 2579300321ac4fa79c952d233eb228d0 - - - -] Created volume successfully.
2026-10-08 19:43:13.757 87 INFO cinder.volume.flows.manager.create_volume [None req-09f189c7-e835-4f72-84ae-c027876ad50d c91db07a11bc41bda5c62dd1a606fc4a 2579300321ac4fa79c952d233eb228d0 - - - -] Volume e57994d9-8c43-4048-88e6-a75bebf55954: being created as raw with specification: {'status': 'creating', 'volume_name': 'vol_e57994d9-8c43-4048-88e6-a75bebf55954', 'volume_size': 1}
2026-10-08 19:43:13.757 87 INFO cinder.volume.drivers.lightos [None req-09f189c7-e835-4f72-84ae-c027876ad50d c91db07a11bc41bda5c62dd1a606fc4a 2579300321ac4fa79c952d233eb228d0 - - - -] Invoking get_volume_by_name using GET url: /api/v2/projects/default/volumes/?name=vol_e57994d9-8c43-4048-88e6-a75bebf55954             request.body: {} ssl_verify: False
2026-10-08 19:43:13.793 87 WARNING py.warnings [None req-09f189c7-e835-4f72-84ae-c027876ad50d c91db07a11bc41bda5c62dd1a606fc4a 2579300321ac4fa79c952d233eb228d0 - - - -] /var/lib/kolla/venv/lib/python3.12/site-packages/urllib3/connectionpool.py:1110: InsecureRequestWarning: Unverified HTTPS request is being made to host '[LB_IP_ADDRESS]'. Adding certificate verification is strongly advised. See: https://urllib3.readthedocs.io/en/latest/advanced-usage.html#tls-warnings
  warnings.warn(

2026-10-08 19:43:13.805 87 INFO cinder.volume.drivers.lightos [None req-09f189c7-e835-4f72-84ae-c027876ad50d c91db07a11bc41bda5c62dd1a606fc4a 2579300321ac4fa79c952d233eb228d0 - - - -] Invoking create_volume using POST url: /api/v2/projects/default/volumes             request.body: {'name': 'vol_e57994d9-8c43-4048-88e6-a75bebf55954', 'size': '1 gib', 'replicaCount': '3', 'compression': 'False', 'acl': {'values': ['ALLOW_NONE']}, 'IPAcl': {'values': ['ALLOW_NONE']}, 'sourceSnapshotUUID': None, 'sourceSnapshotName': None} ssl_verify: False
2026-10-08 19:43:13.847 87 WARNING py.warnings [None req-09f189c7-e835-4f72-84ae-c027876ad50d c91db07a11bc41bda5c62dd1a606fc4a 2579300321ac4fa79c952d233eb228d0 - - - -] /var/lib/kolla/venv/lib/python3.12/site-packages/urllib3/connectionpool.py:1110: InsecureRequestWarning: Unverified HTTPS request is being made to host '[LB_IP_ADDRESS]'. Adding certificate verification is strongly advised. See: https://urllib3.readthedocs.io/en/latest/advanced-usage.html#tls-warnings
  warnings.warn(

2026-10-08 19:43:13.899 87 INFO cinder.volume.drivers.lightos [None req-09f189c7-e835-4f72-84ae-c027876ad50d c91db07a11bc41bda5c62dd1a606fc4a 2579300321ac4fa79c952d233eb228d0 - - - -] Invoking get_volume using GET url: /api/v2/projects/default/volumes/74d50c00-4992-452e-a114-86bf9631f17a             request.body: {} ssl_verify: False
2026-10-08 19:43:13.955 87 WARNING py.warnings [None req-09f189c7-e835-4f72-84ae-c027876ad50d c91db07a11bc41bda5c62dd1a606fc4a 2579300321ac4fa79c952d233eb228d0 - - - -] /var/lib/kolla/venv/lib/python3.12/site-packages/urllib3/connectionpool.py:1110: InsecureRequestWarning: Unverified HTTPS request is being made to host '[LB_IP_ADDRESS]'. Adding certificate verification is strongly advised. See: https://urllib3.readthedocs.io/en/latest/advanced-usage.html#tls-warnings
  warnings.warn(

2026-10-08 19:43:13.990 87 INFO cinder.volume.flows.manager.create_volume [None req-09f189c7-e835-4f72-84ae-c027876ad50d c91db07a11bc41bda5c62dd1a606fc4a 2579300321ac4fa79c952d233eb228d0 - - - -] Volume vol_e57994d9-8c43-4048-88e6-a75bebf55954 (e57994d9-8c43-4048-88e6-a75bebf55954): created successfully
2026-10-08 19:43:13.998 87 INFO cinder.volume.manager [None req-09f189c7-e835-4f72-84ae-c027876ad50d c91db07a11bc41bda5c62dd1a606fc4a 2579300321ac4fa79c952d233eb228d0 - - - -] Created volume successfully.
2026-10-08 19:43:14.920 87 INFO cinder.volume.manager [None req-3a9fc94a-2a05-4ade-b8ef-093618f5d164 c91db07a11bc41bda5c62dd1a606fc4a 2579300321ac4fa79c952d233eb228d0 - - default default] Update group completed successfully.
2026-10-08 19:43:16.066 87 INFO cinder.volume.manager [None req-c280e561-dd95-485d-8f17-c9dd2150afae c91db07a11bc41bda5c62dd1a606fc4a 2579300321ac4fa79c952d233eb228d0 - - default default] Update group completed successfully.
2026-10-08 19:43:17.188 87 INFO cinder.volume.manager [None req-f717138c-9bb5-4302-85f6-5ea61b90755b c91db07a11bc41bda5c62dd1a606fc4a 2579300321ac4fa79c952d233eb228d0 - - default default] Update group completed successfully.
2026-10-08 19:43:18.341 87 INFO cinder.volume.manager [None req-1e581a6a-e2fd-4f72-a4fc-1f09badc8552 c91db07a11bc41bda5c62dd1a606fc4a 2579300321ac4fa79c952d233eb228d0 - - default default] Update group completed successfully.
2026-10-08 19:43:19.657 87 INFO cinder.volume.manager [None req-2734b040-4f83-46c9-96e3-88b56a93946f c91db07a11bc41bda5c62dd1a606fc4a 2579300321ac4fa79c952d233eb228d0 - - default default] GroupSnapshot 105399e0-ee83-4a60-ad63-7f89d3b3ec63: creating.
2026-10-08 19:43:19.687 87 INFO cinder.volume.drivers.lightos [None req-2734b040-4f83-46c9-96e3-88b56a93946f c91db07a11bc41bda5c62dd1a606fc4a 2579300321ac4fa79c952d233eb228d0 - - default default] Invoking get_snapshot_by_name using GET url: /api/v2/projects/default/snapshots/?Name=snapshot-44e769c7-b69b-4615-98e4-47401a69340b             request.body: {} ssl_verify: False
2026-10-08 19:43:19.724 87 WARNING py.warnings [None req-2734b040-4f83-46c9-96e3-88b56a93946f c91db07a11bc41bda5c62dd1a606fc4a 2579300321ac4fa79c952d233eb228d0 - - default default] /var/lib/kolla/venv/lib/python3.12/site-packages/urllib3/connectionpool.py:1110: InsecureRequestWarning: Unverified HTTPS request is being made to host '[LB_IP_ADDRESS]'. Adding certificate verification is strongly advised. See: https://urllib3.readthedocs.io/en/latest/advanced-usage.html#tls-warnings
  warnings.warn(
: NotImplementedError
2026-10-08 19:43:19.739 87 INFO cinder.volume.drivers.lightos [None req-2734b040-4f83-46c9-96e3-88b56a93946f c91db07a11bc41bda5c62dd1a606fc4a 2579300321ac4fa79c952d233eb228d0 - - default default] Invoking create_snapshot using POST url: /api/v2/projects/default/snapshots             request.body: {'name': 'snapshot-44e769c7-b69b-4615-98e4-47401a69340b', 'sourceVolumeUUID': None, 'sourceVolumeName': 'vol_44ffe12c-4815-4034-b781-55c9c9943275'} ssl_verify: False
2026-10-08 19:43:19.783 87 WARNING py.warnings [None req-2734b040-4f83-46c9-96e3-88b56a93946f c91db07a11bc41bda5c62dd1a606fc4a 2579300321ac4fa79c952d233eb228d0 - - default default] /var/lib/kolla/venv/lib/python3.12/site-packages/urllib3/connectionpool.py:1110: InsecureRequestWarning: Unverified HTTPS request is being made to host '[LB_IP_ADDRESS]'. Adding certificate verification is strongly advised. See: https://urllib3.readthedocs.io/en/latest/advanced-usage.html#tls-warnings
  warnings.warn(
: NotImplementedError
2026-10-08 19:43:19.819 87 INFO cinder.volume.drivers.lightos [None req-2734b040-4f83-46c9-96e3-88b56a93946f c91db07a11bc41bda5c62dd1a606fc4a 2579300321ac4fa79c952d233eb228d0 - - default default] Invoking get_snapshot_by_name using GET url: /api/v2/projects/default/snapshots/?Name=snapshot-44e769c7-b69b-4615-98e4-47401a69340b             request.body: {} ssl_verify: False
2026-10-08 19:43:19.867 87 WARNING py.warnings [None req-2734b040-4f83-46c9-96e3-88b56a93946f c91db07a11bc41bda5c62dd1a606fc4a 2579300321ac4fa79c952d233eb228d0 - - default default] /var/lib/kolla/venv/lib/python3.12/site-packages/urllib3/connectionpool.py:1110: InsecureRequestWarning: Unverified HTTPS request is being made to host '[LB_IP_ADDRESS]'. Adding certificate verification is strongly advised. See: https://urllib3.readthedocs.io/en/latest/advanced-usage.html#tls-warnings
  warnings.warn(
: NotImplementedError
2026-10-08 19:43:20.917 87 INFO cinder.volume.drivers.lightos [None req-2734b040-4f83-46c9-96e3-88b56a93946f c91db07a11bc41bda5c62dd1a606fc4a 2579300321ac4fa79c952d233eb228d0 - - default default] Invoking get_snapshot_by_name using GET url: /api/v2/projects/default/snapshots/?Name=snapshot-44e769c7-b69b-4615-98e4-47401a69340b             request.body: {} ssl_verify: False
2026-10-08 19:43:20.966 87 WARNING py.warnings [None req-2734b040-4f83-46c9-96e3-88b56a93946f c91db07a11bc41bda5c62dd1a606fc4a 2579300321ac4fa79c952d233eb228d0 - - default default] /var/lib/kolla/venv/lib/python3.12/site-packages/urllib3/connectionpool.py:1110: InsecureRequestWarning: Unverified HTTPS request is being made to host '[LB_IP_ADDRESS]'. Adding certificate verification is strongly advised. See: https://urllib3.readthedocs.io/en/latest/advanced-usage.html#tls-warnings
  warnings.warn(
: NotImplementedError
2026-10-08 19:43:20.994 87 INFO cinder.volume.drivers.lightos [None req-2734b040-4f83-46c9-96e3-88b56a93946f c91db07a11bc41bda5c62dd1a606fc4a 2579300321ac4fa79c952d233eb228d0 - - default default] Invoking get_snapshot_by_name using GET url: /api/v2/projects/default/snapshots/?Name=snapshot-4a718870-0bad-4e0f-8499-a062096d5bca             request.body: {} ssl_verify: False
2026-10-08 19:43:21.032 87 WARNING py.warnings [None req-2734b040-4f83-46c9-96e3-88b56a93946f c91db07a11bc41bda5c62dd1a606fc4a 2579300321ac4fa79c952d233eb228d0 - - default default] /var/lib/kolla/venv/lib/python3.12/site-packages/urllib3/connectionpool.py:1110: InsecureRequestWarning: Unverified HTTPS request is being made to host '[LB_IP_ADDRESS]'. Adding certificate verification is strongly advised. See: https://urllib3.readthedocs.io/en/latest/advanced-usage.html#tls-warnings
  warnings.warn(
: NotImplementedError
2026-10-08 19:43:21.044 87 INFO cinder.volume.drivers.lightos [None req-2734b040-4f83-46c9-96e3-88b56a93946f c91db07a11bc41bda5c62dd1a606fc4a 2579300321ac4fa79c952d233eb228d0 - - default default] Invoking create_snapshot using POST url: /api/v2/projects/default/snapshots             request.body: {'name': 'snapshot-4a718870-0bad-4e0f-8499-a062096d5bca', 'sourceVolumeUUID': None, 'sourceVolumeName': 'vol_e57994d9-8c43-4048-88e6-a75bebf55954'} ssl_verify: False
2026-10-08 19:43:21.089 87 WARNING py.warnings [None req-2734b040-4f83-46c9-96e3-88b56a93946f c91db07a11bc41bda5c62dd1a606fc4a 2579300321ac4fa79c952d233eb228d0 - - default default] /var/lib/kolla/venv/lib/python3.12/site-packages/urllib3/connectionpool.py:1110: InsecureRequestWarning: Unverified HTTPS request is being made to host '[LB_IP_ADDRESS]'. Adding certificate verification is strongly advised. See: https://urllib3.readthedocs.io/en/latest/advanced-usage.html#tls-warnings
  warnings.warn(
: NotImplementedError
2026-10-08 19:43:21.150 87 INFO cinder.volume.drivers.lightos [None req-2734b040-4f83-46c9-96e3-88b56a93946f c91db07a11bc41bda5c62dd1a606fc4a 2579300321ac4fa79c952d233eb228d0 - - default default] Invoking get_snapshot_by_name using GET url: /api/v2/projects/default/snapshots/?Name=snapshot-4a718870-0bad-4e0f-8499-a062096d5bca             request.body: {} ssl_verify: False
2026-10-08 19:43:21.200 87 WARNING py.warnings [None req-2734b040-4f83-46c9-96e3-88b56a93946f c91db07a11bc41bda5c62dd1a606fc4a 2579300321ac4fa79c952d233eb228d0 - - default default] /var/lib/kolla/venv/lib/python3.12/site-packages/urllib3/connectionpool.py:1110: InsecureRequestWarning: Unverified HTTPS request is being made to host '[LB_IP_ADDRESS]'. Adding certificate verification is strongly advised. See: https://urllib3.readthedocs.io/en/latest/advanced-usage.html#tls-warnings
  warnings.warn(
: NotImplementedError
2026-10-08 19:43:22.224 87 INFO cinder.volume.drivers.lightos [None req-2734b040-4f83-46c9-96e3-88b56a93946f c91db07a11bc41bda5c62dd1a606fc4a 2579300321ac4fa79c952d233eb228d0 - - default default] Invoking get_snapshot_by_name using GET url: /api/v2/projects/default/snapshots/?Name=snapshot-4a718870-0bad-4e0f-8499-a062096d5bca             request.body: {} ssl_verify: False
2026-10-08 19:43:22.270 87 WARNING py.warnings [None req-2734b040-4f83-46c9-96e3-88b56a93946f c91db07a11bc41bda5c62dd1a606fc4a 2579300321ac4fa79c952d233eb228d0 - - default default] /var/lib/kolla/venv/lib/python3.12/site-packages/urllib3/connectionpool.py:1110: InsecureRequestWarning: Unverified HTTPS request is being made to host '[LB_IP_ADDRESS]'. Adding certificate verification is strongly advised. See: https://urllib3.readthedocs.io/en/latest/advanced-usage.html#tls-warnings
  warnings.warn(
: NotImplementedError
2026-10-08 19:43:22.351 87 INFO cinder.volume.manager [None req-2734b040-4f83-46c9-96e3-88b56a93946f c91db07a11bc41bda5c62dd1a606fc4a 2579300321ac4fa79c952d233eb228d0 - - default default] group_snapshot 105399e0-ee83-4a60-ad63-7f89d3b3ec63: created successfully
2026-10-08 19:43:22.944 87 INFO cinder.volume.manager [None req-653a0859-3c8e-46c6-b42a-56d958daabd1 c91db07a11bc41bda5c62dd1a606fc4a 2579300321ac4fa79c952d233eb228d0 - - default default] group_snapshot 105399e0-ee83-4a60-ad63-7f89d3b3ec63: deleting
2026-10-08 19:43:22.978 87 INFO cinder.volume.drivers.lightos [None req-653a0859-3c8e-46c6-b42a-56d958daabd1 c91db07a11bc41bda5c62dd1a606fc4a 2579300321ac4fa79c952d233eb228d0 - - default default] Invoking get_snapshot_by_name using GET url: /api/v2/projects/default/snapshots/?Name=snapshot-44e769c7-b69b-4615-98e4-47401a69340b             request.body: {} ssl_verify: False
2026-10-08 19:43:23.015 87 WARNING py.warnings [None req-653a0859-3c8e-46c6-b42a-56d958daabd1 c91db07a11bc41bda5c62dd1a606fc4a 2579300321ac4fa79c952d233eb228d0 - - default default] /var/lib/kolla/venv/lib/python3.12/site-packages/urllib3/connectionpool.py:1110: InsecureRequestWarning: Unverified HTTPS request is being made to host '[LB_IP_ADDRESS]'. Adding certificate verification is strongly advised. See: https://urllib3.readthedocs.io/en/latest/advanced-usage.html#tls-warnings
  warnings.warn(
: NotImplementedError
2026-10-08 19:43:23.029 87 INFO cinder.volume.drivers.lightos [None req-653a0859-3c8e-46c6-b42a-56d958daabd1 c91db07a11bc41bda5c62dd1a606fc4a 2579300321ac4fa79c952d233eb228d0 - - default default] Invoking delete_snapshot using DELETE url: /api/v2/projects/default/snapshots/6d8fb86d-6b59-4dc7-89a2-07b4535d1903?             request.body:  ssl_verify: False
2026-10-08 19:43:23.088 87 WARNING py.warnings [None req-653a0859-3c8e-46c6-b42a-56d958daabd1 c91db07a11bc41bda5c62dd1a606fc4a 2579300321ac4fa79c952d233eb228d0 - - default default] /var/lib/kolla/venv/lib/python3.12/site-packages/urllib3/connectionpool.py:1110: InsecureRequestWarning: Unverified HTTPS request is being made to host '[LB_IP_ADDRESS]'. Adding certificate verification is strongly advised. See: https://urllib3.readthedocs.io/en/latest/advanced-usage.html#tls-warnings
  warnings.warn(
: NotImplementedError
2026-10-08 19:43:23.118 87 INFO cinder.volume.drivers.lightos [None req-653a0859-3c8e-46c6-b42a-56d958daabd1 c91db07a11bc41bda5c62dd1a606fc4a 2579300321ac4fa79c952d233eb228d0 - - default default] Invoking get_snapshot using GET url: /api/v2/projects/default/snapshots/6d8fb86d-6b59-4dc7-89a2-07b4535d1903             request.body: {} ssl_verify: False
2026-10-08 19:43:23.161 87 WARNING py.warnings [None req-653a0859-3c8e-46c6-b42a-56d958daabd1 c91db07a11bc41bda5c62dd1a606fc4a 2579300321ac4fa79c952d233eb228d0 - - default default] /var/lib/kolla/venv/lib/python3.12/site-packages/urllib3/connectionpool.py:1110: InsecureRequestWarning: Unverified HTTPS request is being made to host '[LB_IP_ADDRESS]'. Adding certificate verification is strongly advised. See: https://urllib3.readthedocs.io/en/latest/advanced-usage.html#tls-warnings
  warnings.warn(
: NotImplementedError
2026-10-08 19:43:23.184 87 INFO cinder.volume.drivers.lightos [None req-653a0859-3c8e-46c6-b42a-56d958daabd1 c91db07a11bc41bda5c62dd1a606fc4a 2579300321ac4fa79c952d233eb228d0 - - default default] Invoking get_snapshot_by_name using GET url: /api/v2/projects/default/snapshots/?Name=snapshot-4a718870-0bad-4e0f-8499-a062096d5bca             request.body: {} ssl_verify: False
2026-10-08 19:43:23.216 87 WARNING py.warnings [None req-653a0859-3c8e-46c6-b42a-56d958daabd1 c91db07a11bc41bda5c62dd1a606fc4a 2579300321ac4fa79c952d233eb228d0 - - default default] /var/lib/kolla/venv/lib/python3.12/site-packages/urllib3/connectionpool.py:1110: InsecureRequestWarning: Unverified HTTPS request is being made to host '[LB_IP_ADDRESS]'. Adding certificate verification is strongly advised. See: https://urllib3.readthedocs.io/en/latest/advanced-usage.html#tls-warnings
  warnings.warn(
: NotImplementedError
2026-10-08 19:43:23.224 87 INFO cinder.volume.drivers.lightos [None req-653a0859-3c8e-46c6-b42a-56d958daabd1 c91db07a11bc41bda5c62dd1a606fc4a 2579300321ac4fa79c952d233eb228d0 - - default default] Invoking delete_snapshot using DELETE url: /api/v2/projects/default/snapshots/c105e8f9-e4a0-4c4a-8d13-43c80f35c2dc?             request.body:  ssl_verify: False
2026-10-08 19:43:23.258 87 WARNING py.warnings [None req-653a0859-3c8e-46c6-b42a-56d958daabd1 c91db07a11bc41bda5c62dd1a606fc4a 2579300321ac4fa79c952d233eb228d0 - - default default] /var/lib/kolla/venv/lib/python3.12/site-packages/urllib3/connectionpool.py:1110: InsecureRequestWarning: Unverified HTTPS request is being made to host '[LB_IP_ADDRESS]'. Adding certificate verification is strongly advised. See: https://urllib3.readthedocs.io/en/latest/advanced-usage.html#tls-warnings
  warnings.warn(
: NotImplementedError
2026-10-08 19:43:23.285 87 INFO cinder.volume.drivers.lightos [None req-653a0859-3c8e-46c6-b42a-56d958daabd1 c91db07a11bc41bda5c62dd1a606fc4a 2579300321ac4fa79c952d233eb228d0 - - default default] Invoking get_snapshot using GET url: /api/v2/projects/default/snapshots/c105e8f9-e4a0-4c4a-8d13-43c80f35c2dc             request.body: {} ssl_verify: False
2026-10-08 19:43:23.331 87 WARNING py.warnings [None req-653a0859-3c8e-46c6-b42a-56d958daabd1 c91db07a11bc41bda5c62dd1a606fc4a 2579300321ac4fa79c952d233eb228d0 - - default default] /var/lib/kolla/venv/lib/python3.12/site-packages/urllib3/connectionpool.py:1110: InsecureRequestWarning: Unverified HTTPS request is being made to host '[LB_IP_ADDRESS]'. Adding certificate verification is strongly advised. See: https://urllib3.readthedocs.io/en/latest/advanced-usage.html#tls-warnings
  warnings.warn(
: NotImplementedError
2026-10-08 19:43:23.443 87 WARNING cinder.quota [None req-653a0859-3c8e-46c6-b42a-56d958daabd1 c91db07a11bc41bda5c62dd1a606fc4a 2579300321ac4fa79c952d233eb228d0 - - default default] Deprecated: Default quota for resource: gigabytes_tempest-GroupSnapshotsTest-volume-type-1598503284 is set by the default quota flag: quota_gigabytes_tempest-GroupSnapshotsTest-volume-type-1598503284, it is now deprecated. Please use the default quota class for default quota.
2026-10-08 19:43:23.444 87 WARNING cinder.quota [None req-653a0859-3c8e-46c6-b42a-56d958daabd1 c91db07a11bc41bda5c62dd1a606fc4a 2579300321ac4fa79c952d233eb228d0 - - default default] Deprecated: Default quota for resource: snapshots_tempest-GroupSnapshotsTest-volume-type-1598503284 is set by the default quota flag: quota_snapshots_tempest-GroupSnapshotsTest-volume-type-1598503284, it is now deprecated. Please use the default quota class for default quota.
2026-10-08 19:43:23.596 87 INFO cinder.volume.manager [None req-653a0859-3c8e-46c6-b42a-56d958daabd1 c91db07a11bc41bda5c62dd1a606fc4a 2579300321ac4fa79c952d233eb228d0 - - default default] group_snapshot 105399e0-ee83-4a60-ad63-7f89d3b3ec63: deleted successfully
2026-10-08 19:43:24.370 87 INFO cinder.volume.drivers.lightos [None req-e7140195-9113-4205-b725-cd25e819e1cf c91db07a11bc41bda5c62dd1a606fc4a 2579300321ac4fa79c952d233eb228d0 - - default default] Invoking delete_volume using DELETE url: /api/v2/projects/default/volumes/9425c25d-3e99-418e-bd5e-47c0598b3cbf?             request.body:  ssl_verify: False
2026-10-08 19:43:24.409 87 WARNING py.warnings [None req-e7140195-9113-4205-b725-cd25e819e1cf c91db07a11bc41bda5c62dd1a606fc4a 2579300321ac4fa79c952d233eb228d0 - - default default] /var/lib/kolla/venv/lib/python3.12/site-packages/urllib3/connectionpool.py:1110: InsecureRequestWarning: Unverified HTTPS request is being made to host '[LB_IP_ADDRESS]'. Adding certificate verification is strongly advised. See: https://urllib3.readthedocs.io/en/latest/advanced-usage.html#tls-warnings
  warnings.warn(
: NotImplementedError
2026-10-08 19:43:24.439 87 INFO cinder.volume.drivers.lightos [None req-e7140195-9113-4205-b725-cd25e819e1cf c91db07a11bc41bda5c62dd1a606fc4a 2579300321ac4fa79c952d233eb228d0 - - default default] Invoking get_volume using GET url: /api/v2/projects/default/volumes/9425c25d-3e99-418e-bd5e-47c0598b3cbf             request.body: {} ssl_verify: False
2026-10-08 19:43:24.481 87 WARNING py.warnings [None req-e7140195-9113-4205-b725-cd25e819e1cf c91db07a11bc41bda5c62dd1a606fc4a 2579300321ac4fa79c952d233eb228d0 - - default default] /var/lib/kolla/venv/lib/python3.12/site-packages/urllib3/connectionpool.py:1110: InsecureRequestWarning: Unverified HTTPS request is being made to host '[LB_IP_ADDRESS]'. Adding certificate verification is strongly advised. See: https://urllib3.readthedocs.io/en/latest/advanced-usage.html#tls-warnings
  warnings.warn(
: NotImplementedError
2026-10-08 19:43:24.523 87 INFO cinder.volume.drivers.lightos [None req-e7140195-9113-4205-b725-cd25e819e1cf c91db07a11bc41bda5c62dd1a606fc4a 2579300321ac4fa79c952d233eb228d0 - - default default] Invoking delete_volume using DELETE url: /api/v2/projects/default/volumes/74d50c00-4992-452e-a114-86bf9631f17a?             request.body:  ssl_verify: False
2026-10-08 19:43:24.565 87 WARNING py.warnings [None req-e7140195-9113-4205-b725-cd25e819e1cf c91db07a11bc41bda5c62dd1a606fc4a 2579300321ac4fa79c952d233eb228d0 - - default default] /var/lib/kolla/venv/lib/python3.12/site-packages/urllib3/connectionpool.py:1110: InsecureRequestWarning: Unverified HTTPS request is being made to host '[LB_IP_ADDRESS]'. Adding certificate verification is strongly advised. See: https://urllib3.readthedocs.io/en/latest/advanced-usage.html#tls-warnings
  warnings.warn(
: NotImplementedError
2026-10-08 19:43:24.607 87 INFO cinder.volume.drivers.lightos [None req-e7140195-9113-4205-b725-cd25e819e1cf c91db07a11bc41bda5c62dd1a606fc4a 2579300321ac4fa79c952d233eb228d0 - - default default] Invoking get_volume using GET url: /api/v2/projects/default/volumes/74d50c00-4992-452e-a114-86bf9631f17a             request.body: {} ssl_verify: False
2026-10-08 19:43:24.657 87 WARNING py.warnings [None req-e7140195-9113-4205-b725-cd25e819e1cf c91db07a11bc41bda5c62dd1a606fc4a 2579300321ac4fa79c952d233eb228d0 - - default default] /var/lib/kolla/venv/lib/python3.12/site-packages/urllib3/connectionpool.py:1110: InsecureRequestWarning: Unverified HTTPS request is being made to host '[LB_IP_ADDRESS]'. Adding certificate verification is strongly advised. See: https://urllib3.readthedocs.io/en/latest/advanced-usage.html#tls-warnings
  warnings.warn(
: NotImplementedError
2026-10-08 19:43:24.813 87 WARNING cinder.quota [None req-e7140195-9113-4205-b725-cd25e819e1cf c91db07a11bc41bda5c62dd1a606fc4a 2579300321ac4fa79c952d233eb228d0 - - default default] Deprecated: Default quota for resource: volumes_tempest-GroupSnapshotsTest-volume-type-1598503284 is set by the default quota flag: quota_volumes_tempest-GroupSnapshotsTest-volume-type-1598503284, it is now deprecated. Please use the default quota class for default quota.
2026-10-08 19:43:24.953 87 INFO cinder.volume.manager [None req-e7140195-9113-4205-b725-cd25e819e1cf c91db07a11bc41bda5c62dd1a606fc4a 2579300321ac4fa79c952d233eb228d0 - - default default] Delete group completed successfully.
2026-10-08 19:43:26.152 87 INFO cinder.volume.manager [None req-667e811b-f498-4906-bcf3-7cc1a4e4a306 c91db07a11bc41bda5c62dd1a606fc4a 2579300321ac4fa79c952d233eb228d0 - - - -] Group tempest-GroupSnapshotsTest-Group-807527732: creating
2026-10-08 19:43:26.167 87 INFO cinder.volume.manager [None req-667e811b-f498-4906-bcf3-7cc1a4e4a306 c91db07a11bc41bda5c62dd1a606fc4a 2579300321ac4fa79c952d233eb228d0 - - - -] Group tempest-GroupSnapshotsTest-Group-807527732: created successfully
2026-10-08 19:43:26.175 87 INFO cinder.volume.manager [None req-667e811b-f498-4906-bcf3-7cc1a4e4a306 c91db07a11bc41bda5c62dd1a606fc4a 2579300321ac4fa79c952d233eb228d0 - - - -] Create group completed successfully.
2026-10-08 19:43:27.379 87 INFO cinder.volume.manager [None req-6bea2c1d-4d1f-4890-a8df-9d250c08a0d5 7ddea1754416410b94134c49ddd3a6c0 0fc7114dafdb44afbfbf6fadad700f0b - - - -] Group tempest-GroupsV320Test-Group-560618392: creating
2026-10-08 19:43:27.396 87 INFO cinder.volume.manager [None req-6bea2c1d-4d1f-4890-a8df-9d250c08a0d5 7ddea1754416410b94134c49ddd3a6c0 0fc7114dafdb44afbfbf6fadad700f0b - - - -] Group tempest-GroupsV320Test-Group-560618392: created successfully
2026-10-08 19:43:27.401 87 INFO cinder.volume.manager [None req-6bea2c1d-4d1f-4890-a8df-9d250c08a0d5 7ddea1754416410b94134c49ddd3a6c0 0fc7114dafdb44afbfbf6fadad700f0b - - - -] Create group completed successfully.
2026-10-08 19:43:27.746 87 INFO cinder.volume.flows.manager.create_volume [None req-e4ada927-79a8-40ee-949f-f964047dd4b5 c91db07a11bc41bda5c62dd1a606fc4a 2579300321ac4fa79c952d233eb228d0 - - - -] Volume 6360f8c2-7563-475f-a3ec-d61c440423aa: being created as raw with specification: {'status': 'creating', 'volume_name': 'vol_6360f8c2-7563-475f-a3ec-d61c440423aa', 'volume_size': 1}
2026-10-08 19:43:27.746 87 INFO cinder.volume.drivers.lightos [None req-e4ada927-79a8-40ee-949f-f964047dd4b5 c91db07a11bc41bda5c62dd1a606fc4a 2579300321ac4fa79c952d233eb228d0 - - - -] Invoking get_volume_by_name using GET url: /api/v2/projects/default/volumes/?name=vol_6360f8c2-7563-475f-a3ec-d61c440423aa             request.body: {} ssl_verify: False
2026-10-08 19:43:27.783 87 WARNING py.warnings [None req-e4ada927-79a8-40ee-949f-f964047dd4b5 c91db07a11bc41bda5c62dd1a606fc4a 2579300321ac4fa79c952d233eb228d0 - - - -] /var/lib/kolla/venv/lib/python3.12/site-packages/urllib3/connectionpool.py:1110: InsecureRequestWarning: Unverified HTTPS request is being made to host '[LB_IP_ADDRESS]'. Adding certificate verification is strongly advised. See: https://urllib3.readthedocs.io/en/latest/advanced-usage.html#tls-warnings
  warnings.warn(

2026-10-08 19:43:27.795 87 INFO cinder.volume.drivers.lightos [None req-e4ada927-79a8-40ee-949f-f964047dd4b5 c91db07a11bc41bda5c62dd1a606fc4a 2579300321ac4fa79c952d233eb228d0 - - - -] Invoking create_volume using POST url: /api/v2/projects/default/volumes             request.body: {'name': 'vol_6360f8c2-7563-475f-a3ec-d61c440423aa', 'size': '1 gib', 'replicaCount': '3', 'compression': 'False', 'acl': {'values': ['ALLOW_NONE']}, 'IPAcl': {'values': ['ALLOW_NONE']}, 'sourceSnapshotUUID': None, 'sourceSnapshotName': None} ssl_verify: False
2026-10-08 19:43:27.837 87 WARNING py.warnings [None req-e4ada927-79a8-40ee-949f-f964047dd4b5 c91db07a11bc41bda5c62dd1a606fc4a 2579300321ac4fa79c952d233eb228d0 - - - -] /var/lib/kolla/venv/lib/python3.12/site-packages/urllib3/connectionpool.py:1110: InsecureRequestWarning: Unverified HTTPS request is being made to host '[LB_IP_ADDRESS]'. Adding certificate verification is strongly advised. See: https://urllib3.readthedocs.io/en/latest/advanced-usage.html#tls-warnings
  warnings.warn(

2026-10-08 19:43:27.881 87 INFO cinder.volume.drivers.lightos [None req-e4ada927-79a8-40ee-949f-f964047dd4b5 c91db07a11bc41bda5c62dd1a606fc4a 2579300321ac4fa79c952d233eb228d0 - - - -] Invoking get_volume using GET url: /api/v2/projects/default/volumes/eaf5ad3a-b168-48b1-8d4f-ff321fb1acb3             request.body: {} ssl_verify: False
2026-10-08 19:43:27.942 87 WARNING py.warnings [None req-e4ada927-79a8-40ee-949f-f964047dd4b5 c91db07a11bc41bda5c62dd1a606fc4a 2579300321ac4fa79c952d233eb228d0 - - - -] /var/lib/kolla/venv/lib/python3.12/site-packages/urllib3/connectionpool.py:1110: InsecureRequestWarning: Unverified HTTPS request is being made to host '[LB_IP_ADDRESS]'. Adding certificate verification is strongly advised. See: https://urllib3.readthedocs.io/en/latest/advanced-usage.html#tls-warnings
  warnings.warn(

2026-10-08 19:43:27.984 87 INFO cinder.volume.flows.manager.create_volume [None req-e4ada927-79a8-40ee-949f-f964047dd4b5 c91db07a11bc41bda5c62dd1a606fc4a 2579300321ac4fa79c952d233eb228d0 - - - -] Volume vol_6360f8c2-7563-475f-a3ec-d61c440423aa (6360f8c2-7563-475f-a3ec-d61c440423aa): created successfully
2026-10-08 19:43:27.991 87 INFO cinder.volume.manager [None req-e4ada927-79a8-40ee-949f-f964047dd4b5 c91db07a11bc41bda5c62dd1a606fc4a 2579300321ac4fa79c952d233eb228d0 - - - -] Created volume successfully.
2026-10-08 19:43:28.919 87 INFO cinder.volume.manager [None req-640b1ab2-1aac-4ee9-9262-c917027054ca 7ddea1754416410b94134c49ddd3a6c0 0fc7114dafdb44afbfbf6fadad700f0b - - default default] Delete group completed successfully.
2026-10-08 19:43:29.031 87 INFO cinder.volume.manager [None req-fd8a340e-f0a4-4de4-8a80-661e05be6a8e c91db07a11bc41bda5c62dd1a606fc4a 2579300321ac4fa79c952d233eb228d0 - - default default] GroupSnapshot fafab689-f37b-44c4-ad63-9bb1a863bdf9: creating.
2026-10-08 19:43:29.065 87 INFO cinder.volume.drivers.lightos [None req-fd8a340e-f0a4-4de4-8a80-661e05be6a8e c91db07a11bc41bda5c62dd1a606fc4a 2579300321ac4fa79c952d233eb228d0 - - default default] Invoking get_snapshot_by_name using GET url: /api/v2/projects/default/snapshots/?Name=snapshot-dcc2fe7a-c725-4ab9-979f-2edf312a8309             request.body: {} ssl_verify: False
2026-10-08 19:43:29.105 87 WARNING py.warnings [None req-fd8a340e-f0a4-4de4-8a80-661e05be6a8e c91db07a11bc41bda5c62dd1a606fc4a 2579300321ac4fa79c952d233eb228d0 - - default default] /var/lib/kolla/venv/lib/python3.12/site-packages/urllib3/connectionpool.py:1110: InsecureRequestWarning: Unverified HTTPS request is being made to host '[LB_IP_ADDRESS]'. Adding certificate verification is strongly advised. See: https://urllib3.readthedocs.io/en/latest/advanced-usage.html#tls-warnings
  warnings.warn(
: NotImplementedError
2026-10-08 19:43:29.115 87 INFO cinder.volume.drivers.lightos [None req-fd8a340e-f0a4-4de4-8a80-661e05be6a8e c91db07a11bc41bda5c62dd1a606fc4a 2579300321ac4fa79c952d233eb228d0 - - default default] Invoking create_snapshot using POST url: /api/v2/projects/default/snapshots             request.body: {'name': 'snapshot-dcc2fe7a-c725-4ab9-979f-2edf312a8309', 'sourceVolumeUUID': None, 'sourceVolumeName': 'vol_6360f8c2-7563-475f-a3ec-d61c440423aa'} ssl_verify: False
2026-10-08 19:43:29.148 87 WARNING py.warnings [None req-fd8a340e-f0a4-4de4-8a80-661e05be6a8e c91db07a11bc41bda5c62dd1a606fc4a 2579300321ac4fa79c952d233eb228d0 - - default default] /var/lib/kolla/venv/lib/python3.12/site-packages/urllib3/connectionpool.py:1110: InsecureRequestWarning: Unverified HTTPS request is being made to host '[LB_IP_ADDRESS]'. Adding certificate verification is strongly advised. See: https://urllib3.readthedocs.io/en/latest/advanced-usage.html#tls-warnings
  warnings.warn(
: NotImplementedError
2026-10-08 19:43:29.215 87 INFO cinder.volume.drivers.lightos [None req-fd8a340e-f0a4-4de4-8a80-661e05be6a8e c91db07a11bc41bda5c62dd1a606fc4a 2579300321ac4fa79c952d233eb228d0 - - default default] Invoking get_snapshot_by_name using GET url: /api/v2/projects/default/snapshots/?Name=snapshot-dcc2fe7a-c725-4ab9-979f-2edf312a8309             request.body: {} ssl_verify: False
2026-10-08 19:43:29.268 87 WARNING py.warnings [None req-fd8a340e-f0a4-4de4-8a80-661e05be6a8e c91db07a11bc41bda5c62dd1a606fc4a 2579300321ac4fa79c952d233eb228d0 - - default default] /var/lib/kolla/venv/lib/python3.12/site-packages/urllib3/connectionpool.py:1110: InsecureRequestWarning: Unverified HTTPS request is being made to host '[LB_IP_ADDRESS]'. Adding certificate verification is strongly advised. See: https://urllib3.readthedocs.io/en/latest/advanced-usage.html#tls-warnings
  warnings.warn(
: NotImplementedError
2026-10-08 19:43:30.364 87 INFO cinder.volume.drivers.lightos [None req-fd8a340e-f0a4-4de4-8a80-661e05be6a8e c91db07a11bc41bda5c62dd1a606fc4a 2579300321ac4fa79c952d233eb228d0 - - default default] Invoking get_snapshot_by_name using GET url: /api/v2/projects/default/snapshots/?Name=snapshot-dcc2fe7a-c725-4ab9-979f-2edf312a8309             request.body: {} ssl_verify: False
2026-10-08 19:43:30.413 87 WARNING py.warnings [None req-fd8a340e-f0a4-4de4-8a80-661e05be6a8e c91db07a11bc41bda5c62dd1a606fc4a 2579300321ac4fa79c952d233eb228d0 - - default default] /var/lib/kolla/venv/lib/python3.12/site-packages/urllib3/connectionpool.py:1110: InsecureRequestWarning: Unverified HTTPS request is being made to host '[LB_IP_ADDRESS]'. Adding certificate verification is strongly advised. See: https://urllib3.readthedocs.io/en/latest/advanced-usage.html#tls-warnings
  warnings.warn(
: NotImplementedError
2026-10-08 19:43:30.461 87 INFO cinder.volume.manager [None req-fd8a340e-f0a4-4de4-8a80-661e05be6a8e c91db07a11bc41bda5c62dd1a606fc4a 2579300321ac4fa79c952d233eb228d0 - - default default] group_snapshot fafab689-f37b-44c4-ad63-9bb1a863bdf9: created successfully
2026-10-08 19:43:31.309 87 INFO cinder.volume.manager [None req-1c6e39c4-11fd-443e-bd14-2bc8faa52261 c91db07a11bc41bda5c62dd1a606fc4a 2579300321ac4fa79c952d233eb228d0 - - default default] group_snapshot fafab689-f37b-44c4-ad63-9bb1a863bdf9: deleting
2026-10-08 19:43:31.342 87 INFO cinder.volume.drivers.lightos [None req-1c6e39c4-11fd-443e-bd14-2bc8faa52261 c91db07a11bc41bda5c62dd1a606fc4a 2579300321ac4fa79c952d233eb228d0 - - default default] Invoking get_snapshot_by_name using GET url: /api/v2/projects/default/snapshots/?Name=snapshot-dcc2fe7a-c725-4ab9-979f-2edf312a8309             request.body: {} ssl_verify: False
2026-10-08 19:43:31.382 87 WARNING py.warnings [None req-1c6e39c4-11fd-443e-bd14-2bc8faa52261 c91db07a11bc41bda5c62dd1a606fc4a 2579300321ac4fa79c952d233eb228d0 - - default default] /var/lib/kolla/venv/lib/python3.12/site-packages/urllib3/connectionpool.py:1110: InsecureRequestWarning: Unverified HTTPS request is being made to host '[LB_IP_ADDRESS]'. Adding certificate verification is strongly advised. See: https://urllib3.readthedocs.io/en/latest/advanced-usage.html#tls-warnings
  warnings.warn(
: NotImplementedError
2026-10-08 19:43:31.397 87 INFO cinder.volume.drivers.lightos [None req-1c6e39c4-11fd-443e-bd14-2bc8faa52261 c91db07a11bc41bda5c62dd1a606fc4a 2579300321ac4fa79c952d233eb228d0 - - default default] Invoking delete_snapshot using DELETE url: /api/v2/projects/default/snapshots/d7ea8eb1-e309-43ea-8a53-5a3035f20336?             request.body:  ssl_verify: False
2026-10-08 19:43:31.442 87 WARNING py.warnings [None req-1c6e39c4-11fd-443e-bd14-2bc8faa52261 c91db07a11bc41bda5c62dd1a606fc4a 2579300321ac4fa79c952d233eb228d0 - - default default] /var/lib/kolla/venv/lib/python3.12/site-packages/urllib3/connectionpool.py:1110: InsecureRequestWarning: Unverified HTTPS request is being made to host '[LB_IP_ADDRESS]'. Adding certificate verification is strongly advised. See: https://urllib3.readthedocs.io/en/latest/advanced-usage.html#tls-warnings
  warnings.warn(
: NotImplementedError
2026-10-08 19:43:31.469 87 INFO cinder.volume.drivers.lightos [None req-1c6e39c4-11fd-443e-bd14-2bc8faa52261 c91db07a11bc41bda5c62dd1a606fc4a 2579300321ac4fa79c952d233eb228d0 - - default default] Invoking get_snapshot using GET url: /api/v2/projects/default/snapshots/d7ea8eb1-e309-43ea-8a53-5a3035f20336             request.body: {} ssl_verify: False
2026-10-08 19:43:31.525 87 WARNING py.warnings [None req-1c6e39c4-11fd-443e-bd14-2bc8faa52261 c91db07a11bc41bda5c62dd1a606fc4a 2579300321ac4fa79c952d233eb228d0 - - default default] /var/lib/kolla/venv/lib/python3.12/site-packages/urllib3/connectionpool.py:1110: InsecureRequestWarning: Unverified HTTPS request is being made to host '[LB_IP_ADDRESS]'. Adding certificate verification is strongly advised. See: https://urllib3.readthedocs.io/en/latest/advanced-usage.html#tls-warnings
  warnings.warn(
: NotImplementedError
2026-10-08 19:43:31.636 87 WARNING cinder.quota [None req-1c6e39c4-11fd-443e-bd14-2bc8faa52261 c91db07a11bc41bda5c62dd1a606fc4a 2579300321ac4fa79c952d233eb228d0 - - default default] Deprecated: Default quota for resource: gigabytes_tempest-GroupSnapshotsTest-volume-type-980670653 is set by the default quota flag: quota_gigabytes_tempest-GroupSnapshotsTest-volume-type-980670653, it is now deprecated. Please use the default quota class for default quota.
2026-10-08 19:43:31.637 87 WARNING cinder.quota [None req-1c6e39c4-11fd-443e-bd14-2bc8faa52261 c91db07a11bc41bda5c62dd1a606fc4a 2579300321ac4fa79c952d233eb228d0 - - default default] Deprecated: Default quota for resource: snapshots_tempest-GroupSnapshotsTest-volume-type-980670653 is set by the default quota flag: quota_snapshots_tempest-GroupSnapshotsTest-volume-type-980670653, it is now deprecated. Please use the default quota class for default quota.
2026-10-08 19:43:31.679 87 INFO cinder.volume.manager [None req-1c6e39c4-11fd-443e-bd14-2bc8faa52261 c91db07a11bc41bda5c62dd1a606fc4a 2579300321ac4fa79c952d233eb228d0 - - default default] group_snapshot fafab689-f37b-44c4-ad63-9bb1a863bdf9: deleted successfully
2026-10-08 19:43:32.722 87 INFO cinder.volume.drivers.lightos [None req-05b0a302-561d-4db5-b578-4478730c1799 c91db07a11bc41bda5c62dd1a606fc4a 2579300321ac4fa79c952d233eb228d0 - - default default] Invoking delete_volume using DELETE url: /api/v2/projects/default/volumes/eaf5ad3a-b168-48b1-8d4f-ff321fb1acb3?             request.body:  ssl_verify: False
2026-10-08 19:43:32.763 87 WARNING py.warnings [None req-05b0a302-561d-4db5-b578-4478730c1799 c91db07a11bc41bda5c62dd1a606fc4a 2579300321ac4fa79c952d233eb228d0 - - default default] /var/lib/kolla/venv/lib/python3.12/site-packages/urllib3/connectionpool.py:1110: InsecureRequestWarning: Unverified HTTPS request is being made to host '[LB_IP_ADDRESS]'. Adding certificate verification is strongly advised. See: https://urllib3.readthedocs.io/en/latest/advanced-usage.html#tls-warnings
  warnings.warn(
: NotImplementedError
2026-10-08 19:43:32.815 87 INFO cinder.volume.drivers.lightos [None req-05b0a302-561d-4db5-b578-4478730c1799 c91db07a11bc41bda5c62dd1a606fc4a 2579300321ac4fa79c952d233eb228d0 - - default default] Invoking get_volume using GET url: /api/v2/projects/default/volumes/eaf5ad3a-b168-48b1-8d4f-ff321fb1acb3             request.body: {} ssl_verify: False
2026-10-08 19:43:32.860 87 WARNING py.warnings [None req-05b0a302-561d-4db5-b578-4478730c1799 c91db07a11bc41bda5c62dd1a606fc4a 2579300321ac4fa79c952d233eb228d0 - - default default] /var/lib/kolla/venv/lib/python3.12/site-packages/urllib3/connectionpool.py:1110: InsecureRequestWarning: Unverified HTTPS request is being made to host '[LB_IP_ADDRESS]'. Adding certificate verification is strongly advised. See: https://urllib3.readthedocs.io/en/latest/advanced-usage.html#tls-warnings
  warnings.warn(
: NotImplementedError
2026-10-08 19:43:33.075 87 WARNING cinder.quota [None req-05b0a302-561d-4db5-b578-4478730c1799 c91db07a11bc41bda5c62dd1a606fc4a 2579300321ac4fa79c952d233eb228d0 - - default default] Deprecated: Default quota for resource: volumes_tempest-GroupSnapshotsTest-volume-type-980670653 is set by the default quota flag: quota_volumes_tempest-GroupSnapshotsTest-volume-type-980670653, it is now deprecated. Please use the default quota class for default quota.
2026-10-08 19:43:33.144 87 INFO cinder.volume.flows.manager.create_volume [None req-a3fae254-7450-4812-9838-a76ef0a10a8c 429635a4d9c9431184af4ed0ae488510 9fe41a40dfd44446bc1303c15ced0944 - - - -] Volume 26745c14-620e-45ba-be79-b638715f7537: being created as raw with specification: {'status': 'creating', 'volume_name': 'vol_26745c14-620e-45ba-be79-b638715f7537', 'volume_size': 1}
2026-10-08 19:43:33.145 87 INFO cinder.volume.drivers.lightos [None req-a3fae254-7450-4812-9838-a76ef0a10a8c 429635a4d9c9431184af4ed0ae488510 9fe41a40dfd44446bc1303c15ced0944 - - - -] Invoking get_volume_by_name using GET url: /api/v2/projects/default/volumes/?name=vol_26745c14-620e-45ba-be79-b638715f7537             request.body: {} ssl_verify: False
2026-10-08 19:43:33.179 87 WARNING py.warnings [None req-a3fae254-7450-4812-9838-a76ef0a10a8c 429635a4d9c9431184af4ed0ae488510 9fe41a40dfd44446bc1303c15ced0944 - - - -] /var/lib/kolla/venv/lib/python3.12/site-packages/urllib3/connectionpool.py:1110: InsecureRequestWarning: Unverified HTTPS request is being made to host '[LB_IP_ADDRESS]'. Adding certificate verification is strongly advised. See: https://urllib3.readthedocs.io/en/latest/advanced-usage.html#tls-warnings
  warnings.warn(

2026-10-08 19:43:33.187 87 INFO cinder.volume.drivers.lightos [None req-a3fae254-7450-4812-9838-a76ef0a10a8c 429635a4d9c9431184af4ed0ae488510 9fe41a40dfd44446bc1303c15ced0944 - - - -] Invoking create_volume using POST url: /api/v2/projects/default/volumes             request.body: {'name': 'vol_26745c14-620e-45ba-be79-b638715f7537', 'size': '1 gib', 'replicaCount': '3', 'compression': 'False', 'acl': {'values': ['ALLOW_NONE']}, 'IPAcl': {'values': ['ALLOW_NONE']}, 'sourceSnapshotUUID': None, 'sourceSnapshotName': None} ssl_verify: False
2026-10-08 19:43:33.224 87 WARNING py.warnings [None req-a3fae254-7450-4812-9838-a76ef0a10a8c 429635a4d9c9431184af4ed0ae488510 9fe41a40dfd44446bc1303c15ced0944 - - - -] /var/lib/kolla/venv/lib/python3.12/site-packages/urllib3/connectionpool.py:1110: InsecureRequestWarning: Unverified HTTPS request is being made to host '[LB_IP_ADDRESS]'. Adding certificate verification is strongly advised. See: https://urllib3.readthedocs.io/en/latest/advanced-usage.html#tls-warnings
  warnings.warn(

2026-10-08 19:43:33.250 87 INFO cinder.volume.drivers.lightos [None req-a3fae254-7450-4812-9838-a76ef0a10a8c 429635a4d9c9431184af4ed0ae488510 9fe41a40dfd44446bc1303c15ced0944 - - - -] Invoking get_volume using GET url: /api/v2/projects/default/volumes/448d9746-8112-4f97-a245-085650e4964f             request.body: {} ssl_verify: False
2026-10-08 19:43:33.297 87 WARNING py.warnings [None req-a3fae254-7450-4812-9838-a76ef0a10a8c 429635a4d9c9431184af4ed0ae488510 9fe41a40dfd44446bc1303c15ced0944 - - - -] /var/lib/kolla/venv/lib/python3.12/site-packages/urllib3/connectionpool.py:1110: InsecureRequestWarning: Unverified HTTPS request is being made to host '[LB_IP_ADDRESS]'. Adding certificate verification is strongly advised. See: https://urllib3.readthedocs.io/en/latest/advanced-usage.html#tls-warnings
  warnings.warn(

2026-10-08 19:43:33.336 87 INFO cinder.volume.manager [None req-05b0a302-561d-4db5-b578-4478730c1799 c91db07a11bc41bda5c62dd1a606fc4a 2579300321ac4fa79c952d233eb228d0 - - default default] Delete group completed successfully.
2026-10-08 19:43:34.314 87 INFO cinder.volume.drivers.lightos [None req-a3fae254-7450-4812-9838-a76ef0a10a8c 429635a4d9c9431184af4ed0ae488510 9fe41a40dfd44446bc1303c15ced0944 - - - -] Invoking get_volume using GET url: /api/v2/projects/default/volumes/448d9746-8112-4f97-a245-085650e4964f             request.body: {} ssl_verify: False
2026-10-08 19:43:34.362 87 WARNING py.warnings [None req-a3fae254-7450-4812-9838-a76ef0a10a8c 429635a4d9c9431184af4ed0ae488510 9fe41a40dfd44446bc1303c15ced0944 - - - -] /var/lib/kolla/venv/lib/python3.12/site-packages/urllib3/connectionpool.py:1110: InsecureRequestWarning: Unverified HTTPS request is being made to host '[LB_IP_ADDRESS]'. Adding certificate verification is strongly advised. See: https://urllib3.readthedocs.io/en/latest/advanced-usage.html#tls-warnings
  warnings.warn(

2026-10-08 19:43:34.396 87 INFO cinder.volume.flows.manager.create_volume [None req-a3fae254-7450-4812-9838-a76ef0a10a8c 429635a4d9c9431184af4ed0ae488510 9fe41a40dfd44446bc1303c15ced0944 - - - -] Volume vol_26745c14-620e-45ba-be79-b638715f7537 (26745c14-620e-45ba-be79-b638715f7537): created successfully
2026-10-08 19:43:34.402 87 INFO cinder.volume.manager [None req-a3fae254-7450-4812-9838-a76ef0a10a8c 429635a4d9c9431184af4ed0ae488510 9fe41a40dfd44446bc1303c15ced0944 - - - -] Created volume successfully.
2026-10-08 19:43:35.208 87 INFO cinder.volume.flows.manager.create_volume [None req-33769c81-7eef-4642-999f-c335920195bf a05b7ecbd8af4e1f91f93828c5e11a4f eaa275da003d4f7895a0ad25bb65ba8e - - - -] Volume 9f2a8ebb-49f3-419b-9e50-4b73b88122e4: being created as raw with specification: {'status': 'creating', 'volume_name': 'vol_9f2a8ebb-49f3-419b-9e50-4b73b88122e4', 'volume_size': 1}
2026-10-08 19:43:35.208 87 INFO cinder.volume.drivers.lightos [None req-33769c81-7eef-4642-999f-c335920195bf a05b7ecbd8af4e1f91f93828c5e11a4f eaa275da003d4f7895a0ad25bb65ba8e - - - -] Invoking get_volume_by_name using GET url: /api/v2/projects/default/volumes/?name=vol_9f2a8ebb-49f3-419b-9e50-4b73b88122e4             request.body: {} ssl_verify: False
2026-10-08 19:43:35.245 87 WARNING py.warnings [None req-33769c81-7eef-4642-999f-c335920195bf a05b7ecbd8af4e1f91f93828c5e11a4f eaa275da003d4f7895a0ad25bb65ba8e - - - -] /var/lib/kolla/venv/lib/python3.12/site-packages/urllib3/connectionpool.py:1110: InsecureRequestWarning: Unverified HTTPS request is being made to host '[LB_IP_ADDRESS]'. Adding certificate verification is strongly advised. See: https://urllib3.readthedocs.io/en/latest/advanced-usage.html#tls-warnings
  warnings.warn(

2026-10-08 19:43:35.255 87 INFO cinder.volume.drivers.lightos [None req-33769c81-7eef-4642-999f-c335920195bf a05b7ecbd8af4e1f91f93828c5e11a4f eaa275da003d4f7895a0ad25bb65ba8e - - - -] Invoking create_volume using POST url: /api/v2/projects/default/volumes             request.body: {'name': 'vol_9f2a8ebb-49f3-419b-9e50-4b73b88122e4', 'size': '1 gib', 'replicaCount': '3', 'compression': 'False', 'acl': {'values': ['ALLOW_NONE']}, 'IPAcl': {'values': ['ALLOW_NONE']}, 'sourceSnapshotUUID': None, 'sourceSnapshotName': None} ssl_verify: False
2026-10-08 19:43:35.297 87 WARNING py.warnings [None req-33769c81-7eef-4642-999f-c335920195bf a05b7ecbd8af4e1f91f93828c5e11a4f eaa275da003d4f7895a0ad25bb65ba8e - - - -] /var/lib/kolla/venv/lib/python3.12/site-packages/urllib3/connectionpool.py:1110: InsecureRequestWarning: Unverified HTTPS request is being made to host '[LB_IP_ADDRESS]'. Adding certificate verification is strongly advised. See: https://urllib3.readthedocs.io/en/latest/advanced-usage.html#tls-warnings
  warnings.warn(

2026-10-08 19:43:35.328 87 INFO cinder.volume.drivers.lightos [None req-33769c81-7eef-4642-999f-c335920195bf a05b7ecbd8af4e1f91f93828c5e11a4f eaa275da003d4f7895a0ad25bb65ba8e - - - -] Invoking get_volume using GET url: /api/v2/projects/default/volumes/730303d1-f94d-4794-867e-431927e11e09             request.body: {} ssl_verify: False
2026-10-08 19:43:35.395 87 WARNING py.warnings [None req-33769c81-7eef-4642-999f-c335920195bf a05b7ecbd8af4e1f91f93828c5e11a4f eaa275da003d4f7895a0ad25bb65ba8e - - - -] /var/lib/kolla/venv/lib/python3.12/site-packages/urllib3/connectionpool.py:1110: InsecureRequestWarning: Unverified HTTPS request is being made to host '[LB_IP_ADDRESS]'. Adding certificate verification is strongly advised. See: https://urllib3.readthedocs.io/en/latest/advanced-usage.html#tls-warnings
  warnings.warn(

2026-10-08 19:43:35.439 87 INFO cinder.volume.manager [None req-2e33d72d-3372-4860-bfa9-c94fe00d2c16 429635a4d9c9431184af4ed0ae488510 9fe41a40dfd44446bc1303c15ced0944 - - - -] Retype volume completed successfully.
2026-10-08 19:43:36.416 87 INFO cinder.volume.drivers.lightos [None req-33769c81-7eef-4642-999f-c335920195bf a05b7ecbd8af4e1f91f93828c5e11a4f eaa275da003d4f7895a0ad25bb65ba8e - - - -] Invoking get_volume using GET url: /api/v2/projects/default/volumes/730303d1-f94d-4794-867e-431927e11e09             request.body: {} ssl_verify: False
2026-10-08 19:43:36.469 87 WARNING py.warnings [None req-33769c81-7eef-4642-999f-c335920195bf a05b7ecbd8af4e1f91f93828c5e11a4f eaa275da003d4f7895a0ad25bb65ba8e - - - -] /var/lib/kolla/venv/lib/python3.12/site-packages/urllib3/connectionpool.py:1110: InsecureRequestWarning: Unverified HTTPS request is being made to host '[LB_IP_ADDRESS]'. Adding certificate verification is strongly advised. See: https://urllib3.readthedocs.io/en/latest/advanced-usage.html#tls-warnings
  warnings.warn(

2026-10-08 19:43:36.538 87 INFO cinder.volume.flows.manager.create_volume [None req-33769c81-7eef-4642-999f-c335920195bf a05b7ecbd8af4e1f91f93828c5e11a4f eaa275da003d4f7895a0ad25bb65ba8e - - - -] Volume vol_9f2a8ebb-49f3-419b-9e50-4b73b88122e4 (9f2a8ebb-49f3-419b-9e50-4b73b88122e4): created successfully
2026-10-08 19:43:36.568 87 INFO cinder.volume.manager [None req-33769c81-7eef-4642-999f-c335920195bf a05b7ecbd8af4e1f91f93828c5e11a4f eaa275da003d4f7895a0ad25bb65ba8e - - - -] Created volume successfully.
2026-10-08 19:43:36.706 87 INFO cinder.volume.drivers.lightos [None req-92e2415c-ef76-4e21-8843-d47809d03549 429635a4d9c9431184af4ed0ae488510 9fe41a40dfd44446bc1303c15ced0944 - - default default] Invoking delete_volume using DELETE url: /api/v2/projects/default/volumes/448d9746-8112-4f97-a245-085650e4964f?             request.body:  ssl_verify: False
2026-10-08 19:43:36.761 87 WARNING py.warnings [None req-92e2415c-ef76-4e21-8843-d47809d03549 429635a4d9c9431184af4ed0ae488510 9fe41a40dfd44446bc1303c15ced0944 - - default default] /var/lib/kolla/venv/lib/python3.12/site-packages/urllib3/connectionpool.py:1110: InsecureRequestWarning: Unverified HTTPS request is being made to host '[LB_IP_ADDRESS]'. Adding certificate verification is strongly advised. See: https://urllib3.readthedocs.io/en/latest/advanced-usage.html#tls-warnings
  warnings.warn(

2026-10-08 19:43:36.804 87 INFO cinder.volume.drivers.lightos [None req-92e2415c-ef76-4e21-8843-d47809d03549 429635a4d9c9431184af4ed0ae488510 9fe41a40dfd44446bc1303c15ced0944 - - default default] Invoking get_volume using GET url: /api/v2/projects/default/volumes/448d9746-8112-4f97-a245-085650e4964f             request.body: {} ssl_verify: False
2026-10-08 19:43:36.849 87 WARNING py.warnings [None req-92e2415c-ef76-4e21-8843-d47809d03549 429635a4d9c9431184af4ed0ae488510 9fe41a40dfd44446bc1303c15ced0944 - - default default] /var/lib/kolla/venv/lib/python3.12/site-packages/urllib3/connectionpool.py:1110: InsecureRequestWarning: Unverified HTTPS request is being made to host '[LB_IP_ADDRESS]'. Adding certificate verification is strongly advised. See: https://urllib3.readthedocs.io/en/latest/advanced-usage.html#tls-warnings
  warnings.warn(

2026-10-08 19:43:36.962 87 WARNING cinder.quota [None req-92e2415c-ef76-4e21-8843-d47809d03549 429635a4d9c9431184af4ed0ae488510 9fe41a40dfd44446bc1303c15ced0944 - - default default] Deprecated: Default quota for resource: volumes_volume-type-2 is set by the default quota flag: quota_volumes_volume-type-2, it is now deprecated. Please use the default quota class for default quota.
2026-10-08 19:43:36.963 87 WARNING cinder.quota [None req-92e2415c-ef76-4e21-8843-d47809d03549 429635a4d9c9431184af4ed0ae488510 9fe41a40dfd44446bc1303c15ced0944 - - default default] Deprecated: Default quota for resource: gigabytes_volume-type-2 is set by the default quota flag: quota_gigabytes_volume-type-2, it is now deprecated. Please use the default quota class for default quota.
2026-10-08 19:43:37.037 87 INFO cinder.volume.manager [None req-92e2415c-ef76-4e21-8843-d47809d03549 429635a4d9c9431184af4ed0ae488510 9fe41a40dfd44446bc1303c15ced0944 - - default default] Deleted volume successfully.
2026-10-08 19:43:37.492 87 INFO cinder.volume.drivers.lightos [None req-21d13456-1d0b-4187-af54-842d7f1276ba a05b7ecbd8af4e1f91f93828c5e11a4f eaa275da003d4f7895a0ad25bb65ba8e - - - -] Invoking get_snapshot_by_name using GET url: /api/v2/projects/default/snapshots/?Name=snapshot-1df8e954-f5b0-46ca-8dd0-94af62df5447             request.body: {} ssl_verify: False
2026-10-08 19:43:37.532 87 WARNING py.warnings [None req-21d13456-1d0b-4187-af54-842d7f1276ba a05b7ecbd8af4e1f91f93828c5e11a4f eaa275da003d4f7895a0ad25bb65ba8e - - - -] /var/lib/kolla/venv/lib/python3.12/site-packages/urllib3/connectionpool.py:1110: InsecureRequestWarning: Unverified HTTPS request is being made to host '[LB_IP_ADDRESS]'. Adding certificate verification is strongly advised. See: https://urllib3.readthedocs.io/en/latest/advanced-usage.html#tls-warnings
  warnings.warn(

2026-10-08 19:43:37.543 87 INFO cinder.volume.drivers.lightos [None req-21d13456-1d0b-4187-af54-842d7f1276ba a05b7ecbd8af4e1f91f93828c5e11a4f eaa275da003d4f7895a0ad25bb65ba8e - - - -] Invoking create_snapshot using POST url: /api/v2/projects/default/snapshots             request.body: {'name': 'snapshot-1df8e954-f5b0-46ca-8dd0-94af62df5447', 'sourceVolumeUUID': None, 'sourceVolumeName': 'vol_9f2a8ebb-49f3-419b-9e50-4b73b88122e4'} ssl_verify: False
2026-10-08 19:43:37.587 87 WARNING py.warnings [None req-21d13456-1d0b-4187-af54-842d7f1276ba a05b7ecbd8af4e1f91f93828c5e11a4f eaa275da003d4f7895a0ad25bb65ba8e - - - -] /var/lib/kolla/venv/lib/python3.12/site-packages/urllib3/connectionpool.py:1110: InsecureRequestWarning: Unverified HTTPS request is being made to host '[LB_IP_ADDRESS]'. Adding certificate verification is strongly advised. See: https://urllib3.readthedocs.io/en/latest/advanced-usage.html#tls-warnings
  warnings.warn(

2026-10-08 19:43:37.625 87 INFO cinder.volume.drivers.lightos [None req-21d13456-1d0b-4187-af54-842d7f1276ba a05b7ecbd8af4e1f91f93828c5e11a4f eaa275da003d4f7895a0ad25bb65ba8e - - - -] Invoking get_snapshot_by_name using GET url: /api/v2/projects/default/snapshots/?Name=snapshot-1df8e954-f5b0-46ca-8dd0-94af62df5447             request.body: {} ssl_verify: False
2026-10-08 19:43:37.689 87 WARNING py.warnings [None req-21d13456-1d0b-4187-af54-842d7f1276ba a05b7ecbd8af4e1f91f93828c5e11a4f eaa275da003d4f7895a0ad25bb65ba8e - - - -] /var/lib/kolla/venv/lib/python3.12/site-packages/urllib3/connectionpool.py:1110: InsecureRequestWarning: Unverified HTTPS request is being made to host '[LB_IP_ADDRESS]'. Adding certificate verification is strongly advised. See: https://urllib3.readthedocs.io/en/latest/advanced-usage.html#tls-warnings
  warnings.warn(

2026-10-08 19:43:38.759 87 INFO cinder.volume.drivers.lightos [None req-21d13456-1d0b-4187-af54-842d7f1276ba a05b7ecbd8af4e1f91f93828c5e11a4f eaa275da003d4f7895a0ad25bb65ba8e - - - -] Invoking get_snapshot_by_name using GET url: /api/v2/projects/default/snapshots/?Name=snapshot-1df8e954-f5b0-46ca-8dd0-94af62df5447             request.body: {} ssl_verify: False
2026-10-08 19:43:38.807 87 WARNING py.warnings [None req-21d13456-1d0b-4187-af54-842d7f1276ba a05b7ecbd8af4e1f91f93828c5e11a4f eaa275da003d4f7895a0ad25bb65ba8e - - - -] /var/lib/kolla/venv/lib/python3.12/site-packages/urllib3/connectionpool.py:1110: InsecureRequestWarning: Unverified HTTPS request is being made to host '[LB_IP_ADDRESS]'. Adding certificate verification is strongly advised. See: https://urllib3.readthedocs.io/en/latest/advanced-usage.html#tls-warnings
  warnings.warn(

2026-10-08 19:43:38.807 87 INFO cinder.volume.manager [None req-dbc7046f-77c9-4c65-8f89-0fcaebc3cd72 16c5252f1041498792ecd53e8785b319 229a95eb019d4c31964bb0a2292e3392 - - - -] Group tempest-Group1-683544720: creating
2026-10-08 19:43:38.828 87 INFO cinder.volume.manager [None req-dbc7046f-77c9-4c65-8f89-0fcaebc3cd72 16c5252f1041498792ecd53e8785b319 229a95eb019d4c31964bb0a2292e3392 - - - -] Group tempest-Group1-683544720: created successfully
2026-10-08 19:43:38.836 87 INFO cinder.volume.manager [None req-dbc7046f-77c9-4c65-8f89-0fcaebc3cd72 16c5252f1041498792ecd53e8785b319 229a95eb019d4c31964bb0a2292e3392 - - - -] Create group completed successfully.
2026-10-08 19:43:38.842 87 INFO cinder.volume.manager [None req-21d13456-1d0b-4187-af54-842d7f1276ba a05b7ecbd8af4e1f91f93828c5e11a4f eaa275da003d4f7895a0ad25bb65ba8e - - - -] Create snapshot completed successfully
2026-10-08 19:43:40.045 87 INFO cinder.volume.manager [None req-8154473c-7e4c-49c1-91d1-bc16bce32817 16c5252f1041498792ecd53e8785b319 229a95eb019d4c31964bb0a2292e3392 - - - -] Group tempest-Group2-2134114043: creating
2026-10-08 19:43:40.072 87 INFO cinder.volume.manager [None req-8154473c-7e4c-49c1-91d1-bc16bce32817 16c5252f1041498792ecd53e8785b319 229a95eb019d4c31964bb0a2292e3392 - - - -] Group tempest-Group2-2134114043: created successfully
2026-10-08 19:43:40.079 87 INFO cinder.volume.manager [None req-8154473c-7e4c-49c1-91d1-bc16bce32817 16c5252f1041498792ecd53e8785b319 229a95eb019d4c31964bb0a2292e3392 - - - -] Create group completed successfully.
2026-10-08 19:43:40.086 87 INFO cinder.volume.drivers.lightos [None req-fde89630-5aa5-4eea-9e87-677d38160181 a05b7ecbd8af4e1f91f93828c5e11a4f eaa275da003d4f7895a0ad25bb65ba8e - - - -] Invoking get_snapshot_by_name using GET url: /api/v2/projects/default/snapshots/?Name=snapshot-a44411bd-addc-48d1-b9ae-b942818e22fe             request.body: {} ssl_verify: False
2026-10-08 19:43:40.120 87 WARNING py.warnings [None req-fde89630-5aa5-4eea-9e87-677d38160181 a05b7ecbd8af4e1f91f93828c5e11a4f eaa275da003d4f7895a0ad25bb65ba8e - - - -] /var/lib/kolla/venv/lib/python3.12/site-packages/urllib3/connectionpool.py:1110: InsecureRequestWarning: Unverified HTTPS request is being made to host '[LB_IP_ADDRESS]'. Adding certificate verification is strongly advised. See: https://urllib3.readthedocs.io/en/latest/advanced-usage.html#tls-warnings
  warnings.warn(

2026-10-08 19:43:40.129 87 INFO cinder.volume.drivers.lightos [None req-fde89630-5aa5-4eea-9e87-677d38160181 a05b7ecbd8af4e1f91f93828c5e11a4f eaa275da003d4f7895a0ad25bb65ba8e - - - -] Invoking create_snapshot using POST url: /api/v2/projects/default/snapshots             request.body: {'name': 'snapshot-a44411bd-addc-48d1-b9ae-b942818e22fe', 'sourceVolumeUUID': None, 'sourceVolumeName': 'vol_9f2a8ebb-49f3-419b-9e50-4b73b88122e4'} ssl_verify: False
2026-10-08 19:43:40.170 87 WARNING py.warnings [None req-fde89630-5aa5-4eea-9e87-677d38160181 a05b7ecbd8af4e1f91f93828c5e11a4f eaa275da003d4f7895a0ad25bb65ba8e - - - -] /var/lib/kolla/venv/lib/python3.12/site-packages/urllib3/connectionpool.py:1110: InsecureRequestWarning: Unverified HTTPS request is being made to host '[LB_IP_ADDRESS]'. Adding certificate verification is strongly advised. See: https://urllib3.readthedocs.io/en/latest/advanced-usage.html#tls-warnings
  warnings.warn(

2026-10-08 19:43:40.203 87 INFO cinder.volume.drivers.lightos [None req-fde89630-5aa5-4eea-9e87-677d38160181 a05b7ecbd8af4e1f91f93828c5e11a4f eaa275da003d4f7895a0ad25bb65ba8e - - - -] Invoking get_snapshot_by_name using GET url: /api/v2/projects/default/snapshots/?Name=snapshot-a44411bd-addc-48d1-b9ae-b942818e22fe             request.body: {} ssl_verify: False
2026-10-08 19:43:40.245 87 WARNING py.warnings [None req-fde89630-5aa5-4eea-9e87-677d38160181 a05b7ecbd8af4e1f91f93828c5e11a4f eaa275da003d4f7895a0ad25bb65ba8e - - - -] /var/lib/kolla/venv/lib/python3.12/site-packages/urllib3/connectionpool.py:1110: InsecureRequestWarning: Unverified HTTPS request is being made to host '[LB_IP_ADDRESS]'. Adding certificate verification is strongly advised. See: https://urllib3.readthedocs.io/en/latest/advanced-usage.html#tls-warnings
  warnings.warn(

2026-10-08 19:43:41.266 87 INFO cinder.volume.drivers.lightos [None req-fde89630-5aa5-4eea-9e87-677d38160181 a05b7ecbd8af4e1f91f93828c5e11a4f eaa275da003d4f7895a0ad25bb65ba8e - - - -] Invoking get_snapshot_by_name using GET url: /api/v2/projects/default/snapshots/?Name=snapshot-a44411bd-addc-48d1-b9ae-b942818e22fe             request.body: {} ssl_verify: False
2026-10-08 19:43:41.313 87 WARNING py.warnings [None req-fde89630-5aa5-4eea-9e87-677d38160181 a05b7ecbd8af4e1f91f93828c5e11a4f eaa275da003d4f7895a0ad25bb65ba8e - - - -] /var/lib/kolla/venv/lib/python3.12/site-packages/urllib3/connectionpool.py:1110: InsecureRequestWarning: Unverified HTTPS request is being made to host '[LB_IP_ADDRESS]'. Adding certificate verification is strongly advised. See: https://urllib3.readthedocs.io/en/latest/advanced-usage.html#tls-warnings
  warnings.warn(

2026-10-08 19:43:41.345 87 INFO cinder.volume.manager [None req-fde89630-5aa5-4eea-9e87-677d38160181 a05b7ecbd8af4e1f91f93828c5e11a4f eaa275da003d4f7895a0ad25bb65ba8e - - - -] Create snapshot completed successfully
2026-10-08 19:43:41.813 87 INFO cinder.volume.flows.manager.create_volume [None req-638d7499-43c0-4a2c-9c61-266c40924306 16c5252f1041498792ecd53e8785b319 229a95eb019d4c31964bb0a2292e3392 - - - -] Volume 56441d3c-9280-4cde-9083-35f7804d3c4a: being created as raw with specification: {'status': 'creating', 'volume_name': 'vol_56441d3c-9280-4cde-9083-35f7804d3c4a', 'volume_size': 1}
2026-10-08 19:43:41.814 87 INFO cinder.volume.drivers.lightos [None req-638d7499-43c0-4a2c-9c61-266c40924306 16c5252f1041498792ecd53e8785b319 229a95eb019d4c31964bb0a2292e3392 - - - -] Invoking get_volume_by_name using GET url: /api/v2/projects/default/volumes/?name=vol_56441d3c-9280-4cde-9083-35f7804d3c4a             request.body: {} ssl_verify: False
2026-10-08 19:43:41.851 87 WARNING py.warnings [None req-638d7499-43c0-4a2c-9c61-266c40924306 16c5252f1041498792ecd53e8785b319 229a95eb019d4c31964bb0a2292e3392 - - - -] /var/lib/kolla/venv/lib/python3.12/site-packages/urllib3/connectionpool.py:1110: InsecureRequestWarning: Unverified HTTPS request is being made to host '[LB_IP_ADDRESS]'. Adding certificate verification is strongly advised. See: https://urllib3.readthedocs.io/en/latest/advanced-usage.html#tls-warnings
  warnings.warn(

2026-10-08 19:43:41.863 87 INFO cinder.volume.drivers.lightos [None req-638d7499-43c0-4a2c-9c61-266c40924306 16c5252f1041498792ecd53e8785b319 229a95eb019d4c31964bb0a2292e3392 - - - -] Invoking create_volume using POST url: /api/v2/projects/default/volumes             request.body: {'name': 'vol_56441d3c-9280-4cde-9083-35f7804d3c4a', 'size': '1 gib', 'replicaCount': '3', 'compression': 'False', 'acl': {'values': ['ALLOW_NONE']}, 'IPAcl': {'values': ['ALLOW_NONE']}, 'sourceSnapshotUUID': None, 'sourceSnapshotName': None} ssl_verify: False
2026-10-08 19:43:41.907 87 WARNING py.warnings [None req-638d7499-43c0-4a2c-9c61-266c40924306 16c5252f1041498792ecd53e8785b319 229a95eb019d4c31964bb0a2292e3392 - - - -] /var/lib/kolla/venv/lib/python3.12/site-packages/urllib3/connectionpool.py:1110: InsecureRequestWarning: Unverified HTTPS request is being made to host '[LB_IP_ADDRESS]'. Adding certificate verification is strongly advised. See: https://urllib3.readthedocs.io/en/latest/advanced-usage.html#tls-warnings
  warnings.warn(

2026-10-08 19:43:41.944 87 INFO cinder.volume.drivers.lightos [None req-638d7499-43c0-4a2c-9c61-266c40924306 16c5252f1041498792ecd53e8785b319 229a95eb019d4c31964bb0a2292e3392 - - - -] Invoking get_volume using GET url: /api/v2/projects/default/volumes/4793d7ed-a014-4657-9b1f-0cbc56a1376a             request.body: {} ssl_verify: False
2026-10-08 19:43:41.997 87 WARNING py.warnings [None req-638d7499-43c0-4a2c-9c61-266c40924306 16c5252f1041498792ecd53e8785b319 229a95eb019d4c31964bb0a2292e3392 - - - -] /var/lib/kolla/venv/lib/python3.12/site-packages/urllib3/connectionpool.py:1110: InsecureRequestWarning: Unverified HTTPS request is being made to host '[LB_IP_ADDRESS]'. Adding certificate verification is strongly advised. See: https://urllib3.readthedocs.io/en/latest/advanced-usage.html#tls-warnings
  warnings.warn(

2026-10-08 19:43:42.036 87 INFO cinder.volume.flows.manager.create_volume [None req-638d7499-43c0-4a2c-9c61-266c40924306 16c5252f1041498792ecd53e8785b319 229a95eb019d4c31964bb0a2292e3392 - - - -] Volume vol_56441d3c-9280-4cde-9083-35f7804d3c4a (56441d3c-9280-4cde-9083-35f7804d3c4a): created successfully
2026-10-08 19:43:42.043 87 INFO cinder.volume.manager [None req-638d7499-43c0-4a2c-9c61-266c40924306 16c5252f1041498792ecd53e8785b319 229a95eb019d4c31964bb0a2292e3392 - - - -] Created volume successfully.
2026-10-08 19:43:42.251 87 INFO cinder.volume.drivers.lightos [None req-4fb66f1c-8d0b-48fb-af7b-e1942bdc08e7 fb8a3c5467e44f2bb0d16f91f3512862 b16bbf06e85246bbac7a572714b96913 - - default default] Invoking get_snapshot_by_name using GET url: /api/v2/projects/default/snapshots/?Name=snapshot-a44411bd-addc-48d1-b9ae-b942818e22fe             request.body: {} ssl_verify: False
2026-10-08 19:43:42.292 87 WARNING py.warnings [None req-4fb66f1c-8d0b-48fb-af7b-e1942bdc08e7 fb8a3c5467e44f2bb0d16f91f3512862 b16bbf06e85246bbac7a572714b96913 - - default default] /var/lib/kolla/venv/lib/python3.12/site-packages/urllib3/connectionpool.py:1110: InsecureRequestWarning: Unverified HTTPS request is being made to host '[LB_IP_ADDRESS]'. Adding certificate verification is strongly advised. See: https://urllib3.readthedocs.io/en/latest/advanced-usage.html#tls-warnings
  warnings.warn(

2026-10-08 19:43:42.306 87 INFO cinder.volume.drivers.lightos [None req-4fb66f1c-8d0b-48fb-af7b-e1942bdc08e7 fb8a3c5467e44f2bb0d16f91f3512862 b16bbf06e85246bbac7a572714b96913 - - default default] Invoking delete_snapshot using DELETE url: /api/v2/projects/default/snapshots/cb7e251c-fdca-4d5d-b24b-9a6f1f151dde?             request.body:  ssl_verify: False
2026-10-08 19:43:42.349 87 WARNING py.warnings [None req-4fb66f1c-8d0b-48fb-af7b-e1942bdc08e7 fb8a3c5467e44f2bb0d16f91f3512862 b16bbf06e85246bbac7a572714b96913 - - default default] /var/lib/kolla/venv/lib/python3.12/site-packages/urllib3/connectionpool.py:1110: InsecureRequestWarning: Unverified HTTPS request is being made to host '[LB_IP_ADDRESS]'. Adding certificate verification is strongly advised. See: https://urllib3.readthedocs.io/en/latest/advanced-usage.html#tls-warnings
  warnings.warn(

2026-10-08 19:43:42.378 87 INFO cinder.volume.drivers.lightos [None req-4fb66f1c-8d0b-48fb-af7b-e1942bdc08e7 fb8a3c5467e44f2bb0d16f91f3512862 b16bbf06e85246bbac7a572714b96913 - - default default] Invoking get_snapshot using GET url: /api/v2/projects/default/snapshots/cb7e251c-fdca-4d5d-b24b-9a6f1f151dde             request.body: {} ssl_verify: False
2026-10-08 19:43:42.421 87 WARNING py.warnings [None req-4fb66f1c-8d0b-48fb-af7b-e1942bdc08e7 fb8a3c5467e44f2bb0d16f91f3512862 b16bbf06e85246bbac7a572714b96913 - - default default] /var/lib/kolla/venv/lib/python3.12/site-packages/urllib3/connectionpool.py:1110: InsecureRequestWarning: Unverified HTTPS request is being made to host '[LB_IP_ADDRESS]'. Adding certificate verification is strongly advised. See: https://urllib3.readthedocs.io/en/latest/advanced-usage.html#tls-warnings
  warnings.warn(

2026-10-08 19:43:42.551 87 INFO cinder.volume.manager [None req-4fb66f1c-8d0b-48fb-af7b-e1942bdc08e7 fb8a3c5467e44f2bb0d16f91f3512862 b16bbf06e85246bbac7a572714b96913 - - default default] Delete snapshot completed successfully.
2026-10-08 19:43:43.260 87 INFO cinder.volume.drivers.lightos [None req-1a9aaf26-f9a9-4260-b70e-18969d04e621 16c5252f1041498792ecd53e8785b319 229a95eb019d4c31964bb0a2292e3392 - - default default] Invoking delete_volume using DELETE url: /api/v2/projects/default/volumes/4793d7ed-a014-4657-9b1f-0cbc56a1376a?             request.body:  ssl_verify: False
2026-10-08 19:43:43.301 87 WARNING py.warnings [None req-1a9aaf26-f9a9-4260-b70e-18969d04e621 16c5252f1041498792ecd53e8785b319 229a95eb019d4c31964bb0a2292e3392 - - default default] /var/lib/kolla/venv/lib/python3.12/site-packages/urllib3/connectionpool.py:1110: InsecureRequestWarning: Unverified HTTPS request is being made to host '[LB_IP_ADDRESS]'. Adding certificate verification is strongly advised. See: https://urllib3.readthedocs.io/en/latest/advanced-usage.html#tls-warnings
  warnings.warn(
: NotImplementedError
2026-10-08 19:43:43.332 87 INFO cinder.volume.drivers.lightos [None req-1a9aaf26-f9a9-4260-b70e-18969d04e621 16c5252f1041498792ecd53e8785b319 229a95eb019d4c31964bb0a2292e3392 - - default default] Invoking get_volume using GET url: /api/v2/projects/default/volumes/4793d7ed-a014-4657-9b1f-0cbc56a1376a             request.body: {} ssl_verify: False
2026-10-08 19:43:43.382 87 WARNING py.warnings [None req-1a9aaf26-f9a9-4260-b70e-18969d04e621 16c5252f1041498792ecd53e8785b319 229a95eb019d4c31964bb0a2292e3392 - - default default] /var/lib/kolla/venv/lib/python3.12/site-packages/urllib3/connectionpool.py:1110: InsecureRequestWarning: Unverified HTTPS request is being made to host '[LB_IP_ADDRESS]'. Adding certificate verification is strongly advised. See: https://urllib3.readthedocs.io/en/latest/advanced-usage.html#tls-warnings
  warnings.warn(
: NotImplementedError
2026-10-08 19:43:43.541 87 WARNING cinder.quota [None req-1a9aaf26-f9a9-4260-b70e-18969d04e621 16c5252f1041498792ecd53e8785b319 229a95eb019d4c31964bb0a2292e3392 - - default default] Deprecated: Default quota for resource: volumes_tempest-GroupsTest-volume-type-11430037 is set by the default quota flag: quota_volumes_tempest-GroupsTest-volume-type-11430037, it is now deprecated. Please use the default quota class for default quota.
2026-10-08 19:43:43.542 87 WARNING cinder.quota [None req-1a9aaf26-f9a9-4260-b70e-18969d04e621 16c5252f1041498792ecd53e8785b319 229a95eb019d4c31964bb0a2292e3392 - - default default] Deprecated: Default quota for resource: gigabytes_tempest-GroupsTest-volume-type-11430037 is set by the default quota flag: quota_gigabytes_tempest-GroupsTest-volume-type-11430037, it is now deprecated. Please use the default quota class for default quota.
2026-10-08 19:43:43.607 87 INFO cinder.volume.manager [None req-1a9aaf26-f9a9-4260-b70e-18969d04e621 16c5252f1041498792ecd53e8785b319 229a95eb019d4c31964bb0a2292e3392 - - default default] Delete group completed successfully.
2026-10-08 19:43:43.621 87 INFO cinder.volume.drivers.lightos [None req-422332eb-8aa8-4b19-8a69-84d3fad08ddc a05b7ecbd8af4e1f91f93828c5e11a4f eaa275da003d4f7895a0ad25bb65ba8e - - - -] Invoking get_snapshot_by_name using GET url: /api/v2/projects/default/snapshots/?Name=snapshot-e95eddb3-cfa0-41e0-a276-644c9cd48e43             request.body: {} ssl_verify: False
2026-10-08 19:43:43.657 87 WARNING py.warnings [None req-422332eb-8aa8-4b19-8a69-84d3fad08ddc a05b7ecbd8af4e1f91f93828c5e11a4f eaa275da003d4f7895a0ad25bb65ba8e - - - -] /var/lib/kolla/venv/lib/python3.12/site-packages/urllib3/connectionpool.py:1110: InsecureRequestWarning: Unverified HTTPS request is being made to host '[LB_IP_ADDRESS]'. Adding certificate verification is strongly advised. See: https://urllib3.readthedocs.io/en/latest/advanced-usage.html#tls-warnings
  warnings.warn(

2026-10-08 19:43:43.670 87 INFO cinder.volume.drivers.lightos [None req-422332eb-8aa8-4b19-8a69-84d3fad08ddc a05b7ecbd8af4e1f91f93828c5e11a4f eaa275da003d4f7895a0ad25bb65ba8e - - - -] Invoking create_snapshot using POST url: /api/v2/projects/default/snapshots             request.body: {'name': 'snapshot-e95eddb3-cfa0-41e0-a276-644c9cd48e43', 'sourceVolumeUUID': None, 'sourceVolumeName': 'vol_9f2a8ebb-49f3-419b-9e50-4b73b88122e4'} ssl_verify: False
2026-10-08 19:43:43.719 87 WARNING py.warnings [None req-422332eb-8aa8-4b19-8a69-84d3fad08ddc a05b7ecbd8af4e1f91f93828c5e11a4f eaa275da003d4f7895a0ad25bb65ba8e - - - -] /var/lib/kolla/venv/lib/python3.12/site-packages/urllib3/connectionpool.py:1110: InsecureRequestWarning: Unverified HTTPS request is being made to host '[LB_IP_ADDRESS]'. Adding certificate verification is strongly advised. See: https://urllib3.readthedocs.io/en/latest/advanced-usage.html#tls-warnings
  warnings.warn(

2026-10-08 19:43:43.758 87 INFO cinder.volume.drivers.lightos [None req-422332eb-8aa8-4b19-8a69-84d3fad08ddc a05b7ecbd8af4e1f91f93828c5e11a4f eaa275da003d4f7895a0ad25bb65ba8e - - - -] Invoking get_snapshot_by_name using GET url: /api/v2/projects/default/snapshots/?Name=snapshot-e95eddb3-cfa0-41e0-a276-644c9cd48e43             request.body: {} ssl_verify: False
2026-10-08 19:43:43.803 87 WARNING py.warnings [None req-422332eb-8aa8-4b19-8a69-84d3fad08ddc a05b7ecbd8af4e1f91f93828c5e11a4f eaa275da003d4f7895a0ad25bb65ba8e - - - -] /var/lib/kolla/venv/lib/python3.12/site-packages/urllib3/connectionpool.py:1110: InsecureRequestWarning: Unverified HTTPS request is being made to host '[LB_IP_ADDRESS]'. Adding certificate verification is strongly advised. See: https://urllib3.readthedocs.io/en/latest/advanced-usage.html#tls-warnings
  warnings.warn(

2026-10-08 19:43:44.741 87 INFO cinder.volume.manager [None req-81407605-0f39-487b-a7ae-3f1160f50987 16c5252f1041498792ecd53e8785b319 229a95eb019d4c31964bb0a2292e3392 - - default default] Delete group completed successfully.
2026-10-08 19:43:44.825 87 INFO cinder.volume.drivers.lightos [None req-422332eb-8aa8-4b19-8a69-84d3fad08ddc a05b7ecbd8af4e1f91f93828c5e11a4f eaa275da003d4f7895a0ad25bb65ba8e - - - -] Invoking get_snapshot_by_name using GET url: /api/v2/projects/default/snapshots/?Name=snapshot-e95eddb3-cfa0-41e0-a276-644c9cd48e43             request.body: {} ssl_verify: False
2026-10-08 19:43:44.875 87 WARNING py.warnings [None req-422332eb-8aa8-4b19-8a69-84d3fad08ddc a05b7ecbd8af4e1f91f93828c5e11a4f eaa275da003d4f7895a0ad25bb65ba8e - - - -] /var/lib/kolla/venv/lib/python3.12/site-packages/urllib3/connectionpool.py:1110: InsecureRequestWarning: Unverified HTTPS request is being made to host '[LB_IP_ADDRESS]'. Adding certificate verification is strongly advised. See: https://urllib3.readthedocs.io/en/latest/advanced-usage.html#tls-warnings
  warnings.warn(

2026-10-08 19:43:44.908 87 INFO cinder.volume.manager [None req-422332eb-8aa8-4b19-8a69-84d3fad08ddc a05b7ecbd8af4e1f91f93828c5e11a4f eaa275da003d4f7895a0ad25bb65ba8e - - - -] Create snapshot completed successfully
2026-10-08 19:43:45.812 87 INFO cinder.volume.drivers.lightos [None req-c84cf4ad-7262-4a0c-9148-96461a1ef9e6 fb8a3c5467e44f2bb0d16f91f3512862 b16bbf06e85246bbac7a572714b96913 - - default default] Invoking get_snapshot_by_name using GET url: /api/v2/projects/default/snapshots/?Name=snapshot-e95eddb3-cfa0-41e0-a276-644c9cd48e43             request.body: {} ssl_verify: False
2026-10-08 19:43:45.854 87 WARNING py.warnings [None req-c84cf4ad-7262-4a0c-9148-96461a1ef9e6 fb8a3c5467e44f2bb0d16f91f3512862 b16bbf06e85246bbac7a572714b96913 - - default default] /var/lib/kolla/venv/lib/python3.12/site-packages/urllib3/connectionpool.py:1110: InsecureRequestWarning: Unverified HTTPS request is being made to host '[LB_IP_ADDRESS]'. Adding certificate verification is strongly advised. See: https://urllib3.readthedocs.io/en/latest/advanced-usage.html#tls-warnings
  warnings.warn(

2026-10-08 19:43:45.872 87 INFO cinder.volume.drivers.lightos [None req-c84cf4ad-7262-4a0c-9148-96461a1ef9e6 fb8a3c5467e44f2bb0d16f91f3512862 b16bbf06e85246bbac7a572714b96913 - - default default] Invoking delete_snapshot using DELETE url: /api/v2/projects/default/snapshots/69a3fed1-bd95-4b3e-8091-f06b268fa59a?             request.body:  ssl_verify: False
2026-10-08 19:43:45.912 87 WARNING py.warnings [None req-c84cf4ad-7262-4a0c-9148-96461a1ef9e6 fb8a3c5467e44f2bb0d16f91f3512862 b16bbf06e85246bbac7a572714b96913 - - default default] /var/lib/kolla/venv/lib/python3.12/site-packages/urllib3/connectionpool.py:1110: InsecureRequestWarning: Unverified HTTPS request is being made to host '[LB_IP_ADDRESS]'. Adding certificate verification is strongly advised. See: https://urllib3.readthedocs.io/en/latest/advanced-usage.html#tls-warnings
  warnings.warn(

2026-10-08 19:43:45.932 87 INFO cinder.volume.drivers.lightos [None req-c84cf4ad-7262-4a0c-9148-96461a1ef9e6 fb8a3c5467e44f2bb0d16f91f3512862 b16bbf06e85246bbac7a572714b96913 - - default default] Invoking get_snapshot using GET url: /api/v2/projects/default/snapshots/69a3fed1-bd95-4b3e-8091-f06b268fa59a             request.body: {} ssl_verify: False
2026-10-08 19:43:45.973 87 WARNING py.warnings [None req-c84cf4ad-7262-4a0c-9148-96461a1ef9e6 fb8a3c5467e44f2bb0d16f91f3512862 b16bbf06e85246bbac7a572714b96913 - - default default] /var/lib/kolla/venv/lib/python3.12/site-packages/urllib3/connectionpool.py:1110: InsecureRequestWarning: Unverified HTTPS request is being made to host '[LB_IP_ADDRESS]'. Adding certificate verification is strongly advised. See: https://urllib3.readthedocs.io/en/latest/advanced-usage.html#tls-warnings
  warnings.warn(

2026-10-08 19:43:46.111 87 INFO cinder.volume.manager [None req-c84cf4ad-7262-4a0c-9148-96461a1ef9e6 fb8a3c5467e44f2bb0d16f91f3512862 b16bbf06e85246bbac7a572714b96913 - - default default] Delete snapshot completed successfully.
2026-10-08 19:43:46.231 87 INFO cinder.volume.manager [None req-07bf85f6-387c-4ba2-8c4e-6868738fc2ae 16c5252f1041498792ecd53e8785b319 229a95eb019d4c31964bb0a2292e3392 - - - -] Group tempest-GroupsTest-Group-1676450847: creating
2026-10-08 19:43:46.248 87 INFO cinder.volume.manager [None req-07bf85f6-387c-4ba2-8c4e-6868738fc2ae 16c5252f1041498792ecd53e8785b319 229a95eb019d4c31964bb0a2292e3392 - - - -] Group tempest-GroupsTest-Group-1676450847: created successfully
2026-10-08 19:43:46.253 87 INFO cinder.volume.manager [None req-07bf85f6-387c-4ba2-8c4e-6868738fc2ae 16c5252f1041498792ecd53e8785b319 229a95eb019d4c31964bb0a2292e3392 - - - -] Create group completed successfully.
2026-10-08 19:43:47.182 87 INFO cinder.volume.drivers.lightos [None req-fccadc82-8c5d-4c02-b530-da155001295c a05b7ecbd8af4e1f91f93828c5e11a4f eaa275da003d4f7895a0ad25bb65ba8e - - - -] Invoking get_snapshot_by_name using GET url: /api/v2/projects/default/snapshots/?Name=snapshot-3148b714-c5c3-4b2c-8da8-2995800074a9             request.body: {} ssl_verify: False
2026-10-08 19:43:47.216 87 WARNING py.warnings [None req-fccadc82-8c5d-4c02-b530-da155001295c a05b7ecbd8af4e1f91f93828c5e11a4f eaa275da003d4f7895a0ad25bb65ba8e - - - -] /var/lib/kolla/venv/lib/python3.12/site-packages/urllib3/connectionpool.py:1110: InsecureRequestWarning: Unverified HTTPS request is being made to host '[LB_IP_ADDRESS]'. Adding certificate verification is strongly advised. See: https://urllib3.readthedocs.io/en/latest/advanced-usage.html#tls-warnings
  warnings.warn(

2026-10-08 19:43:47.223 87 INFO cinder.volume.drivers.lightos [None req-fccadc82-8c5d-4c02-b530-da155001295c a05b7ecbd8af4e1f91f93828c5e11a4f eaa275da003d4f7895a0ad25bb65ba8e - - - -] Invoking create_snapshot using POST url: /api/v2/projects/default/snapshots             request.body: {'name': 'snapshot-3148b714-c5c3-4b2c-8da8-2995800074a9', 'sourceVolumeUUID': None, 'sourceVolumeName': 'vol_9f2a8ebb-49f3-419b-9e50-4b73b88122e4'} ssl_verify: False
2026-10-08 19:43:47.255 87 WARNING py.warnings [None req-fccadc82-8c5d-4c02-b530-da155001295c a05b7ecbd8af4e1f91f93828c5e11a4f eaa275da003d4f7895a0ad25bb65ba8e - - - -] /var/lib/kolla/venv/lib/python3.12/site-packages/urllib3/connectionpool.py:1110: InsecureRequestWarning: Unverified HTTPS request is being made to host '[LB_IP_ADDRESS]'. Adding certificate verification is strongly advised. See: https://urllib3.readthedocs.io/en/latest/advanced-usage.html#tls-warnings
  warnings.warn(

2026-10-08 19:43:47.290 87 INFO cinder.volume.drivers.lightos [None req-fccadc82-8c5d-4c02-b530-da155001295c a05b7ecbd8af4e1f91f93828c5e11a4f eaa275da003d4f7895a0ad25bb65ba8e - - - -] Invoking get_snapshot_by_name using GET url: /api/v2/projects/default/snapshots/?Name=snapshot-3148b714-c5c3-4b2c-8da8-2995800074a9             request.body: {} ssl_verify: False
2026-10-08 19:43:47.331 87 WARNING py.warnings [None req-fccadc82-8c5d-4c02-b530-da155001295c a05b7ecbd8af4e1f91f93828c5e11a4f eaa275da003d4f7895a0ad25bb65ba8e - - - -] /var/lib/kolla/venv/lib/python3.12/site-packages/urllib3/connectionpool.py:1110: InsecureRequestWarning: Unverified HTTPS request is being made to host '[LB_IP_ADDRESS]'. Adding certificate verification is strongly advised. See: https://urllib3.readthedocs.io/en/latest/advanced-usage.html#tls-warnings
  warnings.warn(

2026-10-08 19:43:47.819 87 INFO cinder.volume.flows.manager.create_volume [None req-0f1cb313-a0b5-4009-a086-0ef623240c37 16c5252f1041498792ecd53e8785b319 229a95eb019d4c31964bb0a2292e3392 - - - -] Volume 204932e4-6595-423d-9af2-9e6969e6fa19: being created as raw with specification: {'status': 'creating', 'volume_name': 'vol_204932e4-6595-423d-9af2-9e6969e6fa19', 'volume_size': 1}
2026-10-08 19:43:47.819 87 INFO cinder.volume.drivers.lightos [None req-0f1cb313-a0b5-4009-a086-0ef623240c37 16c5252f1041498792ecd53e8785b319 229a95eb019d4c31964bb0a2292e3392 - - - -] Invoking get_volume_by_name using GET url: /api/v2/projects/default/volumes/?name=vol_204932e4-6595-423d-9af2-9e6969e6fa19             request.body: {} ssl_verify: False
2026-10-08 19:43:47.854 87 WARNING py.warnings [None req-0f1cb313-a0b5-4009-a086-0ef623240c37 16c5252f1041498792ecd53e8785b319 229a95eb019d4c31964bb0a2292e3392 - - - -] /var/lib/kolla/venv/lib/python3.12/site-packages/urllib3/connectionpool.py:1110: InsecureRequestWarning: Unverified HTTPS request is being made to host '[LB_IP_ADDRESS]'. Adding certificate verification is strongly advised. See: https://urllib3.readthedocs.io/en/latest/advanced-usage.html#tls-warnings
  warnings.warn(

2026-10-08 19:43:47.866 87 INFO cinder.volume.drivers.lightos [None req-0f1cb313-a0b5-4009-a086-0ef623240c37 16c5252f1041498792ecd53e8785b319 229a95eb019d4c31964bb0a2292e3392 - - - -] Invoking create_volume using POST url: /api/v2/projects/default/volumes             request.body: {'name': 'vol_204932e4-6595-423d-9af2-9e6969e6fa19', 'size': '1 gib', 'replicaCount': '3', 'compression': 'False', 'acl': {'values': ['ALLOW_NONE']}, 'IPAcl': {'values': ['ALLOW_NONE']}, 'sourceSnapshotUUID': None, 'sourceSnapshotName': None} ssl_verify: False
2026-10-08 19:43:47.911 87 WARNING py.warnings [None req-0f1cb313-a0b5-4009-a086-0ef623240c37 16c5252f1041498792ecd53e8785b319 229a95eb019d4c31964bb0a2292e3392 - - - -] /var/lib/kolla/venv/lib/python3.12/site-packages/urllib3/connectionpool.py:1110: InsecureRequestWarning: Unverified HTTPS request is being made to host '[LB_IP_ADDRESS]'. Adding certificate verification is strongly advised. See: https://urllib3.readthedocs.io/en/latest/advanced-usage.html#tls-warnings
  warnings.warn(

2026-10-08 19:43:47.938 87 INFO cinder.volume.drivers.lightos [None req-0f1cb313-a0b5-4009-a086-0ef623240c37 16c5252f1041498792ecd53e8785b319 229a95eb019d4c31964bb0a2292e3392 - - - -] Invoking get_volume using GET url: /api/v2/projects/default/volumes/36a81f36-d270-4231-a0f8-7cad8fd09595             request.body: {} ssl_verify: False
2026-10-08 19:43:47.982 87 WARNING py.warnings [None req-0f1cb313-a0b5-4009-a086-0ef623240c37 16c5252f1041498792ecd53e8785b319 229a95eb019d4c31964bb0a2292e3392 - - - -] /var/lib/kolla/venv/lib/python3.12/site-packages/urllib3/connectionpool.py:1110: InsecureRequestWarning: Unverified HTTPS request is being made to host '[LB_IP_ADDRESS]'. Adding certificate verification is strongly advised. See: https://urllib3.readthedocs.io/en/latest/advanced-usage.html#tls-warnings
  warnings.warn(

2026-10-08 19:43:48.008 87 INFO cinder.volume.flows.manager.create_volume [None req-0f1cb313-a0b5-4009-a086-0ef623240c37 16c5252f1041498792ecd53e8785b319 229a95eb019d4c31964bb0a2292e3392 - - - -] Volume vol_204932e4-6595-423d-9af2-9e6969e6fa19 (204932e4-6595-423d-9af2-9e6969e6fa19): created successfully
2026-10-08 19:43:48.016 87 INFO cinder.volume.manager [None req-0f1cb313-a0b5-4009-a086-0ef623240c37 16c5252f1041498792ecd53e8785b319 229a95eb019d4c31964bb0a2292e3392 - - - -] Created volume successfully.
2026-10-08 19:43:48.351 87 INFO cinder.volume.drivers.lightos [None req-fccadc82-8c5d-4c02-b530-da155001295c a05b7ecbd8af4e1f91f93828c5e11a4f eaa275da003d4f7895a0ad25bb65ba8e - - - -] Invoking get_snapshot_by_name using GET url: /api/v2/projects/default/snapshots/?Name=snapshot-3148b714-c5c3-4b2c-8da8-2995800074a9             request.body: {} ssl_verify: False
2026-10-08 19:43:48.401 87 WARNING py.warnings [None req-fccadc82-8c5d-4c02-b530-da155001295c a05b7ecbd8af4e1f91f93828c5e11a4f eaa275da003d4f7895a0ad25bb65ba8e - - - -] /var/lib/kolla/venv/lib/python3.12/site-packages/urllib3/connectionpool.py:1110: InsecureRequestWarning: Unverified HTTPS request is being made to host '[LB_IP_ADDRESS]'. Adding certificate verification is strongly advised. See: https://urllib3.readthedocs.io/en/latest/advanced-usage.html#tls-warnings
  warnings.warn(

2026-10-08 19:43:48.434 87 INFO cinder.volume.manager [None req-fccadc82-8c5d-4c02-b530-da155001295c a05b7ecbd8af4e1f91f93828c5e11a4f eaa275da003d4f7895a0ad25bb65ba8e - - - -] Create snapshot completed successfully
2026-10-08 19:43:49.363 87 INFO cinder.volume.drivers.lightos [None req-fccc08f6-bc88-400c-8902-50f80b0932f0 fb8a3c5467e44f2bb0d16f91f3512862 b16bbf06e85246bbac7a572714b96913 - - default default] Invoking get_snapshot_by_name using GET url: /api/v2/projects/default/snapshots/?Name=snapshot-3148b714-c5c3-4b2c-8da8-2995800074a9             request.body: {} ssl_verify: False
2026-10-08 19:43:49.412 87 WARNING py.warnings [None req-fccc08f6-bc88-400c-8902-50f80b0932f0 fb8a3c5467e44f2bb0d16f91f3512862 b16bbf06e85246bbac7a572714b96913 - - default default] /var/lib/kolla/venv/lib/python3.12/site-packages/urllib3/connectionpool.py:1110: InsecureRequestWarning: Unverified HTTPS request is being made to host '[LB_IP_ADDRESS]'. Adding certificate verification is strongly advised. See: https://urllib3.readthedocs.io/en/latest/advanced-usage.html#tls-warnings
  warnings.warn(

2026-10-08 19:43:49.429 87 INFO cinder.volume.drivers.lightos [None req-fccc08f6-bc88-400c-8902-50f80b0932f0 fb8a3c5467e44f2bb0d16f91f3512862 b16bbf06e85246bbac7a572714b96913 - - default default] Invoking delete_snapshot using DELETE url: /api/v2/projects/default/snapshots/a41065ed-90b4-4a9b-9397-0f81c001abb3?             request.body:  ssl_verify: False
2026-10-08 19:43:49.474 87 INFO cinder.volume.flows.manager.create_volume [None req-0a447cdd-10b6-4b4d-9680-1a662cde8ec4 16c5252f1041498792ecd53e8785b319 229a95eb019d4c31964bb0a2292e3392 - - - -] Volume 9a766973-53a2-4065-8aa0-7318a179c093: being created as raw with specification: {'status': 'creating', 'volume_name': 'vol_9a766973-53a2-4065-8aa0-7318a179c093', 'volume_size': 1}
2026-10-08 19:43:49.474 87 INFO cinder.volume.drivers.lightos [None req-0a447cdd-10b6-4b4d-9680-1a662cde8ec4 16c5252f1041498792ecd53e8785b319 229a95eb019d4c31964bb0a2292e3392 - - - -] Invoking get_volume_by_name using GET url: /api/v2/projects/default/volumes/?name=vol_9a766973-53a2-4065-8aa0-7318a179c093             request.body: {} ssl_verify: False
2026-10-08 19:43:49.476 87 WARNING py.warnings [None req-fccc08f6-bc88-400c-8902-50f80b0932f0 fb8a3c5467e44f2bb0d16f91f3512862 b16bbf06e85246bbac7a572714b96913 - - default default] /var/lib/kolla/venv/lib/python3.12/site-packages/urllib3/connectionpool.py:1110: InsecureRequestWarning: Unverified HTTPS request is being made to host '[LB_IP_ADDRESS]'. Adding certificate verification is strongly advised. See: https://urllib3.readthedocs.io/en/latest/advanced-usage.html#tls-warnings
  warnings.warn(

2026-10-08 19:43:49.513 87 WARNING py.warnings [None req-0a447cdd-10b6-4b4d-9680-1a662cde8ec4 16c5252f1041498792ecd53e8785b319 229a95eb019d4c31964bb0a2292e3392 - - - -] /var/lib/kolla/venv/lib/python3.12/site-packages/urllib3/connectionpool.py:1110: InsecureRequestWarning: Unverified HTTPS request is being made to host '[LB_IP_ADDRESS]'. Adding certificate verification is strongly advised. See: https://urllib3.readthedocs.io/en/latest/advanced-usage.html#tls-warnings
  warnings.warn(

2026-10-08 19:43:49.529 87 INFO cinder.volume.drivers.lightos [None req-0a447cdd-10b6-4b4d-9680-1a662cde8ec4 16c5252f1041498792ecd53e8785b319 229a95eb019d4c31964bb0a2292e3392 - - - -] Invoking create_volume using POST url: /api/v2/projects/default/volumes             request.body: {'name': 'vol_9a766973-53a2-4065-8aa0-7318a179c093', 'size': '1 gib', 'replicaCount': '3', 'compression': 'False', 'acl': {'values': ['ALLOW_NONE']}, 'IPAcl': {'values': ['ALLOW_NONE']}, 'sourceSnapshotUUID': None, 'sourceSnapshotName': None} ssl_verify: False
2026-10-08 19:43:49.566 87 INFO cinder.volume.drivers.lightos [None req-fccc08f6-bc88-400c-8902-50f80b0932f0 fb8a3c5467e44f2bb0d16f91f3512862 b16bbf06e85246bbac7a572714b96913 - - default default] Invoking get_snapshot using GET url: /api/v2/projects/default/snapshots/a41065ed-90b4-4a9b-9397-0f81c001abb3             request.body: {} ssl_verify: False
2026-10-08 19:43:49.594 87 WARNING py.warnings [None req-0a447cdd-10b6-4b4d-9680-1a662cde8ec4 16c5252f1041498792ecd53e8785b319 229a95eb019d4c31964bb0a2292e3392 - - - -] /var/lib/kolla/venv/lib/python3.12/site-packages/urllib3/connectionpool.py:1110: InsecureRequestWarning: Unverified HTTPS request is being made to host '[LB_IP_ADDRESS]'. Adding certificate verification is strongly advised. See: https://urllib3.readthedocs.io/en/latest/advanced-usage.html#tls-warnings
  warnings.warn(

2026-10-08 19:43:49.599 87 WARNING py.warnings [None req-fccc08f6-bc88-400c-8902-50f80b0932f0 fb8a3c5467e44f2bb0d16f91f3512862 b16bbf06e85246bbac7a572714b96913 - - default default] /var/lib/kolla/venv/lib/python3.12/site-packages/urllib3/connectionpool.py:1110: InsecureRequestWarning: Unverified HTTPS request is being made to host '[LB_IP_ADDRESS]'. Adding certificate verification is strongly advised. See: https://urllib3.readthedocs.io/en/latest/advanced-usage.html#tls-warnings
  warnings.warn(

2026-10-08 19:43:49.627 87 INFO cinder.volume.drivers.lightos [None req-0a447cdd-10b6-4b4d-9680-1a662cde8ec4 16c5252f1041498792ecd53e8785b319 229a95eb019d4c31964bb0a2292e3392 - - - -] Invoking get_volume using GET url: /api/v2/projects/default/volumes/cbf86f44-43f6-42c2-bfbb-ffdd3160f40c             request.body: {} ssl_verify: False
2026-10-08 19:43:49.673 87 WARNING py.warnings [None req-0a447cdd-10b6-4b4d-9680-1a662cde8ec4 16c5252f1041498792ecd53e8785b319 229a95eb019d4c31964bb0a2292e3392 - - - -] /var/lib/kolla/venv/lib/python3.12/site-packages/urllib3/connectionpool.py:1110: InsecureRequestWarning: Unverified HTTPS request is being made to host '[LB_IP_ADDRESS]'. Adding certificate verification is strongly advised. See: https://urllib3.readthedocs.io/en/latest/advanced-usage.html#tls-warnings
  warnings.warn(

2026-10-08 19:43:49.742 87 INFO cinder.volume.flows.manager.create_volume [None req-0a447cdd-10b6-4b4d-9680-1a662cde8ec4 16c5252f1041498792ecd53e8785b319 229a95eb019d4c31964bb0a2292e3392 - - - -] Volume vol_9a766973-53a2-4065-8aa0-7318a179c093 (9a766973-53a2-4065-8aa0-7318a179c093): created successfully
2026-10-08 19:43:49.750 87 INFO cinder.volume.manager [None req-0a447cdd-10b6-4b4d-9680-1a662cde8ec4 16c5252f1041498792ecd53e8785b319 229a95eb019d4c31964bb0a2292e3392 - - - -] Created volume successfully.
2026-10-08 19:43:49.768 87 INFO cinder.volume.manager [None req-fccc08f6-bc88-400c-8902-50f80b0932f0 fb8a3c5467e44f2bb0d16f91f3512862 b16bbf06e85246bbac7a572714b96913 - - default default] Delete snapshot completed successfully.
2026-10-08 19:43:50.588 87 INFO cinder.volume.manager [None req-43c680b3-c253-4212-ade0-cd9d1f80b938 16c5252f1041498792ecd53e8785b319 229a95eb019d4c31964bb0a2292e3392 - - default default] Update group completed successfully.
2026-10-08 19:43:50.713 87 INFO cinder.volume.drivers.lightos [None req-7a10da29-4085-4797-b417-cc6b2a3b37f7 a05b7ecbd8af4e1f91f93828c5e11a4f eaa275da003d4f7895a0ad25bb65ba8e - - - -] Invoking get_snapshot_by_name using GET url: /api/v2/projects/default/snapshots/?Name=snapshot-e296bb1d-d085-4310-8d58-7bdfb6e4819b             request.body: {} ssl_verify: False
2026-10-08 19:43:50.749 87 WARNING py.warnings [None req-7a10da29-4085-4797-b417-cc6b2a3b37f7 a05b7ecbd8af4e1f91f93828c5e11a4f eaa275da003d4f7895a0ad25bb65ba8e - - - -] /var/lib/kolla/venv/lib/python3.12/site-packages/urllib3/connectionpool.py:1110: InsecureRequestWarning: Unverified HTTPS request is being made to host '[LB_IP_ADDRESS]'. Adding certificate verification is strongly advised. See: https://urllib3.readthedocs.io/en/latest/advanced-usage.html#tls-warnings
  warnings.warn(

2026-10-08 19:43:50.762 87 INFO cinder.volume.drivers.lightos [None req-7a10da29-4085-4797-b417-cc6b2a3b37f7 a05b7ecbd8af4e1f91f93828c5e11a4f eaa275da003d4f7895a0ad25bb65ba8e - - - -] Invoking create_snapshot using POST url: /api/v2/projects/default/snapshots             request.body: {'name': 'snapshot-e296bb1d-d085-4310-8d58-7bdfb6e4819b', 'sourceVolumeUUID': None, 'sourceVolumeName': 'vol_9f2a8ebb-49f3-419b-9e50-4b73b88122e4'} ssl_verify: False
2026-10-08 19:43:50.807 87 WARNING py.warnings [None req-7a10da29-4085-4797-b417-cc6b2a3b37f7 a05b7ecbd8af4e1f91f93828c5e11a4f eaa275da003d4f7895a0ad25bb65ba8e - - - -] /var/lib/kolla/venv/lib/python3.12/site-packages/urllib3/connectionpool.py:1110: InsecureRequestWarning: Unverified HTTPS request is being made to host '[LB_IP_ADDRESS]'. Adding certificate verification is strongly advised. See: https://urllib3.readthedocs.io/en/latest/advanced-usage.html#tls-warnings
  warnings.warn(

2026-10-08 19:43:50.888 87 INFO cinder.volume.drivers.lightos [None req-7a10da29-4085-4797-b417-cc6b2a3b37f7 a05b7ecbd8af4e1f91f93828c5e11a4f eaa275da003d4f7895a0ad25bb65ba8e - - - -] Invoking get_snapshot_by_name using GET url: /api/v2/projects/default/snapshots/?Name=snapshot-e296bb1d-d085-4310-8d58-7bdfb6e4819b             request.body: {} ssl_verify: False
2026-10-08 19:43:50.940 87 WARNING py.warnings [None req-7a10da29-4085-4797-b417-cc6b2a3b37f7 a05b7ecbd8af4e1f91f93828c5e11a4f eaa275da003d4f7895a0ad25bb65ba8e - - - -] /var/lib/kolla/venv/lib/python3.12/site-packages/urllib3/connectionpool.py:1110: InsecureRequestWarning: Unverified HTTPS request is being made to host '[LB_IP_ADDRESS]'. Adding certificate verification is strongly advised. See: https://urllib3.readthedocs.io/en/latest/advanced-usage.html#tls-warnings
  warnings.warn(

2026-10-08 19:43:51.841 87 INFO cinder.volume.manager [None req-67c5a653-60b6-4fc3-a89f-e7da21e5b464 16c5252f1041498792ecd53e8785b319 229a95eb019d4c31964bb0a2292e3392 - - default default] Update group completed successfully.
2026-10-08 19:43:51.980 87 INFO cinder.volume.drivers.lightos [None req-7a10da29-4085-4797-b417-cc6b2a3b37f7 a05b7ecbd8af4e1f91f93828c5e11a4f eaa275da003d4f7895a0ad25bb65ba8e - - - -] Invoking get_snapshot_by_name using GET url: /api/v2/projects/default/snapshots/?Name=snapshot-e296bb1d-d085-4310-8d58-7bdfb6e4819b             request.body: {} ssl_verify: False
2026-10-08 19:43:52.026 87 WARNING py.warnings [None req-7a10da29-4085-4797-b417-cc6b2a3b37f7 a05b7ecbd8af4e1f91f93828c5e11a4f eaa275da003d4f7895a0ad25bb65ba8e - - - -] /var/lib/kolla/venv/lib/python3.12/site-packages/urllib3/connectionpool.py:1110: InsecureRequestWarning: Unverified HTTPS request is being made to host '[LB_IP_ADDRESS]'. Adding certificate verification is strongly advised. See: https://urllib3.readthedocs.io/en/latest/advanced-usage.html#tls-warnings
  warnings.warn(

2026-10-08 19:43:52.060 87 INFO cinder.volume.manager [None req-7a10da29-4085-4797-b417-cc6b2a3b37f7 a05b7ecbd8af4e1f91f93828c5e11a4f eaa275da003d4f7895a0ad25bb65ba8e - - - -] Create snapshot completed successfully
2026-10-08 19:43:52.897 87 INFO cinder.volume.drivers.lightos [None req-3e3ad58e-1b96-4076-bdf6-a52eb5ee777c fb8a3c5467e44f2bb0d16f91f3512862 b16bbf06e85246bbac7a572714b96913 - - default default] Invoking get_snapshot_by_name using GET url: /api/v2/projects/default/snapshots/?Name=snapshot-e296bb1d-d085-4310-8d58-7bdfb6e4819b             request.body: {} ssl_verify: False
2026-10-08 19:43:52.943 87 WARNING py.warnings [None req-3e3ad58e-1b96-4076-bdf6-a52eb5ee777c fb8a3c5467e44f2bb0d16f91f3512862 b16bbf06e85246bbac7a572714b96913 - - default default] /var/lib/kolla/venv/lib/python3.12/site-packages/urllib3/connectionpool.py:1110: InsecureRequestWarning: Unverified HTTPS request is being made to host '[LB_IP_ADDRESS]'. Adding certificate verification is strongly advised. See: https://urllib3.readthedocs.io/en/latest/advanced-usage.html#tls-warnings
  warnings.warn(

2026-10-08 19:43:52.958 87 INFO cinder.volume.drivers.lightos [None req-3e3ad58e-1b96-4076-bdf6-a52eb5ee777c fb8a3c5467e44f2bb0d16f91f3512862 b16bbf06e85246bbac7a572714b96913 - - default default] Invoking delete_snapshot using DELETE url: /api/v2/projects/default/snapshots/2820a27e-19bf-4f11-9823-5bb11d443874?             request.body:  ssl_verify: False
2026-10-08 19:43:53.004 87 WARNING py.warnings [None req-3e3ad58e-1b96-4076-bdf6-a52eb5ee777c fb8a3c5467e44f2bb0d16f91f3512862 b16bbf06e85246bbac7a572714b96913 - - default default] /var/lib/kolla/venv/lib/python3.12/site-packages/urllib3/connectionpool.py:1110: InsecureRequestWarning: Unverified HTTPS request is being made to host '[LB_IP_ADDRESS]'. Adding certificate verification is strongly advised. See: https://urllib3.readthedocs.io/en/latest/advanced-usage.html#tls-warnings
  warnings.warn(

2026-10-08 19:43:53.032 87 INFO cinder.volume.drivers.lightos [None req-3e3ad58e-1b96-4076-bdf6-a52eb5ee777c fb8a3c5467e44f2bb0d16f91f3512862 b16bbf06e85246bbac7a572714b96913 - - default default] Invoking get_snapshot using GET url: /api/v2/projects/default/snapshots/2820a27e-19bf-4f11-9823-5bb11d443874             request.body: {} ssl_verify: False
2026-10-08 19:43:53.094 87 WARNING py.warnings [None req-3e3ad58e-1b96-4076-bdf6-a52eb5ee777c fb8a3c5467e44f2bb0d16f91f3512862 b16bbf06e85246bbac7a572714b96913 - - default default] /var/lib/kolla/venv/lib/python3.12/site-packages/urllib3/connectionpool.py:1110: InsecureRequestWarning: Unverified HTTPS request is being made to host '[LB_IP_ADDRESS]'. Adding certificate verification is strongly advised. See: https://urllib3.readthedocs.io/en/latest/advanced-usage.html#tls-warnings
  warnings.warn(

2026-10-08 19:43:53.193 87 INFO cinder.volume.drivers.lightos [None req-1048ea20-815f-4d83-8814-f34bd0dd9c25 16c5252f1041498792ecd53e8785b319 229a95eb019d4c31964bb0a2292e3392 - - default default] Invoking delete_volume using DELETE url: /api/v2/projects/default/volumes/36a81f36-d270-4231-a0f8-7cad8fd09595?             request.body:  ssl_verify: False
2026-10-08 19:43:53.226 87 WARNING py.warnings [None req-1048ea20-815f-4d83-8814-f34bd0dd9c25 16c5252f1041498792ecd53e8785b319 229a95eb019d4c31964bb0a2292e3392 - - default default] /var/lib/kolla/venv/lib/python3.12/site-packages/urllib3/connectionpool.py:1110: InsecureRequestWarning: Unverified HTTPS request is being made to host '[LB_IP_ADDRESS]'. Adding certificate verification is strongly advised. See: https://urllib3.readthedocs.io/en/latest/advanced-usage.html#tls-warnings
  warnings.warn(
: NotImplementedError
2026-10-08 19:43:53.250 87 INFO cinder.volume.drivers.lightos [None req-1048ea20-815f-4d83-8814-f34bd0dd9c25 16c5252f1041498792ecd53e8785b319 229a95eb019d4c31964bb0a2292e3392 - - default default] Invoking get_volume using GET url: /api/v2/projects/default/volumes/36a81f36-d270-4231-a0f8-7cad8fd09595             request.body: {} ssl_verify: False
2026-10-08 19:43:53.280 87 INFO cinder.volume.manager [None req-3e3ad58e-1b96-4076-bdf6-a52eb5ee777c fb8a3c5467e44f2bb0d16f91f3512862 b16bbf06e85246bbac7a572714b96913 - - default default] Delete snapshot completed successfully.
2026-10-08 19:43:53.287 87 WARNING py.warnings [None req-1048ea20-815f-4d83-8814-f34bd0dd9c25 16c5252f1041498792ecd53e8785b319 229a95eb019d4c31964bb0a2292e3392 - - default default] /var/lib/kolla/venv/lib/python3.12/site-packages/urllib3/connectionpool.py:1110: InsecureRequestWarning: Unverified HTTPS request is being made to host '[LB_IP_ADDRESS]'. Adding certificate verification is strongly advised. See: https://urllib3.readthedocs.io/en/latest/advanced-usage.html#tls-warnings
  warnings.warn(
: NotImplementedError
2026-10-08 19:43:53.337 87 INFO cinder.volume.drivers.lightos [None req-1048ea20-815f-4d83-8814-f34bd0dd9c25 16c5252f1041498792ecd53e8785b319 229a95eb019d4c31964bb0a2292e3392 - - default default] Invoking delete_volume using DELETE url: /api/v2/projects/default/volumes/cbf86f44-43f6-42c2-bfbb-ffdd3160f40c?             request.body:  ssl_verify: False
2026-10-08 19:43:53.380 87 WARNING py.warnings [None req-1048ea20-815f-4d83-8814-f34bd0dd9c25 16c5252f1041498792ecd53e8785b319 229a95eb019d4c31964bb0a2292e3392 - - default default] /var/lib/kolla/venv/lib/python3.12/site-packages/urllib3/connectionpool.py:1110: InsecureRequestWarning: Unverified HTTPS request is being made to host '[LB_IP_ADDRESS]'. Adding certificate verification is strongly advised. See: https://urllib3.readthedocs.io/en/latest/advanced-usage.html#tls-warnings
  warnings.warn(
: NotImplementedError
2026-10-08 19:43:53.429 87 INFO cinder.volume.drivers.lightos [None req-1048ea20-815f-4d83-8814-f34bd0dd9c25 16c5252f1041498792ecd53e8785b319 229a95eb019d4c31964bb0a2292e3392 - - default default] Invoking get_volume using GET url: /api/v2/projects/default/volumes/cbf86f44-43f6-42c2-bfbb-ffdd3160f40c             request.body: {} ssl_verify: False
2026-10-08 19:43:53.470 87 WARNING py.warnings [None req-1048ea20-815f-4d83-8814-f34bd0dd9c25 16c5252f1041498792ecd53e8785b319 229a95eb019d4c31964bb0a2292e3392 - - default default] /var/lib/kolla/venv/lib/python3.12/site-packages/urllib3/connectionpool.py:1110: InsecureRequestWarning: Unverified HTTPS request is being made to host '[LB_IP_ADDRESS]'. Adding certificate verification is strongly advised. See: https://urllib3.readthedocs.io/en/latest/advanced-usage.html#tls-warnings
  warnings.warn(
: NotImplementedError
2026-10-08 19:43:53.651 87 WARNING cinder.quota [None req-1048ea20-815f-4d83-8814-f34bd0dd9c25 16c5252f1041498792ecd53e8785b319 229a95eb019d4c31964bb0a2292e3392 - - default default] Deprecated: Default quota for resource: volumes_tempest-GroupsTest-volume-type-931707926 is set by the default quota flag: quota_volumes_tempest-GroupsTest-volume-type-931707926, it is now deprecated. Please use the default quota class for default quota.
2026-10-08 19:43:53.651 87 WARNING cinder.quota [None req-1048ea20-815f-4d83-8814-f34bd0dd9c25 16c5252f1041498792ecd53e8785b319 229a95eb019d4c31964bb0a2292e3392 - - default default] Deprecated: Default quota for resource: gigabytes_tempest-GroupsTest-volume-type-931707926 is set by the default quota flag: quota_gigabytes_tempest-GroupsTest-volume-type-931707926, it is now deprecated. Please use the default quota class for default quota.
2026-10-08 19:43:53.832 87 INFO cinder.volume.manager [None req-1048ea20-815f-4d83-8814-f34bd0dd9c25 16c5252f1041498792ecd53e8785b319 229a95eb019d4c31964bb0a2292e3392 - - default default] Delete group completed successfully.
2026-10-08 19:43:54.082 87 INFO cinder.volume.flows.manager.create_volume [None req-91da8f2b-6c47-4736-8794-1c0acd87c744 40a363d2c1ef41d090bd10af0eeba4d2 ec94b7a890ea410da22eacc65a0e036b - - - -] Volume c3ff24b1-296c-4ef9-8141-de06d14035a4: being created as raw with specification: {'status': 'creating', 'volume_name': 'vol_c3ff24b1-296c-4ef9-8141-de06d14035a4', 'volume_size': 1}
2026-10-08 19:43:54.082 87 INFO cinder.volume.drivers.lightos [None req-91da8f2b-6c47-4736-8794-1c0acd87c744 40a363d2c1ef41d090bd10af0eeba4d2 ec94b7a890ea410da22eacc65a0e036b - - - -] Invoking get_volume_by_name using GET url: /api/v2/projects/default/volumes/?name=vol_c3ff24b1-296c-4ef9-8141-de06d14035a4             request.body: {} ssl_verify: False
2026-10-08 19:43:54.120 87 WARNING py.warnings [None req-91da8f2b-6c47-4736-8794-1c0acd87c744 40a363d2c1ef41d090bd10af0eeba4d2 ec94b7a890ea410da22eacc65a0e036b - - - -] /var/lib/kolla/venv/lib/python3.12/site-packages/urllib3/connectionpool.py:1110: InsecureRequestWarning: Unverified HTTPS request is being made to host '[LB_IP_ADDRESS]'. Adding certificate verification is strongly advised. See: https://urllib3.readthedocs.io/en/latest/advanced-usage.html#tls-warnings
  warnings.warn(

2026-10-08 19:43:54.131 87 INFO cinder.volume.drivers.lightos [None req-91da8f2b-6c47-4736-8794-1c0acd87c744 40a363d2c1ef41d090bd10af0eeba4d2 ec94b7a890ea410da22eacc65a0e036b - - - -] Invoking create_volume using POST url: /api/v2/projects/default/volumes             request.body: {'name': 'vol_c3ff24b1-296c-4ef9-8141-de06d14035a4', 'size': '1 gib', 'replicaCount': '3', 'compression': 'False', 'acl': {'values': ['ALLOW_NONE']}, 'IPAcl': {'values': ['ALLOW_NONE']}, 'sourceSnapshotUUID': None, 'sourceSnapshotName': None} ssl_verify: False
2026-10-08 19:43:54.171 87 WARNING py.warnings [None req-91da8f2b-6c47-4736-8794-1c0acd87c744 40a363d2c1ef41d090bd10af0eeba4d2 ec94b7a890ea410da22eacc65a0e036b - - - -] /var/lib/kolla/venv/lib/python3.12/site-packages/urllib3/connectionpool.py:1110: InsecureRequestWarning: Unverified HTTPS request is being made to host '[LB_IP_ADDRESS]'. Adding certificate verification is strongly advised. See: https://urllib3.readthedocs.io/en/latest/advanced-usage.html#tls-warnings
  warnings.warn(

2026-10-08 19:43:54.196 87 INFO cinder.volume.drivers.lightos [None req-91da8f2b-6c47-4736-8794-1c0acd87c744 40a363d2c1ef41d090bd10af0eeba4d2 ec94b7a890ea410da22eacc65a0e036b - - - -] Invoking get_volume using GET url: /api/v2/projects/default/volumes/e6f9133d-ac62-46cc-a307-530e67acea4b             request.body: {} ssl_verify: False
2026-10-08 19:43:54.241 87 WARNING py.warnings [None req-91da8f2b-6c47-4736-8794-1c0acd87c744 40a363d2c1ef41d090bd10af0eeba4d2 ec94b7a890ea410da22eacc65a0e036b - - - -] /var/lib/kolla/venv/lib/python3.12/site-packages/urllib3/connectionpool.py:1110: InsecureRequestWarning: Unverified HTTPS request is being made to host '[LB_IP_ADDRESS]'. Adding certificate verification is strongly advised. See: https://urllib3.readthedocs.io/en/latest/advanced-usage.html#tls-warnings
  warnings.warn(

2026-10-08 19:43:54.327 87 INFO cinder.volume.drivers.lightos [None req-dfdcd49c-1942-42a3-8b85-c96566dbdafd a05b7ecbd8af4e1f91f93828c5e11a4f eaa275da003d4f7895a0ad25bb65ba8e - - default default] Invoking get_snapshot_by_name using GET url: /api/v2/projects/default/snapshots/?Name=snapshot-1df8e954-f5b0-46ca-8dd0-94af62df5447             request.body: {} ssl_verify: False
2026-10-08 19:43:54.372 87 WARNING py.warnings [None req-dfdcd49c-1942-42a3-8b85-c96566dbdafd a05b7ecbd8af4e1f91f93828c5e11a4f eaa275da003d4f7895a0ad25bb65ba8e - - default default] /var/lib/kolla/venv/lib/python3.12/site-packages/urllib3/connectionpool.py:1110: InsecureRequestWarning: Unverified HTTPS request is being made to host '[LB_IP_ADDRESS]'. Adding certificate verification is strongly advised. See: https://urllib3.readthedocs.io/en/latest/advanced-usage.html#tls-warnings
  warnings.warn(

2026-10-08 19:43:54.387 87 INFO cinder.volume.drivers.lightos [None req-dfdcd49c-1942-42a3-8b85-c96566dbdafd a05b7ecbd8af4e1f91f93828c5e11a4f eaa275da003d4f7895a0ad25bb65ba8e - - default default] Invoking delete_snapshot using DELETE url: /api/v2/projects/default/snapshots/8858e8b2-dc88-46b1-afe2-ce76a0be7b34?             request.body:  ssl_verify: False
2026-10-08 19:43:54.433 87 WARNING py.warnings [None req-dfdcd49c-1942-42a3-8b85-c96566dbdafd a05b7ecbd8af4e1f91f93828c5e11a4f eaa275da003d4f7895a0ad25bb65ba8e - - default default] /var/lib/kolla/venv/lib/python3.12/site-packages/urllib3/connectionpool.py:1110: InsecureRequestWarning: Unverified HTTPS request is being made to host '[LB_IP_ADDRESS]'. Adding certificate verification is strongly advised. See: https://urllib3.readthedocs.io/en/latest/advanced-usage.html#tls-warnings
  warnings.warn(

2026-10-08 19:43:54.462 87 INFO cinder.volume.drivers.lightos [None req-dfdcd49c-1942-42a3-8b85-c96566dbdafd a05b7ecbd8af4e1f91f93828c5e11a4f eaa275da003d4f7895a0ad25bb65ba8e - - default default] Invoking get_snapshot using GET url: /api/v2/projects/default/snapshots/8858e8b2-dc88-46b1-afe2-ce76a0be7b34             request.body: {} ssl_verify: False
2026-10-08 19:43:54.511 87 WARNING py.warnings [None req-dfdcd49c-1942-42a3-8b85-c96566dbdafd a05b7ecbd8af4e1f91f93828c5e11a4f eaa275da003d4f7895a0ad25bb65ba8e - - default default] /var/lib/kolla/venv/lib/python3.12/site-packages/urllib3/connectionpool.py:1110: InsecureRequestWarning: Unverified HTTPS request is being made to host '[LB_IP_ADDRESS]'. Adding certificate verification is strongly advised. See: https://urllib3.readthedocs.io/en/latest/advanced-usage.html#tls-warnings
  warnings.warn(

2026-10-08 19:43:54.656 87 INFO cinder.volume.manager [None req-dfdcd49c-1942-42a3-8b85-c96566dbdafd a05b7ecbd8af4e1f91f93828c5e11a4f eaa275da003d4f7895a0ad25bb65ba8e - - default default] Delete snapshot completed successfully.
2026-10-08 19:43:55.260 87 INFO cinder.volume.drivers.lightos [None req-91da8f2b-6c47-4736-8794-1c0acd87c744 40a363d2c1ef41d090bd10af0eeba4d2 ec94b7a890ea410da22eacc65a0e036b - - - -] Invoking get_volume using GET url: /api/v2/projects/default/volumes/e6f9133d-ac62-46cc-a307-530e67acea4b             request.body: {} ssl_verify: False
2026-10-08 19:43:55.309 87 WARNING py.warnings [None req-91da8f2b-6c47-4736-8794-1c0acd87c744 40a363d2c1ef41d090bd10af0eeba4d2 ec94b7a890ea410da22eacc65a0e036b - - - -] /var/lib/kolla/venv/lib/python3.12/site-packages/urllib3/connectionpool.py:1110: InsecureRequestWarning: Unverified HTTPS request is being made to host '[LB_IP_ADDRESS]'. Adding certificate verification is strongly advised. See: https://urllib3.readthedocs.io/en/latest/advanced-usage.html#tls-warnings
  warnings.warn(

2026-10-08 19:43:55.344 87 INFO cinder.volume.flows.manager.create_volume [None req-91da8f2b-6c47-4736-8794-1c0acd87c744 40a363d2c1ef41d090bd10af0eeba4d2 ec94b7a890ea410da22eacc65a0e036b - - - -] Volume vol_c3ff24b1-296c-4ef9-8141-de06d14035a4 (c3ff24b1-296c-4ef9-8141-de06d14035a4): created successfully
2026-10-08 19:43:55.353 87 INFO cinder.volume.manager [None req-91da8f2b-6c47-4736-8794-1c0acd87c744 40a363d2c1ef41d090bd10af0eeba4d2 ec94b7a890ea410da22eacc65a0e036b - - - -] Created volume successfully.
2026-10-08 19:43:55.500 87 INFO cinder.volume.drivers.lightos [None req-14d1af38-fc56-4a43-ba19-73a5aa07fc9b a05b7ecbd8af4e1f91f93828c5e11a4f eaa275da003d4f7895a0ad25bb65ba8e - - default default] Invoking delete_volume using DELETE url: /api/v2/projects/default/volumes/730303d1-f94d-4794-867e-431927e11e09?             request.body:  ssl_verify: False
2026-10-08 19:43:55.537 87 WARNING py.warnings [None req-14d1af38-fc56-4a43-ba19-73a5aa07fc9b a05b7ecbd8af4e1f91f93828c5e11a4f eaa275da003d4f7895a0ad25bb65ba8e - - default default] /var/lib/kolla/venv/lib/python3.12/site-packages/urllib3/connectionpool.py:1110: InsecureRequestWarning: Unverified HTTPS request is being made to host '[LB_IP_ADDRESS]'. Adding certificate verification is strongly advised. See: https://urllib3.readthedocs.io/en/latest/advanced-usage.html#tls-warnings
  warnings.warn(

2026-10-08 19:43:55.572 87 INFO cinder.volume.drivers.lightos [None req-14d1af38-fc56-4a43-ba19-73a5aa07fc9b a05b7ecbd8af4e1f91f93828c5e11a4f eaa275da003d4f7895a0ad25bb65ba8e - - default default] Invoking get_volume using GET url: /api/v2/projects/default/volumes/730303d1-f94d-4794-867e-431927e11e09             request.body: {} ssl_verify: False
2026-10-08 19:43:55.622 87 WARNING py.warnings [None req-14d1af38-fc56-4a43-ba19-73a5aa07fc9b a05b7ecbd8af4e1f91f93828c5e11a4f eaa275da003d4f7895a0ad25bb65ba8e - - default default] /var/lib/kolla/venv/lib/python3.12/site-packages/urllib3/connectionpool.py:1110: InsecureRequestWarning: Unverified HTTPS request is being made to host '[LB_IP_ADDRESS]'. Adding certificate verification is strongly advised. See: https://urllib3.readthedocs.io/en/latest/advanced-usage.html#tls-warnings
  warnings.warn(

2026-10-08 19:43:55.758 87 INFO cinder.volume.manager [None req-14d1af38-fc56-4a43-ba19-73a5aa07fc9b a05b7ecbd8af4e1f91f93828c5e11a4f eaa275da003d4f7895a0ad25bb65ba8e - - default default] Deleted volume successfully.
2026-10-08 19:43:56.737 87 INFO cinder.volume.flows.manager.create_volume [None req-a4102826-0d25-46ae-a64c-17a341fd1514 40a363d2c1ef41d090bd10af0eeba4d2 ec94b7a890ea410da22eacc65a0e036b - - - -] Volume 7ecbfe57-d0f7-4dee-9033-af5659e54f83: being created as raw with specification: {'status': 'creating', 'volume_name': 'vol_7ecbfe57-d0f7-4dee-9033-af5659e54f83', 'volume_size': 1}
2026-10-08 19:43:56.737 87 INFO cinder.volume.drivers.lightos [None req-a4102826-0d25-46ae-a64c-17a341fd1514 40a363d2c1ef41d090bd10af0eeba4d2 ec94b7a890ea410da22eacc65a0e036b - - - -] Invoking get_volume_by_name using GET url: /api/v2/projects/default/volumes/?name=vol_7ecbfe57-d0f7-4dee-9033-af5659e54f83             request.body: {} ssl_verify: False
2026-10-08 19:43:56.776 87 WARNING py.warnings [None req-a4102826-0d25-46ae-a64c-17a341fd1514 40a363d2c1ef41d090bd10af0eeba4d2 ec94b7a890ea410da22eacc65a0e036b - - - -] /var/lib/kolla/venv/lib/python3.12/site-packages/urllib3/connectionpool.py:1110: InsecureRequestWarning: Unverified HTTPS request is being made to host '[LB_IP_ADDRESS]'. Adding certificate verification is strongly advised. See: https://urllib3.readthedocs.io/en/latest/advanced-usage.html#tls-warnings
  warnings.warn(

2026-10-08 19:43:56.796 87 INFO cinder.volume.drivers.lightos [None req-a4102826-0d25-46ae-a64c-17a341fd1514 40a363d2c1ef41d090bd10af0eeba4d2 ec94b7a890ea410da22eacc65a0e036b - - - -] Invoking create_volume using POST url: /api/v2/projects/default/volumes             request.body: {'name': 'vol_7ecbfe57-d0f7-4dee-9033-af5659e54f83', 'size': '1 gib', 'replicaCount': '3', 'compression': 'False', 'acl': {'values': ['ALLOW_NONE']}, 'IPAcl': {'values': ['ALLOW_NONE']}, 'sourceSnapshotUUID': None, 'sourceSnapshotName': None} ssl_verify: False
2026-10-08 19:43:56.839 87 WARNING py.warnings [None req-a4102826-0d25-46ae-a64c-17a341fd1514 40a363d2c1ef41d090bd10af0eeba4d2 ec94b7a890ea410da22eacc65a0e036b - - - -] /var/lib/kolla/venv/lib/python3.12/site-packages/urllib3/connectionpool.py:1110: InsecureRequestWarning: Unverified HTTPS request is being made to host '[LB_IP_ADDRESS]'. Adding certificate verification is strongly advised. See: https://urllib3.readthedocs.io/en/latest/advanced-usage.html#tls-warnings
  warnings.warn(

2026-10-08 19:43:56.895 87 INFO cinder.volume.drivers.lightos [None req-a4102826-0d25-46ae-a64c-17a341fd1514 40a363d2c1ef41d090bd10af0eeba4d2 ec94b7a890ea410da22eacc65a0e036b - - - -] Invoking get_volume using GET url: /api/v2/projects/default/volumes/7ff8a155-3c14-42f3-bda4-5831e7a13488             request.body: {} ssl_verify: False
2026-10-08 19:43:56.951 87 WARNING py.warnings [None req-a4102826-0d25-46ae-a64c-17a341fd1514 40a363d2c1ef41d090bd10af0eeba4d2 ec94b7a890ea410da22eacc65a0e036b - - - -] /var/lib/kolla/venv/lib/python3.12/site-packages/urllib3/connectionpool.py:1110: InsecureRequestWarning: Unverified HTTPS request is being made to host '[LB_IP_ADDRESS]'. Adding certificate verification is strongly advised. See: https://urllib3.readthedocs.io/en/latest/advanced-usage.html#tls-warnings
  warnings.warn(

2026-10-08 19:43:56.979 87 INFO cinder.volume.flows.manager.create_volume [None req-a4102826-0d25-46ae-a64c-17a341fd1514 40a363d2c1ef41d090bd10af0eeba4d2 ec94b7a890ea410da22eacc65a0e036b - - - -] Volume vol_7ecbfe57-d0f7-4dee-9033-af5659e54f83 (7ecbfe57-d0f7-4dee-9033-af5659e54f83): created successfully
2026-10-08 19:43:56.986 87 INFO cinder.volume.manager [None req-a4102826-0d25-46ae-a64c-17a341fd1514 40a363d2c1ef41d090bd10af0eeba4d2 ec94b7a890ea410da22eacc65a0e036b - - - -] Created volume successfully.
2026-10-08 19:43:58.350 87 INFO cinder.volume.flows.manager.create_volume [None req-1ef3314f-68e5-4380-a6b8-c3174e87c942 40a363d2c1ef41d090bd10af0eeba4d2 ec94b7a890ea410da22eacc65a0e036b - - - -] Volume 8a143724-1f96-48f7-ada2-ccb99ff1dcc2: being created as raw with specification: {'status': 'creating', 'volume_name': 'vol_8a143724-1f96-48f7-ada2-ccb99ff1dcc2', 'volume_size': 1}
2026-10-08 19:43:58.351 87 INFO cinder.volume.drivers.lightos [None req-1ef3314f-68e5-4380-a6b8-c3174e87c942 40a363d2c1ef41d090bd10af0eeba4d2 ec94b7a890ea410da22eacc65a0e036b - - - -] Invoking get_volume_by_name using GET url: /api/v2/projects/default/volumes/?name=vol_8a143724-1f96-48f7-ada2-ccb99ff1dcc2             request.body: {} ssl_verify: False
2026-10-08 19:43:58.387 87 WARNING py.warnings [None req-1ef3314f-68e5-4380-a6b8-c3174e87c942 40a363d2c1ef41d090bd10af0eeba4d2 ec94b7a890ea410da22eacc65a0e036b - - - -] /var/lib/kolla/venv/lib/python3.12/site-packages/urllib3/connectionpool.py:1110: InsecureRequestWarning: Unverified HTTPS request is being made to host '[LB_IP_ADDRESS]'. Adding certificate verification is strongly advised. See: https://urllib3.readthedocs.io/en/latest/advanced-usage.html#tls-warnings
  warnings.warn(

2026-10-08 19:43:58.400 87 INFO cinder.volume.drivers.lightos [None req-1ef3314f-68e5-4380-a6b8-c3174e87c942 40a363d2c1ef41d090bd10af0eeba4d2 ec94b7a890ea410da22eacc65a0e036b - - - -] Invoking create_volume using POST url: /api/v2/projects/default/volumes             request.body: {'name': 'vol_8a143724-1f96-48f7-ada2-ccb99ff1dcc2', 'size': '1 gib', 'replicaCount': '3', 'compression': 'False', 'acl': {'values': ['ALLOW_NONE']}, 'IPAcl': {'values': ['ALLOW_NONE']}, 'sourceSnapshotUUID': None, 'sourceSnapshotName': None} ssl_verify: False
2026-10-08 19:43:58.448 87 WARNING py.warnings [None req-1ef3314f-68e5-4380-a6b8-c3174e87c942 40a363d2c1ef41d090bd10af0eeba4d2 ec94b7a890ea410da22eacc65a0e036b - - - -] /var/lib/kolla/venv/lib/python3.12/site-packages/urllib3/connectionpool.py:1110: InsecureRequestWarning: Unverified HTTPS request is being made to host '[LB_IP_ADDRESS]'. Adding certificate verification is strongly advised. See: https://urllib3.readthedocs.io/en/latest/advanced-usage.html#tls-warnings
  warnings.warn(

2026-10-08 19:43:58.516 87 INFO cinder.volume.drivers.lightos [None req-1ef3314f-68e5-4380-a6b8-c3174e87c942 40a363d2c1ef41d090bd10af0eeba4d2 ec94b7a890ea410da22eacc65a0e036b - - - -] Invoking get_volume using GET url: /api/v2/projects/default/volumes/86cb151b-8f9b-45b8-90f5-4e4b95995836             request.body: {} ssl_verify: False
2026-10-08 19:43:58.561 87 WARNING py.warnings [None req-1ef3314f-68e5-4380-a6b8-c3174e87c942 40a363d2c1ef41d090bd10af0eeba4d2 ec94b7a890ea410da22eacc65a0e036b - - - -] /var/lib/kolla/venv/lib/python3.12/site-packages/urllib3/connectionpool.py:1110: InsecureRequestWarning: Unverified HTTPS request is being made to host '[LB_IP_ADDRESS]'. Adding certificate verification is strongly advised. See: https://urllib3.readthedocs.io/en/latest/advanced-usage.html#tls-warnings
  warnings.warn(

2026-10-08 19:43:59.407 87 INFO cinder.volume.manager [None req-0ffcfcd6-5681-4b86-ba02-98f380c47a00 982f0a03e253439691893043ca9fd372 59996ba52b0343199f6cffa955969985 - - - -] Group tempest-GroupsV314Test-Group-515768545: creating
2026-10-08 19:43:59.426 87 INFO cinder.volume.manager [None req-0ffcfcd6-5681-4b86-ba02-98f380c47a00 982f0a03e253439691893043ca9fd372 59996ba52b0343199f6cffa955969985 - - - -] Group tempest-GroupsV314Test-Group-515768545: created successfully
2026-10-08 19:43:59.433 87 INFO cinder.volume.manager [None req-0ffcfcd6-5681-4b86-ba02-98f380c47a00 982f0a03e253439691893043ca9fd372 59996ba52b0343199f6cffa955969985 - - - -] Create group completed successfully.
2026-10-08 19:43:59.574 87 INFO cinder.volume.drivers.lightos [None req-1ef3314f-68e5-4380-a6b8-c3174e87c942 40a363d2c1ef41d090bd10af0eeba4d2 ec94b7a890ea410da22eacc65a0e036b - - - -] Invoking get_volume using GET url: /api/v2/projects/default/volumes/86cb151b-8f9b-45b8-90f5-4e4b95995836             request.body: {} ssl_verify: False
2026-10-08 19:43:59.620 87 WARNING py.warnings [None req-1ef3314f-68e5-4380-a6b8-c3174e87c942 40a363d2c1ef41d090bd10af0eeba4d2 ec94b7a890ea410da22eacc65a0e036b - - - -] /var/lib/kolla/venv/lib/python3.12/site-packages/urllib3/connectionpool.py:1110: InsecureRequestWarning: Unverified HTTPS request is being made to host '[LB_IP_ADDRESS]'. Adding certificate verification is strongly advised. See: https://urllib3.readthedocs.io/en/latest/advanced-usage.html#tls-warnings
  warnings.warn(

2026-10-08 19:43:59.653 87 INFO cinder.volume.flows.manager.create_volume [None req-1ef3314f-68e5-4380-a6b8-c3174e87c942 40a363d2c1ef41d090bd10af0eeba4d2 ec94b7a890ea410da22eacc65a0e036b - - - -] Volume vol_8a143724-1f96-48f7-ada2-ccb99ff1dcc2 (8a143724-1f96-48f7-ada2-ccb99ff1dcc2): created successfully
2026-10-08 19:43:59.663 87 INFO cinder.volume.manager [None req-1ef3314f-68e5-4380-a6b8-c3174e87c942 40a363d2c1ef41d090bd10af0eeba4d2 ec94b7a890ea410da22eacc65a0e036b - - - -] Created volume successfully.
2026-10-08 19:44:01.009 87 INFO cinder.volume.flows.manager.create_volume [None req-b80c6c61-fd56-4bfb-89a3-cf24a59a7a59 982f0a03e253439691893043ca9fd372 59996ba52b0343199f6cffa955969985 - - - -] Volume 7c99402e-feb1-41d1-807d-eb0d9d620f9a: being created as raw with specification: {'status': 'creating', 'volume_name': 'vol_7c99402e-feb1-41d1-807d-eb0d9d620f9a', 'volume_size': 1}
2026-10-08 19:44:01.010 87 INFO cinder.volume.drivers.lightos [None req-b80c6c61-fd56-4bfb-89a3-cf24a59a7a59 982f0a03e253439691893043ca9fd372 59996ba52b0343199f6cffa955969985 - - - -] Invoking get_volume_by_name using GET url: /api/v2/projects/default/volumes/?name=vol_7c99402e-feb1-41d1-807d-eb0d9d620f9a             request.body: {} ssl_verify: False
2026-10-08 19:44:01.048 87 WARNING py.warnings [None req-b80c6c61-fd56-4bfb-89a3-cf24a59a7a59 982f0a03e253439691893043ca9fd372 59996ba52b0343199f6cffa955969985 - - - -] /var/lib/kolla/venv/lib/python3.12/site-packages/urllib3/connectionpool.py:1110: InsecureRequestWarning: Unverified HTTPS request is being made to host '[LB_IP_ADDRESS]'. Adding certificate verification is strongly advised. See: https://urllib3.readthedocs.io/en/latest/advanced-usage.html#tls-warnings
  warnings.warn(

2026-10-08 19:44:01.065 87 INFO cinder.volume.drivers.lightos [None req-b80c6c61-fd56-4bfb-89a3-cf24a59a7a59 982f0a03e253439691893043ca9fd372 59996ba52b0343199f6cffa955969985 - - - -] Invoking create_volume using POST url: /api/v2/projects/default/volumes             request.body: {'name': 'vol_7c99402e-feb1-41d1-807d-eb0d9d620f9a', 'size': '1 gib', 'replicaCount': '3', 'compression': 'False', 'acl': {'values': ['ALLOW_NONE']}, 'IPAcl': {'values': ['ALLOW_NONE']}, 'sourceSnapshotUUID': None, 'sourceSnapshotName': None} ssl_verify: False
2026-10-08 19:44:01.108 87 WARNING py.warnings [None req-b80c6c61-fd56-4bfb-89a3-cf24a59a7a59 982f0a03e253439691893043ca9fd372 59996ba52b0343199f6cffa955969985 - - - -] /var/lib/kolla/venv/lib/python3.12/site-packages/urllib3/connectionpool.py:1110: InsecureRequestWarning: Unverified HTTPS request is being made to host '[LB_IP_ADDRESS]'. Adding certificate verification is strongly advised. See: https://urllib3.readthedocs.io/en/latest/advanced-usage.html#tls-warnings
  warnings.warn(

2026-10-08 19:44:01.135 87 INFO cinder.volume.drivers.lightos [None req-b80c6c61-fd56-4bfb-89a3-cf24a59a7a59 982f0a03e253439691893043ca9fd372 59996ba52b0343199f6cffa955969985 - - - -] Invoking get_volume using GET url: /api/v2/projects/default/volumes/9b76089b-b6de-420c-986b-a7686166b915             request.body: {} ssl_verify: False
2026-10-08 19:44:01.172 87 INFO cinder.volume.flows.manager.create_volume [None req-c2c1dffb-cb16-456d-bdd1-4f74c2396d75 f1c25a3eb271410b86dcfff7a23e1e67 c32e6ffd6401424d8cb90dbf0842120b - - - -] Volume 8f7eef9d-7fcf-454e-ba44-df8f5f057a68: being created as raw with specification: {'status': 'creating', 'volume_name': 'vol_8f7eef9d-7fcf-454e-ba44-df8f5f057a68', 'volume_size': 1}
2026-10-08 19:44:01.173 87 INFO cinder.volume.drivers.lightos [None req-c2c1dffb-cb16-456d-bdd1-4f74c2396d75 f1c25a3eb271410b86dcfff7a23e1e67 c32e6ffd6401424d8cb90dbf0842120b - - - -] Invoking get_volume_by_name using GET url: /api/v2/projects/default/volumes/?name=vol_8f7eef9d-7fcf-454e-ba44-df8f5f057a68             request.body: {} ssl_verify: False
2026-10-08 19:44:01.175 87 WARNING py.warnings [None req-b80c6c61-fd56-4bfb-89a3-cf24a59a7a59 982f0a03e253439691893043ca9fd372 59996ba52b0343199f6cffa955969985 - - - -] /var/lib/kolla/venv/lib/python3.12/site-packages/urllib3/connectionpool.py:1110: InsecureRequestWarning: Unverified HTTPS request is being made to host '[LB_IP_ADDRESS]'. Adding certificate verification is strongly advised. See: https://urllib3.readthedocs.io/en/latest/advanced-usage.html#tls-warnings
  warnings.warn(

2026-10-08 19:44:01.209 87 WARNING py.warnings [None req-c2c1dffb-cb16-456d-bdd1-4f74c2396d75 f1c25a3eb271410b86dcfff7a23e1e67 c32e6ffd6401424d8cb90dbf0842120b - - - -] /var/lib/kolla/venv/lib/python3.12/site-packages/urllib3/connectionpool.py:1110: InsecureRequestWarning: Unverified HTTPS request is being made to host '[LB_IP_ADDRESS]'. Adding certificate verification is strongly advised. See: https://urllib3.readthedocs.io/en/latest/advanced-usage.html#tls-warnings
  warnings.warn(

2026-10-08 19:44:01.218 87 INFO cinder.volume.drivers.lightos [None req-c2c1dffb-cb16-456d-bdd1-4f74c2396d75 f1c25a3eb271410b86dcfff7a23e1e67 c32e6ffd6401424d8cb90dbf0842120b - - - -] Invoking create_volume using POST url: /api/v2/projects/default/volumes             request.body: {'name': 'vol_8f7eef9d-7fcf-454e-ba44-df8f5f057a68', 'size': '1 gib', 'replicaCount': '3', 'compression': 'False', 'acl': {'values': ['ALLOW_NONE']}, 'IPAcl': {'values': ['ALLOW_NONE']}, 'sourceSnapshotUUID': None, 'sourceSnapshotName': None} ssl_verify: False
2026-10-08 19:44:01.259 87 WARNING py.warnings [None req-c2c1dffb-cb16-456d-bdd1-4f74c2396d75 f1c25a3eb271410b86dcfff7a23e1e67 c32e6ffd6401424d8cb90dbf0842120b - - - -] /var/lib/kolla/venv/lib/python3.12/site-packages/urllib3/connectionpool.py:1110: InsecureRequestWarning: Unverified HTTPS request is being made to host '[LB_IP_ADDRESS]'. Adding certificate verification is strongly advised. See: https://urllib3.readthedocs.io/en/latest/advanced-usage.html#tls-warnings
  warnings.warn(

2026-10-08 19:44:01.285 87 INFO cinder.volume.drivers.lightos [None req-c2c1dffb-cb16-456d-bdd1-4f74c2396d75 f1c25a3eb271410b86dcfff7a23e1e67 c32e6ffd6401424d8cb90dbf0842120b - - - -] Invoking get_volume using GET url: /api/v2/projects/default/volumes/52148556-65f3-4431-ab7a-365bcbea1348             request.body: {} ssl_verify: False
2026-10-08 19:44:01.328 87 WARNING py.warnings [None req-c2c1dffb-cb16-456d-bdd1-4f74c2396d75 f1c25a3eb271410b86dcfff7a23e1e67 c32e6ffd6401424d8cb90dbf0842120b - - - -] /var/lib/kolla/venv/lib/python3.12/site-packages/urllib3/connectionpool.py:1110: InsecureRequestWarning: Unverified HTTPS request is being made to host '[LB_IP_ADDRESS]'. Adding certificate verification is strongly advised. See: https://urllib3.readthedocs.io/en/latest/advanced-usage.html#tls-warnings
  warnings.warn(

2026-10-08 19:44:02.204 87 INFO cinder.volume.drivers.lightos [None req-b80c6c61-fd56-4bfb-89a3-cf24a59a7a59 982f0a03e253439691893043ca9fd372 59996ba52b0343199f6cffa955969985 - - - -] Invoking get_volume using GET url: /api/v2/projects/default/volumes/9b76089b-b6de-420c-986b-a7686166b915             request.body: {} ssl_verify: False
2026-10-08 19:44:02.248 87 WARNING py.warnings [None req-b80c6c61-fd56-4bfb-89a3-cf24a59a7a59 982f0a03e253439691893043ca9fd372 59996ba52b0343199f6cffa955969985 - - - -] /var/lib/kolla/venv/lib/python3.12/site-packages/urllib3/connectionpool.py:1110: InsecureRequestWarning: Unverified HTTPS request is being made to host '[LB_IP_ADDRESS]'. Adding certificate verification is strongly advised. See: https://urllib3.readthedocs.io/en/latest/advanced-usage.html#tls-warnings
  warnings.warn(

2026-10-08 19:44:02.275 87 INFO cinder.volume.flows.manager.create_volume [None req-b80c6c61-fd56-4bfb-89a3-cf24a59a7a59 982f0a03e253439691893043ca9fd372 59996ba52b0343199f6cffa955969985 - - - -] Volume vol_7c99402e-feb1-41d1-807d-eb0d9d620f9a (7c99402e-feb1-41d1-807d-eb0d9d620f9a): created successfully
2026-10-08 19:44:02.282 87 INFO cinder.volume.manager [None req-b80c6c61-fd56-4bfb-89a3-cf24a59a7a59 982f0a03e253439691893043ca9fd372 59996ba52b0343199f6cffa955969985 - - - -] Created volume successfully.
2026-10-08 19:44:02.349 87 INFO cinder.volume.drivers.lightos [None req-c2c1dffb-cb16-456d-bdd1-4f74c2396d75 f1c25a3eb271410b86dcfff7a23e1e67 c32e6ffd6401424d8cb90dbf0842120b - - - -] Invoking get_volume using GET url: /api/v2/projects/default/volumes/52148556-65f3-4431-ab7a-365bcbea1348             request.body: {} ssl_verify: False
2026-10-08 19:44:02.393 87 WARNING py.warnings [None req-c2c1dffb-cb16-456d-bdd1-4f74c2396d75 f1c25a3eb271410b86dcfff7a23e1e67 c32e6ffd6401424d8cb90dbf0842120b - - - -] /var/lib/kolla/venv/lib/python3.12/site-packages/urllib3/connectionpool.py:1110: InsecureRequestWarning: Unverified HTTPS request is being made to host '[LB_IP_ADDRESS]'. Adding certificate verification is strongly advised. See: https://urllib3.readthedocs.io/en/latest/advanced-usage.html#tls-warnings
  warnings.warn(

2026-10-08 19:44:02.429 87 INFO cinder.volume.flows.manager.create_volume [None req-c2c1dffb-cb16-456d-bdd1-4f74c2396d75 f1c25a3eb271410b86dcfff7a23e1e67 c32e6ffd6401424d8cb90dbf0842120b - - - -] Volume vol_8f7eef9d-7fcf-454e-ba44-df8f5f057a68 (8f7eef9d-7fcf-454e-ba44-df8f5f057a68): created successfully
2026-10-08 19:44:02.436 87 INFO cinder.volume.manager [None req-c2c1dffb-cb16-456d-bdd1-4f74c2396d75 f1c25a3eb271410b86dcfff7a23e1e67 c32e6ffd6401424d8cb90dbf0842120b - - - -] Created volume successfully.
2026-10-08 19:44:03.350 87 INFO cinder.volume.drivers.lightos [None req-19aeef04-1821-4035-88b7-d35b4cbfe001 f1c25a3eb271410b86dcfff7a23e1e67 c32e6ffd6401424d8cb90dbf0842120b - - default default] Invoking delete_volume using DELETE url: /api/v2/projects/default/volumes/52148556-65f3-4431-ab7a-365bcbea1348?             request.body:  ssl_verify: False
2026-10-08 19:44:03.385 87 WARNING py.warnings [None req-19aeef04-1821-4035-88b7-d35b4cbfe001 f1c25a3eb271410b86dcfff7a23e1e67 c32e6ffd6401424d8cb90dbf0842120b - - default default] /var/lib/kolla/venv/lib/python3.12/site-packages/urllib3/connectionpool.py:1110: InsecureRequestWarning: Unverified HTTPS request is being made to host '[LB_IP_ADDRESS]'. Adding certificate verification is strongly advised. See: https://urllib3.readthedocs.io/en/latest/advanced-usage.html#tls-warnings
  warnings.warn(

2026-10-08 19:44:03.419 87 INFO cinder.volume.drivers.lightos [None req-19aeef04-1821-4035-88b7-d35b4cbfe001 f1c25a3eb271410b86dcfff7a23e1e67 c32e6ffd6401424d8cb90dbf0842120b - - default default] Invoking get_volume using GET url: /api/v2/projects/default/volumes/52148556-65f3-4431-ab7a-365bcbea1348             request.body: {} ssl_verify: False
2026-10-08 19:44:03.475 87 WARNING py.warnings [None req-19aeef04-1821-4035-88b7-d35b4cbfe001 f1c25a3eb271410b86dcfff7a23e1e67 c32e6ffd6401424d8cb90dbf0842120b - - default default] /var/lib/kolla/venv/lib/python3.12/site-packages/urllib3/connectionpool.py:1110: InsecureRequestWarning: Unverified HTTPS request is being made to host '[LB_IP_ADDRESS]'. Adding certificate verification is strongly advised. See: https://urllib3.readthedocs.io/en/latest/advanced-usage.html#tls-warnings
  warnings.warn(

2026-10-08 19:44:03.478 87 INFO cinder.volume.drivers.lightos [None req-09048d17-a655-4f08-ae4f-778716b13b57 40a363d2c1ef41d090bd10af0eeba4d2 ec94b7a890ea410da22eacc65a0e036b - - default default] Invoking delete_volume using DELETE url: /api/v2/projects/default/volumes/86cb151b-8f9b-45b8-90f5-4e4b95995836?             request.body:  ssl_verify: False
2026-10-08 19:44:03.512 87 WARNING py.warnings [None req-09048d17-a655-4f08-ae4f-778716b13b57 40a363d2c1ef41d090bd10af0eeba4d2 ec94b7a890ea410da22eacc65a0e036b - - default default] /var/lib/kolla/venv/lib/python3.12/site-packages/urllib3/connectionpool.py:1110: InsecureRequestWarning: Unverified HTTPS request is being made to host '[LB_IP_ADDRESS]'. Adding certificate verification is strongly advised. See: https://urllib3.readthedocs.io/en/latest/advanced-usage.html#tls-warnings
  warnings.warn(

2026-10-08 19:44:03.578 87 INFO cinder.volume.drivers.lightos [None req-09048d17-a655-4f08-ae4f-778716b13b57 40a363d2c1ef41d090bd10af0eeba4d2 ec94b7a890ea410da22eacc65a0e036b - - default default] Invoking get_volume using GET url: /api/v2/projects/default/volumes/86cb151b-8f9b-45b8-90f5-4e4b95995836             request.body: {} ssl_verify: False
2026-10-08 19:44:03.611 87 WARNING py.warnings [None req-09048d17-a655-4f08-ae4f-778716b13b57 40a363d2c1ef41d090bd10af0eeba4d2 ec94b7a890ea410da22eacc65a0e036b - - default default] /var/lib/kolla/venv/lib/python3.12/site-packages/urllib3/connectionpool.py:1110: InsecureRequestWarning: Unverified HTTPS request is being made to host '[LB_IP_ADDRESS]'. Adding certificate verification is strongly advised. See: https://urllib3.readthedocs.io/en/latest/advanced-usage.html#tls-warnings
  warnings.warn(

2026-10-08 19:44:03.659 87 INFO cinder.volume.manager [None req-19aeef04-1821-4035-88b7-d35b4cbfe001 f1c25a3eb271410b86dcfff7a23e1e67 c32e6ffd6401424d8cb90dbf0842120b - - default default] Deleted volume successfully.
2026-10-08 19:44:03.744 87 INFO cinder.volume.manager [None req-09048d17-a655-4f08-ae4f-778716b13b57 40a363d2c1ef41d090bd10af0eeba4d2 ec94b7a890ea410da22eacc65a0e036b - - default default] Deleted volume successfully.
2026-10-08 19:44:04.375 87 INFO cinder.volume.drivers.lightos [None req-79605094-b45e-4c2d-ad70-a956ddfbf4f7 982f0a03e253439691893043ca9fd372 59996ba52b0343199f6cffa955969985 - - default default] Invoking get_snapshot_by_name using GET url: /api/v2/projects/default/snapshots/?Name=for_clone_1db40276-7817-47d6-8e73-468b054715d3             request.body: {} ssl_verify: False
2026-10-08 19:44:04.413 87 WARNING py.warnings [None req-79605094-b45e-4c2d-ad70-a956ddfbf4f7 982f0a03e253439691893043ca9fd372 59996ba52b0343199f6cffa955969985 - - default default] /var/lib/kolla/venv/lib/python3.12/site-packages/urllib3/connectionpool.py:1110: InsecureRequestWarning: Unverified HTTPS request is being made to host '[LB_IP_ADDRESS]'. Adding certificate verification is strongly advised. See: https://urllib3.readthedocs.io/en/latest/advanced-usage.html#tls-warnings
  warnings.warn(
: NotImplementedError
2026-10-08 19:44:04.429 87 INFO cinder.volume.drivers.lightos [None req-79605094-b45e-4c2d-ad70-a956ddfbf4f7 982f0a03e253439691893043ca9fd372 59996ba52b0343199f6cffa955969985 - - default default] Invoking create_snapshot using POST url: /api/v2/projects/default/snapshots             request.body: {'name': 'for_clone_1db40276-7817-47d6-8e73-468b054715d3', 'sourceVolumeUUID': None, 'sourceVolumeName': 'vol_7c99402e-feb1-41d1-807d-eb0d9d620f9a'} ssl_verify: False
2026-10-08 19:44:04.475 87 WARNING py.warnings [None req-79605094-b45e-4c2d-ad70-a956ddfbf4f7 982f0a03e253439691893043ca9fd372 59996ba52b0343199f6cffa955969985 - - default default] /var/lib/kolla/venv/lib/python3.12/site-packages/urllib3/connectionpool.py:1110: InsecureRequestWarning: Unverified HTTPS request is being made to host '[LB_IP_ADDRESS]'. Adding certificate verification is strongly advised. See: https://urllib3.readthedocs.io/en/latest/advanced-usage.html#tls-warnings
  warnings.warn(
: NotImplementedError
2026-10-08 19:44:04.571 87 INFO cinder.volume.drivers.lightos [None req-79605094-b45e-4c2d-ad70-a956ddfbf4f7 982f0a03e253439691893043ca9fd372 59996ba52b0343199f6cffa955969985 - - default default] Invoking get_snapshot_by_name using GET url: /api/v2/projects/default/snapshots/?Name=for_clone_1db40276-7817-47d6-8e73-468b054715d3             request.body: {} ssl_verify: False
2026-10-08 19:44:04.611 87 WARNING py.warnings [None req-79605094-b45e-4c2d-ad70-a956ddfbf4f7 982f0a03e253439691893043ca9fd372 59996ba52b0343199f6cffa955969985 - - default default] /var/lib/kolla/venv/lib/python3.12/site-packages/urllib3/connectionpool.py:1110: InsecureRequestWarning: Unverified HTTPS request is being made to host '[LB_IP_ADDRESS]'. Adding certificate verification is strongly advised. See: https://urllib3.readthedocs.io/en/latest/advanced-usage.html#tls-warnings
  warnings.warn(
: NotImplementedError
2026-10-08 19:44:04.636 87 INFO cinder.volume.drivers.lightos [None req-fc84845a-ea86-494c-ba91-ef9193ae4387 40a363d2c1ef41d090bd10af0eeba4d2 ec94b7a890ea410da22eacc65a0e036b - - default default] Invoking delete_volume using DELETE url: /api/v2/projects/default/volumes/7ff8a155-3c14-42f3-bda4-5831e7a13488?             request.body:  ssl_verify: False
2026-10-08 19:44:04.671 87 WARNING py.warnings [None req-fc84845a-ea86-494c-ba91-ef9193ae4387 40a363d2c1ef41d090bd10af0eeba4d2 ec94b7a890ea410da22eacc65a0e036b - - default default] /var/lib/kolla/venv/lib/python3.12/site-packages/urllib3/connectionpool.py:1110: InsecureRequestWarning: Unverified HTTPS request is being made to host '[LB_IP_ADDRESS]'. Adding certificate verification is strongly advised. See: https://urllib3.readthedocs.io/en/latest/advanced-usage.html#tls-warnings
  warnings.warn(

2026-10-08 19:44:04.705 87 INFO cinder.volume.drivers.lightos [None req-fc84845a-ea86-494c-ba91-ef9193ae4387 40a363d2c1ef41d090bd10af0eeba4d2 ec94b7a890ea410da22eacc65a0e036b - - default default] Invoking get_volume using GET url: /api/v2/projects/default/volumes/7ff8a155-3c14-42f3-bda4-5831e7a13488             request.body: {} ssl_verify: False
2026-10-08 19:44:04.746 87 WARNING py.warnings [None req-fc84845a-ea86-494c-ba91-ef9193ae4387 40a363d2c1ef41d090bd10af0eeba4d2 ec94b7a890ea410da22eacc65a0e036b - - default default] /var/lib/kolla/venv/lib/python3.12/site-packages/urllib3/connectionpool.py:1110: InsecureRequestWarning: Unverified HTTPS request is being made to host '[LB_IP_ADDRESS]'. Adding certificate verification is strongly advised. See: https://urllib3.readthedocs.io/en/latest/advanced-usage.html#tls-warnings
  warnings.warn(

2026-10-08 19:44:04.883 87 INFO cinder.volume.manager [None req-fc84845a-ea86-494c-ba91-ef9193ae4387 40a363d2c1ef41d090bd10af0eeba4d2 ec94b7a890ea410da22eacc65a0e036b - - default default] Deleted volume successfully.
2026-10-08 19:44:05.624 87 INFO cinder.volume.drivers.lightos [None req-79605094-b45e-4c2d-ad70-a956ddfbf4f7 982f0a03e253439691893043ca9fd372 59996ba52b0343199f6cffa955969985 - - default default] Invoking get_snapshot_by_name using GET url: /api/v2/projects/default/snapshots/?Name=for_clone_1db40276-7817-47d6-8e73-468b054715d3             request.body: {} ssl_verify: False
2026-10-08 19:44:05.672 87 WARNING py.warnings [None req-79605094-b45e-4c2d-ad70-a956ddfbf4f7 982f0a03e253439691893043ca9fd372 59996ba52b0343199f6cffa955969985 - - default default] /var/lib/kolla/venv/lib/python3.12/site-packages/urllib3/connectionpool.py:1110: InsecureRequestWarning: Unverified HTTPS request is being made to host '[LB_IP_ADDRESS]'. Adding certificate verification is strongly advised. See: https://urllib3.readthedocs.io/en/latest/advanced-usage.html#tls-warnings
  warnings.warn(
: NotImplementedError
2026-10-08 19:44:05.687 87 INFO cinder.volume.drivers.lightos [None req-79605094-b45e-4c2d-ad70-a956ddfbf4f7 982f0a03e253439691893043ca9fd372 59996ba52b0343199f6cffa955969985 - - default default] Invoking get_volume_by_name using GET url: /api/v2/projects/default/volumes/?name=vol_1db40276-7817-47d6-8e73-468b054715d3             request.body: {} ssl_verify: False
2026-10-08 19:44:05.732 87 WARNING py.warnings [None req-79605094-b45e-4c2d-ad70-a956ddfbf4f7 982f0a03e253439691893043ca9fd372 59996ba52b0343199f6cffa955969985 - - default default] /var/lib/kolla/venv/lib/python3.12/site-packages/urllib3/connectionpool.py:1110: InsecureRequestWarning: Unverified HTTPS request is being made to host '[LB_IP_ADDRESS]'. Adding certificate verification is strongly advised. See: https://urllib3.readthedocs.io/en/latest/advanced-usage.html#tls-warnings
  warnings.warn(
: NotImplementedError
2026-10-08 19:44:05.744 87 INFO cinder.volume.drivers.lightos [None req-79605094-b45e-4c2d-ad70-a956ddfbf4f7 982f0a03e253439691893043ca9fd372 59996ba52b0343199f6cffa955969985 - - default default] Invoking create_volume using POST url: /api/v2/projects/default/volumes             request.body: {'name': 'vol_1db40276-7817-47d6-8e73-468b054715d3', 'size': '1 gib', 'replicaCount': '3', 'compression': 'False', 'acl': {'values': ['ALLOW_NONE']}, 'IPAcl': {'values': ['ALLOW_NONE']}, 'sourceSnapshotUUID': None, 'sourceSnapshotName': 'for_clone_1db40276-7817-47d6-8e73-468b054715d3'} ssl_verify: False
2026-10-08 19:44:05.792 87 WARNING py.warnings [None req-79605094-b45e-4c2d-ad70-a956ddfbf4f7 982f0a03e253439691893043ca9fd372 59996ba52b0343199f6cffa955969985 - - default default] /var/lib/kolla/venv/lib/python3.12/site-packages/urllib3/connectionpool.py:1110: InsecureRequestWarning: Unverified HTTPS request is being made to host '[LB_IP_ADDRESS]'. Adding certificate verification is strongly advised. See: https://urllib3.readthedocs.io/en/latest/advanced-usage.html#tls-warnings
  warnings.warn(
: NotImplementedError
2026-10-08 19:44:05.822 87 INFO cinder.volume.drivers.lightos [None req-79605094-b45e-4c2d-ad70-a956ddfbf4f7 982f0a03e253439691893043ca9fd372 59996ba52b0343199f6cffa955969985 - - default default] Invoking get_volume using GET url: /api/v2/projects/default/volumes/18bd844b-a0a3-4de4-aa2d-cdab61d0aff5             request.body: {} ssl_verify: False
2026-10-08 19:44:05.857 87 INFO cinder.volume.drivers.lightos [None req-fa6f819f-69ab-41d7-af87-e75910535aa7 40a363d2c1ef41d090bd10af0eeba4d2 ec94b7a890ea410da22eacc65a0e036b - - default default] Invoking delete_volume using DELETE url: /api/v2/projects/default/volumes/e6f9133d-ac62-46cc-a307-530e67acea4b?             request.body:  ssl_verify: False
2026-10-08 19:44:05.859 87 WARNING py.warnings [None req-79605094-b45e-4c2d-ad70-a956ddfbf4f7 982f0a03e253439691893043ca9fd372 59996ba52b0343199f6cffa955969985 - - default default] /var/lib/kolla/venv/lib/python3.12/site-packages/urllib3/connectionpool.py:1110: InsecureRequestWarning: Unverified HTTPS request is being made to host '[LB_IP_ADDRESS]'. Adding certificate verification is strongly advised. See: https://urllib3.readthedocs.io/en/latest/advanced-usage.html#tls-warnings
  warnings.warn(
: NotImplementedError
2026-10-08 19:44:05.901 87 WARNING py.warnings [None req-fa6f819f-69ab-41d7-af87-e75910535aa7 40a363d2c1ef41d090bd10af0eeba4d2 ec94b7a890ea410da22eacc65a0e036b - - default default] /var/lib/kolla/venv/lib/python3.12/site-packages/urllib3/connectionpool.py:1110: InsecureRequestWarning: Unverified HTTPS request is being made to host '[LB_IP_ADDRESS]'. Adding certificate verification is strongly advised. See: https://urllib3.readthedocs.io/en/latest/advanced-usage.html#tls-warnings
  warnings.warn(

2026-10-08 19:44:05.935 87 INFO cinder.volume.drivers.lightos [None req-fa6f819f-69ab-41d7-af87-e75910535aa7 40a363d2c1ef41d090bd10af0eeba4d2 ec94b7a890ea410da22eacc65a0e036b - - default default] Invoking get_volume using GET url: /api/v2/projects/default/volumes/e6f9133d-ac62-46cc-a307-530e67acea4b             request.body: {} ssl_verify: False
2026-10-08 19:44:05.978 87 WARNING py.warnings [None req-fa6f819f-69ab-41d7-af87-e75910535aa7 40a363d2c1ef41d090bd10af0eeba4d2 ec94b7a890ea410da22eacc65a0e036b - - default default] /var/lib/kolla/venv/lib/python3.12/site-packages/urllib3/connectionpool.py:1110: InsecureRequestWarning: Unverified HTTPS request is being made to host '[LB_IP_ADDRESS]'. Adding certificate verification is strongly advised. See: https://urllib3.readthedocs.io/en/latest/advanced-usage.html#tls-warnings
  warnings.warn(

2026-10-08 19:44:06.106 87 INFO cinder.volume.manager [None req-fa6f819f-69ab-41d7-af87-e75910535aa7 40a363d2c1ef41d090bd10af0eeba4d2 ec94b7a890ea410da22eacc65a0e036b - - default default] Deleted volume successfully.
2026-10-08 19:44:06.888 87 INFO cinder.volume.drivers.lightos [None req-79605094-b45e-4c2d-ad70-a956ddfbf4f7 982f0a03e253439691893043ca9fd372 59996ba52b0343199f6cffa955969985 - - default default] Invoking get_volume using GET url: /api/v2/projects/default/volumes/18bd844b-a0a3-4de4-aa2d-cdab61d0aff5             request.body: {} ssl_verify: False
2026-10-08 19:44:06.937 87 WARNING py.warnings [None req-79605094-b45e-4c2d-ad70-a956ddfbf4f7 982f0a03e253439691893043ca9fd372 59996ba52b0343199f6cffa955969985 - - default default] /var/lib/kolla/venv/lib/python3.12/site-packages/urllib3/connectionpool.py:1110: InsecureRequestWarning: Unverified HTTPS request is being made to host '[LB_IP_ADDRESS]'. Adding certificate verification is strongly advised. See: https://urllib3.readthedocs.io/en/latest/advanced-usage.html#tls-warnings
  warnings.warn(
: NotImplementedError
2026-10-08 19:44:06.952 87 INFO cinder.volume.drivers.lightos [None req-79605094-b45e-4c2d-ad70-a956ddfbf4f7 982f0a03e253439691893043ca9fd372 59996ba52b0343199f6cffa955969985 - - default default] Invoking get_snapshot_by_name using GET url: /api/v2/projects/default/snapshots/?Name=for_clone_1db40276-7817-47d6-8e73-468b054715d3             request.body: {} ssl_verify: False
2026-10-08 19:44:06.994 87 WARNING py.warnings [None req-79605094-b45e-4c2d-ad70-a956ddfbf4f7 982f0a03e253439691893043ca9fd372 59996ba52b0343199f6cffa955969985 - - default default] /var/lib/kolla/venv/lib/python3.12/site-packages/urllib3/connectionpool.py:1110: InsecureRequestWarning: Unverified HTTPS request is being made to host '[LB_IP_ADDRESS]'. Adding certificate verification is strongly advised. See: https://urllib3.readthedocs.io/en/latest/advanced-usage.html#tls-warnings
  warnings.warn(
: NotImplementedError
2026-10-08 19:44:07.009 87 INFO cinder.volume.drivers.lightos [None req-79605094-b45e-4c2d-ad70-a956ddfbf4f7 982f0a03e253439691893043ca9fd372 59996ba52b0343199f6cffa955969985 - - default default] Invoking delete_snapshot using DELETE url: /api/v2/projects/default/snapshots/db894ed8-01fb-4c71-995b-27e75992dff3?             request.body:  ssl_verify: False
2026-10-08 19:44:07.054 87 WARNING py.warnings [None req-79605094-b45e-4c2d-ad70-a956ddfbf4f7 982f0a03e253439691893043ca9fd372 59996ba52b0343199f6cffa955969985 - - default default] /var/lib/kolla/venv/lib/python3.12/site-packages/urllib3/connectionpool.py:1110: InsecureRequestWarning: Unverified HTTPS request is being made to host '[LB_IP_ADDRESS]'. Adding certificate verification is strongly advised. See: https://urllib3.readthedocs.io/en/latest/advanced-usage.html#tls-warnings
  warnings.warn(
: NotImplementedError
2026-10-08 19:44:07.104 87 INFO cinder.volume.drivers.lightos [None req-79605094-b45e-4c2d-ad70-a956ddfbf4f7 982f0a03e253439691893043ca9fd372 59996ba52b0343199f6cffa955969985 - - default default] Invoking get_snapshot using GET url: /api/v2/projects/default/snapshots/db894ed8-01fb-4c71-995b-27e75992dff3             request.body: {} ssl_verify: False
2026-10-08 19:44:07.147 87 WARNING py.warnings [None req-79605094-b45e-4c2d-ad70-a956ddfbf4f7 982f0a03e253439691893043ca9fd372 59996ba52b0343199f6cffa955969985 - - default default] /var/lib/kolla/venv/lib/python3.12/site-packages/urllib3/connectionpool.py:1110: InsecureRequestWarning: Unverified HTTPS request is being made to host '[LB_IP_ADDRESS]'. Adding certificate verification is strongly advised. See: https://urllib3.readthedocs.io/en/latest/advanced-usage.html#tls-warnings
  warnings.warn(
: NotImplementedError
2026-10-08 19:44:07.195 87 INFO cinder.volume.manager [None req-79605094-b45e-4c2d-ad70-a956ddfbf4f7 982f0a03e253439691893043ca9fd372 59996ba52b0343199f6cffa955969985 - - default default] Create group from source-group-f06a6c18-7eb7-4be6-ad30-c794519b63c6 completed successfully.
2026-10-08 19:44:07.956 87 INFO cinder.volume.drivers.lightos [None req-15252941-99a3-413c-b39a-c1a5ef96f1dd 982f0a03e253439691893043ca9fd372 59996ba52b0343199f6cffa955969985 - - default default] Invoking delete_volume using DELETE url: /api/v2/projects/default/volumes/18bd844b-a0a3-4de4-aa2d-cdab61d0aff5?             request.body:  ssl_verify: False
2026-10-08 19:44:07.999 87 WARNING py.warnings [None req-15252941-99a3-413c-b39a-c1a5ef96f1dd 982f0a03e253439691893043ca9fd372 59996ba52b0343199f6cffa955969985 - - default default] /var/lib/kolla/venv/lib/python3.12/site-packages/urllib3/connectionpool.py:1110: InsecureRequestWarning: Unverified HTTPS request is being made to host '[LB_IP_ADDRESS]'. Adding certificate verification is strongly advised. See: https://urllib3.readthedocs.io/en/latest/advanced-usage.html#tls-warnings
  warnings.warn(
: NotImplementedError
2026-10-08 19:44:08.032 87 INFO cinder.volume.drivers.lightos [None req-15252941-99a3-413c-b39a-c1a5ef96f1dd 982f0a03e253439691893043ca9fd372 59996ba52b0343199f6cffa955969985 - - default default] Invoking get_volume using GET url: /api/v2/projects/default/volumes/18bd844b-a0a3-4de4-aa2d-cdab61d0aff5             request.body: {} ssl_verify: False
2026-10-08 19:44:08.097 87 WARNING py.warnings [None req-15252941-99a3-413c-b39a-c1a5ef96f1dd 982f0a03e253439691893043ca9fd372 59996ba52b0343199f6cffa955969985 - - default default] /var/lib/kolla/venv/lib/python3.12/site-packages/urllib3/connectionpool.py:1110: InsecureRequestWarning: Unverified HTTPS request is being made to host '[LB_IP_ADDRESS]'. Adding certificate verification is strongly advised. See: https://urllib3.readthedocs.io/en/latest/advanced-usage.html#tls-warnings
  warnings.warn(
: NotImplementedError
2026-10-08 19:44:08.269 87 WARNING cinder.quota [None req-15252941-99a3-413c-b39a-c1a5ef96f1dd 982f0a03e253439691893043ca9fd372 59996ba52b0343199f6cffa955969985 - - default default] Deprecated: Default quota for resource: volumes_tempest-GroupsV314Test-volume-type-958509606 is set by the default quota flag: quota_volumes_tempest-GroupsV314Test-volume-type-958509606, it is now deprecated. Please use the default quota class for default quota.
2026-10-08 19:44:08.270 87 WARNING cinder.quota [None req-15252941-99a3-413c-b39a-c1a5ef96f1dd 982f0a03e253439691893043ca9fd372 59996ba52b0343199f6cffa955969985 - - default default] Deprecated: Default quota for resource: gigabytes_tempest-GroupsV314Test-volume-type-958509606 is set by the default quota flag: quota_gigabytes_tempest-GroupsV314Test-volume-type-958509606, it is now deprecated. Please use the default quota class for default quota.
2026-10-08 19:44:08.451 87 INFO cinder.volume.manager [None req-15252941-99a3-413c-b39a-c1a5ef96f1dd 982f0a03e253439691893043ca9fd372 59996ba52b0343199f6cffa955969985 - - default default] Delete group completed successfully.
2026-10-08 19:44:09.197 87 INFO cinder.volume.drivers.lightos [None req-9025a494-d4c8-45a2-ae6e-792f3923d757 982f0a03e253439691893043ca9fd372 59996ba52b0343199f6cffa955969985 - - default default] Invoking delete_volume using DELETE url: /api/v2/projects/default/volumes/9b76089b-b6de-420c-986b-a7686166b915?             request.body:  ssl_verify: False
2026-10-08 19:44:09.235 87 WARNING py.warnings [None req-9025a494-d4c8-45a2-ae6e-792f3923d757 982f0a03e253439691893043ca9fd372 59996ba52b0343199f6cffa955969985 - - default default] /var/lib/kolla/venv/lib/python3.12/site-packages/urllib3/connectionpool.py:1110: InsecureRequestWarning: Unverified HTTPS request is being made to host '[LB_IP_ADDRESS]'. Adding certificate verification is strongly advised. See: https://urllib3.readthedocs.io/en/latest/advanced-usage.html#tls-warnings
  warnings.warn(
: NotImplementedError
2026-10-08 19:44:09.269 87 INFO cinder.volume.drivers.lightos [None req-9025a494-d4c8-45a2-ae6e-792f3923d757 982f0a03e253439691893043ca9fd372 59996ba52b0343199f6cffa955969985 - - default default] Invoking get_volume using GET url: /api/v2/projects/default/volumes/9b76089b-b6de-420c-986b-a7686166b915             request.body: {} ssl_verify: False
2026-10-08 19:44:09.316 87 WARNING py.warnings [None req-9025a494-d4c8-45a2-ae6e-792f3923d757 982f0a03e253439691893043ca9fd372 59996ba52b0343199f6cffa955969985 - - default default] /var/lib/kolla/venv/lib/python3.12/site-packages/urllib3/connectionpool.py:1110: InsecureRequestWarning: Unverified HTTPS request is being made to host '[LB_IP_ADDRESS]'. Adding certificate verification is strongly advised. See: https://urllib3.readthedocs.io/en/latest/advanced-usage.html#tls-warnings
  warnings.warn(
: NotImplementedError
2026-10-08 19:44:09.553 87 INFO cinder.volume.manager [None req-9025a494-d4c8-45a2-ae6e-792f3923d757 982f0a03e253439691893043ca9fd372 59996ba52b0343199f6cffa955969985 - - default default] Delete group completed successfully.
2026-10-08 19:44:10.031 87 INFO cinder.volume.flows.manager.create_volume [None req-3472f9e6-c68d-4429-be6c-ae0f97a10145 922523f11f874e2da514a4e6dfe5f325 5d728178af704c709b395037be4c72d8 - - - -] Volume aad5e21c-c88e-47da-9e04-1a7774eec1fd: being created as raw with specification: {'status': 'creating', 'volume_name': 'vol_aad5e21c-c88e-47da-9e04-1a7774eec1fd', 'volume_size': 1}
2026-10-08 19:44:10.031 87 INFO cinder.volume.drivers.lightos [None req-3472f9e6-c68d-4429-be6c-ae0f97a10145 922523f11f874e2da514a4e6dfe5f325 5d728178af704c709b395037be4c72d8 - - - -] Invoking get_volume_by_name using GET url: /api/v2/projects/default/volumes/?name=vol_aad5e21c-c88e-47da-9e04-1a7774eec1fd             request.body: {} ssl_verify: False
2026-10-08 19:44:10.070 87 WARNING py.warnings [None req-3472f9e6-c68d-4429-be6c-ae0f97a10145 922523f11f874e2da514a4e6dfe5f325 5d728178af704c709b395037be4c72d8 - - - -] /var/lib/kolla/venv/lib/python3.12/site-packages/urllib3/connectionpool.py:1110: InsecureRequestWarning: Unverified HTTPS request is being made to host '[LB_IP_ADDRESS]'. Adding certificate verification is strongly advised. See: https://urllib3.readthedocs.io/en/latest/advanced-usage.html#tls-warnings
  warnings.warn(

2026-10-08 19:44:10.089 87 INFO cinder.volume.drivers.lightos [None req-3472f9e6-c68d-4429-be6c-ae0f97a10145 922523f11f874e2da514a4e6dfe5f325 5d728178af704c709b395037be4c72d8 - - - -] Invoking create_volume using POST url: /api/v2/projects/default/volumes             request.body: {'name': 'vol_aad5e21c-c88e-47da-9e04-1a7774eec1fd', 'size': '1 gib', 'replicaCount': '3', 'compression': 'False', 'acl': {'values': ['ALLOW_NONE']}, 'IPAcl': {'values': ['ALLOW_NONE']}, 'sourceSnapshotUUID': None, 'sourceSnapshotName': None} ssl_verify: False
2026-10-08 19:44:10.131 87 WARNING py.warnings [None req-3472f9e6-c68d-4429-be6c-ae0f97a10145 922523f11f874e2da514a4e6dfe5f325 5d728178af704c709b395037be4c72d8 - - - -] /var/lib/kolla/venv/lib/python3.12/site-packages/urllib3/connectionpool.py:1110: InsecureRequestWarning: Unverified HTTPS request is being made to host '[LB_IP_ADDRESS]'. Adding certificate verification is strongly advised. See: https://urllib3.readthedocs.io/en/latest/advanced-usage.html#tls-warnings
  warnings.warn(

2026-10-08 19:44:10.151 87 INFO cinder.volume.drivers.lightos [None req-3472f9e6-c68d-4429-be6c-ae0f97a10145 922523f11f874e2da514a4e6dfe5f325 5d728178af704c709b395037be4c72d8 - - - -] Invoking get_volume using GET url: /api/v2/projects/default/volumes/eaa44499-0faf-45a8-8cb1-8abea177083c             request.body: {} ssl_verify: False
2026-10-08 19:44:10.194 87 WARNING py.warnings [None req-3472f9e6-c68d-4429-be6c-ae0f97a10145 922523f11f874e2da514a4e6dfe5f325 5d728178af704c709b395037be4c72d8 - - - -] /var/lib/kolla/venv/lib/python3.12/site-packages/urllib3/connectionpool.py:1110: InsecureRequestWarning: Unverified HTTPS request is being made to host '[LB_IP_ADDRESS]'. Adding certificate verification is strongly advised. See: https://urllib3.readthedocs.io/en/latest/advanced-usage.html#tls-warnings
  warnings.warn(

2026-10-08 19:44:11.209 87 INFO cinder.volume.drivers.lightos [None req-3472f9e6-c68d-4429-be6c-ae0f97a10145 922523f11f874e2da514a4e6dfe5f325 5d728178af704c709b395037be4c72d8 - - - -] Invoking get_volume using GET url: /api/v2/projects/default/volumes/eaa44499-0faf-45a8-8cb1-8abea177083c             request.body: {} ssl_verify: False
2026-10-08 19:44:11.258 87 WARNING py.warnings [None req-3472f9e6-c68d-4429-be6c-ae0f97a10145 922523f11f874e2da514a4e6dfe5f325 5d728178af704c709b395037be4c72d8 - - - -] /var/lib/kolla/venv/lib/python3.12/site-packages/urllib3/connectionpool.py:1110: InsecureRequestWarning: Unverified HTTPS request is being made to host '[LB_IP_ADDRESS]'. Adding certificate verification is strongly advised. See: https://urllib3.readthedocs.io/en/latest/advanced-usage.html#tls-warnings
  warnings.warn(

2026-10-08 19:44:11.292 87 INFO cinder.volume.flows.manager.create_volume [None req-3472f9e6-c68d-4429-be6c-ae0f97a10145 922523f11f874e2da514a4e6dfe5f325 5d728178af704c709b395037be4c72d8 - - - -] Volume vol_aad5e21c-c88e-47da-9e04-1a7774eec1fd (aad5e21c-c88e-47da-9e04-1a7774eec1fd): created successfully
2026-10-08 19:44:11.300 87 INFO cinder.volume.manager [None req-3472f9e6-c68d-4429-be6c-ae0f97a10145 922523f11f874e2da514a4e6dfe5f325 5d728178af704c709b395037be4c72d8 - - - -] Created volume successfully.
2026-10-08 19:44:12.327 87 INFO cinder.volume.drivers.lightos [None req-6b64f979-b93f-48d1-a827-65d14b5b651c 922523f11f874e2da514a4e6dfe5f325 5d728178af704c709b395037be4c72d8 - - default default] Invoking delete_volume using DELETE url: /api/v2/projects/default/volumes/eaa44499-0faf-45a8-8cb1-8abea177083c?             request.body:  ssl_verify: False
2026-10-08 19:44:12.367 87 WARNING py.warnings [None req-6b64f979-b93f-48d1-a827-65d14b5b651c 922523f11f874e2da514a4e6dfe5f325 5d728178af704c709b395037be4c72d8 - - default default] /var/lib/kolla/venv/lib/python3.12/site-packages/urllib3/connectionpool.py:1110: InsecureRequestWarning: Unverified HTTPS request is being made to host '[LB_IP_ADDRESS]'. Adding certificate verification is strongly advised. See: https://urllib3.readthedocs.io/en/latest/advanced-usage.html#tls-warnings
  warnings.warn(

2026-10-08 19:44:12.411 87 INFO cinder.volume.drivers.lightos [None req-6b64f979-b93f-48d1-a827-65d14b5b651c 922523f11f874e2da514a4e6dfe5f325 5d728178af704c709b395037be4c72d8 - - default default] Invoking get_volume using GET url: /api/v2/projects/default/volumes/eaa44499-0faf-45a8-8cb1-8abea177083c             request.body: {} ssl_verify: False
2026-10-08 19:44:12.471 87 WARNING py.warnings [None req-6b64f979-b93f-48d1-a827-65d14b5b651c 922523f11f874e2da514a4e6dfe5f325 5d728178af704c709b395037be4c72d8 - - default default] /var/lib/kolla/venv/lib/python3.12/site-packages/urllib3/connectionpool.py:1110: InsecureRequestWarning: Unverified HTTPS request is being made to host '[LB_IP_ADDRESS]'. Adding certificate verification is strongly advised. See: https://urllib3.readthedocs.io/en/latest/advanced-usage.html#tls-warnings
  warnings.warn(

2026-10-08 19:44:12.628 87 INFO cinder.volume.manager [None req-6b64f979-b93f-48d1-a827-65d14b5b651c 922523f11f874e2da514a4e6dfe5f325 5d728178af704c709b395037be4c72d8 - - default default] Deleted volume successfully.
2026-10-08 19:44:12.985 87 INFO cinder.volume.flows.manager.create_volume [None req-23ed821a-305d-4443-ae16-236340497ab4 4188accf0281401baf633f42fd7c9c41 f9d4b36351094a24abcc2929e3e2e429 - - - -] Volume 0d506c9e-1dc0-44ff-9d93-f834f4e5e586: being created as raw with specification: {'status': 'creating', 'volume_name': 'vol_0d506c9e-1dc0-44ff-9d93-f834f4e5e586', 'volume_size': 1}
2026-10-08 19:44:12.986 87 INFO cinder.volume.drivers.lightos [None req-23ed821a-305d-4443-ae16-236340497ab4 4188accf0281401baf633f42fd7c9c41 f9d4b36351094a24abcc2929e3e2e429 - - - -] Invoking get_volume_by_name using GET url: /api/v2/projects/default/volumes/?name=vol_0d506c9e-1dc0-44ff-9d93-f834f4e5e586             request.body: {} ssl_verify: False
2026-10-08 19:44:13.023 87 WARNING py.warnings [None req-23ed821a-305d-4443-ae16-236340497ab4 4188accf0281401baf633f42fd7c9c41 f9d4b36351094a24abcc2929e3e2e429 - - - -] /var/lib/kolla/venv/lib/python3.12/site-packages/urllib3/connectionpool.py:1110: InsecureRequestWarning: Unverified HTTPS request is being made to host '[LB_IP_ADDRESS]'. Adding certificate verification is strongly advised. See: https://urllib3.readthedocs.io/en/latest/advanced-usage.html#tls-warnings
  warnings.warn(

2026-10-08 19:44:13.035 87 INFO cinder.volume.drivers.lightos [None req-23ed821a-305d-4443-ae16-236340497ab4 4188accf0281401baf633f42fd7c9c41 f9d4b36351094a24abcc2929e3e2e429 - - - -] Invoking create_volume using POST url: /api/v2/projects/default/volumes             request.body: {'name': 'vol_0d506c9e-1dc0-44ff-9d93-f834f4e5e586', 'size': '1 gib', 'replicaCount': '3', 'compression': 'False', 'acl': {'values': ['ALLOW_NONE']}, 'IPAcl': {'values': ['ALLOW_NONE']}, 'sourceSnapshotUUID': None, 'sourceSnapshotName': None} ssl_verify: False
2026-10-08 19:44:13.097 87 WARNING py.warnings [None req-23ed821a-305d-4443-ae16-236340497ab4 4188accf0281401baf633f42fd7c9c41 f9d4b36351094a24abcc2929e3e2e429 - - - -] /var/lib/kolla/venv/lib/python3.12/site-packages/urllib3/connectionpool.py:1110: InsecureRequestWarning: Unverified HTTPS request is being made to host '[LB_IP_ADDRESS]'. Adding certificate verification is strongly advised. See: https://urllib3.readthedocs.io/en/latest/advanced-usage.html#tls-warnings
  warnings.warn(

2026-10-08 19:44:13.131 87 INFO cinder.volume.drivers.lightos [None req-23ed821a-305d-4443-ae16-236340497ab4 4188accf0281401baf633f42fd7c9c41 f9d4b36351094a24abcc2929e3e2e429 - - - -] Invoking get_volume using GET url: /api/v2/projects/default/volumes/6849aa33-dbbd-4fa7-9f3e-2d530db79b41             request.body: {} ssl_verify: False
2026-10-08 19:44:13.175 87 WARNING py.warnings [None req-23ed821a-305d-4443-ae16-236340497ab4 4188accf0281401baf633f42fd7c9c41 f9d4b36351094a24abcc2929e3e2e429 - - - -] /var/lib/kolla/venv/lib/python3.12/site-packages/urllib3/connectionpool.py:1110: InsecureRequestWarning: Unverified HTTPS request is being made to host '[LB_IP_ADDRESS]'. Adding certificate verification is strongly advised. See: https://urllib3.readthedocs.io/en/latest/advanced-usage.html#tls-warnings
  warnings.warn(

2026-10-08 19:44:14.069 87 INFO cinder.volume.flows.manager.create_volume [None req-564175fb-20c3-4415-b86b-06aef9df391d 922523f11f874e2da514a4e6dfe5f325 5d728178af704c709b395037be4c72d8 - - - -] Volume de16fd13-ba26-41f8-9db2-7895419a3b63: being created as raw with specification: {'status': 'creating', 'volume_name': 'vol_de16fd13-ba26-41f8-9db2-7895419a3b63', 'volume_size': 1}
2026-10-08 19:44:14.069 87 INFO cinder.volume.drivers.lightos [None req-564175fb-20c3-4415-b86b-06aef9df391d 922523f11f874e2da514a4e6dfe5f325 5d728178af704c709b395037be4c72d8 - - - -] Invoking get_volume_by_name using GET url: /api/v2/projects/default/volumes/?name=vol_de16fd13-ba26-41f8-9db2-7895419a3b63             request.body: {} ssl_verify: False
2026-10-08 19:44:14.105 87 WARNING py.warnings [None req-564175fb-20c3-4415-b86b-06aef9df391d 922523f11f874e2da514a4e6dfe5f325 5d728178af704c709b395037be4c72d8 - - - -] /var/lib/kolla/venv/lib/python3.12/site-packages/urllib3/connectionpool.py:1110: InsecureRequestWarning: Unverified HTTPS request is being made to host '[LB_IP_ADDRESS]'. Adding certificate verification is strongly advised. See: https://urllib3.readthedocs.io/en/latest/advanced-usage.html#tls-warnings
  warnings.warn(

2026-10-08 19:44:14.115 87 INFO cinder.volume.drivers.lightos [None req-564175fb-20c3-4415-b86b-06aef9df391d 922523f11f874e2da514a4e6dfe5f325 5d728178af704c709b395037be4c72d8 - - - -] Invoking create_volume using POST url: /api/v2/projects/default/volumes             request.body: {'name': 'vol_de16fd13-ba26-41f8-9db2-7895419a3b63', 'size': '1 gib', 'replicaCount': '3', 'compression': 'False', 'acl': {'values': ['ALLOW_NONE']}, 'IPAcl': {'values': ['ALLOW_NONE']}, 'sourceSnapshotUUID': None, 'sourceSnapshotName': None} ssl_verify: False
2026-10-08 19:44:14.153 87 WARNING py.warnings [None req-564175fb-20c3-4415-b86b-06aef9df391d 922523f11f874e2da514a4e6dfe5f325 5d728178af704c709b395037be4c72d8 - - - -] /var/lib/kolla/venv/lib/python3.12/site-packages/urllib3/connectionpool.py:1110: InsecureRequestWarning: Unverified HTTPS request is being made to host '[LB_IP_ADDRESS]'. Adding certificate verification is strongly advised. See: https://urllib3.readthedocs.io/en/latest/advanced-usage.html#tls-warnings
  warnings.warn(

2026-10-08 19:44:14.192 87 INFO cinder.volume.drivers.lightos [None req-23ed821a-305d-4443-ae16-236340497ab4 4188accf0281401baf633f42fd7c9c41 f9d4b36351094a24abcc2929e3e2e429 - - - -] Invoking get_volume using GET url: /api/v2/projects/default/volumes/6849aa33-dbbd-4fa7-9f3e-2d530db79b41             request.body: {} ssl_verify: False
2026-10-08 19:44:14.243 87 WARNING py.warnings [None req-23ed821a-305d-4443-ae16-236340497ab4 4188accf0281401baf633f42fd7c9c41 f9d4b36351094a24abcc2929e3e2e429 - - - -] /var/lib/kolla/venv/lib/python3.12/site-packages/urllib3/connectionpool.py:1110: InsecureRequestWarning: Unverified HTTPS request is being made to host '[LB_IP_ADDRESS]'. Adding certificate verification is strongly advised. See: https://urllib3.readthedocs.io/en/latest/advanced-usage.html#tls-warnings
  warnings.warn(

2026-10-08 19:44:14.270 87 INFO cinder.volume.drivers.lightos [None req-564175fb-20c3-4415-b86b-06aef9df391d 922523f11f874e2da514a4e6dfe5f325 5d728178af704c709b395037be4c72d8 - - - -] Invoking get_volume using GET url: /api/v2/projects/default/volumes/6e4178bd-b8f4-4b44-967b-b906003e6e47             request.body: {} ssl_verify: False
2026-10-08 19:44:14.313 87 WARNING py.warnings [None req-564175fb-20c3-4415-b86b-06aef9df391d 922523f11f874e2da514a4e6dfe5f325 5d728178af704c709b395037be4c72d8 - - - -] /var/lib/kolla/venv/lib/python3.12/site-packages/urllib3/connectionpool.py:1110: InsecureRequestWarning: Unverified HTTPS request is being made to host '[LB_IP_ADDRESS]'. Adding certificate verification is strongly advised. See: https://urllib3.readthedocs.io/en/latest/advanced-usage.html#tls-warnings
  warnings.warn(

2026-10-08 19:44:14.317 87 INFO cinder.volume.flows.manager.create_volume [None req-23ed821a-305d-4443-ae16-236340497ab4 4188accf0281401baf633f42fd7c9c41 f9d4b36351094a24abcc2929e3e2e429 - - - -] Volume vol_0d506c9e-1dc0-44ff-9d93-f834f4e5e586 (0d506c9e-1dc0-44ff-9d93-f834f4e5e586): created successfully
2026-10-08 19:44:14.325 87 INFO cinder.volume.manager [None req-23ed821a-305d-4443-ae16-236340497ab4 4188accf0281401baf633f42fd7c9c41 f9d4b36351094a24abcc2929e3e2e429 - - - -] Created volume successfully.
2026-10-08 19:44:14.366 87 INFO cinder.volume.flows.manager.create_volume [None req-564175fb-20c3-4415-b86b-06aef9df391d 922523f11f874e2da514a4e6dfe5f325 5d728178af704c709b395037be4c72d8 - - - -] Volume vol_de16fd13-ba26-41f8-9db2-7895419a3b63 (de16fd13-ba26-41f8-9db2-7895419a3b63): created successfully
2026-10-08 19:44:14.375 87 INFO cinder.volume.manager [None req-564175fb-20c3-4415-b86b-06aef9df391d 922523f11f874e2da514a4e6dfe5f325 5d728178af704c709b395037be4c72d8 - - - -] Created volume successfully.
2026-10-08 19:44:15.299 87 INFO cinder.volume.drivers.lightos [None req-d64a5c4a-8fad-4b4b-8c66-41f8d8067b4a 4188accf0281401baf633f42fd7c9c41 f9d4b36351094a24abcc2929e3e2e429 - - - -] Invoking get_snapshot_by_name using GET url: /api/v2/projects/default/snapshots/?Name=snapshot-a87b9893-8d68-42e0-9e47-2bebd81e1248             request.body: {} ssl_verify: False
2026-10-08 19:44:15.336 87 WARNING py.warnings [None req-d64a5c4a-8fad-4b4b-8c66-41f8d8067b4a 4188accf0281401baf633f42fd7c9c41 f9d4b36351094a24abcc2929e3e2e429 - - - -] /var/lib/kolla/venv/lib/python3.12/site-packages/urllib3/connectionpool.py:1110: InsecureRequestWarning: Unverified HTTPS request is being made to host '[LB_IP_ADDRESS]'. Adding certificate verification is strongly advised. See: https://urllib3.readthedocs.io/en/latest/advanced-usage.html#tls-warnings
  warnings.warn(

2026-10-08 19:44:15.348 87 INFO cinder.volume.drivers.lightos [None req-d64a5c4a-8fad-4b4b-8c66-41f8d8067b4a 4188accf0281401baf633f42fd7c9c41 f9d4b36351094a24abcc2929e3e2e429 - - - -] Invoking create_snapshot using POST url: /api/v2/projects/default/snapshots             request.body: {'name': 'snapshot-a87b9893-8d68-42e0-9e47-2bebd81e1248', 'sourceVolumeUUID': None, 'sourceVolumeName': 'vol_0d506c9e-1dc0-44ff-9d93-f834f4e5e586'} ssl_verify: False
2026-10-08 19:44:15.392 87 WARNING py.warnings [None req-d64a5c4a-8fad-4b4b-8c66-41f8d8067b4a 4188accf0281401baf633f42fd7c9c41 f9d4b36351094a24abcc2929e3e2e429 - - - -] /var/lib/kolla/venv/lib/python3.12/site-packages/urllib3/connectionpool.py:1110: InsecureRequestWarning: Unverified HTTPS request is being made to host '[LB_IP_ADDRESS]'. Adding certificate verification is strongly advised. See: https://urllib3.readthedocs.io/en/latest/advanced-usage.html#tls-warnings
  warnings.warn(

2026-10-08 19:44:15.424 87 INFO cinder.volume.drivers.lightos [None req-d64a5c4a-8fad-4b4b-8c66-41f8d8067b4a 4188accf0281401baf633f42fd7c9c41 f9d4b36351094a24abcc2929e3e2e429 - - - -] Invoking get_snapshot_by_name using GET url: /api/v2/projects/default/snapshots/?Name=snapshot-a87b9893-8d68-42e0-9e47-2bebd81e1248             request.body: {} ssl_verify: False
2026-10-08 19:44:15.470 87 WARNING py.warnings [None req-d64a5c4a-8fad-4b4b-8c66-41f8d8067b4a 4188accf0281401baf633f42fd7c9c41 f9d4b36351094a24abcc2929e3e2e429 - - - -] /var/lib/kolla/venv/lib/python3.12/site-packages/urllib3/connectionpool.py:1110: InsecureRequestWarning: Unverified HTTPS request is being made to host '[LB_IP_ADDRESS]'. Adding certificate verification is strongly advised. See: https://urllib3.readthedocs.io/en/latest/advanced-usage.html#tls-warnings
  warnings.warn(

2026-10-08 19:44:16.381 87 INFO cinder.volume.manager [None req-f06b0cde-d0cc-41ee-bba0-bf60618c7f3e a63aa37b498a44f2bcff98fc5a3eb4f4 eee49652832646ec991f82a7c0cec2e1 - - default default] Transfer volume completed successfully.
2026-10-08 19:44:16.513 87 INFO cinder.volume.drivers.lightos [None req-d64a5c4a-8fad-4b4b-8c66-41f8d8067b4a 4188accf0281401baf633f42fd7c9c41 f9d4b36351094a24abcc2929e3e2e429 - - - -] Invoking get_snapshot_by_name using GET url: /api/v2/projects/default/snapshots/?Name=snapshot-a87b9893-8d68-42e0-9e47-2bebd81e1248             request.body: {} ssl_verify: False
2026-10-08 19:44:16.557 87 WARNING py.warnings [None req-d64a5c4a-8fad-4b4b-8c66-41f8d8067b4a 4188accf0281401baf633f42fd7c9c41 f9d4b36351094a24abcc2929e3e2e429 - - - -] /var/lib/kolla/venv/lib/python3.12/site-packages/urllib3/connectionpool.py:1110: InsecureRequestWarning: Unverified HTTPS request is being made to host '[LB_IP_ADDRESS]'. Adding certificate verification is strongly advised. See: https://urllib3.readthedocs.io/en/latest/advanced-usage.html#tls-warnings
  warnings.warn(

2026-10-08 19:44:16.586 87 INFO cinder.volume.manager [None req-d64a5c4a-8fad-4b4b-8c66-41f8d8067b4a 4188accf0281401baf633f42fd7c9c41 f9d4b36351094a24abcc2929e3e2e429 - - - -] Create snapshot completed successfully
2026-10-08 19:44:17.447 87 INFO cinder.volume.drivers.lightos [None req-5157e8af-f6a8-4106-a2d0-5dc44c45c6f8 c1ce0792c4d44a3e80d8265adfaf9e2b c4a6ff008dbd4e8e84e05cc1582c72b9 - - default default] Invoking delete_volume using DELETE url: /api/v2/projects/default/volumes/6e4178bd-b8f4-4b44-967b-b906003e6e47?             request.body:  ssl_verify: False
2026-10-08 19:44:17.480 87 WARNING py.warnings [None req-5157e8af-f6a8-4106-a2d0-5dc44c45c6f8 c1ce0792c4d44a3e80d8265adfaf9e2b c4a6ff008dbd4e8e84e05cc1582c72b9 - - default default] /var/lib/kolla/venv/lib/python3.12/site-packages/urllib3/connectionpool.py:1110: InsecureRequestWarning: Unverified HTTPS request is being made to host '[LB_IP_ADDRESS]'. Adding certificate verification is strongly advised. See: https://urllib3.readthedocs.io/en/latest/advanced-usage.html#tls-warnings
  warnings.warn(

2026-10-08 19:44:17.532 87 INFO cinder.volume.drivers.lightos [None req-5157e8af-f6a8-4106-a2d0-5dc44c45c6f8 c1ce0792c4d44a3e80d8265adfaf9e2b c4a6ff008dbd4e8e84e05cc1582c72b9 - - default default] Invoking get_volume using GET url: /api/v2/projects/default/volumes/6e4178bd-b8f4-4b44-967b-b906003e6e47             request.body: {} ssl_verify: False
2026-10-08 19:44:17.574 87 WARNING py.warnings [None req-5157e8af-f6a8-4106-a2d0-5dc44c45c6f8 c1ce0792c4d44a3e80d8265adfaf9e2b c4a6ff008dbd4e8e84e05cc1582c72b9 - - default default] /var/lib/kolla/venv/lib/python3.12/site-packages/urllib3/connectionpool.py:1110: InsecureRequestWarning: Unverified HTTPS request is being made to host '[LB_IP_ADDRESS]'. Adding certificate verification is strongly advised. See: https://urllib3.readthedocs.io/en/latest/advanced-usage.html#tls-warnings
  warnings.warn(

2026-10-08 19:44:17.742 87 INFO cinder.volume.manager [None req-5157e8af-f6a8-4106-a2d0-5dc44c45c6f8 c1ce0792c4d44a3e80d8265adfaf9e2b c4a6ff008dbd4e8e84e05cc1582c72b9 - - default default] Deleted volume successfully.
2026-10-08 19:44:17.914 87 INFO cinder.volume.drivers.lightos [None req-76088ef7-3a3e-45fb-8e03-fa10b39079ad 4188accf0281401baf633f42fd7c9c41 f9d4b36351094a24abcc2929e3e2e429 - - default default] Invoking get_snapshot_by_name using GET url: /api/v2/projects/default/snapshots/?Name=snapshot-a87b9893-8d68-42e0-9e47-2bebd81e1248             request.body: {} ssl_verify: False
2026-10-08 19:44:17.959 87 WARNING py.warnings [None req-76088ef7-3a3e-45fb-8e03-fa10b39079ad 4188accf0281401baf633f42fd7c9c41 f9d4b36351094a24abcc2929e3e2e429 - - default default] /var/lib/kolla/venv/lib/python3.12/site-packages/urllib3/connectionpool.py:1110: InsecureRequestWarning: Unverified HTTPS request is being made to host '[LB_IP_ADDRESS]'. Adding certificate verification is strongly advised. See: https://urllib3.readthedocs.io/en/latest/advanced-usage.html#tls-warnings
  warnings.warn(

2026-10-08 19:44:17.974 87 INFO cinder.volume.drivers.lightos [None req-76088ef7-3a3e-45fb-8e03-fa10b39079ad 4188accf0281401baf633f42fd7c9c41 f9d4b36351094a24abcc2929e3e2e429 - - default default] Invoking delete_snapshot using DELETE url: /api/v2/projects/default/snapshots/0826aa8e-7717-400d-acce-83cf715cd2b2?             request.body:  ssl_verify: False
2026-10-08 19:44:18.019 87 WARNING py.warnings [None req-76088ef7-3a3e-45fb-8e03-fa10b39079ad 4188accf0281401baf633f42fd7c9c41 f9d4b36351094a24abcc2929e3e2e429 - - default default] /var/lib/kolla/venv/lib/python3.12/site-packages/urllib3/connectionpool.py:1110: InsecureRequestWarning: Unverified HTTPS request is being made to host '[LB_IP_ADDRESS]'. Adding certificate verification is strongly advised. See: https://urllib3.readthedocs.io/en/latest/advanced-usage.html#tls-warnings
  warnings.warn(

2026-10-08 19:44:18.045 87 INFO cinder.volume.drivers.lightos [None req-76088ef7-3a3e-45fb-8e03-fa10b39079ad 4188accf0281401baf633f42fd7c9c41 f9d4b36351094a24abcc2929e3e2e429 - - default default] Invoking get_snapshot using GET url: /api/v2/projects/default/snapshots/0826aa8e-7717-400d-acce-83cf715cd2b2             request.body: {} ssl_verify: False
2026-10-08 19:44:18.097 87 WARNING py.warnings [None req-76088ef7-3a3e-45fb-8e03-fa10b39079ad 4188accf0281401baf633f42fd7c9c41 f9d4b36351094a24abcc2929e3e2e429 - - default default] /var/lib/kolla/venv/lib/python3.12/site-packages/urllib3/connectionpool.py:1110: InsecureRequestWarning: Unverified HTTPS request is being made to host '[LB_IP_ADDRESS]'. Adding certificate verification is strongly advised. See: https://urllib3.readthedocs.io/en/latest/advanced-usage.html#tls-warnings
  warnings.warn(

2026-10-08 19:44:18.235 87 INFO cinder.volume.manager [None req-76088ef7-3a3e-45fb-8e03-fa10b39079ad 4188accf0281401baf633f42fd7c9c41 f9d4b36351094a24abcc2929e3e2e429 - - default default] Delete snapshot completed successfully.
2026-10-08 19:44:19.085 87 INFO cinder.volume.drivers.lightos [None req-bff429cd-28f2-41c2-b794-842f69a4d7b9 4188accf0281401baf633f42fd7c9c41 f9d4b36351094a24abcc2929e3e2e429 - - default default] Invoking delete_volume using DELETE url: /api/v2/projects/default/volumes/6849aa33-dbbd-4fa7-9f3e-2d530db79b41?             request.body:  ssl_verify: False
2026-10-08 19:44:19.122 87 WARNING py.warnings [None req-bff429cd-28f2-41c2-b794-842f69a4d7b9 4188accf0281401baf633f42fd7c9c41 f9d4b36351094a24abcc2929e3e2e429 - - default default] /var/lib/kolla/venv/lib/python3.12/site-packages/urllib3/connectionpool.py:1110: InsecureRequestWarning: Unverified HTTPS request is being made to host '[LB_IP_ADDRESS]'. Adding certificate verification is strongly advised. See: https://urllib3.readthedocs.io/en/latest/advanced-usage.html#tls-warnings
  warnings.warn(

2026-10-08 19:44:19.146 87 INFO cinder.volume.drivers.lightos [None req-bff429cd-28f2-41c2-b794-842f69a4d7b9 4188accf0281401baf633f42fd7c9c41 f9d4b36351094a24abcc2929e3e2e429 - - default default] Invoking get_volume using GET url: /api/v2/projects/default/volumes/6849aa33-dbbd-4fa7-9f3e-2d530db79b41             request.body: {} ssl_verify: False
2026-10-08 19:44:19.186 87 WARNING py.warnings [None req-bff429cd-28f2-41c2-b794-842f69a4d7b9 4188accf0281401baf633f42fd7c9c41 f9d4b36351094a24abcc2929e3e2e429 - - default default] /var/lib/kolla/venv/lib/python3.12/site-packages/urllib3/connectionpool.py:1110: InsecureRequestWarning: Unverified HTTPS request is being made to host '[LB_IP_ADDRESS]'. Adding certificate verification is strongly advised. See: https://urllib3.readthedocs.io/en/latest/advanced-usage.html#tls-warnings
  warnings.warn(

2026-10-08 19:44:19.316 87 INFO cinder.volume.manager [None req-bff429cd-28f2-41c2-b794-842f69a4d7b9 4188accf0281401baf633f42fd7c9c41 f9d4b36351094a24abcc2929e3e2e429 - - default default] Deleted volume successfully.
2026-10-08 19:44:25.032 87 INFO cinder.volume.flows.manager.create_volume [None req-5475120c-1e90-4e67-86e8-d63d2b37d4ec 8999ccae69b94d239c8f2f5c591cc965 8fa53554512e4d99a777a225b190f88c - - - -] Volume 0ee5cdb6-a6dd-42f3-90cd-e71be0041f53: being created as raw with specification: {'status': 'creating', 'volume_name': 'vol_0ee5cdb6-a6dd-42f3-90cd-e71be0041f53', 'volume_size': 1}
2026-10-08 19:44:25.032 87 INFO cinder.volume.drivers.lightos [None req-5475120c-1e90-4e67-86e8-d63d2b37d4ec 8999ccae69b94d239c8f2f5c591cc965 8fa53554512e4d99a777a225b190f88c - - - -] Invoking get_volume_by_name using GET url: /api/v2/projects/default/volumes/?name=vol_0ee5cdb6-a6dd-42f3-90cd-e71be0041f53             request.body: {} ssl_verify: False
2026-10-08 19:44:25.070 87 WARNING py.warnings [None req-5475120c-1e90-4e67-86e8-d63d2b37d4ec 8999ccae69b94d239c8f2f5c591cc965 8fa53554512e4d99a777a225b190f88c - - - -] /var/lib/kolla/venv/lib/python3.12/site-packages/urllib3/connectionpool.py:1110: InsecureRequestWarning: Unverified HTTPS request is being made to host '[LB_IP_ADDRESS]'. Adding certificate verification is strongly advised. See: https://urllib3.readthedocs.io/en/latest/advanced-usage.html#tls-warnings
  warnings.warn(

2026-10-08 19:44:25.083 87 INFO cinder.volume.drivers.lightos [None req-5475120c-1e90-4e67-86e8-d63d2b37d4ec 8999ccae69b94d239c8f2f5c591cc965 8fa53554512e4d99a777a225b190f88c - - - -] Invoking create_volume using POST url: /api/v2/projects/default/volumes             request.body: {'name': 'vol_0ee5cdb6-a6dd-42f3-90cd-e71be0041f53', 'size': '1 gib', 'replicaCount': '3', 'compression': 'False', 'acl': {'values': ['ALLOW_NONE']}, 'IPAcl': {'values': ['ALLOW_NONE']}, 'sourceSnapshotUUID': None, 'sourceSnapshotName': None} ssl_verify: False
2026-10-08 19:44:25.123 87 INFO cinder.volume.flows.manager.create_volume [None req-0dc24fc5-3af7-47bc-8373-6a65a6387956 e96c56ca757141a381b1bbe4258b0d12 67c5ded4646b4b2684b6a01518435d51 - - - -] Volume f5d515a9-f24f-4671-8017-1845af419cd8: being created as raw with specification: {'status': 'creating', 'volume_name': 'vol_f5d515a9-f24f-4671-8017-1845af419cd8', 'volume_size': 1}
2026-10-08 19:44:25.123 87 INFO cinder.volume.drivers.lightos [None req-0dc24fc5-3af7-47bc-8373-6a65a6387956 e96c56ca757141a381b1bbe4258b0d12 67c5ded4646b4b2684b6a01518435d51 - - - -] Invoking get_volume_by_name using GET url: /api/v2/projects/default/volumes/?name=vol_f5d515a9-f24f-4671-8017-1845af419cd8             request.body: {} ssl_verify: False
2026-10-08 19:44:25.125 87 WARNING py.warnings [None req-5475120c-1e90-4e67-86e8-d63d2b37d4ec 8999ccae69b94d239c8f2f5c591cc965 8fa53554512e4d99a777a225b190f88c - - - -] /var/lib/kolla/venv/lib/python3.12/site-packages/urllib3/connectionpool.py:1110: InsecureRequestWarning: Unverified HTTPS request is being made to host '[LB_IP_ADDRESS]'. Adding certificate verification is strongly advised. See: https://urllib3.readthedocs.io/en/latest/advanced-usage.html#tls-warnings
  warnings.warn(

2026-10-08 19:44:25.153 87 INFO cinder.volume.drivers.lightos [None req-5475120c-1e90-4e67-86e8-d63d2b37d4ec 8999ccae69b94d239c8f2f5c591cc965 8fa53554512e4d99a777a225b190f88c - - - -] Invoking get_volume using GET url: /api/v2/projects/default/volumes/dd7706ec-8428-49d3-bfad-c0390814a072             request.body: {} ssl_verify: False
2026-10-08 19:44:25.182 87 WARNING py.warnings [None req-0dc24fc5-3af7-47bc-8373-6a65a6387956 e96c56ca757141a381b1bbe4258b0d12 67c5ded4646b4b2684b6a01518435d51 - - - -] /var/lib/kolla/venv/lib/python3.12/site-packages/urllib3/connectionpool.py:1110: InsecureRequestWarning: Unverified HTTPS request is being made to host '[LB_IP_ADDRESS]'. Adding certificate verification is strongly advised. See: https://urllib3.readthedocs.io/en/latest/advanced-usage.html#tls-warnings
  warnings.warn(

2026-10-08 19:44:25.188 87 WARNING py.warnings [None req-5475120c-1e90-4e67-86e8-d63d2b37d4ec 8999ccae69b94d239c8f2f5c591cc965 8fa53554512e4d99a777a225b190f88c - - - -] /var/lib/kolla/venv/lib/python3.12/site-packages/urllib3/connectionpool.py:1110: InsecureRequestWarning: Unverified HTTPS request is being made to host '[LB_IP_ADDRESS]'. Adding certificate verification is strongly advised. See: https://urllib3.readthedocs.io/en/latest/advanced-usage.html#tls-warnings
  warnings.warn(

2026-10-08 19:44:25.198 87 INFO cinder.volume.drivers.lightos [None req-0dc24fc5-3af7-47bc-8373-6a65a6387956 e96c56ca757141a381b1bbe4258b0d12 67c5ded4646b4b2684b6a01518435d51 - - - -] Invoking create_volume using POST url: /api/v2/projects/default/volumes             request.body: {'name': 'vol_f5d515a9-f24f-4671-8017-1845af419cd8', 'size': '1 gib', 'replicaCount': '3', 'compression': 'False', 'acl': {'values': ['ALLOW_NONE']}, 'IPAcl': {'values': ['ALLOW_NONE']}, 'sourceSnapshotUUID': None, 'sourceSnapshotName': None} ssl_verify: False
2026-10-08 19:44:25.239 87 WARNING py.warnings [None req-0dc24fc5-3af7-47bc-8373-6a65a6387956 e96c56ca757141a381b1bbe4258b0d12 67c5ded4646b4b2684b6a01518435d51 - - - -] /var/lib/kolla/venv/lib/python3.12/site-packages/urllib3/connectionpool.py:1110: InsecureRequestWarning: Unverified HTTPS request is being made to host '[LB_IP_ADDRESS]'. Adding certificate verification is strongly advised. See: https://urllib3.readthedocs.io/en/latest/advanced-usage.html#tls-warnings
  warnings.warn(

2026-10-08 19:44:25.266 87 INFO cinder.volume.drivers.lightos [None req-0dc24fc5-3af7-47bc-8373-6a65a6387956 e96c56ca757141a381b1bbe4258b0d12 67c5ded4646b4b2684b6a01518435d51 - - - -] Invoking get_volume using GET url: /api/v2/projects/default/volumes/4812086b-6c4b-406b-9119-c4290b00f33f             request.body: {} ssl_verify: False
2026-10-08 19:44:25.307 87 WARNING py.warnings [None req-0dc24fc5-3af7-47bc-8373-6a65a6387956 e96c56ca757141a381b1bbe4258b0d12 67c5ded4646b4b2684b6a01518435d51 - - - -] /var/lib/kolla/venv/lib/python3.12/site-packages/urllib3/connectionpool.py:1110: InsecureRequestWarning: Unverified HTTPS request is being made to host '[LB_IP_ADDRESS]'. Adding certificate verification is strongly advised. See: https://urllib3.readthedocs.io/en/latest/advanced-usage.html#tls-warnings
  warnings.warn(

2026-10-08 19:44:26.236 87 INFO cinder.volume.drivers.lightos [None req-5475120c-1e90-4e67-86e8-d63d2b37d4ec 8999ccae69b94d239c8f2f5c591cc965 8fa53554512e4d99a777a225b190f88c - - - -] Invoking get_volume using GET url: /api/v2/projects/default/volumes/dd7706ec-8428-49d3-bfad-c0390814a072             request.body: {} ssl_verify: False
2026-10-08 19:44:26.287 87 WARNING py.warnings [None req-5475120c-1e90-4e67-86e8-d63d2b37d4ec 8999ccae69b94d239c8f2f5c591cc965 8fa53554512e4d99a777a225b190f88c - - - -] /var/lib/kolla/venv/lib/python3.12/site-packages/urllib3/connectionpool.py:1110: InsecureRequestWarning: Unverified HTTPS request is being made to host '[LB_IP_ADDRESS]'. Adding certificate verification is strongly advised. See: https://urllib3.readthedocs.io/en/latest/advanced-usage.html#tls-warnings
  warnings.warn(

2026-10-08 19:44:26.325 87 INFO cinder.volume.flows.manager.create_volume [None req-5475120c-1e90-4e67-86e8-d63d2b37d4ec 8999ccae69b94d239c8f2f5c591cc965 8fa53554512e4d99a777a225b190f88c - - - -] Volume vol_0ee5cdb6-a6dd-42f3-90cd-e71be0041f53 (0ee5cdb6-a6dd-42f3-90cd-e71be0041f53): created successfully
2026-10-08 19:44:26.332 87 INFO cinder.volume.manager [None req-5475120c-1e90-4e67-86e8-d63d2b37d4ec 8999ccae69b94d239c8f2f5c591cc965 8fa53554512e4d99a777a225b190f88c - - - -] Created volume successfully.
2026-10-08 19:44:26.338 87 INFO cinder.volume.drivers.lightos [None req-0dc24fc5-3af7-47bc-8373-6a65a6387956 e96c56ca757141a381b1bbe4258b0d12 67c5ded4646b4b2684b6a01518435d51 - - - -] Invoking get_volume using GET url: /api/v2/projects/default/volumes/4812086b-6c4b-406b-9119-c4290b00f33f             request.body: {} ssl_verify: False
2026-10-08 19:44:26.379 87 WARNING py.warnings [None req-0dc24fc5-3af7-47bc-8373-6a65a6387956 e96c56ca757141a381b1bbe4258b0d12 67c5ded4646b4b2684b6a01518435d51 - - - -] /var/lib/kolla/venv/lib/python3.12/site-packages/urllib3/connectionpool.py:1110: InsecureRequestWarning: Unverified HTTPS request is being made to host '[LB_IP_ADDRESS]'. Adding certificate verification is strongly advised. See: https://urllib3.readthedocs.io/en/latest/advanced-usage.html#tls-warnings
  warnings.warn(

2026-10-08 19:44:26.412 87 INFO cinder.volume.flows.manager.create_volume [None req-0dc24fc5-3af7-47bc-8373-6a65a6387956 e96c56ca757141a381b1bbe4258b0d12 67c5ded4646b4b2684b6a01518435d51 - - - -] Volume vol_f5d515a9-f24f-4671-8017-1845af419cd8 (f5d515a9-f24f-4671-8017-1845af419cd8): created successfully
2026-10-08 19:44:26.423 87 INFO cinder.volume.manager [None req-0dc24fc5-3af7-47bc-8373-6a65a6387956 e96c56ca757141a381b1bbe4258b0d12 67c5ded4646b4b2684b6a01518435d51 - - - -] Created volume successfully.
2026-10-08 19:44:27.273 87 INFO cinder.volume.drivers.lightos [None req-4edb9f93-e4a0-472d-8812-0c0fe4336237 8999ccae69b94d239c8f2f5c591cc965 8fa53554512e4d99a777a225b190f88c - - default default] Invoking delete_volume using DELETE url: /api/v2/projects/default/volumes/dd7706ec-8428-49d3-bfad-c0390814a072?             request.body:  ssl_verify: False
2026-10-08 19:44:27.311 87 WARNING py.warnings [None req-4edb9f93-e4a0-472d-8812-0c0fe4336237 8999ccae69b94d239c8f2f5c591cc965 8fa53554512e4d99a777a225b190f88c - - default default] /var/lib/kolla/venv/lib/python3.12/site-packages/urllib3/connectionpool.py:1110: InsecureRequestWarning: Unverified HTTPS request is being made to host '[LB_IP_ADDRESS]'. Adding certificate verification is strongly advised. See: https://urllib3.readthedocs.io/en/latest/advanced-usage.html#tls-warnings
  warnings.warn(

2026-10-08 19:44:27.340 87 INFO cinder.volume.drivers.lightos [None req-4edb9f93-e4a0-472d-8812-0c0fe4336237 8999ccae69b94d239c8f2f5c591cc965 8fa53554512e4d99a777a225b190f88c - - default default] Invoking get_volume using GET url: /api/v2/projects/default/volumes/dd7706ec-8428-49d3-bfad-c0390814a072             request.body: {} ssl_verify: False
2026-10-08 19:44:27.388 87 WARNING py.warnings [None req-4edb9f93-e4a0-472d-8812-0c0fe4336237 8999ccae69b94d239c8f2f5c591cc965 8fa53554512e4d99a777a225b190f88c - - default default] /var/lib/kolla/venv/lib/python3.12/site-packages/urllib3/connectionpool.py:1110: InsecureRequestWarning: Unverified HTTPS request is being made to host '[LB_IP_ADDRESS]'. Adding certificate verification is strongly advised. See: https://urllib3.readthedocs.io/en/latest/advanced-usage.html#tls-warnings
  warnings.warn(

2026-10-08 19:44:27.474 87 INFO cinder.volume.drivers.lightos [None req-75799121-1448-4fd9-b98f-c640c5a47d8a e96c56ca757141a381b1bbe4258b0d12 67c5ded4646b4b2684b6a01518435d51 - - default default] Invoking delete_volume using DELETE url: /api/v2/projects/default/volumes/4812086b-6c4b-406b-9119-c4290b00f33f?             request.body:  ssl_verify: False
2026-10-08 19:44:27.509 87 WARNING py.warnings [None req-75799121-1448-4fd9-b98f-c640c5a47d8a e96c56ca757141a381b1bbe4258b0d12 67c5ded4646b4b2684b6a01518435d51 - - default default] /var/lib/kolla/venv/lib/python3.12/site-packages/urllib3/connectionpool.py:1110: InsecureRequestWarning: Unverified HTTPS request is being made to host '[LB_IP_ADDRESS]'. Adding certificate verification is strongly advised. See: https://urllib3.readthedocs.io/en/latest/advanced-usage.html#tls-warnings
  warnings.warn(

2026-10-08 19:44:27.536 87 INFO cinder.volume.drivers.lightos [None req-75799121-1448-4fd9-b98f-c640c5a47d8a e96c56ca757141a381b1bbe4258b0d12 67c5ded4646b4b2684b6a01518435d51 - - default default] Invoking get_volume using GET url: /api/v2/projects/default/volumes/4812086b-6c4b-406b-9119-c4290b00f33f             request.body: {} ssl_verify: False
2026-10-08 19:44:27.577 87 WARNING py.warnings [None req-75799121-1448-4fd9-b98f-c640c5a47d8a e96c56ca757141a381b1bbe4258b0d12 67c5ded4646b4b2684b6a01518435d51 - - default default] /var/lib/kolla/venv/lib/python3.12/site-packages/urllib3/connectionpool.py:1110: InsecureRequestWarning: Unverified HTTPS request is being made to host '[LB_IP_ADDRESS]'. Adding certificate verification is strongly advised. See: https://urllib3.readthedocs.io/en/latest/advanced-usage.html#tls-warnings
  warnings.warn(

2026-10-08 19:44:27.579 87 INFO cinder.volume.manager [None req-4edb9f93-e4a0-472d-8812-0c0fe4336237 8999ccae69b94d239c8f2f5c591cc965 8fa53554512e4d99a777a225b190f88c - - default default] Deleted volume successfully.
2026-10-08 19:44:27.708 87 INFO cinder.volume.manager [None req-75799121-1448-4fd9-b98f-c640c5a47d8a e96c56ca757141a381b1bbe4258b0d12 67c5ded4646b4b2684b6a01518435d51 - - default default] Deleted volume successfully.
2026-10-08 19:44:28.547 87 INFO cinder.volume.flows.manager.create_volume [None req-1798d1f3-eef2-4f81-a713-2e3bde4a83e4 542cb2880c194b51a7be24a4c1675e6b 8542ea596524422a9b3e566d7274366a - - - -] Volume 5a126e32-279f-45c3-9098-95d5b0efa6b0: being created as raw with specification: {'status': 'creating', 'volume_name': 'vol_5a126e32-279f-45c3-9098-95d5b0efa6b0', 'volume_size': 1}
2026-10-08 19:44:28.548 87 INFO cinder.volume.drivers.lightos [None req-1798d1f3-eef2-4f81-a713-2e3bde4a83e4 542cb2880c194b51a7be24a4c1675e6b 8542ea596524422a9b3e566d7274366a - - - -] Invoking get_volume_by_name using GET url: /api/v2/projects/default/volumes/?name=vol_5a126e32-279f-45c3-9098-95d5b0efa6b0             request.body: {} ssl_verify: False
2026-10-08 19:44:28.583 87 WARNING py.warnings [None req-1798d1f3-eef2-4f81-a713-2e3bde4a83e4 542cb2880c194b51a7be24a4c1675e6b 8542ea596524422a9b3e566d7274366a - - - -] /var/lib/kolla/venv/lib/python3.12/site-packages/urllib3/connectionpool.py:1110: InsecureRequestWarning: Unverified HTTPS request is being made to host '[LB_IP_ADDRESS]'. Adding certificate verification is strongly advised. See: https://urllib3.readthedocs.io/en/latest/advanced-usage.html#tls-warnings
  warnings.warn(

2026-10-08 19:44:28.595 87 INFO cinder.volume.drivers.lightos [None req-1798d1f3-eef2-4f81-a713-2e3bde4a83e4 542cb2880c194b51a7be24a4c1675e6b 8542ea596524422a9b3e566d7274366a - - - -] Invoking create_volume using POST url: /api/v2/projects/default/volumes             request.body: {'name': 'vol_5a126e32-279f-45c3-9098-95d5b0efa6b0', 'size': '1 gib', 'replicaCount': '3', 'compression': 'False', 'acl': {'values': ['ALLOW_NONE']}, 'IPAcl': {'values': ['ALLOW_NONE']}, 'sourceSnapshotUUID': None, 'sourceSnapshotName': None} ssl_verify: False
2026-10-08 19:44:28.638 87 WARNING py.warnings [None req-1798d1f3-eef2-4f81-a713-2e3bde4a83e4 542cb2880c194b51a7be24a4c1675e6b 8542ea596524422a9b3e566d7274366a - - - -] /var/lib/kolla/venv/lib/python3.12/site-packages/urllib3/connectionpool.py:1110: InsecureRequestWarning: Unverified HTTPS request is being made to host '[LB_IP_ADDRESS]'. Adding certificate verification is strongly advised. See: https://urllib3.readthedocs.io/en/latest/advanced-usage.html#tls-warnings
  warnings.warn(

2026-10-08 19:44:28.665 87 INFO cinder.volume.drivers.lightos [None req-1798d1f3-eef2-4f81-a713-2e3bde4a83e4 542cb2880c194b51a7be24a4c1675e6b 8542ea596524422a9b3e566d7274366a - - - -] Invoking get_volume using GET url: /api/v2/projects/default/volumes/1c2988a3-0a11-40d7-9dea-5c4a61bf35b3             request.body: {} ssl_verify: False
2026-10-08 19:44:28.729 87 WARNING py.warnings [None req-1798d1f3-eef2-4f81-a713-2e3bde4a83e4 542cb2880c194b51a7be24a4c1675e6b 8542ea596524422a9b3e566d7274366a - - - -] /var/lib/kolla/venv/lib/python3.12/site-packages/urllib3/connectionpool.py:1110: InsecureRequestWarning: Unverified HTTPS request is being made to host '[LB_IP_ADDRESS]'. Adding certificate verification is strongly advised. See: https://urllib3.readthedocs.io/en/latest/advanced-usage.html#tls-warnings
  warnings.warn(

2026-10-08 19:44:28.768 87 INFO cinder.volume.flows.manager.create_volume [None req-1798d1f3-eef2-4f81-a713-2e3bde4a83e4 542cb2880c194b51a7be24a4c1675e6b 8542ea596524422a9b3e566d7274366a - - - -] Volume vol_5a126e32-279f-45c3-9098-95d5b0efa6b0 (5a126e32-279f-45c3-9098-95d5b0efa6b0): created successfully
2026-10-08 19:44:28.779 87 INFO cinder.volume.manager [None req-1798d1f3-eef2-4f81-a713-2e3bde4a83e4 542cb2880c194b51a7be24a4c1675e6b 8542ea596524422a9b3e566d7274366a - - - -] Created volume successfully.
2026-10-08 19:44:31.906 87 INFO cinder.volume.drivers.lightos [None req-6118e370-eaea-4a5f-b755-9ca4bc313271 542cb2880c194b51a7be24a4c1675e6b 8542ea596524422a9b3e566d7274366a - - default default] Invoking delete_volume using DELETE url: /api/v2/projects/default/volumes/1c2988a3-0a11-40d7-9dea-5c4a61bf35b3?             request.body:  ssl_verify: False
2026-10-08 19:44:31.946 87 WARNING py.warnings [None req-6118e370-eaea-4a5f-b755-9ca4bc313271 542cb2880c194b51a7be24a4c1675e6b 8542ea596524422a9b3e566d7274366a - - default default] /var/lib/kolla/venv/lib/python3.12/site-packages/urllib3/connectionpool.py:1110: InsecureRequestWarning: Unverified HTTPS request is being made to host '[LB_IP_ADDRESS]'. Adding certificate verification is strongly advised. See: https://urllib3.readthedocs.io/en/latest/advanced-usage.html#tls-warnings
  warnings.warn(

2026-10-08 19:44:31.968 87 INFO cinder.volume.drivers.lightos [None req-6118e370-eaea-4a5f-b755-9ca4bc313271 542cb2880c194b51a7be24a4c1675e6b 8542ea596524422a9b3e566d7274366a - - default default] Invoking get_volume using GET url: /api/v2/projects/default/volumes/1c2988a3-0a11-40d7-9dea-5c4a61bf35b3             request.body: {} ssl_verify: False
2026-10-08 19:44:32.010 87 WARNING py.warnings [None req-6118e370-eaea-4a5f-b755-9ca4bc313271 542cb2880c194b51a7be24a4c1675e6b 8542ea596524422a9b3e566d7274366a - - default default] /var/lib/kolla/venv/lib/python3.12/site-packages/urllib3/connectionpool.py:1110: InsecureRequestWarning: Unverified HTTPS request is being made to host '[LB_IP_ADDRESS]'. Adding certificate verification is strongly advised. See: https://urllib3.readthedocs.io/en/latest/advanced-usage.html#tls-warnings
  warnings.warn(

2026-10-08 19:44:32.040 87 INFO cinder.volume.flows.manager.create_volume [None req-bf94ace1-1de7-4602-ac6a-9641a1416321 c183e62dd9f444d2926e255c9165b350 eb8faf0de1e34cf6909e7c565530e202 - - - -] Volume a166963c-e912-4b92-9f52-70ec8d1fd173: being created as raw with specification: {'status': 'creating', 'volume_name': 'vol_a166963c-e912-4b92-9f52-70ec8d1fd173', 'volume_size': 1}
2026-10-08 19:44:32.040 87 INFO cinder.volume.drivers.lightos [None req-bf94ace1-1de7-4602-ac6a-9641a1416321 c183e62dd9f444d2926e255c9165b350 eb8faf0de1e34cf6909e7c565530e202 - - - -] Invoking get_volume_by_name using GET url: /api/v2/projects/default/volumes/?name=vol_a166963c-e912-4b92-9f52-70ec8d1fd173             request.body: {} ssl_verify: False
2026-10-08 19:44:32.086 87 WARNING py.warnings [None req-bf94ace1-1de7-4602-ac6a-9641a1416321 c183e62dd9f444d2926e255c9165b350 eb8faf0de1e34cf6909e7c565530e202 - - - -] /var/lib/kolla/venv/lib/python3.12/site-packages/urllib3/connectionpool.py:1110: InsecureRequestWarning: Unverified HTTPS request is being made to host '[LB_IP_ADDRESS]'. Adding certificate verification is strongly advised. See: https://urllib3.readthedocs.io/en/latest/advanced-usage.html#tls-warnings
  warnings.warn(

2026-10-08 19:44:32.137 87 INFO cinder.volume.drivers.lightos [None req-bf94ace1-1de7-4602-ac6a-9641a1416321 c183e62dd9f444d2926e255c9165b350 eb8faf0de1e34cf6909e7c565530e202 - - - -] Invoking create_volume using POST url: /api/v2/projects/default/volumes             request.body: {'name': 'vol_a166963c-e912-4b92-9f52-70ec8d1fd173', 'size': '1 gib', 'replicaCount': '3', 'compression': 'False', 'acl': {'values': ['ALLOW_NONE']}, 'IPAcl': {'values': ['ALLOW_NONE']}, 'sourceSnapshotUUID': None, 'sourceSnapshotName': None} ssl_verify: False
2026-10-08 19:44:32.193 87 WARNING py.warnings [None req-bf94ace1-1de7-4602-ac6a-9641a1416321 c183e62dd9f444d2926e255c9165b350 eb8faf0de1e34cf6909e7c565530e202 - - - -] /var/lib/kolla/venv/lib/python3.12/site-packages/urllib3/connectionpool.py:1110: InsecureRequestWarning: Unverified HTTPS request is being made to host '[LB_IP_ADDRESS]'. Adding certificate verification is strongly advised. See: https://urllib3.readthedocs.io/en/latest/advanced-usage.html#tls-warnings
  warnings.warn(

2026-10-08 19:44:32.215 87 INFO cinder.volume.manager [None req-6118e370-eaea-4a5f-b755-9ca4bc313271 542cb2880c194b51a7be24a4c1675e6b 8542ea596524422a9b3e566d7274366a - - default default] Deleted volume successfully.
2026-10-08 19:44:32.232 87 INFO cinder.volume.drivers.lightos [None req-bf94ace1-1de7-4602-ac6a-9641a1416321 c183e62dd9f444d2926e255c9165b350 eb8faf0de1e34cf6909e7c565530e202 - - - -] Invoking get_volume using GET url: /api/v2/projects/default/volumes/872f9789-608a-44ad-a048-1558f90c299c             request.body: {} ssl_verify: False
2026-10-08 19:44:32.276 87 WARNING py.warnings [None req-bf94ace1-1de7-4602-ac6a-9641a1416321 c183e62dd9f444d2926e255c9165b350 eb8faf0de1e34cf6909e7c565530e202 - - - -] /var/lib/kolla/venv/lib/python3.12/site-packages/urllib3/connectionpool.py:1110: InsecureRequestWarning: Unverified HTTPS request is being made to host '[LB_IP_ADDRESS]'. Adding certificate verification is strongly advised. See: https://urllib3.readthedocs.io/en/latest/advanced-usage.html#tls-warnings
  warnings.warn(

2026-10-08 19:44:33.294 87 INFO cinder.volume.drivers.lightos [None req-bf94ace1-1de7-4602-ac6a-9641a1416321 c183e62dd9f444d2926e255c9165b350 eb8faf0de1e34cf6909e7c565530e202 - - - -] Invoking get_volume using GET url: /api/v2/projects/default/volumes/872f9789-608a-44ad-a048-1558f90c299c             request.body: {} ssl_verify: False
2026-10-08 19:44:33.341 87 WARNING py.warnings [None req-bf94ace1-1de7-4602-ac6a-9641a1416321 c183e62dd9f444d2926e255c9165b350 eb8faf0de1e34cf6909e7c565530e202 - - - -] /var/lib/kolla/venv/lib/python3.12/site-packages/urllib3/connectionpool.py:1110: InsecureRequestWarning: Unverified HTTPS request is being made to host '[LB_IP_ADDRESS]'. Adding certificate verification is strongly advised. See: https://urllib3.readthedocs.io/en/latest/advanced-usage.html#tls-warnings
  warnings.warn(

2026-10-08 19:44:33.373 87 INFO cinder.volume.flows.manager.create_volume [None req-bf94ace1-1de7-4602-ac6a-9641a1416321 c183e62dd9f444d2926e255c9165b350 eb8faf0de1e34cf6909e7c565530e202 - - - -] Volume vol_a166963c-e912-4b92-9f52-70ec8d1fd173 (a166963c-e912-4b92-9f52-70ec8d1fd173): created successfully
2026-10-08 19:44:33.383 87 INFO cinder.volume.manager [None req-bf94ace1-1de7-4602-ac6a-9641a1416321 c183e62dd9f444d2926e255c9165b350 eb8faf0de1e34cf6909e7c565530e202 - - - -] Created volume successfully.
2026-10-08 19:44:34.339 87 INFO cinder.volume.drivers.lightos [None req-e95fc912-9e48-4eb7-85fd-f23d2a958ded c183e62dd9f444d2926e255c9165b350 eb8faf0de1e34cf6909e7c565530e202 - - - -] Invoking get_snapshot_by_name using GET url: /api/v2/projects/default/snapshots/?Name=snapshot-b2326f0f-0253-4c5a-be55-ece1f682152f             request.body: {} ssl_verify: False
2026-10-08 19:44:34.376 87 WARNING py.warnings [None req-e95fc912-9e48-4eb7-85fd-f23d2a958ded c183e62dd9f444d2926e255c9165b350 eb8faf0de1e34cf6909e7c565530e202 - - - -] /var/lib/kolla/venv/lib/python3.12/site-packages/urllib3/connectionpool.py:1110: InsecureRequestWarning: Unverified HTTPS request is being made to host '[LB_IP_ADDRESS]'. Adding certificate verification is strongly advised. See: https://urllib3.readthedocs.io/en/latest/advanced-usage.html#tls-warnings
  warnings.warn(

2026-10-08 19:44:34.385 87 INFO cinder.volume.drivers.lightos [None req-e95fc912-9e48-4eb7-85fd-f23d2a958ded c183e62dd9f444d2926e255c9165b350 eb8faf0de1e34cf6909e7c565530e202 - - - -] Invoking create_snapshot using POST url: /api/v2/projects/default/snapshots             request.body: {'name': 'snapshot-b2326f0f-0253-4c5a-be55-ece1f682152f', 'sourceVolumeUUID': None, 'sourceVolumeName': 'vol_a166963c-e912-4b92-9f52-70ec8d1fd173'} ssl_verify: False
2026-10-08 19:44:34.426 87 WARNING py.warnings [None req-e95fc912-9e48-4eb7-85fd-f23d2a958ded c183e62dd9f444d2926e255c9165b350 eb8faf0de1e34cf6909e7c565530e202 - - - -] /var/lib/kolla/venv/lib/python3.12/site-packages/urllib3/connectionpool.py:1110: InsecureRequestWarning: Unverified HTTPS request is being made to host '[LB_IP_ADDRESS]'. Adding certificate verification is strongly advised. See: https://urllib3.readthedocs.io/en/latest/advanced-usage.html#tls-warnings
  warnings.warn(

2026-10-08 19:44:34.462 87 INFO cinder.volume.drivers.lightos [None req-e95fc912-9e48-4eb7-85fd-f23d2a958ded c183e62dd9f444d2926e255c9165b350 eb8faf0de1e34cf6909e7c565530e202 - - - -] Invoking get_snapshot_by_name using GET url: /api/v2/projects/default/snapshots/?Name=snapshot-b2326f0f-0253-4c5a-be55-ece1f682152f             request.body: {} ssl_verify: False
2026-10-08 19:44:34.524 87 WARNING py.warnings [None req-e95fc912-9e48-4eb7-85fd-f23d2a958ded c183e62dd9f444d2926e255c9165b350 eb8faf0de1e34cf6909e7c565530e202 - - - -] /var/lib/kolla/venv/lib/python3.12/site-packages/urllib3/connectionpool.py:1110: InsecureRequestWarning: Unverified HTTPS request is being made to host '[LB_IP_ADDRESS]'. Adding certificate verification is strongly advised. See: https://urllib3.readthedocs.io/en/latest/advanced-usage.html#tls-warnings
  warnings.warn(

2026-10-08 19:44:35.590 87 INFO cinder.volume.drivers.lightos [None req-e95fc912-9e48-4eb7-85fd-f23d2a958ded c183e62dd9f444d2926e255c9165b350 eb8faf0de1e34cf6909e7c565530e202 - - - -] Invoking get_snapshot_by_name using GET url: /api/v2/projects/default/snapshots/?Name=snapshot-b2326f0f-0253-4c5a-be55-ece1f682152f             request.body: {} ssl_verify: False
2026-10-08 19:44:35.633 87 WARNING py.warnings [None req-e95fc912-9e48-4eb7-85fd-f23d2a958ded c183e62dd9f444d2926e255c9165b350 eb8faf0de1e34cf6909e7c565530e202 - - - -] /var/lib/kolla/venv/lib/python3.12/site-packages/urllib3/connectionpool.py:1110: InsecureRequestWarning: Unverified HTTPS request is being made to host '[LB_IP_ADDRESS]'. Adding certificate verification is strongly advised. See: https://urllib3.readthedocs.io/en/latest/advanced-usage.html#tls-warnings
  warnings.warn(

2026-10-08 19:44:35.661 87 INFO cinder.volume.manager [None req-e95fc912-9e48-4eb7-85fd-f23d2a958ded c183e62dd9f444d2926e255c9165b350 eb8faf0de1e34cf6909e7c565530e202 - - - -] Create snapshot completed successfully
2026-10-08 19:44:36.609 87 INFO cinder.volume.drivers.lightos [None req-004adbd6-dbc8-4efc-87f9-12ec7e745be8 c183e62dd9f444d2926e255c9165b350 eb8faf0de1e34cf6909e7c565530e202 - - - -] Invoking get_snapshot_by_name using GET url: /api/v2/projects/default/snapshots/?Name=snapshot-0224daab-19e8-428e-af8b-4202a44a0173             request.body: {} ssl_verify: False
2026-10-08 19:44:36.648 87 WARNING py.warnings [None req-004adbd6-dbc8-4efc-87f9-12ec7e745be8 c183e62dd9f444d2926e255c9165b350 eb8faf0de1e34cf6909e7c565530e202 - - - -] /var/lib/kolla/venv/lib/python3.12/site-packages/urllib3/connectionpool.py:1110: InsecureRequestWarning: Unverified HTTPS request is being made to host '[LB_IP_ADDRESS]'. Adding certificate verification is strongly advised. See: https://urllib3.readthedocs.io/en/latest/advanced-usage.html#tls-warnings
  warnings.warn(

2026-10-08 19:44:36.659 87 INFO cinder.volume.drivers.lightos [None req-004adbd6-dbc8-4efc-87f9-12ec7e745be8 c183e62dd9f444d2926e255c9165b350 eb8faf0de1e34cf6909e7c565530e202 - - - -] Invoking create_snapshot using POST url: /api/v2/projects/default/snapshots             request.body: {'name': 'snapshot-0224daab-19e8-428e-af8b-4202a44a0173', 'sourceVolumeUUID': None, 'sourceVolumeName': 'vol_a166963c-e912-4b92-9f52-70ec8d1fd173'} ssl_verify: False
2026-10-08 19:44:36.708 87 WARNING py.warnings [None req-004adbd6-dbc8-4efc-87f9-12ec7e745be8 c183e62dd9f444d2926e255c9165b350 eb8faf0de1e34cf6909e7c565530e202 - - - -] /var/lib/kolla/venv/lib/python3.12/site-packages/urllib3/connectionpool.py:1110: InsecureRequestWarning: Unverified HTTPS request is being made to host '[LB_IP_ADDRESS]'. Adding certificate verification is strongly advised. See: https://urllib3.readthedocs.io/en/latest/advanced-usage.html#tls-warnings
  warnings.warn(

2026-10-08 19:44:36.746 87 INFO cinder.volume.drivers.lightos [None req-004adbd6-dbc8-4efc-87f9-12ec7e745be8 c183e62dd9f444d2926e255c9165b350 eb8faf0de1e34cf6909e7c565530e202 - - - -] Invoking get_snapshot_by_name using GET url: /api/v2/projects/default/snapshots/?Name=snapshot-0224daab-19e8-428e-af8b-4202a44a0173             request.body: {} ssl_verify: False
2026-10-08 19:44:36.802 87 WARNING py.warnings [None req-004adbd6-dbc8-4efc-87f9-12ec7e745be8 c183e62dd9f444d2926e255c9165b350 eb8faf0de1e34cf6909e7c565530e202 - - - -] /var/lib/kolla/venv/lib/python3.12/site-packages/urllib3/connectionpool.py:1110: InsecureRequestWarning: Unverified HTTPS request is being made to host '[LB_IP_ADDRESS]'. Adding certificate verification is strongly advised. See: https://urllib3.readthedocs.io/en/latest/advanced-usage.html#tls-warnings
  warnings.warn(

2026-10-08 19:44:37.858 87 INFO cinder.volume.drivers.lightos [None req-004adbd6-dbc8-4efc-87f9-12ec7e745be8 c183e62dd9f444d2926e255c9165b350 eb8faf0de1e34cf6909e7c565530e202 - - - -] Invoking get_snapshot_by_name using GET url: /api/v2/projects/default/snapshots/?Name=snapshot-0224daab-19e8-428e-af8b-4202a44a0173             request.body: {} ssl_verify: False
2026-10-08 19:44:37.908 87 WARNING py.warnings [None req-004adbd6-dbc8-4efc-87f9-12ec7e745be8 c183e62dd9f444d2926e255c9165b350 eb8faf0de1e34cf6909e7c565530e202 - - - -] /var/lib/kolla/venv/lib/python3.12/site-packages/urllib3/connectionpool.py:1110: InsecureRequestWarning: Unverified HTTPS request is being made to host '[LB_IP_ADDRESS]'. Adding certificate verification is strongly advised. See: https://urllib3.readthedocs.io/en/latest/advanced-usage.html#tls-warnings
  warnings.warn(

2026-10-08 19:44:37.946 87 INFO cinder.volume.manager [None req-004adbd6-dbc8-4efc-87f9-12ec7e745be8 c183e62dd9f444d2926e255c9165b350 eb8faf0de1e34cf6909e7c565530e202 - - - -] Create snapshot completed successfully
2026-10-08 19:44:38.766 87 INFO cinder.volume.drivers.lightos [None req-ef0ce9fa-bd67-4fe7-a971-7adc57af93c3 c183e62dd9f444d2926e255c9165b350 eb8faf0de1e34cf6909e7c565530e202 - - default default] Invoking get_snapshot_by_name using GET url: /api/v2/projects/default/snapshots/?Name=snapshot-0224daab-19e8-428e-af8b-4202a44a0173             request.body: {} ssl_verify: False
2026-10-08 19:44:38.802 87 WARNING py.warnings [None req-ef0ce9fa-bd67-4fe7-a971-7adc57af93c3 c183e62dd9f444d2926e255c9165b350 eb8faf0de1e34cf6909e7c565530e202 - - default default] /var/lib/kolla/venv/lib/python3.12/site-packages/urllib3/connectionpool.py:1110: InsecureRequestWarning: Unverified HTTPS request is being made to host '[LB_IP_ADDRESS]'. Adding certificate verification is strongly advised. See: https://urllib3.readthedocs.io/en/latest/advanced-usage.html#tls-warnings
  warnings.warn(

2026-10-08 19:44:38.816 87 INFO cinder.volume.drivers.lightos [None req-ef0ce9fa-bd67-4fe7-a971-7adc57af93c3 c183e62dd9f444d2926e255c9165b350 eb8faf0de1e34cf6909e7c565530e202 - - default default] Invoking delete_snapshot using DELETE url: /api/v2/projects/default/snapshots/5ff8d533-0afe-4f9a-a041-48cbb821dc71?             request.body:  ssl_verify: False
2026-10-08 19:44:38.857 87 WARNING py.warnings [None req-ef0ce9fa-bd67-4fe7-a971-7adc57af93c3 c183e62dd9f444d2926e255c9165b350 eb8faf0de1e34cf6909e7c565530e202 - - default default] /var/lib/kolla/venv/lib/python3.12/site-packages/urllib3/connectionpool.py:1110: InsecureRequestWarning: Unverified HTTPS request is being made to host '[LB_IP_ADDRESS]'. Adding certificate verification is strongly advised. See: https://urllib3.readthedocs.io/en/latest/advanced-usage.html#tls-warnings
  warnings.warn(

2026-10-08 19:44:38.892 87 INFO cinder.volume.drivers.lightos [None req-ef0ce9fa-bd67-4fe7-a971-7adc57af93c3 c183e62dd9f444d2926e255c9165b350 eb8faf0de1e34cf6909e7c565530e202 - - default default] Invoking get_snapshot using GET url: /api/v2/projects/default/snapshots/5ff8d533-0afe-4f9a-a041-48cbb821dc71             request.body: {} ssl_verify: False
2026-10-08 19:44:38.938 87 WARNING py.warnings [None req-ef0ce9fa-bd67-4fe7-a971-7adc57af93c3 c183e62dd9f444d2926e255c9165b350 eb8faf0de1e34cf6909e7c565530e202 - - default default] /var/lib/kolla/venv/lib/python3.12/site-packages/urllib3/connectionpool.py:1110: InsecureRequestWarning: Unverified HTTPS request is being made to host '[LB_IP_ADDRESS]'. Adding certificate verification is strongly advised. See: https://urllib3.readthedocs.io/en/latest/advanced-usage.html#tls-warnings
  warnings.warn(

2026-10-08 19:44:39.097 87 INFO cinder.volume.manager [None req-ef0ce9fa-bd67-4fe7-a971-7adc57af93c3 c183e62dd9f444d2926e255c9165b350 eb8faf0de1e34cf6909e7c565530e202 - - default default] Delete snapshot completed successfully.
2026-10-08 19:44:39.108 87 INFO cinder.volume.flows.manager.create_volume [None req-b2b64df0-a59a-4644-8851-1d786b276739 cfae014f9b5a4a3c81d04cea28f80022 aa70d69ec642420993f7e4e953cc2239 - - - -] Volume 79226d04-6ce5-4d04-bf82-7f0aadbaeef5: being created as raw with specification: {'status': 'creating', 'volume_name': 'vol_79226d04-6ce5-4d04-bf82-7f0aadbaeef5', 'volume_size': 1}
2026-10-08 19:44:39.108 87 INFO cinder.volume.drivers.lightos [None req-b2b64df0-a59a-4644-8851-1d786b276739 cfae014f9b5a4a3c81d04cea28f80022 aa70d69ec642420993f7e4e953cc2239 - - - -] Invoking get_volume_by_name using GET url: /api/v2/projects/default/volumes/?name=vol_79226d04-6ce5-4d04-bf82-7f0aadbaeef5             request.body: {} ssl_verify: False
2026-10-08 19:44:39.139 87 INFO cinder.volume.drivers.lightos [None req-ef0ce9fa-bd67-4fe7-a971-7adc57af93c3 c183e62dd9f444d2926e255c9165b350 eb8faf0de1e34cf6909e7c565530e202 - - default default] Invoking get_snapshot_by_name using GET url: /api/v2/projects/default/snapshots/?Name=snapshot-b2326f0f-0253-4c5a-be55-ece1f682152f             request.body: {} ssl_verify: False
2026-10-08 19:44:39.167 87 WARNING py.warnings [None req-b2b64df0-a59a-4644-8851-1d786b276739 cfae014f9b5a4a3c81d04cea28f80022 aa70d69ec642420993f7e4e953cc2239 - - - -] /var/lib/kolla/venv/lib/python3.12/site-packages/urllib3/connectionpool.py:1110: InsecureRequestWarning: Unverified HTTPS request is being made to host '[LB_IP_ADDRESS]'. Adding certificate verification is strongly advised. See: https://urllib3.readthedocs.io/en/latest/advanced-usage.html#tls-warnings
  warnings.warn(

2026-10-08 19:44:39.174 87 WARNING py.warnings [None req-ef0ce9fa-bd67-4fe7-a971-7adc57af93c3 c183e62dd9f444d2926e255c9165b350 eb8faf0de1e34cf6909e7c565530e202 - - default default] /var/lib/kolla/venv/lib/python3.12/site-packages/urllib3/connectionpool.py:1110: InsecureRequestWarning: Unverified HTTPS request is being made to host '[LB_IP_ADDRESS]'. Adding certificate verification is strongly advised. See: https://urllib3.readthedocs.io/en/latest/advanced-usage.html#tls-warnings
  warnings.warn(

2026-10-08 19:44:39.180 87 INFO cinder.volume.drivers.lightos [None req-b2b64df0-a59a-4644-8851-1d786b276739 cfae014f9b5a4a3c81d04cea28f80022 aa70d69ec642420993f7e4e953cc2239 - - - -] Invoking create_volume using POST url: /api/v2/projects/default/volumes             request.body: {'name': 'vol_79226d04-6ce5-4d04-bf82-7f0aadbaeef5', 'size': '1 gib', 'replicaCount': '3', 'compression': 'False', 'acl': {'values': ['ALLOW_NONE']}, 'IPAcl': {'values': ['ALLOW_NONE']}, 'sourceSnapshotUUID': None, 'sourceSnapshotName': None} ssl_verify: False
2026-10-08 19:44:39.212 87 INFO cinder.volume.drivers.lightos [None req-ef0ce9fa-bd67-4fe7-a971-7adc57af93c3 c183e62dd9f444d2926e255c9165b350 eb8faf0de1e34cf6909e7c565530e202 - - default default] Invoking delete_snapshot using DELETE url: /api/v2/projects/default/snapshots/df06ea4b-9905-4b33-9a11-a3e2c4cebaab?             request.body:  ssl_verify: False
2026-10-08 19:44:39.240 87 WARNING py.warnings [None req-b2b64df0-a59a-4644-8851-1d786b276739 cfae014f9b5a4a3c81d04cea28f80022 aa70d69ec642420993f7e4e953cc2239 - - - -] /var/lib/kolla/venv/lib/python3.12/site-packages/urllib3/connectionpool.py:1110: InsecureRequestWarning: Unverified HTTPS request is being made to host '[LB_IP_ADDRESS]'. Adding certificate verification is strongly advised. See: https://urllib3.readthedocs.io/en/latest/advanced-usage.html#tls-warnings
  warnings.warn(

2026-10-08 19:44:39.246 87 WARNING py.warnings [None req-ef0ce9fa-bd67-4fe7-a971-7adc57af93c3 c183e62dd9f444d2926e255c9165b350 eb8faf0de1e34cf6909e7c565530e202 - - default default] /var/lib/kolla/venv/lib/python3.12/site-packages/urllib3/connectionpool.py:1110: InsecureRequestWarning: Unverified HTTPS request is being made to host '[LB_IP_ADDRESS]'. Adding certificate verification is strongly advised. See: https://urllib3.readthedocs.io/en/latest/advanced-usage.html#tls-warnings
  warnings.warn(

2026-10-08 19:44:39.273 87 INFO cinder.volume.drivers.lightos [None req-b2b64df0-a59a-4644-8851-1d786b276739 cfae014f9b5a4a3c81d04cea28f80022 aa70d69ec642420993f7e4e953cc2239 - - - -] Invoking get_volume using GET url: /api/v2/projects/default/volumes/0d3dbb2a-c0f8-4c8a-a2fb-c83e38b76e47             request.body: {} ssl_verify: False
2026-10-08 19:44:39.312 87 INFO cinder.volume.drivers.lightos [None req-ef0ce9fa-bd67-4fe7-a971-7adc57af93c3 c183e62dd9f444d2926e255c9165b350 eb8faf0de1e34cf6909e7c565530e202 - - default default] Invoking get_snapshot using GET url: /api/v2/projects/default/snapshots/df06ea4b-9905-4b33-9a11-a3e2c4cebaab             request.body: {} ssl_verify: False
2026-10-08 19:44:39.340 87 WARNING py.warnings [None req-b2b64df0-a59a-4644-8851-1d786b276739 cfae014f9b5a4a3c81d04cea28f80022 aa70d69ec642420993f7e4e953cc2239 - - - -] /var/lib/kolla/venv/lib/python3.12/site-packages/urllib3/connectionpool.py:1110: InsecureRequestWarning: Unverified HTTPS request is being made to host '[LB_IP_ADDRESS]'. Adding certificate verification is strongly advised. See: https://urllib3.readthedocs.io/en/latest/advanced-usage.html#tls-warnings
  warnings.warn(

2026-10-08 19:44:39.359 87 WARNING py.warnings [None req-ef0ce9fa-bd67-4fe7-a971-7adc57af93c3 c183e62dd9f444d2926e255c9165b350 eb8faf0de1e34cf6909e7c565530e202 - - default default] /var/lib/kolla/venv/lib/python3.12/site-packages/urllib3/connectionpool.py:1110: InsecureRequestWarning: Unverified HTTPS request is being made to host '[LB_IP_ADDRESS]'. Adding certificate verification is strongly advised. See: https://urllib3.readthedocs.io/en/latest/advanced-usage.html#tls-warnings
  warnings.warn(

2026-10-08 19:44:39.507 87 INFO cinder.volume.manager [None req-ef0ce9fa-bd67-4fe7-a971-7adc57af93c3 c183e62dd9f444d2926e255c9165b350 eb8faf0de1e34cf6909e7c565530e202 - - default default] Delete snapshot completed successfully.
2026-10-08 19:44:39.507 87 INFO cinder.volume.drivers.lightos [None req-ef0ce9fa-bd67-4fe7-a971-7adc57af93c3 c183e62dd9f444d2926e255c9165b350 eb8faf0de1e34cf6909e7c565530e202 - - default default] Invoking delete_volume using DELETE url: /api/v2/projects/default/volumes/872f9789-608a-44ad-a048-1558f90c299c?             request.body:  ssl_verify: False
2026-10-08 19:44:39.548 87 WARNING py.warnings [None req-ef0ce9fa-bd67-4fe7-a971-7adc57af93c3 c183e62dd9f444d2926e255c9165b350 eb8faf0de1e34cf6909e7c565530e202 - - default default] /var/lib/kolla/venv/lib/python3.12/site-packages/urllib3/connectionpool.py:1110: InsecureRequestWarning: Unverified HTTPS request is being made to host '[LB_IP_ADDRESS]'. Adding certificate verification is strongly advised. See: https://urllib3.readthedocs.io/en/latest/advanced-usage.html#tls-warnings
  warnings.warn(

2026-10-08 19:44:39.584 87 INFO cinder.volume.drivers.lightos [None req-ef0ce9fa-bd67-4fe7-a971-7adc57af93c3 c183e62dd9f444d2926e255c9165b350 eb8faf0de1e34cf6909e7c565530e202 - - default default] Invoking get_volume using GET url: /api/v2/projects/default/volumes/872f9789-608a-44ad-a048-1558f90c299c             request.body: {} ssl_verify: False
2026-10-08 19:44:39.629 87 WARNING py.warnings [None req-ef0ce9fa-bd67-4fe7-a971-7adc57af93c3 c183e62dd9f444d2926e255c9165b350 eb8faf0de1e34cf6909e7c565530e202 - - default default] /var/lib/kolla/venv/lib/python3.12/site-packages/urllib3/connectionpool.py:1110: InsecureRequestWarning: Unverified HTTPS request is being made to host '[LB_IP_ADDRESS]'. Adding certificate verification is strongly advised. See: https://urllib3.readthedocs.io/en/latest/advanced-usage.html#tls-warnings
  warnings.warn(

2026-10-08 19:44:39.759 87 INFO cinder.volume.manager [None req-ef0ce9fa-bd67-4fe7-a971-7adc57af93c3 c183e62dd9f444d2926e255c9165b350 eb8faf0de1e34cf6909e7c565530e202 - - default default] Deleted volume successfully.
2026-10-08 19:44:40.387 87 INFO cinder.volume.drivers.lightos [None req-b2b64df0-a59a-4644-8851-1d786b276739 cfae014f9b5a4a3c81d04cea28f80022 aa70d69ec642420993f7e4e953cc2239 - - - -] Invoking get_volume using GET url: /api/v2/projects/default/volumes/0d3dbb2a-c0f8-4c8a-a2fb-c83e38b76e47             request.body: {} ssl_verify: False
2026-10-08 19:44:40.439 87 WARNING py.warnings [None req-b2b64df0-a59a-4644-8851-1d786b276739 cfae014f9b5a4a3c81d04cea28f80022 aa70d69ec642420993f7e4e953cc2239 - - - -] /var/lib/kolla/venv/lib/python3.12/site-packages/urllib3/connectionpool.py:1110: InsecureRequestWarning: Unverified HTTPS request is being made to host '[LB_IP_ADDRESS]'. Adding certificate verification is strongly advised. See: https://urllib3.readthedocs.io/en/latest/advanced-usage.html#tls-warnings
  warnings.warn(

2026-10-08 19:44:40.481 87 INFO cinder.volume.flows.manager.create_volume [None req-e604de18-3a07-4726-9311-e2942e0d525d c183e62dd9f444d2926e255c9165b350 eb8faf0de1e34cf6909e7c565530e202 - - - -] Volume dd63eb3c-92fc-4ca5-b02a-8923778b3795: being created as raw with specification: {'status': 'creating', 'volume_name': 'vol_dd63eb3c-92fc-4ca5-b02a-8923778b3795', 'volume_size': 1}
2026-10-08 19:44:40.481 87 INFO cinder.volume.drivers.lightos [None req-e604de18-3a07-4726-9311-e2942e0d525d c183e62dd9f444d2926e255c9165b350 eb8faf0de1e34cf6909e7c565530e202 - - - -] Invoking get_volume_by_name using GET url: /api/v2/projects/default/volumes/?name=vol_dd63eb3c-92fc-4ca5-b02a-8923778b3795             request.body: {} ssl_verify: False
2026-10-08 19:44:40.516 87 INFO cinder.volume.flows.manager.create_volume [None req-b2b64df0-a59a-4644-8851-1d786b276739 cfae014f9b5a4a3c81d04cea28f80022 aa70d69ec642420993f7e4e953cc2239 - - - -] Volume vol_79226d04-6ce5-4d04-bf82-7f0aadbaeef5 (79226d04-6ce5-4d04-bf82-7f0aadbaeef5): created successfully
2026-10-08 19:44:40.521 87 WARNING py.warnings [None req-e604de18-3a07-4726-9311-e2942e0d525d c183e62dd9f444d2926e255c9165b350 eb8faf0de1e34cf6909e7c565530e202 - - - -] /var/lib/kolla/venv/lib/python3.12/site-packages/urllib3/connectionpool.py:1110: InsecureRequestWarning: Unverified HTTPS request is being made to host '[LB_IP_ADDRESS]'. Adding certificate verification is strongly advised. See: https://urllib3.readthedocs.io/en/latest/advanced-usage.html#tls-warnings
  warnings.warn(

2026-10-08 19:44:40.525 87 INFO cinder.volume.manager [None req-b2b64df0-a59a-4644-8851-1d786b276739 cfae014f9b5a4a3c81d04cea28f80022 aa70d69ec642420993f7e4e953cc2239 - - - -] Created volume successfully.
2026-10-08 19:44:40.530 87 INFO cinder.volume.drivers.lightos [None req-e604de18-3a07-4726-9311-e2942e0d525d c183e62dd9f444d2926e255c9165b350 eb8faf0de1e34cf6909e7c565530e202 - - - -] Invoking create_volume using POST url: /api/v2/projects/default/volumes             request.body: {'name': 'vol_dd63eb3c-92fc-4ca5-b02a-8923778b3795', 'size': '1 gib', 'replicaCount': '3', 'compression': 'False', 'acl': {'values': ['ALLOW_NONE']}, 'IPAcl': {'values': ['ALLOW_NONE']}, 'sourceSnapshotUUID': None, 'sourceSnapshotName': None} ssl_verify: False
2026-10-08 19:44:40.568 87 WARNING py.warnings [None req-e604de18-3a07-4726-9311-e2942e0d525d c183e62dd9f444d2926e255c9165b350 eb8faf0de1e34cf6909e7c565530e202 - - - -] /var/lib/kolla/venv/lib/python3.12/site-packages/urllib3/connectionpool.py:1110: InsecureRequestWarning: Unverified HTTPS request is being made to host '[LB_IP_ADDRESS]'. Adding certificate verification is strongly advised. See: https://urllib3.readthedocs.io/en/latest/advanced-usage.html#tls-warnings
  warnings.warn(

2026-10-08 19:44:40.595 87 INFO cinder.volume.drivers.lightos [None req-e604de18-3a07-4726-9311-e2942e0d525d c183e62dd9f444d2926e255c9165b350 eb8faf0de1e34cf6909e7c565530e202 - - - -] Invoking get_volume using GET url: /api/v2/projects/default/volumes/ad476e42-c5be-46a7-bff5-64171702a841             request.body: {} ssl_verify: False
2026-10-08 19:44:40.647 87 WARNING py.warnings [None req-e604de18-3a07-4726-9311-e2942e0d525d c183e62dd9f444d2926e255c9165b350 eb8faf0de1e34cf6909e7c565530e202 - - - -] /var/lib/kolla/venv/lib/python3.12/site-packages/urllib3/connectionpool.py:1110: InsecureRequestWarning: Unverified HTTPS request is being made to host '[LB_IP_ADDRESS]'. Adding certificate verification is strongly advised. See: https://urllib3.readthedocs.io/en/latest/advanced-usage.html#tls-warnings
  warnings.warn(

2026-10-08 19:44:41.394 87 INFO cinder.volume.drivers.lightos [None req-df7ddf6a-f2b2-49e0-9954-6166170df9ff cfae014f9b5a4a3c81d04cea28f80022 aa70d69ec642420993f7e4e953cc2239 - - - -] Invoking get_snapshot_by_name using GET url: /api/v2/projects/default/snapshots/?Name=snapshot-3efa92de-ac5f-4b8c-87b6-6a5e7a53eb02             request.body: {} ssl_verify: False
2026-10-08 19:44:41.433 87 WARNING py.warnings [None req-df7ddf6a-f2b2-49e0-9954-6166170df9ff cfae014f9b5a4a3c81d04cea28f80022 aa70d69ec642420993f7e4e953cc2239 - - - -] /var/lib/kolla/venv/lib/python3.12/site-packages/urllib3/connectionpool.py:1110: InsecureRequestWarning: Unverified HTTPS request is being made to host '[LB_IP_ADDRESS]'. Adding certificate verification is strongly advised. See: https://urllib3.readthedocs.io/en/latest/advanced-usage.html#tls-warnings
  warnings.warn(

2026-10-08 19:44:41.444 87 INFO cinder.volume.drivers.lightos [None req-df7ddf6a-f2b2-49e0-9954-6166170df9ff cfae014f9b5a4a3c81d04cea28f80022 aa70d69ec642420993f7e4e953cc2239 - - - -] Invoking create_snapshot using POST url: /api/v2/projects/default/snapshots             request.body: {'name': 'snapshot-3efa92de-ac5f-4b8c-87b6-6a5e7a53eb02', 'sourceVolumeUUID': None, 'sourceVolumeName': 'vol_79226d04-6ce5-4d04-bf82-7f0aadbaeef5'} ssl_verify: False
2026-10-08 19:44:41.487 87 WARNING py.warnings [None req-df7ddf6a-f2b2-49e0-9954-6166170df9ff cfae014f9b5a4a3c81d04cea28f80022 aa70d69ec642420993f7e4e953cc2239 - - - -] /var/lib/kolla/venv/lib/python3.12/site-packages/urllib3/connectionpool.py:1110: InsecureRequestWarning: Unverified HTTPS request is being made to host '[LB_IP_ADDRESS]'. Adding certificate verification is strongly advised. See: https://urllib3.readthedocs.io/en/latest/advanced-usage.html#tls-warnings
  warnings.warn(

2026-10-08 19:44:41.532 87 INFO cinder.volume.drivers.lightos [None req-df7ddf6a-f2b2-49e0-9954-6166170df9ff cfae014f9b5a4a3c81d04cea28f80022 aa70d69ec642420993f7e4e953cc2239 - - - -] Invoking get_snapshot_by_name using GET url: /api/v2/projects/default/snapshots/?Name=snapshot-3efa92de-ac5f-4b8c-87b6-6a5e7a53eb02             request.body: {} ssl_verify: False
2026-10-08 19:44:41.574 87 WARNING py.warnings [None req-df7ddf6a-f2b2-49e0-9954-6166170df9ff cfae014f9b5a4a3c81d04cea28f80022 aa70d69ec642420993f7e4e953cc2239 - - - -] /var/lib/kolla/venv/lib/python3.12/site-packages/urllib3/connectionpool.py:1110: InsecureRequestWarning: Unverified HTTPS request is being made to host '[LB_IP_ADDRESS]'. Adding certificate verification is strongly advised. See: https://urllib3.readthedocs.io/en/latest/advanced-usage.html#tls-warnings
  warnings.warn(

2026-10-08 19:44:41.682 87 INFO cinder.volume.drivers.lightos [None req-e604de18-3a07-4726-9311-e2942e0d525d c183e62dd9f444d2926e255c9165b350 eb8faf0de1e34cf6909e7c565530e202 - - - -] Invoking get_volume using GET url: /api/v2/projects/default/volumes/ad476e42-c5be-46a7-bff5-64171702a841             request.body: {} ssl_verify: False
2026-10-08 19:44:41.726 87 WARNING py.warnings [None req-e604de18-3a07-4726-9311-e2942e0d525d c183e62dd9f444d2926e255c9165b350 eb8faf0de1e34cf6909e7c565530e202 - - - -] /var/lib/kolla/venv/lib/python3.12/site-packages/urllib3/connectionpool.py:1110: InsecureRequestWarning: Unverified HTTPS request is being made to host '[LB_IP_ADDRESS]'. Adding certificate verification is strongly advised. See: https://urllib3.readthedocs.io/en/latest/advanced-usage.html#tls-warnings
  warnings.warn(

2026-10-08 19:44:41.761 87 INFO cinder.volume.flows.manager.create_volume [None req-e604de18-3a07-4726-9311-e2942e0d525d c183e62dd9f444d2926e255c9165b350 eb8faf0de1e34cf6909e7c565530e202 - - - -] Volume vol_dd63eb3c-92fc-4ca5-b02a-8923778b3795 (dd63eb3c-92fc-4ca5-b02a-8923778b3795): created successfully
2026-10-08 19:44:41.771 87 INFO cinder.volume.manager [None req-e604de18-3a07-4726-9311-e2942e0d525d c183e62dd9f444d2926e255c9165b350 eb8faf0de1e34cf6909e7c565530e202 - - - -] Created volume successfully.
2026-10-08 19:44:42.504 87 WARNING cinder.image.glance [None req-b3b7001f-694b-41e2-91d4-87d0e31f1c94 ff01e9fdee334554a531dc5012a1f025 23b0eb12f2894311a1f8a9ddab02aac2 - - - -] Glance method get_image_locations is available but a dedicated [glance] section is required in the cinder configuration file to allow service-to-service communication.: glanceclient.exc.HTTPForbidden: HTTP 403 Forbidden: You are not authorized to complete fetch_image_location action.
2026-10-08 19:44:42.577 87 INFO cinder.volume.flows.manager.create_volume [None req-b3b7001f-694b-41e2-91d4-87d0e31f1c94 ff01e9fdee334554a531dc5012a1f025 23b0eb12f2894311a1f8a9ddab02aac2 - - - -] Volume d3180c66-0115-401b-9a38-b76ea574a2b1: being created as image with specification: {'status': 'creating', 'volume_name': 'vol_d3180c66-0115-401b-9a38-b76ea574a2b1', 'volume_size': 1, 'image_id': '545c8ea5-cae4-4d3e-b3ff-02364f54bc85', 'image_location': (None, []), 'image_meta': {'name': 'cirros', 'disk_format': 'qcow2', 'container_format': 'bare', 'visibility': 'public', 'size': 12716032, 'virtual_size': 46137344, 'status': 'active', 'checksum': '443b7623e27ecf03dc9e01ee93f67afe', 'protected': False, 'min_ram': 0, 'min_disk': 0, 'owner': 'fa83639000624d7785ca4a397a2ed070', 'os_hidden': False, 'os_hash_algo': 'sha512', 'os_hash_value': '6513f21e44aa3da349f248188a44bc304a3653a04122d8fb4535423c8e1d14cd6a153f735bb0982e2161b5b5186106570c17a9e58b64dd39390617cd5a350f78', 'id': '545c8ea5-cae4-4d3e-b3ff-02364f54bc85', 'created_at': datetime.datetime(2026, 9, 6, 8, 21, 35, tzinfo=datetime.timezone.utc), 'updated_at': datetime.datetime(2026, 9, 6, 8, 21, 35, tzinfo=datetime.timezone.utc), 'tags': [], 'file': '/v2/images/545c8ea5-cae4-4d3e-b3ff-02364f54bc85/file', 'stores': 'file', 'properties': {'owner_specified.openstack.md5': '', 'owner_specified.openstack.object': 'images/cirros', 'owner_specified.openstack.sha256': ''}}, 'image_service': <cinder.image.glance.GlanceImageService object at 0x790c2469d610>}
2026-10-08 19:44:42.613 87 INFO cinder.volume.drivers.lightos [None req-df7ddf6a-f2b2-49e0-9954-6166170df9ff cfae014f9b5a4a3c81d04cea28f80022 aa70d69ec642420993f7e4e953cc2239 - - - -] Invoking get_snapshot_by_name using GET url: /api/v2/projects/default/snapshots/?Name=snapshot-3efa92de-ac5f-4b8c-87b6-6a5e7a53eb02             request.body: {} ssl_verify: False
2026-10-08 19:44:42.658 87 WARNING py.warnings [None req-df7ddf6a-f2b2-49e0-9954-6166170df9ff cfae014f9b5a4a3c81d04cea28f80022 aa70d69ec642420993f7e4e953cc2239 - - - -] /var/lib/kolla/venv/lib/python3.12/site-packages/urllib3/connectionpool.py:1110: InsecureRequestWarning: Unverified HTTPS request is being made to host '[LB_IP_ADDRESS]'. Adding certificate verification is strongly advised. See: https://urllib3.readthedocs.io/en/latest/advanced-usage.html#tls-warnings
  warnings.warn(

2026-10-08 19:44:42.693 87 INFO cinder.volume.manager [None req-df7ddf6a-f2b2-49e0-9954-6166170df9ff cfae014f9b5a4a3c81d04cea28f80022 aa70d69ec642420993f7e4e953cc2239 - - - -] Create snapshot completed successfully
2026-10-08 19:44:42.780 87 INFO cinder.volume.drivers.lightos [None req-07633f19-33be-4b09-ae4e-cbfb6a5b90db c183e62dd9f444d2926e255c9165b350 eb8faf0de1e34cf6909e7c565530e202 - - - -] Invoking get_snapshot_by_name using GET url: /api/v2/projects/default/snapshots/?Name=snapshot-23e65c6c-3b14-4c39-9773-90fd5d1847a7             request.body: {} ssl_verify: False
2026-10-08 19:44:42.823 87 WARNING py.warnings [None req-07633f19-33be-4b09-ae4e-cbfb6a5b90db c183e62dd9f444d2926e255c9165b350 eb8faf0de1e34cf6909e7c565530e202 - - - -] /var/lib/kolla/venv/lib/python3.12/site-packages/urllib3/connectionpool.py:1110: InsecureRequestWarning: Unverified HTTPS request is being made to host '[LB_IP_ADDRESS]'. Adding certificate verification is strongly advised. See: https://urllib3.readthedocs.io/en/latest/advanced-usage.html#tls-warnings
  warnings.warn(

2026-10-08 19:44:42.832 87 INFO cinder.volume.drivers.lightos [None req-07633f19-33be-4b09-ae4e-cbfb6a5b90db c183e62dd9f444d2926e255c9165b350 eb8faf0de1e34cf6909e7c565530e202 - - - -] Invoking create_snapshot using POST url: /api/v2/projects/default/snapshots             request.body: {'name': 'snapshot-23e65c6c-3b14-4c39-9773-90fd5d1847a7', 'sourceVolumeUUID': None, 'sourceVolumeName': 'vol_dd63eb3c-92fc-4ca5-b02a-8923778b3795'} ssl_verify: False
2026-10-08 19:44:42.889 87 INFO cinder.image.image_utils [None req-b3b7001f-694b-41e2-91d4-87d0e31f1c94 ff01e9fdee334554a531dc5012a1f025 23b0eb12f2894311a1f8a9ddab02aac2 - - - -] Image download 12.13 MB at 12.13 MB/s
2026-10-08 19:44:42.895 87 WARNING py.warnings [None req-07633f19-33be-4b09-ae4e-cbfb6a5b90db c183e62dd9f444d2926e255c9165b350 eb8faf0de1e34cf6909e7c565530e202 - - - -] /var/lib/kolla/venv/lib/python3.12/site-packages/urllib3/connectionpool.py:1110: InsecureRequestWarning: Unverified HTTPS request is being made to host '[LB_IP_ADDRESS]'. Adding certificate verification is strongly advised. See: https://urllib3.readthedocs.io/en/latest/advanced-usage.html#tls-warnings
  warnings.warn(

2026-10-08 19:44:42.926 87 INFO oslo.privsep.daemon [None req-b3b7001f-694b-41e2-91d4-87d0e31f1c94 ff01e9fdee334554a531dc5012a1f025 23b0eb12f2894311a1f8a9ddab02aac2 - - - -] Running privsep helper: ['sudo', 'cinder-rootwrap', '/etc/cinder/rootwrap.conf', 'privsep-helper', '--config-file', '/etc/cinder/cinder.conf', '--privsep_context', 'cinder.privsep.sys_admin_pctxt', '--privsep_sock_path', '/tmp/tmpf__qg06n/privsep.sock']
2026-10-08 19:44:42.932 87 INFO cinder.volume.drivers.lightos [None req-07633f19-33be-4b09-ae4e-cbfb6a5b90db c183e62dd9f444d2926e255c9165b350 eb8faf0de1e34cf6909e7c565530e202 - - - -] Invoking get_snapshot_by_name using GET url: /api/v2/projects/default/snapshots/?Name=snapshot-23e65c6c-3b14-4c39-9773-90fd5d1847a7             request.body: {} ssl_verify: False
2026-10-08 19:44:42.983 87 WARNING py.warnings [None req-07633f19-33be-4b09-ae4e-cbfb6a5b90db c183e62dd9f444d2926e255c9165b350 eb8faf0de1e34cf6909e7c565530e202 - - - -] /var/lib/kolla/venv/lib/python3.12/site-packages/urllib3/connectionpool.py:1110: InsecureRequestWarning: Unverified HTTPS request is being made to host '[LB_IP_ADDRESS]'. Adding certificate verification is strongly advised. See: https://urllib3.readthedocs.io/en/latest/advanced-usage.html#tls-warnings
  warnings.warn(

2026-10-08 19:44:43.654 87 INFO oslo.privsep.daemon [None req-b3b7001f-694b-41e2-91d4-87d0e31f1c94 ff01e9fdee334554a531dc5012a1f025 23b0eb12f2894311a1f8a9ddab02aac2 - - - -] Spawned new privsep daemon via rootwrap
2026-10-08 19:44:43.521 170 INFO oslo.privsep.daemon [-] privsep daemon starting
2026-10-08 19:44:43.528 170 INFO oslo.privsep.daemon [-] privsep process running with uid/gid: 0/0
2026-10-08 19:44:43.532 170 INFO oslo.privsep.daemon [-] privsep process running with capabilities (eff/prm/inh): CAP_CHOWN|CAP_DAC_OVERRIDE|CAP_DAC_READ_SEARCH|CAP_FOWNER|CAP_NET_ADMIN|CAP_SYS_ADMIN/CAP_CHOWN|CAP_DAC_OVERRIDE|CAP_DAC_READ_SEARCH|CAP_FOWNER|CAP_NET_ADMIN|CAP_SYS_ADMIN/none
2026-10-08 19:44:43.532 170 INFO oslo.privsep.daemon [-] privsep daemon running as pid 170
2026-10-08 19:44:44.044 87 INFO cinder.volume.drivers.lightos [None req-07633f19-33be-4b09-ae4e-cbfb6a5b90db c183e62dd9f444d2926e255c9165b350 eb8faf0de1e34cf6909e7c565530e202 - - - -] Invoking get_snapshot_by_name using GET url: /api/v2/projects/default/snapshots/?Name=snapshot-23e65c6c-3b14-4c39-9773-90fd5d1847a7             request.body: {} ssl_verify: False
2026-10-08 19:44:44.092 87 WARNING py.warnings [None req-07633f19-33be-4b09-ae4e-cbfb6a5b90db c183e62dd9f444d2926e255c9165b350 eb8faf0de1e34cf6909e7c565530e202 - - - -] /var/lib/kolla/venv/lib/python3.12/site-packages/urllib3/connectionpool.py:1110: InsecureRequestWarning: Unverified HTTPS request is being made to host '[LB_IP_ADDRESS]'. Adding certificate verification is strongly advised. See: https://urllib3.readthedocs.io/en/latest/advanced-usage.html#tls-warnings
  warnings.warn(

2026-10-08 19:44:44.155 87 INFO cinder.volume.manager [None req-07633f19-33be-4b09-ae4e-cbfb6a5b90db c183e62dd9f444d2926e255c9165b350 eb8faf0de1e34cf6909e7c565530e202 - - - -] Create snapshot completed successfully
2026-10-08 19:44:44.360 87 INFO cinder.volume.drivers.lightos [None req-516f4ecb-6f1b-4933-942e-d43b41cddfc6 cfae014f9b5a4a3c81d04cea28f80022 aa70d69ec642420993f7e4e953cc2239 - - default default] Invoking get_snapshot_by_name using GET url: /api/v2/projects/default/snapshots/?Name=snapshot-3efa92de-ac5f-4b8c-87b6-6a5e7a53eb02             request.body: {} ssl_verify: False
2026-10-08 19:44:44.406 87 WARNING py.warnings [None req-516f4ecb-6f1b-4933-942e-d43b41cddfc6 cfae014f9b5a4a3c81d04cea28f80022 aa70d69ec642420993f7e4e953cc2239 - - default default] /var/lib/kolla/venv/lib/python3.12/site-packages/urllib3/connectionpool.py:1110: InsecureRequestWarning: Unverified HTTPS request is being made to host '[LB_IP_ADDRESS]'. Adding certificate verification is strongly advised. See: https://urllib3.readthedocs.io/en/latest/advanced-usage.html#tls-warnings
  warnings.warn(

2026-10-08 19:44:44.424 87 INFO cinder.volume.drivers.lightos [None req-516f4ecb-6f1b-4933-942e-d43b41cddfc6 cfae014f9b5a4a3c81d04cea28f80022 aa70d69ec642420993f7e4e953cc2239 - - default default] Invoking delete_snapshot using DELETE url: /api/v2/projects/default/snapshots/408ef176-f707-4094-814e-fdb82eba996c?             request.body:  ssl_verify: False
2026-10-08 19:44:44.463 87 INFO cinder.volume.drivers.lightos [None req-b3b7001f-694b-41e2-91d4-87d0e31f1c94 ff01e9fdee334554a531dc5012a1f025 23b0eb12f2894311a1f8a9ddab02aac2 - - - -] Invoking get_volume_by_name using GET url: /api/v2/projects/default/volumes/?name=vol_d3180c66-0115-401b-9a38-b76ea574a2b1             request.body: {} ssl_verify: False
2026-10-08 19:44:44.491 87 WARNING py.warnings [None req-516f4ecb-6f1b-4933-942e-d43b41cddfc6 cfae014f9b5a4a3c81d04cea28f80022 aa70d69ec642420993f7e4e953cc2239 - - default default] /var/lib/kolla/venv/lib/python3.12/site-packages/urllib3/connectionpool.py:1110: InsecureRequestWarning: Unverified HTTPS request is being made to host '[LB_IP_ADDRESS]'. Adding certificate verification is strongly advised. See: https://urllib3.readthedocs.io/en/latest/advanced-usage.html#tls-warnings
  warnings.warn(

2026-10-08 19:44:44.498 87 WARNING py.warnings [None req-b3b7001f-694b-41e2-91d4-87d0e31f1c94 ff01e9fdee334554a531dc5012a1f025 23b0eb12f2894311a1f8a9ddab02aac2 - - - -] /var/lib/kolla/venv/lib/python3.12/site-packages/urllib3/connectionpool.py:1110: InsecureRequestWarning: Unverified HTTPS request is being made to host '[LB_IP_ADDRESS]'. Adding certificate verification is strongly advised. See: https://urllib3.readthedocs.io/en/latest/advanced-usage.html#tls-warnings
  warnings.warn(

2026-10-08 19:44:44.515 87 INFO cinder.volume.drivers.lightos [None req-b3b7001f-694b-41e2-91d4-87d0e31f1c94 ff01e9fdee334554a531dc5012a1f025 23b0eb12f2894311a1f8a9ddab02aac2 - - - -] Invoking create_volume using POST url: /api/v2/projects/default/volumes             request.body: {'name': 'vol_d3180c66-0115-401b-9a38-b76ea574a2b1', 'size': '1 gib', 'replicaCount': '3', 'compression': 'False', 'acl': {'values': ['ALLOW_NONE']}, 'IPAcl': {'values': ['ALLOW_NONE']}, 'sourceSnapshotUUID': None, 'sourceSnapshotName': None} ssl_verify: False
2026-10-08 19:44:44.553 87 INFO cinder.volume.drivers.lightos [None req-516f4ecb-6f1b-4933-942e-d43b41cddfc6 cfae014f9b5a4a3c81d04cea28f80022 aa70d69ec642420993f7e4e953cc2239 - - default default] Invoking get_snapshot using GET url: /api/v2/projects/default/snapshots/408ef176-f707-4094-814e-fdb82eba996c             request.body: {} ssl_verify: False
2026-10-08 19:44:44.582 87 WARNING py.warnings [None req-b3b7001f-694b-41e2-91d4-87d0e31f1c94 ff01e9fdee334554a531dc5012a1f025 23b0eb12f2894311a1f8a9ddab02aac2 - - - -] /var/lib/kolla/venv/lib/python3.12/site-packages/urllib3/connectionpool.py:1110: InsecureRequestWarning: Unverified HTTPS request is being made to host '[LB_IP_ADDRESS]'. Adding certificate verification is strongly advised. See: https://urllib3.readthedocs.io/en/latest/advanced-usage.html#tls-warnings
  warnings.warn(

2026-10-08 19:44:44.589 87 WARNING py.warnings [None req-516f4ecb-6f1b-4933-942e-d43b41cddfc6 cfae014f9b5a4a3c81d04cea28f80022 aa70d69ec642420993f7e4e953cc2239 - - default default] /var/lib/kolla/venv/lib/python3.12/site-packages/urllib3/connectionpool.py:1110: InsecureRequestWarning: Unverified HTTPS request is being made to host '[LB_IP_ADDRESS]'. Adding certificate verification is strongly advised. See: https://urllib3.readthedocs.io/en/latest/advanced-usage.html#tls-warnings
  warnings.warn(

2026-10-08 19:44:44.688 87 INFO cinder.volume.drivers.lightos [None req-b3b7001f-694b-41e2-91d4-87d0e31f1c94 ff01e9fdee334554a531dc5012a1f025 23b0eb12f2894311a1f8a9ddab02aac2 - - - -] Invoking get_volume using GET url: /api/v2/projects/default/volumes/e80f1be4-5fb2-4d53-ad36-9c5fe17f0ca8             request.body: {} ssl_verify: False
2026-10-08 19:44:44.723 87 WARNING py.warnings [None req-b3b7001f-694b-41e2-91d4-87d0e31f1c94 ff01e9fdee334554a531dc5012a1f025 23b0eb12f2894311a1f8a9ddab02aac2 - - - -] /var/lib/kolla/venv/lib/python3.12/site-packages/urllib3/connectionpool.py:1110: InsecureRequestWarning: Unverified HTTPS request is being made to host '[LB_IP_ADDRESS]'. Adding certificate verification is strongly advised. See: https://urllib3.readthedocs.io/en/latest/advanced-usage.html#tls-warnings
  warnings.warn(

2026-10-08 19:44:44.764 87 INFO cinder.volume.manager [None req-516f4ecb-6f1b-4933-942e-d43b41cddfc6 cfae014f9b5a4a3c81d04cea28f80022 aa70d69ec642420993f7e4e953cc2239 - - default default] Delete snapshot completed successfully.
2026-10-08 19:44:45.532 87 INFO cinder.volume.drivers.lightos [None req-9494e1ef-4e7d-477d-8e6b-6f6c0cb8efbb cfae014f9b5a4a3c81d04cea28f80022 aa70d69ec642420993f7e4e953cc2239 - - default default] Invoking delete_volume using DELETE url: /api/v2/projects/default/volumes/0d3dbb2a-c0f8-4c8a-a2fb-c83e38b76e47?             request.body:  ssl_verify: False
2026-10-08 19:44:45.568 87 WARNING py.warnings [None req-9494e1ef-4e7d-477d-8e6b-6f6c0cb8efbb cfae014f9b5a4a3c81d04cea28f80022 aa70d69ec642420993f7e4e953cc2239 - - default default] /var/lib/kolla/venv/lib/python3.12/site-packages/urllib3/connectionpool.py:1110: InsecureRequestWarning: Unverified HTTPS request is being made to host '[LB_IP_ADDRESS]'. Adding certificate verification is strongly advised. See: https://urllib3.readthedocs.io/en/latest/advanced-usage.html#tls-warnings
  warnings.warn(

2026-10-08 19:44:45.597 87 INFO cinder.volume.flows.manager.create_volume [None req-c0bb62cb-9bb5-4212-b5ef-8b13da68dc42 c183e62dd9f444d2926e255c9165b350 eb8faf0de1e34cf6909e7c565530e202 - - - -] Volume 51db3a35-d7cc-4755-8e5e-d9f0ad11dc4c: being created as snap with specification: {'status': 'creating', 'volume_name': 'vol_51db3a35-d7cc-4755-8e5e-d9f0ad11dc4c', 'volume_size': 1, 'snapshot_id': '23e65c6c-3b14-4c39-9773-90fd5d1847a7'}
2026-10-08 19:44:45.599 87 INFO cinder.volume.drivers.lightos [None req-9494e1ef-4e7d-477d-8e6b-6f6c0cb8efbb cfae014f9b5a4a3c81d04cea28f80022 aa70d69ec642420993f7e4e953cc2239 - - default default] Invoking get_volume using GET url: /api/v2/projects/default/volumes/0d3dbb2a-c0f8-4c8a-a2fb-c83e38b76e47             request.body: {} ssl_verify: False
2026-10-08 19:44:45.629 87 INFO cinder.volume.drivers.lightos [None req-c0bb62cb-9bb5-4212-b5ef-8b13da68dc42 c183e62dd9f444d2926e255c9165b350 eb8faf0de1e34cf6909e7c565530e202 - - - -] Invoking get_volume_by_name using GET url: /api/v2/projects/default/volumes/?name=vol_51db3a35-d7cc-4755-8e5e-d9f0ad11dc4c             request.body: {} ssl_verify: False
2026-10-08 19:44:45.658 87 WARNING py.warnings [None req-9494e1ef-4e7d-477d-8e6b-6f6c0cb8efbb cfae014f9b5a4a3c81d04cea28f80022 aa70d69ec642420993f7e4e953cc2239 - - default default] /var/lib/kolla/venv/lib/python3.12/site-packages/urllib3/connectionpool.py:1110: InsecureRequestWarning: Unverified HTTPS request is being made to host '[LB_IP_ADDRESS]'. Adding certificate verification is strongly advised. See: https://urllib3.readthedocs.io/en/latest/advanced-usage.html#tls-warnings
  warnings.warn(

2026-10-08 19:44:45.664 87 WARNING py.warnings [None req-c0bb62cb-9bb5-4212-b5ef-8b13da68dc42 c183e62dd9f444d2926e255c9165b350 eb8faf0de1e34cf6909e7c565530e202 - - - -] /var/lib/kolla/venv/lib/python3.12/site-packages/urllib3/connectionpool.py:1110: InsecureRequestWarning: Unverified HTTPS request is being made to host '[LB_IP_ADDRESS]'. Adding certificate verification is strongly advised. See: https://urllib3.readthedocs.io/en/latest/advanced-usage.html#tls-warnings
  warnings.warn(

2026-10-08 19:44:45.678 87 INFO cinder.volume.drivers.lightos [None req-c0bb62cb-9bb5-4212-b5ef-8b13da68dc42 c183e62dd9f444d2926e255c9165b350 eb8faf0de1e34cf6909e7c565530e202 - - - -] Invoking create_volume using POST url: /api/v2/projects/default/volumes             request.body: {'name': 'vol_51db3a35-d7cc-4755-8e5e-d9f0ad11dc4c', 'size': '1 gib', 'replicaCount': '3', 'compression': 'False', 'acl': {'values': ['ALLOW_NONE']}, 'IPAcl': {'values': ['ALLOW_NONE']}, 'sourceSnapshotUUID': None, 'sourceSnapshotName': 'snapshot-23e65c6c-3b14-4c39-9773-90fd5d1847a7'} ssl_verify: False
2026-10-08 19:44:45.723 87 WARNING py.warnings [None req-c0bb62cb-9bb5-4212-b5ef-8b13da68dc42 c183e62dd9f444d2926e255c9165b350 eb8faf0de1e34cf6909e7c565530e202 - - - -] /var/lib/kolla/venv/lib/python3.12/site-packages/urllib3/connectionpool.py:1110: InsecureRequestWarning: Unverified HTTPS request is being made to host '[LB_IP_ADDRESS]'. Adding certificate verification is strongly advised. See: https://urllib3.readthedocs.io/en/latest/advanced-usage.html#tls-warnings
  warnings.warn(

2026-10-08 19:44:45.743 87 INFO cinder.volume.drivers.lightos [None req-b3b7001f-694b-41e2-91d4-87d0e31f1c94 ff01e9fdee334554a531dc5012a1f025 23b0eb12f2894311a1f8a9ddab02aac2 - - - -] Invoking get_volume using GET url: /api/v2/projects/default/volumes/e80f1be4-5fb2-4d53-ad36-9c5fe17f0ca8             request.body: {} ssl_verify: False
2026-10-08 19:44:45.779 87 INFO cinder.volume.drivers.lightos [None req-c0bb62cb-9bb5-4212-b5ef-8b13da68dc42 c183e62dd9f444d2926e255c9165b350 eb8faf0de1e34cf6909e7c565530e202 - - - -] Invoking get_volume using GET url: /api/v2/projects/default/volumes/2dfc7f74-aac3-4a05-8d31-c6e74b4d5f13             request.body: {} ssl_verify: False
2026-10-08 19:44:45.807 87 WARNING py.warnings [None req-b3b7001f-694b-41e2-91d4-87d0e31f1c94 ff01e9fdee334554a531dc5012a1f025 23b0eb12f2894311a1f8a9ddab02aac2 - - - -] /var/lib/kolla/venv/lib/python3.12/site-packages/urllib3/connectionpool.py:1110: InsecureRequestWarning: Unverified HTTPS request is being made to host '[LB_IP_ADDRESS]'. Adding certificate verification is strongly advised. See: https://urllib3.readthedocs.io/en/latest/advanced-usage.html#tls-warnings
  warnings.warn(

2026-10-08 19:44:45.834 87 WARNING py.warnings [None req-c0bb62cb-9bb5-4212-b5ef-8b13da68dc42 c183e62dd9f444d2926e255c9165b350 eb8faf0de1e34cf6909e7c565530e202 - - - -] /var/lib/kolla/venv/lib/python3.12/site-packages/urllib3/connectionpool.py:1110: InsecureRequestWarning: Unverified HTTPS request is being made to host '[LB_IP_ADDRESS]'. Adding certificate verification is strongly advised. See: https://urllib3.readthedocs.io/en/latest/advanced-usage.html#tls-warnings
  warnings.warn(

2026-10-08 19:44:45.853 87 INFO oslo.privsep.daemon [None req-b3b7001f-694b-41e2-91d4-87d0e31f1c94 ff01e9fdee334554a531dc5012a1f025 23b0eb12f2894311a1f8a9ddab02aac2 - - - -] Running privsep helper: ['sudo', '-E', 'cinder-rootwrap', '/etc/cinder/rootwrap.conf', 'privsep-helper', '--config-file', '/etc/cinder/cinder.conf', '--privsep_context', 'os_brick.privileged.default', '--privsep_sock_path', '/tmp/tmp9m5foulb/privsep.sock']
2026-10-08 19:44:45.879 87 INFO cinder.volume.flows.manager.create_volume [None req-c0bb62cb-9bb5-4212-b5ef-8b13da68dc42 c183e62dd9f444d2926e255c9165b350 eb8faf0de1e34cf6909e7c565530e202 - - - -] Volume vol_51db3a35-d7cc-4755-8e5e-d9f0ad11dc4c (51db3a35-d7cc-4755-8e5e-d9f0ad11dc4c): created successfully
2026-10-08 19:44:45.887 87 INFO cinder.volume.manager [None req-c0bb62cb-9bb5-4212-b5ef-8b13da68dc42 c183e62dd9f444d2926e255c9165b350 eb8faf0de1e34cf6909e7c565530e202 - - - -] Created volume successfully.
2026-10-08 19:44:45.898 87 INFO cinder.volume.manager [None req-9494e1ef-4e7d-477d-8e6b-6f6c0cb8efbb cfae014f9b5a4a3c81d04cea28f80022 aa70d69ec642420993f7e4e953cc2239 - - default default] Deleted volume successfully.
2026-10-08 19:44:46.383 87 INFO oslo.privsep.daemon [None req-b3b7001f-694b-41e2-91d4-87d0e31f1c94 ff01e9fdee334554a531dc5012a1f025 23b0eb12f2894311a1f8a9ddab02aac2 - - - -] Spawned new privsep daemon via rootwrap
2026-10-08 19:44:46.522 87 INFO os_brick.initiator.connectors.lightos [None req-b3b7001f-694b-41e2-91d4-87d0e31f1c94 ff01e9fdee334554a531dc5012a1f025 23b0eb12f2894311a1f8a9ddab02aac2 - - - -] Current host hostNQN nqn.2014-08.org.nvmexpress:uuid:1136ecdd-b326-5080-93cd-b4d75d7810d9 and IP(s) are ['[LB_IP_ADDRESS]', 'fe80::3e47:9a62:83ae:42f6', '[LB_IP_ADDRESS]', 'fe80::1527:3e78:1ef1:1fe7', '[LB_IP_ADDRESS]', 'fd00::a:13:1a:6', 'fe80::5fef:b54a:d77d:fcd4'] 
2026-10-08 19:44:46.523 87 INFO cinder.volume.drivers.lightos [None req-b3b7001f-694b-41e2-91d4-87d0e31f1c94 ff01e9fdee334554a531dc5012a1f025 23b0eb12f2894311a1f8a9ddab02aac2 - - - -] Current host hostNQN is nqn.2014-08.org.nvmexpress:uuid:1136ecdd-b326-5080-93cd-b4d75d7810d9 and IP(s) are ['[LB_IP_ADDRESS]', 'fe80::3e47:9a62:83ae:42f6', '[LB_IP_ADDRESS]', 'fe80::1527:3e78:1ef1:1fe7', '[LB_IP_ADDRESS]', 'fd00::a:13:1a:6', 'fe80::5fef:b54a:d77d:fcd4']
2026-10-08 19:44:46.523 87 INFO cinder.volume.drivers.lightos [None req-b3b7001f-694b-41e2-91d4-87d0e31f1c94 ff01e9fdee334554a531dc5012a1f025 23b0eb12f2894311a1f8a9ddab02aac2 - - - -] Invoking get_volume_by_name using GET url: /api/v2/projects/default/volumes/?name=vol_d3180c66-0115-401b-9a38-b76ea574a2b1             request.body: {} ssl_verify: False
2026-10-08 19:44:46.563 87 WARNING py.warnings [None req-b3b7001f-694b-41e2-91d4-87d0e31f1c94 ff01e9fdee334554a531dc5012a1f025 23b0eb12f2894311a1f8a9ddab02aac2 - - - -] /var/lib/kolla/venv/lib/python3.12/site-packages/urllib3/connectionpool.py:1110: InsecureRequestWarning: Unverified HTTPS request is being made to host '[LB_IP_ADDRESS]'. Adding certificate verification is strongly advised. See: https://urllib3.readthedocs.io/en/latest/advanced-usage.html#tls-warnings
  warnings.warn(

2026-10-08 19:44:46.574 87 INFO cinder.volume.drivers.lightos [None req-b3b7001f-694b-41e2-91d4-87d0e31f1c94 ff01e9fdee334554a531dc5012a1f025 23b0eb12f2894311a1f8a9ddab02aac2 - - - -] Invoking update_volume using PUT url: /api/v2/projects/default/volumes/e80f1be4-5fb2-4d53-ad36-9c5fe17f0ca8             request.body: {'acl': {'values': ['nqn.2014-08.org.nvmexpress:uuid:1136ecdd-b326-5080-93cd-b4d75d7810d9']}, 'IPAcl': {'values': ['fe80::3e47:9a62:83ae:42f6', 'fe80::1527:3e78:1ef1:1fe7', '[LB_IP_ADDRESS]', '[LB_IP_ADDRESS]', 'fe80::5fef:b54a:d77d:fcd4', 'fd00::a:13:1a:6', '[LB_IP_ADDRESS]']}} ssl_verify: False
2026-10-08 19:44:46.610 87 WARNING py.warnings [None req-b3b7001f-694b-41e2-91d4-87d0e31f1c94 ff01e9fdee334554a531dc5012a1f025 23b0eb12f2894311a1f8a9ddab02aac2 - - - -] /var/lib/kolla/venv/lib/python3.12/site-packages/urllib3/connectionpool.py:1110: InsecureRequestWarning: Unverified HTTPS request is being made to host '[LB_IP_ADDRESS]'. Adding certificate verification is strongly advised. See: https://urllib3.readthedocs.io/en/latest/advanced-usage.html#tls-warnings
  warnings.warn(

2026-10-08 19:44:46.628 87 INFO cinder.volume.drivers.lightos [None req-b3b7001f-694b-41e2-91d4-87d0e31f1c94 ff01e9fdee334554a531dc5012a1f025 23b0eb12f2894311a1f8a9ddab02aac2 - - - -] Invoking get_volume_by_name using GET url: /api/v2/projects/default/volumes/?name=vol_d3180c66-0115-401b-9a38-b76ea574a2b1             request.body: {} ssl_verify: False
2026-10-08 19:44:46.673 87 WARNING py.warnings [None req-b3b7001f-694b-41e2-91d4-87d0e31f1c94 ff01e9fdee334554a531dc5012a1f025 23b0eb12f2894311a1f8a9ddab02aac2 - - - -] /var/lib/kolla/venv/lib/python3.12/site-packages/urllib3/connectionpool.py:1110: InsecureRequestWarning: Unverified HTTPS request is being made to host '[LB_IP_ADDRESS]'. Adding certificate verification is strongly advised. See: https://urllib3.readthedocs.io/en/latest/advanced-usage.html#tls-warnings
  warnings.warn(

2026-10-08 19:44:46.764 87 INFO cinder.volume.drivers.lightos [None req-74c6d063-8932-4054-8d4d-7c2de2de0a1f c183e62dd9f444d2926e255c9165b350 eb8faf0de1e34cf6909e7c565530e202 - - default default] Invoking get_snapshot_by_name using GET url: /api/v2/projects/default/snapshots/?Name=snapshot-23e65c6c-3b14-4c39-9773-90fd5d1847a7             request.body: {} ssl_verify: False
2026-10-08 19:44:46.799 87 WARNING py.warnings [None req-74c6d063-8932-4054-8d4d-7c2de2de0a1f c183e62dd9f444d2926e255c9165b350 eb8faf0de1e34cf6909e7c565530e202 - - default default] /var/lib/kolla/venv/lib/python3.12/site-packages/urllib3/connectionpool.py:1110: InsecureRequestWarning: Unverified HTTPS request is being made to host '[LB_IP_ADDRESS]'. Adding certificate verification is strongly advised. See: https://urllib3.readthedocs.io/en/latest/advanced-usage.html#tls-warnings
  warnings.warn(

2026-10-08 19:44:46.810 87 INFO cinder.volume.drivers.lightos [None req-74c6d063-8932-4054-8d4d-7c2de2de0a1f c183e62dd9f444d2926e255c9165b350 eb8faf0de1e34cf6909e7c565530e202 - - default default] Invoking delete_snapshot using DELETE url: /api/v2/projects/default/snapshots/734b88c7-4044-4972-86e2-4ff97bca9892?             request.body:  ssl_verify: False
2026-10-08 19:44:46.853 87 WARNING py.warnings [None req-74c6d063-8932-4054-8d4d-7c2de2de0a1f c183e62dd9f444d2926e255c9165b350 eb8faf0de1e34cf6909e7c565530e202 - - default default] /var/lib/kolla/venv/lib/python3.12/site-packages/urllib3/connectionpool.py:1110: InsecureRequestWarning: Unverified HTTPS request is being made to host '[LB_IP_ADDRESS]'. Adding certificate verification is strongly advised. See: https://urllib3.readthedocs.io/en/latest/advanced-usage.html#tls-warnings
  warnings.warn(

2026-10-08 19:44:46.876 87 INFO cinder.volume.drivers.lightos [None req-74c6d063-8932-4054-8d4d-7c2de2de0a1f c183e62dd9f444d2926e255c9165b350 eb8faf0de1e34cf6909e7c565530e202 - - default default] Invoking get_snapshot using GET url: /api/v2/projects/default/snapshots/734b88c7-4044-4972-86e2-4ff97bca9892             request.body: {} ssl_verify: False
2026-10-08 19:44:46.919 87 WARNING py.warnings [None req-74c6d063-8932-4054-8d4d-7c2de2de0a1f c183e62dd9f444d2926e255c9165b350 eb8faf0de1e34cf6909e7c565530e202 - - default default] /var/lib/kolla/venv/lib/python3.12/site-packages/urllib3/connectionpool.py:1110: InsecureRequestWarning: Unverified HTTPS request is being made to host '[LB_IP_ADDRESS]'. Adding certificate verification is strongly advised. See: https://urllib3.readthedocs.io/en/latest/advanced-usage.html#tls-warnings
  warnings.warn(

2026-10-08 19:44:47.062 87 INFO cinder.volume.manager [None req-74c6d063-8932-4054-8d4d-7c2de2de0a1f c183e62dd9f444d2926e255c9165b350 eb8faf0de1e34cf6909e7c565530e202 - - default default] Delete snapshot completed successfully.
2026-10-08 19:44:47.064 87 INFO cinder.volume.drivers.lightos [None req-74c6d063-8932-4054-8d4d-7c2de2de0a1f c183e62dd9f444d2926e255c9165b350 eb8faf0de1e34cf6909e7c565530e202 - - default default] Invoking delete_volume using DELETE url: /api/v2/projects/default/volumes/ad476e42-c5be-46a7-bff5-64171702a841?             request.body:  ssl_verify: False
2026-10-08 19:44:47.101 87 WARNING py.warnings [None req-74c6d063-8932-4054-8d4d-7c2de2de0a1f c183e62dd9f444d2926e255c9165b350 eb8faf0de1e34cf6909e7c565530e202 - - default default] /var/lib/kolla/venv/lib/python3.12/site-packages/urllib3/connectionpool.py:1110: InsecureRequestWarning: Unverified HTTPS request is being made to host '[LB_IP_ADDRESS]'. Adding certificate verification is strongly advised. See: https://urllib3.readthedocs.io/en/latest/advanced-usage.html#tls-warnings
  warnings.warn(

2026-10-08 19:44:47.124 87 INFO cinder.volume.drivers.lightos [None req-74c6d063-8932-4054-8d4d-7c2de2de0a1f c183e62dd9f444d2926e255c9165b350 eb8faf0de1e34cf6909e7c565530e202 - - default default] Invoking get_volume using GET url: /api/v2/projects/default/volumes/ad476e42-c5be-46a7-bff5-64171702a841             request.body: {} ssl_verify: False
2026-10-08 19:44:47.165 87 WARNING py.warnings [None req-74c6d063-8932-4054-8d4d-7c2de2de0a1f c183e62dd9f444d2926e255c9165b350 eb8faf0de1e34cf6909e7c565530e202 - - default default] /var/lib/kolla/venv/lib/python3.12/site-packages/urllib3/connectionpool.py:1110: InsecureRequestWarning: Unverified HTTPS request is being made to host '[LB_IP_ADDRESS]'. Adding certificate verification is strongly advised. See: https://urllib3.readthedocs.io/en/latest/advanced-usage.html#tls-warnings
  warnings.warn(

2026-10-08 19:44:47.309 87 INFO cinder.volume.manager [None req-74c6d063-8932-4054-8d4d-7c2de2de0a1f c183e62dd9f444d2926e255c9165b350 eb8faf0de1e34cf6909e7c565530e202 - - default default] Deleted volume successfully.
2026-10-08 19:44:47.685 87 INFO cinder.volume.drivers.lightos [None req-b3b7001f-694b-41e2-91d4-87d0e31f1c94 ff01e9fdee334554a531dc5012a1f025 23b0eb12f2894311a1f8a9ddab02aac2 - - - -] Invoking get_volume_by_name using GET url: /api/v2/projects/default/volumes/?name=vol_d3180c66-0115-401b-9a38-b76ea574a2b1             request.body: {} ssl_verify: False
2026-10-08 19:44:47.735 87 WARNING py.warnings [None req-b3b7001f-694b-41e2-91d4-87d0e31f1c94 ff01e9fdee334554a531dc5012a1f025 23b0eb12f2894311a1f8a9ddab02aac2 - - - -] /var/lib/kolla/venv/lib/python3.12/site-packages/urllib3/connectionpool.py:1110: InsecureRequestWarning: Unverified HTTPS request is being made to host '[LB_IP_ADDRESS]'. Adding certificate verification is strongly advised. See: https://urllib3.readthedocs.io/en/latest/advanced-usage.html#tls-warnings
  warnings.warn(

2026-10-08 19:44:47.751 87 INFO cinder.volume.drivers.lightos [None req-b3b7001f-694b-41e2-91d4-87d0e31f1c94 ff01e9fdee334554a531dc5012a1f025 23b0eb12f2894311a1f8a9ddab02aac2 - - - -] Invoking get_volume_by_name using GET url: /api/v2/projects/default/volumes/?name=vol_d3180c66-0115-401b-9a38-b76ea574a2b1             request.body: {} ssl_verify: False
2026-10-08 19:44:47.797 87 WARNING py.warnings [None req-b3b7001f-694b-41e2-91d4-87d0e31f1c94 ff01e9fdee334554a531dc5012a1f025 23b0eb12f2894311a1f8a9ddab02aac2 - - - -] /var/lib/kolla/venv/lib/python3.12/site-packages/urllib3/connectionpool.py:1110: InsecureRequestWarning: Unverified HTTPS request is being made to host '[LB_IP_ADDRESS]'. Adding certificate verification is strongly advised. See: https://urllib3.readthedocs.io/en/latest/advanced-usage.html#tls-warnings
  warnings.warn(

2026-10-08 19:44:47.818 87 INFO os_brick.initiator.connectors.lightos [None req-b3b7001f-694b-41e2-91d4-87d0e31f1c94 ff01e9fdee334554a531dc5012a1f025 23b0eb12f2894311a1f8a9ddab02aac2 - - - -] LIGHTOS: connect_volume called for volume e80f1be4-5fb2-4d53-ad36-9c5fe17f0ca8, connection properties: {'lightos_nodes': {'[LB_IP_ADDRESS]': {'target_portal': '[LB_IP_ADDRESS]', 'target_port': 8009, 'transport_type': 'tcp'}, '[LB_IP_ADDRESS]': {'target_portal': '[LB_IP_ADDRESS]', 'target_port': 8009, 'transport_type': 'tcp'}, '[LB_IP_ADDRESS]': {'target_portal': '[LB_IP_ADDRESS]', 'target_port': 8009, 'transport_type': 'tcp'}}, 'uuid': 'e80f1be4-5fb2-4d53-ad36-9c5fe17f0ca8', 'subsysnqn': 'nqn.2016-01.com.lightbitslabs:uuid:023e92f0-1271-4fe0-9397-657649be716c:suffix', 'encrypted': False, 'enforce_multipath': False}
2026-10-08 19:44:47.850 87 INFO os_brick.initiator.connectors.lightos [None req-b3b7001f-694b-41e2-91d4-87d0e31f1c94 ff01e9fdee334554a531dc5012a1f025 23b0eb12f2894311a1f8a9ddab02aac2 - - - -] LIGHTOS: devpath /dev/nvme0n1 detected for uuid e80f1be4-5fb2-4d53-ad36-9c5fe17f0ca8
2026-10-08 19:44:47.997 87 INFO cinder.volume.drivers.lightos [None req-1e4d0523-42b5-4343-b371-0045c4fb3f98 c183e62dd9f444d2926e255c9165b350 eb8faf0de1e34cf6909e7c565530e202 - - default default] Invoking delete_volume using DELETE url: /api/v2/projects/default/volumes/2dfc7f74-aac3-4a05-8d31-c6e74b4d5f13?             request.body:  ssl_verify: False
2026-10-08 19:44:48.039 87 WARNING py.warnings [None req-1e4d0523-42b5-4343-b371-0045c4fb3f98 c183e62dd9f444d2926e255c9165b350 eb8faf0de1e34cf6909e7c565530e202 - - default default] /var/lib/kolla/venv/lib/python3.12/site-packages/urllib3/connectionpool.py:1110: InsecureRequestWarning: Unverified HTTPS request is being made to host '[LB_IP_ADDRESS]'. Adding certificate verification is strongly advised. See: https://urllib3.readthedocs.io/en/latest/advanced-usage.html#tls-warnings
  warnings.warn(

2026-10-08 19:44:48.070 87 INFO cinder.volume.drivers.lightos [None req-1e4d0523-42b5-4343-b371-0045c4fb3f98 c183e62dd9f444d2926e255c9165b350 eb8faf0de1e34cf6909e7c565530e202 - - default default] Invoking get_volume using GET url: /api/v2/projects/default/volumes/2dfc7f74-aac3-4a05-8d31-c6e74b4d5f13             request.body: {} ssl_verify: False
2026-10-08 19:44:48.117 87 WARNING py.warnings [None req-1e4d0523-42b5-4343-b371-0045c4fb3f98 c183e62dd9f444d2926e255c9165b350 eb8faf0de1e34cf6909e7c565530e202 - - default default] /var/lib/kolla/venv/lib/python3.12/site-packages/urllib3/connectionpool.py:1110: InsecureRequestWarning: Unverified HTTPS request is being made to host '[LB_IP_ADDRESS]'. Adding certificate verification is strongly advised. See: https://urllib3.readthedocs.io/en/latest/advanced-usage.html#tls-warnings
  warnings.warn(

2026-10-08 19:44:48.278 87 INFO cinder.volume.manager [None req-1e4d0523-42b5-4343-b371-0045c4fb3f98 c183e62dd9f444d2926e255c9165b350 eb8faf0de1e34cf6909e7c565530e202 - - default default] Deleted volume successfully.
2026-10-08 19:44:49.961 87 INFO cinder.image.image_utils [None req-b3b7001f-694b-41e2-91d4-87d0e31f1c94 ff01e9fdee334554a531dc5012a1f025 23b0eb12f2894311a1f8a9ddab02aac2 - - - -] Converted 44.00 MB image at 44.00 MB/s
2026-10-08 19:44:49.965 87 INFO os_brick.initiator.connectors.lightos [None req-b3b7001f-694b-41e2-91d4-87d0e31f1c94 ff01e9fdee334554a531dc5012a1f025 23b0eb12f2894311a1f8a9ddab02aac2 - - - -] LIGHTOS: devpath /dev/nvme0n1 detected for uuid e80f1be4-5fb2-4d53-ad36-9c5fe17f0ca8
2026-10-08 19:44:49.979 87 INFO cinder.volume.drivers.lightos [None req-b3b7001f-694b-41e2-91d4-87d0e31f1c94 ff01e9fdee334554a531dc5012a1f025 23b0eb12f2894311a1f8a9ddab02aac2 - - - -] Invoking get_volume_by_name using GET url: /api/v2/projects/default/volumes/?name=vol_d3180c66-0115-401b-9a38-b76ea574a2b1             request.body: {} ssl_verify: False
2026-10-08 19:44:50.024 87 WARNING py.warnings [None req-b3b7001f-694b-41e2-91d4-87d0e31f1c94 ff01e9fdee334554a531dc5012a1f025 23b0eb12f2894311a1f8a9ddab02aac2 - - - -] /var/lib/kolla/venv/lib/python3.12/site-packages/urllib3/connectionpool.py:1110: InsecureRequestWarning: Unverified HTTPS request is being made to host '[LB_IP_ADDRESS]'. Adding certificate verification is strongly advised. See: https://urllib3.readthedocs.io/en/latest/advanced-usage.html#tls-warnings
  warnings.warn(

2026-10-08 19:44:50.041 87 INFO cinder.volume.drivers.lightos [None req-b3b7001f-694b-41e2-91d4-87d0e31f1c94 ff01e9fdee334554a531dc5012a1f025 23b0eb12f2894311a1f8a9ddab02aac2 - - - -] Invoking get_volume_by_name using GET url: /api/v2/projects/default/volumes/?name=vol_d3180c66-0115-401b-9a38-b76ea574a2b1             request.body: {} ssl_verify: False
2026-10-08 19:44:50.098 87 WARNING py.warnings [None req-b3b7001f-694b-41e2-91d4-87d0e31f1c94 ff01e9fdee334554a531dc5012a1f025 23b0eb12f2894311a1f8a9ddab02aac2 - - - -] /var/lib/kolla/venv/lib/python3.12/site-packages/urllib3/connectionpool.py:1110: InsecureRequestWarning: Unverified HTTPS request is being made to host '[LB_IP_ADDRESS]'. Adding certificate verification is strongly advised. See: https://urllib3.readthedocs.io/en/latest/advanced-usage.html#tls-warnings
  warnings.warn(

2026-10-08 19:44:50.116 87 INFO cinder.volume.drivers.lightos [None req-b3b7001f-694b-41e2-91d4-87d0e31f1c94 ff01e9fdee334554a531dc5012a1f025 23b0eb12f2894311a1f8a9ddab02aac2 - - - -] Invoking update_volume using PUT url: /api/v2/projects/default/volumes/e80f1be4-5fb2-4d53-ad36-9c5fe17f0ca8             request.body: {'acl': {'values': ['ALLOW_NONE']}, 'IPAcl': {'values': ['ALLOW_NONE']}} ssl_verify: False
2026-10-08 19:44:50.159 87 WARNING py.warnings [None req-b3b7001f-694b-41e2-91d4-87d0e31f1c94 ff01e9fdee334554a531dc5012a1f025 23b0eb12f2894311a1f8a9ddab02aac2 - - - -] /var/lib/kolla/venv/lib/python3.12/site-packages/urllib3/connectionpool.py:1110: InsecureRequestWarning: Unverified HTTPS request is being made to host '[LB_IP_ADDRESS]'. Adding certificate verification is strongly advised. See: https://urllib3.readthedocs.io/en/latest/advanced-usage.html#tls-warnings
  warnings.warn(

2026-10-08 19:44:50.182 87 INFO cinder.volume.drivers.lightos [None req-b3b7001f-694b-41e2-91d4-87d0e31f1c94 ff01e9fdee334554a531dc5012a1f025 23b0eb12f2894311a1f8a9ddab02aac2 - - - -] Invoking get_volume_by_name using GET url: /api/v2/projects/default/volumes/?name=vol_d3180c66-0115-401b-9a38-b76ea574a2b1             request.body: {} ssl_verify: False
2026-10-08 19:44:50.227 87 WARNING py.warnings [None req-b3b7001f-694b-41e2-91d4-87d0e31f1c94 ff01e9fdee334554a531dc5012a1f025 23b0eb12f2894311a1f8a9ddab02aac2 - - - -] /var/lib/kolla/venv/lib/python3.12/site-packages/urllib3/connectionpool.py:1110: InsecureRequestWarning: Unverified HTTPS request is being made to host '[LB_IP_ADDRESS]'. Adding certificate verification is strongly advised. See: https://urllib3.readthedocs.io/en/latest/advanced-usage.html#tls-warnings
  warnings.warn(

2026-10-08 19:44:51.239 87 INFO cinder.volume.drivers.lightos [None req-b3b7001f-694b-41e2-91d4-87d0e31f1c94 ff01e9fdee334554a531dc5012a1f025 23b0eb12f2894311a1f8a9ddab02aac2 - - - -] Invoking get_volume_by_name using GET url: /api/v2/projects/default/volumes/?name=vol_d3180c66-0115-401b-9a38-b76ea574a2b1             request.body: {} ssl_verify: False
2026-10-08 19:44:51.289 87 WARNING py.warnings [None req-b3b7001f-694b-41e2-91d4-87d0e31f1c94 ff01e9fdee334554a531dc5012a1f025 23b0eb12f2894311a1f8a9ddab02aac2 - - - -] /var/lib/kolla/venv/lib/python3.12/site-packages/urllib3/connectionpool.py:1110: InsecureRequestWarning: Unverified HTTPS request is being made to host '[LB_IP_ADDRESS]'. Adding certificate verification is strongly advised. See: https://urllib3.readthedocs.io/en/latest/advanced-usage.html#tls-warnings
  warnings.warn(

2026-10-08 19:44:51.309 87 INFO cinder.volume.drivers.lightos [None req-b3b7001f-694b-41e2-91d4-87d0e31f1c94 ff01e9fdee334554a531dc5012a1f025 23b0eb12f2894311a1f8a9ddab02aac2 - - - -] Invoking get_volume_by_name using GET url: /api/v2/projects/default/volumes/?name=vol_d3180c66-0115-401b-9a38-b76ea574a2b1             request.body: {} ssl_verify: False
2026-10-08 19:44:51.354 87 WARNING py.warnings [None req-b3b7001f-694b-41e2-91d4-87d0e31f1c94 ff01e9fdee334554a531dc5012a1f025 23b0eb12f2894311a1f8a9ddab02aac2 - - - -] /var/lib/kolla/venv/lib/python3.12/site-packages/urllib3/connectionpool.py:1110: InsecureRequestWarning: Unverified HTTPS request is being made to host '[LB_IP_ADDRESS]'. Adding certificate verification is strongly advised. See: https://urllib3.readthedocs.io/en/latest/advanced-usage.html#tls-warnings
  warnings.warn(

2026-10-08 19:44:51.439 87 INFO cinder.volume.flows.manager.create_volume [None req-b3b7001f-694b-41e2-91d4-87d0e31f1c94 ff01e9fdee334554a531dc5012a1f025 23b0eb12f2894311a1f8a9ddab02aac2 - - - -] Volume vol_d3180c66-0115-401b-9a38-b76ea574a2b1 (d3180c66-0115-401b-9a38-b76ea574a2b1): created successfully
2026-10-08 19:44:51.445 87 INFO cinder.volume.manager [None req-b3b7001f-694b-41e2-91d4-87d0e31f1c94 ff01e9fdee334554a531dc5012a1f025 23b0eb12f2894311a1f8a9ddab02aac2 - - - -] Created volume successfully.
2026-10-08 19:44:52.278 87 INFO cinder.volume.drivers.lightos [None req-932da644-0e4f-47f1-aea6-5a0b7048981f ff01e9fdee334554a531dc5012a1f025 23b0eb12f2894311a1f8a9ddab02aac2 - - default default] Invoking delete_volume using DELETE url: /api/v2/projects/default/volumes/e80f1be4-5fb2-4d53-ad36-9c5fe17f0ca8?             request.body:  ssl_verify: False
2026-10-08 19:44:52.315 87 WARNING py.warnings [None req-932da644-0e4f-47f1-aea6-5a0b7048981f ff01e9fdee334554a531dc5012a1f025 23b0eb12f2894311a1f8a9ddab02aac2 - - default default] /var/lib/kolla/venv/lib/python3.12/site-packages/urllib3/connectionpool.py:1110: InsecureRequestWarning: Unverified HTTPS request is being made to host '[LB_IP_ADDRESS]'. Adding certificate verification is strongly advised. See: https://urllib3.readthedocs.io/en/latest/advanced-usage.html#tls-warnings
  warnings.warn(

2026-10-08 19:44:52.345 87 INFO cinder.volume.drivers.lightos [None req-932da644-0e4f-47f1-aea6-5a0b7048981f ff01e9fdee334554a531dc5012a1f025 23b0eb12f2894311a1f8a9ddab02aac2 - - default default] Invoking get_volume using GET url: /api/v2/projects/default/volumes/e80f1be4-5fb2-4d53-ad36-9c5fe17f0ca8             request.body: {} ssl_verify: False
2026-10-08 19:44:52.407 87 WARNING py.warnings [None req-932da644-0e4f-47f1-aea6-5a0b7048981f ff01e9fdee334554a531dc5012a1f025 23b0eb12f2894311a1f8a9ddab02aac2 - - default default] /var/lib/kolla/venv/lib/python3.12/site-packages/urllib3/connectionpool.py:1110: InsecureRequestWarning: Unverified HTTPS request is being made to host '[LB_IP_ADDRESS]'. Adding certificate verification is strongly advised. See: https://urllib3.readthedocs.io/en/latest/advanced-usage.html#tls-warnings
  warnings.warn(

2026-10-08 19:44:52.556 87 INFO cinder.volume.manager [None req-932da644-0e4f-47f1-aea6-5a0b7048981f ff01e9fdee334554a531dc5012a1f025 23b0eb12f2894311a1f8a9ddab02aac2 - - default default] Deleted volume successfully.
2026-10-08 19:44:55.239 87 INFO cinder.volume.flows.manager.create_volume [None req-82235f30-98e9-46a1-a0bf-e7da727f2019 22a75be096c94445bd510b6466d3832e c17dc70070334ae5b733e02192d78717 - - - -] Volume 225727bd-212f-44fd-9dab-2ba2a1f4d7f1: being created as raw with specification: {'status': 'creating', 'volume_name': 'vol_225727bd-212f-44fd-9dab-2ba2a1f4d7f1', 'volume_size': 1}
2026-10-08 19:44:55.240 87 INFO cinder.volume.drivers.lightos [None req-82235f30-98e9-46a1-a0bf-e7da727f2019 22a75be096c94445bd510b6466d3832e c17dc70070334ae5b733e02192d78717 - - - -] Invoking get_volume_by_name using GET url: /api/v2/projects/default/volumes/?name=vol_225727bd-212f-44fd-9dab-2ba2a1f4d7f1             request.body: {} ssl_verify: False
2026-10-08 19:44:55.278 87 WARNING py.warnings [None req-82235f30-98e9-46a1-a0bf-e7da727f2019 22a75be096c94445bd510b6466d3832e c17dc70070334ae5b733e02192d78717 - - - -] /var/lib/kolla/venv/lib/python3.12/site-packages/urllib3/connectionpool.py:1110: InsecureRequestWarning: Unverified HTTPS request is being made to host '[LB_IP_ADDRESS]'. Adding certificate verification is strongly advised. See: https://urllib3.readthedocs.io/en/latest/advanced-usage.html#tls-warnings
  warnings.warn(

2026-10-08 19:44:55.293 87 INFO cinder.volume.drivers.lightos [None req-82235f30-98e9-46a1-a0bf-e7da727f2019 22a75be096c94445bd510b6466d3832e c17dc70070334ae5b733e02192d78717 - - - -] Invoking create_volume using POST url: /api/v2/projects/default/volumes             request.body: {'name': 'vol_225727bd-212f-44fd-9dab-2ba2a1f4d7f1', 'size': '1 gib', 'replicaCount': '3', 'compression': 'False', 'acl': {'values': ['ALLOW_NONE']}, 'IPAcl': {'values': ['ALLOW_NONE']}, 'sourceSnapshotUUID': None, 'sourceSnapshotName': None} ssl_verify: False
2026-10-08 19:44:55.339 87 WARNING py.warnings [None req-82235f30-98e9-46a1-a0bf-e7da727f2019 22a75be096c94445bd510b6466d3832e c17dc70070334ae5b733e02192d78717 - - - -] /var/lib/kolla/venv/lib/python3.12/site-packages/urllib3/connectionpool.py:1110: InsecureRequestWarning: Unverified HTTPS request is being made to host '[LB_IP_ADDRESS]'. Adding certificate verification is strongly advised. See: https://urllib3.readthedocs.io/en/latest/advanced-usage.html#tls-warnings
  warnings.warn(

2026-10-08 19:44:55.372 87 INFO cinder.volume.drivers.lightos [None req-82235f30-98e9-46a1-a0bf-e7da727f2019 22a75be096c94445bd510b6466d3832e c17dc70070334ae5b733e02192d78717 - - - -] Invoking get_volume using GET url: /api/v2/projects/default/volumes/688a934d-90f1-4fbd-a7c9-86770a8113b7             request.body: {} ssl_verify: False
2026-10-08 19:44:55.427 87 WARNING py.warnings [None req-82235f30-98e9-46a1-a0bf-e7da727f2019 22a75be096c94445bd510b6466d3832e c17dc70070334ae5b733e02192d78717 - - - -] /var/lib/kolla/venv/lib/python3.12/site-packages/urllib3/connectionpool.py:1110: InsecureRequestWarning: Unverified HTTPS request is being made to host '[LB_IP_ADDRESS]'. Adding certificate verification is strongly advised. See: https://urllib3.readthedocs.io/en/latest/advanced-usage.html#tls-warnings
  warnings.warn(

2026-10-08 19:44:55.483 87 INFO cinder.volume.flows.manager.create_volume [None req-82235f30-98e9-46a1-a0bf-e7da727f2019 22a75be096c94445bd510b6466d3832e c17dc70070334ae5b733e02192d78717 - - - -] Volume vol_225727bd-212f-44fd-9dab-2ba2a1f4d7f1 (225727bd-212f-44fd-9dab-2ba2a1f4d7f1): created successfully
2026-10-08 19:44:55.493 87 INFO cinder.volume.manager [None req-82235f30-98e9-46a1-a0bf-e7da727f2019 22a75be096c94445bd510b6466d3832e c17dc70070334ae5b733e02192d78717 - - - -] Created volume successfully.
2026-10-08 19:44:56.440 87 INFO cinder.volume.flows.manager.create_volume [None req-e5a35ac8-a4f9-44ef-af46-87acae460cb9 089b4222bcbc4d0291c1e204a3aa2722 f3a5bfb9932244939f0da741ef8aa08b - - - -] Volume 1650c952-a00f-4537-8c2b-68f9697fec63: being created as raw with specification: {'status': 'creating', 'volume_name': 'vol_1650c952-a00f-4537-8c2b-68f9697fec63', 'volume_size': 1}
2026-10-08 19:44:56.441 87 INFO cinder.volume.drivers.lightos [None req-e5a35ac8-a4f9-44ef-af46-87acae460cb9 089b4222bcbc4d0291c1e204a3aa2722 f3a5bfb9932244939f0da741ef8aa08b - - - -] Invoking get_volume_by_name using GET url: /api/v2/projects/default/volumes/?name=vol_1650c952-a00f-4537-8c2b-68f9697fec63             request.body: {} ssl_verify: False
2026-10-08 19:44:56.476 87 WARNING py.warnings [None req-e5a35ac8-a4f9-44ef-af46-87acae460cb9 089b4222bcbc4d0291c1e204a3aa2722 f3a5bfb9932244939f0da741ef8aa08b - - - -] /var/lib/kolla/venv/lib/python3.12/site-packages/urllib3/connectionpool.py:1110: InsecureRequestWarning: Unverified HTTPS request is being made to host '[LB_IP_ADDRESS]'. Adding certificate verification is strongly advised. See: https://urllib3.readthedocs.io/en/latest/advanced-usage.html#tls-warnings
  warnings.warn(

2026-10-08 19:44:56.490 87 INFO cinder.volume.drivers.lightos [None req-e5a35ac8-a4f9-44ef-af46-87acae460cb9 089b4222bcbc4d0291c1e204a3aa2722 f3a5bfb9932244939f0da741ef8aa08b - - - -] Invoking create_volume using POST url: /api/v2/projects/default/volumes             request.body: {'name': 'vol_1650c952-a00f-4537-8c2b-68f9697fec63', 'size': '1 gib', 'replicaCount': '3', 'compression': 'False', 'acl': {'values': ['ALLOW_NONE']}, 'IPAcl': {'values': ['ALLOW_NONE']}, 'sourceSnapshotUUID': None, 'sourceSnapshotName': None} ssl_verify: False
2026-10-08 19:44:56.536 87 WARNING py.warnings [None req-e5a35ac8-a4f9-44ef-af46-87acae460cb9 089b4222bcbc4d0291c1e204a3aa2722 f3a5bfb9932244939f0da741ef8aa08b - - - -] /var/lib/kolla/venv/lib/python3.12/site-packages/urllib3/connectionpool.py:1110: InsecureRequestWarning: Unverified HTTPS request is being made to host '[LB_IP_ADDRESS]'. Adding certificate verification is strongly advised. See: https://urllib3.readthedocs.io/en/latest/advanced-usage.html#tls-warnings
  warnings.warn(

2026-10-08 19:44:56.564 87 INFO cinder.volume.drivers.lightos [None req-e5a35ac8-a4f9-44ef-af46-87acae460cb9 089b4222bcbc4d0291c1e204a3aa2722 f3a5bfb9932244939f0da741ef8aa08b - - - -] Invoking get_volume using GET url: /api/v2/projects/default/volumes/034ec740-87e1-41ca-aa52-e9549776e906             request.body: {} ssl_verify: False
2026-10-08 19:44:56.628 87 WARNING py.warnings [None req-e5a35ac8-a4f9-44ef-af46-87acae460cb9 089b4222bcbc4d0291c1e204a3aa2722 f3a5bfb9932244939f0da741ef8aa08b - - - -] /var/lib/kolla/venv/lib/python3.12/site-packages/urllib3/connectionpool.py:1110: InsecureRequestWarning: Unverified HTTPS request is being made to host '[LB_IP_ADDRESS]'. Adding certificate verification is strongly advised. See: https://urllib3.readthedocs.io/en/latest/advanced-usage.html#tls-warnings
  warnings.warn(

2026-10-08 19:44:56.661 87 INFO cinder.volume.flows.manager.create_volume [None req-e5a35ac8-a4f9-44ef-af46-87acae460cb9 089b4222bcbc4d0291c1e204a3aa2722 f3a5bfb9932244939f0da741ef8aa08b - - - -] Volume vol_1650c952-a00f-4537-8c2b-68f9697fec63 (1650c952-a00f-4537-8c2b-68f9697fec63): created successfully
2026-10-08 19:44:56.671 87 INFO cinder.volume.manager [None req-e5a35ac8-a4f9-44ef-af46-87acae460cb9 089b4222bcbc4d0291c1e204a3aa2722 f3a5bfb9932244939f0da741ef8aa08b - - - -] Created volume successfully.
2026-10-08 19:44:57.031 87 INFO cinder.volume.manager [None req-20438d5f-39cf-4dfd-85fa-6812a3681e72 347f8846e94844d38a74c261f2844525 16fe230a49ea4f1bb6936bd37e2ec671 - - default default] Transfer volume completed successfully.
2026-10-08 19:44:57.982 87 INFO cinder.volume.drivers.lightos [None req-8498d6e2-f3df-4544-a575-c0004d1f471a 192363a02583462894166cdc6e90fa35 db0b4d71f62549c08d6b2e1af95d9157 - - default default] Invoking delete_volume using DELETE url: /api/v2/projects/default/volumes/688a934d-90f1-4fbd-a7c9-86770a8113b7?             request.body:  ssl_verify: False
2026-10-08 19:44:58.018 87 WARNING py.warnings [None req-8498d6e2-f3df-4544-a575-c0004d1f471a 192363a02583462894166cdc6e90fa35 db0b4d71f62549c08d6b2e1af95d9157 - - default default] /var/lib/kolla/venv/lib/python3.12/site-packages/urllib3/connectionpool.py:1110: InsecureRequestWarning: Unverified HTTPS request is being made to host '[LB_IP_ADDRESS]'. Adding certificate verification is strongly advised. See: https://urllib3.readthedocs.io/en/latest/advanced-usage.html#tls-warnings
  warnings.warn(

2026-10-08 19:44:58.048 87 INFO cinder.volume.drivers.lightos [None req-8498d6e2-f3df-4544-a575-c0004d1f471a 192363a02583462894166cdc6e90fa35 db0b4d71f62549c08d6b2e1af95d9157 - - default default] Invoking get_volume using GET url: /api/v2/projects/default/volumes/688a934d-90f1-4fbd-a7c9-86770a8113b7             request.body: {} ssl_verify: False
2026-10-08 19:44:58.094 87 WARNING py.warnings [None req-8498d6e2-f3df-4544-a575-c0004d1f471a 192363a02583462894166cdc6e90fa35 db0b4d71f62549c08d6b2e1af95d9157 - - default default] /var/lib/kolla/venv/lib/python3.12/site-packages/urllib3/connectionpool.py:1110: InsecureRequestWarning: Unverified HTTPS request is being made to host '[LB_IP_ADDRESS]'. Adding certificate verification is strongly advised. See: https://urllib3.readthedocs.io/en/latest/advanced-usage.html#tls-warnings
  warnings.warn(

2026-10-08 19:44:58.100 87 INFO cinder.volume.drivers.lightos [None req-2e5773b8-8d8a-4939-9ecc-e52ddff2c45e 089b4222bcbc4d0291c1e204a3aa2722 f3a5bfb9932244939f0da741ef8aa08b - - default default] Invoking delete_volume using DELETE url: /api/v2/projects/default/volumes/034ec740-87e1-41ca-aa52-e9549776e906?             request.body:  ssl_verify: False
2026-10-08 19:44:58.145 87 WARNING py.warnings [None req-2e5773b8-8d8a-4939-9ecc-e52ddff2c45e 089b4222bcbc4d0291c1e204a3aa2722 f3a5bfb9932244939f0da741ef8aa08b - - default default] /var/lib/kolla/venv/lib/python3.12/site-packages/urllib3/connectionpool.py:1110: InsecureRequestWarning: Unverified HTTPS request is being made to host '[LB_IP_ADDRESS]'. Adding certificate verification is strongly advised. See: https://urllib3.readthedocs.io/en/latest/advanced-usage.html#tls-warnings
  warnings.warn(

2026-10-08 19:44:58.192 87 INFO cinder.volume.drivers.lightos [None req-2e5773b8-8d8a-4939-9ecc-e52ddff2c45e 089b4222bcbc4d0291c1e204a3aa2722 f3a5bfb9932244939f0da741ef8aa08b - - default default] Invoking get_volume using GET url: /api/v2/projects/default/volumes/034ec740-87e1-41ca-aa52-e9549776e906             request.body: {} ssl_verify: False
2026-10-08 19:44:58.226 87 WARNING py.warnings [None req-2e5773b8-8d8a-4939-9ecc-e52ddff2c45e 089b4222bcbc4d0291c1e204a3aa2722 f3a5bfb9932244939f0da741ef8aa08b - - default default] /var/lib/kolla/venv/lib/python3.12/site-packages/urllib3/connectionpool.py:1110: InsecureRequestWarning: Unverified HTTPS request is being made to host '[LB_IP_ADDRESS]'. Adding certificate verification is strongly advised. See: https://urllib3.readthedocs.io/en/latest/advanced-usage.html#tls-warnings
  warnings.warn(

2026-10-08 19:44:58.280 87 INFO cinder.volume.manager [None req-8498d6e2-f3df-4544-a575-c0004d1f471a 192363a02583462894166cdc6e90fa35 db0b4d71f62549c08d6b2e1af95d9157 - - default default] Deleted volume successfully.
2026-10-08 19:44:58.361 87 INFO cinder.volume.manager [None req-2e5773b8-8d8a-4939-9ecc-e52ddff2c45e 089b4222bcbc4d0291c1e204a3aa2722 f3a5bfb9932244939f0da741ef8aa08b - - default default] Deleted volume successfully.
2026-10-08 19:44:59.632 87 INFO cinder.volume.flows.manager.create_volume [None req-f5f1965a-97a9-40bc-a1cd-99ac2c16c921 22a75be096c94445bd510b6466d3832e c17dc70070334ae5b733e02192d78717 - - - -] Volume 2cdc5c8e-6806-48f2-8a64-0775c10323df: being created as raw with specification: {'status': 'creating', 'volume_name': 'vol_2cdc5c8e-6806-48f2-8a64-0775c10323df', 'volume_size': 1}
2026-10-08 19:44:59.632 87 INFO cinder.volume.drivers.lightos [None req-f5f1965a-97a9-40bc-a1cd-99ac2c16c921 22a75be096c94445bd510b6466d3832e c17dc70070334ae5b733e02192d78717 - - - -] Invoking get_volume_by_name using GET url: /api/v2/projects/default/volumes/?name=vol_2cdc5c8e-6806-48f2-8a64-0775c10323df             request.body: {} ssl_verify: False
2026-10-08 19:44:59.669 87 WARNING py.warnings [None req-f5f1965a-97a9-40bc-a1cd-99ac2c16c921 22a75be096c94445bd510b6466d3832e c17dc70070334ae5b733e02192d78717 - - - -] /var/lib/kolla/venv/lib/python3.12/site-packages/urllib3/connectionpool.py:1110: InsecureRequestWarning: Unverified HTTPS request is being made to host '[LB_IP_ADDRESS]'. Adding certificate verification is strongly advised. See: https://urllib3.readthedocs.io/en/latest/advanced-usage.html#tls-warnings
  warnings.warn(

2026-10-08 19:44:59.682 87 INFO cinder.volume.drivers.lightos [None req-f5f1965a-97a9-40bc-a1cd-99ac2c16c921 22a75be096c94445bd510b6466d3832e c17dc70070334ae5b733e02192d78717 - - - -] Invoking create_volume using POST url: /api/v2/projects/default/volumes             request.body: {'name': 'vol_2cdc5c8e-6806-48f2-8a64-0775c10323df', 'size': '1 gib', 'replicaCount': '3', 'compression': 'False', 'acl': {'values': ['ALLOW_NONE']}, 'IPAcl': {'values': ['ALLOW_NONE']}, 'sourceSnapshotUUID': None, 'sourceSnapshotName': None} ssl_verify: False
2026-10-08 19:44:59.728 87 WARNING py.warnings [None req-f5f1965a-97a9-40bc-a1cd-99ac2c16c921 22a75be096c94445bd510b6466d3832e c17dc70070334ae5b733e02192d78717 - - - -] /var/lib/kolla/venv/lib/python3.12/site-packages/urllib3/connectionpool.py:1110: InsecureRequestWarning: Unverified HTTPS request is being made to host '[LB_IP_ADDRESS]'. Adding certificate verification is strongly advised. See: https://urllib3.readthedocs.io/en/latest/advanced-usage.html#tls-warnings
  warnings.warn(

2026-10-08 19:44:59.764 87 INFO cinder.volume.drivers.lightos [None req-f5f1965a-97a9-40bc-a1cd-99ac2c16c921 22a75be096c94445bd510b6466d3832e c17dc70070334ae5b733e02192d78717 - - - -] Invoking get_volume using GET url: /api/v2/projects/default/volumes/8ab4c4b2-b239-4493-a0b1-970484f4ff62             request.body: {} ssl_verify: False
2026-10-08 19:44:59.811 87 WARNING py.warnings [None req-f5f1965a-97a9-40bc-a1cd-99ac2c16c921 22a75be096c94445bd510b6466d3832e c17dc70070334ae5b733e02192d78717 - - - -] /var/lib/kolla/venv/lib/python3.12/site-packages/urllib3/connectionpool.py:1110: InsecureRequestWarning: Unverified HTTPS request is being made to host '[LB_IP_ADDRESS]'. Adding certificate verification is strongly advised. See: https://urllib3.readthedocs.io/en/latest/advanced-usage.html#tls-warnings
  warnings.warn(

2026-10-08 19:45:00.842 87 INFO cinder.volume.drivers.lightos [None req-f5f1965a-97a9-40bc-a1cd-99ac2c16c921 22a75be096c94445bd510b6466d3832e c17dc70070334ae5b733e02192d78717 - - - -] Invoking get_volume using GET url: /api/v2/projects/default/volumes/8ab4c4b2-b239-4493-a0b1-970484f4ff62             request.body: {} ssl_verify: False
2026-10-08 19:45:00.888 87 WARNING py.warnings [None req-f5f1965a-97a9-40bc-a1cd-99ac2c16c921 22a75be096c94445bd510b6466d3832e c17dc70070334ae5b733e02192d78717 - - - -] /var/lib/kolla/venv/lib/python3.12/site-packages/urllib3/connectionpool.py:1110: InsecureRequestWarning: Unverified HTTPS request is being made to host '[LB_IP_ADDRESS]'. Adding certificate verification is strongly advised. See: https://urllib3.readthedocs.io/en/latest/advanced-usage.html#tls-warnings
  warnings.warn(

2026-10-08 19:45:00.923 87 INFO cinder.volume.flows.manager.create_volume [None req-f5f1965a-97a9-40bc-a1cd-99ac2c16c921 22a75be096c94445bd510b6466d3832e c17dc70070334ae5b733e02192d78717 - - - -] Volume vol_2cdc5c8e-6806-48f2-8a64-0775c10323df (2cdc5c8e-6806-48f2-8a64-0775c10323df): created successfully
2026-10-08 19:45:00.930 87 INFO cinder.volume.manager [None req-f5f1965a-97a9-40bc-a1cd-99ac2c16c921 22a75be096c94445bd510b6466d3832e c17dc70070334ae5b733e02192d78717 - - - -] Created volume successfully.
2026-10-08 19:45:02.019 87 INFO cinder.volume.drivers.lightos [None req-7f94338c-58e3-4c92-a4b6-796c9290724f 192363a02583462894166cdc6e90fa35 db0b4d71f62549c08d6b2e1af95d9157 - - default default] Invoking delete_volume using DELETE url: /api/v2/projects/default/volumes/8ab4c4b2-b239-4493-a0b1-970484f4ff62?             request.body:  ssl_verify: False
2026-10-08 19:45:02.059 87 WARNING py.warnings [None req-7f94338c-58e3-4c92-a4b6-796c9290724f 192363a02583462894166cdc6e90fa35 db0b4d71f62549c08d6b2e1af95d9157 - - default default] /var/lib/kolla/venv/lib/python3.12/site-packages/urllib3/connectionpool.py:1110: InsecureRequestWarning: Unverified HTTPS request is being made to host '[LB_IP_ADDRESS]'. Adding certificate verification is strongly advised. See: https://urllib3.readthedocs.io/en/latest/advanced-usage.html#tls-warnings
  warnings.warn(

2026-10-08 19:45:02.100 87 INFO cinder.volume.drivers.lightos [None req-7f94338c-58e3-4c92-a4b6-796c9290724f 192363a02583462894166cdc6e90fa35 db0b4d71f62549c08d6b2e1af95d9157 - - default default] Invoking get_volume using GET url: /api/v2/projects/default/volumes/8ab4c4b2-b239-4493-a0b1-970484f4ff62             request.body: {} ssl_verify: False
2026-10-08 19:45:02.143 87 WARNING py.warnings [None req-7f94338c-58e3-4c92-a4b6-796c9290724f 192363a02583462894166cdc6e90fa35 db0b4d71f62549c08d6b2e1af95d9157 - - default default] /var/lib/kolla/venv/lib/python3.12/site-packages/urllib3/connectionpool.py:1110: InsecureRequestWarning: Unverified HTTPS request is being made to host '[LB_IP_ADDRESS]'. Adding certificate verification is strongly advised. See: https://urllib3.readthedocs.io/en/latest/advanced-usage.html#tls-warnings
  warnings.warn(

2026-10-08 19:45:02.275 87 INFO cinder.volume.manager [None req-7f94338c-58e3-4c92-a4b6-796c9290724f 192363a02583462894166cdc6e90fa35 db0b4d71f62549c08d6b2e1af95d9157 - - default default] Deleted volume successfully.
2026-10-08 19:45:05.469 87 INFO cinder.volume.flows.manager.create_volume [None req-ddf17b6e-0908-4368-a3cb-41cc79f3db05 9b2cf813aa6b4a5788f901d57a815364 36c69b785ce149e982b574c915e2cc06 - - - -] Volume 4400c0c5-a138-4ce3-9541-13602acd0849: being created as raw with specification: {'status': 'creating', 'volume_name': 'vol_4400c0c5-a138-4ce3-9541-13602acd0849', 'volume_size': 1}
2026-10-08 19:45:05.469 87 INFO cinder.volume.drivers.lightos [None req-ddf17b6e-0908-4368-a3cb-41cc79f3db05 9b2cf813aa6b4a5788f901d57a815364 36c69b785ce149e982b574c915e2cc06 - - - -] Invoking get_volume_by_name using GET url: /api/v2/projects/default/volumes/?name=vol_4400c0c5-a138-4ce3-9541-13602acd0849             request.body: {} ssl_verify: False
2026-10-08 19:45:05.506 87 WARNING py.warnings [None req-ddf17b6e-0908-4368-a3cb-41cc79f3db05 9b2cf813aa6b4a5788f901d57a815364 36c69b785ce149e982b574c915e2cc06 - - - -] /var/lib/kolla/venv/lib/python3.12/site-packages/urllib3/connectionpool.py:1110: InsecureRequestWarning: Unverified HTTPS request is being made to host '[LB_IP_ADDRESS]'. Adding certificate verification is strongly advised. See: https://urllib3.readthedocs.io/en/latest/advanced-usage.html#tls-warnings
  warnings.warn(

2026-10-08 19:45:05.519 87 INFO cinder.volume.drivers.lightos [None req-ddf17b6e-0908-4368-a3cb-41cc79f3db05 9b2cf813aa6b4a5788f901d57a815364 36c69b785ce149e982b574c915e2cc06 - - - -] Invoking create_volume using POST url: /api/v2/projects/default/volumes             request.body: {'name': 'vol_4400c0c5-a138-4ce3-9541-13602acd0849', 'size': '1 gib', 'replicaCount': '3', 'compression': 'False', 'acl': {'values': ['ALLOW_NONE']}, 'IPAcl': {'values': ['ALLOW_NONE']}, 'sourceSnapshotUUID': None, 'sourceSnapshotName': None} ssl_verify: False
2026-10-08 19:45:05.562 87 WARNING py.warnings [None req-ddf17b6e-0908-4368-a3cb-41cc79f3db05 9b2cf813aa6b4a5788f901d57a815364 36c69b785ce149e982b574c915e2cc06 - - - -] /var/lib/kolla/venv/lib/python3.12/site-packages/urllib3/connectionpool.py:1110: InsecureRequestWarning: Unverified HTTPS request is being made to host '[LB_IP_ADDRESS]'. Adding certificate verification is strongly advised. See: https://urllib3.readthedocs.io/en/latest/advanced-usage.html#tls-warnings
  warnings.warn(

2026-10-08 19:45:05.591 87 INFO cinder.volume.drivers.lightos [None req-ddf17b6e-0908-4368-a3cb-41cc79f3db05 9b2cf813aa6b4a5788f901d57a815364 36c69b785ce149e982b574c915e2cc06 - - - -] Invoking get_volume using GET url: /api/v2/projects/default/volumes/4e0cba8c-39df-4bc8-b766-374c345d3dd3             request.body: {} ssl_verify: False
2026-10-08 19:45:05.650 87 WARNING py.warnings [None req-ddf17b6e-0908-4368-a3cb-41cc79f3db05 9b2cf813aa6b4a5788f901d57a815364 36c69b785ce149e982b574c915e2cc06 - - - -] /var/lib/kolla/venv/lib/python3.12/site-packages/urllib3/connectionpool.py:1110: InsecureRequestWarning: Unverified HTTPS request is being made to host '[LB_IP_ADDRESS]'. Adding certificate verification is strongly advised. See: https://urllib3.readthedocs.io/en/latest/advanced-usage.html#tls-warnings
  warnings.warn(

2026-10-08 19:45:05.682 87 INFO cinder.volume.flows.manager.create_volume [None req-ddf17b6e-0908-4368-a3cb-41cc79f3db05 9b2cf813aa6b4a5788f901d57a815364 36c69b785ce149e982b574c915e2cc06 - - - -] Volume vol_4400c0c5-a138-4ce3-9541-13602acd0849 (4400c0c5-a138-4ce3-9541-13602acd0849): created successfully
2026-10-08 19:45:05.690 87 INFO cinder.volume.manager [None req-ddf17b6e-0908-4368-a3cb-41cc79f3db05 9b2cf813aa6b4a5788f901d57a815364 36c69b785ce149e982b574c915e2cc06 - - - -] Created volume successfully.
2026-10-08 19:45:06.991 87 WARNING cinder.image.glance [None req-675b5127-f121-4e43-9e23-728520de7fd3 e26dfe3989f14fd484444226330a3866 a9e39a9e79a84aa7a0004cb73784d066 - - - -] Glance method get_image_locations is available but a dedicated [glance] section is required in the cinder configuration file to allow service-to-service communication.: glanceclient.exc.HTTPForbidden: HTTP 403 Forbidden: You are not authorized to complete fetch_image_location action.
2026-10-08 19:45:07.063 87 INFO cinder.volume.flows.manager.create_volume [None req-675b5127-f121-4e43-9e23-728520de7fd3 e26dfe3989f14fd484444226330a3866 a9e39a9e79a84aa7a0004cb73784d066 - - - -] Volume 9953f63a-a1e5-45ad-96c1-0791af18cca9: being created as image with specification: {'status': 'creating', 'volume_name': 'vol_9953f63a-a1e5-45ad-96c1-0791af18cca9', 'volume_size': 1, 'image_id': '545c8ea5-cae4-4d3e-b3ff-02364f54bc85', 'image_location': (None, []), 'image_meta': {'name': 'cirros', 'disk_format': 'qcow2', 'container_format': 'bare', 'visibility': 'public', 'size': 12716032, 'virtual_size': 46137344, 'status': 'active', 'checksum': '443b7623e27ecf03dc9e01ee93f67afe', 'protected': False, 'min_ram': 0, 'min_disk': 0, 'owner': 'fa83639000624d7785ca4a397a2ed070', 'os_hidden': False, 'os_hash_algo': 'sha512', 'os_hash_value': '6513f21e44aa3da349f248188a44bc304a3653a04122d8fb4535423c8e1d14cd6a153f735bb0982e2161b5b5186106570c17a9e58b64dd39390617cd5a350f78', 'id': '545c8ea5-cae4-4d3e-b3ff-02364f54bc85', 'created_at': datetime.datetime(2026, 9, 6, 8, 21, 35, tzinfo=datetime.timezone.utc), 'updated_at': datetime.datetime(2026, 9, 6, 8, 21, 35, tzinfo=datetime.timezone.utc), 'tags': [], 'file': '/v2/images/545c8ea5-cae4-4d3e-b3ff-02364f54bc85/file', 'stores': 'file', 'properties': {'owner_specified.openstack.md5': '', 'owner_specified.openstack.object': 'images/cirros', 'owner_specified.openstack.sha256': ''}}, 'image_service': <cinder.image.glance.GlanceImageService object at 0x790c24568d10>}
2026-10-08 19:45:07.263 87 INFO cinder.volume.manager [None req-fa530308-fcc3-402a-b5ad-e6ee457c27a3 e683ba0ff6f649dbbeb57b2333bc2402 61c37faecedd42a2bbf33d19c41f38c1 - - default default] Transfer volume completed successfully.
2026-10-08 19:45:07.289 87 INFO cinder.image.image_utils [None req-675b5127-f121-4e43-9e23-728520de7fd3 e26dfe3989f14fd484444226330a3866 a9e39a9e79a84aa7a0004cb73784d066 - - - -] Image download 12.13 MB at 12.13 MB/s
2026-10-08 19:45:08.078 87 INFO cinder.volume.drivers.lightos [None req-675b5127-f121-4e43-9e23-728520de7fd3 e26dfe3989f14fd484444226330a3866 a9e39a9e79a84aa7a0004cb73784d066 - - - -] Invoking get_volume_by_name using GET url: /api/v2/projects/default/volumes/?name=vol_9953f63a-a1e5-45ad-96c1-0791af18cca9             request.body: {} ssl_verify: False
2026-10-08 19:45:08.119 87 WARNING py.warnings [None req-675b5127-f121-4e43-9e23-728520de7fd3 e26dfe3989f14fd484444226330a3866 a9e39a9e79a84aa7a0004cb73784d066 - - - -] /var/lib/kolla/venv/lib/python3.12/site-packages/urllib3/connectionpool.py:1110: InsecureRequestWarning: Unverified HTTPS request is being made to host '[LB_IP_ADDRESS]'. Adding certificate verification is strongly advised. See: https://urllib3.readthedocs.io/en/latest/advanced-usage.html#tls-warnings
  warnings.warn(

2026-10-08 19:45:08.140 87 INFO cinder.volume.drivers.lightos [None req-675b5127-f121-4e43-9e23-728520de7fd3 e26dfe3989f14fd484444226330a3866 a9e39a9e79a84aa7a0004cb73784d066 - - - -] Invoking create_volume using POST url: /api/v2/projects/default/volumes             request.body: {'name': 'vol_9953f63a-a1e5-45ad-96c1-0791af18cca9', 'size': '1 gib', 'replicaCount': '3', 'compression': 'False', 'acl': {'values': ['ALLOW_NONE']}, 'IPAcl': {'values': ['ALLOW_NONE']}, 'sourceSnapshotUUID': None, 'sourceSnapshotName': None} ssl_verify: False
2026-10-08 19:45:08.180 87 WARNING py.warnings [None req-675b5127-f121-4e43-9e23-728520de7fd3 e26dfe3989f14fd484444226330a3866 a9e39a9e79a84aa7a0004cb73784d066 - - - -] /var/lib/kolla/venv/lib/python3.12/site-packages/urllib3/connectionpool.py:1110: InsecureRequestWarning: Unverified HTTPS request is being made to host '[LB_IP_ADDRESS]'. Adding certificate verification is strongly advised. See: https://urllib3.readthedocs.io/en/latest/advanced-usage.html#tls-warnings
  warnings.warn(

2026-10-08 19:45:08.209 87 INFO cinder.volume.drivers.lightos [None req-675b5127-f121-4e43-9e23-728520de7fd3 e26dfe3989f14fd484444226330a3866 a9e39a9e79a84aa7a0004cb73784d066 - - - -] Invoking get_volume using GET url: /api/v2/projects/default/volumes/e70e7030-9163-4191-8351-969a1299af00             request.body: {} ssl_verify: False
2026-10-08 19:45:08.258 87 WARNING py.warnings [None req-675b5127-f121-4e43-9e23-728520de7fd3 e26dfe3989f14fd484444226330a3866 a9e39a9e79a84aa7a0004cb73784d066 - - - -] /var/lib/kolla/venv/lib/python3.12/site-packages/urllib3/connectionpool.py:1110: InsecureRequestWarning: Unverified HTTPS request is being made to host '[LB_IP_ADDRESS]'. Adding certificate verification is strongly advised. See: https://urllib3.readthedocs.io/en/latest/advanced-usage.html#tls-warnings
  warnings.warn(

2026-10-08 19:45:08.283 87 INFO cinder.volume.drivers.lightos [None req-a1220064-2b92-4edc-87db-0d5db1b03dc7 bcb49dbb5d09467d85f2a7b5547d80c5 9ff21d388de244d7ac57a96d483243bd - - default default] Invoking delete_volume using DELETE url: /api/v2/projects/default/volumes/4e0cba8c-39df-4bc8-b766-374c345d3dd3?             request.body:  ssl_verify: False
2026-10-08 19:45:08.314 87 WARNING py.warnings [None req-a1220064-2b92-4edc-87db-0d5db1b03dc7 bcb49dbb5d09467d85f2a7b5547d80c5 9ff21d388de244d7ac57a96d483243bd - - default default] /var/lib/kolla/venv/lib/python3.12/site-packages/urllib3/connectionpool.py:1110: InsecureRequestWarning: Unverified HTTPS request is being made to host '[LB_IP_ADDRESS]'. Adding certificate verification is strongly advised. See: https://urllib3.readthedocs.io/en/latest/advanced-usage.html#tls-warnings
  warnings.warn(

2026-10-08 19:45:08.355 87 INFO cinder.volume.drivers.lightos [None req-a1220064-2b92-4edc-87db-0d5db1b03dc7 bcb49dbb5d09467d85f2a7b5547d80c5 9ff21d388de244d7ac57a96d483243bd - - default default] Invoking get_volume using GET url: /api/v2/projects/default/volumes/4e0cba8c-39df-4bc8-b766-374c345d3dd3             request.body: {} ssl_verify: False
2026-10-08 19:45:08.394 87 WARNING py.warnings [None req-a1220064-2b92-4edc-87db-0d5db1b03dc7 bcb49dbb5d09467d85f2a7b5547d80c5 9ff21d388de244d7ac57a96d483243bd - - default default] /var/lib/kolla/venv/lib/python3.12/site-packages/urllib3/connectionpool.py:1110: InsecureRequestWarning: Unverified HTTPS request is being made to host '[LB_IP_ADDRESS]'. Adding certificate verification is strongly advised. See: https://urllib3.readthedocs.io/en/latest/advanced-usage.html#tls-warnings
  warnings.warn(

2026-10-08 19:45:08.399 87 INFO os_brick.initiator.connectors.lightos [None req-675b5127-f121-4e43-9e23-728520de7fd3 e26dfe3989f14fd484444226330a3866 a9e39a9e79a84aa7a0004cb73784d066 - - - -] Current host hostNQN nqn.2014-08.org.nvmexpress:uuid:1136ecdd-b326-5080-93cd-b4d75d7810d9 and IP(s) are ['[LB_IP_ADDRESS]', 'fe80::3e47:9a62:83ae:42f6', '[LB_IP_ADDRESS]', 'fe80::1527:3e78:1ef1:1fe7', '[LB_IP_ADDRESS]', 'fd00::a:13:1a:6', 'fe80::5fef:b54a:d77d:fcd4'] 
2026-10-08 19:45:08.400 87 INFO cinder.volume.drivers.lightos [None req-675b5127-f121-4e43-9e23-728520de7fd3 e26dfe3989f14fd484444226330a3866 a9e39a9e79a84aa7a0004cb73784d066 - - - -] Current host hostNQN is nqn.2014-08.org.nvmexpress:uuid:1136ecdd-b326-5080-93cd-b4d75d7810d9 and IP(s) are ['[LB_IP_ADDRESS]', 'fe80::3e47:9a62:83ae:42f6', '[LB_IP_ADDRESS]', 'fe80::1527:3e78:1ef1:1fe7', '[LB_IP_ADDRESS]', 'fd00::a:13:1a:6', 'fe80::5fef:b54a:d77d:fcd4']
2026-10-08 19:45:08.400 87 INFO cinder.volume.drivers.lightos [None req-675b5127-f121-4e43-9e23-728520de7fd3 e26dfe3989f14fd484444226330a3866 a9e39a9e79a84aa7a0004cb73784d066 - - - -] Invoking get_volume_by_name using GET url: /api/v2/projects/default/volumes/?name=vol_9953f63a-a1e5-45ad-96c1-0791af18cca9             request.body: {} ssl_verify: False
2026-10-08 19:45:08.437 87 WARNING py.warnings [None req-675b5127-f121-4e43-9e23-728520de7fd3 e26dfe3989f14fd484444226330a3866 a9e39a9e79a84aa7a0004cb73784d066 - - - -] /var/lib/kolla/venv/lib/python3.12/site-packages/urllib3/connectionpool.py:1110: InsecureRequestWarning: Unverified HTTPS request is being made to host '[LB_IP_ADDRESS]'. Adding certificate verification is strongly advised. See: https://urllib3.readthedocs.io/en/latest/advanced-usage.html#tls-warnings
  warnings.warn(

2026-10-08 19:45:08.446 87 INFO cinder.volume.drivers.lightos [None req-675b5127-f121-4e43-9e23-728520de7fd3 e26dfe3989f14fd484444226330a3866 a9e39a9e79a84aa7a0004cb73784d066 - - - -] Invoking update_volume using PUT url: /api/v2/projects/default/volumes/e70e7030-9163-4191-8351-969a1299af00             request.body: {'acl': {'values': ['nqn.2014-08.org.nvmexpress:uuid:1136ecdd-b326-5080-93cd-b4d75d7810d9']}, 'IPAcl': {'values': ['fe80::3e47:9a62:83ae:42f6', 'fe80::1527:3e78:1ef1:1fe7', '[LB_IP_ADDRESS]', '[LB_IP_ADDRESS]', 'fe80::5fef:b54a:d77d:fcd4', 'fd00::a:13:1a:6', '[LB_IP_ADDRESS]']}} ssl_verify: False
2026-10-08 19:45:08.478 87 WARNING py.warnings [None req-675b5127-f121-4e43-9e23-728520de7fd3 e26dfe3989f14fd484444226330a3866 a9e39a9e79a84aa7a0004cb73784d066 - - - -] /var/lib/kolla/venv/lib/python3.12/site-packages/urllib3/connectionpool.py:1110: InsecureRequestWarning: Unverified HTTPS request is being made to host '[LB_IP_ADDRESS]'. Adding certificate verification is strongly advised. See: https://urllib3.readthedocs.io/en/latest/advanced-usage.html#tls-warnings
  warnings.warn(

2026-10-08 19:45:08.520 87 INFO cinder.volume.drivers.lightos [None req-675b5127-f121-4e43-9e23-728520de7fd3 e26dfe3989f14fd484444226330a3866 a9e39a9e79a84aa7a0004cb73784d066 - - - -] Invoking get_volume_by_name using GET url: /api/v2/projects/default/volumes/?name=vol_9953f63a-a1e5-45ad-96c1-0791af18cca9             request.body: {} ssl_verify: False
2026-10-08 19:45:08.558 87 WARNING py.warnings [None req-675b5127-f121-4e43-9e23-728520de7fd3 e26dfe3989f14fd484444226330a3866 a9e39a9e79a84aa7a0004cb73784d066 - - - -] /var/lib/kolla/venv/lib/python3.12/site-packages/urllib3/connectionpool.py:1110: InsecureRequestWarning: Unverified HTTPS request is being made to host '[LB_IP_ADDRESS]'. Adding certificate verification is strongly advised. See: https://urllib3.readthedocs.io/en/latest/advanced-usage.html#tls-warnings
  warnings.warn(

2026-10-08 19:45:08.612 87 INFO cinder.volume.manager [None req-a1220064-2b92-4edc-87db-0d5db1b03dc7 bcb49dbb5d09467d85f2a7b5547d80c5 9ff21d388de244d7ac57a96d483243bd - - default default] Deleted volume successfully.
2026-10-08 19:45:08.979 87 INFO cinder.volume.flows.manager.create_volume [None req-37739d3c-946d-4e46-a21d-f8c5b9921c15 4c4b8d95fc51407b80459278e5f8640c f4742b4ce610495686dd7375df8d6bcf - - - -] Volume a6c23233-de03-4784-bf9c-26dbc14742b6: being created as raw with specification: {'status': 'creating', 'volume_name': 'vol_a6c23233-de03-4784-bf9c-26dbc14742b6', 'volume_size': 1}
2026-10-08 19:45:08.980 87 INFO cinder.volume.drivers.lightos [None req-37739d3c-946d-4e46-a21d-f8c5b9921c15 4c4b8d95fc51407b80459278e5f8640c f4742b4ce610495686dd7375df8d6bcf - - - -] Invoking get_volume_by_name using GET url: /api/v2/projects/default/volumes/?name=vol_a6c23233-de03-4784-bf9c-26dbc14742b6             request.body: {} ssl_verify: False
2026-10-08 19:45:09.018 87 WARNING py.warnings [None req-37739d3c-946d-4e46-a21d-f8c5b9921c15 4c4b8d95fc51407b80459278e5f8640c f4742b4ce610495686dd7375df8d6bcf - - - -] /var/lib/kolla/venv/lib/python3.12/site-packages/urllib3/connectionpool.py:1110: InsecureRequestWarning: Unverified HTTPS request is being made to host '[LB_IP_ADDRESS]'. Adding certificate verification is strongly advised. See: https://urllib3.readthedocs.io/en/latest/advanced-usage.html#tls-warnings
  warnings.warn(

2026-10-08 19:45:09.030 87 INFO cinder.volume.drivers.lightos [None req-37739d3c-946d-4e46-a21d-f8c5b9921c15 4c4b8d95fc51407b80459278e5f8640c f4742b4ce610495686dd7375df8d6bcf - - - -] Invoking create_volume using POST url: /api/v2/projects/default/volumes             request.body: {'name': 'vol_a6c23233-de03-4784-bf9c-26dbc14742b6', 'size': '1 gib', 'replicaCount': '3', 'compression': 'False', 'acl': {'values': ['ALLOW_NONE']}, 'IPAcl': {'values': ['ALLOW_NONE']}, 'sourceSnapshotUUID': None, 'sourceSnapshotName': None} ssl_verify: False
2026-10-08 19:45:09.113 87 WARNING py.warnings [None req-37739d3c-946d-4e46-a21d-f8c5b9921c15 4c4b8d95fc51407b80459278e5f8640c f4742b4ce610495686dd7375df8d6bcf - - - -] /var/lib/kolla/venv/lib/python3.12/site-packages/urllib3/connectionpool.py:1110: InsecureRequestWarning: Unverified HTTPS request is being made to host '[LB_IP_ADDRESS]'. Adding certificate verification is strongly advised. See: https://urllib3.readthedocs.io/en/latest/advanced-usage.html#tls-warnings
  warnings.warn(

2026-10-08 19:45:09.136 87 INFO cinder.volume.drivers.lightos [None req-37739d3c-946d-4e46-a21d-f8c5b9921c15 4c4b8d95fc51407b80459278e5f8640c f4742b4ce610495686dd7375df8d6bcf - - - -] Invoking get_volume using GET url: /api/v2/projects/default/volumes/f96df987-b56b-450d-9628-99461f765d09             request.body: {} ssl_verify: False
2026-10-08 19:45:09.180 87 WARNING py.warnings [None req-37739d3c-946d-4e46-a21d-f8c5b9921c15 4c4b8d95fc51407b80459278e5f8640c f4742b4ce610495686dd7375df8d6bcf - - - -] /var/lib/kolla/venv/lib/python3.12/site-packages/urllib3/connectionpool.py:1110: InsecureRequestWarning: Unverified HTTPS request is being made to host '[LB_IP_ADDRESS]'. Adding certificate verification is strongly advised. See: https://urllib3.readthedocs.io/en/latest/advanced-usage.html#tls-warnings
  warnings.warn(

2026-10-08 19:45:09.567 87 INFO cinder.volume.drivers.lightos [None req-675b5127-f121-4e43-9e23-728520de7fd3 e26dfe3989f14fd484444226330a3866 a9e39a9e79a84aa7a0004cb73784d066 - - - -] Invoking get_volume_by_name using GET url: /api/v2/projects/default/volumes/?name=vol_9953f63a-a1e5-45ad-96c1-0791af18cca9             request.body: {} ssl_verify: False
2026-10-08 19:45:09.614 87 WARNING py.warnings [None req-675b5127-f121-4e43-9e23-728520de7fd3 e26dfe3989f14fd484444226330a3866 a9e39a9e79a84aa7a0004cb73784d066 - - - -] /var/lib/kolla/venv/lib/python3.12/site-packages/urllib3/connectionpool.py:1110: InsecureRequestWarning: Unverified HTTPS request is being made to host '[LB_IP_ADDRESS]'. Adding certificate verification is strongly advised. See: https://urllib3.readthedocs.io/en/latest/advanced-usage.html#tls-warnings
  warnings.warn(

2026-10-08 19:45:09.629 87 INFO cinder.volume.drivers.lightos [None req-675b5127-f121-4e43-9e23-728520de7fd3 e26dfe3989f14fd484444226330a3866 a9e39a9e79a84aa7a0004cb73784d066 - - - -] Invoking get_volume_by_name using GET url: /api/v2/projects/default/volumes/?name=vol_9953f63a-a1e5-45ad-96c1-0791af18cca9             request.body: {} ssl_verify: False
2026-10-08 19:45:09.676 87 WARNING py.warnings [None req-675b5127-f121-4e43-9e23-728520de7fd3 e26dfe3989f14fd484444226330a3866 a9e39a9e79a84aa7a0004cb73784d066 - - - -] /var/lib/kolla/venv/lib/python3.12/site-packages/urllib3/connectionpool.py:1110: InsecureRequestWarning: Unverified HTTPS request is being made to host '[LB_IP_ADDRESS]'. Adding certificate verification is strongly advised. See: https://urllib3.readthedocs.io/en/latest/advanced-usage.html#tls-warnings
  warnings.warn(

2026-10-08 19:45:09.693 87 INFO os_brick.initiator.connectors.lightos [None req-675b5127-f121-4e43-9e23-728520de7fd3 e26dfe3989f14fd484444226330a3866 a9e39a9e79a84aa7a0004cb73784d066 - - - -] LIGHTOS: connect_volume called for volume e70e7030-9163-4191-8351-969a1299af00, connection properties: {'lightos_nodes': {'[LB_IP_ADDRESS]': {'target_portal': '[LB_IP_ADDRESS]', 'target_port': 8009, 'transport_type': 'tcp'}, '[LB_IP_ADDRESS]': {'target_portal': '[LB_IP_ADDRESS]', 'target_port': 8009, 'transport_type': 'tcp'}, '[LB_IP_ADDRESS]': {'target_portal': '[LB_IP_ADDRESS]', 'target_port': 8009, 'transport_type': 'tcp'}}, 'uuid': 'e70e7030-9163-4191-8351-969a1299af00', 'subsysnqn': 'nqn.2016-01.com.lightbitslabs:uuid:023e92f0-1271-4fe0-9397-657649be716c:suffix', 'encrypted': False, 'enforce_multipath': False}
2026-10-08 19:45:09.698 87 INFO os_brick.initiator.connectors.lightos [None req-675b5127-f121-4e43-9e23-728520de7fd3 e26dfe3989f14fd484444226330a3866 a9e39a9e79a84aa7a0004cb73784d066 - - - -] LIGHTOS: devpath /dev/nvme0n1 detected for uuid e70e7030-9163-4191-8351-969a1299af00
2026-10-08 19:45:09.942 87 INFO cinder.volume.flows.manager.create_volume [None req-68fd0e01-77f5-4d6d-a155-0db31551c87e 9b2cf813aa6b4a5788f901d57a815364 36c69b785ce149e982b574c915e2cc06 - - - -] Volume da0e6743-b03d-4a0a-81ef-3801b48be51f: being created as raw with specification: {'status': 'creating', 'volume_name': 'vol_da0e6743-b03d-4a0a-81ef-3801b48be51f', 'volume_size': 1}
2026-10-08 19:45:09.942 87 INFO cinder.volume.drivers.lightos [None req-68fd0e01-77f5-4d6d-a155-0db31551c87e 9b2cf813aa6b4a5788f901d57a815364 36c69b785ce149e982b574c915e2cc06 - - - -] Invoking get_volume_by_name using GET url: /api/v2/projects/default/volumes/?name=vol_da0e6743-b03d-4a0a-81ef-3801b48be51f             request.body: {} ssl_verify: False
2026-10-08 19:45:09.983 87 WARNING py.warnings [None req-68fd0e01-77f5-4d6d-a155-0db31551c87e 9b2cf813aa6b4a5788f901d57a815364 36c69b785ce149e982b574c915e2cc06 - - - -] /var/lib/kolla/venv/lib/python3.12/site-packages/urllib3/connectionpool.py:1110: InsecureRequestWarning: Unverified HTTPS request is being made to host '[LB_IP_ADDRESS]'. Adding certificate verification is strongly advised. See: https://urllib3.readthedocs.io/en/latest/advanced-usage.html#tls-warnings
  warnings.warn(

2026-10-08 19:45:09.997 87 INFO cinder.volume.drivers.lightos [None req-68fd0e01-77f5-4d6d-a155-0db31551c87e 9b2cf813aa6b4a5788f901d57a815364 36c69b785ce149e982b574c915e2cc06 - - - -] Invoking create_volume using POST url: /api/v2/projects/default/volumes             request.body: {'name': 'vol_da0e6743-b03d-4a0a-81ef-3801b48be51f', 'size': '1 gib', 'replicaCount': '3', 'compression': 'False', 'acl': {'values': ['ALLOW_NONE']}, 'IPAcl': {'values': ['ALLOW_NONE']}, 'sourceSnapshotUUID': None, 'sourceSnapshotName': None} ssl_verify: False
2026-10-08 19:45:10.044 87 WARNING py.warnings [None req-68fd0e01-77f5-4d6d-a155-0db31551c87e 9b2cf813aa6b4a5788f901d57a815364 36c69b785ce149e982b574c915e2cc06 - - - -] /var/lib/kolla/venv/lib/python3.12/site-packages/urllib3/connectionpool.py:1110: InsecureRequestWarning: Unverified HTTPS request is being made to host '[LB_IP_ADDRESS]'. Adding certificate verification is strongly advised. See: https://urllib3.readthedocs.io/en/latest/advanced-usage.html#tls-warnings
  warnings.warn(

2026-10-08 19:45:10.112 87 INFO cinder.volume.drivers.lightos [None req-68fd0e01-77f5-4d6d-a155-0db31551c87e 9b2cf813aa6b4a5788f901d57a815364 36c69b785ce149e982b574c915e2cc06 - - - -] Invoking get_volume using GET url: /api/v2/projects/default/volumes/fcdaac3a-3eee-4377-804c-8c2bfa114e6b             request.body: {} ssl_verify: False
2026-10-08 19:45:10.167 87 WARNING py.warnings [None req-68fd0e01-77f5-4d6d-a155-0db31551c87e 9b2cf813aa6b4a5788f901d57a815364 36c69b785ce149e982b574c915e2cc06 - - - -] /var/lib/kolla/venv/lib/python3.12/site-packages/urllib3/connectionpool.py:1110: InsecureRequestWarning: Unverified HTTPS request is being made to host '[LB_IP_ADDRESS]'. Adding certificate verification is strongly advised. See: https://urllib3.readthedocs.io/en/latest/advanced-usage.html#tls-warnings
  warnings.warn(

2026-10-08 19:45:10.190 87 INFO cinder.volume.drivers.lightos [None req-37739d3c-946d-4e46-a21d-f8c5b9921c15 4c4b8d95fc51407b80459278e5f8640c f4742b4ce610495686dd7375df8d6bcf - - - -] Invoking get_volume using GET url: /api/v2/projects/default/volumes/f96df987-b56b-450d-9628-99461f765d09             request.body: {} ssl_verify: False
2026-10-08 19:45:10.236 87 WARNING py.warnings [None req-37739d3c-946d-4e46-a21d-f8c5b9921c15 4c4b8d95fc51407b80459278e5f8640c f4742b4ce610495686dd7375df8d6bcf - - - -] /var/lib/kolla/venv/lib/python3.12/site-packages/urllib3/connectionpool.py:1110: InsecureRequestWarning: Unverified HTTPS request is being made to host '[LB_IP_ADDRESS]'. Adding certificate verification is strongly advised. See: https://urllib3.readthedocs.io/en/latest/advanced-usage.html#tls-warnings
  warnings.warn(

2026-10-08 19:45:10.281 87 INFO cinder.volume.flows.manager.create_volume [None req-68fd0e01-77f5-4d6d-a155-0db31551c87e 9b2cf813aa6b4a5788f901d57a815364 36c69b785ce149e982b574c915e2cc06 - - - -] Volume vol_da0e6743-b03d-4a0a-81ef-3801b48be51f (da0e6743-b03d-4a0a-81ef-3801b48be51f): created successfully
2026-10-08 19:45:10.331 87 INFO cinder.volume.manager [None req-68fd0e01-77f5-4d6d-a155-0db31551c87e 9b2cf813aa6b4a5788f901d57a815364 36c69b785ce149e982b574c915e2cc06 - - - -] Created volume successfully.
2026-10-08 19:45:10.335 87 INFO cinder.volume.flows.manager.create_volume [None req-37739d3c-946d-4e46-a21d-f8c5b9921c15 4c4b8d95fc51407b80459278e5f8640c f4742b4ce610495686dd7375df8d6bcf - - - -] Volume vol_a6c23233-de03-4784-bf9c-26dbc14742b6 (a6c23233-de03-4784-bf9c-26dbc14742b6): created successfully
2026-10-08 19:45:10.387 87 INFO cinder.volume.manager [None req-37739d3c-946d-4e46-a21d-f8c5b9921c15 4c4b8d95fc51407b80459278e5f8640c f4742b4ce610495686dd7375df8d6bcf - - - -] Created volume successfully.
2026-10-08 19:45:11.269 87 INFO cinder.volume.drivers.lightos [None req-5ee75041-e059-4c62-a4f5-73878e2d4e14 bcb49dbb5d09467d85f2a7b5547d80c5 9ff21d388de244d7ac57a96d483243bd - - default default] Invoking delete_volume using DELETE url: /api/v2/projects/default/volumes/fcdaac3a-3eee-4377-804c-8c2bfa114e6b?             request.body:  ssl_verify: False
2026-10-08 19:45:11.308 87 WARNING py.warnings [None req-5ee75041-e059-4c62-a4f5-73878e2d4e14 bcb49dbb5d09467d85f2a7b5547d80c5 9ff21d388de244d7ac57a96d483243bd - - default default] /var/lib/kolla/venv/lib/python3.12/site-packages/urllib3/connectionpool.py:1110: InsecureRequestWarning: Unverified HTTPS request is being made to host '[LB_IP_ADDRESS]'. Adding certificate verification is strongly advised. See: https://urllib3.readthedocs.io/en/latest/advanced-usage.html#tls-warnings
  warnings.warn(

2026-10-08 19:45:11.338 87 INFO cinder.volume.drivers.lightos [None req-5ee75041-e059-4c62-a4f5-73878e2d4e14 bcb49dbb5d09467d85f2a7b5547d80c5 9ff21d388de244d7ac57a96d483243bd - - default default] Invoking get_volume using GET url: /api/v2/projects/default/volumes/fcdaac3a-3eee-4377-804c-8c2bfa114e6b             request.body: {} ssl_verify: False
2026-10-08 19:45:11.384 87 WARNING py.warnings [None req-5ee75041-e059-4c62-a4f5-73878e2d4e14 bcb49dbb5d09467d85f2a7b5547d80c5 9ff21d388de244d7ac57a96d483243bd - - default default] /var/lib/kolla/venv/lib/python3.12/site-packages/urllib3/connectionpool.py:1110: InsecureRequestWarning: Unverified HTTPS request is being made to host '[LB_IP_ADDRESS]'. Adding certificate verification is strongly advised. See: https://urllib3.readthedocs.io/en/latest/advanced-usage.html#tls-warnings
  warnings.warn(

2026-10-08 19:45:11.524 87 INFO cinder.volume.manager [None req-5ee75041-e059-4c62-a4f5-73878e2d4e14 bcb49dbb5d09467d85f2a7b5547d80c5 9ff21d388de244d7ac57a96d483243bd - - default default] Deleted volume successfully.
2026-10-08 19:45:11.857 87 INFO cinder.volume.manager [None req-9f48f261-1516-41fe-95fc-85ec3c70e179 b6c3432127754b4fb1b63895801030b8 2d2d8c6ea39c4e4081acadd7de9b54f9 - - default default] Transfer volume completed successfully.
2026-10-08 19:45:12.813 87 INFO cinder.volume.drivers.lightos [None req-afd6ebe4-bca4-4dea-9cd1-f7b959f06b13 ab605d838a3249e8878e0afdbcf66b32 2be06033049241d48a10cf3038cf107c - - default default] Invoking delete_volume using DELETE url: /api/v2/projects/default/volumes/f96df987-b56b-450d-9628-99461f765d09?             request.body:  ssl_verify: False
2026-10-08 19:45:12.850 87 WARNING py.warnings [None req-afd6ebe4-bca4-4dea-9cd1-f7b959f06b13 ab605d838a3249e8878e0afdbcf66b32 2be06033049241d48a10cf3038cf107c - - default default] /var/lib/kolla/venv/lib/python3.12/site-packages/urllib3/connectionpool.py:1110: InsecureRequestWarning: Unverified HTTPS request is being made to host '[LB_IP_ADDRESS]'. Adding certificate verification is strongly advised. See: https://urllib3.readthedocs.io/en/latest/advanced-usage.html#tls-warnings
  warnings.warn(

2026-10-08 19:45:12.882 87 INFO cinder.volume.drivers.lightos [None req-afd6ebe4-bca4-4dea-9cd1-f7b959f06b13 ab605d838a3249e8878e0afdbcf66b32 2be06033049241d48a10cf3038cf107c - - default default] Invoking get_volume using GET url: /api/v2/projects/default/volumes/f96df987-b56b-450d-9628-99461f765d09             request.body: {} ssl_verify: False
2026-10-08 19:45:12.929 87 WARNING py.warnings [None req-afd6ebe4-bca4-4dea-9cd1-f7b959f06b13 ab605d838a3249e8878e0afdbcf66b32 2be06033049241d48a10cf3038cf107c - - default default] /var/lib/kolla/venv/lib/python3.12/site-packages/urllib3/connectionpool.py:1110: InsecureRequestWarning: Unverified HTTPS request is being made to host '[LB_IP_ADDRESS]'. Adding certificate verification is strongly advised. See: https://urllib3.readthedocs.io/en/latest/advanced-usage.html#tls-warnings
  warnings.warn(

2026-10-08 19:45:13.085 87 INFO cinder.volume.manager [None req-afd6ebe4-bca4-4dea-9cd1-f7b959f06b13 ab605d838a3249e8878e0afdbcf66b32 2be06033049241d48a10cf3038cf107c - - default default] Deleted volume successfully.
2026-10-08 19:45:13.502 87 INFO cinder.image.image_utils [None req-675b5127-f121-4e43-9e23-728520de7fd3 e26dfe3989f14fd484444226330a3866 a9e39a9e79a84aa7a0004cb73784d066 - - - -] Converted 44.00 MB image at 18.88 MB/s
2026-10-08 19:45:13.503 87 INFO os_brick.initiator.connectors.lightos [None req-675b5127-f121-4e43-9e23-728520de7fd3 e26dfe3989f14fd484444226330a3866 a9e39a9e79a84aa7a0004cb73784d066 - - - -] LIGHTOS: devpath /dev/nvme0n1 detected for uuid e70e7030-9163-4191-8351-969a1299af00
2026-10-08 19:45:13.518 87 INFO cinder.volume.drivers.lightos [None req-675b5127-f121-4e43-9e23-728520de7fd3 e26dfe3989f14fd484444226330a3866 a9e39a9e79a84aa7a0004cb73784d066 - - - -] Invoking get_volume_by_name using GET url: /api/v2/projects/default/volumes/?name=vol_9953f63a-a1e5-45ad-96c1-0791af18cca9             request.body: {} ssl_verify: False
2026-10-08 19:45:13.566 87 WARNING py.warnings [None req-675b5127-f121-4e43-9e23-728520de7fd3 e26dfe3989f14fd484444226330a3866 a9e39a9e79a84aa7a0004cb73784d066 - - - -] /var/lib/kolla/venv/lib/python3.12/site-packages/urllib3/connectionpool.py:1110: InsecureRequestWarning: Unverified HTTPS request is being made to host '[LB_IP_ADDRESS]'. Adding certificate verification is strongly advised. See: https://urllib3.readthedocs.io/en/latest/advanced-usage.html#tls-warnings
  warnings.warn(

2026-10-08 19:45:13.582 87 INFO cinder.volume.drivers.lightos [None req-675b5127-f121-4e43-9e23-728520de7fd3 e26dfe3989f14fd484444226330a3866 a9e39a9e79a84aa7a0004cb73784d066 - - - -] Invoking get_volume_by_name using GET url: /api/v2/projects/default/volumes/?name=vol_9953f63a-a1e5-45ad-96c1-0791af18cca9             request.body: {} ssl_verify: False
2026-10-08 19:45:13.632 87 WARNING py.warnings [None req-675b5127-f121-4e43-9e23-728520de7fd3 e26dfe3989f14fd484444226330a3866 a9e39a9e79a84aa7a0004cb73784d066 - - - -] /var/lib/kolla/venv/lib/python3.12/site-packages/urllib3/connectionpool.py:1110: InsecureRequestWarning: Unverified HTTPS request is being made to host '[LB_IP_ADDRESS]'. Adding certificate verification is strongly advised. See: https://urllib3.readthedocs.io/en/latest/advanced-usage.html#tls-warnings
  warnings.warn(

2026-10-08 19:45:13.648 87 INFO cinder.volume.drivers.lightos [None req-675b5127-f121-4e43-9e23-728520de7fd3 e26dfe3989f14fd484444226330a3866 a9e39a9e79a84aa7a0004cb73784d066 - - - -] Invoking update_volume using PUT url: /api/v2/projects/default/volumes/e70e7030-9163-4191-8351-969a1299af00             request.body: {'acl': {'values': ['ALLOW_NONE']}, 'IPAcl': {'values': ['ALLOW_NONE']}} ssl_verify: False
2026-10-08 19:45:13.693 87 WARNING py.warnings [None req-675b5127-f121-4e43-9e23-728520de7fd3 e26dfe3989f14fd484444226330a3866 a9e39a9e79a84aa7a0004cb73784d066 - - - -] /var/lib/kolla/venv/lib/python3.12/site-packages/urllib3/connectionpool.py:1110: InsecureRequestWarning: Unverified HTTPS request is being made to host '[LB_IP_ADDRESS]'. Adding certificate verification is strongly advised. See: https://urllib3.readthedocs.io/en/latest/advanced-usage.html#tls-warnings
  warnings.warn(

2026-10-08 19:45:13.729 87 INFO cinder.volume.drivers.lightos [None req-675b5127-f121-4e43-9e23-728520de7fd3 e26dfe3989f14fd484444226330a3866 a9e39a9e79a84aa7a0004cb73784d066 - - - -] Invoking get_volume_by_name using GET url: /api/v2/projects/default/volumes/?name=vol_9953f63a-a1e5-45ad-96c1-0791af18cca9             request.body: {} ssl_verify: False
2026-10-08 19:45:13.775 87 WARNING py.warnings [None req-675b5127-f121-4e43-9e23-728520de7fd3 e26dfe3989f14fd484444226330a3866 a9e39a9e79a84aa7a0004cb73784d066 - - - -] /var/lib/kolla/venv/lib/python3.12/site-packages/urllib3/connectionpool.py:1110: InsecureRequestWarning: Unverified HTTPS request is being made to host '[LB_IP_ADDRESS]'. Adding certificate verification is strongly advised. See: https://urllib3.readthedocs.io/en/latest/advanced-usage.html#tls-warnings
  warnings.warn(

2026-10-08 19:45:14.654 87 INFO cinder.volume.flows.manager.create_volume [None req-33460d21-8e3e-41dc-9713-8a15e4c0deeb 4c4b8d95fc51407b80459278e5f8640c f4742b4ce610495686dd7375df8d6bcf - - - -] Volume 76883478-b596-438f-961f-eb82426560ae: being created as raw with specification: {'status': 'creating', 'volume_name': 'vol_76883478-b596-438f-961f-eb82426560ae', 'volume_size': 1}
2026-10-08 19:45:14.655 87 INFO cinder.volume.drivers.lightos [None req-33460d21-8e3e-41dc-9713-8a15e4c0deeb 4c4b8d95fc51407b80459278e5f8640c f4742b4ce610495686dd7375df8d6bcf - - - -] Invoking get_volume_by_name using GET url: /api/v2/projects/default/volumes/?name=vol_76883478-b596-438f-961f-eb82426560ae             request.body: {} ssl_verify: False
2026-10-08 19:45:14.691 87 WARNING py.warnings [None req-33460d21-8e3e-41dc-9713-8a15e4c0deeb 4c4b8d95fc51407b80459278e5f8640c f4742b4ce610495686dd7375df8d6bcf - - - -] /var/lib/kolla/venv/lib/python3.12/site-packages/urllib3/connectionpool.py:1110: InsecureRequestWarning: Unverified HTTPS request is being made to host '[LB_IP_ADDRESS]'. Adding certificate verification is strongly advised. See: https://urllib3.readthedocs.io/en/latest/advanced-usage.html#tls-warnings
  warnings.warn(

2026-10-08 19:45:14.703 87 INFO cinder.volume.drivers.lightos [None req-33460d21-8e3e-41dc-9713-8a15e4c0deeb 4c4b8d95fc51407b80459278e5f8640c f4742b4ce610495686dd7375df8d6bcf - - - -] Invoking create_volume using POST url: /api/v2/projects/default/volumes             request.body: {'name': 'vol_76883478-b596-438f-961f-eb82426560ae', 'size': '1 gib', 'replicaCount': '3', 'compression': 'False', 'acl': {'values': ['ALLOW_NONE']}, 'IPAcl': {'values': ['ALLOW_NONE']}, 'sourceSnapshotUUID': None, 'sourceSnapshotName': None} ssl_verify: False
2026-10-08 19:45:14.748 87 WARNING py.warnings [None req-33460d21-8e3e-41dc-9713-8a15e4c0deeb 4c4b8d95fc51407b80459278e5f8640c f4742b4ce610495686dd7375df8d6bcf - - - -] /var/lib/kolla/venv/lib/python3.12/site-packages/urllib3/connectionpool.py:1110: InsecureRequestWarning: Unverified HTTPS request is being made to host '[LB_IP_ADDRESS]'. Adding certificate verification is strongly advised. See: https://urllib3.readthedocs.io/en/latest/advanced-usage.html#tls-warnings
  warnings.warn(

2026-10-08 19:45:14.786 87 INFO cinder.volume.drivers.lightos [None req-675b5127-f121-4e43-9e23-728520de7fd3 e26dfe3989f14fd484444226330a3866 a9e39a9e79a84aa7a0004cb73784d066 - - - -] Invoking get_volume_by_name using GET url: /api/v2/projects/default/volumes/?name=vol_9953f63a-a1e5-45ad-96c1-0791af18cca9             request.body: {} ssl_verify: False
2026-10-08 19:45:14.826 87 INFO cinder.volume.drivers.lightos [None req-33460d21-8e3e-41dc-9713-8a15e4c0deeb 4c4b8d95fc51407b80459278e5f8640c f4742b4ce610495686dd7375df8d6bcf - - - -] Invoking get_volume using GET url: /api/v2/projects/default/volumes/40893084-cffa-433d-bb06-9b21984af035             request.body: {} ssl_verify: False
2026-10-08 19:45:14.855 87 WARNING py.warnings [None req-675b5127-f121-4e43-9e23-728520de7fd3 e26dfe3989f14fd484444226330a3866 a9e39a9e79a84aa7a0004cb73784d066 - - - -] /var/lib/kolla/venv/lib/python3.12/site-packages/urllib3/connectionpool.py:1110: InsecureRequestWarning: Unverified HTTPS request is being made to host '[LB_IP_ADDRESS]'. Adding certificate verification is strongly advised. See: https://urllib3.readthedocs.io/en/latest/advanced-usage.html#tls-warnings
  warnings.warn(

2026-10-08 19:45:14.860 87 WARNING py.warnings [None req-33460d21-8e3e-41dc-9713-8a15e4c0deeb 4c4b8d95fc51407b80459278e5f8640c f4742b4ce610495686dd7375df8d6bcf - - - -] /var/lib/kolla/venv/lib/python3.12/site-packages/urllib3/connectionpool.py:1110: InsecureRequestWarning: Unverified HTTPS request is being made to host '[LB_IP_ADDRESS]'. Adding certificate verification is strongly advised. See: https://urllib3.readthedocs.io/en/latest/advanced-usage.html#tls-warnings
  warnings.warn(

2026-10-08 19:45:14.870 87 INFO cinder.volume.drivers.lightos [None req-675b5127-f121-4e43-9e23-728520de7fd3 e26dfe3989f14fd484444226330a3866 a9e39a9e79a84aa7a0004cb73784d066 - - - -] Invoking get_volume_by_name using GET url: /api/v2/projects/default/volumes/?name=vol_9953f63a-a1e5-45ad-96c1-0791af18cca9             request.body: {} ssl_verify: False
2026-10-08 19:45:14.911 87 WARNING py.warnings [None req-675b5127-f121-4e43-9e23-728520de7fd3 e26dfe3989f14fd484444226330a3866 a9e39a9e79a84aa7a0004cb73784d066 - - - -] /var/lib/kolla/venv/lib/python3.12/site-packages/urllib3/connectionpool.py:1110: InsecureRequestWarning: Unverified HTTPS request is being made to host '[LB_IP_ADDRESS]'. Adding certificate verification is strongly advised. See: https://urllib3.readthedocs.io/en/latest/advanced-usage.html#tls-warnings
  warnings.warn(

2026-10-08 19:45:15.002 87 INFO cinder.volume.flows.manager.create_volume [None req-675b5127-f121-4e43-9e23-728520de7fd3 e26dfe3989f14fd484444226330a3866 a9e39a9e79a84aa7a0004cb73784d066 - - - -] Volume vol_9953f63a-a1e5-45ad-96c1-0791af18cca9 (9953f63a-a1e5-45ad-96c1-0791af18cca9): created successfully
2026-10-08 19:45:15.009 87 INFO cinder.volume.manager [None req-675b5127-f121-4e43-9e23-728520de7fd3 e26dfe3989f14fd484444226330a3866 a9e39a9e79a84aa7a0004cb73784d066 - - - -] Created volume successfully.
2026-10-08 19:45:15.915 87 INFO cinder.volume.drivers.lightos [None req-33460d21-8e3e-41dc-9713-8a15e4c0deeb 4c4b8d95fc51407b80459278e5f8640c f4742b4ce610495686dd7375df8d6bcf - - - -] Invoking get_volume using GET url: /api/v2/projects/default/volumes/40893084-cffa-433d-bb06-9b21984af035             request.body: {} ssl_verify: False
2026-10-08 19:45:15.951 87 INFO cinder.volume.flows.manager.create_volume [None req-27705c93-012a-483a-977c-db1eab137075 e26dfe3989f14fd484444226330a3866 a9e39a9e79a84aa7a0004cb73784d066 - - - -] Volume 19f84dfd-33cd-4bca-abf4-2dcae1ee7c46: being created as source_vol with specification: {'status': 'creating', 'volume_name': 'vol_19f84dfd-33cd-4bca-abf4-2dcae1ee7c46', 'volume_size': 1, 'source_volid': '9953f63a-a1e5-45ad-96c1-0791af18cca9', 'source_volstatus': 'available'}
2026-10-08 19:45:15.953 87 WARNING py.warnings [None req-33460d21-8e3e-41dc-9713-8a15e4c0deeb 4c4b8d95fc51407b80459278e5f8640c f4742b4ce610495686dd7375df8d6bcf - - - -] /var/lib/kolla/venv/lib/python3.12/site-packages/urllib3/connectionpool.py:1110: InsecureRequestWarning: Unverified HTTPS request is being made to host '[LB_IP_ADDRESS]'. Adding certificate verification is strongly advised. See: https://urllib3.readthedocs.io/en/latest/advanced-usage.html#tls-warnings
  warnings.warn(

2026-10-08 19:45:15.960 87 INFO cinder.volume.drivers.lightos [None req-27705c93-012a-483a-977c-db1eab137075 e26dfe3989f14fd484444226330a3866 a9e39a9e79a84aa7a0004cb73784d066 - - - -] Invoking get_snapshot_by_name using GET url: /api/v2/projects/default/snapshots/?Name=for_clone_19f84dfd-33cd-4bca-abf4-2dcae1ee7c46             request.body: {} ssl_verify: False
2026-10-08 19:45:15.995 87 WARNING py.warnings [None req-27705c93-012a-483a-977c-db1eab137075 e26dfe3989f14fd484444226330a3866 a9e39a9e79a84aa7a0004cb73784d066 - - - -] /var/lib/kolla/venv/lib/python3.12/site-packages/urllib3/connectionpool.py:1110: InsecureRequestWarning: Unverified HTTPS request is being made to host '[LB_IP_ADDRESS]'. Adding certificate verification is strongly advised. See: https://urllib3.readthedocs.io/en/latest/advanced-usage.html#tls-warnings
  warnings.warn(

2026-10-08 19:45:16.004 87 INFO cinder.volume.drivers.lightos [None req-27705c93-012a-483a-977c-db1eab137075 e26dfe3989f14fd484444226330a3866 a9e39a9e79a84aa7a0004cb73784d066 - - - -] Invoking create_snapshot using POST url: /api/v2/projects/default/snapshots             request.body: {'name': 'for_clone_19f84dfd-33cd-4bca-abf4-2dcae1ee7c46', 'sourceVolumeUUID': None, 'sourceVolumeName': 'vol_9953f63a-a1e5-45ad-96c1-0791af18cca9'} ssl_verify: False
2026-10-08 19:45:16.034 87 INFO cinder.volume.flows.manager.create_volume [None req-33460d21-8e3e-41dc-9713-8a15e4c0deeb 4c4b8d95fc51407b80459278e5f8640c f4742b4ce610495686dd7375df8d6bcf - - - -] Volume vol_76883478-b596-438f-961f-eb82426560ae (76883478-b596-438f-961f-eb82426560ae): created successfully
2026-10-08 19:45:16.041 87 WARNING py.warnings [None req-27705c93-012a-483a-977c-db1eab137075 e26dfe3989f14fd484444226330a3866 a9e39a9e79a84aa7a0004cb73784d066 - - - -] /var/lib/kolla/venv/lib/python3.12/site-packages/urllib3/connectionpool.py:1110: InsecureRequestWarning: Unverified HTTPS request is being made to host '[LB_IP_ADDRESS]'. Adding certificate verification is strongly advised. See: https://urllib3.readthedocs.io/en/latest/advanced-usage.html#tls-warnings
  warnings.warn(

2026-10-08 19:45:16.046 87 INFO cinder.volume.manager [None req-33460d21-8e3e-41dc-9713-8a15e4c0deeb 4c4b8d95fc51407b80459278e5f8640c f4742b4ce610495686dd7375df8d6bcf - - - -] Created volume successfully.
2026-10-08 19:45:16.105 87 INFO cinder.volume.drivers.lightos [None req-27705c93-012a-483a-977c-db1eab137075 e26dfe3989f14fd484444226330a3866 a9e39a9e79a84aa7a0004cb73784d066 - - - -] Invoking get_snapshot_by_name using GET url: /api/v2/projects/default/snapshots/?Name=for_clone_19f84dfd-33cd-4bca-abf4-2dcae1ee7c46             request.body: {} ssl_verify: False
2026-10-08 19:45:16.148 87 WARNING py.warnings [None req-27705c93-012a-483a-977c-db1eab137075 e26dfe3989f14fd484444226330a3866 a9e39a9e79a84aa7a0004cb73784d066 - - - -] /var/lib/kolla/venv/lib/python3.12/site-packages/urllib3/connectionpool.py:1110: InsecureRequestWarning: Unverified HTTPS request is being made to host '[LB_IP_ADDRESS]'. Adding certificate verification is strongly advised. See: https://urllib3.readthedocs.io/en/latest/advanced-usage.html#tls-warnings
  warnings.warn(

2026-10-08 19:45:16.418 87 INFO cinder.volume.flows.manager.create_volume [None req-64668e18-34de-4657-a5d6-c58518f06fcb 6ca033a8c5dc46a6a9fbe9e3e7636f15 ba62d3b784ae49219be84272e2fa731a - - - -] Volume e2901ec7-5b30-4694-a9f3-2dc27ebf2707: being created as raw with specification: {'status': 'creating', 'volume_name': 'vol_e2901ec7-5b30-4694-a9f3-2dc27ebf2707', 'volume_size': 1}
2026-10-08 19:45:16.418 87 INFO cinder.volume.drivers.lightos [None req-64668e18-34de-4657-a5d6-c58518f06fcb 6ca033a8c5dc46a6a9fbe9e3e7636f15 ba62d3b784ae49219be84272e2fa731a - - - -] Invoking get_volume_by_name using GET url: /api/v2/projects/default/volumes/?name=vol_e2901ec7-5b30-4694-a9f3-2dc27ebf2707             request.body: {} ssl_verify: False
2026-10-08 19:45:16.454 87 WARNING py.warnings [None req-64668e18-34de-4657-a5d6-c58518f06fcb 6ca033a8c5dc46a6a9fbe9e3e7636f15 ba62d3b784ae49219be84272e2fa731a - - - -] /var/lib/kolla/venv/lib/python3.12/site-packages/urllib3/connectionpool.py:1110: InsecureRequestWarning: Unverified HTTPS request is being made to host '[LB_IP_ADDRESS]'. Adding certificate verification is strongly advised. See: https://urllib3.readthedocs.io/en/latest/advanced-usage.html#tls-warnings
  warnings.warn(

2026-10-08 19:45:16.463 87 INFO cinder.volume.drivers.lightos [None req-64668e18-34de-4657-a5d6-c58518f06fcb 6ca033a8c5dc46a6a9fbe9e3e7636f15 ba62d3b784ae49219be84272e2fa731a - - - -] Invoking create_volume using POST url: /api/v2/projects/default/volumes             request.body: {'name': 'vol_e2901ec7-5b30-4694-a9f3-2dc27ebf2707', 'size': '1 gib', 'replicaCount': '3', 'compression': 'False', 'acl': {'values': ['ALLOW_NONE']}, 'IPAcl': {'values': ['ALLOW_NONE']}, 'sourceSnapshotUUID': None, 'sourceSnapshotName': None} ssl_verify: False
2026-10-08 19:45:16.515 87 WARNING py.warnings [None req-64668e18-34de-4657-a5d6-c58518f06fcb 6ca033a8c5dc46a6a9fbe9e3e7636f15 ba62d3b784ae49219be84272e2fa731a - - - -] /var/lib/kolla/venv/lib/python3.12/site-packages/urllib3/connectionpool.py:1110: InsecureRequestWarning: Unverified HTTPS request is being made to host '[LB_IP_ADDRESS]'. Adding certificate verification is strongly advised. See: https://urllib3.readthedocs.io/en/latest/advanced-usage.html#tls-warnings
  warnings.warn(

2026-10-08 19:45:16.544 87 INFO cinder.volume.drivers.lightos [None req-64668e18-34de-4657-a5d6-c58518f06fcb 6ca033a8c5dc46a6a9fbe9e3e7636f15 ba62d3b784ae49219be84272e2fa731a - - - -] Invoking get_volume using GET url: /api/v2/projects/default/volumes/c4e402f0-0ca4-451b-bf1c-0efbc70dd03a             request.body: {} ssl_verify: False
2026-10-08 19:45:16.585 87 WARNING py.warnings [None req-64668e18-34de-4657-a5d6-c58518f06fcb 6ca033a8c5dc46a6a9fbe9e3e7636f15 ba62d3b784ae49219be84272e2fa731a - - - -] /var/lib/kolla/venv/lib/python3.12/site-packages/urllib3/connectionpool.py:1110: InsecureRequestWarning: Unverified HTTPS request is being made to host '[LB_IP_ADDRESS]'. Adding certificate verification is strongly advised. See: https://urllib3.readthedocs.io/en/latest/advanced-usage.html#tls-warnings
  warnings.warn(

2026-10-08 19:45:16.633 87 INFO cinder.volume.flows.manager.create_volume [None req-64668e18-34de-4657-a5d6-c58518f06fcb 6ca033a8c5dc46a6a9fbe9e3e7636f15 ba62d3b784ae49219be84272e2fa731a - - - -] Volume vol_e2901ec7-5b30-4694-a9f3-2dc27ebf2707 (e2901ec7-5b30-4694-a9f3-2dc27ebf2707): created successfully
2026-10-08 19:45:16.641 87 INFO cinder.volume.manager [None req-64668e18-34de-4657-a5d6-c58518f06fcb 6ca033a8c5dc46a6a9fbe9e3e7636f15 ba62d3b784ae49219be84272e2fa731a - - - -] Created volume successfully.
2026-10-08 19:45:17.077 87 INFO cinder.volume.drivers.lightos [None req-dfdf8e5c-98c1-4f53-869e-c016cd48e8b0 ab605d838a3249e8878e0afdbcf66b32 2be06033049241d48a10cf3038cf107c - - default default] Invoking delete_volume using DELETE url: /api/v2/projects/default/volumes/40893084-cffa-433d-bb06-9b21984af035?             request.body:  ssl_verify: False
2026-10-08 19:45:17.110 87 WARNING py.warnings [None req-dfdf8e5c-98c1-4f53-869e-c016cd48e8b0 ab605d838a3249e8878e0afdbcf66b32 2be06033049241d48a10cf3038cf107c - - default default] /var/lib/kolla/venv/lib/python3.12/site-packages/urllib3/connectionpool.py:1110: InsecureRequestWarning: Unverified HTTPS request is being made to host '[LB_IP_ADDRESS]'. Adding certificate verification is strongly advised. See: https://urllib3.readthedocs.io/en/latest/advanced-usage.html#tls-warnings
  warnings.warn(

2026-10-08 19:45:17.133 87 INFO cinder.volume.drivers.lightos [None req-dfdf8e5c-98c1-4f53-869e-c016cd48e8b0 ab605d838a3249e8878e0afdbcf66b32 2be06033049241d48a10cf3038cf107c - - default default] Invoking get_volume using GET url: /api/v2/projects/default/volumes/40893084-cffa-433d-bb06-9b21984af035             request.body: {} ssl_verify: False
2026-10-08 19:45:17.180 87 WARNING py.warnings [None req-dfdf8e5c-98c1-4f53-869e-c016cd48e8b0 ab605d838a3249e8878e0afdbcf66b32 2be06033049241d48a10cf3038cf107c - - default default] /var/lib/kolla/venv/lib/python3.12/site-packages/urllib3/connectionpool.py:1110: InsecureRequestWarning: Unverified HTTPS request is being made to host '[LB_IP_ADDRESS]'. Adding certificate verification is strongly advised. See: https://urllib3.readthedocs.io/en/latest/advanced-usage.html#tls-warnings
  warnings.warn(

2026-10-08 19:45:17.224 87 INFO cinder.volume.drivers.lightos [None req-27705c93-012a-483a-977c-db1eab137075 e26dfe3989f14fd484444226330a3866 a9e39a9e79a84aa7a0004cb73784d066 - - - -] Invoking get_snapshot_by_name using GET url: /api/v2/projects/default/snapshots/?Name=for_clone_19f84dfd-33cd-4bca-abf4-2dcae1ee7c46             request.body: {} ssl_verify: False
2026-10-08 19:45:17.259 87 WARNING py.warnings [None req-27705c93-012a-483a-977c-db1eab137075 e26dfe3989f14fd484444226330a3866 a9e39a9e79a84aa7a0004cb73784d066 - - - -] /var/lib/kolla/venv/lib/python3.12/site-packages/urllib3/connectionpool.py:1110: InsecureRequestWarning: Unverified HTTPS request is being made to host '[LB_IP_ADDRESS]'. Adding certificate verification is strongly advised. See: https://urllib3.readthedocs.io/en/latest/advanced-usage.html#tls-warnings
  warnings.warn(

2026-10-08 19:45:17.268 87 INFO cinder.volume.drivers.lightos [None req-27705c93-012a-483a-977c-db1eab137075 e26dfe3989f14fd484444226330a3866 a9e39a9e79a84aa7a0004cb73784d066 - - - -] Invoking get_volume_by_name using GET url: /api/v2/projects/default/volumes/?name=vol_19f84dfd-33cd-4bca-abf4-2dcae1ee7c46             request.body: {} ssl_verify: False
2026-10-08 19:45:17.305 87 WARNING py.warnings [None req-27705c93-012a-483a-977c-db1eab137075 e26dfe3989f14fd484444226330a3866 a9e39a9e79a84aa7a0004cb73784d066 - - - -] /var/lib/kolla/venv/lib/python3.12/site-packages/urllib3/connectionpool.py:1110: InsecureRequestWarning: Unverified HTTPS request is being made to host '[LB_IP_ADDRESS]'. Adding certificate verification is strongly advised. See: https://urllib3.readthedocs.io/en/latest/advanced-usage.html#tls-warnings
  warnings.warn(

2026-10-08 19:45:17.312 87 INFO cinder.volume.drivers.lightos [None req-27705c93-012a-483a-977c-db1eab137075 e26dfe3989f14fd484444226330a3866 a9e39a9e79a84aa7a0004cb73784d066 - - - -] Invoking create_volume using POST url: /api/v2/projects/default/volumes             request.body: {'name': 'vol_19f84dfd-33cd-4bca-abf4-2dcae1ee7c46', 'size': '1 gib', 'replicaCount': '3', 'compression': 'False', 'acl': {'values': ['ALLOW_NONE']}, 'IPAcl': {'values': ['ALLOW_NONE']}, 'sourceSnapshotUUID': None, 'sourceSnapshotName': 'for_clone_19f84dfd-33cd-4bca-abf4-2dcae1ee7c46'} ssl_verify: False
2026-10-08 19:45:17.368 87 WARNING py.warnings [None req-27705c93-012a-483a-977c-db1eab137075 e26dfe3989f14fd484444226330a3866 a9e39a9e79a84aa7a0004cb73784d066 - - - -] /var/lib/kolla/venv/lib/python3.12/site-packages/urllib3/connectionpool.py:1110: InsecureRequestWarning: Unverified HTTPS request is being made to host '[LB_IP_ADDRESS]'. Adding certificate verification is strongly advised. See: https://urllib3.readthedocs.io/en/latest/advanced-usage.html#tls-warnings
  warnings.warn(

2026-10-08 19:45:17.418 87 INFO cinder.volume.drivers.lightos [None req-27705c93-012a-483a-977c-db1eab137075 e26dfe3989f14fd484444226330a3866 a9e39a9e79a84aa7a0004cb73784d066 - - - -] Invoking get_volume using GET url: /api/v2/projects/default/volumes/103b79ad-21e8-4574-9c40-18aa3db3f1ad             request.body: {} ssl_verify: False
2026-10-08 19:45:17.447 87 INFO cinder.volume.manager [None req-dfdf8e5c-98c1-4f53-869e-c016cd48e8b0 ab605d838a3249e8878e0afdbcf66b32 2be06033049241d48a10cf3038cf107c - - default default] Deleted volume successfully.
2026-10-08 19:45:17.458 87 WARNING py.warnings [None req-27705c93-012a-483a-977c-db1eab137075 e26dfe3989f14fd484444226330a3866 a9e39a9e79a84aa7a0004cb73784d066 - - - -] /var/lib/kolla/venv/lib/python3.12/site-packages/urllib3/connectionpool.py:1110: InsecureRequestWarning: Unverified HTTPS request is being made to host '[LB_IP_ADDRESS]'. Adding certificate verification is strongly advised. See: https://urllib3.readthedocs.io/en/latest/advanced-usage.html#tls-warnings
  warnings.warn(

2026-10-08 19:45:18.499 87 INFO cinder.volume.drivers.lightos [None req-27705c93-012a-483a-977c-db1eab137075 e26dfe3989f14fd484444226330a3866 a9e39a9e79a84aa7a0004cb73784d066 - - - -] Invoking get_volume using GET url: /api/v2/projects/default/volumes/103b79ad-21e8-4574-9c40-18aa3db3f1ad             request.body: {} ssl_verify: False
2026-10-08 19:45:18.540 87 INFO cinder.volume.flows.manager.create_volume [None req-a78e647b-81a3-4270-94e6-a29dfcbce6f1 6ca033a8c5dc46a6a9fbe9e3e7636f15 ba62d3b784ae49219be84272e2fa731a - - - -] Volume 4d3baf3b-fb72-4e1d-bd2b-d35ad948f1dd: being created as raw with specification: {'status': 'creating', 'volume_name': 'vol_4d3baf3b-fb72-4e1d-bd2b-d35ad948f1dd', 'volume_size': 1}
2026-10-08 19:45:18.541 87 INFO cinder.volume.drivers.lightos [None req-a78e647b-81a3-4270-94e6-a29dfcbce6f1 6ca033a8c5dc46a6a9fbe9e3e7636f15 ba62d3b784ae49219be84272e2fa731a - - - -] Invoking get_volume_by_name using GET url: /api/v2/projects/default/volumes/?name=vol_4d3baf3b-fb72-4e1d-bd2b-d35ad948f1dd             request.body: {} ssl_verify: False
2026-10-08 19:45:18.543 87 WARNING py.warnings [None req-27705c93-012a-483a-977c-db1eab137075 e26dfe3989f14fd484444226330a3866 a9e39a9e79a84aa7a0004cb73784d066 - - - -] /var/lib/kolla/venv/lib/python3.12/site-packages/urllib3/connectionpool.py:1110: InsecureRequestWarning: Unverified HTTPS request is being made to host '[LB_IP_ADDRESS]'. Adding certificate verification is strongly advised. See: https://urllib3.readthedocs.io/en/latest/advanced-usage.html#tls-warnings
  warnings.warn(

2026-10-08 19:45:18.572 87 INFO cinder.volume.drivers.lightos [None req-27705c93-012a-483a-977c-db1eab137075 e26dfe3989f14fd484444226330a3866 a9e39a9e79a84aa7a0004cb73784d066 - - - -] Invoking get_snapshot_by_name using GET url: /api/v2/projects/default/snapshots/?Name=for_clone_19f84dfd-33cd-4bca-abf4-2dcae1ee7c46             request.body: {} ssl_verify: False
2026-10-08 19:45:18.600 87 WARNING py.warnings [None req-a78e647b-81a3-4270-94e6-a29dfcbce6f1 6ca033a8c5dc46a6a9fbe9e3e7636f15 ba62d3b784ae49219be84272e2fa731a - - - -] /var/lib/kolla/venv/lib/python3.12/site-packages/urllib3/connectionpool.py:1110: InsecureRequestWarning: Unverified HTTPS request is being made to host '[LB_IP_ADDRESS]'. Adding certificate verification is strongly advised. See: https://urllib3.readthedocs.io/en/latest/advanced-usage.html#tls-warnings
  warnings.warn(

2026-10-08 19:45:18.608 87 WARNING py.warnings [None req-27705c93-012a-483a-977c-db1eab137075 e26dfe3989f14fd484444226330a3866 a9e39a9e79a84aa7a0004cb73784d066 - - - -] /var/lib/kolla/venv/lib/python3.12/site-packages/urllib3/connectionpool.py:1110: InsecureRequestWarning: Unverified HTTPS request is being made to host '[LB_IP_ADDRESS]'. Adding certificate verification is strongly advised. See: https://urllib3.readthedocs.io/en/latest/advanced-usage.html#tls-warnings
  warnings.warn(

2026-10-08 19:45:18.615 87 INFO cinder.volume.drivers.lightos [None req-a78e647b-81a3-4270-94e6-a29dfcbce6f1 6ca033a8c5dc46a6a9fbe9e3e7636f15 ba62d3b784ae49219be84272e2fa731a - - - -] Invoking create_volume using POST url: /api/v2/projects/default/volumes             request.body: {'name': 'vol_4d3baf3b-fb72-4e1d-bd2b-d35ad948f1dd', 'size': '1 gib', 'replicaCount': '3', 'compression': 'False', 'acl': {'values': ['ALLOW_NONE']}, 'IPAcl': {'values': ['ALLOW_NONE']}, 'sourceSnapshotUUID': None, 'sourceSnapshotName': None} ssl_verify: False
2026-10-08 19:45:18.653 87 INFO cinder.volume.drivers.lightos [None req-27705c93-012a-483a-977c-db1eab137075 e26dfe3989f14fd484444226330a3866 a9e39a9e79a84aa7a0004cb73784d066 - - - -] Invoking delete_snapshot using DELETE url: /api/v2/projects/default/snapshots/83787e24-ae8c-4c39-84aa-54b80c0622e8?             request.body:  ssl_verify: False
2026-10-08 19:45:18.681 87 WARNING py.warnings [None req-a78e647b-81a3-4270-94e6-a29dfcbce6f1 6ca033a8c5dc46a6a9fbe9e3e7636f15 ba62d3b784ae49219be84272e2fa731a - - - -] /var/lib/kolla/venv/lib/python3.12/site-packages/urllib3/connectionpool.py:1110: InsecureRequestWarning: Unverified HTTPS request is being made to host '[LB_IP_ADDRESS]'. Adding certificate verification is strongly advised. See: https://urllib3.readthedocs.io/en/latest/advanced-usage.html#tls-warnings
  warnings.warn(

2026-10-08 19:45:18.688 87 WARNING py.warnings [None req-27705c93-012a-483a-977c-db1eab137075 e26dfe3989f14fd484444226330a3866 a9e39a9e79a84aa7a0004cb73784d066 - - - -] /var/lib/kolla/venv/lib/python3.12/site-packages/urllib3/connectionpool.py:1110: InsecureRequestWarning: Unverified HTTPS request is being made to host '[LB_IP_ADDRESS]'. Adding certificate verification is strongly advised. See: https://urllib3.readthedocs.io/en/latest/advanced-usage.html#tls-warnings
  warnings.warn(

2026-10-08 19:45:18.721 87 INFO cinder.volume.drivers.lightos [None req-a78e647b-81a3-4270-94e6-a29dfcbce6f1 6ca033a8c5dc46a6a9fbe9e3e7636f15 ba62d3b784ae49219be84272e2fa731a - - - -] Invoking get_volume using GET url: /api/v2/projects/default/volumes/64b30b62-c799-4e22-a8c5-61e303a5095a             request.body: {} ssl_verify: False
2026-10-08 19:45:18.759 87 INFO cinder.volume.drivers.lightos [None req-27705c93-012a-483a-977c-db1eab137075 e26dfe3989f14fd484444226330a3866 a9e39a9e79a84aa7a0004cb73784d066 - - - -] Invoking get_snapshot using GET url: /api/v2/projects/default/snapshots/83787e24-ae8c-4c39-84aa-54b80c0622e8             request.body: {} ssl_verify: False
2026-10-08 19:45:18.801 87 WARNING py.warnings [None req-27705c93-012a-483a-977c-db1eab137075 e26dfe3989f14fd484444226330a3866 a9e39a9e79a84aa7a0004cb73784d066 - - - -] /var/lib/kolla/venv/lib/python3.12/site-packages/urllib3/connectionpool.py:1110: InsecureRequestWarning: Unverified HTTPS request is being made to host '[LB_IP_ADDRESS]'. Adding certificate verification is strongly advised. See: https://urllib3.readthedocs.io/en/latest/advanced-usage.html#tls-warnings
  warnings.warn(

2026-10-08 19:45:18.811 87 WARNING py.warnings [None req-a78e647b-81a3-4270-94e6-a29dfcbce6f1 6ca033a8c5dc46a6a9fbe9e3e7636f15 ba62d3b784ae49219be84272e2fa731a - - - -] /var/lib/kolla/venv/lib/python3.12/site-packages/urllib3/connectionpool.py:1110: InsecureRequestWarning: Unverified HTTPS request is being made to host '[LB_IP_ADDRESS]'. Adding certificate verification is strongly advised. See: https://urllib3.readthedocs.io/en/latest/advanced-usage.html#tls-warnings
  warnings.warn(

2026-10-08 19:45:18.878 87 INFO cinder.volume.flows.manager.create_volume [None req-a78e647b-81a3-4270-94e6-a29dfcbce6f1 6ca033a8c5dc46a6a9fbe9e3e7636f15 ba62d3b784ae49219be84272e2fa731a - - - -] Volume vol_4d3baf3b-fb72-4e1d-bd2b-d35ad948f1dd (4d3baf3b-fb72-4e1d-bd2b-d35ad948f1dd): created successfully
2026-10-08 19:45:18.886 87 INFO cinder.volume.manager [None req-a78e647b-81a3-4270-94e6-a29dfcbce6f1 6ca033a8c5dc46a6a9fbe9e3e7636f15 ba62d3b784ae49219be84272e2fa731a - - - -] Created volume successfully.
2026-10-08 19:45:18.904 87 INFO cinder.volume.flows.manager.create_volume [None req-27705c93-012a-483a-977c-db1eab137075 e26dfe3989f14fd484444226330a3866 a9e39a9e79a84aa7a0004cb73784d066 - - - -] Volume vol_19f84dfd-33cd-4bca-abf4-2dcae1ee7c46 (19f84dfd-33cd-4bca-abf4-2dcae1ee7c46): created successfully
2026-10-08 19:45:18.912 87 INFO cinder.volume.manager [None req-27705c93-012a-483a-977c-db1eab137075 e26dfe3989f14fd484444226330a3866 a9e39a9e79a84aa7a0004cb73784d066 - - - -] Created volume successfully.
2026-10-08 19:45:19.227 87 INFO cinder.volume.drivers.lightos [None req-9ed0bc9b-2377-4bf7-ad2d-fb1013fbd812 e26dfe3989f14fd484444226330a3866 a9e39a9e79a84aa7a0004cb73784d066 - - default default] Invoking delete_volume using DELETE url: /api/v2/projects/default/volumes/103b79ad-21e8-4574-9c40-18aa3db3f1ad?             request.body:  ssl_verify: False
2026-10-08 19:45:19.265 87 WARNING py.warnings [None req-9ed0bc9b-2377-4bf7-ad2d-fb1013fbd812 e26dfe3989f14fd484444226330a3866 a9e39a9e79a84aa7a0004cb73784d066 - - default default] /var/lib/kolla/venv/lib/python3.12/site-packages/urllib3/connectionpool.py:1110: InsecureRequestWarning: Unverified HTTPS request is being made to host '[LB_IP_ADDRESS]'. Adding certificate verification is strongly advised. See: https://urllib3.readthedocs.io/en/latest/advanced-usage.html#tls-warnings
  warnings.warn(

2026-10-08 19:45:19.295 87 INFO cinder.volume.drivers.lightos [None req-9ed0bc9b-2377-4bf7-ad2d-fb1013fbd812 e26dfe3989f14fd484444226330a3866 a9e39a9e79a84aa7a0004cb73784d066 - - default default] Invoking get_volume using GET url: /api/v2/projects/default/volumes/103b79ad-21e8-4574-9c40-18aa3db3f1ad             request.body: {} ssl_verify: False
2026-10-08 19:45:19.352 87 WARNING py.warnings [None req-9ed0bc9b-2377-4bf7-ad2d-fb1013fbd812 e26dfe3989f14fd484444226330a3866 a9e39a9e79a84aa7a0004cb73784d066 - - default default] /var/lib/kolla/venv/lib/python3.12/site-packages/urllib3/connectionpool.py:1110: InsecureRequestWarning: Unverified HTTPS request is being made to host '[LB_IP_ADDRESS]'. Adding certificate verification is strongly advised. See: https://urllib3.readthedocs.io/en/latest/advanced-usage.html#tls-warnings
  warnings.warn(

2026-10-08 19:45:19.516 87 INFO cinder.volume.manager [None req-9ed0bc9b-2377-4bf7-ad2d-fb1013fbd812 e26dfe3989f14fd484444226330a3866 a9e39a9e79a84aa7a0004cb73784d066 - - default default] Deleted volume successfully.
2026-10-08 19:45:19.654 87 INFO cinder.volume.drivers.lightos [None req-016a6a36-5f7b-483a-96c9-3c1917aeb447 6ca033a8c5dc46a6a9fbe9e3e7636f15 ba62d3b784ae49219be84272e2fa731a - - default default] Invoking delete_volume using DELETE url: /api/v2/projects/default/volumes/64b30b62-c799-4e22-a8c5-61e303a5095a?             request.body:  ssl_verify: False
2026-10-08 19:45:19.693 87 WARNING py.warnings [None req-016a6a36-5f7b-483a-96c9-3c1917aeb447 6ca033a8c5dc46a6a9fbe9e3e7636f15 ba62d3b784ae49219be84272e2fa731a - - default default] /var/lib/kolla/venv/lib/python3.12/site-packages/urllib3/connectionpool.py:1110: InsecureRequestWarning: Unverified HTTPS request is being made to host '[LB_IP_ADDRESS]'. Adding certificate verification is strongly advised. See: https://urllib3.readthedocs.io/en/latest/advanced-usage.html#tls-warnings
  warnings.warn(

2026-10-08 19:45:19.728 87 INFO cinder.volume.drivers.lightos [None req-016a6a36-5f7b-483a-96c9-3c1917aeb447 6ca033a8c5dc46a6a9fbe9e3e7636f15 ba62d3b784ae49219be84272e2fa731a - - default default] Invoking get_volume using GET url: /api/v2/projects/default/volumes/64b30b62-c799-4e22-a8c5-61e303a5095a             request.body: {} ssl_verify: False
2026-10-08 19:45:19.786 87 WARNING py.warnings [None req-016a6a36-5f7b-483a-96c9-3c1917aeb447 6ca033a8c5dc46a6a9fbe9e3e7636f15 ba62d3b784ae49219be84272e2fa731a - - default default] /var/lib/kolla/venv/lib/python3.12/site-packages/urllib3/connectionpool.py:1110: InsecureRequestWarning: Unverified HTTPS request is being made to host '[LB_IP_ADDRESS]'. Adding certificate verification is strongly advised. See: https://urllib3.readthedocs.io/en/latest/advanced-usage.html#tls-warnings
  warnings.warn(

2026-10-08 19:45:19.926 87 INFO cinder.volume.manager [None req-016a6a36-5f7b-483a-96c9-3c1917aeb447 6ca033a8c5dc46a6a9fbe9e3e7636f15 ba62d3b784ae49219be84272e2fa731a - - default default] Deleted volume successfully.
2026-10-08 19:45:20.410 87 INFO cinder.volume.drivers.lightos [None req-66ce531b-94b7-46af-8253-7e08ba2ceaf7 e26dfe3989f14fd484444226330a3866 a9e39a9e79a84aa7a0004cb73784d066 - - default default] Invoking delete_volume using DELETE url: /api/v2/projects/default/volumes/e70e7030-9163-4191-8351-969a1299af00?             request.body:  ssl_verify: False
2026-10-08 19:45:20.449 87 WARNING py.warnings [None req-66ce531b-94b7-46af-8253-7e08ba2ceaf7 e26dfe3989f14fd484444226330a3866 a9e39a9e79a84aa7a0004cb73784d066 - - default default] /var/lib/kolla/venv/lib/python3.12/site-packages/urllib3/connectionpool.py:1110: InsecureRequestWarning: Unverified HTTPS request is being made to host '[LB_IP_ADDRESS]'. Adding certificate verification is strongly advised. See: https://urllib3.readthedocs.io/en/latest/advanced-usage.html#tls-warnings
  warnings.warn(

2026-10-08 19:45:20.518 87 INFO cinder.volume.drivers.lightos [None req-66ce531b-94b7-46af-8253-7e08ba2ceaf7 e26dfe3989f14fd484444226330a3866 a9e39a9e79a84aa7a0004cb73784d066 - - default default] Invoking get_volume using GET url: /api/v2/projects/default/volumes/e70e7030-9163-4191-8351-969a1299af00             request.body: {} ssl_verify: False
2026-10-08 19:45:20.573 87 WARNING py.warnings [None req-66ce531b-94b7-46af-8253-7e08ba2ceaf7 e26dfe3989f14fd484444226330a3866 a9e39a9e79a84aa7a0004cb73784d066 - - default default] /var/lib/kolla/venv/lib/python3.12/site-packages/urllib3/connectionpool.py:1110: InsecureRequestWarning: Unverified HTTPS request is being made to host '[LB_IP_ADDRESS]'. Adding certificate verification is strongly advised. See: https://urllib3.readthedocs.io/en/latest/advanced-usage.html#tls-warnings
  warnings.warn(

2026-10-08 19:45:20.710 87 INFO cinder.volume.manager [None req-66ce531b-94b7-46af-8253-7e08ba2ceaf7 e26dfe3989f14fd484444226330a3866 a9e39a9e79a84aa7a0004cb73784d066 - - default default] Deleted volume successfully.
2026-10-08 19:45:20.794 87 INFO cinder.volume.drivers.lightos [None req-76e7b2bb-df65-4f55-ba61-9ceab5bb976f 6ca033a8c5dc46a6a9fbe9e3e7636f15 ba62d3b784ae49219be84272e2fa731a - - default default] Invoking delete_volume using DELETE url: /api/v2/projects/default/volumes/c4e402f0-0ca4-451b-bf1c-0efbc70dd03a?             request.body:  ssl_verify: False
2026-10-08 19:45:20.832 87 WARNING py.warnings [None req-76e7b2bb-df65-4f55-ba61-9ceab5bb976f 6ca033a8c5dc46a6a9fbe9e3e7636f15 ba62d3b784ae49219be84272e2fa731a - - default default] /var/lib/kolla/venv/lib/python3.12/site-packages/urllib3/connectionpool.py:1110: InsecureRequestWarning: Unverified HTTPS request is being made to host '[LB_IP_ADDRESS]'. Adding certificate verification is strongly advised. See: https://urllib3.readthedocs.io/en/latest/advanced-usage.html#tls-warnings
  warnings.warn(

2026-10-08 19:45:20.902 87 INFO cinder.volume.drivers.lightos [None req-76e7b2bb-df65-4f55-ba61-9ceab5bb976f 6ca033a8c5dc46a6a9fbe9e3e7636f15 ba62d3b784ae49219be84272e2fa731a - - default default] Invoking get_volume using GET url: /api/v2/projects/default/volumes/c4e402f0-0ca4-451b-bf1c-0efbc70dd03a             request.body: {} ssl_verify: False
2026-10-08 19:45:20.949 87 WARNING py.warnings [None req-76e7b2bb-df65-4f55-ba61-9ceab5bb976f 6ca033a8c5dc46a6a9fbe9e3e7636f15 ba62d3b784ae49219be84272e2fa731a - - default default] /var/lib/kolla/venv/lib/python3.12/site-packages/urllib3/connectionpool.py:1110: InsecureRequestWarning: Unverified HTTPS request is being made to host '[LB_IP_ADDRESS]'. Adding certificate verification is strongly advised. See: https://urllib3.readthedocs.io/en/latest/advanced-usage.html#tls-warnings
  warnings.warn(

2026-10-08 19:45:21.091 87 INFO cinder.volume.manager [None req-76e7b2bb-df65-4f55-ba61-9ceab5bb976f 6ca033a8c5dc46a6a9fbe9e3e7636f15 ba62d3b784ae49219be84272e2fa731a - - default default] Deleted volume successfully.
2026-10-08 19:45:22.001 87 INFO cinder.volume.flows.manager.create_volume [None req-85c10273-b5b8-486b-8071-c2b6adb78436 c7815bcdf4194eddbbadf8207b823759 c2eb0d0586764beabf70d1101dce3943 - - - -] Volume 81402397-4799-4b42-945f-f9e4b770d6c6: being created as raw with specification: {'status': 'creating', 'volume_name': 'vol_81402397-4799-4b42-945f-f9e4b770d6c6', 'volume_size': 2}
2026-10-08 19:45:22.001 87 INFO cinder.volume.drivers.lightos [None req-85c10273-b5b8-486b-8071-c2b6adb78436 c7815bcdf4194eddbbadf8207b823759 c2eb0d0586764beabf70d1101dce3943 - - - -] Invoking get_volume_by_name using GET url: /api/v2/projects/default/volumes/?name=vol_81402397-4799-4b42-945f-f9e4b770d6c6             request.body: {} ssl_verify: False
2026-10-08 19:45:22.046 87 WARNING py.warnings [None req-85c10273-b5b8-486b-8071-c2b6adb78436 c7815bcdf4194eddbbadf8207b823759 c2eb0d0586764beabf70d1101dce3943 - - - -] /var/lib/kolla/venv/lib/python3.12/site-packages/urllib3/connectionpool.py:1110: InsecureRequestWarning: Unverified HTTPS request is being made to host '[LB_IP_ADDRESS]'. Adding certificate verification is strongly advised. See: https://urllib3.readthedocs.io/en/latest/advanced-usage.html#tls-warnings
  warnings.warn(

2026-10-08 19:45:22.062 87 INFO cinder.volume.flows.manager.create_volume [None req-f5770be4-8efd-4d61-84fd-8e952e88644d e26dfe3989f14fd484444226330a3866 a9e39a9e79a84aa7a0004cb73784d066 - - - -] Volume fc5a7fc9-377a-4ddd-a486-a047edc508b5: being created as raw with specification: {'status': 'creating', 'volume_name': 'vol_fc5a7fc9-377a-4ddd-a486-a047edc508b5', 'volume_size': 1}
2026-10-08 19:45:22.063 87 INFO cinder.volume.drivers.lightos [None req-f5770be4-8efd-4d61-84fd-8e952e88644d e26dfe3989f14fd484444226330a3866 a9e39a9e79a84aa7a0004cb73784d066 - - - -] Invoking get_volume_by_name using GET url: /api/v2/projects/default/volumes/?name=vol_fc5a7fc9-377a-4ddd-a486-a047edc508b5             request.body: {} ssl_verify: False
2026-10-08 19:45:22.065 87 INFO cinder.volume.drivers.lightos [None req-85c10273-b5b8-486b-8071-c2b6adb78436 c7815bcdf4194eddbbadf8207b823759 c2eb0d0586764beabf70d1101dce3943 - - - -] Invoking create_volume using POST url: /api/v2/projects/default/volumes             request.body: {'name': 'vol_81402397-4799-4b42-945f-f9e4b770d6c6', 'size': '2 gib', 'replicaCount': '3', 'compression': 'False', 'acl': {'values': ['ALLOW_NONE']}, 'IPAcl': {'values': ['ALLOW_NONE']}, 'sourceSnapshotUUID': None, 'sourceSnapshotName': None} ssl_verify: False
2026-10-08 19:45:22.120 87 WARNING py.warnings [None req-f5770be4-8efd-4d61-84fd-8e952e88644d e26dfe3989f14fd484444226330a3866 a9e39a9e79a84aa7a0004cb73784d066 - - - -] /var/lib/kolla/venv/lib/python3.12/site-packages/urllib3/connectionpool.py:1110: InsecureRequestWarning: Unverified HTTPS request is being made to host '[LB_IP_ADDRESS]'. Adding certificate verification is strongly advised. See: https://urllib3.readthedocs.io/en/latest/advanced-usage.html#tls-warnings
  warnings.warn(

2026-10-08 19:45:22.124 87 WARNING py.warnings [None req-85c10273-b5b8-486b-8071-c2b6adb78436 c7815bcdf4194eddbbadf8207b823759 c2eb0d0586764beabf70d1101dce3943 - - - -] /var/lib/kolla/venv/lib/python3.12/site-packages/urllib3/connectionpool.py:1110: InsecureRequestWarning: Unverified HTTPS request is being made to host '[LB_IP_ADDRESS]'. Adding certificate verification is strongly advised. See: https://urllib3.readthedocs.io/en/latest/advanced-usage.html#tls-warnings
  warnings.warn(

2026-10-08 19:45:22.129 87 INFO cinder.volume.drivers.lightos [None req-f5770be4-8efd-4d61-84fd-8e952e88644d e26dfe3989f14fd484444226330a3866 a9e39a9e79a84aa7a0004cb73784d066 - - - -] Invoking create_volume using POST url: /api/v2/projects/default/volumes             request.body: {'name': 'vol_fc5a7fc9-377a-4ddd-a486-a047edc508b5', 'size': '1 gib', 'replicaCount': '3', 'compression': 'False', 'acl': {'values': ['ALLOW_NONE']}, 'IPAcl': {'values': ['ALLOW_NONE']}, 'sourceSnapshotUUID': None, 'sourceSnapshotName': None} ssl_verify: False
2026-10-08 19:45:22.163 87 INFO cinder.volume.drivers.lightos [None req-85c10273-b5b8-486b-8071-c2b6adb78436 c7815bcdf4194eddbbadf8207b823759 c2eb0d0586764beabf70d1101dce3943 - - - -] Invoking get_volume using GET url: /api/v2/projects/default/volumes/c5b4e5eb-7e44-493c-8e60-12de67a3461b             request.body: {} ssl_verify: False
2026-10-08 19:45:22.191 87 WARNING py.warnings [None req-f5770be4-8efd-4d61-84fd-8e952e88644d e26dfe3989f14fd484444226330a3866 a9e39a9e79a84aa7a0004cb73784d066 - - - -] /var/lib/kolla/venv/lib/python3.12/site-packages/urllib3/connectionpool.py:1110: InsecureRequestWarning: Unverified HTTPS request is being made to host '[LB_IP_ADDRESS]'. Adding certificate verification is strongly advised. See: https://urllib3.readthedocs.io/en/latest/advanced-usage.html#tls-warnings
  warnings.warn(

2026-10-08 19:45:22.196 87 WARNING py.warnings [None req-85c10273-b5b8-486b-8071-c2b6adb78436 c7815bcdf4194eddbbadf8207b823759 c2eb0d0586764beabf70d1101dce3943 - - - -] /var/lib/kolla/venv/lib/python3.12/site-packages/urllib3/connectionpool.py:1110: InsecureRequestWarning: Unverified HTTPS request is being made to host '[LB_IP_ADDRESS]'. Adding certificate verification is strongly advised. See: https://urllib3.readthedocs.io/en/latest/advanced-usage.html#tls-warnings
  warnings.warn(

2026-10-08 19:45:22.225 87 INFO cinder.volume.drivers.lightos [None req-f5770be4-8efd-4d61-84fd-8e952e88644d e26dfe3989f14fd484444226330a3866 a9e39a9e79a84aa7a0004cb73784d066 - - - -] Invoking get_volume using GET url: /api/v2/projects/default/volumes/6a39222c-1070-4285-96b3-91754d8df508             request.body: {} ssl_verify: False
2026-10-08 19:45:22.266 87 INFO cinder.volume.flows.manager.create_volume [None req-85c10273-b5b8-486b-8071-c2b6adb78436 c7815bcdf4194eddbbadf8207b823759 c2eb0d0586764beabf70d1101dce3943 - - - -] Volume vol_81402397-4799-4b42-945f-f9e4b770d6c6 (81402397-4799-4b42-945f-f9e4b770d6c6): created successfully
2026-10-08 19:45:22.272 87 WARNING py.warnings [None req-f5770be4-8efd-4d61-84fd-8e952e88644d e26dfe3989f14fd484444226330a3866 a9e39a9e79a84aa7a0004cb73784d066 - - - -] /var/lib/kolla/venv/lib/python3.12/site-packages/urllib3/connectionpool.py:1110: InsecureRequestWarning: Unverified HTTPS request is being made to host '[LB_IP_ADDRESS]'. Adding certificate verification is strongly advised. See: https://urllib3.readthedocs.io/en/latest/advanced-usage.html#tls-warnings
  warnings.warn(

2026-10-08 19:45:22.273 87 INFO cinder.volume.manager [None req-85c10273-b5b8-486b-8071-c2b6adb78436 c7815bcdf4194eddbbadf8207b823759 c2eb0d0586764beabf70d1101dce3943 - - - -] Created volume successfully.
2026-10-08 19:45:22.296 87 INFO cinder.volume.flows.manager.create_volume [None req-f5770be4-8efd-4d61-84fd-8e952e88644d e26dfe3989f14fd484444226330a3866 a9e39a9e79a84aa7a0004cb73784d066 - - - -] Volume vol_fc5a7fc9-377a-4ddd-a486-a047edc508b5 (fc5a7fc9-377a-4ddd-a486-a047edc508b5): created successfully
2026-10-08 19:45:22.303 87 INFO cinder.volume.manager [None req-f5770be4-8efd-4d61-84fd-8e952e88644d e26dfe3989f14fd484444226330a3866 a9e39a9e79a84aa7a0004cb73784d066 - - - -] Created volume successfully.
2026-10-08 19:45:22.369 87 INFO cinder.volume.flows.manager.create_volume [None req-6a71e23c-e6de-4619-bc4e-18cc58a12de0 6ca033a8c5dc46a6a9fbe9e3e7636f15 ba62d3b784ae49219be84272e2fa731a - - - -] Volume 72c82f05-8480-4606-8f00-5802e22fc2e0: being created as raw with specification: {'status': 'creating', 'volume_name': 'vol_72c82f05-8480-4606-8f00-5802e22fc2e0', 'volume_size': 1}
2026-10-08 19:45:22.369 87 INFO cinder.volume.drivers.lightos [None req-6a71e23c-e6de-4619-bc4e-18cc58a12de0 6ca033a8c5dc46a6a9fbe9e3e7636f15 ba62d3b784ae49219be84272e2fa731a - - - -] Invoking get_volume_by_name using GET url: /api/v2/projects/default/volumes/?name=vol_72c82f05-8480-4606-8f00-5802e22fc2e0             request.body: {} ssl_verify: False
2026-10-08 19:45:22.406 87 WARNING py.warnings [None req-6a71e23c-e6de-4619-bc4e-18cc58a12de0 6ca033a8c5dc46a6a9fbe9e3e7636f15 ba62d3b784ae49219be84272e2fa731a - - - -] /var/lib/kolla/venv/lib/python3.12/site-packages/urllib3/connectionpool.py:1110: InsecureRequestWarning: Unverified HTTPS request is being made to host '[LB_IP_ADDRESS]'. Adding certificate verification is strongly advised. See: https://urllib3.readthedocs.io/en/latest/advanced-usage.html#tls-warnings
  warnings.warn(

2026-10-08 19:45:22.417 87 INFO cinder.volume.drivers.lightos [None req-6a71e23c-e6de-4619-bc4e-18cc58a12de0 6ca033a8c5dc46a6a9fbe9e3e7636f15 ba62d3b784ae49219be84272e2fa731a - - - -] Invoking create_volume using POST url: /api/v2/projects/default/volumes             request.body: {'name': 'vol_72c82f05-8480-4606-8f00-5802e22fc2e0', 'size': '1 gib', 'replicaCount': '3', 'compression': 'False', 'acl': {'values': ['ALLOW_NONE']}, 'IPAcl': {'values': ['ALLOW_NONE']}, 'sourceSnapshotUUID': None, 'sourceSnapshotName': None} ssl_verify: False
2026-10-08 19:45:22.463 87 WARNING py.warnings [None req-6a71e23c-e6de-4619-bc4e-18cc58a12de0 6ca033a8c5dc46a6a9fbe9e3e7636f15 ba62d3b784ae49219be84272e2fa731a - - - -] /var/lib/kolla/venv/lib/python3.12/site-packages/urllib3/connectionpool.py:1110: InsecureRequestWarning: Unverified HTTPS request is being made to host '[LB_IP_ADDRESS]'. Adding certificate verification is strongly advised. See: https://urllib3.readthedocs.io/en/latest/advanced-usage.html#tls-warnings
  warnings.warn(

2026-10-08 19:45:22.490 87 INFO cinder.volume.drivers.lightos [None req-6a71e23c-e6de-4619-bc4e-18cc58a12de0 6ca033a8c5dc46a6a9fbe9e3e7636f15 ba62d3b784ae49219be84272e2fa731a - - - -] Invoking get_volume using GET url: /api/v2/projects/default/volumes/cab50582-e8d3-476b-a1ca-22faeb6864c9             request.body: {} ssl_verify: False
2026-10-08 19:45:22.536 87 WARNING py.warnings [None req-6a71e23c-e6de-4619-bc4e-18cc58a12de0 6ca033a8c5dc46a6a9fbe9e3e7636f15 ba62d3b784ae49219be84272e2fa731a - - - -] /var/lib/kolla/venv/lib/python3.12/site-packages/urllib3/connectionpool.py:1110: InsecureRequestWarning: Unverified HTTPS request is being made to host '[LB_IP_ADDRESS]'. Adding certificate verification is strongly advised. See: https://urllib3.readthedocs.io/en/latest/advanced-usage.html#tls-warnings
  warnings.warn(

2026-10-08 19:45:23.193 87 INFO cinder.volume.drivers.lightos [None req-8faea5f6-1d54-40f7-9479-8f49668ed257 c7815bcdf4194eddbbadf8207b823759 c2eb0d0586764beabf70d1101dce3943 - - default default] Invoking delete_volume using DELETE url: /api/v2/projects/default/volumes/c5b4e5eb-7e44-493c-8e60-12de67a3461b?             request.body:  ssl_verify: False
2026-10-08 19:45:23.230 87 WARNING py.warnings [None req-8faea5f6-1d54-40f7-9479-8f49668ed257 c7815bcdf4194eddbbadf8207b823759 c2eb0d0586764beabf70d1101dce3943 - - default default] /var/lib/kolla/venv/lib/python3.12/site-packages/urllib3/connectionpool.py:1110: InsecureRequestWarning: Unverified HTTPS request is being made to host '[LB_IP_ADDRESS]'. Adding certificate verification is strongly advised. See: https://urllib3.readthedocs.io/en/latest/advanced-usage.html#tls-warnings
  warnings.warn(

2026-10-08 19:45:23.259 87 INFO cinder.volume.drivers.lightos [None req-8faea5f6-1d54-40f7-9479-8f49668ed257 c7815bcdf4194eddbbadf8207b823759 c2eb0d0586764beabf70d1101dce3943 - - default default] Invoking get_volume using GET url: /api/v2/projects/default/volumes/c5b4e5eb-7e44-493c-8e60-12de67a3461b             request.body: {} ssl_verify: False
2026-10-08 19:45:23.314 87 WARNING py.warnings [None req-8faea5f6-1d54-40f7-9479-8f49668ed257 c7815bcdf4194eddbbadf8207b823759 c2eb0d0586764beabf70d1101dce3943 - - default default] /var/lib/kolla/venv/lib/python3.12/site-packages/urllib3/connectionpool.py:1110: InsecureRequestWarning: Unverified HTTPS request is being made to host '[LB_IP_ADDRESS]'. Adding certificate verification is strongly advised. See: https://urllib3.readthedocs.io/en/latest/advanced-usage.html#tls-warnings
  warnings.warn(

2026-10-08 19:45:23.445 87 INFO cinder.volume.manager [None req-8faea5f6-1d54-40f7-9479-8f49668ed257 c7815bcdf4194eddbbadf8207b823759 c2eb0d0586764beabf70d1101dce3943 - - default default] Deleted volume successfully.
2026-10-08 19:45:23.555 87 INFO cinder.volume.drivers.lightos [None req-6a71e23c-e6de-4619-bc4e-18cc58a12de0 6ca033a8c5dc46a6a9fbe9e3e7636f15 ba62d3b784ae49219be84272e2fa731a - - - -] Invoking get_volume using GET url: /api/v2/projects/default/volumes/cab50582-e8d3-476b-a1ca-22faeb6864c9             request.body: {} ssl_verify: False
2026-10-08 19:45:23.603 87 WARNING py.warnings [None req-6a71e23c-e6de-4619-bc4e-18cc58a12de0 6ca033a8c5dc46a6a9fbe9e3e7636f15 ba62d3b784ae49219be84272e2fa731a - - - -] /var/lib/kolla/venv/lib/python3.12/site-packages/urllib3/connectionpool.py:1110: InsecureRequestWarning: Unverified HTTPS request is being made to host '[LB_IP_ADDRESS]'. Adding certificate verification is strongly advised. See: https://urllib3.readthedocs.io/en/latest/advanced-usage.html#tls-warnings
  warnings.warn(

2026-10-08 19:45:23.638 87 INFO cinder.volume.flows.manager.create_volume [None req-6a71e23c-e6de-4619-bc4e-18cc58a12de0 6ca033a8c5dc46a6a9fbe9e3e7636f15 ba62d3b784ae49219be84272e2fa731a - - - -] Volume vol_72c82f05-8480-4606-8f00-5802e22fc2e0 (72c82f05-8480-4606-8f00-5802e22fc2e0): created successfully
2026-10-08 19:45:23.648 87 INFO cinder.volume.manager [None req-6a71e23c-e6de-4619-bc4e-18cc58a12de0 6ca033a8c5dc46a6a9fbe9e3e7636f15 ba62d3b784ae49219be84272e2fa731a - - - -] Created volume successfully.
2026-10-08 19:45:23.819 87 INFO cinder.volume.flows.manager.create_volume [None req-c2700ee1-5b9a-4f54-a5c5-9633137e98ba e26dfe3989f14fd484444226330a3866 a9e39a9e79a84aa7a0004cb73784d066 - - - -] Volume c7e810df-0df1-4966-8011-21f14d817e35: being created as source_vol with specification: {'status': 'creating', 'volume_name': 'vol_c7e810df-0df1-4966-8011-21f14d817e35', 'volume_size': 2, 'source_volid': 'fc5a7fc9-377a-4ddd-a486-a047edc508b5', 'source_volstatus': 'available'}
2026-10-08 19:45:23.825 87 INFO cinder.volume.drivers.lightos [None req-c2700ee1-5b9a-4f54-a5c5-9633137e98ba e26dfe3989f14fd484444226330a3866 a9e39a9e79a84aa7a0004cb73784d066 - - - -] Invoking get_snapshot_by_name using GET url: /api/v2/projects/default/snapshots/?Name=for_clone_c7e810df-0df1-4966-8011-21f14d817e35             request.body: {} ssl_verify: False
2026-10-08 19:45:23.862 87 WARNING py.warnings [None req-c2700ee1-5b9a-4f54-a5c5-9633137e98ba e26dfe3989f14fd484444226330a3866 a9e39a9e79a84aa7a0004cb73784d066 - - - -] /var/lib/kolla/venv/lib/python3.12/site-packages/urllib3/connectionpool.py:1110: InsecureRequestWarning: Unverified HTTPS request is being made to host '[LB_IP_ADDRESS]'. Adding certificate verification is strongly advised. See: https://urllib3.readthedocs.io/en/latest/advanced-usage.html#tls-warnings
  warnings.warn(

2026-10-08 19:45:23.875 87 INFO cinder.volume.drivers.lightos [None req-c2700ee1-5b9a-4f54-a5c5-9633137e98ba e26dfe3989f14fd484444226330a3866 a9e39a9e79a84aa7a0004cb73784d066 - - - -] Invoking create_snapshot using POST url: /api/v2/projects/default/snapshots             request.body: {'name': 'for_clone_c7e810df-0df1-4966-8011-21f14d817e35', 'sourceVolumeUUID': None, 'sourceVolumeName': 'vol_fc5a7fc9-377a-4ddd-a486-a047edc508b5'} ssl_verify: False
2026-10-08 19:45:23.918 87 WARNING py.warnings [None req-c2700ee1-5b9a-4f54-a5c5-9633137e98ba e26dfe3989f14fd484444226330a3866 a9e39a9e79a84aa7a0004cb73784d066 - - - -] /var/lib/kolla/venv/lib/python3.12/site-packages/urllib3/connectionpool.py:1110: InsecureRequestWarning: Unverified HTTPS request is being made to host '[LB_IP_ADDRESS]'. Adding certificate verification is strongly advised. See: https://urllib3.readthedocs.io/en/latest/advanced-usage.html#tls-warnings
  warnings.warn(

2026-10-08 19:45:23.952 87 INFO cinder.volume.drivers.lightos [None req-c2700ee1-5b9a-4f54-a5c5-9633137e98ba e26dfe3989f14fd484444226330a3866 a9e39a9e79a84aa7a0004cb73784d066 - - - -] Invoking get_snapshot_by_name using GET url: /api/v2/projects/default/snapshots/?Name=for_clone_c7e810df-0df1-4966-8011-21f14d817e35             request.body: {} ssl_verify: False
2026-10-08 19:45:24.005 87 WARNING py.warnings [None req-c2700ee1-5b9a-4f54-a5c5-9633137e98ba e26dfe3989f14fd484444226330a3866 a9e39a9e79a84aa7a0004cb73784d066 - - - -] /var/lib/kolla/venv/lib/python3.12/site-packages/urllib3/connectionpool.py:1110: InsecureRequestWarning: Unverified HTTPS request is being made to host '[LB_IP_ADDRESS]'. Adding certificate verification is strongly advised. See: https://urllib3.readthedocs.io/en/latest/advanced-usage.html#tls-warnings
  warnings.warn(

2026-10-08 19:45:25.056 87 INFO cinder.volume.drivers.lightos [None req-c2700ee1-5b9a-4f54-a5c5-9633137e98ba e26dfe3989f14fd484444226330a3866 a9e39a9e79a84aa7a0004cb73784d066 - - - -] Invoking get_snapshot_by_name using GET url: /api/v2/projects/default/snapshots/?Name=for_clone_c7e810df-0df1-4966-8011-21f14d817e35             request.body: {} ssl_verify: False
2026-10-08 19:45:25.105 87 WARNING py.warnings [None req-c2700ee1-5b9a-4f54-a5c5-9633137e98ba e26dfe3989f14fd484444226330a3866 a9e39a9e79a84aa7a0004cb73784d066 - - - -] /var/lib/kolla/venv/lib/python3.12/site-packages/urllib3/connectionpool.py:1110: InsecureRequestWarning: Unverified HTTPS request is being made to host '[LB_IP_ADDRESS]'. Adding certificate verification is strongly advised. See: https://urllib3.readthedocs.io/en/latest/advanced-usage.html#tls-warnings
  warnings.warn(

2026-10-08 19:45:25.119 87 INFO cinder.volume.drivers.lightos [None req-c2700ee1-5b9a-4f54-a5c5-9633137e98ba e26dfe3989f14fd484444226330a3866 a9e39a9e79a84aa7a0004cb73784d066 - - - -] Invoking get_volume_by_name using GET url: /api/v2/projects/default/volumes/?name=vol_c7e810df-0df1-4966-8011-21f14d817e35             request.body: {} ssl_verify: False
2026-10-08 19:45:25.162 87 WARNING py.warnings [None req-c2700ee1-5b9a-4f54-a5c5-9633137e98ba e26dfe3989f14fd484444226330a3866 a9e39a9e79a84aa7a0004cb73784d066 - - - -] /var/lib/kolla/venv/lib/python3.12/site-packages/urllib3/connectionpool.py:1110: InsecureRequestWarning: Unverified HTTPS request is being made to host '[LB_IP_ADDRESS]'. Adding certificate verification is strongly advised. See: https://urllib3.readthedocs.io/en/latest/advanced-usage.html#tls-warnings
  warnings.warn(

2026-10-08 19:45:25.171 87 INFO cinder.volume.drivers.lightos [None req-c2700ee1-5b9a-4f54-a5c5-9633137e98ba e26dfe3989f14fd484444226330a3866 a9e39a9e79a84aa7a0004cb73784d066 - - - -] Invoking create_volume using POST url: /api/v2/projects/default/volumes             request.body: {'name': 'vol_c7e810df-0df1-4966-8011-21f14d817e35', 'size': '2 gib', 'replicaCount': '3', 'compression': 'False', 'acl': {'values': ['ALLOW_NONE']}, 'IPAcl': {'values': ['ALLOW_NONE']}, 'sourceSnapshotUUID': None, 'sourceSnapshotName': 'for_clone_c7e810df-0df1-4966-8011-21f14d817e35'} ssl_verify: False
2026-10-08 19:45:25.216 87 WARNING py.warnings [None req-c2700ee1-5b9a-4f54-a5c5-9633137e98ba e26dfe3989f14fd484444226330a3866 a9e39a9e79a84aa7a0004cb73784d066 - - - -] /var/lib/kolla/venv/lib/python3.12/site-packages/urllib3/connectionpool.py:1110: InsecureRequestWarning: Unverified HTTPS request is being made to host '[LB_IP_ADDRESS]'. Adding certificate verification is strongly advised. See: https://urllib3.readthedocs.io/en/latest/advanced-usage.html#tls-warnings
  warnings.warn(

2026-10-08 19:45:25.252 87 INFO cinder.volume.flows.manager.create_volume [None req-cb0b6bc6-04d8-4f7e-a2ef-45f4f891cdc9 6ca033a8c5dc46a6a9fbe9e3e7636f15 ba62d3b784ae49219be84272e2fa731a - - - -] Volume 70b8c4a0-8eed-4055-81ad-092dee14d736: being created as source_vol with specification: {'status': 'creating', 'volume_name': 'vol_70b8c4a0-8eed-4055-81ad-092dee14d736', 'volume_size': 1, 'source_volid': '72c82f05-8480-4606-8f00-5802e22fc2e0', 'source_volstatus': 'available'}
2026-10-08 19:45:25.257 87 INFO cinder.volume.drivers.lightos [None req-c2700ee1-5b9a-4f54-a5c5-9633137e98ba e26dfe3989f14fd484444226330a3866 a9e39a9e79a84aa7a0004cb73784d066 - - - -] Invoking get_volume using GET url: /api/v2/projects/default/volumes/dde00a74-2ded-44f4-b0bd-571abf522cf0             request.body: {} ssl_verify: False
2026-10-08 19:45:25.288 87 INFO cinder.volume.drivers.lightos [None req-cb0b6bc6-04d8-4f7e-a2ef-45f4f891cdc9 6ca033a8c5dc46a6a9fbe9e3e7636f15 ba62d3b784ae49219be84272e2fa731a - - - -] Invoking get_snapshot_by_name using GET url: /api/v2/projects/default/snapshots/?Name=for_clone_70b8c4a0-8eed-4055-81ad-092dee14d736             request.body: {} ssl_verify: False
2026-10-08 19:45:25.315 87 WARNING py.warnings [None req-c2700ee1-5b9a-4f54-a5c5-9633137e98ba e26dfe3989f14fd484444226330a3866 a9e39a9e79a84aa7a0004cb73784d066 - - - -] /var/lib/kolla/venv/lib/python3.12/site-packages/urllib3/connectionpool.py:1110: InsecureRequestWarning: Unverified HTTPS request is being made to host '[LB_IP_ADDRESS]'. Adding certificate verification is strongly advised. See: https://urllib3.readthedocs.io/en/latest/advanced-usage.html#tls-warnings
  warnings.warn(

2026-10-08 19:45:25.329 87 WARNING py.warnings [None req-cb0b6bc6-04d8-4f7e-a2ef-45f4f891cdc9 6ca033a8c5dc46a6a9fbe9e3e7636f15 ba62d3b784ae49219be84272e2fa731a - - - -] /var/lib/kolla/venv/lib/python3.12/site-packages/urllib3/connectionpool.py:1110: InsecureRequestWarning: Unverified HTTPS request is being made to host '[LB_IP_ADDRESS]'. Adding certificate verification is strongly advised. See: https://urllib3.readthedocs.io/en/latest/advanced-usage.html#tls-warnings
  warnings.warn(

2026-10-08 19:45:25.358 87 INFO cinder.volume.drivers.lightos [None req-cb0b6bc6-04d8-4f7e-a2ef-45f4f891cdc9 6ca033a8c5dc46a6a9fbe9e3e7636f15 ba62d3b784ae49219be84272e2fa731a - - - -] Invoking create_snapshot using POST url: /api/v2/projects/default/snapshots             request.body: {'name': 'for_clone_70b8c4a0-8eed-4055-81ad-092dee14d736', 'sourceVolumeUUID': None, 'sourceVolumeName': 'vol_72c82f05-8480-4606-8f00-5802e22fc2e0'} ssl_verify: False
2026-10-08 19:45:25.407 87 WARNING py.warnings [None req-cb0b6bc6-04d8-4f7e-a2ef-45f4f891cdc9 6ca033a8c5dc46a6a9fbe9e3e7636f15 ba62d3b784ae49219be84272e2fa731a - - - -] /var/lib/kolla/venv/lib/python3.12/site-packages/urllib3/connectionpool.py:1110: InsecureRequestWarning: Unverified HTTPS request is being made to host '[LB_IP_ADDRESS]'. Adding certificate verification is strongly advised. See: https://urllib3.readthedocs.io/en/latest/advanced-usage.html#tls-warnings
  warnings.warn(

2026-10-08 19:45:25.436 87 INFO cinder.volume.drivers.lightos [None req-cb0b6bc6-04d8-4f7e-a2ef-45f4f891cdc9 6ca033a8c5dc46a6a9fbe9e3e7636f15 ba62d3b784ae49219be84272e2fa731a - - - -] Invoking get_snapshot_by_name using GET url: /api/v2/projects/default/snapshots/?Name=for_clone_70b8c4a0-8eed-4055-81ad-092dee14d736             request.body: {} ssl_verify: False
2026-10-08 19:45:25.477 87 WARNING py.warnings [None req-cb0b6bc6-04d8-4f7e-a2ef-45f4f891cdc9 6ca033a8c5dc46a6a9fbe9e3e7636f15 ba62d3b784ae49219be84272e2fa731a - - - -] /var/lib/kolla/venv/lib/python3.12/site-packages/urllib3/connectionpool.py:1110: InsecureRequestWarning: Unverified HTTPS request is being made to host '[LB_IP_ADDRESS]'. Adding certificate verification is strongly advised. See: https://urllib3.readthedocs.io/en/latest/advanced-usage.html#tls-warnings
  warnings.warn(

2026-10-08 19:45:26.350 87 INFO cinder.volume.drivers.lightos [None req-c2700ee1-5b9a-4f54-a5c5-9633137e98ba e26dfe3989f14fd484444226330a3866 a9e39a9e79a84aa7a0004cb73784d066 - - - -] Invoking get_volume using GET url: /api/v2/projects/default/volumes/dde00a74-2ded-44f4-b0bd-571abf522cf0             request.body: {} ssl_verify: False
2026-10-08 19:45:26.394 87 WARNING py.warnings [None req-c2700ee1-5b9a-4f54-a5c5-9633137e98ba e26dfe3989f14fd484444226330a3866 a9e39a9e79a84aa7a0004cb73784d066 - - - -] /var/lib/kolla/venv/lib/python3.12/site-packages/urllib3/connectionpool.py:1110: InsecureRequestWarning: Unverified HTTPS request is being made to host '[LB_IP_ADDRESS]'. Adding certificate verification is strongly advised. See: https://urllib3.readthedocs.io/en/latest/advanced-usage.html#tls-warnings
  warnings.warn(

2026-10-08 19:45:26.408 87 INFO cinder.volume.drivers.lightos [None req-c2700ee1-5b9a-4f54-a5c5-9633137e98ba e26dfe3989f14fd484444226330a3866 a9e39a9e79a84aa7a0004cb73784d066 - - - -] Invoking get_snapshot_by_name using GET url: /api/v2/projects/default/snapshots/?Name=for_clone_c7e810df-0df1-4966-8011-21f14d817e35             request.body: {} ssl_verify: False
2026-10-08 19:45:26.453 87 WARNING py.warnings [None req-c2700ee1-5b9a-4f54-a5c5-9633137e98ba e26dfe3989f14fd484444226330a3866 a9e39a9e79a84aa7a0004cb73784d066 - - - -] /var/lib/kolla/venv/lib/python3.12/site-packages/urllib3/connectionpool.py:1110: InsecureRequestWarning: Unverified HTTPS request is being made to host '[LB_IP_ADDRESS]'. Adding certificate verification is strongly advised. See: https://urllib3.readthedocs.io/en/latest/advanced-usage.html#tls-warnings
  warnings.warn(

2026-10-08 19:45:26.466 87 INFO cinder.volume.drivers.lightos [None req-c2700ee1-5b9a-4f54-a5c5-9633137e98ba e26dfe3989f14fd484444226330a3866 a9e39a9e79a84aa7a0004cb73784d066 - - - -] Invoking delete_snapshot using DELETE url: /api/v2/projects/default/snapshots/bf887f0f-dc57-441f-a9ea-ebb1bfb9152e?             request.body:  ssl_verify: False
2026-10-08 19:45:26.507 87 INFO cinder.volume.drivers.lightos [None req-cb0b6bc6-04d8-4f7e-a2ef-45f4f891cdc9 6ca033a8c5dc46a6a9fbe9e3e7636f15 ba62d3b784ae49219be84272e2fa731a - - - -] Invoking get_snapshot_by_name using GET url: /api/v2/projects/default/snapshots/?Name=for_clone_70b8c4a0-8eed-4055-81ad-092dee14d736             request.body: {} ssl_verify: False
2026-10-08 19:45:26.509 87 WARNING py.warnings [None req-c2700ee1-5b9a-4f54-a5c5-9633137e98ba e26dfe3989f14fd484444226330a3866 a9e39a9e79a84aa7a0004cb73784d066 - - - -] /var/lib/kolla/venv/lib/python3.12/site-packages/urllib3/connectionpool.py:1110: InsecureRequestWarning: Unverified HTTPS request is being made to host '[LB_IP_ADDRESS]'. Adding certificate verification is strongly advised. See: https://urllib3.readthedocs.io/en/latest/advanced-usage.html#tls-warnings
  warnings.warn(

2026-10-08 19:45:26.536 87 INFO cinder.volume.drivers.lightos [None req-c2700ee1-5b9a-4f54-a5c5-9633137e98ba e26dfe3989f14fd484444226330a3866 a9e39a9e79a84aa7a0004cb73784d066 - - - -] Invoking get_snapshot using GET url: /api/v2/projects/default/snapshots/bf887f0f-dc57-441f-a9ea-ebb1bfb9152e             request.body: {} ssl_verify: False
2026-10-08 19:45:26.566 87 WARNING py.warnings [None req-cb0b6bc6-04d8-4f7e-a2ef-45f4f891cdc9 6ca033a8c5dc46a6a9fbe9e3e7636f15 ba62d3b784ae49219be84272e2fa731a - - - -] /var/lib/kolla/venv/lib/python3.12/site-packages/urllib3/connectionpool.py:1110: InsecureRequestWarning: Unverified HTTPS request is being made to host '[LB_IP_ADDRESS]'. Adding certificate verification is strongly advised. See: https://urllib3.readthedocs.io/en/latest/advanced-usage.html#tls-warnings
  warnings.warn(

2026-10-08 19:45:26.571 87 WARNING py.warnings [None req-c2700ee1-5b9a-4f54-a5c5-9633137e98ba e26dfe3989f14fd484444226330a3866 a9e39a9e79a84aa7a0004cb73784d066 - - - -] /var/lib/kolla/venv/lib/python3.12/site-packages/urllib3/connectionpool.py:1110: InsecureRequestWarning: Unverified HTTPS request is being made to host '[LB_IP_ADDRESS]'. Adding certificate verification is strongly advised. See: https://urllib3.readthedocs.io/en/latest/advanced-usage.html#tls-warnings
  warnings.warn(

2026-10-08 19:45:26.583 87 INFO cinder.volume.drivers.lightos [None req-cb0b6bc6-04d8-4f7e-a2ef-45f4f891cdc9 6ca033a8c5dc46a6a9fbe9e3e7636f15 ba62d3b784ae49219be84272e2fa731a - - - -] Invoking get_volume_by_name using GET url: /api/v2/projects/default/volumes/?name=vol_70b8c4a0-8eed-4055-81ad-092dee14d736             request.body: {} ssl_verify: False
2026-10-08 19:45:26.624 87 WARNING py.warnings [None req-cb0b6bc6-04d8-4f7e-a2ef-45f4f891cdc9 6ca033a8c5dc46a6a9fbe9e3e7636f15 ba62d3b784ae49219be84272e2fa731a - - - -] /var/lib/kolla/venv/lib/python3.12/site-packages/urllib3/connectionpool.py:1110: InsecureRequestWarning: Unverified HTTPS request is being made to host '[LB_IP_ADDRESS]'. Adding certificate verification is strongly advised. See: https://urllib3.readthedocs.io/en/latest/advanced-usage.html#tls-warnings
  warnings.warn(

2026-10-08 19:45:26.631 87 INFO cinder.volume.drivers.lightos [None req-cb0b6bc6-04d8-4f7e-a2ef-45f4f891cdc9 6ca033a8c5dc46a6a9fbe9e3e7636f15 ba62d3b784ae49219be84272e2fa731a - - - -] Invoking create_volume using POST url: /api/v2/projects/default/volumes             request.body: {'name': 'vol_70b8c4a0-8eed-4055-81ad-092dee14d736', 'size': '1 gib', 'replicaCount': '3', 'compression': 'False', 'acl': {'values': ['ALLOW_NONE']}, 'IPAcl': {'values': ['ALLOW_NONE']}, 'sourceSnapshotUUID': None, 'sourceSnapshotName': 'for_clone_70b8c4a0-8eed-4055-81ad-092dee14d736'} ssl_verify: False
2026-10-08 19:45:26.663 87 INFO cinder.volume.flows.manager.create_volume [None req-c2700ee1-5b9a-4f54-a5c5-9633137e98ba e26dfe3989f14fd484444226330a3866 a9e39a9e79a84aa7a0004cb73784d066 - - - -] Volume vol_c7e810df-0df1-4966-8011-21f14d817e35 (c7e810df-0df1-4966-8011-21f14d817e35): created successfully
2026-10-08 19:45:26.668 87 WARNING py.warnings [None req-cb0b6bc6-04d8-4f7e-a2ef-45f4f891cdc9 6ca033a8c5dc46a6a9fbe9e3e7636f15 ba62d3b784ae49219be84272e2fa731a - - - -] /var/lib/kolla/venv/lib/python3.12/site-packages/urllib3/connectionpool.py:1110: InsecureRequestWarning: Unverified HTTPS request is being made to host '[LB_IP_ADDRESS]'. Adding certificate verification is strongly advised. See: https://urllib3.readthedocs.io/en/latest/advanced-usage.html#tls-warnings
  warnings.warn(

2026-10-08 19:45:26.672 87 INFO cinder.volume.manager [None req-c2700ee1-5b9a-4f54-a5c5-9633137e98ba e26dfe3989f14fd484444226330a3866 a9e39a9e79a84aa7a0004cb73784d066 - - - -] Created volume successfully.
2026-10-08 19:45:26.691 87 INFO cinder.volume.drivers.lightos [None req-cb0b6bc6-04d8-4f7e-a2ef-45f4f891cdc9 6ca033a8c5dc46a6a9fbe9e3e7636f15 ba62d3b784ae49219be84272e2fa731a - - - -] Invoking get_volume using GET url: /api/v2/projects/default/volumes/c9ad464d-986f-4337-bc37-c4a6e6d47aa8             request.body: {} ssl_verify: False
2026-10-08 19:45:26.753 87 WARNING py.warnings [None req-cb0b6bc6-04d8-4f7e-a2ef-45f4f891cdc9 6ca033a8c5dc46a6a9fbe9e3e7636f15 ba62d3b784ae49219be84272e2fa731a - - - -] /var/lib/kolla/venv/lib/python3.12/site-packages/urllib3/connectionpool.py:1110: InsecureRequestWarning: Unverified HTTPS request is being made to host '[LB_IP_ADDRESS]'. Adding certificate verification is strongly advised. See: https://urllib3.readthedocs.io/en/latest/advanced-usage.html#tls-warnings
  warnings.warn(

2026-10-08 19:45:26.809 87 INFO cinder.volume.drivers.lightos [None req-cb0b6bc6-04d8-4f7e-a2ef-45f4f891cdc9 6ca033a8c5dc46a6a9fbe9e3e7636f15 ba62d3b784ae49219be84272e2fa731a - - - -] Invoking get_snapshot_by_name using GET url: /api/v2/projects/default/snapshots/?Name=for_clone_70b8c4a0-8eed-4055-81ad-092dee14d736             request.body: {} ssl_verify: False
2026-10-08 19:45:26.855 87 WARNING py.warnings [None req-cb0b6bc6-04d8-4f7e-a2ef-45f4f891cdc9 6ca033a8c5dc46a6a9fbe9e3e7636f15 ba62d3b784ae49219be84272e2fa731a - - - -] /var/lib/kolla/venv/lib/python3.12/site-packages/urllib3/connectionpool.py:1110: InsecureRequestWarning: Unverified HTTPS request is being made to host '[LB_IP_ADDRESS]'. Adding certificate verification is strongly advised. See: https://urllib3.readthedocs.io/en/latest/advanced-usage.html#tls-warnings
  warnings.warn(

2026-10-08 19:45:26.865 87 INFO cinder.volume.drivers.lightos [None req-cb0b6bc6-04d8-4f7e-a2ef-45f4f891cdc9 6ca033a8c5dc46a6a9fbe9e3e7636f15 ba62d3b784ae49219be84272e2fa731a - - - -] Invoking delete_snapshot using DELETE url: /api/v2/projects/default/snapshots/9eb51af5-aaa5-40ea-80b5-ccde92aa6e2d?             request.body:  ssl_verify: False
2026-10-08 19:45:26.905 87 WARNING py.warnings [None req-cb0b6bc6-04d8-4f7e-a2ef-45f4f891cdc9 6ca033a8c5dc46a6a9fbe9e3e7636f15 ba62d3b784ae49219be84272e2fa731a - - - -] /var/lib/kolla/venv/lib/python3.12/site-packages/urllib3/connectionpool.py:1110: InsecureRequestWarning: Unverified HTTPS request is being made to host '[LB_IP_ADDRESS]'. Adding certificate verification is strongly advised. See: https://urllib3.readthedocs.io/en/latest/advanced-usage.html#tls-warnings
  warnings.warn(

2026-10-08 19:45:26.923 87 INFO cinder.volume.drivers.lightos [None req-cb0b6bc6-04d8-4f7e-a2ef-45f4f891cdc9 6ca033a8c5dc46a6a9fbe9e3e7636f15 ba62d3b784ae49219be84272e2fa731a - - - -] Invoking get_snapshot using GET url: /api/v2/projects/default/snapshots/9eb51af5-aaa5-40ea-80b5-ccde92aa6e2d             request.body: {} ssl_verify: False
2026-10-08 19:45:26.965 87 WARNING py.warnings [None req-cb0b6bc6-04d8-4f7e-a2ef-45f4f891cdc9 6ca033a8c5dc46a6a9fbe9e3e7636f15 ba62d3b784ae49219be84272e2fa731a - - - -] /var/lib/kolla/venv/lib/python3.12/site-packages/urllib3/connectionpool.py:1110: InsecureRequestWarning: Unverified HTTPS request is being made to host '[LB_IP_ADDRESS]'. Adding certificate verification is strongly advised. See: https://urllib3.readthedocs.io/en/latest/advanced-usage.html#tls-warnings
  warnings.warn(

2026-10-08 19:45:26.994 87 INFO cinder.volume.flows.manager.create_volume [None req-cb0b6bc6-04d8-4f7e-a2ef-45f4f891cdc9 6ca033a8c5dc46a6a9fbe9e3e7636f15 ba62d3b784ae49219be84272e2fa731a - - - -] Volume vol_70b8c4a0-8eed-4055-81ad-092dee14d736 (70b8c4a0-8eed-4055-81ad-092dee14d736): created successfully
2026-10-08 19:45:27.001 87 INFO cinder.volume.manager [None req-cb0b6bc6-04d8-4f7e-a2ef-45f4f891cdc9 6ca033a8c5dc46a6a9fbe9e3e7636f15 ba62d3b784ae49219be84272e2fa731a - - - -] Created volume successfully.
2026-10-08 19:45:27.076 87 INFO cinder.volume.drivers.lightos [None req-e5a4ff3b-a6a4-4e41-9912-11230cd8c83f e26dfe3989f14fd484444226330a3866 a9e39a9e79a84aa7a0004cb73784d066 - - default default] Invoking delete_volume using DELETE url: /api/v2/projects/default/volumes/dde00a74-2ded-44f4-b0bd-571abf522cf0?             request.body:  ssl_verify: False
2026-10-08 19:45:27.110 87 WARNING py.warnings [None req-e5a4ff3b-a6a4-4e41-9912-11230cd8c83f e26dfe3989f14fd484444226330a3866 a9e39a9e79a84aa7a0004cb73784d066 - - default default] /var/lib/kolla/venv/lib/python3.12/site-packages/urllib3/connectionpool.py:1110: InsecureRequestWarning: Unverified HTTPS request is being made to host '[LB_IP_ADDRESS]'. Adding certificate verification is strongly advised. See: https://urllib3.readthedocs.io/en/latest/advanced-usage.html#tls-warnings
  warnings.warn(

2026-10-08 19:45:27.132 87 INFO cinder.volume.drivers.lightos [None req-e5a4ff3b-a6a4-4e41-9912-11230cd8c83f e26dfe3989f14fd484444226330a3866 a9e39a9e79a84aa7a0004cb73784d066 - - default default] Invoking get_volume using GET url: /api/v2/projects/default/volumes/dde00a74-2ded-44f4-b0bd-571abf522cf0             request.body: {} ssl_verify: False
2026-10-08 19:45:27.175 87 WARNING py.warnings [None req-e5a4ff3b-a6a4-4e41-9912-11230cd8c83f e26dfe3989f14fd484444226330a3866 a9e39a9e79a84aa7a0004cb73784d066 - - default default] /var/lib/kolla/venv/lib/python3.12/site-packages/urllib3/connectionpool.py:1110: InsecureRequestWarning: Unverified HTTPS request is being made to host '[LB_IP_ADDRESS]'. Adding certificate verification is strongly advised. See: https://urllib3.readthedocs.io/en/latest/advanced-usage.html#tls-warnings
  warnings.warn(

2026-10-08 19:45:27.328 87 INFO cinder.volume.manager [None req-e5a4ff3b-a6a4-4e41-9912-11230cd8c83f e26dfe3989f14fd484444226330a3866 a9e39a9e79a84aa7a0004cb73784d066 - - default default] Deleted volume successfully.
2026-10-08 19:45:27.511 87 INFO cinder.volume.flows.manager.create_volume [None req-b3b75684-d6d5-402d-8a60-9c80ea052491 1c7638f2ee4b4e0db517cf68115f0df2 1c054b6c8d6e4ed1956024c08e7a5222 - - - -] Volume e440391a-4d97-441f-a9a3-22e75f511083: being created as raw with specification: {'status': 'creating', 'volume_name': 'vol_e440391a-4d97-441f-a9a3-22e75f511083', 'volume_size': 1}
2026-10-08 19:45:27.511 87 INFO cinder.volume.drivers.lightos [None req-b3b75684-d6d5-402d-8a60-9c80ea052491 1c7638f2ee4b4e0db517cf68115f0df2 1c054b6c8d6e4ed1956024c08e7a5222 - - - -] Invoking get_volume_by_name using GET url: /api/v2/projects/default/volumes/?name=vol_e440391a-4d97-441f-a9a3-22e75f511083             request.body: {} ssl_verify: False
2026-10-08 19:45:27.548 87 WARNING py.warnings [None req-b3b75684-d6d5-402d-8a60-9c80ea052491 1c7638f2ee4b4e0db517cf68115f0df2 1c054b6c8d6e4ed1956024c08e7a5222 - - - -] /var/lib/kolla/venv/lib/python3.12/site-packages/urllib3/connectionpool.py:1110: InsecureRequestWarning: Unverified HTTPS request is being made to host '[LB_IP_ADDRESS]'. Adding certificate verification is strongly advised. See: https://urllib3.readthedocs.io/en/latest/advanced-usage.html#tls-warnings
  warnings.warn(

2026-10-08 19:45:27.561 87 INFO cinder.volume.drivers.lightos [None req-b3b75684-d6d5-402d-8a60-9c80ea052491 1c7638f2ee4b4e0db517cf68115f0df2 1c054b6c8d6e4ed1956024c08e7a5222 - - - -] Invoking create_volume using POST url: /api/v2/projects/default/volumes             request.body: {'name': 'vol_e440391a-4d97-441f-a9a3-22e75f511083', 'size': '1 gib', 'replicaCount': '3', 'compression': 'False', 'acl': {'values': ['ALLOW_NONE']}, 'IPAcl': {'values': ['ALLOW_NONE']}, 'sourceSnapshotUUID': None, 'sourceSnapshotName': None} ssl_verify: False
2026-10-08 19:45:27.604 87 WARNING py.warnings [None req-b3b75684-d6d5-402d-8a60-9c80ea052491 1c7638f2ee4b4e0db517cf68115f0df2 1c054b6c8d6e4ed1956024c08e7a5222 - - - -] /var/lib/kolla/venv/lib/python3.12/site-packages/urllib3/connectionpool.py:1110: InsecureRequestWarning: Unverified HTTPS request is being made to host '[LB_IP_ADDRESS]'. Adding certificate verification is strongly advised. See: https://urllib3.readthedocs.io/en/latest/advanced-usage.html#tls-warnings
  warnings.warn(

2026-10-08 19:45:27.630 87 INFO cinder.volume.drivers.lightos [None req-b3b75684-d6d5-402d-8a60-9c80ea052491 1c7638f2ee4b4e0db517cf68115f0df2 1c054b6c8d6e4ed1956024c08e7a5222 - - - -] Invoking get_volume using GET url: /api/v2/projects/default/volumes/b5cf2819-b94a-40a5-b557-4dc507656af1             request.body: {} ssl_verify: False
2026-10-08 19:45:27.695 87 WARNING py.warnings [None req-b3b75684-d6d5-402d-8a60-9c80ea052491 1c7638f2ee4b4e0db517cf68115f0df2 1c054b6c8d6e4ed1956024c08e7a5222 - - - -] /var/lib/kolla/venv/lib/python3.12/site-packages/urllib3/connectionpool.py:1110: InsecureRequestWarning: Unverified HTTPS request is being made to host '[LB_IP_ADDRESS]'. Adding certificate verification is strongly advised. See: https://urllib3.readthedocs.io/en/latest/advanced-usage.html#tls-warnings
  warnings.warn(

2026-10-08 19:45:27.728 87 INFO cinder.volume.flows.manager.create_volume [None req-b3b75684-d6d5-402d-8a60-9c80ea052491 1c7638f2ee4b4e0db517cf68115f0df2 1c054b6c8d6e4ed1956024c08e7a5222 - - - -] Volume vol_e440391a-4d97-441f-a9a3-22e75f511083 (e440391a-4d97-441f-a9a3-22e75f511083): created successfully
2026-10-08 19:45:27.739 87 INFO cinder.volume.manager [None req-b3b75684-d6d5-402d-8a60-9c80ea052491 1c7638f2ee4b4e0db517cf68115f0df2 1c054b6c8d6e4ed1956024c08e7a5222 - - - -] Created volume successfully.
2026-10-08 19:45:28.041 87 INFO cinder.volume.flows.manager.create_volume [None req-79858410-95bd-4ab3-8e45-83804c24875f 6ca033a8c5dc46a6a9fbe9e3e7636f15 ba62d3b784ae49219be84272e2fa731a - - - -] Volume 047ecd33-5d12-43fa-8a0b-dd6c2d49dcb5: being created as raw with specification: {'status': 'creating', 'volume_name': 'vol_047ecd33-5d12-43fa-8a0b-dd6c2d49dcb5', 'volume_size': 1}
2026-10-08 19:45:28.041 87 INFO cinder.volume.drivers.lightos [None req-79858410-95bd-4ab3-8e45-83804c24875f 6ca033a8c5dc46a6a9fbe9e3e7636f15 ba62d3b784ae49219be84272e2fa731a - - - -] Invoking get_volume_by_name using GET url: /api/v2/projects/default/volumes/?name=vol_047ecd33-5d12-43fa-8a0b-dd6c2d49dcb5             request.body: {} ssl_verify: False
2026-10-08 19:45:28.103 87 WARNING py.warnings [None req-79858410-95bd-4ab3-8e45-83804c24875f 6ca033a8c5dc46a6a9fbe9e3e7636f15 ba62d3b784ae49219be84272e2fa731a - - - -] /var/lib/kolla/venv/lib/python3.12/site-packages/urllib3/connectionpool.py:1110: InsecureRequestWarning: Unverified HTTPS request is being made to host '[LB_IP_ADDRESS]'. Adding certificate verification is strongly advised. See: https://urllib3.readthedocs.io/en/latest/advanced-usage.html#tls-warnings
  warnings.warn(

2026-10-08 19:45:28.113 87 INFO cinder.volume.drivers.lightos [None req-79858410-95bd-4ab3-8e45-83804c24875f 6ca033a8c5dc46a6a9fbe9e3e7636f15 ba62d3b784ae49219be84272e2fa731a - - - -] Invoking create_volume using POST url: /api/v2/projects/default/volumes             request.body: {'name': 'vol_047ecd33-5d12-43fa-8a0b-dd6c2d49dcb5', 'size': '1 gib', 'replicaCount': '3', 'compression': 'False', 'acl': {'values': ['ALLOW_NONE']}, 'IPAcl': {'values': ['ALLOW_NONE']}, 'sourceSnapshotUUID': None, 'sourceSnapshotName': None} ssl_verify: False
2026-10-08 19:45:28.153 87 WARNING py.warnings [None req-79858410-95bd-4ab3-8e45-83804c24875f 6ca033a8c5dc46a6a9fbe9e3e7636f15 ba62d3b784ae49219be84272e2fa731a - - - -] /var/lib/kolla/venv/lib/python3.12/site-packages/urllib3/connectionpool.py:1110: InsecureRequestWarning: Unverified HTTPS request is being made to host '[LB_IP_ADDRESS]'. Adding certificate verification is strongly advised. See: https://urllib3.readthedocs.io/en/latest/advanced-usage.html#tls-warnings
  warnings.warn(

2026-10-08 19:45:28.173 87 INFO cinder.volume.drivers.lightos [None req-79858410-95bd-4ab3-8e45-83804c24875f 6ca033a8c5dc46a6a9fbe9e3e7636f15 ba62d3b784ae49219be84272e2fa731a - - - -] Invoking get_volume using GET url: /api/v2/projects/default/volumes/ebc3c085-f9b0-416e-b3c2-46d81f649154             request.body: {} ssl_verify: False
2026-10-08 19:45:28.213 87 WARNING py.warnings [None req-79858410-95bd-4ab3-8e45-83804c24875f 6ca033a8c5dc46a6a9fbe9e3e7636f15 ba62d3b784ae49219be84272e2fa731a - - - -] /var/lib/kolla/venv/lib/python3.12/site-packages/urllib3/connectionpool.py:1110: InsecureRequestWarning: Unverified HTTPS request is being made to host '[LB_IP_ADDRESS]'. Adding certificate verification is strongly advised. See: https://urllib3.readthedocs.io/en/latest/advanced-usage.html#tls-warnings
  warnings.warn(

2026-10-08 19:45:28.260 87 INFO cinder.volume.drivers.lightos [None req-2360ae53-532c-4dd9-8c2c-00b0aaa2d6cb e26dfe3989f14fd484444226330a3866 a9e39a9e79a84aa7a0004cb73784d066 - - default default] Invoking delete_volume using DELETE url: /api/v2/projects/default/volumes/6a39222c-1070-4285-96b3-91754d8df508?             request.body:  ssl_verify: False
2026-10-08 19:45:28.293 87 WARNING py.warnings [None req-2360ae53-532c-4dd9-8c2c-00b0aaa2d6cb e26dfe3989f14fd484444226330a3866 a9e39a9e79a84aa7a0004cb73784d066 - - default default] /var/lib/kolla/venv/lib/python3.12/site-packages/urllib3/connectionpool.py:1110: InsecureRequestWarning: Unverified HTTPS request is being made to host '[LB_IP_ADDRESS]'. Adding certificate verification is strongly advised. See: https://urllib3.readthedocs.io/en/latest/advanced-usage.html#tls-warnings
  warnings.warn(

2026-10-08 19:45:28.315 87 INFO cinder.volume.drivers.lightos [None req-2360ae53-532c-4dd9-8c2c-00b0aaa2d6cb e26dfe3989f14fd484444226330a3866 a9e39a9e79a84aa7a0004cb73784d066 - - default default] Invoking get_volume using GET url: /api/v2/projects/default/volumes/6a39222c-1070-4285-96b3-91754d8df508             request.body: {} ssl_verify: False
2026-10-08 19:45:28.363 87 WARNING py.warnings [None req-2360ae53-532c-4dd9-8c2c-00b0aaa2d6cb e26dfe3989f14fd484444226330a3866 a9e39a9e79a84aa7a0004cb73784d066 - - default default] /var/lib/kolla/venv/lib/python3.12/site-packages/urllib3/connectionpool.py:1110: InsecureRequestWarning: Unverified HTTPS request is being made to host '[LB_IP_ADDRESS]'. Adding certificate verification is strongly advised. See: https://urllib3.readthedocs.io/en/latest/advanced-usage.html#tls-warnings
  warnings.warn(

2026-10-08 19:45:28.526 87 INFO cinder.volume.manager [None req-2360ae53-532c-4dd9-8c2c-00b0aaa2d6cb e26dfe3989f14fd484444226330a3866 a9e39a9e79a84aa7a0004cb73784d066 - - default default] Deleted volume successfully.
2026-10-08 19:45:28.776 87 INFO cinder.volume.drivers.lightos [None req-3ff4f47a-2875-4d21-9cd4-e7f2a56bf1e0 1c7638f2ee4b4e0db517cf68115f0df2 1c054b6c8d6e4ed1956024c08e7a5222 - - - -] Invoking get_snapshot_by_name using GET url: /api/v2/projects/default/snapshots/?Name=snapshot-0a0ace8f-75ac-442c-a756-de31ecd4b57f             request.body: {} ssl_verify: False
2026-10-08 19:45:28.813 87 WARNING py.warnings [None req-3ff4f47a-2875-4d21-9cd4-e7f2a56bf1e0 1c7638f2ee4b4e0db517cf68115f0df2 1c054b6c8d6e4ed1956024c08e7a5222 - - - -] /var/lib/kolla/venv/lib/python3.12/site-packages/urllib3/connectionpool.py:1110: InsecureRequestWarning: Unverified HTTPS request is being made to host '[LB_IP_ADDRESS]'. Adding certificate verification is strongly advised. See: https://urllib3.readthedocs.io/en/latest/advanced-usage.html#tls-warnings
  warnings.warn(

2026-10-08 19:45:28.828 87 INFO cinder.volume.drivers.lightos [None req-3ff4f47a-2875-4d21-9cd4-e7f2a56bf1e0 1c7638f2ee4b4e0db517cf68115f0df2 1c054b6c8d6e4ed1956024c08e7a5222 - - - -] Invoking create_snapshot using POST url: /api/v2/projects/default/snapshots             request.body: {'name': 'snapshot-0a0ace8f-75ac-442c-a756-de31ecd4b57f', 'sourceVolumeUUID': None, 'sourceVolumeName': 'vol_e440391a-4d97-441f-a9a3-22e75f511083'} ssl_verify: False
2026-10-08 19:45:28.872 87 WARNING py.warnings [None req-3ff4f47a-2875-4d21-9cd4-e7f2a56bf1e0 1c7638f2ee4b4e0db517cf68115f0df2 1c054b6c8d6e4ed1956024c08e7a5222 - - - -] /var/lib/kolla/venv/lib/python3.12/site-packages/urllib3/connectionpool.py:1110: InsecureRequestWarning: Unverified HTTPS request is being made to host '[LB_IP_ADDRESS]'. Adding certificate verification is strongly advised. See: https://urllib3.readthedocs.io/en/latest/advanced-usage.html#tls-warnings
  warnings.warn(

2026-10-08 19:45:28.925 87 INFO cinder.volume.drivers.lightos [None req-3ff4f47a-2875-4d21-9cd4-e7f2a56bf1e0 1c7638f2ee4b4e0db517cf68115f0df2 1c054b6c8d6e4ed1956024c08e7a5222 - - - -] Invoking get_snapshot_by_name using GET url: /api/v2/projects/default/snapshots/?Name=snapshot-0a0ace8f-75ac-442c-a756-de31ecd4b57f             request.body: {} ssl_verify: False
2026-10-08 19:45:28.972 87 WARNING py.warnings [None req-3ff4f47a-2875-4d21-9cd4-e7f2a56bf1e0 1c7638f2ee4b4e0db517cf68115f0df2 1c054b6c8d6e4ed1956024c08e7a5222 - - - -] /var/lib/kolla/venv/lib/python3.12/site-packages/urllib3/connectionpool.py:1110: InsecureRequestWarning: Unverified HTTPS request is being made to host '[LB_IP_ADDRESS]'. Adding certificate verification is strongly advised. See: https://urllib3.readthedocs.io/en/latest/advanced-usage.html#tls-warnings
  warnings.warn(

2026-10-08 19:45:29.237 87 INFO cinder.volume.drivers.lightos [None req-79858410-95bd-4ab3-8e45-83804c24875f 6ca033a8c5dc46a6a9fbe9e3e7636f15 ba62d3b784ae49219be84272e2fa731a - - - -] Invoking get_volume using GET url: /api/v2/projects/default/volumes/ebc3c085-f9b0-416e-b3c2-46d81f649154             request.body: {} ssl_verify: False
2026-10-08 19:45:29.283 87 WARNING py.warnings [None req-79858410-95bd-4ab3-8e45-83804c24875f 6ca033a8c5dc46a6a9fbe9e3e7636f15 ba62d3b784ae49219be84272e2fa731a - - - -] /var/lib/kolla/venv/lib/python3.12/site-packages/urllib3/connectionpool.py:1110: InsecureRequestWarning: Unverified HTTPS request is being made to host '[LB_IP_ADDRESS]'. Adding certificate verification is strongly advised. See: https://urllib3.readthedocs.io/en/latest/advanced-usage.html#tls-warnings
  warnings.warn(

2026-10-08 19:45:29.320 87 INFO cinder.volume.flows.manager.create_volume [None req-79858410-95bd-4ab3-8e45-83804c24875f 6ca033a8c5dc46a6a9fbe9e3e7636f15 ba62d3b784ae49219be84272e2fa731a - - - -] Volume vol_047ecd33-5d12-43fa-8a0b-dd6c2d49dcb5 (047ecd33-5d12-43fa-8a0b-dd6c2d49dcb5): created successfully
2026-10-08 19:45:29.330 87 INFO cinder.volume.manager [None req-79858410-95bd-4ab3-8e45-83804c24875f 6ca033a8c5dc46a6a9fbe9e3e7636f15 ba62d3b784ae49219be84272e2fa731a - - - -] Created volume successfully.
2026-10-08 19:45:30.017 87 INFO cinder.volume.drivers.lightos [None req-3ff4f47a-2875-4d21-9cd4-e7f2a56bf1e0 1c7638f2ee4b4e0db517cf68115f0df2 1c054b6c8d6e4ed1956024c08e7a5222 - - - -] Invoking get_snapshot_by_name using GET url: /api/v2/projects/default/snapshots/?Name=snapshot-0a0ace8f-75ac-442c-a756-de31ecd4b57f             request.body: {} ssl_verify: False
2026-10-08 19:45:30.068 87 WARNING py.warnings [None req-3ff4f47a-2875-4d21-9cd4-e7f2a56bf1e0 1c7638f2ee4b4e0db517cf68115f0df2 1c054b6c8d6e4ed1956024c08e7a5222 - - - -] /var/lib/kolla/venv/lib/python3.12/site-packages/urllib3/connectionpool.py:1110: InsecureRequestWarning: Unverified HTTPS request is being made to host '[LB_IP_ADDRESS]'. Adding certificate verification is strongly advised. See: https://urllib3.readthedocs.io/en/latest/advanced-usage.html#tls-warnings
  warnings.warn(

2026-10-08 19:45:30.114 87 INFO cinder.volume.manager [None req-3ff4f47a-2875-4d21-9cd4-e7f2a56bf1e0 1c7638f2ee4b4e0db517cf68115f0df2 1c054b6c8d6e4ed1956024c08e7a5222 - - - -] Create snapshot completed successfully
2026-10-08 19:45:30.240 87 INFO cinder.volume.drivers.lightos [None req-3cbb8d83-efb0-4ac0-8e4e-c8dcb25d2208 6ca033a8c5dc46a6a9fbe9e3e7636f15 ba62d3b784ae49219be84272e2fa731a - - default default] Invoking delete_volume using DELETE url: /api/v2/projects/default/volumes/ebc3c085-f9b0-416e-b3c2-46d81f649154?             request.body:  ssl_verify: False
2026-10-08 19:45:30.278 87 WARNING py.warnings [None req-3cbb8d83-efb0-4ac0-8e4e-c8dcb25d2208 6ca033a8c5dc46a6a9fbe9e3e7636f15 ba62d3b784ae49219be84272e2fa731a - - default default] /var/lib/kolla/venv/lib/python3.12/site-packages/urllib3/connectionpool.py:1110: InsecureRequestWarning: Unverified HTTPS request is being made to host '[LB_IP_ADDRESS]'. Adding certificate verification is strongly advised. See: https://urllib3.readthedocs.io/en/latest/advanced-usage.html#tls-warnings
  warnings.warn(

2026-10-08 19:45:30.306 87 INFO cinder.volume.drivers.lightos [None req-3cbb8d83-efb0-4ac0-8e4e-c8dcb25d2208 6ca033a8c5dc46a6a9fbe9e3e7636f15 ba62d3b784ae49219be84272e2fa731a - - default default] Invoking get_volume using GET url: /api/v2/projects/default/volumes/ebc3c085-f9b0-416e-b3c2-46d81f649154             request.body: {} ssl_verify: False
2026-10-08 19:45:30.351 87 WARNING py.warnings [None req-3cbb8d83-efb0-4ac0-8e4e-c8dcb25d2208 6ca033a8c5dc46a6a9fbe9e3e7636f15 ba62d3b784ae49219be84272e2fa731a - - default default] /var/lib/kolla/venv/lib/python3.12/site-packages/urllib3/connectionpool.py:1110: InsecureRequestWarning: Unverified HTTPS request is being made to host '[LB_IP_ADDRESS]'. Adding certificate verification is strongly advised. See: https://urllib3.readthedocs.io/en/latest/advanced-usage.html#tls-warnings
  warnings.warn(

2026-10-08 19:45:30.499 87 INFO cinder.volume.manager [None req-3cbb8d83-efb0-4ac0-8e4e-c8dcb25d2208 6ca033a8c5dc46a6a9fbe9e3e7636f15 ba62d3b784ae49219be84272e2fa731a - - default default] Deleted volume successfully.
2026-10-08 19:45:31.041 87 INFO cinder.volume.drivers.lightos [None req-37c8fecc-91c0-4c8b-9a60-65d210cfde16 1c7638f2ee4b4e0db517cf68115f0df2 1c054b6c8d6e4ed1956024c08e7a5222 - - - -] Invoking get_snapshot_by_name using GET url: /api/v2/projects/default/snapshots/?Name=snapshot-af8b226e-7836-40fa-ab4a-c5e2393e5a9e             request.body: {} ssl_verify: False
2026-10-08 19:45:31.078 87 WARNING py.warnings [None req-37c8fecc-91c0-4c8b-9a60-65d210cfde16 1c7638f2ee4b4e0db517cf68115f0df2 1c054b6c8d6e4ed1956024c08e7a5222 - - - -] /var/lib/kolla/venv/lib/python3.12/site-packages/urllib3/connectionpool.py:1110: InsecureRequestWarning: Unverified HTTPS request is being made to host '[LB_IP_ADDRESS]'. Adding certificate verification is strongly advised. See: https://urllib3.readthedocs.io/en/latest/advanced-usage.html#tls-warnings
  warnings.warn(

2026-10-08 19:45:31.089 87 INFO cinder.volume.drivers.lightos [None req-37c8fecc-91c0-4c8b-9a60-65d210cfde16 1c7638f2ee4b4e0db517cf68115f0df2 1c054b6c8d6e4ed1956024c08e7a5222 - - - -] Invoking create_snapshot using POST url: /api/v2/projects/default/snapshots             request.body: {'name': 'snapshot-af8b226e-7836-40fa-ab4a-c5e2393e5a9e', 'sourceVolumeUUID': None, 'sourceVolumeName': 'vol_e440391a-4d97-441f-a9a3-22e75f511083'} ssl_verify: False
2026-10-08 19:45:31.133 87 WARNING py.warnings [None req-37c8fecc-91c0-4c8b-9a60-65d210cfde16 1c7638f2ee4b4e0db517cf68115f0df2 1c054b6c8d6e4ed1956024c08e7a5222 - - - -] /var/lib/kolla/venv/lib/python3.12/site-packages/urllib3/connectionpool.py:1110: InsecureRequestWarning: Unverified HTTPS request is being made to host '[LB_IP_ADDRESS]'. Adding certificate verification is strongly advised. See: https://urllib3.readthedocs.io/en/latest/advanced-usage.html#tls-warnings
  warnings.warn(

2026-10-08 19:45:31.162 87 INFO cinder.volume.drivers.lightos [None req-37c8fecc-91c0-4c8b-9a60-65d210cfde16 1c7638f2ee4b4e0db517cf68115f0df2 1c054b6c8d6e4ed1956024c08e7a5222 - - - -] Invoking get_snapshot_by_name using GET url: /api/v2/projects/default/snapshots/?Name=snapshot-af8b226e-7836-40fa-ab4a-c5e2393e5a9e             request.body: {} ssl_verify: False
2026-10-08 19:45:31.205 87 WARNING py.warnings [None req-37c8fecc-91c0-4c8b-9a60-65d210cfde16 1c7638f2ee4b4e0db517cf68115f0df2 1c054b6c8d6e4ed1956024c08e7a5222 - - - -] /var/lib/kolla/venv/lib/python3.12/site-packages/urllib3/connectionpool.py:1110: InsecureRequestWarning: Unverified HTTPS request is being made to host '[LB_IP_ADDRESS]'. Adding certificate verification is strongly advised. See: https://urllib3.readthedocs.io/en/latest/advanced-usage.html#tls-warnings
  warnings.warn(

2026-10-08 19:45:31.380 87 INFO cinder.volume.drivers.lightos [None req-26d454d5-19cf-4b96-a4ad-9b1e4aa01dd5 6ca033a8c5dc46a6a9fbe9e3e7636f15 ba62d3b784ae49219be84272e2fa731a - - default default] Invoking delete_volume using DELETE url: /api/v2/projects/default/volumes/c9ad464d-986f-4337-bc37-c4a6e6d47aa8?             request.body:  ssl_verify: False
2026-10-08 19:45:31.413 87 WARNING py.warnings [None req-26d454d5-19cf-4b96-a4ad-9b1e4aa01dd5 6ca033a8c5dc46a6a9fbe9e3e7636f15 ba62d3b784ae49219be84272e2fa731a - - default default] /var/lib/kolla/venv/lib/python3.12/site-packages/urllib3/connectionpool.py:1110: InsecureRequestWarning: Unverified HTTPS request is being made to host '[LB_IP_ADDRESS]'. Adding certificate verification is strongly advised. See: https://urllib3.readthedocs.io/en/latest/advanced-usage.html#tls-warnings
  warnings.warn(

2026-10-08 19:45:31.440 87 INFO cinder.volume.drivers.lightos [None req-26d454d5-19cf-4b96-a4ad-9b1e4aa01dd5 6ca033a8c5dc46a6a9fbe9e3e7636f15 ba62d3b784ae49219be84272e2fa731a - - default default] Invoking get_volume using GET url: /api/v2/projects/default/volumes/c9ad464d-986f-4337-bc37-c4a6e6d47aa8             request.body: {} ssl_verify: False
2026-10-08 19:45:31.482 87 WARNING py.warnings [None req-26d454d5-19cf-4b96-a4ad-9b1e4aa01dd5 6ca033a8c5dc46a6a9fbe9e3e7636f15 ba62d3b784ae49219be84272e2fa731a - - default default] /var/lib/kolla/venv/lib/python3.12/site-packages/urllib3/connectionpool.py:1110: InsecureRequestWarning: Unverified HTTPS request is being made to host '[LB_IP_ADDRESS]'. Adding certificate verification is strongly advised. See: https://urllib3.readthedocs.io/en/latest/advanced-usage.html#tls-warnings
  warnings.warn(

2026-10-08 19:45:31.644 87 INFO cinder.volume.manager [None req-26d454d5-19cf-4b96-a4ad-9b1e4aa01dd5 6ca033a8c5dc46a6a9fbe9e3e7636f15 ba62d3b784ae49219be84272e2fa731a - - default default] Deleted volume successfully.
2026-10-08 19:45:32.272 87 INFO cinder.volume.drivers.lightos [None req-37c8fecc-91c0-4c8b-9a60-65d210cfde16 1c7638f2ee4b4e0db517cf68115f0df2 1c054b6c8d6e4ed1956024c08e7a5222 - - - -] Invoking get_snapshot_by_name using GET url: /api/v2/projects/default/snapshots/?Name=snapshot-af8b226e-7836-40fa-ab4a-c5e2393e5a9e             request.body: {} ssl_verify: False
2026-10-08 19:45:32.317 87 WARNING py.warnings [None req-37c8fecc-91c0-4c8b-9a60-65d210cfde16 1c7638f2ee4b4e0db517cf68115f0df2 1c054b6c8d6e4ed1956024c08e7a5222 - - - -] /var/lib/kolla/venv/lib/python3.12/site-packages/urllib3/connectionpool.py:1110: InsecureRequestWarning: Unverified HTTPS request is being made to host '[LB_IP_ADDRESS]'. Adding certificate verification is strongly advised. See: https://urllib3.readthedocs.io/en/latest/advanced-usage.html#tls-warnings
  warnings.warn(

2026-10-08 19:45:32.339 87 INFO cinder.volume.manager [None req-37c8fecc-91c0-4c8b-9a60-65d210cfde16 1c7638f2ee4b4e0db517cf68115f0df2 1c054b6c8d6e4ed1956024c08e7a5222 - - - -] Create snapshot completed successfully
2026-10-08 19:45:32.545 87 INFO cinder.volume.drivers.lightos [None req-780da783-dd98-48ba-be3e-9c3436c8d686 6ca033a8c5dc46a6a9fbe9e3e7636f15 ba62d3b784ae49219be84272e2fa731a - - default default] Invoking delete_volume using DELETE url: /api/v2/projects/default/volumes/cab50582-e8d3-476b-a1ca-22faeb6864c9?             request.body:  ssl_verify: False
2026-10-08 19:45:32.580 87 WARNING py.warnings [None req-780da783-dd98-48ba-be3e-9c3436c8d686 6ca033a8c5dc46a6a9fbe9e3e7636f15 ba62d3b784ae49219be84272e2fa731a - - default default] /var/lib/kolla/venv/lib/python3.12/site-packages/urllib3/connectionpool.py:1110: InsecureRequestWarning: Unverified HTTPS request is being made to host '[LB_IP_ADDRESS]'. Adding certificate verification is strongly advised. See: https://urllib3.readthedocs.io/en/latest/advanced-usage.html#tls-warnings
  warnings.warn(

2026-10-08 19:45:32.614 87 INFO cinder.volume.drivers.lightos [None req-780da783-dd98-48ba-be3e-9c3436c8d686 6ca033a8c5dc46a6a9fbe9e3e7636f15 ba62d3b784ae49219be84272e2fa731a - - default default] Invoking get_volume using GET url: /api/v2/projects/default/volumes/cab50582-e8d3-476b-a1ca-22faeb6864c9             request.body: {} ssl_verify: False
2026-10-08 19:45:32.657 87 WARNING py.warnings [None req-780da783-dd98-48ba-be3e-9c3436c8d686 6ca033a8c5dc46a6a9fbe9e3e7636f15 ba62d3b784ae49219be84272e2fa731a - - default default] /var/lib/kolla/venv/lib/python3.12/site-packages/urllib3/connectionpool.py:1110: InsecureRequestWarning: Unverified HTTPS request is being made to host '[LB_IP_ADDRESS]'. Adding certificate verification is strongly advised. See: https://urllib3.readthedocs.io/en/latest/advanced-usage.html#tls-warnings
  warnings.warn(

2026-10-08 19:45:32.706 87 WARNING cinder.image.glance [None req-24bf2cd4-0efd-4e8e-b424-435b785174fb 7c36d3eeecdf4fa493b2f686cb30e462 45b2289512664de4983503830323aac7 - - - -] Glance method get_image_locations is available but a dedicated [glance] section is required in the cinder configuration file to allow service-to-service communication.: glanceclient.exc.HTTPForbidden: HTTP 403 Forbidden: You are not authorized to complete fetch_image_location action.
2026-10-08 19:45:32.785 87 INFO cinder.volume.flows.manager.create_volume [None req-24bf2cd4-0efd-4e8e-b424-435b785174fb 7c36d3eeecdf4fa493b2f686cb30e462 45b2289512664de4983503830323aac7 - - - -] Volume 7ff63e68-6b05-4f69-85b3-10e408cd0c4b: being created as image with specification: {'status': 'creating', 'volume_name': 'vol_7ff63e68-6b05-4f69-85b3-10e408cd0c4b', 'volume_size': 1, 'image_id': '545c8ea5-cae4-4d3e-b3ff-02364f54bc85', 'image_location': (None, []), 'image_meta': {'name': 'cirros', 'disk_format': 'qcow2', 'container_format': 'bare', 'visibility': 'public', 'size': 12716032, 'virtual_size': 46137344, 'status': 'active', 'checksum': '443b7623e27ecf03dc9e01ee93f67afe', 'protected': False, 'min_ram': 0, 'min_disk': 0, 'owner': 'fa83639000624d7785ca4a397a2ed070', 'os_hidden': False, 'os_hash_algo': 'sha512', 'os_hash_value': '6513f21e44aa3da349f248188a44bc304a3653a04122d8fb4535423c8e1d14cd6a153f735bb0982e2161b5b5186106570c17a9e58b64dd39390617cd5a350f78', 'id': '545c8ea5-cae4-4d3e-b3ff-02364f54bc85', 'created_at': datetime.datetime(2026, 9, 6, 8, 21, 35, tzinfo=datetime.timezone.utc), 'updated_at': datetime.datetime(2026, 9, 6, 8, 21, 35, tzinfo=datetime.timezone.utc), 'tags': [], 'file': '/v2/images/545c8ea5-cae4-4d3e-b3ff-02364f54bc85/file', 'stores': 'file', 'properties': {'owner_specified.openstack.md5': '', 'owner_specified.openstack.object': 'images/cirros', 'owner_specified.openstack.sha256': ''}}, 'image_service': <cinder.image.glance.GlanceImageService object at 0x790c243de750>}
2026-10-08 19:45:32.804 87 INFO cinder.volume.manager [None req-780da783-dd98-48ba-be3e-9c3436c8d686 6ca033a8c5dc46a6a9fbe9e3e7636f15 ba62d3b784ae49219be84272e2fa731a - - default default] Deleted volume successfully.
2026-10-08 19:45:32.988 87 INFO cinder.image.image_utils [None req-24bf2cd4-0efd-4e8e-b424-435b785174fb 7c36d3eeecdf4fa493b2f686cb30e462 45b2289512664de4983503830323aac7 - - - -] Image download 12.13 MB at 12.13 MB/s
2026-10-08 19:45:33.332 87 INFO cinder.volume.drivers.lightos [None req-604cf6e5-9ce7-4bf3-a840-5a177c6d892c 1c7638f2ee4b4e0db517cf68115f0df2 1c054b6c8d6e4ed1956024c08e7a5222 - - - -] Invoking get_snapshot_by_name using GET url: /api/v2/projects/default/snapshots/?Name=snapshot-78010951-a26f-4495-9f97-4505989d586b             request.body: {} ssl_verify: False
2026-10-08 19:45:33.371 87 WARNING py.warnings [None req-604cf6e5-9ce7-4bf3-a840-5a177c6d892c 1c7638f2ee4b4e0db517cf68115f0df2 1c054b6c8d6e4ed1956024c08e7a5222 - - - -] /var/lib/kolla/venv/lib/python3.12/site-packages/urllib3/connectionpool.py:1110: InsecureRequestWarning: Unverified HTTPS request is being made to host '[LB_IP_ADDRESS]'. Adding certificate verification is strongly advised. See: https://urllib3.readthedocs.io/en/latest/advanced-usage.html#tls-warnings
  warnings.warn(

2026-10-08 19:45:33.383 87 INFO cinder.volume.drivers.lightos [None req-604cf6e5-9ce7-4bf3-a840-5a177c6d892c 1c7638f2ee4b4e0db517cf68115f0df2 1c054b6c8d6e4ed1956024c08e7a5222 - - - -] Invoking create_snapshot using POST url: /api/v2/projects/default/snapshots             request.body: {'name': 'snapshot-78010951-a26f-4495-9f97-4505989d586b', 'sourceVolumeUUID': None, 'sourceVolumeName': 'vol_e440391a-4d97-441f-a9a3-22e75f511083'} ssl_verify: False
2026-10-08 19:45:33.422 87 WARNING py.warnings [None req-604cf6e5-9ce7-4bf3-a840-5a177c6d892c 1c7638f2ee4b4e0db517cf68115f0df2 1c054b6c8d6e4ed1956024c08e7a5222 - - - -] /var/lib/kolla/venv/lib/python3.12/site-packages/urllib3/connectionpool.py:1110: InsecureRequestWarning: Unverified HTTPS request is being made to host '[LB_IP_ADDRESS]'. Adding certificate verification is strongly advised. See: https://urllib3.readthedocs.io/en/latest/advanced-usage.html#tls-warnings
  warnings.warn(

2026-10-08 19:45:33.476 87 INFO cinder.volume.drivers.lightos [None req-604cf6e5-9ce7-4bf3-a840-5a177c6d892c 1c7638f2ee4b4e0db517cf68115f0df2 1c054b6c8d6e4ed1956024c08e7a5222 - - - -] Invoking get_snapshot_by_name using GET url: /api/v2/projects/default/snapshots/?Name=snapshot-78010951-a26f-4495-9f97-4505989d586b             request.body: {} ssl_verify: False
2026-10-08 19:45:33.540 87 WARNING py.warnings [None req-604cf6e5-9ce7-4bf3-a840-5a177c6d892c 1c7638f2ee4b4e0db517cf68115f0df2 1c054b6c8d6e4ed1956024c08e7a5222 - - - -] /var/lib/kolla/venv/lib/python3.12/site-packages/urllib3/connectionpool.py:1110: InsecureRequestWarning: Unverified HTTPS request is being made to host '[LB_IP_ADDRESS]'. Adding certificate verification is strongly advised. See: https://urllib3.readthedocs.io/en/latest/advanced-usage.html#tls-warnings
  warnings.warn(

2026-10-08 19:45:33.792 87 INFO cinder.volume.drivers.lightos [None req-24bf2cd4-0efd-4e8e-b424-435b785174fb 7c36d3eeecdf4fa493b2f686cb30e462 45b2289512664de4983503830323aac7 - - - -] Invoking get_volume_by_name using GET url: /api/v2/projects/default/volumes/?name=vol_7ff63e68-6b05-4f69-85b3-10e408cd0c4b             request.body: {} ssl_verify: False
2026-10-08 19:45:33.826 87 WARNING py.warnings [None req-24bf2cd4-0efd-4e8e-b424-435b785174fb 7c36d3eeecdf4fa493b2f686cb30e462 45b2289512664de4983503830323aac7 - - - -] /var/lib/kolla/venv/lib/python3.12/site-packages/urllib3/connectionpool.py:1110: InsecureRequestWarning: Unverified HTTPS request is being made to host '[LB_IP_ADDRESS]'. Adding certificate verification is strongly advised. See: https://urllib3.readthedocs.io/en/latest/advanced-usage.html#tls-warnings
  warnings.warn(

2026-10-08 19:45:33.836 87 INFO cinder.volume.drivers.lightos [None req-24bf2cd4-0efd-4e8e-b424-435b785174fb 7c36d3eeecdf4fa493b2f686cb30e462 45b2289512664de4983503830323aac7 - - - -] Invoking create_volume using POST url: /api/v2/projects/default/volumes             request.body: {'name': 'vol_7ff63e68-6b05-4f69-85b3-10e408cd0c4b', 'size': '1 gib', 'replicaCount': '3', 'compression': 'False', 'acl': {'values': ['ALLOW_NONE']}, 'IPAcl': {'values': ['ALLOW_NONE']}, 'sourceSnapshotUUID': None, 'sourceSnapshotName': None} ssl_verify: False
2026-10-08 19:45:33.874 87 WARNING py.warnings [None req-24bf2cd4-0efd-4e8e-b424-435b785174fb 7c36d3eeecdf4fa493b2f686cb30e462 45b2289512664de4983503830323aac7 - - - -] /var/lib/kolla/venv/lib/python3.12/site-packages/urllib3/connectionpool.py:1110: InsecureRequestWarning: Unverified HTTPS request is being made to host '[LB_IP_ADDRESS]'. Adding certificate verification is strongly advised. See: https://urllib3.readthedocs.io/en/latest/advanced-usage.html#tls-warnings
  warnings.warn(

2026-10-08 19:45:33.900 87 INFO cinder.volume.drivers.lightos [None req-24bf2cd4-0efd-4e8e-b424-435b785174fb 7c36d3eeecdf4fa493b2f686cb30e462 45b2289512664de4983503830323aac7 - - - -] Invoking get_volume using GET url: /api/v2/projects/default/volumes/a4ddb3b5-6f7f-4519-8e4d-cf47e2851ffe             request.body: {} ssl_verify: False
2026-10-08 19:45:33.943 87 WARNING py.warnings [None req-24bf2cd4-0efd-4e8e-b424-435b785174fb 7c36d3eeecdf4fa493b2f686cb30e462 45b2289512664de4983503830323aac7 - - - -] /var/lib/kolla/venv/lib/python3.12/site-packages/urllib3/connectionpool.py:1110: InsecureRequestWarning: Unverified HTTPS request is being made to host '[LB_IP_ADDRESS]'. Adding certificate verification is strongly advised. See: https://urllib3.readthedocs.io/en/latest/advanced-usage.html#tls-warnings
  warnings.warn(

2026-10-08 19:45:34.558 87 INFO cinder.volume.drivers.lightos [None req-604cf6e5-9ce7-4bf3-a840-5a177c6d892c 1c7638f2ee4b4e0db517cf68115f0df2 1c054b6c8d6e4ed1956024c08e7a5222 - - - -] Invoking get_snapshot_by_name using GET url: /api/v2/projects/default/snapshots/?Name=snapshot-78010951-a26f-4495-9f97-4505989d586b             request.body: {} ssl_verify: False
2026-10-08 19:45:34.604 87 WARNING py.warnings [None req-604cf6e5-9ce7-4bf3-a840-5a177c6d892c 1c7638f2ee4b4e0db517cf68115f0df2 1c054b6c8d6e4ed1956024c08e7a5222 - - - -] /var/lib/kolla/venv/lib/python3.12/site-packages/urllib3/connectionpool.py:1110: InsecureRequestWarning: Unverified HTTPS request is being made to host '[LB_IP_ADDRESS]'. Adding certificate verification is strongly advised. See: https://urllib3.readthedocs.io/en/latest/advanced-usage.html#tls-warnings
  warnings.warn(

2026-10-08 19:45:34.640 87 INFO cinder.volume.manager [None req-604cf6e5-9ce7-4bf3-a840-5a177c6d892c 1c7638f2ee4b4e0db517cf68115f0df2 1c054b6c8d6e4ed1956024c08e7a5222 - - - -] Create snapshot completed successfully
2026-10-08 19:45:34.966 87 INFO cinder.volume.drivers.lightos [None req-24bf2cd4-0efd-4e8e-b424-435b785174fb 7c36d3eeecdf4fa493b2f686cb30e462 45b2289512664de4983503830323aac7 - - - -] Invoking get_volume using GET url: /api/v2/projects/default/volumes/a4ddb3b5-6f7f-4519-8e4d-cf47e2851ffe             request.body: {} ssl_verify: False
2026-10-08 19:45:35.013 87 WARNING py.warnings [None req-24bf2cd4-0efd-4e8e-b424-435b785174fb 7c36d3eeecdf4fa493b2f686cb30e462 45b2289512664de4983503830323aac7 - - - -] /var/lib/kolla/venv/lib/python3.12/site-packages/urllib3/connectionpool.py:1110: InsecureRequestWarning: Unverified HTTPS request is being made to host '[LB_IP_ADDRESS]'. Adding certificate verification is strongly advised. See: https://urllib3.readthedocs.io/en/latest/advanced-usage.html#tls-warnings
  warnings.warn(

2026-10-08 19:45:35.105 87 INFO os_brick.initiator.connectors.lightos [None req-24bf2cd4-0efd-4e8e-b424-435b785174fb 7c36d3eeecdf4fa493b2f686cb30e462 45b2289512664de4983503830323aac7 - - - -] Current host hostNQN nqn.2014-08.org.nvmexpress:uuid:1136ecdd-b326-5080-93cd-b4d75d7810d9 and IP(s) are ['[LB_IP_ADDRESS]', 'fe80::3e47:9a62:83ae:42f6', '[LB_IP_ADDRESS]', 'fe80::1527:3e78:1ef1:1fe7', '[LB_IP_ADDRESS]', 'fd00::a:13:1a:6', 'fe80::5fef:b54a:d77d:fcd4'] 
2026-10-08 19:45:35.106 87 INFO cinder.volume.drivers.lightos [None req-24bf2cd4-0efd-4e8e-b424-435b785174fb 7c36d3eeecdf4fa493b2f686cb30e462 45b2289512664de4983503830323aac7 - - - -] Current host hostNQN is nqn.2014-08.org.nvmexpress:uuid:1136ecdd-b326-5080-93cd-b4d75d7810d9 and IP(s) are ['[LB_IP_ADDRESS]', 'fe80::3e47:9a62:83ae:42f6', '[LB_IP_ADDRESS]', 'fe80::1527:3e78:1ef1:1fe7', '[LB_IP_ADDRESS]', 'fd00::a:13:1a:6', 'fe80::5fef:b54a:d77d:fcd4']
2026-10-08 19:45:35.112 87 INFO cinder.volume.drivers.lightos [None req-24bf2cd4-0efd-4e8e-b424-435b785174fb 7c36d3eeecdf4fa493b2f686cb30e462 45b2289512664de4983503830323aac7 - - - -] Invoking get_volume_by_name using GET url: /api/v2/projects/default/volumes/?name=vol_7ff63e68-6b05-4f69-85b3-10e408cd0c4b             request.body: {} ssl_verify: False
2026-10-08 19:45:35.157 87 WARNING py.warnings [None req-24bf2cd4-0efd-4e8e-b424-435b785174fb 7c36d3eeecdf4fa493b2f686cb30e462 45b2289512664de4983503830323aac7 - - - -] /var/lib/kolla/venv/lib/python3.12/site-packages/urllib3/connectionpool.py:1110: InsecureRequestWarning: Unverified HTTPS request is being made to host '[LB_IP_ADDRESS]'. Adding certificate verification is strongly advised. See: https://urllib3.readthedocs.io/en/latest/advanced-usage.html#tls-warnings
  warnings.warn(

2026-10-08 19:45:35.174 87 INFO cinder.volume.drivers.lightos [None req-24bf2cd4-0efd-4e8e-b424-435b785174fb 7c36d3eeecdf4fa493b2f686cb30e462 45b2289512664de4983503830323aac7 - - - -] Invoking update_volume using PUT url: /api/v2/projects/default/volumes/a4ddb3b5-6f7f-4519-8e4d-cf47e2851ffe             request.body: {'acl': {'values': ['nqn.2014-08.org.nvmexpress:uuid:1136ecdd-b326-5080-93cd-b4d75d7810d9']}, 'IPAcl': {'values': ['fe80::3e47:9a62:83ae:42f6', 'fe80::1527:3e78:1ef1:1fe7', '[LB_IP_ADDRESS]', '[LB_IP_ADDRESS]', 'fe80::5fef:b54a:d77d:fcd4', 'fd00::a:13:1a:6', '[LB_IP_ADDRESS]']}} ssl_verify: False
2026-10-08 19:45:35.214 87 WARNING py.warnings [None req-24bf2cd4-0efd-4e8e-b424-435b785174fb 7c36d3eeecdf4fa493b2f686cb30e462 45b2289512664de4983503830323aac7 - - - -] /var/lib/kolla/venv/lib/python3.12/site-packages/urllib3/connectionpool.py:1110: InsecureRequestWarning: Unverified HTTPS request is being made to host '[LB_IP_ADDRESS]'. Adding certificate verification is strongly advised. See: https://urllib3.readthedocs.io/en/latest/advanced-usage.html#tls-warnings
  warnings.warn(

2026-10-08 19:45:35.235 87 INFO cinder.volume.drivers.lightos [None req-24bf2cd4-0efd-4e8e-b424-435b785174fb 7c36d3eeecdf4fa493b2f686cb30e462 45b2289512664de4983503830323aac7 - - - -] Invoking get_volume_by_name using GET url: /api/v2/projects/default/volumes/?name=vol_7ff63e68-6b05-4f69-85b3-10e408cd0c4b             request.body: {} ssl_verify: False
2026-10-08 19:45:35.279 87 WARNING py.warnings [None req-24bf2cd4-0efd-4e8e-b424-435b785174fb 7c36d3eeecdf4fa493b2f686cb30e462 45b2289512664de4983503830323aac7 - - - -] /var/lib/kolla/venv/lib/python3.12/site-packages/urllib3/connectionpool.py:1110: InsecureRequestWarning: Unverified HTTPS request is being made to host '[LB_IP_ADDRESS]'. Adding certificate verification is strongly advised. See: https://urllib3.readthedocs.io/en/latest/advanced-usage.html#tls-warnings
  warnings.warn(

2026-10-08 19:45:35.992 87 INFO cinder.volume.drivers.lightos [None req-283050b4-b7e6-4412-90f1-1195c53b3320 1c7638f2ee4b4e0db517cf68115f0df2 1c054b6c8d6e4ed1956024c08e7a5222 - - default default] Invoking get_snapshot_by_name using GET url: /api/v2/projects/default/snapshots/?Name=snapshot-78010951-a26f-4495-9f97-4505989d586b             request.body: {} ssl_verify: False
2026-10-08 19:45:36.032 87 WARNING py.warnings [None req-283050b4-b7e6-4412-90f1-1195c53b3320 1c7638f2ee4b4e0db517cf68115f0df2 1c054b6c8d6e4ed1956024c08e7a5222 - - default default] /var/lib/kolla/venv/lib/python3.12/site-packages/urllib3/connectionpool.py:1110: InsecureRequestWarning: Unverified HTTPS request is being made to host '[LB_IP_ADDRESS]'. Adding certificate verification is strongly advised. See: https://urllib3.readthedocs.io/en/latest/advanced-usage.html#tls-warnings
  warnings.warn(

2026-10-08 19:45:36.045 87 INFO cinder.volume.drivers.lightos [None req-283050b4-b7e6-4412-90f1-1195c53b3320 1c7638f2ee4b4e0db517cf68115f0df2 1c054b6c8d6e4ed1956024c08e7a5222 - - default default] Invoking delete_snapshot using DELETE url: /api/v2/projects/default/snapshots/806e4680-48ab-4e0b-9fb5-4fba572fc7ba?             request.body:  ssl_verify: False
2026-10-08 19:45:36.089 87 WARNING py.warnings [None req-283050b4-b7e6-4412-90f1-1195c53b3320 1c7638f2ee4b4e0db517cf68115f0df2 1c054b6c8d6e4ed1956024c08e7a5222 - - default default] /var/lib/kolla/venv/lib/python3.12/site-packages/urllib3/connectionpool.py:1110: InsecureRequestWarning: Unverified HTTPS request is being made to host '[LB_IP_ADDRESS]'. Adding certificate verification is strongly advised. See: https://urllib3.readthedocs.io/en/latest/advanced-usage.html#tls-warnings
  warnings.warn(

2026-10-08 19:45:36.119 87 INFO cinder.volume.drivers.lightos [None req-283050b4-b7e6-4412-90f1-1195c53b3320 1c7638f2ee4b4e0db517cf68115f0df2 1c054b6c8d6e4ed1956024c08e7a5222 - - default default] Invoking get_snapshot using GET url: /api/v2/projects/default/snapshots/806e4680-48ab-4e0b-9fb5-4fba572fc7ba             request.body: {} ssl_verify: False
2026-10-08 19:45:36.160 87 WARNING py.warnings [None req-283050b4-b7e6-4412-90f1-1195c53b3320 1c7638f2ee4b4e0db517cf68115f0df2 1c054b6c8d6e4ed1956024c08e7a5222 - - default default] /var/lib/kolla/venv/lib/python3.12/site-packages/urllib3/connectionpool.py:1110: InsecureRequestWarning: Unverified HTTPS request is being made to host '[LB_IP_ADDRESS]'. Adding certificate verification is strongly advised. See: https://urllib3.readthedocs.io/en/latest/advanced-usage.html#tls-warnings
  warnings.warn(

2026-10-08 19:45:36.290 87 INFO cinder.volume.drivers.lightos [None req-24bf2cd4-0efd-4e8e-b424-435b785174fb 7c36d3eeecdf4fa493b2f686cb30e462 45b2289512664de4983503830323aac7 - - - -] Invoking get_volume_by_name using GET url: /api/v2/projects/default/volumes/?name=vol_7ff63e68-6b05-4f69-85b3-10e408cd0c4b             request.body: {} ssl_verify: False
2026-10-08 19:45:36.327 87 WARNING py.warnings [None req-24bf2cd4-0efd-4e8e-b424-435b785174fb 7c36d3eeecdf4fa493b2f686cb30e462 45b2289512664de4983503830323aac7 - - - -] /var/lib/kolla/venv/lib/python3.12/site-packages/urllib3/connectionpool.py:1110: InsecureRequestWarning: Unverified HTTPS request is being made to host '[LB_IP_ADDRESS]'. Adding certificate verification is strongly advised. See: https://urllib3.readthedocs.io/en/latest/advanced-usage.html#tls-warnings
  warnings.warn(

2026-10-08 19:45:36.330 87 INFO cinder.volume.manager [None req-283050b4-b7e6-4412-90f1-1195c53b3320 1c7638f2ee4b4e0db517cf68115f0df2 1c054b6c8d6e4ed1956024c08e7a5222 - - default default] Delete snapshot completed successfully.
2026-10-08 19:45:36.342 87 INFO cinder.volume.drivers.lightos [None req-24bf2cd4-0efd-4e8e-b424-435b785174fb 7c36d3eeecdf4fa493b2f686cb30e462 45b2289512664de4983503830323aac7 - - - -] Invoking get_volume_by_name using GET url: /api/v2/projects/default/volumes/?name=vol_7ff63e68-6b05-4f69-85b3-10e408cd0c4b             request.body: {} ssl_verify: False
2026-10-08 19:45:36.385 87 WARNING py.warnings [None req-24bf2cd4-0efd-4e8e-b424-435b785174fb 7c36d3eeecdf4fa493b2f686cb30e462 45b2289512664de4983503830323aac7 - - - -] /var/lib/kolla/venv/lib/python3.12/site-packages/urllib3/connectionpool.py:1110: InsecureRequestWarning: Unverified HTTPS request is being made to host '[LB_IP_ADDRESS]'. Adding certificate verification is strongly advised. See: https://urllib3.readthedocs.io/en/latest/advanced-usage.html#tls-warnings
  warnings.warn(

2026-10-08 19:45:36.403 87 INFO os_brick.initiator.connectors.lightos [None req-24bf2cd4-0efd-4e8e-b424-435b785174fb 7c36d3eeecdf4fa493b2f686cb30e462 45b2289512664de4983503830323aac7 - - - -] LIGHTOS: connect_volume called for volume a4ddb3b5-6f7f-4519-8e4d-cf47e2851ffe, connection properties: {'lightos_nodes': {'[LB_IP_ADDRESS]': {'target_portal': '[LB_IP_ADDRESS]', 'target_port': 8009, 'transport_type': 'tcp'}, '[LB_IP_ADDRESS]': {'target_portal': '[LB_IP_ADDRESS]', 'target_port': 8009, 'transport_type': 'tcp'}, '[LB_IP_ADDRESS]': {'target_portal': '[LB_IP_ADDRESS]', 'target_port': 8009, 'transport_type': 'tcp'}}, 'uuid': 'a4ddb3b5-6f7f-4519-8e4d-cf47e2851ffe', 'subsysnqn': 'nqn.2016-01.com.lightbitslabs:uuid:023e92f0-1271-4fe0-9397-657649be716c:suffix', 'encrypted': False, 'enforce_multipath': False}
2026-10-08 19:45:36.407 87 INFO os_brick.initiator.connectors.lightos [None req-24bf2cd4-0efd-4e8e-b424-435b785174fb 7c36d3eeecdf4fa493b2f686cb30e462 45b2289512664de4983503830323aac7 - - - -] LIGHTOS: devpath /dev/nvme0n1 detected for uuid a4ddb3b5-6f7f-4519-8e4d-cf47e2851ffe
2026-10-08 19:45:37.101 87 INFO cinder.volume.drivers.lightos [None req-ac7adaa1-18a0-4d48-8987-a6caf25d3759 1c7638f2ee4b4e0db517cf68115f0df2 1c054b6c8d6e4ed1956024c08e7a5222 - - default default] Invoking get_snapshot_by_name using GET url: /api/v2/projects/default/snapshots/?Name=snapshot-af8b226e-7836-40fa-ab4a-c5e2393e5a9e             request.body: {} ssl_verify: False
2026-10-08 19:45:37.141 87 WARNING py.warnings [None req-ac7adaa1-18a0-4d48-8987-a6caf25d3759 1c7638f2ee4b4e0db517cf68115f0df2 1c054b6c8d6e4ed1956024c08e7a5222 - - default default] /var/lib/kolla/venv/lib/python3.12/site-packages/urllib3/connectionpool.py:1110: InsecureRequestWarning: Unverified HTTPS request is being made to host '[LB_IP_ADDRESS]'. Adding certificate verification is strongly advised. See: https://urllib3.readthedocs.io/en/latest/advanced-usage.html#tls-warnings
  warnings.warn(

2026-10-08 19:45:37.151 87 INFO cinder.volume.drivers.lightos [None req-ac7adaa1-18a0-4d48-8987-a6caf25d3759 1c7638f2ee4b4e0db517cf68115f0df2 1c054b6c8d6e4ed1956024c08e7a5222 - - default default] Invoking delete_snapshot using DELETE url: /api/v2/projects/default/snapshots/b074b969-2656-4a6a-8b40-cd919dd11f99?             request.body:  ssl_verify: False
2026-10-08 19:45:37.198 87 WARNING py.warnings [None req-ac7adaa1-18a0-4d48-8987-a6caf25d3759 1c7638f2ee4b4e0db517cf68115f0df2 1c054b6c8d6e4ed1956024c08e7a5222 - - default default] /var/lib/kolla/venv/lib/python3.12/site-packages/urllib3/connectionpool.py:1110: InsecureRequestWarning: Unverified HTTPS request is being made to host '[LB_IP_ADDRESS]'. Adding certificate verification is strongly advised. See: https://urllib3.readthedocs.io/en/latest/advanced-usage.html#tls-warnings
  warnings.warn(

2026-10-08 19:45:37.221 87 INFO cinder.volume.drivers.lightos [None req-ac7adaa1-18a0-4d48-8987-a6caf25d3759 1c7638f2ee4b4e0db517cf68115f0df2 1c054b6c8d6e4ed1956024c08e7a5222 - - default default] Invoking get_snapshot using GET url: /api/v2/projects/default/snapshots/b074b969-2656-4a6a-8b40-cd919dd11f99             request.body: {} ssl_verify: False
2026-10-08 19:45:37.257 87 WARNING py.warnings [None req-ac7adaa1-18a0-4d48-8987-a6caf25d3759 1c7638f2ee4b4e0db517cf68115f0df2 1c054b6c8d6e4ed1956024c08e7a5222 - - default default] /var/lib/kolla/venv/lib/python3.12/site-packages/urllib3/connectionpool.py:1110: InsecureRequestWarning: Unverified HTTPS request is being made to host '[LB_IP_ADDRESS]'. Adding certificate verification is strongly advised. See: https://urllib3.readthedocs.io/en/latest/advanced-usage.html#tls-warnings
  warnings.warn(

2026-10-08 19:45:37.392 87 INFO cinder.volume.manager [None req-ac7adaa1-18a0-4d48-8987-a6caf25d3759 1c7638f2ee4b4e0db517cf68115f0df2 1c054b6c8d6e4ed1956024c08e7a5222 - - default default] Delete snapshot completed successfully.
2026-10-08 19:45:38.208 87 INFO cinder.volume.drivers.lightos [None req-62fa8bba-a3d5-4d2a-a643-dcfe36264f70 1c7638f2ee4b4e0db517cf68115f0df2 1c054b6c8d6e4ed1956024c08e7a5222 - - default default] Invoking get_snapshot_by_name using GET url: /api/v2/projects/default/snapshots/?Name=snapshot-0a0ace8f-75ac-442c-a756-de31ecd4b57f             request.body: {} ssl_verify: False
2026-10-08 19:45:38.252 87 WARNING py.warnings [None req-62fa8bba-a3d5-4d2a-a643-dcfe36264f70 1c7638f2ee4b4e0db517cf68115f0df2 1c054b6c8d6e4ed1956024c08e7a5222 - - default default] /var/lib/kolla/venv/lib/python3.12/site-packages/urllib3/connectionpool.py:1110: InsecureRequestWarning: Unverified HTTPS request is being made to host '[LB_IP_ADDRESS]'. Adding certificate verification is strongly advised. See: https://urllib3.readthedocs.io/en/latest/advanced-usage.html#tls-warnings
  warnings.warn(

2026-10-08 19:45:38.270 87 INFO cinder.volume.drivers.lightos [None req-62fa8bba-a3d5-4d2a-a643-dcfe36264f70 1c7638f2ee4b4e0db517cf68115f0df2 1c054b6c8d6e4ed1956024c08e7a5222 - - default default] Invoking delete_snapshot using DELETE url: /api/v2/projects/default/snapshots/0c04e062-87f0-43bb-9600-eb085209e7d6?             request.body:  ssl_verify: False
2026-10-08 19:45:38.315 87 WARNING py.warnings [None req-62fa8bba-a3d5-4d2a-a643-dcfe36264f70 1c7638f2ee4b4e0db517cf68115f0df2 1c054b6c8d6e4ed1956024c08e7a5222 - - default default] /var/lib/kolla/venv/lib/python3.12/site-packages/urllib3/connectionpool.py:1110: InsecureRequestWarning: Unverified HTTPS request is being made to host '[LB_IP_ADDRESS]'. Adding certificate verification is strongly advised. See: https://urllib3.readthedocs.io/en/latest/advanced-usage.html#tls-warnings
  warnings.warn(

2026-10-08 19:45:38.342 87 INFO cinder.volume.drivers.lightos [None req-62fa8bba-a3d5-4d2a-a643-dcfe36264f70 1c7638f2ee4b4e0db517cf68115f0df2 1c054b6c8d6e4ed1956024c08e7a5222 - - default default] Invoking get_snapshot using GET url: /api/v2/projects/default/snapshots/0c04e062-87f0-43bb-9600-eb085209e7d6             request.body: {} ssl_verify: False
2026-10-08 19:45:38.390 87 WARNING py.warnings [None req-62fa8bba-a3d5-4d2a-a643-dcfe36264f70 1c7638f2ee4b4e0db517cf68115f0df2 1c054b6c8d6e4ed1956024c08e7a5222 - - default default] /var/lib/kolla/venv/lib/python3.12/site-packages/urllib3/connectionpool.py:1110: InsecureRequestWarning: Unverified HTTPS request is being made to host '[LB_IP_ADDRESS]'. Adding certificate verification is strongly advised. See: https://urllib3.readthedocs.io/en/latest/advanced-usage.html#tls-warnings
  warnings.warn(

2026-10-08 19:45:38.525 87 INFO cinder.volume.manager [None req-62fa8bba-a3d5-4d2a-a643-dcfe36264f70 1c7638f2ee4b4e0db517cf68115f0df2 1c054b6c8d6e4ed1956024c08e7a5222 - - default default] Delete snapshot completed successfully.
2026-10-08 19:45:39.383 87 INFO cinder.volume.drivers.lightos [None req-69a4f44a-d486-409f-942a-cd8d2b60120c 1c7638f2ee4b4e0db517cf68115f0df2 1c054b6c8d6e4ed1956024c08e7a5222 - - default default] Invoking delete_volume using DELETE url: /api/v2/projects/default/volumes/b5cf2819-b94a-40a5-b557-4dc507656af1?             request.body:  ssl_verify: False
2026-10-08 19:45:39.418 87 WARNING py.warnings [None req-69a4f44a-d486-409f-942a-cd8d2b60120c 1c7638f2ee4b4e0db517cf68115f0df2 1c054b6c8d6e4ed1956024c08e7a5222 - - default default] /var/lib/kolla/venv/lib/python3.12/site-packages/urllib3/connectionpool.py:1110: InsecureRequestWarning: Unverified HTTPS request is being made to host '[LB_IP_ADDRESS]'. Adding certificate verification is strongly advised. See: https://urllib3.readthedocs.io/en/latest/advanced-usage.html#tls-warnings
  warnings.warn(

2026-10-08 19:45:39.508 87 INFO cinder.volume.drivers.lightos [None req-69a4f44a-d486-409f-942a-cd8d2b60120c 1c7638f2ee4b4e0db517cf68115f0df2 1c054b6c8d6e4ed1956024c08e7a5222 - - default default] Invoking get_volume using GET url: /api/v2/projects/default/volumes/b5cf2819-b94a-40a5-b557-4dc507656af1             request.body: {} ssl_verify: False
2026-10-08 19:45:39.552 87 WARNING py.warnings [None req-69a4f44a-d486-409f-942a-cd8d2b60120c 1c7638f2ee4b4e0db517cf68115f0df2 1c054b6c8d6e4ed1956024c08e7a5222 - - default default] /var/lib/kolla/venv/lib/python3.12/site-packages/urllib3/connectionpool.py:1110: InsecureRequestWarning: Unverified HTTPS request is being made to host '[LB_IP_ADDRESS]'. Adding certificate verification is strongly advised. See: https://urllib3.readthedocs.io/en/latest/advanced-usage.html#tls-warnings
  warnings.warn(

2026-10-08 19:45:39.668 87 INFO cinder.image.image_utils [None req-24bf2cd4-0efd-4e8e-b424-435b785174fb 7c36d3eeecdf4fa493b2f686cb30e462 45b2289512664de4983503830323aac7 - - - -] Converted 44.00 MB image at 24.27 MB/s
2026-10-08 19:45:39.669 87 INFO os_brick.initiator.connectors.lightos [None req-24bf2cd4-0efd-4e8e-b424-435b785174fb 7c36d3eeecdf4fa493b2f686cb30e462 45b2289512664de4983503830323aac7 - - - -] LIGHTOS: devpath /dev/nvme0n1 detected for uuid a4ddb3b5-6f7f-4519-8e4d-cf47e2851ffe
2026-10-08 19:45:39.696 87 INFO cinder.volume.drivers.lightos [None req-24bf2cd4-0efd-4e8e-b424-435b785174fb 7c36d3eeecdf4fa493b2f686cb30e462 45b2289512664de4983503830323aac7 - - - -] Invoking get_volume_by_name using GET url: /api/v2/projects/default/volumes/?name=vol_7ff63e68-6b05-4f69-85b3-10e408cd0c4b             request.body: {} ssl_verify: False
2026-10-08 19:45:39.740 87 INFO cinder.volume.flows.manager.create_volume [None req-41b5c7c5-cb0e-468e-a20c-2e6e7beaed1d bcec49738f1942e2a5d8d429915be8c3 99be6c8cfff34c50bdab8d877e4b61a5 - - - -] Volume 6012dc56-8c2d-4bde-b8ba-b1b176468346: being created as raw with specification: {'status': 'creating', 'volume_name': 'vol_6012dc56-8c2d-4bde-b8ba-b1b176468346', 'volume_size': 1}
2026-10-08 19:45:39.740 87 INFO cinder.volume.drivers.lightos [None req-41b5c7c5-cb0e-468e-a20c-2e6e7beaed1d bcec49738f1942e2a5d8d429915be8c3 99be6c8cfff34c50bdab8d877e4b61a5 - - - -] Invoking get_volume_by_name using GET url: /api/v2/projects/default/volumes/?name=vol_6012dc56-8c2d-4bde-b8ba-b1b176468346             request.body: {} ssl_verify: False
2026-10-08 19:45:39.742 87 WARNING py.warnings [None req-24bf2cd4-0efd-4e8e-b424-435b785174fb 7c36d3eeecdf4fa493b2f686cb30e462 45b2289512664de4983503830323aac7 - - - -] /var/lib/kolla/venv/lib/python3.12/site-packages/urllib3/connectionpool.py:1110: InsecureRequestWarning: Unverified HTTPS request is being made to host '[LB_IP_ADDRESS]'. Adding certificate verification is strongly advised. See: https://urllib3.readthedocs.io/en/latest/advanced-usage.html#tls-warnings
  warnings.warn(

2026-10-08 19:45:39.774 87 INFO cinder.volume.drivers.lightos [None req-24bf2cd4-0efd-4e8e-b424-435b785174fb 7c36d3eeecdf4fa493b2f686cb30e462 45b2289512664de4983503830323aac7 - - - -] Invoking get_volume_by_name using GET url: /api/v2/projects/default/volumes/?name=vol_7ff63e68-6b05-4f69-85b3-10e408cd0c4b             request.body: {} ssl_verify: False
2026-10-08 19:45:39.803 87 WARNING py.warnings [None req-41b5c7c5-cb0e-468e-a20c-2e6e7beaed1d bcec49738f1942e2a5d8d429915be8c3 99be6c8cfff34c50bdab8d877e4b61a5 - - - -] /var/lib/kolla/venv/lib/python3.12/site-packages/urllib3/connectionpool.py:1110: InsecureRequestWarning: Unverified HTTPS request is being made to host '[LB_IP_ADDRESS]'. Adding certificate verification is strongly advised. See: https://urllib3.readthedocs.io/en/latest/advanced-usage.html#tls-warnings
  warnings.warn(

2026-10-08 19:45:39.811 87 WARNING py.warnings [None req-24bf2cd4-0efd-4e8e-b424-435b785174fb 7c36d3eeecdf4fa493b2f686cb30e462 45b2289512664de4983503830323aac7 - - - -] /var/lib/kolla/venv/lib/python3.12/site-packages/urllib3/connectionpool.py:1110: InsecureRequestWarning: Unverified HTTPS request is being made to host '[LB_IP_ADDRESS]'. Adding certificate verification is strongly advised. See: https://urllib3.readthedocs.io/en/latest/advanced-usage.html#tls-warnings
  warnings.warn(

2026-10-08 19:45:39.819 87 INFO cinder.volume.drivers.lightos [None req-41b5c7c5-cb0e-468e-a20c-2e6e7beaed1d bcec49738f1942e2a5d8d429915be8c3 99be6c8cfff34c50bdab8d877e4b61a5 - - - -] Invoking create_volume using POST url: /api/v2/projects/default/volumes             request.body: {'name': 'vol_6012dc56-8c2d-4bde-b8ba-b1b176468346', 'size': '1 gib', 'replicaCount': '3', 'compression': 'False', 'acl': {'values': ['ALLOW_NONE']}, 'IPAcl': {'values': ['ALLOW_NONE']}, 'sourceSnapshotUUID': None, 'sourceSnapshotName': None} ssl_verify: False
2026-10-08 19:45:39.850 87 INFO cinder.volume.drivers.lightos [None req-24bf2cd4-0efd-4e8e-b424-435b785174fb 7c36d3eeecdf4fa493b2f686cb30e462 45b2289512664de4983503830323aac7 - - - -] Invoking update_volume using PUT url: /api/v2/projects/default/volumes/a4ddb3b5-6f7f-4519-8e4d-cf47e2851ffe             request.body: {'acl': {'values': ['ALLOW_NONE']}, 'IPAcl': {'values': ['ALLOW_NONE']}} ssl_verify: False
2026-10-08 19:45:39.880 87 WARNING py.warnings [None req-41b5c7c5-cb0e-468e-a20c-2e6e7beaed1d bcec49738f1942e2a5d8d429915be8c3 99be6c8cfff34c50bdab8d877e4b61a5 - - - -] /var/lib/kolla/venv/lib/python3.12/site-packages/urllib3/connectionpool.py:1110: InsecureRequestWarning: Unverified HTTPS request is being made to host '[LB_IP_ADDRESS]'. Adding certificate verification is strongly advised. See: https://urllib3.readthedocs.io/en/latest/advanced-usage.html#tls-warnings
  warnings.warn(

2026-10-08 19:45:39.888 87 WARNING py.warnings [None req-24bf2cd4-0efd-4e8e-b424-435b785174fb 7c36d3eeecdf4fa493b2f686cb30e462 45b2289512664de4983503830323aac7 - - - -] /var/lib/kolla/venv/lib/python3.12/site-packages/urllib3/connectionpool.py:1110: InsecureRequestWarning: Unverified HTTPS request is being made to host '[LB_IP_ADDRESS]'. Adding certificate verification is strongly advised. See: https://urllib3.readthedocs.io/en/latest/advanced-usage.html#tls-warnings
  warnings.warn(

2026-10-08 19:45:39.889 87 INFO cinder.volume.manager [None req-69a4f44a-d486-409f-942a-cd8d2b60120c 1c7638f2ee4b4e0db517cf68115f0df2 1c054b6c8d6e4ed1956024c08e7a5222 - - default default] Deleted volume successfully.
2026-10-08 19:45:39.928 87 INFO cinder.volume.drivers.lightos [None req-41b5c7c5-cb0e-468e-a20c-2e6e7beaed1d bcec49738f1942e2a5d8d429915be8c3 99be6c8cfff34c50bdab8d877e4b61a5 - - - -] Invoking get_volume using GET url: /api/v2/projects/default/volumes/f565b36b-0fe2-423b-96c7-c64a97fd4b4e             request.body: {} ssl_verify: False
2026-10-08 19:45:39.972 87 INFO cinder.volume.drivers.lightos [None req-24bf2cd4-0efd-4e8e-b424-435b785174fb 7c36d3eeecdf4fa493b2f686cb30e462 45b2289512664de4983503830323aac7 - - - -] Invoking get_volume_by_name using GET url: /api/v2/projects/default/volumes/?name=vol_7ff63e68-6b05-4f69-85b3-10e408cd0c4b             request.body: {} ssl_verify: False
2026-10-08 19:45:40.006 87 WARNING py.warnings [None req-41b5c7c5-cb0e-468e-a20c-2e6e7beaed1d bcec49738f1942e2a5d8d429915be8c3 99be6c8cfff34c50bdab8d877e4b61a5 - - - -] /var/lib/kolla/venv/lib/python3.12/site-packages/urllib3/connectionpool.py:1110: InsecureRequestWarning: Unverified HTTPS request is being made to host '[LB_IP_ADDRESS]'. Adding certificate verification is strongly advised. See: https://urllib3.readthedocs.io/en/latest/advanced-usage.html#tls-warnings
  warnings.warn(

2026-10-08 19:45:40.011 87 WARNING py.warnings [None req-24bf2cd4-0efd-4e8e-b424-435b785174fb 7c36d3eeecdf4fa493b2f686cb30e462 45b2289512664de4983503830323aac7 - - - -] /var/lib/kolla/venv/lib/python3.12/site-packages/urllib3/connectionpool.py:1110: InsecureRequestWarning: Unverified HTTPS request is being made to host '[LB_IP_ADDRESS]'. Adding certificate verification is strongly advised. See: https://urllib3.readthedocs.io/en/latest/advanced-usage.html#tls-warnings
  warnings.warn(

2026-10-08 19:45:40.043 87 INFO cinder.volume.flows.manager.create_volume [None req-41b5c7c5-cb0e-468e-a20c-2e6e7beaed1d bcec49738f1942e2a5d8d429915be8c3 99be6c8cfff34c50bdab8d877e4b61a5 - - - -] Volume vol_6012dc56-8c2d-4bde-b8ba-b1b176468346 (6012dc56-8c2d-4bde-b8ba-b1b176468346): created successfully
2026-10-08 19:45:40.055 87 INFO cinder.volume.manager [None req-41b5c7c5-cb0e-468e-a20c-2e6e7beaed1d bcec49738f1942e2a5d8d429915be8c3 99be6c8cfff34c50bdab8d877e4b61a5 - - - -] Created volume successfully.
2026-10-08 19:45:41.027 87 INFO cinder.volume.drivers.lightos [None req-24bf2cd4-0efd-4e8e-b424-435b785174fb 7c36d3eeecdf4fa493b2f686cb30e462 45b2289512664de4983503830323aac7 - - - -] Invoking get_volume_by_name using GET url: /api/v2/projects/default/volumes/?name=vol_7ff63e68-6b05-4f69-85b3-10e408cd0c4b             request.body: {} ssl_verify: False
2026-10-08 19:45:41.074 87 WARNING py.warnings [None req-24bf2cd4-0efd-4e8e-b424-435b785174fb 7c36d3eeecdf4fa493b2f686cb30e462 45b2289512664de4983503830323aac7 - - - -] /var/lib/kolla/venv/lib/python3.12/site-packages/urllib3/connectionpool.py:1110: InsecureRequestWarning: Unverified HTTPS request is being made to host '[LB_IP_ADDRESS]'. Adding certificate verification is strongly advised. See: https://urllib3.readthedocs.io/en/latest/advanced-usage.html#tls-warnings
  warnings.warn(

2026-10-08 19:45:41.093 87 INFO cinder.volume.drivers.lightos [None req-24bf2cd4-0efd-4e8e-b424-435b785174fb 7c36d3eeecdf4fa493b2f686cb30e462 45b2289512664de4983503830323aac7 - - - -] Invoking get_volume_by_name using GET url: /api/v2/projects/default/volumes/?name=vol_7ff63e68-6b05-4f69-85b3-10e408cd0c4b             request.body: {} ssl_verify: False
2026-10-08 19:45:41.133 87 WARNING py.warnings [None req-24bf2cd4-0efd-4e8e-b424-435b785174fb 7c36d3eeecdf4fa493b2f686cb30e462 45b2289512664de4983503830323aac7 - - - -] /var/lib/kolla/venv/lib/python3.12/site-packages/urllib3/connectionpool.py:1110: InsecureRequestWarning: Unverified HTTPS request is being made to host '[LB_IP_ADDRESS]'. Adding certificate verification is strongly advised. See: https://urllib3.readthedocs.io/en/latest/advanced-usage.html#tls-warnings
  warnings.warn(

2026-10-08 19:45:41.210 87 INFO cinder.volume.flows.manager.create_volume [None req-24bf2cd4-0efd-4e8e-b424-435b785174fb 7c36d3eeecdf4fa493b2f686cb30e462 45b2289512664de4983503830323aac7 - - - -] Volume vol_7ff63e68-6b05-4f69-85b3-10e408cd0c4b (7ff63e68-6b05-4f69-85b3-10e408cd0c4b): created successfully
2026-10-08 19:45:41.217 87 INFO cinder.volume.manager [None req-24bf2cd4-0efd-4e8e-b424-435b785174fb 7c36d3eeecdf4fa493b2f686cb30e462 45b2289512664de4983503830323aac7 - - - -] Created volume successfully.
2026-10-08 19:45:42.391 87 INFO cinder.volume.drivers.lightos [None req-286215c8-680b-4533-92df-2be7cd516765 7c36d3eeecdf4fa493b2f686cb30e462 45b2289512664de4983503830323aac7 - - - -] Invoking get_volume_by_name using GET url: /api/v2/projects/default/volumes/?name=vol_7ff63e68-6b05-4f69-85b3-10e408cd0c4b             request.body: {} ssl_verify: False
2026-10-08 19:45:42.435 87 WARNING py.warnings [None req-286215c8-680b-4533-92df-2be7cd516765 7c36d3eeecdf4fa493b2f686cb30e462 45b2289512664de4983503830323aac7 - - - -] /var/lib/kolla/venv/lib/python3.12/site-packages/urllib3/connectionpool.py:1110: InsecureRequestWarning: Unverified HTTPS request is being made to host '[LB_IP_ADDRESS]'. Adding certificate verification is strongly advised. See: https://urllib3.readthedocs.io/en/latest/advanced-usage.html#tls-warnings
  warnings.warn(

2026-10-08 19:45:42.449 87 INFO cinder.volume.drivers.lightos [None req-286215c8-680b-4533-92df-2be7cd516765 7c36d3eeecdf4fa493b2f686cb30e462 45b2289512664de4983503830323aac7 - - - -] Invoking extend_volume using PUT url: /api/v2/projects/default/volumes/a4ddb3b5-6f7f-4519-8e4d-cf47e2851ffe             request.body: {'UUID': 'a4ddb3b5-6f7f-4519-8e4d-cf47e2851ffe', 'size': '2 gib'} ssl_verify: False
2026-10-08 19:45:42.494 87 WARNING py.warnings [None req-286215c8-680b-4533-92df-2be7cd516765 7c36d3eeecdf4fa493b2f686cb30e462 45b2289512664de4983503830323aac7 - - - -] /var/lib/kolla/venv/lib/python3.12/site-packages/urllib3/connectionpool.py:1110: InsecureRequestWarning: Unverified HTTPS request is being made to host '[LB_IP_ADDRESS]'. Adding certificate verification is strongly advised. See: https://urllib3.readthedocs.io/en/latest/advanced-usage.html#tls-warnings
  warnings.warn(

2026-10-08 19:45:42.526 87 INFO cinder.volume.drivers.lightos [None req-286215c8-680b-4533-92df-2be7cd516765 7c36d3eeecdf4fa493b2f686cb30e462 45b2289512664de4983503830323aac7 - - - -] Successfully extended volume Volume(_name_id=None,admin_metadata={},attach_status='detached',availability_zone='nova',bootable=True,cluster=<?>,cluster_name=None,consistencygroup=<?>,consistencygroup_id=None,created_at=2026-10-08T19:45:32Z,deleted=False,deleted_at=None,display_description=None,display_name='tempest-VolumesExtendTest-Volume-1357971267',ec2_id=None,encryption_key_id=None,glance_metadata={checksum='443b7623e27ecf03dc9e01ee93f67afe',container_format='bare',disk_format='qcow2',image_id='545c8ea5-cae4-4d3e-b3ff-02364f54bc85',image_name='cirros',min_disk='0',min_ram='0',owner_specified.openstack.md5='',owner_specified.openstack.object='images/cirros',owner_specified.openstack.sha256='',signature_verified='False',size='12716032'},group=<?>,group_id=None,host='rack11-server81@LIGHTOSvemhmp#vemhmp',id=7ff63e68-6b05-4f69-85b3-10e408cd0c4b,launched_at=2026-10-08T19:45:41Z,metadata={},migration_status=None,multiattach=False,previous_status='available',project_id='45b2289512664de4983503830323aac7',provider_auth=None,provider_geometry=None,provider_id='default a4ddb3b5-6f7f-4519-8e4d-cf47e2851ffe',provider_location=None,replication_driver_data=None,replication_extended_status=None,replication_status=None,scheduled_at=2026-10-08T19:45:32Z,service_uuid='a94f8f8b-b6eb-4baa-8155-8e7f9daed813',shared_targets=False,size=1,snapshot_id=None,snapshots=<?>,source_volid=None,status='extending',terminated_at=None,updated_at=2026-10-08T19:45:41Z,use_quota=True,user_id='7c36d3eeecdf4fa493b2f686cb30e462',volume_attachment=VolumeAttachmentList,volume_type=VolumeType(9e33a27f-87a7-47ac-9d72-59abacd63e10),volume_type_id=9e33a27f-87a7-47ac-9d72-59abacd63e10) project default size:2
2026-10-08 19:45:42.551 87 INFO cinder.volume.manager [None req-286215c8-680b-4533-92df-2be7cd516765 7c36d3eeecdf4fa493b2f686cb30e462 45b2289512664de4983503830323aac7 - - - -] Extend volume completed successfully.
2026-10-08 19:45:43.658 87 INFO cinder.volume.drivers.lightos [None req-c43b832c-90a0-4a9f-8a27-03866dae87e6 7c36d3eeecdf4fa493b2f686cb30e462 45b2289512664de4983503830323aac7 - - default default] Invoking delete_volume using DELETE url: /api/v2/projects/default/volumes/a4ddb3b5-6f7f-4519-8e4d-cf47e2851ffe?             request.body:  ssl_verify: False
2026-10-08 19:45:43.693 87 WARNING py.warnings [None req-c43b832c-90a0-4a9f-8a27-03866dae87e6 7c36d3eeecdf4fa493b2f686cb30e462 45b2289512664de4983503830323aac7 - - default default] /var/lib/kolla/venv/lib/python3.12/site-packages/urllib3/connectionpool.py:1110: InsecureRequestWarning: Unverified HTTPS request is being made to host '[LB_IP_ADDRESS]'. Adding certificate verification is strongly advised. See: https://urllib3.readthedocs.io/en/latest/advanced-usage.html#tls-warnings
  warnings.warn(

2026-10-08 19:45:43.730 87 INFO cinder.volume.drivers.lightos [None req-c43b832c-90a0-4a9f-8a27-03866dae87e6 7c36d3eeecdf4fa493b2f686cb30e462 45b2289512664de4983503830323aac7 - - default default] Invoking get_volume using GET url: /api/v2/projects/default/volumes/a4ddb3b5-6f7f-4519-8e4d-cf47e2851ffe             request.body: {} ssl_verify: False
2026-10-08 19:45:43.775 87 WARNING py.warnings [None req-c43b832c-90a0-4a9f-8a27-03866dae87e6 7c36d3eeecdf4fa493b2f686cb30e462 45b2289512664de4983503830323aac7 - - default default] /var/lib/kolla/venv/lib/python3.12/site-packages/urllib3/connectionpool.py:1110: InsecureRequestWarning: Unverified HTTPS request is being made to host '[LB_IP_ADDRESS]'. Adding certificate verification is strongly advised. See: https://urllib3.readthedocs.io/en/latest/advanced-usage.html#tls-warnings
  warnings.warn(

2026-10-08 19:45:43.909 87 INFO cinder.volume.flows.manager.create_volume [None req-b6c6a0ad-1064-4b74-8947-dec18ebb5707 43dd9efe451e4da1a27333d0d8a4252e 954d833b6aac44948f30decc815ea18d - - - -] Volume 89050c21-04bb-47b0-9877-9aa0cc312764: being created as raw with specification: {'status': 'creating', 'volume_name': 'vol_89050c21-04bb-47b0-9877-9aa0cc312764', 'volume_size': 2}
2026-10-08 19:45:43.910 87 INFO cinder.volume.drivers.lightos [None req-b6c6a0ad-1064-4b74-8947-dec18ebb5707 43dd9efe451e4da1a27333d0d8a4252e 954d833b6aac44948f30decc815ea18d - - - -] Invoking get_volume_by_name using GET url: /api/v2/projects/default/volumes/?name=vol_89050c21-04bb-47b0-9877-9aa0cc312764             request.body: {} ssl_verify: False
2026-10-08 19:45:43.947 87 WARNING py.warnings [None req-b6c6a0ad-1064-4b74-8947-dec18ebb5707 43dd9efe451e4da1a27333d0d8a4252e 954d833b6aac44948f30decc815ea18d - - - -] /var/lib/kolla/venv/lib/python3.12/site-packages/urllib3/connectionpool.py:1110: InsecureRequestWarning: Unverified HTTPS request is being made to host '[LB_IP_ADDRESS]'. Adding certificate verification is strongly advised. See: https://urllib3.readthedocs.io/en/latest/advanced-usage.html#tls-warnings
  warnings.warn(

2026-10-08 19:45:43.956 87 INFO cinder.volume.drivers.lightos [None req-b6c6a0ad-1064-4b74-8947-dec18ebb5707 43dd9efe451e4da1a27333d0d8a4252e 954d833b6aac44948f30decc815ea18d - - - -] Invoking create_volume using POST url: /api/v2/projects/default/volumes             request.body: {'name': 'vol_89050c21-04bb-47b0-9877-9aa0cc312764', 'size': '2 gib', 'replicaCount': '3', 'compression': 'False', 'acl': {'values': ['ALLOW_NONE']}, 'IPAcl': {'values': ['ALLOW_NONE']}, 'sourceSnapshotUUID': None, 'sourceSnapshotName': None} ssl_verify: False
2026-10-08 19:45:43.994 87 WARNING py.warnings [None req-b6c6a0ad-1064-4b74-8947-dec18ebb5707 43dd9efe451e4da1a27333d0d8a4252e 954d833b6aac44948f30decc815ea18d - - - -] /var/lib/kolla/venv/lib/python3.12/site-packages/urllib3/connectionpool.py:1110: InsecureRequestWarning: Unverified HTTPS request is being made to host '[LB_IP_ADDRESS]'. Adding certificate verification is strongly advised. See: https://urllib3.readthedocs.io/en/latest/advanced-usage.html#tls-warnings
  warnings.warn(

2026-10-08 19:45:43.997 87 INFO cinder.volume.manager [None req-c43b832c-90a0-4a9f-8a27-03866dae87e6 7c36d3eeecdf4fa493b2f686cb30e462 45b2289512664de4983503830323aac7 - - default default] Deleted volume successfully.
2026-10-08 19:45:44.021 87 INFO cinder.volume.drivers.lightos [None req-b6c6a0ad-1064-4b74-8947-dec18ebb5707 43dd9efe451e4da1a27333d0d8a4252e 954d833b6aac44948f30decc815ea18d - - - -] Invoking get_volume using GET url: /api/v2/projects/default/volumes/1b73e201-0192-4173-9b8d-d6b6d32b3604             request.body: {} ssl_verify: False
2026-10-08 19:45:44.092 87 WARNING py.warnings [None req-b6c6a0ad-1064-4b74-8947-dec18ebb5707 43dd9efe451e4da1a27333d0d8a4252e 954d833b6aac44948f30decc815ea18d - - - -] /var/lib/kolla/venv/lib/python3.12/site-packages/urllib3/connectionpool.py:1110: InsecureRequestWarning: Unverified HTTPS request is being made to host '[LB_IP_ADDRESS]'. Adding certificate verification is strongly advised. See: https://urllib3.readthedocs.io/en/latest/advanced-usage.html#tls-warnings
  warnings.warn(

2026-10-08 19:45:44.137 87 INFO cinder.volume.flows.manager.create_volume [None req-b6c6a0ad-1064-4b74-8947-dec18ebb5707 43dd9efe451e4da1a27333d0d8a4252e 954d833b6aac44948f30decc815ea18d - - - -] Volume vol_89050c21-04bb-47b0-9877-9aa0cc312764 (89050c21-04bb-47b0-9877-9aa0cc312764): created successfully
2026-10-08 19:45:44.146 87 INFO cinder.volume.manager [None req-b6c6a0ad-1064-4b74-8947-dec18ebb5707 43dd9efe451e4da1a27333d0d8a4252e 954d833b6aac44948f30decc815ea18d - - - -] Created volume successfully.
2026-10-08 19:45:45.161 87 INFO cinder.volume.drivers.lightos [None req-5fac1c94-fec5-40c2-9c91-95d926ad172a 43dd9efe451e4da1a27333d0d8a4252e 954d833b6aac44948f30decc815ea18d - - - -] Invoking get_snapshot_by_name using GET url: /api/v2/projects/default/snapshots/?Name=snapshot-2a5a4819-52c7-4397-a578-8460dadf9d30             request.body: {} ssl_verify: False
2026-10-08 19:45:45.196 87 WARNING py.warnings [None req-5fac1c94-fec5-40c2-9c91-95d926ad172a 43dd9efe451e4da1a27333d0d8a4252e 954d833b6aac44948f30decc815ea18d - - - -] /var/lib/kolla/venv/lib/python3.12/site-packages/urllib3/connectionpool.py:1110: InsecureRequestWarning: Unverified HTTPS request is being made to host '[LB_IP_ADDRESS]'. Adding certificate verification is strongly advised. See: https://urllib3.readthedocs.io/en/latest/advanced-usage.html#tls-warnings
  warnings.warn(

2026-10-08 19:45:45.203 87 INFO cinder.volume.drivers.lightos [None req-5fac1c94-fec5-40c2-9c91-95d926ad172a 43dd9efe451e4da1a27333d0d8a4252e 954d833b6aac44948f30decc815ea18d - - - -] Invoking create_snapshot using POST url: /api/v2/projects/default/snapshots             request.body: {'name': 'snapshot-2a5a4819-52c7-4397-a578-8460dadf9d30', 'sourceVolumeUUID': None, 'sourceVolumeName': 'vol_89050c21-04bb-47b0-9877-9aa0cc312764'} ssl_verify: False
2026-10-08 19:45:45.237 87 WARNING py.warnings [None req-5fac1c94-fec5-40c2-9c91-95d926ad172a 43dd9efe451e4da1a27333d0d8a4252e 954d833b6aac44948f30decc815ea18d - - - -] /var/lib/kolla/venv/lib/python3.12/site-packages/urllib3/connectionpool.py:1110: InsecureRequestWarning: Unverified HTTPS request is being made to host '[LB_IP_ADDRESS]'. Adding certificate verification is strongly advised. See: https://urllib3.readthedocs.io/en/latest/advanced-usage.html#tls-warnings
  warnings.warn(

2026-10-08 19:45:45.273 87 INFO cinder.volume.flows.manager.create_volume [None req-fdc51d81-e030-4aac-9291-5c1ed74a3f1d 7c36d3eeecdf4fa493b2f686cb30e462 45b2289512664de4983503830323aac7 - - - -] Volume 8cb2c713-6195-4daa-9114-edcb66aac7f4: being created as raw with specification: {'status': 'creating', 'volume_name': 'vol_8cb2c713-6195-4daa-9114-edcb66aac7f4', 'volume_size': 1}
2026-10-08 19:45:45.273 87 INFO cinder.volume.drivers.lightos [None req-fdc51d81-e030-4aac-9291-5c1ed74a3f1d 7c36d3eeecdf4fa493b2f686cb30e462 45b2289512664de4983503830323aac7 - - - -] Invoking get_volume_by_name using GET url: /api/v2/projects/default/volumes/?name=vol_8cb2c713-6195-4daa-9114-edcb66aac7f4             request.body: {} ssl_verify: False
2026-10-08 19:45:45.275 87 INFO cinder.volume.drivers.lightos [None req-5fac1c94-fec5-40c2-9c91-95d926ad172a 43dd9efe451e4da1a27333d0d8a4252e 954d833b6aac44948f30decc815ea18d - - - -] Invoking get_snapshot_by_name using GET url: /api/v2/projects/default/snapshots/?Name=snapshot-2a5a4819-52c7-4397-a578-8460dadf9d30             request.body: {} ssl_verify: False
2026-10-08 19:45:45.331 87 WARNING py.warnings [None req-5fac1c94-fec5-40c2-9c91-95d926ad172a 43dd9efe451e4da1a27333d0d8a4252e 954d833b6aac44948f30decc815ea18d - - - -] /var/lib/kolla/venv/lib/python3.12/site-packages/urllib3/connectionpool.py:1110: InsecureRequestWarning: Unverified HTTPS request is being made to host '[LB_IP_ADDRESS]'. Adding certificate verification is strongly advised. See: https://urllib3.readthedocs.io/en/latest/advanced-usage.html#tls-warnings
  warnings.warn(

2026-10-08 19:45:45.340 87 WARNING py.warnings [None req-fdc51d81-e030-4aac-9291-5c1ed74a3f1d 7c36d3eeecdf4fa493b2f686cb30e462 45b2289512664de4983503830323aac7 - - - -] /var/lib/kolla/venv/lib/python3.12/site-packages/urllib3/connectionpool.py:1110: InsecureRequestWarning: Unverified HTTPS request is being made to host '[LB_IP_ADDRESS]'. Adding certificate verification is strongly advised. See: https://urllib3.readthedocs.io/en/latest/advanced-usage.html#tls-warnings
  warnings.warn(

2026-10-08 19:45:45.415 87 INFO cinder.volume.drivers.lightos [None req-fdc51d81-e030-4aac-9291-5c1ed74a3f1d 7c36d3eeecdf4fa493b2f686cb30e462 45b2289512664de4983503830323aac7 - - - -] Invoking create_volume using POST url: /api/v2/projects/default/volumes             request.body: {'name': 'vol_8cb2c713-6195-4daa-9114-edcb66aac7f4', 'size': '1 gib', 'replicaCount': '3', 'compression': 'False', 'acl': {'values': ['ALLOW_NONE']}, 'IPAcl': {'values': ['ALLOW_NONE']}, 'sourceSnapshotUUID': None, 'sourceSnapshotName': None} ssl_verify: False
2026-10-08 19:45:45.474 87 WARNING py.warnings [None req-fdc51d81-e030-4aac-9291-5c1ed74a3f1d 7c36d3eeecdf4fa493b2f686cb30e462 45b2289512664de4983503830323aac7 - - - -] /var/lib/kolla/venv/lib/python3.12/site-packages/urllib3/connectionpool.py:1110: InsecureRequestWarning: Unverified HTTPS request is being made to host '[LB_IP_ADDRESS]'. Adding certificate verification is strongly advised. See: https://urllib3.readthedocs.io/en/latest/advanced-usage.html#tls-warnings
  warnings.warn(

2026-10-08 19:45:45.527 87 INFO cinder.volume.drivers.lightos [None req-fdc51d81-e030-4aac-9291-5c1ed74a3f1d 7c36d3eeecdf4fa493b2f686cb30e462 45b2289512664de4983503830323aac7 - - - -] Invoking get_volume using GET url: /api/v2/projects/default/volumes/faeb72d2-3e0d-42dd-aa5b-b6b2a32eec6b             request.body: {} ssl_verify: False
2026-10-08 19:45:45.573 87 WARNING py.warnings [None req-fdc51d81-e030-4aac-9291-5c1ed74a3f1d 7c36d3eeecdf4fa493b2f686cb30e462 45b2289512664de4983503830323aac7 - - - -] /var/lib/kolla/venv/lib/python3.12/site-packages/urllib3/connectionpool.py:1110: InsecureRequestWarning: Unverified HTTPS request is being made to host '[LB_IP_ADDRESS]'. Adding certificate verification is strongly advised. See: https://urllib3.readthedocs.io/en/latest/advanced-usage.html#tls-warnings
  warnings.warn(

2026-10-08 19:45:45.613 87 INFO cinder.volume.flows.manager.create_volume [None req-fdc51d81-e030-4aac-9291-5c1ed74a3f1d 7c36d3eeecdf4fa493b2f686cb30e462 45b2289512664de4983503830323aac7 - - - -] Volume vol_8cb2c713-6195-4daa-9114-edcb66aac7f4 (8cb2c713-6195-4daa-9114-edcb66aac7f4): created successfully
2026-10-08 19:45:45.622 87 INFO cinder.volume.manager [None req-fdc51d81-e030-4aac-9291-5c1ed74a3f1d 7c36d3eeecdf4fa493b2f686cb30e462 45b2289512664de4983503830323aac7 - - - -] Created volume successfully.
2026-10-08 19:45:46.373 87 INFO cinder.volume.drivers.lightos [None req-5fac1c94-fec5-40c2-9c91-95d926ad172a 43dd9efe451e4da1a27333d0d8a4252e 954d833b6aac44948f30decc815ea18d - - - -] Invoking get_snapshot_by_name using GET url: /api/v2/projects/default/snapshots/?Name=snapshot-2a5a4819-52c7-4397-a578-8460dadf9d30             request.body: {} ssl_verify: False
2026-10-08 19:45:46.420 87 WARNING py.warnings [None req-5fac1c94-fec5-40c2-9c91-95d926ad172a 43dd9efe451e4da1a27333d0d8a4252e 954d833b6aac44948f30decc815ea18d - - - -] /var/lib/kolla/venv/lib/python3.12/site-packages/urllib3/connectionpool.py:1110: InsecureRequestWarning: Unverified HTTPS request is being made to host '[LB_IP_ADDRESS]'. Adding certificate verification is strongly advised. See: https://urllib3.readthedocs.io/en/latest/advanced-usage.html#tls-warnings
  warnings.warn(

2026-10-08 19:45:46.453 87 INFO cinder.volume.manager [None req-5fac1c94-fec5-40c2-9c91-95d926ad172a 43dd9efe451e4da1a27333d0d8a4252e 954d833b6aac44948f30decc815ea18d - - - -] Create snapshot completed successfully
2026-10-08 19:45:46.516 87 INFO cinder.volume.drivers.lightos [None req-c2b56f92-5032-4ea6-ac22-ccacfafb6bef 7c36d3eeecdf4fa493b2f686cb30e462 45b2289512664de4983503830323aac7 - - - -] Invoking get_snapshot_by_name using GET url: /api/v2/projects/default/snapshots/?Name=snapshot-ec103330-3dd4-4f4f-9c0b-0c0525b34425             request.body: {} ssl_verify: False
2026-10-08 19:45:46.549 87 WARNING py.warnings [None req-c2b56f92-5032-4ea6-ac22-ccacfafb6bef 7c36d3eeecdf4fa493b2f686cb30e462 45b2289512664de4983503830323aac7 - - - -] /var/lib/kolla/venv/lib/python3.12/site-packages/urllib3/connectionpool.py:1110: InsecureRequestWarning: Unverified HTTPS request is being made to host '[LB_IP_ADDRESS]'. Adding certificate verification is strongly advised. See: https://urllib3.readthedocs.io/en/latest/advanced-usage.html#tls-warnings
  warnings.warn(

2026-10-08 19:45:46.559 87 INFO cinder.volume.drivers.lightos [None req-c2b56f92-5032-4ea6-ac22-ccacfafb6bef 7c36d3eeecdf4fa493b2f686cb30e462 45b2289512664de4983503830323aac7 - - - -] Invoking create_snapshot using POST url: /api/v2/projects/default/snapshots             request.body: {'name': 'snapshot-ec103330-3dd4-4f4f-9c0b-0c0525b34425', 'sourceVolumeUUID': None, 'sourceVolumeName': 'vol_8cb2c713-6195-4daa-9114-edcb66aac7f4'} ssl_verify: False
2026-10-08 19:45:46.599 87 WARNING py.warnings [None req-c2b56f92-5032-4ea6-ac22-ccacfafb6bef 7c36d3eeecdf4fa493b2f686cb30e462 45b2289512664de4983503830323aac7 - - - -] /var/lib/kolla/venv/lib/python3.12/site-packages/urllib3/connectionpool.py:1110: InsecureRequestWarning: Unverified HTTPS request is being made to host '[LB_IP_ADDRESS]'. Adding certificate verification is strongly advised. See: https://urllib3.readthedocs.io/en/latest/advanced-usage.html#tls-warnings
  warnings.warn(

2026-10-08 19:45:46.625 87 INFO cinder.volume.drivers.lightos [None req-c2b56f92-5032-4ea6-ac22-ccacfafb6bef 7c36d3eeecdf4fa493b2f686cb30e462 45b2289512664de4983503830323aac7 - - - -] Invoking get_snapshot_by_name using GET url: /api/v2/projects/default/snapshots/?Name=snapshot-ec103330-3dd4-4f4f-9c0b-0c0525b34425             request.body: {} ssl_verify: False
2026-10-08 19:45:46.669 87 WARNING py.warnings [None req-c2b56f92-5032-4ea6-ac22-ccacfafb6bef 7c36d3eeecdf4fa493b2f686cb30e462 45b2289512664de4983503830323aac7 - - - -] /var/lib/kolla/venv/lib/python3.12/site-packages/urllib3/connectionpool.py:1110: InsecureRequestWarning: Unverified HTTPS request is being made to host '[LB_IP_ADDRESS]'. Adding certificate verification is strongly advised. See: https://urllib3.readthedocs.io/en/latest/advanced-usage.html#tls-warnings
  warnings.warn(

2026-10-08 19:45:47.343 87 INFO cinder.volume.drivers.lightos [None req-cc649e50-3201-4392-90fb-3439afbc8e1c 43dd9efe451e4da1a27333d0d8a4252e 954d833b6aac44948f30decc815ea18d - - default default] Invoking get_snapshot_by_name using GET url: /api/v2/projects/default/snapshots/?Name=snapshot-2a5a4819-52c7-4397-a578-8460dadf9d30             request.body: {} ssl_verify: False
2026-10-08 19:45:47.385 87 WARNING py.warnings [None req-cc649e50-3201-4392-90fb-3439afbc8e1c 43dd9efe451e4da1a27333d0d8a4252e 954d833b6aac44948f30decc815ea18d - - default default] /var/lib/kolla/venv/lib/python3.12/site-packages/urllib3/connectionpool.py:1110: InsecureRequestWarning: Unverified HTTPS request is being made to host '[LB_IP_ADDRESS]'. Adding certificate verification is strongly advised. See: https://urllib3.readthedocs.io/en/latest/advanced-usage.html#tls-warnings
  warnings.warn(

2026-10-08 19:45:47.400 87 INFO cinder.volume.drivers.lightos [None req-cc649e50-3201-4392-90fb-3439afbc8e1c 43dd9efe451e4da1a27333d0d8a4252e 954d833b6aac44948f30decc815ea18d - - default default] Invoking delete_snapshot using DELETE url: /api/v2/projects/default/snapshots/7e032252-efba-49e1-8cee-d94e91015c32?             request.body:  ssl_verify: False
2026-10-08 19:45:47.441 87 WARNING py.warnings [None req-cc649e50-3201-4392-90fb-3439afbc8e1c 43dd9efe451e4da1a27333d0d8a4252e 954d833b6aac44948f30decc815ea18d - - default default] /var/lib/kolla/venv/lib/python3.12/site-packages/urllib3/connectionpool.py:1110: InsecureRequestWarning: Unverified HTTPS request is being made to host '[LB_IP_ADDRESS]'. Adding certificate verification is strongly advised. See: https://urllib3.readthedocs.io/en/latest/advanced-usage.html#tls-warnings
  warnings.warn(

2026-10-08 19:45:47.474 87 INFO cinder.volume.drivers.lightos [None req-cc649e50-3201-4392-90fb-3439afbc8e1c 43dd9efe451e4da1a27333d0d8a4252e 954d833b6aac44948f30decc815ea18d - - default default] Invoking get_snapshot using GET url: /api/v2/projects/default/snapshots/7e032252-efba-49e1-8cee-d94e91015c32             request.body: {} ssl_verify: False
2026-10-08 19:45:47.516 87 WARNING py.warnings [None req-cc649e50-3201-4392-90fb-3439afbc8e1c 43dd9efe451e4da1a27333d0d8a4252e 954d833b6aac44948f30decc815ea18d - - default default] /var/lib/kolla/venv/lib/python3.12/site-packages/urllib3/connectionpool.py:1110: InsecureRequestWarning: Unverified HTTPS request is being made to host '[LB_IP_ADDRESS]'. Adding certificate verification is strongly advised. See: https://urllib3.readthedocs.io/en/latest/advanced-usage.html#tls-warnings
  warnings.warn(

2026-10-08 19:45:47.670 87 INFO cinder.volume.manager [None req-cc649e50-3201-4392-90fb-3439afbc8e1c 43dd9efe451e4da1a27333d0d8a4252e 954d833b6aac44948f30decc815ea18d - - default default] Delete snapshot completed successfully.
2026-10-08 19:45:47.682 87 INFO cinder.volume.drivers.lightos [None req-c2b56f92-5032-4ea6-ac22-ccacfafb6bef 7c36d3eeecdf4fa493b2f686cb30e462 45b2289512664de4983503830323aac7 - - - -] Invoking get_snapshot_by_name using GET url: /api/v2/projects/default/snapshots/?Name=snapshot-ec103330-3dd4-4f4f-9c0b-0c0525b34425             request.body: {} ssl_verify: False
2026-10-08 19:45:47.726 87 WARNING py.warnings [None req-c2b56f92-5032-4ea6-ac22-ccacfafb6bef 7c36d3eeecdf4fa493b2f686cb30e462 45b2289512664de4983503830323aac7 - - - -] /var/lib/kolla/venv/lib/python3.12/site-packages/urllib3/connectionpool.py:1110: InsecureRequestWarning: Unverified HTTPS request is being made to host '[LB_IP_ADDRESS]'. Adding certificate verification is strongly advised. See: https://urllib3.readthedocs.io/en/latest/advanced-usage.html#tls-warnings
  warnings.warn(

2026-10-08 19:45:47.752 87 INFO cinder.volume.manager [None req-c2b56f92-5032-4ea6-ac22-ccacfafb6bef 7c36d3eeecdf4fa493b2f686cb30e462 45b2289512664de4983503830323aac7 - - - -] Create snapshot completed successfully
2026-10-08 19:45:48.531 87 INFO cinder.volume.drivers.lightos [None req-c7ae33d0-71e8-415e-ada1-c2545374dc47 43dd9efe451e4da1a27333d0d8a4252e 954d833b6aac44948f30decc815ea18d - - default default] Invoking delete_volume using DELETE url: /api/v2/projects/default/volumes/1b73e201-0192-4173-9b8d-d6b6d32b3604?             request.body:  ssl_verify: False
2026-10-08 19:45:48.568 87 WARNING py.warnings [None req-c7ae33d0-71e8-415e-ada1-c2545374dc47 43dd9efe451e4da1a27333d0d8a4252e 954d833b6aac44948f30decc815ea18d - - default default] /var/lib/kolla/venv/lib/python3.12/site-packages/urllib3/connectionpool.py:1110: InsecureRequestWarning: Unverified HTTPS request is being made to host '[LB_IP_ADDRESS]'. Adding certificate verification is strongly advised. See: https://urllib3.readthedocs.io/en/latest/advanced-usage.html#tls-warnings
  warnings.warn(

2026-10-08 19:45:48.598 87 INFO cinder.volume.drivers.lightos [None req-c7ae33d0-71e8-415e-ada1-c2545374dc47 43dd9efe451e4da1a27333d0d8a4252e 954d833b6aac44948f30decc815ea18d - - default default] Invoking get_volume using GET url: /api/v2/projects/default/volumes/1b73e201-0192-4173-9b8d-d6b6d32b3604             request.body: {} ssl_verify: False
2026-10-08 19:45:48.655 87 WARNING py.warnings [None req-c7ae33d0-71e8-415e-ada1-c2545374dc47 43dd9efe451e4da1a27333d0d8a4252e 954d833b6aac44948f30decc815ea18d - - default default] /var/lib/kolla/venv/lib/python3.12/site-packages/urllib3/connectionpool.py:1110: InsecureRequestWarning: Unverified HTTPS request is being made to host '[LB_IP_ADDRESS]'. Adding certificate verification is strongly advised. See: https://urllib3.readthedocs.io/en/latest/advanced-usage.html#tls-warnings
  warnings.warn(

2026-10-08 19:45:48.805 87 INFO cinder.volume.manager [None req-c7ae33d0-71e8-415e-ada1-c2545374dc47 43dd9efe451e4da1a27333d0d8a4252e 954d833b6aac44948f30decc815ea18d - - default default] Deleted volume successfully.
2026-10-08 19:45:48.826 87 INFO cinder.volume.drivers.lightos [None req-3636e4a0-993e-4819-bd6d-d98ceede558f 7c36d3eeecdf4fa493b2f686cb30e462 45b2289512664de4983503830323aac7 - - - -] Invoking get_volume_by_name using GET url: /api/v2/projects/default/volumes/?name=vol_8cb2c713-6195-4daa-9114-edcb66aac7f4             request.body: {} ssl_verify: False
2026-10-08 19:45:48.874 87 WARNING py.warnings [None req-3636e4a0-993e-4819-bd6d-d98ceede558f 7c36d3eeecdf4fa493b2f686cb30e462 45b2289512664de4983503830323aac7 - - - -] /var/lib/kolla/venv/lib/python3.12/site-packages/urllib3/connectionpool.py:1110: InsecureRequestWarning: Unverified HTTPS request is being made to host '[LB_IP_ADDRESS]'. Adding certificate verification is strongly advised. See: https://urllib3.readthedocs.io/en/latest/advanced-usage.html#tls-warnings
  warnings.warn(

2026-10-08 19:45:48.889 87 INFO cinder.volume.drivers.lightos [None req-3636e4a0-993e-4819-bd6d-d98ceede558f 7c36d3eeecdf4fa493b2f686cb30e462 45b2289512664de4983503830323aac7 - - - -] Invoking extend_volume using PUT url: /api/v2/projects/default/volumes/faeb72d2-3e0d-42dd-aa5b-b6b2a32eec6b             request.body: {'UUID': 'faeb72d2-3e0d-42dd-aa5b-b6b2a32eec6b', 'size': '2 gib'} ssl_verify: False
2026-10-08 19:45:48.931 87 WARNING py.warnings [None req-3636e4a0-993e-4819-bd6d-d98ceede558f 7c36d3eeecdf4fa493b2f686cb30e462 45b2289512664de4983503830323aac7 - - - -] /var/lib/kolla/venv/lib/python3.12/site-packages/urllib3/connectionpool.py:1110: InsecureRequestWarning: Unverified HTTPS request is being made to host '[LB_IP_ADDRESS]'. Adding certificate verification is strongly advised. See: https://urllib3.readthedocs.io/en/latest/advanced-usage.html#tls-warnings
  warnings.warn(

2026-10-08 19:45:48.958 87 INFO cinder.volume.drivers.lightos [None req-3636e4a0-993e-4819-bd6d-d98ceede558f 7c36d3eeecdf4fa493b2f686cb30e462 45b2289512664de4983503830323aac7 - - - -] Successfully extended volume Volume(_name_id=None,admin_metadata={},attach_status='detached',availability_zone='nova',bootable=False,cluster=<?>,cluster_name=None,consistencygroup=<?>,consistencygroup_id=None,created_at=2026-10-08T19:45:45Z,deleted=False,deleted_at=None,display_description=None,display_name='tempest-VolumesExtendTest-Volume-2139195718',ec2_id=None,encryption_key_id=None,glance_metadata={},group=<?>,group_id=None,host='rack11-server81@LIGHTOSvemhmp#vemhmp',id=8cb2c713-6195-4daa-9114-edcb66aac7f4,launched_at=2026-10-08T19:45:45Z,metadata={},migration_status=None,multiattach=False,previous_status='available',project_id='45b2289512664de4983503830323aac7',provider_auth=None,provider_geometry=None,provider_id='default faeb72d2-3e0d-42dd-aa5b-b6b2a32eec6b',provider_location=None,replication_driver_data=None,replication_extended_status=None,replication_status=None,scheduled_at=2026-10-08T19:45:45Z,service_uuid='a94f8f8b-b6eb-4baa-8155-8e7f9daed813',shared_targets=False,size=1,snapshot_id=None,snapshots=<?>,source_volid=None,status='extending',terminated_at=None,updated_at=2026-10-08T19:45:45Z,use_quota=True,user_id='7c36d3eeecdf4fa493b2f686cb30e462',volume_attachment=VolumeAttachmentList,volume_type=VolumeType(9e33a27f-87a7-47ac-9d72-59abacd63e10),volume_type_id=9e33a27f-87a7-47ac-9d72-59abacd63e10) project default size:2
2026-10-08 19:45:48.984 87 INFO cinder.volume.manager [None req-3636e4a0-993e-4819-bd6d-d98ceede558f 7c36d3eeecdf4fa493b2f686cb30e462 45b2289512664de4983503830323aac7 - - - -] Extend volume completed successfully.
2026-10-08 19:45:50.024 87 INFO cinder.volume.drivers.lightos [None req-772930af-2cdc-45bb-a967-b93fcfe8ca32 7c36d3eeecdf4fa493b2f686cb30e462 45b2289512664de4983503830323aac7 - - default default] Invoking get_snapshot_by_name using GET url: /api/v2/projects/default/snapshots/?Name=snapshot-ec103330-3dd4-4f4f-9c0b-0c0525b34425             request.body: {} ssl_verify: False
2026-10-08 19:45:50.065 87 WARNING py.warnings [None req-772930af-2cdc-45bb-a967-b93fcfe8ca32 7c36d3eeecdf4fa493b2f686cb30e462 45b2289512664de4983503830323aac7 - - default default] /var/lib/kolla/venv/lib/python3.12/site-packages/urllib3/connectionpool.py:1110: InsecureRequestWarning: Unverified HTTPS request is being made to host '[LB_IP_ADDRESS]'. Adding certificate verification is strongly advised. See: https://urllib3.readthedocs.io/en/latest/advanced-usage.html#tls-warnings
  warnings.warn(

2026-10-08 19:45:50.095 87 INFO cinder.volume.drivers.lightos [None req-772930af-2cdc-45bb-a967-b93fcfe8ca32 7c36d3eeecdf4fa493b2f686cb30e462 45b2289512664de4983503830323aac7 - - default default] Invoking delete_snapshot using DELETE url: /api/v2/projects/default/snapshots/ff44167c-07af-4785-8453-a1ec2a11ed71?             request.body:  ssl_verify: False
2026-10-08 19:45:50.136 87 WARNING py.warnings [None req-772930af-2cdc-45bb-a967-b93fcfe8ca32 7c36d3eeecdf4fa493b2f686cb30e462 45b2289512664de4983503830323aac7 - - default default] /var/lib/kolla/venv/lib/python3.12/site-packages/urllib3/connectionpool.py:1110: InsecureRequestWarning: Unverified HTTPS request is being made to host '[LB_IP_ADDRESS]'. Adding certificate verification is strongly advised. See: https://urllib3.readthedocs.io/en/latest/advanced-usage.html#tls-warnings
  warnings.warn(

2026-10-08 19:45:50.157 87 INFO cinder.volume.drivers.lightos [None req-772930af-2cdc-45bb-a967-b93fcfe8ca32 7c36d3eeecdf4fa493b2f686cb30e462 45b2289512664de4983503830323aac7 - - default default] Invoking get_snapshot using GET url: /api/v2/projects/default/snapshots/ff44167c-07af-4785-8453-a1ec2a11ed71             request.body: {} ssl_verify: False
2026-10-08 19:45:50.202 87 WARNING py.warnings [None req-772930af-2cdc-45bb-a967-b93fcfe8ca32 7c36d3eeecdf4fa493b2f686cb30e462 45b2289512664de4983503830323aac7 - - default default] /var/lib/kolla/venv/lib/python3.12/site-packages/urllib3/connectionpool.py:1110: InsecureRequestWarning: Unverified HTTPS request is being made to host '[LB_IP_ADDRESS]'. Adding certificate verification is strongly advised. See: https://urllib3.readthedocs.io/en/latest/advanced-usage.html#tls-warnings
  warnings.warn(

2026-10-08 19:45:50.349 87 INFO cinder.volume.manager [None req-772930af-2cdc-45bb-a967-b93fcfe8ca32 7c36d3eeecdf4fa493b2f686cb30e462 45b2289512664de4983503830323aac7 - - default default] Delete snapshot completed successfully.
2026-10-08 19:45:51.203 87 INFO cinder.volume.drivers.lightos [None req-c28ce9ab-6c04-4d3e-9c26-e611a024380a 7c36d3eeecdf4fa493b2f686cb30e462 45b2289512664de4983503830323aac7 - - default default] Invoking delete_volume using DELETE url: /api/v2/projects/default/volumes/faeb72d2-3e0d-42dd-aa5b-b6b2a32eec6b?             request.body:  ssl_verify: False
2026-10-08 19:45:51.243 87 WARNING py.warnings [None req-c28ce9ab-6c04-4d3e-9c26-e611a024380a 7c36d3eeecdf4fa493b2f686cb30e462 45b2289512664de4983503830323aac7 - - default default] /var/lib/kolla/venv/lib/python3.12/site-packages/urllib3/connectionpool.py:1110: InsecureRequestWarning: Unverified HTTPS request is being made to host '[LB_IP_ADDRESS]'. Adding certificate verification is strongly advised. See: https://urllib3.readthedocs.io/en/latest/advanced-usage.html#tls-warnings
  warnings.warn(

2026-10-08 19:45:51.275 87 INFO cinder.volume.drivers.lightos [None req-c28ce9ab-6c04-4d3e-9c26-e611a024380a 7c36d3eeecdf4fa493b2f686cb30e462 45b2289512664de4983503830323aac7 - - default default] Invoking get_volume using GET url: /api/v2/projects/default/volumes/faeb72d2-3e0d-42dd-aa5b-b6b2a32eec6b             request.body: {} ssl_verify: False
2026-10-08 19:45:51.332 87 WARNING py.warnings [None req-c28ce9ab-6c04-4d3e-9c26-e611a024380a 7c36d3eeecdf4fa493b2f686cb30e462 45b2289512664de4983503830323aac7 - - default default] /var/lib/kolla/venv/lib/python3.12/site-packages/urllib3/connectionpool.py:1110: InsecureRequestWarning: Unverified HTTPS request is being made to host '[LB_IP_ADDRESS]'. Adding certificate verification is strongly advised. See: https://urllib3.readthedocs.io/en/latest/advanced-usage.html#tls-warnings
  warnings.warn(

2026-10-08 19:45:51.474 87 INFO cinder.volume.manager [None req-c28ce9ab-6c04-4d3e-9c26-e611a024380a 7c36d3eeecdf4fa493b2f686cb30e462 45b2289512664de4983503830323aac7 - - default default] Deleted volume successfully.
2026-10-08 19:45:55.615 87 INFO cinder.volume.flows.manager.create_volume [None req-2e284d42-f167-46de-8e92-8234fcb5fa23 b29f4c99d00b48ebac0678451a0f703c d960e079d23143efa082c00dbd9dc2f5 - - - -] Volume 57137db7-a4a0-4eb9-a606-5da6306cd1ff: being created as raw with specification: {'status': 'creating', 'volume_name': 'vol_57137db7-a4a0-4eb9-a606-5da6306cd1ff', 'volume_size': 1}
2026-10-08 19:45:55.616 87 INFO cinder.volume.drivers.lightos [None req-2e284d42-f167-46de-8e92-8234fcb5fa23 b29f4c99d00b48ebac0678451a0f703c d960e079d23143efa082c00dbd9dc2f5 - - - -] Invoking get_volume_by_name using GET url: /api/v2/projects/default/volumes/?name=vol_57137db7-a4a0-4eb9-a606-5da6306cd1ff             request.body: {} ssl_verify: False
2026-10-08 19:45:55.652 87 WARNING py.warnings [None req-2e284d42-f167-46de-8e92-8234fcb5fa23 b29f4c99d00b48ebac0678451a0f703c d960e079d23143efa082c00dbd9dc2f5 - - - -] /var/lib/kolla/venv/lib/python3.12/site-packages/urllib3/connectionpool.py:1110: InsecureRequestWarning: Unverified HTTPS request is being made to host '[LB_IP_ADDRESS]'. Adding certificate verification is strongly advised. See: https://urllib3.readthedocs.io/en/latest/advanced-usage.html#tls-warnings
  warnings.warn(

2026-10-08 19:45:55.664 87 INFO cinder.volume.drivers.lightos [None req-2e284d42-f167-46de-8e92-8234fcb5fa23 b29f4c99d00b48ebac0678451a0f703c d960e079d23143efa082c00dbd9dc2f5 - - - -] Invoking create_volume using POST url: /api/v2/projects/default/volumes             request.body: {'name': 'vol_57137db7-a4a0-4eb9-a606-5da6306cd1ff', 'size': '1 gib', 'replicaCount': '3', 'compression': 'False', 'acl': {'values': ['ALLOW_NONE']}, 'IPAcl': {'values': ['ALLOW_NONE']}, 'sourceSnapshotUUID': None, 'sourceSnapshotName': None} ssl_verify: False
2026-10-08 19:45:55.720 87 WARNING py.warnings [None req-2e284d42-f167-46de-8e92-8234fcb5fa23 b29f4c99d00b48ebac0678451a0f703c d960e079d23143efa082c00dbd9dc2f5 - - - -] /var/lib/kolla/venv/lib/python3.12/site-packages/urllib3/connectionpool.py:1110: InsecureRequestWarning: Unverified HTTPS request is being made to host '[LB_IP_ADDRESS]'. Adding certificate verification is strongly advised. See: https://urllib3.readthedocs.io/en/latest/advanced-usage.html#tls-warnings
  warnings.warn(

2026-10-08 19:45:55.751 87 INFO cinder.volume.drivers.lightos [None req-2e284d42-f167-46de-8e92-8234fcb5fa23 b29f4c99d00b48ebac0678451a0f703c d960e079d23143efa082c00dbd9dc2f5 - - - -] Invoking get_volume using GET url: /api/v2/projects/default/volumes/32154879-ef95-4035-93db-cac34fffdbb8             request.body: {} ssl_verify: False
2026-10-08 19:45:55.800 87 WARNING py.warnings [None req-2e284d42-f167-46de-8e92-8234fcb5fa23 b29f4c99d00b48ebac0678451a0f703c d960e079d23143efa082c00dbd9dc2f5 - - - -] /var/lib/kolla/venv/lib/python3.12/site-packages/urllib3/connectionpool.py:1110: InsecureRequestWarning: Unverified HTTPS request is being made to host '[LB_IP_ADDRESS]'. Adding certificate verification is strongly advised. See: https://urllib3.readthedocs.io/en/latest/advanced-usage.html#tls-warnings
  warnings.warn(

2026-10-08 19:45:55.858 87 INFO cinder.volume.flows.manager.create_volume [None req-2e284d42-f167-46de-8e92-8234fcb5fa23 b29f4c99d00b48ebac0678451a0f703c d960e079d23143efa082c00dbd9dc2f5 - - - -] Volume vol_57137db7-a4a0-4eb9-a606-5da6306cd1ff (57137db7-a4a0-4eb9-a606-5da6306cd1ff): created successfully
2026-10-08 19:45:55.866 87 INFO cinder.volume.manager [None req-2e284d42-f167-46de-8e92-8234fcb5fa23 b29f4c99d00b48ebac0678451a0f703c d960e079d23143efa082c00dbd9dc2f5 - - - -] Created volume successfully.
2026-10-08 19:45:57.245 87 INFO cinder.volume.flows.manager.create_volume [None req-0569cd20-432c-45a2-acc7-e8f8394713b6 b29f4c99d00b48ebac0678451a0f703c d960e079d23143efa082c00dbd9dc2f5 - - - -] Volume bf2d557f-63e9-40e5-8f64-92c1ae24bca2: being created as raw with specification: {'status': 'creating', 'volume_name': 'vol_bf2d557f-63e9-40e5-8f64-92c1ae24bca2', 'volume_size': 1}
2026-10-08 19:45:57.245 87 INFO cinder.volume.drivers.lightos [None req-0569cd20-432c-45a2-acc7-e8f8394713b6 b29f4c99d00b48ebac0678451a0f703c d960e079d23143efa082c00dbd9dc2f5 - - - -] Invoking get_volume_by_name using GET url: /api/v2/projects/default/volumes/?name=vol_bf2d557f-63e9-40e5-8f64-92c1ae24bca2             request.body: {} ssl_verify: False
2026-10-08 19:45:57.292 87 WARNING py.warnings [None req-0569cd20-432c-45a2-acc7-e8f8394713b6 b29f4c99d00b48ebac0678451a0f703c d960e079d23143efa082c00dbd9dc2f5 - - - -] /var/lib/kolla/venv/lib/python3.12/site-packages/urllib3/connectionpool.py:1110: InsecureRequestWarning: Unverified HTTPS request is being made to host '[LB_IP_ADDRESS]'. Adding certificate verification is strongly advised. See: https://urllib3.readthedocs.io/en/latest/advanced-usage.html#tls-warnings
  warnings.warn(

2026-10-08 19:45:57.304 87 INFO cinder.volume.drivers.lightos [None req-0569cd20-432c-45a2-acc7-e8f8394713b6 b29f4c99d00b48ebac0678451a0f703c d960e079d23143efa082c00dbd9dc2f5 - - - -] Invoking create_volume using POST url: /api/v2/projects/default/volumes             request.body: {'name': 'vol_bf2d557f-63e9-40e5-8f64-92c1ae24bca2', 'size': '1 gib', 'replicaCount': '3', 'compression': 'False', 'acl': {'values': ['ALLOW_NONE']}, 'IPAcl': {'values': ['ALLOW_NONE']}, 'sourceSnapshotUUID': None, 'sourceSnapshotName': None} ssl_verify: False
2026-10-08 19:45:57.350 87 WARNING py.warnings [None req-0569cd20-432c-45a2-acc7-e8f8394713b6 b29f4c99d00b48ebac0678451a0f703c d960e079d23143efa082c00dbd9dc2f5 - - - -] /var/lib/kolla/venv/lib/python3.12/site-packages/urllib3/connectionpool.py:1110: InsecureRequestWarning: Unverified HTTPS request is being made to host '[LB_IP_ADDRESS]'. Adding certificate verification is strongly advised. See: https://urllib3.readthedocs.io/en/latest/advanced-usage.html#tls-warnings
  warnings.warn(

2026-10-08 19:45:57.382 87 INFO cinder.volume.drivers.lightos [None req-0569cd20-432c-45a2-acc7-e8f8394713b6 b29f4c99d00b48ebac0678451a0f703c d960e079d23143efa082c00dbd9dc2f5 - - - -] Invoking get_volume using GET url: /api/v2/projects/default/volumes/ce4e2234-3b5a-4135-b7ec-f13baf5dee4f             request.body: {} ssl_verify: False
2026-10-08 19:45:57.428 87 WARNING py.warnings [None req-0569cd20-432c-45a2-acc7-e8f8394713b6 b29f4c99d00b48ebac0678451a0f703c d960e079d23143efa082c00dbd9dc2f5 - - - -] /var/lib/kolla/venv/lib/python3.12/site-packages/urllib3/connectionpool.py:1110: InsecureRequestWarning: Unverified HTTPS request is being made to host '[LB_IP_ADDRESS]'. Adding certificate verification is strongly advised. See: https://urllib3.readthedocs.io/en/latest/advanced-usage.html#tls-warnings
  warnings.warn(

2026-10-08 19:45:58.453 87 INFO cinder.volume.drivers.lightos [None req-0569cd20-432c-45a2-acc7-e8f8394713b6 b29f4c99d00b48ebac0678451a0f703c d960e079d23143efa082c00dbd9dc2f5 - - - -] Invoking get_volume using GET url: /api/v2/projects/default/volumes/ce4e2234-3b5a-4135-b7ec-f13baf5dee4f             request.body: {} ssl_verify: False
2026-10-08 19:45:58.501 87 WARNING py.warnings [None req-0569cd20-432c-45a2-acc7-e8f8394713b6 b29f4c99d00b48ebac0678451a0f703c d960e079d23143efa082c00dbd9dc2f5 - - - -] /var/lib/kolla/venv/lib/python3.12/site-packages/urllib3/connectionpool.py:1110: InsecureRequestWarning: Unverified HTTPS request is being made to host '[LB_IP_ADDRESS]'. Adding certificate verification is strongly advised. See: https://urllib3.readthedocs.io/en/latest/advanced-usage.html#tls-warnings
  warnings.warn(

2026-10-08 19:45:58.535 87 INFO cinder.volume.flows.manager.create_volume [None req-0569cd20-432c-45a2-acc7-e8f8394713b6 b29f4c99d00b48ebac0678451a0f703c d960e079d23143efa082c00dbd9dc2f5 - - - -] Volume vol_bf2d557f-63e9-40e5-8f64-92c1ae24bca2 (bf2d557f-63e9-40e5-8f64-92c1ae24bca2): created successfully
2026-10-08 19:45:58.546 87 INFO cinder.volume.manager [None req-0569cd20-432c-45a2-acc7-e8f8394713b6 b29f4c99d00b48ebac0678451a0f703c d960e079d23143efa082c00dbd9dc2f5 - - - -] Created volume successfully.
2026-10-08 19:46:00.384 87 INFO cinder.volume.flows.manager.create_volume [None req-d76068ca-1c83-4621-a1a8-18258c80766a b29f4c99d00b48ebac0678451a0f703c d960e079d23143efa082c00dbd9dc2f5 - - - -] Volume 4e095417-ed52-4bb6-89f6-85d1102a1739: being created as raw with specification: {'status': 'creating', 'volume_name': 'vol_4e095417-ed52-4bb6-89f6-85d1102a1739', 'volume_size': 1}
2026-10-08 19:46:00.384 87 INFO cinder.volume.drivers.lightos [None req-d76068ca-1c83-4621-a1a8-18258c80766a b29f4c99d00b48ebac0678451a0f703c d960e079d23143efa082c00dbd9dc2f5 - - - -] Invoking get_volume_by_name using GET url: /api/v2/projects/default/volumes/?name=vol_4e095417-ed52-4bb6-89f6-85d1102a1739             request.body: {} ssl_verify: False
2026-10-08 19:46:00.422 87 WARNING py.warnings [None req-d76068ca-1c83-4621-a1a8-18258c80766a b29f4c99d00b48ebac0678451a0f703c d960e079d23143efa082c00dbd9dc2f5 - - - -] /var/lib/kolla/venv/lib/python3.12/site-packages/urllib3/connectionpool.py:1110: InsecureRequestWarning: Unverified HTTPS request is being made to host '[LB_IP_ADDRESS]'. Adding certificate verification is strongly advised. See: https://urllib3.readthedocs.io/en/latest/advanced-usage.html#tls-warnings
  warnings.warn(

2026-10-08 19:46:00.433 87 INFO cinder.volume.drivers.lightos [None req-d76068ca-1c83-4621-a1a8-18258c80766a b29f4c99d00b48ebac0678451a0f703c d960e079d23143efa082c00dbd9dc2f5 - - - -] Invoking create_volume using POST url: /api/v2/projects/default/volumes             request.body: {'name': 'vol_4e095417-ed52-4bb6-89f6-85d1102a1739', 'size': '1 gib', 'replicaCount': '3', 'compression': 'False', 'acl': {'values': ['ALLOW_NONE']}, 'IPAcl': {'values': ['ALLOW_NONE']}, 'sourceSnapshotUUID': None, 'sourceSnapshotName': None} ssl_verify: False
2026-10-08 19:46:00.475 87 WARNING py.warnings [None req-d76068ca-1c83-4621-a1a8-18258c80766a b29f4c99d00b48ebac0678451a0f703c d960e079d23143efa082c00dbd9dc2f5 - - - -] /var/lib/kolla/venv/lib/python3.12/site-packages/urllib3/connectionpool.py:1110: InsecureRequestWarning: Unverified HTTPS request is being made to host '[LB_IP_ADDRESS]'. Adding certificate verification is strongly advised. See: https://urllib3.readthedocs.io/en/latest/advanced-usage.html#tls-warnings
  warnings.warn(

2026-10-08 19:46:00.507 87 INFO cinder.volume.drivers.lightos [None req-d76068ca-1c83-4621-a1a8-18258c80766a b29f4c99d00b48ebac0678451a0f703c d960e079d23143efa082c00dbd9dc2f5 - - - -] Invoking get_volume using GET url: /api/v2/projects/default/volumes/e2801569-4f79-448a-9388-e760914bbf75             request.body: {} ssl_verify: False
2026-10-08 19:46:00.565 87 WARNING py.warnings [None req-d76068ca-1c83-4621-a1a8-18258c80766a b29f4c99d00b48ebac0678451a0f703c d960e079d23143efa082c00dbd9dc2f5 - - - -] /var/lib/kolla/venv/lib/python3.12/site-packages/urllib3/connectionpool.py:1110: InsecureRequestWarning: Unverified HTTPS request is being made to host '[LB_IP_ADDRESS]'. Adding certificate verification is strongly advised. See: https://urllib3.readthedocs.io/en/latest/advanced-usage.html#tls-warnings
  warnings.warn(

2026-10-08 19:46:00.605 87 INFO cinder.volume.flows.manager.create_volume [None req-d76068ca-1c83-4621-a1a8-18258c80766a b29f4c99d00b48ebac0678451a0f703c d960e079d23143efa082c00dbd9dc2f5 - - - -] Volume vol_4e095417-ed52-4bb6-89f6-85d1102a1739 (4e095417-ed52-4bb6-89f6-85d1102a1739): created successfully
2026-10-08 19:46:00.613 87 INFO cinder.volume.manager [None req-d76068ca-1c83-4621-a1a8-18258c80766a b29f4c99d00b48ebac0678451a0f703c d960e079d23143efa082c00dbd9dc2f5 - - - -] Created volume successfully.
2026-10-08 19:46:02.758 87 INFO cinder.volume.drivers.lightos [None req-394c8e26-a2f6-4d23-894b-fb17c3359012 b29f4c99d00b48ebac0678451a0f703c d960e079d23143efa082c00dbd9dc2f5 - - default default] Invoking delete_volume using DELETE url: /api/v2/projects/default/volumes/e2801569-4f79-448a-9388-e760914bbf75?             request.body:  ssl_verify: False
2026-10-08 19:46:02.799 87 WARNING py.warnings [None req-394c8e26-a2f6-4d23-894b-fb17c3359012 b29f4c99d00b48ebac0678451a0f703c d960e079d23143efa082c00dbd9dc2f5 - - default default] /var/lib/kolla/venv/lib/python3.12/site-packages/urllib3/connectionpool.py:1110: InsecureRequestWarning: Unverified HTTPS request is being made to host '[LB_IP_ADDRESS]'. Adding certificate verification is strongly advised. See: https://urllib3.readthedocs.io/en/latest/advanced-usage.html#tls-warnings
  warnings.warn(

2026-10-08 19:46:02.831 87 INFO cinder.volume.drivers.lightos [None req-394c8e26-a2f6-4d23-894b-fb17c3359012 b29f4c99d00b48ebac0678451a0f703c d960e079d23143efa082c00dbd9dc2f5 - - default default] Invoking get_volume using GET url: /api/v2/projects/default/volumes/e2801569-4f79-448a-9388-e760914bbf75             request.body: {} ssl_verify: False
2026-10-08 19:46:02.880 87 WARNING py.warnings [None req-394c8e26-a2f6-4d23-894b-fb17c3359012 b29f4c99d00b48ebac0678451a0f703c d960e079d23143efa082c00dbd9dc2f5 - - default default] /var/lib/kolla/venv/lib/python3.12/site-packages/urllib3/connectionpool.py:1110: InsecureRequestWarning: Unverified HTTPS request is being made to host '[LB_IP_ADDRESS]'. Adding certificate verification is strongly advised. See: https://urllib3.readthedocs.io/en/latest/advanced-usage.html#tls-warnings
  warnings.warn(

2026-10-08 19:46:03.055 87 INFO cinder.volume.manager [None req-394c8e26-a2f6-4d23-894b-fb17c3359012 b29f4c99d00b48ebac0678451a0f703c d960e079d23143efa082c00dbd9dc2f5 - - default default] Deleted volume successfully.
2026-10-08 19:46:03.919 87 INFO cinder.volume.drivers.lightos [None req-afe5c8df-2887-4c0b-8dd2-cc6a0a004160 b29f4c99d00b48ebac0678451a0f703c d960e079d23143efa082c00dbd9dc2f5 - - default default] Invoking delete_volume using DELETE url: /api/v2/projects/default/volumes/ce4e2234-3b5a-4135-b7ec-f13baf5dee4f?             request.body:  ssl_verify: False
2026-10-08 19:46:03.957 87 WARNING py.warnings [None req-afe5c8df-2887-4c0b-8dd2-cc6a0a004160 b29f4c99d00b48ebac0678451a0f703c d960e079d23143efa082c00dbd9dc2f5 - - default default] /var/lib/kolla/venv/lib/python3.12/site-packages/urllib3/connectionpool.py:1110: InsecureRequestWarning: Unverified HTTPS request is being made to host '[LB_IP_ADDRESS]'. Adding certificate verification is strongly advised. See: https://urllib3.readthedocs.io/en/latest/advanced-usage.html#tls-warnings
  warnings.warn(

2026-10-08 19:46:03.991 87 INFO cinder.volume.drivers.lightos [None req-afe5c8df-2887-4c0b-8dd2-cc6a0a004160 b29f4c99d00b48ebac0678451a0f703c d960e079d23143efa082c00dbd9dc2f5 - - default default] Invoking get_volume using GET url: /api/v2/projects/default/volumes/ce4e2234-3b5a-4135-b7ec-f13baf5dee4f             request.body: {} ssl_verify: False
2026-10-08 19:46:04.042 87 WARNING py.warnings [None req-afe5c8df-2887-4c0b-8dd2-cc6a0a004160 b29f4c99d00b48ebac0678451a0f703c d960e079d23143efa082c00dbd9dc2f5 - - default default] /var/lib/kolla/venv/lib/python3.12/site-packages/urllib3/connectionpool.py:1110: InsecureRequestWarning: Unverified HTTPS request is being made to host '[LB_IP_ADDRESS]'. Adding certificate verification is strongly advised. See: https://urllib3.readthedocs.io/en/latest/advanced-usage.html#tls-warnings
  warnings.warn(

2026-10-08 19:46:04.217 87 INFO cinder.volume.manager [None req-afe5c8df-2887-4c0b-8dd2-cc6a0a004160 b29f4c99d00b48ebac0678451a0f703c d960e079d23143efa082c00dbd9dc2f5 - - default default] Deleted volume successfully.
2026-10-08 19:46:04.251 87 INFO cinder.volume.drivers.lightos [None req-8679ffd4-e31c-4828-97d9-992be9ba5955 bcec49738f1942e2a5d8d429915be8c3 99be6c8cfff34c50bdab8d877e4b61a5 - - default default] Invoking delete_volume using DELETE url: /api/v2/projects/default/volumes/f565b36b-0fe2-423b-96c7-c64a97fd4b4e?             request.body:  ssl_verify: False
2026-10-08 19:46:04.290 87 WARNING py.warnings [None req-8679ffd4-e31c-4828-97d9-992be9ba5955 bcec49738f1942e2a5d8d429915be8c3 99be6c8cfff34c50bdab8d877e4b61a5 - - default default] /var/lib/kolla/venv/lib/python3.12/site-packages/urllib3/connectionpool.py:1110: InsecureRequestWarning: Unverified HTTPS request is being made to host '[LB_IP_ADDRESS]'. Adding certificate verification is strongly advised. See: https://urllib3.readthedocs.io/en/latest/advanced-usage.html#tls-warnings
  warnings.warn(

2026-10-08 19:46:04.330 87 INFO cinder.volume.drivers.lightos [None req-8679ffd4-e31c-4828-97d9-992be9ba5955 bcec49738f1942e2a5d8d429915be8c3 99be6c8cfff34c50bdab8d877e4b61a5 - - default default] Invoking get_volume using GET url: /api/v2/projects/default/volumes/f565b36b-0fe2-423b-96c7-c64a97fd4b4e             request.body: {} ssl_verify: False
2026-10-08 19:46:04.374 87 WARNING py.warnings [None req-8679ffd4-e31c-4828-97d9-992be9ba5955 bcec49738f1942e2a5d8d429915be8c3 99be6c8cfff34c50bdab8d877e4b61a5 - - default default] /var/lib/kolla/venv/lib/python3.12/site-packages/urllib3/connectionpool.py:1110: InsecureRequestWarning: Unverified HTTPS request is being made to host '[LB_IP_ADDRESS]'. Adding certificate verification is strongly advised. See: https://urllib3.readthedocs.io/en/latest/advanced-usage.html#tls-warnings
  warnings.warn(

2026-10-08 19:46:04.533 87 INFO cinder.volume.manager [None req-8679ffd4-e31c-4828-97d9-992be9ba5955 bcec49738f1942e2a5d8d429915be8c3 99be6c8cfff34c50bdab8d877e4b61a5 - - default default] Deleted volume successfully.
2026-10-08 19:46:05.099 87 INFO cinder.volume.drivers.lightos [None req-58146695-31b9-4d53-bfe4-5ea9a5d53ee8 b29f4c99d00b48ebac0678451a0f703c d960e079d23143efa082c00dbd9dc2f5 - - default default] Invoking delete_volume using DELETE url: /api/v2/projects/default/volumes/32154879-ef95-4035-93db-cac34fffdbb8?             request.body:  ssl_verify: False
2026-10-08 19:46:05.133 87 WARNING py.warnings [None req-58146695-31b9-4d53-bfe4-5ea9a5d53ee8 b29f4c99d00b48ebac0678451a0f703c d960e079d23143efa082c00dbd9dc2f5 - - default default] /var/lib/kolla/venv/lib/python3.12/site-packages/urllib3/connectionpool.py:1110: InsecureRequestWarning: Unverified HTTPS request is being made to host '[LB_IP_ADDRESS]'. Adding certificate verification is strongly advised. See: https://urllib3.readthedocs.io/en/latest/advanced-usage.html#tls-warnings
  warnings.warn(

2026-10-08 19:46:05.158 87 INFO cinder.volume.drivers.lightos [None req-58146695-31b9-4d53-bfe4-5ea9a5d53ee8 b29f4c99d00b48ebac0678451a0f703c d960e079d23143efa082c00dbd9dc2f5 - - default default] Invoking get_volume using GET url: /api/v2/projects/default/volumes/32154879-ef95-4035-93db-cac34fffdbb8             request.body: {} ssl_verify: False
2026-10-08 19:46:05.204 87 WARNING py.warnings [None req-58146695-31b9-4d53-bfe4-5ea9a5d53ee8 b29f4c99d00b48ebac0678451a0f703c d960e079d23143efa082c00dbd9dc2f5 - - default default] /var/lib/kolla/venv/lib/python3.12/site-packages/urllib3/connectionpool.py:1110: InsecureRequestWarning: Unverified HTTPS request is being made to host '[LB_IP_ADDRESS]'. Adding certificate verification is strongly advised. See: https://urllib3.readthedocs.io/en/latest/advanced-usage.html#tls-warnings
  warnings.warn(

2026-10-08 19:46:05.362 87 INFO cinder.volume.manager [None req-58146695-31b9-4d53-bfe4-5ea9a5d53ee8 b29f4c99d00b48ebac0678451a0f703c d960e079d23143efa082c00dbd9dc2f5 - - default default] Deleted volume successfully.
2026-10-08 19:46:12.695 87 INFO cinder.volume.flows.manager.create_volume [None req-c3cbe19d-bab6-4e23-96b7-4d55f620e1a7 019a178b9b3a48c0b265ef77ac069be7 2940ce00ae1a47f5be5aa7873ea8938c - - - -] Volume 34084c7e-36bd-4f17-ab34-f443255dbc2d: being created as raw with specification: {'status': 'creating', 'volume_name': 'vol_34084c7e-36bd-4f17-ab34-f443255dbc2d', 'volume_size': 1}
2026-10-08 19:46:12.696 87 INFO cinder.volume.drivers.lightos [None req-c3cbe19d-bab6-4e23-96b7-4d55f620e1a7 019a178b9b3a48c0b265ef77ac069be7 2940ce00ae1a47f5be5aa7873ea8938c - - - -] Invoking get_volume_by_name using GET url: /api/v2/projects/default/volumes/?name=vol_34084c7e-36bd-4f17-ab34-f443255dbc2d             request.body: {} ssl_verify: False
2026-10-08 19:46:12.740 87 WARNING py.warnings [None req-c3cbe19d-bab6-4e23-96b7-4d55f620e1a7 019a178b9b3a48c0b265ef77ac069be7 2940ce00ae1a47f5be5aa7873ea8938c - - - -] /var/lib/kolla/venv/lib/python3.12/site-packages/urllib3/connectionpool.py:1110: InsecureRequestWarning: Unverified HTTPS request is being made to host '[LB_IP_ADDRESS]'. Adding certificate verification is strongly advised. See: https://urllib3.readthedocs.io/en/latest/advanced-usage.html#tls-warnings
  warnings.warn(

2026-10-08 19:46:12.756 87 INFO cinder.volume.flows.manager.create_volume [None req-b0297e1a-0d4a-48cf-a6a8-e5352490c2a1 0e199c783a06477d99bcc608aa270d5c 73c443f00c7f4a4aa907cdf98122d037 - - - -] Volume 192b33ca-cc7d-4d42-bc73-d0e4ebb8c2b1: being created as raw with specification: {'status': 'creating', 'volume_name': 'vol_192b33ca-cc7d-4d42-bc73-d0e4ebb8c2b1', 'volume_size': 1}
2026-10-08 19:46:12.757 87 INFO cinder.volume.drivers.lightos [None req-b0297e1a-0d4a-48cf-a6a8-e5352490c2a1 0e199c783a06477d99bcc608aa270d5c 73c443f00c7f4a4aa907cdf98122d037 - - - -] Invoking get_volume_by_name using GET url: /api/v2/projects/default/volumes/?name=vol_192b33ca-cc7d-4d42-bc73-d0e4ebb8c2b1             request.body: {} ssl_verify: False
2026-10-08 19:46:12.759 87 INFO cinder.volume.drivers.lightos [None req-c3cbe19d-bab6-4e23-96b7-4d55f620e1a7 019a178b9b3a48c0b265ef77ac069be7 2940ce00ae1a47f5be5aa7873ea8938c - - - -] Invoking create_volume using POST url: /api/v2/projects/default/volumes             request.body: {'name': 'vol_34084c7e-36bd-4f17-ab34-f443255dbc2d', 'size': '1 gib', 'replicaCount': '3', 'compression': 'False', 'acl': {'values': ['ALLOW_NONE']}, 'IPAcl': {'values': ['ALLOW_NONE']}, 'sourceSnapshotUUID': None, 'sourceSnapshotName': None} ssl_verify: False
2026-10-08 19:46:12.817 87 WARNING py.warnings [None req-c3cbe19d-bab6-4e23-96b7-4d55f620e1a7 019a178b9b3a48c0b265ef77ac069be7 2940ce00ae1a47f5be5aa7873ea8938c - - - -] /var/lib/kolla/venv/lib/python3.12/site-packages/urllib3/connectionpool.py:1110: InsecureRequestWarning: Unverified HTTPS request is being made to host '[LB_IP_ADDRESS]'. Adding certificate verification is strongly advised. See: https://urllib3.readthedocs.io/en/latest/advanced-usage.html#tls-warnings
  warnings.warn(

2026-10-08 19:46:12.829 87 WARNING py.warnings [None req-b0297e1a-0d4a-48cf-a6a8-e5352490c2a1 0e199c783a06477d99bcc608aa270d5c 73c443f00c7f4a4aa907cdf98122d037 - - - -] /var/lib/kolla/venv/lib/python3.12/site-packages/urllib3/connectionpool.py:1110: InsecureRequestWarning: Unverified HTTPS request is being made to host '[LB_IP_ADDRESS]'. Adding certificate verification is strongly advised. See: https://urllib3.readthedocs.io/en/latest/advanced-usage.html#tls-warnings
  warnings.warn(

2026-10-08 19:46:12.843 87 INFO cinder.volume.flows.manager.create_volume [None req-9c65bea1-c03b-4c3e-978c-7ff6214b2d80 3bc6c35d455241239617012e72df5e4c 351000989b314dce9b27a631877765ef - - - -] Volume ee40a972-dc73-44c2-a279-6b90598cb478: being created as raw with specification: {'status': 'creating', 'volume_name': 'vol_ee40a972-dc73-44c2-a279-6b90598cb478', 'volume_size': 1}
2026-10-08 19:46:12.844 87 INFO cinder.volume.drivers.lightos [None req-9c65bea1-c03b-4c3e-978c-7ff6214b2d80 3bc6c35d455241239617012e72df5e4c 351000989b314dce9b27a631877765ef - - - -] Invoking get_volume_by_name using GET url: /api/v2/projects/default/volumes/?name=vol_ee40a972-dc73-44c2-a279-6b90598cb478             request.body: {} ssl_verify: False
2026-10-08 19:46:12.846 87 INFO cinder.volume.drivers.lightos [None req-b0297e1a-0d4a-48cf-a6a8-e5352490c2a1 0e199c783a06477d99bcc608aa270d5c 73c443f00c7f4a4aa907cdf98122d037 - - - -] Invoking create_volume using POST url: /api/v2/projects/default/volumes             request.body: {'name': 'vol_192b33ca-cc7d-4d42-bc73-d0e4ebb8c2b1', 'size': '1 gib', 'replicaCount': '3', 'compression': 'False', 'acl': {'values': ['ALLOW_NONE']}, 'IPAcl': {'values': ['ALLOW_NONE']}, 'sourceSnapshotUUID': None, 'sourceSnapshotName': None} ssl_verify: False
2026-10-08 19:46:12.901 87 INFO cinder.volume.drivers.lightos [None req-c3cbe19d-bab6-4e23-96b7-4d55f620e1a7 019a178b9b3a48c0b265ef77ac069be7 2940ce00ae1a47f5be5aa7873ea8938c - - - -] Invoking get_volume using GET url: /api/v2/projects/default/volumes/b46570d3-2c14-473e-9ec6-ed94a7655ff5             request.body: {} ssl_verify: False
2026-10-08 19:46:12.903 87 WARNING py.warnings [None req-9c65bea1-c03b-4c3e-978c-7ff6214b2d80 3bc6c35d455241239617012e72df5e4c 351000989b314dce9b27a631877765ef - - - -] /var/lib/kolla/venv/lib/python3.12/site-packages/urllib3/connectionpool.py:1110: InsecureRequestWarning: Unverified HTTPS request is being made to host '[LB_IP_ADDRESS]'. Adding certificate verification is strongly advised. See: https://urllib3.readthedocs.io/en/latest/advanced-usage.html#tls-warnings
  warnings.warn(

2026-10-08 19:46:12.931 87 WARNING py.warnings [None req-b0297e1a-0d4a-48cf-a6a8-e5352490c2a1 0e199c783a06477d99bcc608aa270d5c 73c443f00c7f4a4aa907cdf98122d037 - - - -] /var/lib/kolla/venv/lib/python3.12/site-packages/urllib3/connectionpool.py:1110: InsecureRequestWarning: Unverified HTTPS request is being made to host '[LB_IP_ADDRESS]'. Adding certificate verification is strongly advised. See: https://urllib3.readthedocs.io/en/latest/advanced-usage.html#tls-warnings
  warnings.warn(

2026-10-08 19:46:12.946 87 WARNING py.warnings [None req-c3cbe19d-bab6-4e23-96b7-4d55f620e1a7 019a178b9b3a48c0b265ef77ac069be7 2940ce00ae1a47f5be5aa7873ea8938c - - - -] /var/lib/kolla/venv/lib/python3.12/site-packages/urllib3/connectionpool.py:1110: InsecureRequestWarning: Unverified HTTPS request is being made to host '[LB_IP_ADDRESS]'. Adding certificate verification is strongly advised. See: https://urllib3.readthedocs.io/en/latest/advanced-usage.html#tls-warnings
  warnings.warn(

2026-10-08 19:46:12.950 87 INFO cinder.volume.drivers.lightos [None req-9c65bea1-c03b-4c3e-978c-7ff6214b2d80 3bc6c35d455241239617012e72df5e4c 351000989b314dce9b27a631877765ef - - - -] Invoking create_volume using POST url: /api/v2/projects/default/volumes             request.body: {'name': 'vol_ee40a972-dc73-44c2-a279-6b90598cb478', 'size': '1 gib', 'replicaCount': '3', 'compression': 'False', 'acl': {'values': ['ALLOW_NONE']}, 'IPAcl': {'values': ['ALLOW_NONE']}, 'sourceSnapshotUUID': None, 'sourceSnapshotName': None} ssl_verify: False
2026-10-08 19:46:12.984 87 INFO cinder.volume.drivers.lightos [None req-b0297e1a-0d4a-48cf-a6a8-e5352490c2a1 0e199c783a06477d99bcc608aa270d5c 73c443f00c7f4a4aa907cdf98122d037 - - - -] Invoking get_volume using GET url: /api/v2/projects/default/volumes/668358bd-c6f1-47aa-b244-d43ca6c40b1b             request.body: {} ssl_verify: False
2026-10-08 19:46:13.014 87 WARNING py.warnings [None req-9c65bea1-c03b-4c3e-978c-7ff6214b2d80 3bc6c35d455241239617012e72df5e4c 351000989b314dce9b27a631877765ef - - - -] /var/lib/kolla/venv/lib/python3.12/site-packages/urllib3/connectionpool.py:1110: InsecureRequestWarning: Unverified HTTPS request is being made to host '[LB_IP_ADDRESS]'. Adding certificate verification is strongly advised. See: https://urllib3.readthedocs.io/en/latest/advanced-usage.html#tls-warnings
  warnings.warn(

2026-10-08 19:46:13.025 87 INFO cinder.volume.flows.manager.create_volume [None req-c3cbe19d-bab6-4e23-96b7-4d55f620e1a7 019a178b9b3a48c0b265ef77ac069be7 2940ce00ae1a47f5be5aa7873ea8938c - - - -] Volume vol_34084c7e-36bd-4f17-ab34-f443255dbc2d (34084c7e-36bd-4f17-ab34-f443255dbc2d): created successfully
2026-10-08 19:46:13.031 87 WARNING py.warnings [None req-b0297e1a-0d4a-48cf-a6a8-e5352490c2a1 0e199c783a06477d99bcc608aa270d5c 73c443f00c7f4a4aa907cdf98122d037 - - - -] /var/lib/kolla/venv/lib/python3.12/site-packages/urllib3/connectionpool.py:1110: InsecureRequestWarning: Unverified HTTPS request is being made to host '[LB_IP_ADDRESS]'. Adding certificate verification is strongly advised. See: https://urllib3.readthedocs.io/en/latest/advanced-usage.html#tls-warnings
  warnings.warn(

2026-10-08 19:46:13.034 87 INFO cinder.volume.manager [None req-c3cbe19d-bab6-4e23-96b7-4d55f620e1a7 019a178b9b3a48c0b265ef77ac069be7 2940ce00ae1a47f5be5aa7873ea8938c - - - -] Created volume successfully.
2026-10-08 19:46:13.088 87 INFO cinder.volume.flows.manager.create_volume [None req-b0297e1a-0d4a-48cf-a6a8-e5352490c2a1 0e199c783a06477d99bcc608aa270d5c 73c443f00c7f4a4aa907cdf98122d037 - - - -] Volume vol_192b33ca-cc7d-4d42-bc73-d0e4ebb8c2b1 (192b33ca-cc7d-4d42-bc73-d0e4ebb8c2b1): created successfully
2026-10-08 19:46:13.096 87 INFO cinder.volume.manager [None req-b0297e1a-0d4a-48cf-a6a8-e5352490c2a1 0e199c783a06477d99bcc608aa270d5c 73c443f00c7f4a4aa907cdf98122d037 - - - -] Created volume successfully.
2026-10-08 19:46:13.136 87 INFO cinder.volume.drivers.lightos [None req-9c65bea1-c03b-4c3e-978c-7ff6214b2d80 3bc6c35d455241239617012e72df5e4c 351000989b314dce9b27a631877765ef - - - -] Invoking get_volume using GET url: /api/v2/projects/default/volumes/203c9207-b11a-4920-989c-b6af2cadb2a7             request.body: {} ssl_verify: False
2026-10-08 19:46:13.174 87 WARNING py.warnings [None req-9c65bea1-c03b-4c3e-978c-7ff6214b2d80 3bc6c35d455241239617012e72df5e4c 351000989b314dce9b27a631877765ef - - - -] /var/lib/kolla/venv/lib/python3.12/site-packages/urllib3/connectionpool.py:1110: InsecureRequestWarning: Unverified HTTPS request is being made to host '[LB_IP_ADDRESS]'. Adding certificate verification is strongly advised. See: https://urllib3.readthedocs.io/en/latest/advanced-usage.html#tls-warnings
  warnings.warn(

2026-10-08 19:46:13.204 87 INFO cinder.volume.flows.manager.create_volume [None req-0fb429e1-9bad-405d-83be-47e05b06ba31 3bc6c35d455241239617012e72df5e4c 351000989b314dce9b27a631877765ef - - - -] Volume d90951db-665a-4806-bf3f-a317811499a2: being created as raw with specification: {'status': 'creating', 'volume_name': 'vol_d90951db-665a-4806-bf3f-a317811499a2', 'volume_size': 1}
2026-10-08 19:46:13.204 87 INFO cinder.volume.drivers.lightos [None req-0fb429e1-9bad-405d-83be-47e05b06ba31 3bc6c35d455241239617012e72df5e4c 351000989b314dce9b27a631877765ef - - - -] Invoking get_volume_by_name using GET url: /api/v2/projects/default/volumes/?name=vol_d90951db-665a-4806-bf3f-a317811499a2             request.body: {} ssl_verify: False
2026-10-08 19:46:13.236 87 WARNING py.warnings [None req-0fb429e1-9bad-405d-83be-47e05b06ba31 3bc6c35d455241239617012e72df5e4c 351000989b314dce9b27a631877765ef - - - -] /var/lib/kolla/venv/lib/python3.12/site-packages/urllib3/connectionpool.py:1110: InsecureRequestWarning: Unverified HTTPS request is being made to host '[LB_IP_ADDRESS]'. Adding certificate verification is strongly advised. See: https://urllib3.readthedocs.io/en/latest/advanced-usage.html#tls-warnings
  warnings.warn(

2026-10-08 19:46:13.243 87 INFO cinder.volume.drivers.lightos [None req-0fb429e1-9bad-405d-83be-47e05b06ba31 3bc6c35d455241239617012e72df5e4c 351000989b314dce9b27a631877765ef - - - -] Invoking create_volume using POST url: /api/v2/projects/default/volumes             request.body: {'name': 'vol_d90951db-665a-4806-bf3f-a317811499a2', 'size': '1 gib', 'replicaCount': '3', 'compression': 'False', 'acl': {'values': ['ALLOW_NONE']}, 'IPAcl': {'values': ['ALLOW_NONE']}, 'sourceSnapshotUUID': None, 'sourceSnapshotName': None} ssl_verify: False
2026-10-08 19:46:13.272 87 INFO cinder.volume.flows.manager.create_volume [None req-9c65bea1-c03b-4c3e-978c-7ff6214b2d80 3bc6c35d455241239617012e72df5e4c 351000989b314dce9b27a631877765ef - - - -] Volume vol_ee40a972-dc73-44c2-a279-6b90598cb478 (ee40a972-dc73-44c2-a279-6b90598cb478): created successfully
2026-10-08 19:46:13.276 87 WARNING py.warnings [None req-0fb429e1-9bad-405d-83be-47e05b06ba31 3bc6c35d455241239617012e72df5e4c 351000989b314dce9b27a631877765ef - - - -] /var/lib/kolla/venv/lib/python3.12/site-packages/urllib3/connectionpool.py:1110: InsecureRequestWarning: Unverified HTTPS request is being made to host '[LB_IP_ADDRESS]'. Adding certificate verification is strongly advised. See: https://urllib3.readthedocs.io/en/latest/advanced-usage.html#tls-warnings
  warnings.warn(

2026-10-08 19:46:13.280 87 INFO cinder.volume.manager [None req-9c65bea1-c03b-4c3e-978c-7ff6214b2d80 3bc6c35d455241239617012e72df5e4c 351000989b314dce9b27a631877765ef - - - -] Created volume successfully.
2026-10-08 19:46:13.319 87 INFO cinder.volume.drivers.lightos [None req-0fb429e1-9bad-405d-83be-47e05b06ba31 3bc6c35d455241239617012e72df5e4c 351000989b314dce9b27a631877765ef - - - -] Invoking get_volume using GET url: /api/v2/projects/default/volumes/b426217d-e8af-405a-a991-95c04b9e76b1             request.body: {} ssl_verify: False
2026-10-08 19:46:13.370 87 WARNING py.warnings [None req-0fb429e1-9bad-405d-83be-47e05b06ba31 3bc6c35d455241239617012e72df5e4c 351000989b314dce9b27a631877765ef - - - -] /var/lib/kolla/venv/lib/python3.12/site-packages/urllib3/connectionpool.py:1110: InsecureRequestWarning: Unverified HTTPS request is being made to host '[LB_IP_ADDRESS]'. Adding certificate verification is strongly advised. See: https://urllib3.readthedocs.io/en/latest/advanced-usage.html#tls-warnings
  warnings.warn(

2026-10-08 19:46:13.427 87 INFO cinder.volume.flows.manager.create_volume [None req-0fb429e1-9bad-405d-83be-47e05b06ba31 3bc6c35d455241239617012e72df5e4c 351000989b314dce9b27a631877765ef - - - -] Volume vol_d90951db-665a-4806-bf3f-a317811499a2 (d90951db-665a-4806-bf3f-a317811499a2): created successfully
2026-10-08 19:46:13.436 87 INFO cinder.volume.manager [None req-0fb429e1-9bad-405d-83be-47e05b06ba31 3bc6c35d455241239617012e72df5e4c 351000989b314dce9b27a631877765ef - - - -] Created volume successfully.
2026-10-08 19:46:13.616 87 INFO cinder.volume.flows.manager.create_volume [None req-5e9097ab-1c68-47f2-96d8-c906b7dbebf9 3bc6c35d455241239617012e72df5e4c 351000989b314dce9b27a631877765ef - - - -] Volume 604cd2bd-6786-4a43-a3f2-648f0c62fea1: being created as raw with specification: {'status': 'creating', 'volume_name': 'vol_604cd2bd-6786-4a43-a3f2-648f0c62fea1', 'volume_size': 1}
2026-10-08 19:46:13.616 87 INFO cinder.volume.drivers.lightos [None req-5e9097ab-1c68-47f2-96d8-c906b7dbebf9 3bc6c35d455241239617012e72df5e4c 351000989b314dce9b27a631877765ef - - - -] Invoking get_volume_by_name using GET url: /api/v2/projects/default/volumes/?name=vol_604cd2bd-6786-4a43-a3f2-648f0c62fea1             request.body: {} ssl_verify: False
2026-10-08 19:46:13.652 87 WARNING py.warnings [None req-5e9097ab-1c68-47f2-96d8-c906b7dbebf9 3bc6c35d455241239617012e72df5e4c 351000989b314dce9b27a631877765ef - - - -] /var/lib/kolla/venv/lib/python3.12/site-packages/urllib3/connectionpool.py:1110: InsecureRequestWarning: Unverified HTTPS request is being made to host '[LB_IP_ADDRESS]'. Adding certificate verification is strongly advised. See: https://urllib3.readthedocs.io/en/latest/advanced-usage.html#tls-warnings
  warnings.warn(

2026-10-08 19:46:13.664 87 INFO cinder.volume.drivers.lightos [None req-5e9097ab-1c68-47f2-96d8-c906b7dbebf9 3bc6c35d455241239617012e72df5e4c 351000989b314dce9b27a631877765ef - - - -] Invoking create_volume using POST url: /api/v2/projects/default/volumes             request.body: {'name': 'vol_604cd2bd-6786-4a43-a3f2-648f0c62fea1', 'size': '1 gib', 'replicaCount': '3', 'compression': 'False', 'acl': {'values': ['ALLOW_NONE']}, 'IPAcl': {'values': ['ALLOW_NONE']}, 'sourceSnapshotUUID': None, 'sourceSnapshotName': None} ssl_verify: False
2026-10-08 19:46:13.712 87 WARNING py.warnings [None req-5e9097ab-1c68-47f2-96d8-c906b7dbebf9 3bc6c35d455241239617012e72df5e4c 351000989b314dce9b27a631877765ef - - - -] /var/lib/kolla/venv/lib/python3.12/site-packages/urllib3/connectionpool.py:1110: InsecureRequestWarning: Unverified HTTPS request is being made to host '[LB_IP_ADDRESS]'. Adding certificate verification is strongly advised. See: https://urllib3.readthedocs.io/en/latest/advanced-usage.html#tls-warnings
  warnings.warn(

2026-10-08 19:46:13.741 87 INFO cinder.volume.drivers.lightos [None req-5e9097ab-1c68-47f2-96d8-c906b7dbebf9 3bc6c35d455241239617012e72df5e4c 351000989b314dce9b27a631877765ef - - - -] Invoking get_volume using GET url: /api/v2/projects/default/volumes/da11964c-f9a7-49f0-9e3f-be6404a63474             request.body: {} ssl_verify: False
2026-10-08 19:46:13.793 87 WARNING py.warnings [None req-5e9097ab-1c68-47f2-96d8-c906b7dbebf9 3bc6c35d455241239617012e72df5e4c 351000989b314dce9b27a631877765ef - - - -] /var/lib/kolla/venv/lib/python3.12/site-packages/urllib3/connectionpool.py:1110: InsecureRequestWarning: Unverified HTTPS request is being made to host '[LB_IP_ADDRESS]'. Adding certificate verification is strongly advised. See: https://urllib3.readthedocs.io/en/latest/advanced-usage.html#tls-warnings
  warnings.warn(

2026-10-08 19:46:13.839 87 INFO cinder.volume.flows.manager.create_volume [None req-5e9097ab-1c68-47f2-96d8-c906b7dbebf9 3bc6c35d455241239617012e72df5e4c 351000989b314dce9b27a631877765ef - - - -] Volume vol_604cd2bd-6786-4a43-a3f2-648f0c62fea1 (604cd2bd-6786-4a43-a3f2-648f0c62fea1): created successfully
2026-10-08 19:46:13.849 87 INFO cinder.volume.manager [None req-5e9097ab-1c68-47f2-96d8-c906b7dbebf9 3bc6c35d455241239617012e72df5e4c 351000989b314dce9b27a631877765ef - - - -] Created volume successfully.
2026-10-08 19:46:13.933 87 INFO cinder.volume.drivers.lightos [None req-f2d7c46b-d2ae-47d9-9542-58de46841f80 0e199c783a06477d99bcc608aa270d5c 73c443f00c7f4a4aa907cdf98122d037 - - - -] Invoking get_snapshot_by_name using GET url: /api/v2/projects/default/snapshots/?Name=snapshot-7ca993b8-a77e-4f7b-bd29-f0c3006371b6             request.body: {} ssl_verify: False
2026-10-08 19:46:13.971 87 WARNING py.warnings [None req-f2d7c46b-d2ae-47d9-9542-58de46841f80 0e199c783a06477d99bcc608aa270d5c 73c443f00c7f4a4aa907cdf98122d037 - - - -] /var/lib/kolla/venv/lib/python3.12/site-packages/urllib3/connectionpool.py:1110: InsecureRequestWarning: Unverified HTTPS request is being made to host '[LB_IP_ADDRESS]'. Adding certificate verification is strongly advised. See: https://urllib3.readthedocs.io/en/latest/advanced-usage.html#tls-warnings
  warnings.warn(

2026-10-08 19:46:13.983 87 INFO cinder.volume.drivers.lightos [None req-f2d7c46b-d2ae-47d9-9542-58de46841f80 0e199c783a06477d99bcc608aa270d5c 73c443f00c7f4a4aa907cdf98122d037 - - - -] Invoking create_snapshot using POST url: /api/v2/projects/default/snapshots             request.body: {'name': 'snapshot-7ca993b8-a77e-4f7b-bd29-f0c3006371b6', 'sourceVolumeUUID': None, 'sourceVolumeName': 'vol_192b33ca-cc7d-4d42-bc73-d0e4ebb8c2b1'} ssl_verify: False
2026-10-08 19:46:14.027 87 WARNING py.warnings [None req-f2d7c46b-d2ae-47d9-9542-58de46841f80 0e199c783a06477d99bcc608aa270d5c 73c443f00c7f4a4aa907cdf98122d037 - - - -] /var/lib/kolla/venv/lib/python3.12/site-packages/urllib3/connectionpool.py:1110: InsecureRequestWarning: Unverified HTTPS request is being made to host '[LB_IP_ADDRESS]'. Adding certificate verification is strongly advised. See: https://urllib3.readthedocs.io/en/latest/advanced-usage.html#tls-warnings
  warnings.warn(

2026-10-08 19:46:14.070 87 INFO cinder.volume.drivers.lightos [None req-f2d7c46b-d2ae-47d9-9542-58de46841f80 0e199c783a06477d99bcc608aa270d5c 73c443f00c7f4a4aa907cdf98122d037 - - - -] Invoking get_snapshot_by_name using GET url: /api/v2/projects/default/snapshots/?Name=snapshot-7ca993b8-a77e-4f7b-bd29-f0c3006371b6             request.body: {} ssl_verify: False
2026-10-08 19:46:14.105 87 WARNING py.warnings [None req-f2d7c46b-d2ae-47d9-9542-58de46841f80 0e199c783a06477d99bcc608aa270d5c 73c443f00c7f4a4aa907cdf98122d037 - - - -] /var/lib/kolla/venv/lib/python3.12/site-packages/urllib3/connectionpool.py:1110: InsecureRequestWarning: Unverified HTTPS request is being made to host '[LB_IP_ADDRESS]'. Adding certificate verification is strongly advised. See: https://urllib3.readthedocs.io/en/latest/advanced-usage.html#tls-warnings
  warnings.warn(

2026-10-08 19:46:14.137 87 INFO cinder.volume.flows.manager.create_volume [None req-48a7f584-af90-4fc5-a33c-0d95a0b7caff 3bc6c35d455241239617012e72df5e4c 351000989b314dce9b27a631877765ef - - - -] Volume 2a93ae13-0e31-4366-aefa-8f58f0622c41: being created as raw with specification: {'status': 'creating', 'volume_name': 'vol_2a93ae13-0e31-4366-aefa-8f58f0622c41', 'volume_size': 1}
2026-10-08 19:46:14.138 87 INFO cinder.volume.drivers.lightos [None req-48a7f584-af90-4fc5-a33c-0d95a0b7caff 3bc6c35d455241239617012e72df5e4c 351000989b314dce9b27a631877765ef - - - -] Invoking get_volume_by_name using GET url: /api/v2/projects/default/volumes/?name=vol_2a93ae13-0e31-4366-aefa-8f58f0622c41             request.body: {} ssl_verify: False
2026-10-08 19:46:14.170 87 WARNING py.warnings [None req-48a7f584-af90-4fc5-a33c-0d95a0b7caff 3bc6c35d455241239617012e72df5e4c 351000989b314dce9b27a631877765ef - - - -] /var/lib/kolla/venv/lib/python3.12/site-packages/urllib3/connectionpool.py:1110: InsecureRequestWarning: Unverified HTTPS request is being made to host '[LB_IP_ADDRESS]'. Adding certificate verification is strongly advised. See: https://urllib3.readthedocs.io/en/latest/advanced-usage.html#tls-warnings
  warnings.warn(

2026-10-08 19:46:14.179 87 INFO cinder.volume.drivers.lightos [None req-48a7f584-af90-4fc5-a33c-0d95a0b7caff 3bc6c35d455241239617012e72df5e4c 351000989b314dce9b27a631877765ef - - - -] Invoking create_volume using POST url: /api/v2/projects/default/volumes             request.body: {'name': 'vol_2a93ae13-0e31-4366-aefa-8f58f0622c41', 'size': '1 gib', 'replicaCount': '3', 'compression': 'False', 'acl': {'values': ['ALLOW_NONE']}, 'IPAcl': {'values': ['ALLOW_NONE']}, 'sourceSnapshotUUID': None, 'sourceSnapshotName': None} ssl_verify: False
2026-10-08 19:46:14.215 87 WARNING py.warnings [None req-48a7f584-af90-4fc5-a33c-0d95a0b7caff 3bc6c35d455241239617012e72df5e4c 351000989b314dce9b27a631877765ef - - - -] /var/lib/kolla/venv/lib/python3.12/site-packages/urllib3/connectionpool.py:1110: InsecureRequestWarning: Unverified HTTPS request is being made to host '[LB_IP_ADDRESS]'. Adding certificate verification is strongly advised. See: https://urllib3.readthedocs.io/en/latest/advanced-usage.html#tls-warnings
  warnings.warn(

2026-10-08 19:46:14.283 87 INFO cinder.volume.drivers.lightos [None req-48a7f584-af90-4fc5-a33c-0d95a0b7caff 3bc6c35d455241239617012e72df5e4c 351000989b314dce9b27a631877765ef - - - -] Invoking get_volume using GET url: /api/v2/projects/default/volumes/2dad0c58-c95f-4eb8-a2e7-be9e9fd12e74             request.body: {} ssl_verify: False
2026-10-08 19:46:14.343 87 WARNING py.warnings [None req-48a7f584-af90-4fc5-a33c-0d95a0b7caff 3bc6c35d455241239617012e72df5e4c 351000989b314dce9b27a631877765ef - - - -] /var/lib/kolla/venv/lib/python3.12/site-packages/urllib3/connectionpool.py:1110: InsecureRequestWarning: Unverified HTTPS request is being made to host '[LB_IP_ADDRESS]'. Adding certificate verification is strongly advised. See: https://urllib3.readthedocs.io/en/latest/advanced-usage.html#tls-warnings
  warnings.warn(

2026-10-08 19:46:14.466 87 INFO cinder.volume.flows.manager.create_volume [None req-940684fa-1ddc-41a8-b45a-5673fc412c50 019a178b9b3a48c0b265ef77ac069be7 2940ce00ae1a47f5be5aa7873ea8938c - - - -] Volume ede1fe38-3342-4aba-965c-00c809c17ee1: being created as raw with specification: {'status': 'creating', 'volume_name': 'vol_ede1fe38-3342-4aba-965c-00c809c17ee1', 'volume_size': 1}
2026-10-08 19:46:14.466 87 INFO cinder.volume.drivers.lightos [None req-940684fa-1ddc-41a8-b45a-5673fc412c50 019a178b9b3a48c0b265ef77ac069be7 2940ce00ae1a47f5be5aa7873ea8938c - - - -] Invoking get_volume_by_name using GET url: /api/v2/projects/default/volumes/?name=vol_ede1fe38-3342-4aba-965c-00c809c17ee1             request.body: {} ssl_verify: False
2026-10-08 19:46:14.499 87 WARNING py.warnings [None req-940684fa-1ddc-41a8-b45a-5673fc412c50 019a178b9b3a48c0b265ef77ac069be7 2940ce00ae1a47f5be5aa7873ea8938c - - - -] /var/lib/kolla/venv/lib/python3.12/site-packages/urllib3/connectionpool.py:1110: InsecureRequestWarning: Unverified HTTPS request is being made to host '[LB_IP_ADDRESS]'. Adding certificate verification is strongly advised. See: https://urllib3.readthedocs.io/en/latest/advanced-usage.html#tls-warnings
  warnings.warn(

2026-10-08 19:46:14.514 87 INFO cinder.volume.drivers.lightos [None req-940684fa-1ddc-41a8-b45a-5673fc412c50 019a178b9b3a48c0b265ef77ac069be7 2940ce00ae1a47f5be5aa7873ea8938c - - - -] Invoking create_volume using POST url: /api/v2/projects/default/volumes             request.body: {'name': 'vol_ede1fe38-3342-4aba-965c-00c809c17ee1', 'size': '1 gib', 'replicaCount': '3', 'compression': 'False', 'acl': {'values': ['ALLOW_NONE']}, 'IPAcl': {'values': ['ALLOW_NONE']}, 'sourceSnapshotUUID': None, 'sourceSnapshotName': None} ssl_verify: False
2026-10-08 19:46:14.548 87 WARNING py.warnings [None req-940684fa-1ddc-41a8-b45a-5673fc412c50 019a178b9b3a48c0b265ef77ac069be7 2940ce00ae1a47f5be5aa7873ea8938c - - - -] /var/lib/kolla/venv/lib/python3.12/site-packages/urllib3/connectionpool.py:1110: InsecureRequestWarning: Unverified HTTPS request is being made to host '[LB_IP_ADDRESS]'. Adding certificate verification is strongly advised. See: https://urllib3.readthedocs.io/en/latest/advanced-usage.html#tls-warnings
  warnings.warn(

2026-10-08 19:46:14.559 87 INFO cinder.volume.flows.manager.create_volume [None req-3af306c5-0820-47c5-8c50-0df328ee5f4c 3bc6c35d455241239617012e72df5e4c 351000989b314dce9b27a631877765ef - - - -] Volume 8d656f6b-43df-43e7-bd38-12c6b31a4508: being created as raw with specification: {'status': 'creating', 'volume_name': 'vol_8d656f6b-43df-43e7-bd38-12c6b31a4508', 'volume_size': 1}
2026-10-08 19:46:14.559 87 INFO cinder.volume.drivers.lightos [None req-3af306c5-0820-47c5-8c50-0df328ee5f4c 3bc6c35d455241239617012e72df5e4c 351000989b314dce9b27a631877765ef - - - -] Invoking get_volume_by_name using GET url: /api/v2/projects/default/volumes/?name=vol_8d656f6b-43df-43e7-bd38-12c6b31a4508             request.body: {} ssl_verify: False
2026-10-08 19:46:14.588 87 INFO cinder.volume.drivers.lightos [None req-940684fa-1ddc-41a8-b45a-5673fc412c50 019a178b9b3a48c0b265ef77ac069be7 2940ce00ae1a47f5be5aa7873ea8938c - - - -] Invoking get_volume using GET url: /api/v2/projects/default/volumes/3ff4f9f1-0d0b-47a9-903c-6b59d7151f7b             request.body: {} ssl_verify: False
2026-10-08 19:46:14.616 87 WARNING py.warnings [None req-3af306c5-0820-47c5-8c50-0df328ee5f4c 3bc6c35d455241239617012e72df5e4c 351000989b314dce9b27a631877765ef - - - -] /var/lib/kolla/venv/lib/python3.12/site-packages/urllib3/connectionpool.py:1110: InsecureRequestWarning: Unverified HTTPS request is being made to host '[LB_IP_ADDRESS]'. Adding certificate verification is strongly advised. See: https://urllib3.readthedocs.io/en/latest/advanced-usage.html#tls-warnings
  warnings.warn(

2026-10-08 19:46:14.629 87 WARNING py.warnings [None req-940684fa-1ddc-41a8-b45a-5673fc412c50 019a178b9b3a48c0b265ef77ac069be7 2940ce00ae1a47f5be5aa7873ea8938c - - - -] /var/lib/kolla/venv/lib/python3.12/site-packages/urllib3/connectionpool.py:1110: InsecureRequestWarning: Unverified HTTPS request is being made to host '[LB_IP_ADDRESS]'. Adding certificate verification is strongly advised. See: https://urllib3.readthedocs.io/en/latest/advanced-usage.html#tls-warnings
  warnings.warn(

2026-10-08 19:46:14.662 87 INFO cinder.volume.drivers.lightos [None req-3af306c5-0820-47c5-8c50-0df328ee5f4c 3bc6c35d455241239617012e72df5e4c 351000989b314dce9b27a631877765ef - - - -] Invoking create_volume using POST url: /api/v2/projects/default/volumes             request.body: {'name': 'vol_8d656f6b-43df-43e7-bd38-12c6b31a4508', 'size': '1 gib', 'replicaCount': '3', 'compression': 'False', 'acl': {'values': ['ALLOW_NONE']}, 'IPAcl': {'values': ['ALLOW_NONE']}, 'sourceSnapshotUUID': None, 'sourceSnapshotName': None} ssl_verify: False
2026-10-08 19:46:14.699 87 WARNING py.warnings [None req-3af306c5-0820-47c5-8c50-0df328ee5f4c 3bc6c35d455241239617012e72df5e4c 351000989b314dce9b27a631877765ef - - - -] /var/lib/kolla/venv/lib/python3.12/site-packages/urllib3/connectionpool.py:1110: InsecureRequestWarning: Unverified HTTPS request is being made to host '[LB_IP_ADDRESS]'. Adding certificate verification is strongly advised. See: https://urllib3.readthedocs.io/en/latest/advanced-usage.html#tls-warnings
  warnings.warn(

2026-10-08 19:46:14.704 87 INFO cinder.volume.flows.manager.create_volume [None req-940684fa-1ddc-41a8-b45a-5673fc412c50 019a178b9b3a48c0b265ef77ac069be7 2940ce00ae1a47f5be5aa7873ea8938c - - - -] Volume vol_ede1fe38-3342-4aba-965c-00c809c17ee1 (ede1fe38-3342-4aba-965c-00c809c17ee1): created successfully
2026-10-08 19:46:14.715 87 INFO cinder.volume.manager [None req-940684fa-1ddc-41a8-b45a-5673fc412c50 019a178b9b3a48c0b265ef77ac069be7 2940ce00ae1a47f5be5aa7873ea8938c - - - -] Created volume successfully.
2026-10-08 19:46:14.721 87 INFO cinder.volume.drivers.lightos [None req-3af306c5-0820-47c5-8c50-0df328ee5f4c 3bc6c35d455241239617012e72df5e4c 351000989b314dce9b27a631877765ef - - - -] Invoking get_volume using GET url: /api/v2/projects/default/volumes/29774db4-89ae-4f97-b313-b493778c8d81             request.body: {} ssl_verify: False
2026-10-08 19:46:14.756 87 WARNING py.warnings [None req-3af306c5-0820-47c5-8c50-0df328ee5f4c 3bc6c35d455241239617012e72df5e4c 351000989b314dce9b27a631877765ef - - - -] /var/lib/kolla/venv/lib/python3.12/site-packages/urllib3/connectionpool.py:1110: InsecureRequestWarning: Unverified HTTPS request is being made to host '[LB_IP_ADDRESS]'. Adding certificate verification is strongly advised. See: https://urllib3.readthedocs.io/en/latest/advanced-usage.html#tls-warnings
  warnings.warn(

2026-10-08 19:46:14.914 87 INFO cinder.volume.flows.manager.create_volume [None req-10136d2a-98b5-4715-a95e-182338e7a190 019a178b9b3a48c0b265ef77ac069be7 2940ce00ae1a47f5be5aa7873ea8938c - - - -] Volume 8b704ba6-140a-46eb-bf35-a3ebda748582: being created as raw with specification: {'status': 'creating', 'volume_name': 'vol_8b704ba6-140a-46eb-bf35-a3ebda748582', 'volume_size': 1}
2026-10-08 19:46:14.914 87 INFO cinder.volume.drivers.lightos [None req-10136d2a-98b5-4715-a95e-182338e7a190 019a178b9b3a48c0b265ef77ac069be7 2940ce00ae1a47f5be5aa7873ea8938c - - - -] Invoking get_volume_by_name using GET url: /api/v2/projects/default/volumes/?name=vol_8b704ba6-140a-46eb-bf35-a3ebda748582             request.body: {} ssl_verify: False
2026-10-08 19:46:14.950 87 WARNING py.warnings [None req-10136d2a-98b5-4715-a95e-182338e7a190 019a178b9b3a48c0b265ef77ac069be7 2940ce00ae1a47f5be5aa7873ea8938c - - - -] /var/lib/kolla/venv/lib/python3.12/site-packages/urllib3/connectionpool.py:1110: InsecureRequestWarning: Unverified HTTPS request is being made to host '[LB_IP_ADDRESS]'. Adding certificate verification is strongly advised. See: https://urllib3.readthedocs.io/en/latest/advanced-usage.html#tls-warnings
  warnings.warn(

2026-10-08 19:46:14.962 87 INFO cinder.volume.drivers.lightos [None req-10136d2a-98b5-4715-a95e-182338e7a190 019a178b9b3a48c0b265ef77ac069be7 2940ce00ae1a47f5be5aa7873ea8938c - - - -] Invoking create_volume using POST url: /api/v2/projects/default/volumes             request.body: {'name': 'vol_8b704ba6-140a-46eb-bf35-a3ebda748582', 'size': '1 gib', 'replicaCount': '3', 'compression': 'False', 'acl': {'values': ['ALLOW_NONE']}, 'IPAcl': {'values': ['ALLOW_NONE']}, 'sourceSnapshotUUID': None, 'sourceSnapshotName': None} ssl_verify: False
2026-10-08 19:46:15.009 87 WARNING py.warnings [None req-10136d2a-98b5-4715-a95e-182338e7a190 019a178b9b3a48c0b265ef77ac069be7 2940ce00ae1a47f5be5aa7873ea8938c - - - -] /var/lib/kolla/venv/lib/python3.12/site-packages/urllib3/connectionpool.py:1110: InsecureRequestWarning: Unverified HTTPS request is being made to host '[LB_IP_ADDRESS]'. Adding certificate verification is strongly advised. See: https://urllib3.readthedocs.io/en/latest/advanced-usage.html#tls-warnings
  warnings.warn(

2026-10-08 19:46:15.040 87 INFO cinder.volume.drivers.lightos [None req-10136d2a-98b5-4715-a95e-182338e7a190 019a178b9b3a48c0b265ef77ac069be7 2940ce00ae1a47f5be5aa7873ea8938c - - - -] Invoking get_volume using GET url: /api/v2/projects/default/volumes/5791f0aa-ddad-47b2-821a-2e9329a66688             request.body: {} ssl_verify: False
2026-10-08 19:46:15.107 87 WARNING py.warnings [None req-10136d2a-98b5-4715-a95e-182338e7a190 019a178b9b3a48c0b265ef77ac069be7 2940ce00ae1a47f5be5aa7873ea8938c - - - -] /var/lib/kolla/venv/lib/python3.12/site-packages/urllib3/connectionpool.py:1110: InsecureRequestWarning: Unverified HTTPS request is being made to host '[LB_IP_ADDRESS]'. Adding certificate verification is strongly advised. See: https://urllib3.readthedocs.io/en/latest/advanced-usage.html#tls-warnings
  warnings.warn(

2026-10-08 19:46:15.162 87 INFO cinder.volume.flows.manager.create_volume [None req-10136d2a-98b5-4715-a95e-182338e7a190 019a178b9b3a48c0b265ef77ac069be7 2940ce00ae1a47f5be5aa7873ea8938c - - - -] Volume vol_8b704ba6-140a-46eb-bf35-a3ebda748582 (8b704ba6-140a-46eb-bf35-a3ebda748582): created successfully
2026-10-08 19:46:15.169 87 INFO cinder.volume.manager [None req-10136d2a-98b5-4715-a95e-182338e7a190 019a178b9b3a48c0b265ef77ac069be7 2940ce00ae1a47f5be5aa7873ea8938c - - - -] Created volume successfully.
2026-10-08 19:46:15.225 87 INFO cinder.volume.drivers.lightos [None req-f2d7c46b-d2ae-47d9-9542-58de46841f80 0e199c783a06477d99bcc608aa270d5c 73c443f00c7f4a4aa907cdf98122d037 - - - -] Invoking get_snapshot_by_name using GET url: /api/v2/projects/default/snapshots/?Name=snapshot-7ca993b8-a77e-4f7b-bd29-f0c3006371b6             request.body: {} ssl_verify: False
2026-10-08 19:46:15.272 87 WARNING py.warnings [None req-f2d7c46b-d2ae-47d9-9542-58de46841f80 0e199c783a06477d99bcc608aa270d5c 73c443f00c7f4a4aa907cdf98122d037 - - - -] /var/lib/kolla/venv/lib/python3.12/site-packages/urllib3/connectionpool.py:1110: InsecureRequestWarning: Unverified HTTPS request is being made to host '[LB_IP_ADDRESS]'. Adding certificate verification is strongly advised. See: https://urllib3.readthedocs.io/en/latest/advanced-usage.html#tls-warnings
  warnings.warn(

2026-10-08 19:46:15.305 87 INFO cinder.volume.manager [None req-f2d7c46b-d2ae-47d9-9542-58de46841f80 0e199c783a06477d99bcc608aa270d5c 73c443f00c7f4a4aa907cdf98122d037 - - - -] Create snapshot completed successfully
2026-10-08 19:46:15.346 87 INFO cinder.volume.flows.manager.create_volume [None req-a528e14d-f5cd-4483-89d6-22bd0a09eb5b 019a178b9b3a48c0b265ef77ac069be7 2940ce00ae1a47f5be5aa7873ea8938c - - - -] Volume a21e4e5c-cf60-4744-880f-4ec961a07452: being created as raw with specification: {'status': 'creating', 'volume_name': 'vol_a21e4e5c-cf60-4744-880f-4ec961a07452', 'volume_size': 1}
2026-10-08 19:46:15.346 87 INFO cinder.volume.drivers.lightos [None req-a528e14d-f5cd-4483-89d6-22bd0a09eb5b 019a178b9b3a48c0b265ef77ac069be7 2940ce00ae1a47f5be5aa7873ea8938c - - - -] Invoking get_volume_by_name using GET url: /api/v2/projects/default/volumes/?name=vol_a21e4e5c-cf60-4744-880f-4ec961a07452             request.body: {} ssl_verify: False
2026-10-08 19:46:15.382 87 WARNING py.warnings [None req-a528e14d-f5cd-4483-89d6-22bd0a09eb5b 019a178b9b3a48c0b265ef77ac069be7 2940ce00ae1a47f5be5aa7873ea8938c - - - -] /var/lib/kolla/venv/lib/python3.12/site-packages/urllib3/connectionpool.py:1110: InsecureRequestWarning: Unverified HTTPS request is being made to host '[LB_IP_ADDRESS]'. Adding certificate verification is strongly advised. See: https://urllib3.readthedocs.io/en/latest/advanced-usage.html#tls-warnings
  warnings.warn(

2026-10-08 19:46:15.390 87 INFO cinder.volume.drivers.lightos [None req-48a7f584-af90-4fc5-a33c-0d95a0b7caff 3bc6c35d455241239617012e72df5e4c 351000989b314dce9b27a631877765ef - - - -] Invoking get_volume using GET url: /api/v2/projects/default/volumes/2dad0c58-c95f-4eb8-a2e7-be9e9fd12e74             request.body: {} ssl_verify: False
2026-10-08 19:46:15.430 87 INFO cinder.volume.drivers.lightos [None req-a528e14d-f5cd-4483-89d6-22bd0a09eb5b 019a178b9b3a48c0b265ef77ac069be7 2940ce00ae1a47f5be5aa7873ea8938c - - - -] Invoking create_volume using POST url: /api/v2/projects/default/volumes             request.body: {'name': 'vol_a21e4e5c-cf60-4744-880f-4ec961a07452', 'size': '1 gib', 'replicaCount': '3', 'compression': 'False', 'acl': {'values': ['ALLOW_NONE']}, 'IPAcl': {'values': ['ALLOW_NONE']}, 'sourceSnapshotUUID': None, 'sourceSnapshotName': None} ssl_verify: False
2026-10-08 19:46:15.459 87 WARNING py.warnings [None req-48a7f584-af90-4fc5-a33c-0d95a0b7caff 3bc6c35d455241239617012e72df5e4c 351000989b314dce9b27a631877765ef - - - -] /var/lib/kolla/venv/lib/python3.12/site-packages/urllib3/connectionpool.py:1110: InsecureRequestWarning: Unverified HTTPS request is being made to host '[LB_IP_ADDRESS]'. Adding certificate verification is strongly advised. See: https://urllib3.readthedocs.io/en/latest/advanced-usage.html#tls-warnings
  warnings.warn(

2026-10-08 19:46:15.470 87 WARNING py.warnings [None req-a528e14d-f5cd-4483-89d6-22bd0a09eb5b 019a178b9b3a48c0b265ef77ac069be7 2940ce00ae1a47f5be5aa7873ea8938c - - - -] /var/lib/kolla/venv/lib/python3.12/site-packages/urllib3/connectionpool.py:1110: InsecureRequestWarning: Unverified HTTPS request is being made to host '[LB_IP_ADDRESS]'. Adding certificate verification is strongly advised. See: https://urllib3.readthedocs.io/en/latest/advanced-usage.html#tls-warnings
  warnings.warn(

2026-10-08 19:46:15.499 87 INFO cinder.volume.flows.manager.create_volume [None req-48a7f584-af90-4fc5-a33c-0d95a0b7caff 3bc6c35d455241239617012e72df5e4c 351000989b314dce9b27a631877765ef - - - -] Volume vol_2a93ae13-0e31-4366-aefa-8f58f0622c41 (2a93ae13-0e31-4366-aefa-8f58f0622c41): created successfully
2026-10-08 19:46:15.504 87 INFO cinder.volume.drivers.lightos [None req-a528e14d-f5cd-4483-89d6-22bd0a09eb5b 019a178b9b3a48c0b265ef77ac069be7 2940ce00ae1a47f5be5aa7873ea8938c - - - -] Invoking get_volume using GET url: /api/v2/projects/default/volumes/a37bd690-6ce9-4e8c-8694-5c72b67a7a61             request.body: {} ssl_verify: False
2026-10-08 19:46:15.540 87 INFO cinder.volume.manager [None req-48a7f584-af90-4fc5-a33c-0d95a0b7caff 3bc6c35d455241239617012e72df5e4c 351000989b314dce9b27a631877765ef - - - -] Created volume successfully.
2026-10-08 19:46:15.568 87 WARNING py.warnings [None req-a528e14d-f5cd-4483-89d6-22bd0a09eb5b 019a178b9b3a48c0b265ef77ac069be7 2940ce00ae1a47f5be5aa7873ea8938c - - - -] /var/lib/kolla/venv/lib/python3.12/site-packages/urllib3/connectionpool.py:1110: InsecureRequestWarning: Unverified HTTPS request is being made to host '[LB_IP_ADDRESS]'. Adding certificate verification is strongly advised. See: https://urllib3.readthedocs.io/en/latest/advanced-usage.html#tls-warnings
  warnings.warn(

2026-10-08 19:46:15.598 87 INFO cinder.volume.flows.manager.create_volume [None req-a528e14d-f5cd-4483-89d6-22bd0a09eb5b 019a178b9b3a48c0b265ef77ac069be7 2940ce00ae1a47f5be5aa7873ea8938c - - - -] Volume vol_a21e4e5c-cf60-4744-880f-4ec961a07452 (a21e4e5c-cf60-4744-880f-4ec961a07452): created successfully
2026-10-08 19:46:15.608 87 INFO cinder.volume.manager [None req-a528e14d-f5cd-4483-89d6-22bd0a09eb5b 019a178b9b3a48c0b265ef77ac069be7 2940ce00ae1a47f5be5aa7873ea8938c - - - -] Created volume successfully.
2026-10-08 19:46:15.770 87 INFO cinder.volume.drivers.lightos [None req-3af306c5-0820-47c5-8c50-0df328ee5f4c 3bc6c35d455241239617012e72df5e4c 351000989b314dce9b27a631877765ef - - - -] Invoking get_volume using GET url: /api/v2/projects/default/volumes/29774db4-89ae-4f97-b313-b493778c8d81             request.body: {} ssl_verify: False
2026-10-08 19:46:15.823 87 WARNING py.warnings [None req-3af306c5-0820-47c5-8c50-0df328ee5f4c 3bc6c35d455241239617012e72df5e4c 351000989b314dce9b27a631877765ef - - - -] /var/lib/kolla/venv/lib/python3.12/site-packages/urllib3/connectionpool.py:1110: InsecureRequestWarning: Unverified HTTPS request is being made to host '[LB_IP_ADDRESS]'. Adding certificate verification is strongly advised. See: https://urllib3.readthedocs.io/en/latest/advanced-usage.html#tls-warnings
  warnings.warn(

2026-10-08 19:46:15.839 87 INFO cinder.volume.flows.manager.create_volume [None req-2d9eb469-458c-4ad7-9ee4-ab0e87189e10 019a178b9b3a48c0b265ef77ac069be7 2940ce00ae1a47f5be5aa7873ea8938c - - - -] Volume 0f859946-290b-4aa2-b071-a3e6fe9491b8: being created as raw with specification: {'status': 'creating', 'volume_name': 'vol_0f859946-290b-4aa2-b071-a3e6fe9491b8', 'volume_size': 1}
2026-10-08 19:46:15.840 87 INFO cinder.volume.drivers.lightos [None req-2d9eb469-458c-4ad7-9ee4-ab0e87189e10 019a178b9b3a48c0b265ef77ac069be7 2940ce00ae1a47f5be5aa7873ea8938c - - - -] Invoking get_volume_by_name using GET url: /api/v2/projects/default/volumes/?name=vol_0f859946-290b-4aa2-b071-a3e6fe9491b8             request.body: {} ssl_verify: False
2026-10-08 19:46:15.879 87 WARNING py.warnings [None req-2d9eb469-458c-4ad7-9ee4-ab0e87189e10 019a178b9b3a48c0b265ef77ac069be7 2940ce00ae1a47f5be5aa7873ea8938c - - - -] /var/lib/kolla/venv/lib/python3.12/site-packages/urllib3/connectionpool.py:1110: InsecureRequestWarning: Unverified HTTPS request is being made to host '[LB_IP_ADDRESS]'. Adding certificate verification is strongly advised. See: https://urllib3.readthedocs.io/en/latest/advanced-usage.html#tls-warnings
  warnings.warn(

2026-10-08 19:46:15.883 87 INFO cinder.volume.flows.manager.create_volume [None req-3af306c5-0820-47c5-8c50-0df328ee5f4c 3bc6c35d455241239617012e72df5e4c 351000989b314dce9b27a631877765ef - - - -] Volume vol_8d656f6b-43df-43e7-bd38-12c6b31a4508 (8d656f6b-43df-43e7-bd38-12c6b31a4508): created successfully
2026-10-08 19:46:15.888 87 INFO cinder.volume.drivers.lightos [None req-2d9eb469-458c-4ad7-9ee4-ab0e87189e10 019a178b9b3a48c0b265ef77ac069be7 2940ce00ae1a47f5be5aa7873ea8938c - - - -] Invoking create_volume using POST url: /api/v2/projects/default/volumes             request.body: {'name': 'vol_0f859946-290b-4aa2-b071-a3e6fe9491b8', 'size': '1 gib', 'replicaCount': '3', 'compression': 'False', 'acl': {'values': ['ALLOW_NONE']}, 'IPAcl': {'values': ['ALLOW_NONE']}, 'sourceSnapshotUUID': None, 'sourceSnapshotName': None} ssl_verify: False
2026-10-08 19:46:15.918 87 INFO cinder.volume.manager [None req-3af306c5-0820-47c5-8c50-0df328ee5f4c 3bc6c35d455241239617012e72df5e4c 351000989b314dce9b27a631877765ef - - - -] Created volume successfully.
2026-10-08 19:46:15.921 87 WARNING py.warnings [None req-2d9eb469-458c-4ad7-9ee4-ab0e87189e10 019a178b9b3a48c0b265ef77ac069be7 2940ce00ae1a47f5be5aa7873ea8938c - - - -] /var/lib/kolla/venv/lib/python3.12/site-packages/urllib3/connectionpool.py:1110: InsecureRequestWarning: Unverified HTTPS request is being made to host '[LB_IP_ADDRESS]'. Adding certificate verification is strongly advised. See: https://urllib3.readthedocs.io/en/latest/advanced-usage.html#tls-warnings
  warnings.warn(

2026-10-08 19:46:15.940 87 INFO cinder.volume.drivers.lightos [None req-2d9eb469-458c-4ad7-9ee4-ab0e87189e10 019a178b9b3a48c0b265ef77ac069be7 2940ce00ae1a47f5be5aa7873ea8938c - - - -] Invoking get_volume using GET url: /api/v2/projects/default/volumes/10c472a4-bae9-43bc-9f22-9064140d59fa             request.body: {} ssl_verify: False
2026-10-08 19:46:16.004 87 WARNING py.warnings [None req-2d9eb469-458c-4ad7-9ee4-ab0e87189e10 019a178b9b3a48c0b265ef77ac069be7 2940ce00ae1a47f5be5aa7873ea8938c - - - -] /var/lib/kolla/venv/lib/python3.12/site-packages/urllib3/connectionpool.py:1110: InsecureRequestWarning: Unverified HTTPS request is being made to host '[LB_IP_ADDRESS]'. Adding certificate verification is strongly advised. See: https://urllib3.readthedocs.io/en/latest/advanced-usage.html#tls-warnings
  warnings.warn(

2026-10-08 19:46:16.041 87 INFO cinder.volume.flows.manager.create_volume [None req-2d9eb469-458c-4ad7-9ee4-ab0e87189e10 019a178b9b3a48c0b265ef77ac069be7 2940ce00ae1a47f5be5aa7873ea8938c - - - -] Volume vol_0f859946-290b-4aa2-b071-a3e6fe9491b8 (0f859946-290b-4aa2-b071-a3e6fe9491b8): created successfully
2026-10-08 19:46:16.052 87 INFO cinder.volume.manager [None req-2d9eb469-458c-4ad7-9ee4-ab0e87189e10 019a178b9b3a48c0b265ef77ac069be7 2940ce00ae1a47f5be5aa7873ea8938c - - - -] Created volume successfully.
2026-10-08 19:46:16.257 87 INFO cinder.volume.flows.manager.create_volume [None req-af9b75ac-8283-4599-8d0a-334fe69fd4c8 019a178b9b3a48c0b265ef77ac069be7 2940ce00ae1a47f5be5aa7873ea8938c - - - -] Volume bdf921a7-3450-4dd5-9be0-6df31bf589e7: being created as raw with specification: {'status': 'creating', 'volume_name': 'vol_bdf921a7-3450-4dd5-9be0-6df31bf589e7', 'volume_size': 1}
2026-10-08 19:46:16.258 87 INFO cinder.volume.drivers.lightos [None req-af9b75ac-8283-4599-8d0a-334fe69fd4c8 019a178b9b3a48c0b265ef77ac069be7 2940ce00ae1a47f5be5aa7873ea8938c - - - -] Invoking get_volume_by_name using GET url: /api/v2/projects/default/volumes/?name=vol_bdf921a7-3450-4dd5-9be0-6df31bf589e7             request.body: {} ssl_verify: False
2026-10-08 19:46:16.294 87 WARNING py.warnings [None req-af9b75ac-8283-4599-8d0a-334fe69fd4c8 019a178b9b3a48c0b265ef77ac069be7 2940ce00ae1a47f5be5aa7873ea8938c - - - -] /var/lib/kolla/venv/lib/python3.12/site-packages/urllib3/connectionpool.py:1110: InsecureRequestWarning: Unverified HTTPS request is being made to host '[LB_IP_ADDRESS]'. Adding certificate verification is strongly advised. See: https://urllib3.readthedocs.io/en/latest/advanced-usage.html#tls-warnings
  warnings.warn(

2026-10-08 19:46:16.307 87 INFO cinder.volume.drivers.lightos [None req-af9b75ac-8283-4599-8d0a-334fe69fd4c8 019a178b9b3a48c0b265ef77ac069be7 2940ce00ae1a47f5be5aa7873ea8938c - - - -] Invoking create_volume using POST url: /api/v2/projects/default/volumes             request.body: {'name': 'vol_bdf921a7-3450-4dd5-9be0-6df31bf589e7', 'size': '1 gib', 'replicaCount': '3', 'compression': 'False', 'acl': {'values': ['ALLOW_NONE']}, 'IPAcl': {'values': ['ALLOW_NONE']}, 'sourceSnapshotUUID': None, 'sourceSnapshotName': None} ssl_verify: False
2026-10-08 19:46:16.351 87 WARNING py.warnings [None req-af9b75ac-8283-4599-8d0a-334fe69fd4c8 019a178b9b3a48c0b265ef77ac069be7 2940ce00ae1a47f5be5aa7873ea8938c - - - -] /var/lib/kolla/venv/lib/python3.12/site-packages/urllib3/connectionpool.py:1110: InsecureRequestWarning: Unverified HTTPS request is being made to host '[LB_IP_ADDRESS]'. Adding certificate verification is strongly advised. See: https://urllib3.readthedocs.io/en/latest/advanced-usage.html#tls-warnings
  warnings.warn(

2026-10-08 19:46:16.386 87 INFO cinder.volume.drivers.lightos [None req-af9b75ac-8283-4599-8d0a-334fe69fd4c8 019a178b9b3a48c0b265ef77ac069be7 2940ce00ae1a47f5be5aa7873ea8938c - - - -] Invoking get_volume using GET url: /api/v2/projects/default/volumes/3aedb17b-e53c-432a-8f0e-5a0ab18ed6d2             request.body: {} ssl_verify: False
2026-10-08 19:46:16.442 87 WARNING py.warnings [None req-af9b75ac-8283-4599-8d0a-334fe69fd4c8 019a178b9b3a48c0b265ef77ac069be7 2940ce00ae1a47f5be5aa7873ea8938c - - - -] /var/lib/kolla/venv/lib/python3.12/site-packages/urllib3/connectionpool.py:1110: InsecureRequestWarning: Unverified HTTPS request is being made to host '[LB_IP_ADDRESS]'. Adding certificate verification is strongly advised. See: https://urllib3.readthedocs.io/en/latest/advanced-usage.html#tls-warnings
  warnings.warn(

2026-10-08 19:46:16.484 87 INFO cinder.volume.flows.manager.create_volume [None req-af9b75ac-8283-4599-8d0a-334fe69fd4c8 019a178b9b3a48c0b265ef77ac069be7 2940ce00ae1a47f5be5aa7873ea8938c - - - -] Volume vol_bdf921a7-3450-4dd5-9be0-6df31bf589e7 (bdf921a7-3450-4dd5-9be0-6df31bf589e7): created successfully
2026-10-08 19:46:16.499 87 INFO cinder.volume.manager [None req-af9b75ac-8283-4599-8d0a-334fe69fd4c8 019a178b9b3a48c0b265ef77ac069be7 2940ce00ae1a47f5be5aa7873ea8938c - - - -] Created volume successfully.
2026-10-08 19:46:16.514 87 INFO cinder.volume.flows.manager.create_volume [None req-80f8ecf3-afdc-40b7-8ce9-169958b4806c 0e199c783a06477d99bcc608aa270d5c 73c443f00c7f4a4aa907cdf98122d037 - - - -] Volume 21b019e3-ede6-4964-bf1d-b26cf29bcf01: being created as raw with specification: {'status': 'creating', 'volume_name': 'vol_21b019e3-ede6-4964-bf1d-b26cf29bcf01', 'volume_size': 1}
2026-10-08 19:46:16.514 87 INFO cinder.volume.drivers.lightos [None req-80f8ecf3-afdc-40b7-8ce9-169958b4806c 0e199c783a06477d99bcc608aa270d5c 73c443f00c7f4a4aa907cdf98122d037 - - - -] Invoking get_volume_by_name using GET url: /api/v2/projects/default/volumes/?name=vol_21b019e3-ede6-4964-bf1d-b26cf29bcf01             request.body: {} ssl_verify: False
2026-10-08 19:46:16.548 87 WARNING py.warnings [None req-80f8ecf3-afdc-40b7-8ce9-169958b4806c 0e199c783a06477d99bcc608aa270d5c 73c443f00c7f4a4aa907cdf98122d037 - - - -] /var/lib/kolla/venv/lib/python3.12/site-packages/urllib3/connectionpool.py:1110: InsecureRequestWarning: Unverified HTTPS request is being made to host '[LB_IP_ADDRESS]'. Adding certificate verification is strongly advised. See: https://urllib3.readthedocs.io/en/latest/advanced-usage.html#tls-warnings
  warnings.warn(

2026-10-08 19:46:16.558 87 INFO cinder.volume.drivers.lightos [None req-80f8ecf3-afdc-40b7-8ce9-169958b4806c 0e199c783a06477d99bcc608aa270d5c 73c443f00c7f4a4aa907cdf98122d037 - - - -] Invoking create_volume using POST url: /api/v2/projects/default/volumes             request.body: {'name': 'vol_21b019e3-ede6-4964-bf1d-b26cf29bcf01', 'size': '1 gib', 'replicaCount': '3', 'compression': 'False', 'acl': {'values': ['ALLOW_NONE']}, 'IPAcl': {'values': ['ALLOW_NONE']}, 'sourceSnapshotUUID': None, 'sourceSnapshotName': None} ssl_verify: False
2026-10-08 19:46:16.599 87 WARNING py.warnings [None req-80f8ecf3-afdc-40b7-8ce9-169958b4806c 0e199c783a06477d99bcc608aa270d5c 73c443f00c7f4a4aa907cdf98122d037 - - - -] /var/lib/kolla/venv/lib/python3.12/site-packages/urllib3/connectionpool.py:1110: InsecureRequestWarning: Unverified HTTPS request is being made to host '[LB_IP_ADDRESS]'. Adding certificate verification is strongly advised. See: https://urllib3.readthedocs.io/en/latest/advanced-usage.html#tls-warnings
  warnings.warn(

2026-10-08 19:46:16.619 87 INFO cinder.volume.drivers.lightos [None req-80f8ecf3-afdc-40b7-8ce9-169958b4806c 0e199c783a06477d99bcc608aa270d5c 73c443f00c7f4a4aa907cdf98122d037 - - - -] Invoking get_volume using GET url: /api/v2/projects/default/volumes/39d96f85-141d-4fc2-b20e-7a72620d66f0             request.body: {} ssl_verify: False
2026-10-08 19:46:16.661 87 WARNING py.warnings [None req-80f8ecf3-afdc-40b7-8ce9-169958b4806c 0e199c783a06477d99bcc608aa270d5c 73c443f00c7f4a4aa907cdf98122d037 - - - -] /var/lib/kolla/venv/lib/python3.12/site-packages/urllib3/connectionpool.py:1110: InsecureRequestWarning: Unverified HTTPS request is being made to host '[LB_IP_ADDRESS]'. Adding certificate verification is strongly advised. See: https://urllib3.readthedocs.io/en/latest/advanced-usage.html#tls-warnings
  warnings.warn(

2026-10-08 19:46:16.697 87 INFO cinder.volume.flows.manager.create_volume [None req-80f8ecf3-afdc-40b7-8ce9-169958b4806c 0e199c783a06477d99bcc608aa270d5c 73c443f00c7f4a4aa907cdf98122d037 - - - -] Volume vol_21b019e3-ede6-4964-bf1d-b26cf29bcf01 (21b019e3-ede6-4964-bf1d-b26cf29bcf01): created successfully
2026-10-08 19:46:16.707 87 INFO cinder.volume.manager [None req-80f8ecf3-afdc-40b7-8ce9-169958b4806c 0e199c783a06477d99bcc608aa270d5c 73c443f00c7f4a4aa907cdf98122d037 - - - -] Created volume successfully.
2026-10-08 19:46:16.911 87 INFO cinder.volume.drivers.lightos [None req-4ae7ca80-4095-4c10-b6e8-3e9b2185bf5a 3bc6c35d455241239617012e72df5e4c 351000989b314dce9b27a631877765ef - - default default] Invoking delete_volume using DELETE url: /api/v2/projects/default/volumes/29774db4-89ae-4f97-b313-b493778c8d81?             request.body:  ssl_verify: False
2026-10-08 19:46:16.944 87 WARNING py.warnings [None req-4ae7ca80-4095-4c10-b6e8-3e9b2185bf5a 3bc6c35d455241239617012e72df5e4c 351000989b314dce9b27a631877765ef - - default default] /var/lib/kolla/venv/lib/python3.12/site-packages/urllib3/connectionpool.py:1110: InsecureRequestWarning: Unverified HTTPS request is being made to host '[LB_IP_ADDRESS]'. Adding certificate verification is strongly advised. See: https://urllib3.readthedocs.io/en/latest/advanced-usage.html#tls-warnings
  warnings.warn(

2026-10-08 19:46:16.964 87 INFO cinder.volume.drivers.lightos [None req-4ae7ca80-4095-4c10-b6e8-3e9b2185bf5a 3bc6c35d455241239617012e72df5e4c 351000989b314dce9b27a631877765ef - - default default] Invoking get_volume using GET url: /api/v2/projects/default/volumes/29774db4-89ae-4f97-b313-b493778c8d81             request.body: {} ssl_verify: False
2026-10-08 19:46:17.004 87 INFO cinder.volume.flows.manager.create_volume [None req-a9903355-8e53-4f31-9bd8-a2605356d832 0e199c783a06477d99bcc608aa270d5c 73c443f00c7f4a4aa907cdf98122d037 - - - -] Volume 6954d36b-4985-4130-a099-3c2aa09dda80: being created as raw with specification: {'status': 'creating', 'volume_name': 'vol_6954d36b-4985-4130-a099-3c2aa09dda80', 'volume_size': 1}
2026-10-08 19:46:17.004 87 INFO cinder.volume.drivers.lightos [None req-a9903355-8e53-4f31-9bd8-a2605356d832 0e199c783a06477d99bcc608aa270d5c 73c443f00c7f4a4aa907cdf98122d037 - - - -] Invoking get_volume_by_name using GET url: /api/v2/projects/default/volumes/?name=vol_6954d36b-4985-4130-a099-3c2aa09dda80             request.body: {} ssl_verify: False
2026-10-08 19:46:17.006 87 WARNING py.warnings [None req-4ae7ca80-4095-4c10-b6e8-3e9b2185bf5a 3bc6c35d455241239617012e72df5e4c 351000989b314dce9b27a631877765ef - - default default] /var/lib/kolla/venv/lib/python3.12/site-packages/urllib3/connectionpool.py:1110: InsecureRequestWarning: Unverified HTTPS request is being made to host '[LB_IP_ADDRESS]'. Adding certificate verification is strongly advised. See: https://urllib3.readthedocs.io/en/latest/advanced-usage.html#tls-warnings
  warnings.warn(

2026-10-08 19:46:17.043 87 WARNING py.warnings [None req-a9903355-8e53-4f31-9bd8-a2605356d832 0e199c783a06477d99bcc608aa270d5c 73c443f00c7f4a4aa907cdf98122d037 - - - -] /var/lib/kolla/venv/lib/python3.12/site-packages/urllib3/connectionpool.py:1110: InsecureRequestWarning: Unverified HTTPS request is being made to host '[LB_IP_ADDRESS]'. Adding certificate verification is strongly advised. See: https://urllib3.readthedocs.io/en/latest/advanced-usage.html#tls-warnings
  warnings.warn(

2026-10-08 19:46:17.049 87 INFO cinder.volume.drivers.lightos [None req-a9903355-8e53-4f31-9bd8-a2605356d832 0e199c783a06477d99bcc608aa270d5c 73c443f00c7f4a4aa907cdf98122d037 - - - -] Invoking create_volume using POST url: /api/v2/projects/default/volumes             request.body: {'name': 'vol_6954d36b-4985-4130-a099-3c2aa09dda80', 'size': '1 gib', 'replicaCount': '3', 'compression': 'False', 'acl': {'values': ['ALLOW_NONE']}, 'IPAcl': {'values': ['ALLOW_NONE']}, 'sourceSnapshotUUID': None, 'sourceSnapshotName': None} ssl_verify: False
2026-10-08 19:46:17.084 87 WARNING py.warnings [None req-a9903355-8e53-4f31-9bd8-a2605356d832 0e199c783a06477d99bcc608aa270d5c 73c443f00c7f4a4aa907cdf98122d037 - - - -] /var/lib/kolla/venv/lib/python3.12/site-packages/urllib3/connectionpool.py:1110: InsecureRequestWarning: Unverified HTTPS request is being made to host '[LB_IP_ADDRESS]'. Adding certificate verification is strongly advised. See: https://urllib3.readthedocs.io/en/latest/advanced-usage.html#tls-warnings
  warnings.warn(

2026-10-08 19:46:17.154 87 INFO cinder.volume.drivers.lightos [None req-a9903355-8e53-4f31-9bd8-a2605356d832 0e199c783a06477d99bcc608aa270d5c 73c443f00c7f4a4aa907cdf98122d037 - - - -] Invoking get_volume using GET url: /api/v2/projects/default/volumes/6f9c17c4-0e25-42dc-bdf2-ae677cbdd88c             request.body: {} ssl_verify: False
2026-10-08 19:46:17.216 87 WARNING py.warnings [None req-a9903355-8e53-4f31-9bd8-a2605356d832 0e199c783a06477d99bcc608aa270d5c 73c443f00c7f4a4aa907cdf98122d037 - - - -] /var/lib/kolla/venv/lib/python3.12/site-packages/urllib3/connectionpool.py:1110: InsecureRequestWarning: Unverified HTTPS request is being made to host '[LB_IP_ADDRESS]'. Adding certificate verification is strongly advised. See: https://urllib3.readthedocs.io/en/latest/advanced-usage.html#tls-warnings
  warnings.warn(

2026-10-08 19:46:17.238 87 INFO cinder.volume.manager [None req-4ae7ca80-4095-4c10-b6e8-3e9b2185bf5a 3bc6c35d455241239617012e72df5e4c 351000989b314dce9b27a631877765ef - - default default] Deleted volume successfully.
2026-10-08 19:46:17.251 87 INFO cinder.volume.flows.manager.create_volume [None req-a9903355-8e53-4f31-9bd8-a2605356d832 0e199c783a06477d99bcc608aa270d5c 73c443f00c7f4a4aa907cdf98122d037 - - - -] Volume vol_6954d36b-4985-4130-a099-3c2aa09dda80 (6954d36b-4985-4130-a099-3c2aa09dda80): created successfully
2026-10-08 19:46:17.259 87 INFO cinder.volume.manager [None req-a9903355-8e53-4f31-9bd8-a2605356d832 0e199c783a06477d99bcc608aa270d5c 73c443f00c7f4a4aa907cdf98122d037 - - - -] Created volume successfully.
2026-10-08 19:46:17.420 87 INFO cinder.volume.flows.manager.create_volume [None req-2f55c21a-09a5-4647-b889-39dcceb28657 0e199c783a06477d99bcc608aa270d5c 73c443f00c7f4a4aa907cdf98122d037 - - - -] Volume 3e77aa79-d7a1-44ee-88e8-bf7c5ea02b5c: being created as raw with specification: {'status': 'creating', 'volume_name': 'vol_3e77aa79-d7a1-44ee-88e8-bf7c5ea02b5c', 'volume_size': 1}
2026-10-08 19:46:17.420 87 INFO cinder.volume.drivers.lightos [None req-2f55c21a-09a5-4647-b889-39dcceb28657 0e199c783a06477d99bcc608aa270d5c 73c443f00c7f4a4aa907cdf98122d037 - - - -] Invoking get_volume_by_name using GET url: /api/v2/projects/default/volumes/?name=vol_3e77aa79-d7a1-44ee-88e8-bf7c5ea02b5c             request.body: {} ssl_verify: False
2026-10-08 19:46:17.453 87 WARNING py.warnings [None req-2f55c21a-09a5-4647-b889-39dcceb28657 0e199c783a06477d99bcc608aa270d5c 73c443f00c7f4a4aa907cdf98122d037 - - - -] /var/lib/kolla/venv/lib/python3.12/site-packages/urllib3/connectionpool.py:1110: InsecureRequestWarning: Unverified HTTPS request is being made to host '[LB_IP_ADDRESS]'. Adding certificate verification is strongly advised. See: https://urllib3.readthedocs.io/en/latest/advanced-usage.html#tls-warnings
  warnings.warn(

2026-10-08 19:46:17.463 87 INFO cinder.volume.drivers.lightos [None req-2f55c21a-09a5-4647-b889-39dcceb28657 0e199c783a06477d99bcc608aa270d5c 73c443f00c7f4a4aa907cdf98122d037 - - - -] Invoking create_volume using POST url: /api/v2/projects/default/volumes             request.body: {'name': 'vol_3e77aa79-d7a1-44ee-88e8-bf7c5ea02b5c', 'size': '1 gib', 'replicaCount': '3', 'compression': 'False', 'acl': {'values': ['ALLOW_NONE']}, 'IPAcl': {'values': ['ALLOW_NONE']}, 'sourceSnapshotUUID': None, 'sourceSnapshotName': None} ssl_verify: False
2026-10-08 19:46:17.504 87 WARNING py.warnings [None req-2f55c21a-09a5-4647-b889-39dcceb28657 0e199c783a06477d99bcc608aa270d5c 73c443f00c7f4a4aa907cdf98122d037 - - - -] /var/lib/kolla/venv/lib/python3.12/site-packages/urllib3/connectionpool.py:1110: InsecureRequestWarning: Unverified HTTPS request is being made to host '[LB_IP_ADDRESS]'. Adding certificate verification is strongly advised. See: https://urllib3.readthedocs.io/en/latest/advanced-usage.html#tls-warnings
  warnings.warn(

2026-10-08 19:46:17.540 87 INFO cinder.volume.drivers.lightos [None req-1a6fb401-af31-4b6b-97ba-a8dc4b32565b 019a178b9b3a48c0b265ef77ac069be7 2940ce00ae1a47f5be5aa7873ea8938c - - default default] Invoking delete_volume using DELETE url: /api/v2/projects/default/volumes/3aedb17b-e53c-432a-8f0e-5a0ab18ed6d2?             request.body:  ssl_verify: False
2026-10-08 19:46:17.568 87 INFO cinder.volume.drivers.lightos [None req-2f55c21a-09a5-4647-b889-39dcceb28657 0e199c783a06477d99bcc608aa270d5c 73c443f00c7f4a4aa907cdf98122d037 - - - -] Invoking get_volume using GET url: /api/v2/projects/default/volumes/cb9fa7c9-63ef-4e31-8e4c-2239027db8d3             request.body: {} ssl_verify: False
2026-10-08 19:46:17.597 87 WARNING py.warnings [None req-1a6fb401-af31-4b6b-97ba-a8dc4b32565b 019a178b9b3a48c0b265ef77ac069be7 2940ce00ae1a47f5be5aa7873ea8938c - - default default] /var/lib/kolla/venv/lib/python3.12/site-packages/urllib3/connectionpool.py:1110: InsecureRequestWarning: Unverified HTTPS request is being made to host '[LB_IP_ADDRESS]'. Adding certificate verification is strongly advised. See: https://urllib3.readthedocs.io/en/latest/advanced-usage.html#tls-warnings
  warnings.warn(

2026-10-08 19:46:17.601 87 WARNING py.warnings [None req-2f55c21a-09a5-4647-b889-39dcceb28657 0e199c783a06477d99bcc608aa270d5c 73c443f00c7f4a4aa907cdf98122d037 - - - -] /var/lib/kolla/venv/lib/python3.12/site-packages/urllib3/connectionpool.py:1110: InsecureRequestWarning: Unverified HTTPS request is being made to host '[LB_IP_ADDRESS]'. Adding certificate verification is strongly advised. See: https://urllib3.readthedocs.io/en/latest/advanced-usage.html#tls-warnings
  warnings.warn(

2026-10-08 19:46:17.670 87 INFO cinder.volume.drivers.lightos [None req-1a6fb401-af31-4b6b-97ba-a8dc4b32565b 019a178b9b3a48c0b265ef77ac069be7 2940ce00ae1a47f5be5aa7873ea8938c - - default default] Invoking get_volume using GET url: /api/v2/projects/default/volumes/3aedb17b-e53c-432a-8f0e-5a0ab18ed6d2             request.body: {} ssl_verify: False
2026-10-08 19:46:17.716 87 WARNING py.warnings [None req-1a6fb401-af31-4b6b-97ba-a8dc4b32565b 019a178b9b3a48c0b265ef77ac069be7 2940ce00ae1a47f5be5aa7873ea8938c - - default default] /var/lib/kolla/venv/lib/python3.12/site-packages/urllib3/connectionpool.py:1110: InsecureRequestWarning: Unverified HTTPS request is being made to host '[LB_IP_ADDRESS]'. Adding certificate verification is strongly advised. See: https://urllib3.readthedocs.io/en/latest/advanced-usage.html#tls-warnings
  warnings.warn(

2026-10-08 19:46:17.861 87 INFO cinder.volume.flows.manager.create_volume [None req-7cdf0b29-d050-4f34-8c14-ad057df97d57 0e199c783a06477d99bcc608aa270d5c 73c443f00c7f4a4aa907cdf98122d037 - - - -] Volume 6a907632-2eb0-4cb8-9fb9-d36bd8f0c46e: being created as raw with specification: {'status': 'creating', 'volume_name': 'vol_6a907632-2eb0-4cb8-9fb9-d36bd8f0c46e', 'volume_size': 1}
2026-10-08 19:46:17.862 87 INFO cinder.volume.drivers.lightos [None req-7cdf0b29-d050-4f34-8c14-ad057df97d57 0e199c783a06477d99bcc608aa270d5c 73c443f00c7f4a4aa907cdf98122d037 - - - -] Invoking get_volume_by_name using GET url: /api/v2/projects/default/volumes/?name=vol_6a907632-2eb0-4cb8-9fb9-d36bd8f0c46e             request.body: {} ssl_verify: False
2026-10-08 19:46:17.899 87 WARNING py.warnings [None req-7cdf0b29-d050-4f34-8c14-ad057df97d57 0e199c783a06477d99bcc608aa270d5c 73c443f00c7f4a4aa907cdf98122d037 - - - -] /var/lib/kolla/venv/lib/python3.12/site-packages/urllib3/connectionpool.py:1110: InsecureRequestWarning: Unverified HTTPS request is being made to host '[LB_IP_ADDRESS]'. Adding certificate verification is strongly advised. See: https://urllib3.readthedocs.io/en/latest/advanced-usage.html#tls-warnings
  warnings.warn(

2026-10-08 19:46:17.910 87 INFO cinder.volume.drivers.lightos [None req-7cdf0b29-d050-4f34-8c14-ad057df97d57 0e199c783a06477d99bcc608aa270d5c 73c443f00c7f4a4aa907cdf98122d037 - - - -] Invoking create_volume using POST url: /api/v2/projects/default/volumes             request.body: {'name': 'vol_6a907632-2eb0-4cb8-9fb9-d36bd8f0c46e', 'size': '1 gib', 'replicaCount': '3', 'compression': 'False', 'acl': {'values': ['ALLOW_NONE']}, 'IPAcl': {'values': ['ALLOW_NONE']}, 'sourceSnapshotUUID': None, 'sourceSnapshotName': None} ssl_verify: False
2026-10-08 19:46:17.947 87 WARNING py.warnings [None req-7cdf0b29-d050-4f34-8c14-ad057df97d57 0e199c783a06477d99bcc608aa270d5c 73c443f00c7f4a4aa907cdf98122d037 - - - -] /var/lib/kolla/venv/lib/python3.12/site-packages/urllib3/connectionpool.py:1110: InsecureRequestWarning: Unverified HTTPS request is being made to host '[LB_IP_ADDRESS]'. Adding certificate verification is strongly advised. See: https://urllib3.readthedocs.io/en/latest/advanced-usage.html#tls-warnings
  warnings.warn(

2026-10-08 19:46:17.949 87 INFO cinder.volume.manager [None req-1a6fb401-af31-4b6b-97ba-a8dc4b32565b 019a178b9b3a48c0b265ef77ac069be7 2940ce00ae1a47f5be5aa7873ea8938c - - default default] Deleted volume successfully.
2026-10-08 19:46:17.972 87 INFO cinder.volume.drivers.lightos [None req-7cdf0b29-d050-4f34-8c14-ad057df97d57 0e199c783a06477d99bcc608aa270d5c 73c443f00c7f4a4aa907cdf98122d037 - - - -] Invoking get_volume using GET url: /api/v2/projects/default/volumes/66e680c4-00b9-498b-a6ce-ec51ce1512ef             request.body: {} ssl_verify: False
2026-10-08 19:46:18.029 87 WARNING py.warnings [None req-7cdf0b29-d050-4f34-8c14-ad057df97d57 0e199c783a06477d99bcc608aa270d5c 73c443f00c7f4a4aa907cdf98122d037 - - - -] /var/lib/kolla/venv/lib/python3.12/site-packages/urllib3/connectionpool.py:1110: InsecureRequestWarning: Unverified HTTPS request is being made to host '[LB_IP_ADDRESS]'. Adding certificate verification is strongly advised. See: https://urllib3.readthedocs.io/en/latest/advanced-usage.html#tls-warnings
  warnings.warn(

2026-10-08 19:46:18.032 87 INFO cinder.volume.drivers.lightos [None req-266cf672-1c97-4a24-88d9-53098ca8f5a1 3bc6c35d455241239617012e72df5e4c 351000989b314dce9b27a631877765ef - - default default] Invoking delete_volume using DELETE url: /api/v2/projects/default/volumes/2dad0c58-c95f-4eb8-a2e7-be9e9fd12e74?             request.body:  ssl_verify: False
2026-10-08 19:46:18.069 87 WARNING py.warnings [None req-266cf672-1c97-4a24-88d9-53098ca8f5a1 3bc6c35d455241239617012e72df5e4c 351000989b314dce9b27a631877765ef - - default default] /var/lib/kolla/venv/lib/python3.12/site-packages/urllib3/connectionpool.py:1110: InsecureRequestWarning: Unverified HTTPS request is being made to host '[LB_IP_ADDRESS]'. Adding certificate verification is strongly advised. See: https://urllib3.readthedocs.io/en/latest/advanced-usage.html#tls-warnings
  warnings.warn(

2026-10-08 19:46:18.077 87 INFO cinder.volume.flows.manager.create_volume [None req-7cdf0b29-d050-4f34-8c14-ad057df97d57 0e199c783a06477d99bcc608aa270d5c 73c443f00c7f4a4aa907cdf98122d037 - - - -] Volume vol_6a907632-2eb0-4cb8-9fb9-d36bd8f0c46e (6a907632-2eb0-4cb8-9fb9-d36bd8f0c46e): created successfully
2026-10-08 19:46:18.084 87 INFO cinder.volume.manager [None req-7cdf0b29-d050-4f34-8c14-ad057df97d57 0e199c783a06477d99bcc608aa270d5c 73c443f00c7f4a4aa907cdf98122d037 - - - -] Created volume successfully.
2026-10-08 19:46:18.117 87 INFO cinder.volume.drivers.lightos [None req-266cf672-1c97-4a24-88d9-53098ca8f5a1 3bc6c35d455241239617012e72df5e4c 351000989b314dce9b27a631877765ef - - default default] Invoking get_volume using GET url: /api/v2/projects/default/volumes/2dad0c58-c95f-4eb8-a2e7-be9e9fd12e74             request.body: {} ssl_verify: False
2026-10-08 19:46:18.159 87 WARNING py.warnings [None req-266cf672-1c97-4a24-88d9-53098ca8f5a1 3bc6c35d455241239617012e72df5e4c 351000989b314dce9b27a631877765ef - - default default] /var/lib/kolla/venv/lib/python3.12/site-packages/urllib3/connectionpool.py:1110: InsecureRequestWarning: Unverified HTTPS request is being made to host '[LB_IP_ADDRESS]'. Adding certificate verification is strongly advised. See: https://urllib3.readthedocs.io/en/latest/advanced-usage.html#tls-warnings
  warnings.warn(

2026-10-08 19:46:18.307 87 INFO cinder.volume.flows.manager.create_volume [None req-b377f622-fb68-4dcf-a56a-b207097282a3 0e199c783a06477d99bcc608aa270d5c 73c443f00c7f4a4aa907cdf98122d037 - - - -] Volume f4763708-689d-4aa7-a877-ea4eb90d3ec9: being created as raw with specification: {'status': 'creating', 'volume_name': 'vol_f4763708-689d-4aa7-a877-ea4eb90d3ec9', 'volume_size': 1}
2026-10-08 19:46:18.308 87 INFO cinder.volume.drivers.lightos [None req-b377f622-fb68-4dcf-a56a-b207097282a3 0e199c783a06477d99bcc608aa270d5c 73c443f00c7f4a4aa907cdf98122d037 - - - -] Invoking get_volume_by_name using GET url: /api/v2/projects/default/volumes/?name=vol_f4763708-689d-4aa7-a877-ea4eb90d3ec9             request.body: {} ssl_verify: False
2026-10-08 19:46:18.309 87 INFO cinder.volume.manager [None req-266cf672-1c97-4a24-88d9-53098ca8f5a1 3bc6c35d455241239617012e72df5e4c 351000989b314dce9b27a631877765ef - - default default] Deleted volume successfully.
2026-10-08 19:46:18.345 87 WARNING py.warnings [None req-b377f622-fb68-4dcf-a56a-b207097282a3 0e199c783a06477d99bcc608aa270d5c 73c443f00c7f4a4aa907cdf98122d037 - - - -] /var/lib/kolla/venv/lib/python3.12/site-packages/urllib3/connectionpool.py:1110: InsecureRequestWarning: Unverified HTTPS request is being made to host '[LB_IP_ADDRESS]'. Adding certificate verification is strongly advised. See: https://urllib3.readthedocs.io/en/latest/advanced-usage.html#tls-warnings
  warnings.warn(

2026-10-08 19:46:18.356 87 INFO cinder.volume.drivers.lightos [None req-b377f622-fb68-4dcf-a56a-b207097282a3 0e199c783a06477d99bcc608aa270d5c 73c443f00c7f4a4aa907cdf98122d037 - - - -] Invoking create_volume using POST url: /api/v2/projects/default/volumes             request.body: {'name': 'vol_f4763708-689d-4aa7-a877-ea4eb90d3ec9', 'size': '1 gib', 'replicaCount': '3', 'compression': 'False', 'acl': {'values': ['ALLOW_NONE']}, 'IPAcl': {'values': ['ALLOW_NONE']}, 'sourceSnapshotUUID': None, 'sourceSnapshotName': None} ssl_verify: False
2026-10-08 19:46:18.400 87 WARNING py.warnings [None req-b377f622-fb68-4dcf-a56a-b207097282a3 0e199c783a06477d99bcc608aa270d5c 73c443f00c7f4a4aa907cdf98122d037 - - - -] /var/lib/kolla/venv/lib/python3.12/site-packages/urllib3/connectionpool.py:1110: InsecureRequestWarning: Unverified HTTPS request is being made to host '[LB_IP_ADDRESS]'. Adding certificate verification is strongly advised. See: https://urllib3.readthedocs.io/en/latest/advanced-usage.html#tls-warnings
  warnings.warn(

2026-10-08 19:46:18.426 87 INFO cinder.volume.drivers.lightos [None req-b377f622-fb68-4dcf-a56a-b207097282a3 0e199c783a06477d99bcc608aa270d5c 73c443f00c7f4a4aa907cdf98122d037 - - - -] Invoking get_volume using GET url: /api/v2/projects/default/volumes/078a5908-433d-4f20-8ee6-4054ff1e1845             request.body: {} ssl_verify: False
2026-10-08 19:46:18.473 87 WARNING py.warnings [None req-b377f622-fb68-4dcf-a56a-b207097282a3 0e199c783a06477d99bcc608aa270d5c 73c443f00c7f4a4aa907cdf98122d037 - - - -] /var/lib/kolla/venv/lib/python3.12/site-packages/urllib3/connectionpool.py:1110: InsecureRequestWarning: Unverified HTTPS request is being made to host '[LB_IP_ADDRESS]'. Adding certificate verification is strongly advised. See: https://urllib3.readthedocs.io/en/latest/advanced-usage.html#tls-warnings
  warnings.warn(

2026-10-08 19:46:18.531 87 INFO cinder.volume.flows.manager.create_volume [None req-b377f622-fb68-4dcf-a56a-b207097282a3 0e199c783a06477d99bcc608aa270d5c 73c443f00c7f4a4aa907cdf98122d037 - - - -] Volume vol_f4763708-689d-4aa7-a877-ea4eb90d3ec9 (f4763708-689d-4aa7-a877-ea4eb90d3ec9): created successfully
2026-10-08 19:46:18.538 87 INFO cinder.volume.manager [None req-b377f622-fb68-4dcf-a56a-b207097282a3 0e199c783a06477d99bcc608aa270d5c 73c443f00c7f4a4aa907cdf98122d037 - - - -] Created volume successfully.
2026-10-08 19:46:18.623 87 INFO cinder.volume.drivers.lightos [None req-2f55c21a-09a5-4647-b889-39dcceb28657 0e199c783a06477d99bcc608aa270d5c 73c443f00c7f4a4aa907cdf98122d037 - - - -] Invoking get_volume using GET url: /api/v2/projects/default/volumes/cb9fa7c9-63ef-4e31-8e4c-2239027db8d3             request.body: {} ssl_verify: False
2026-10-08 19:46:18.673 87 WARNING py.warnings [None req-2f55c21a-09a5-4647-b889-39dcceb28657 0e199c783a06477d99bcc608aa270d5c 73c443f00c7f4a4aa907cdf98122d037 - - - -] /var/lib/kolla/venv/lib/python3.12/site-packages/urllib3/connectionpool.py:1110: InsecureRequestWarning: Unverified HTTPS request is being made to host '[LB_IP_ADDRESS]'. Adding certificate verification is strongly advised. See: https://urllib3.readthedocs.io/en/latest/advanced-usage.html#tls-warnings
  warnings.warn(

2026-10-08 19:46:18.683 87 INFO cinder.volume.drivers.lightos [None req-b411a4d0-5749-4d80-9ad3-cba49cfa4811 019a178b9b3a48c0b265ef77ac069be7 2940ce00ae1a47f5be5aa7873ea8938c - - default default] Invoking delete_volume using DELETE url: /api/v2/projects/default/volumes/10c472a4-bae9-43bc-9f22-9064140d59fa?             request.body:  ssl_verify: False
2026-10-08 19:46:18.725 87 WARNING py.warnings [None req-b411a4d0-5749-4d80-9ad3-cba49cfa4811 019a178b9b3a48c0b265ef77ac069be7 2940ce00ae1a47f5be5aa7873ea8938c - - default default] /var/lib/kolla/venv/lib/python3.12/site-packages/urllib3/connectionpool.py:1110: InsecureRequestWarning: Unverified HTTPS request is being made to host '[LB_IP_ADDRESS]'. Adding certificate verification is strongly advised. See: https://urllib3.readthedocs.io/en/latest/advanced-usage.html#tls-warnings
  warnings.warn(

2026-10-08 19:46:18.730 87 INFO cinder.volume.flows.manager.create_volume [None req-2f55c21a-09a5-4647-b889-39dcceb28657 0e199c783a06477d99bcc608aa270d5c 73c443f00c7f4a4aa907cdf98122d037 - - - -] Volume vol_3e77aa79-d7a1-44ee-88e8-bf7c5ea02b5c (3e77aa79-d7a1-44ee-88e8-bf7c5ea02b5c): created successfully
2026-10-08 19:46:18.739 87 INFO cinder.volume.manager [None req-2f55c21a-09a5-4647-b889-39dcceb28657 0e199c783a06477d99bcc608aa270d5c 73c443f00c7f4a4aa907cdf98122d037 - - - -] Created volume successfully.
2026-10-08 19:46:18.759 87 INFO cinder.volume.drivers.lightos [None req-b411a4d0-5749-4d80-9ad3-cba49cfa4811 019a178b9b3a48c0b265ef77ac069be7 2940ce00ae1a47f5be5aa7873ea8938c - - default default] Invoking get_volume using GET url: /api/v2/projects/default/volumes/10c472a4-bae9-43bc-9f22-9064140d59fa             request.body: {} ssl_verify: False
2026-10-08 19:46:18.806 87 WARNING py.warnings [None req-b411a4d0-5749-4d80-9ad3-cba49cfa4811 019a178b9b3a48c0b265ef77ac069be7 2940ce00ae1a47f5be5aa7873ea8938c - - default default] /var/lib/kolla/venv/lib/python3.12/site-packages/urllib3/connectionpool.py:1110: InsecureRequestWarning: Unverified HTTPS request is being made to host '[LB_IP_ADDRESS]'. Adding certificate verification is strongly advised. See: https://urllib3.readthedocs.io/en/latest/advanced-usage.html#tls-warnings
  warnings.warn(

2026-10-08 19:46:18.971 87 INFO cinder.volume.manager [None req-b411a4d0-5749-4d80-9ad3-cba49cfa4811 019a178b9b3a48c0b265ef77ac069be7 2940ce00ae1a47f5be5aa7873ea8938c - - default default] Deleted volume successfully.
2026-10-08 19:46:19.164 87 INFO cinder.volume.drivers.lightos [None req-cec798ff-ebed-4c24-9103-9acaaae957c6 3bc6c35d455241239617012e72df5e4c 351000989b314dce9b27a631877765ef - - default default] Invoking delete_volume using DELETE url: /api/v2/projects/default/volumes/da11964c-f9a7-49f0-9e3f-be6404a63474?             request.body:  ssl_verify: False
2026-10-08 19:46:19.199 87 WARNING py.warnings [None req-cec798ff-ebed-4c24-9103-9acaaae957c6 3bc6c35d455241239617012e72df5e4c 351000989b314dce9b27a631877765ef - - default default] /var/lib/kolla/venv/lib/python3.12/site-packages/urllib3/connectionpool.py:1110: InsecureRequestWarning: Unverified HTTPS request is being made to host '[LB_IP_ADDRESS]'. Adding certificate verification is strongly advised. See: https://urllib3.readthedocs.io/en/latest/advanced-usage.html#tls-warnings
  warnings.warn(

2026-10-08 19:46:19.221 87 INFO cinder.volume.drivers.lightos [None req-cec798ff-ebed-4c24-9103-9acaaae957c6 3bc6c35d455241239617012e72df5e4c 351000989b314dce9b27a631877765ef - - default default] Invoking get_volume using GET url: /api/v2/projects/default/volumes/da11964c-f9a7-49f0-9e3f-be6404a63474             request.body: {} ssl_verify: False
2026-10-08 19:46:19.266 87 WARNING py.warnings [None req-cec798ff-ebed-4c24-9103-9acaaae957c6 3bc6c35d455241239617012e72df5e4c 351000989b314dce9b27a631877765ef - - default default] /var/lib/kolla/venv/lib/python3.12/site-packages/urllib3/connectionpool.py:1110: InsecureRequestWarning: Unverified HTTPS request is being made to host '[LB_IP_ADDRESS]'. Adding certificate verification is strongly advised. See: https://urllib3.readthedocs.io/en/latest/advanced-usage.html#tls-warnings
  warnings.warn(

2026-10-08 19:46:19.447 87 INFO cinder.volume.manager [None req-cec798ff-ebed-4c24-9103-9acaaae957c6 3bc6c35d455241239617012e72df5e4c 351000989b314dce9b27a631877765ef - - default default] Deleted volume successfully.
2026-10-08 19:46:19.609 87 INFO cinder.volume.drivers.lightos [None req-ed2e5bcd-a25f-4c10-988a-0ecd7c0436ce 0e199c783a06477d99bcc608aa270d5c 73c443f00c7f4a4aa907cdf98122d037 - - default default] Invoking delete_volume using DELETE url: /api/v2/projects/default/volumes/078a5908-433d-4f20-8ee6-4054ff1e1845?             request.body:  ssl_verify: False
2026-10-08 19:46:19.648 87 WARNING py.warnings [None req-ed2e5bcd-a25f-4c10-988a-0ecd7c0436ce 0e199c783a06477d99bcc608aa270d5c 73c443f00c7f4a4aa907cdf98122d037 - - default default] /var/lib/kolla/venv/lib/python3.12/site-packages/urllib3/connectionpool.py:1110: InsecureRequestWarning: Unverified HTTPS request is being made to host '[LB_IP_ADDRESS]'. Adding certificate verification is strongly advised. See: https://urllib3.readthedocs.io/en/latest/advanced-usage.html#tls-warnings
  warnings.warn(

2026-10-08 19:46:19.680 87 INFO cinder.volume.drivers.lightos [None req-ed2e5bcd-a25f-4c10-988a-0ecd7c0436ce 0e199c783a06477d99bcc608aa270d5c 73c443f00c7f4a4aa907cdf98122d037 - - default default] Invoking get_volume using GET url: /api/v2/projects/default/volumes/078a5908-433d-4f20-8ee6-4054ff1e1845             request.body: {} ssl_verify: False
2026-10-08 19:46:19.729 87 WARNING py.warnings [None req-ed2e5bcd-a25f-4c10-988a-0ecd7c0436ce 0e199c783a06477d99bcc608aa270d5c 73c443f00c7f4a4aa907cdf98122d037 - - default default] /var/lib/kolla/venv/lib/python3.12/site-packages/urllib3/connectionpool.py:1110: InsecureRequestWarning: Unverified HTTPS request is being made to host '[LB_IP_ADDRESS]'. Adding certificate verification is strongly advised. See: https://urllib3.readthedocs.io/en/latest/advanced-usage.html#tls-warnings
  warnings.warn(

2026-10-08 19:46:19.842 87 INFO cinder.volume.drivers.lightos [None req-1508beff-dd88-451e-a46c-26a762e3d5c3 019a178b9b3a48c0b265ef77ac069be7 2940ce00ae1a47f5be5aa7873ea8938c - - default default] Invoking delete_volume using DELETE url: /api/v2/projects/default/volumes/a37bd690-6ce9-4e8c-8694-5c72b67a7a61?             request.body:  ssl_verify: False
2026-10-08 19:46:19.879 87 WARNING py.warnings [None req-1508beff-dd88-451e-a46c-26a762e3d5c3 019a178b9b3a48c0b265ef77ac069be7 2940ce00ae1a47f5be5aa7873ea8938c - - default default] /var/lib/kolla/venv/lib/python3.12/site-packages/urllib3/connectionpool.py:1110: InsecureRequestWarning: Unverified HTTPS request is being made to host '[LB_IP_ADDRESS]'. Adding certificate verification is strongly advised. See: https://urllib3.readthedocs.io/en/latest/advanced-usage.html#tls-warnings
  warnings.warn(

2026-10-08 19:46:19.906 87 INFO cinder.volume.drivers.lightos [None req-1508beff-dd88-451e-a46c-26a762e3d5c3 019a178b9b3a48c0b265ef77ac069be7 2940ce00ae1a47f5be5aa7873ea8938c - - default default] Invoking get_volume using GET url: /api/v2/projects/default/volumes/a37bd690-6ce9-4e8c-8694-5c72b67a7a61             request.body: {} ssl_verify: False
2026-10-08 19:46:19.908 87 INFO cinder.volume.manager [None req-ed2e5bcd-a25f-4c10-988a-0ecd7c0436ce 0e199c783a06477d99bcc608aa270d5c 73c443f00c7f4a4aa907cdf98122d037 - - default default] Deleted volume successfully.
2026-10-08 19:46:19.945 87 WARNING py.warnings [None req-1508beff-dd88-451e-a46c-26a762e3d5c3 019a178b9b3a48c0b265ef77ac069be7 2940ce00ae1a47f5be5aa7873ea8938c - - default default] /var/lib/kolla/venv/lib/python3.12/site-packages/urllib3/connectionpool.py:1110: InsecureRequestWarning: Unverified HTTPS request is being made to host '[LB_IP_ADDRESS]'. Adding certificate verification is strongly advised. See: https://urllib3.readthedocs.io/en/latest/advanced-usage.html#tls-warnings
  warnings.warn(

2026-10-08 19:46:20.146 87 INFO cinder.volume.manager [None req-1508beff-dd88-451e-a46c-26a762e3d5c3 019a178b9b3a48c0b265ef77ac069be7 2940ce00ae1a47f5be5aa7873ea8938c - - default default] Deleted volume successfully.
2026-10-08 19:46:20.300 87 INFO cinder.volume.drivers.lightos [None req-9c26c389-9889-4efd-9cb2-b57001d2af31 3bc6c35d455241239617012e72df5e4c 351000989b314dce9b27a631877765ef - - default default] Invoking delete_volume using DELETE url: /api/v2/projects/default/volumes/b426217d-e8af-405a-a991-95c04b9e76b1?             request.body:  ssl_verify: False
2026-10-08 19:46:20.337 87 WARNING py.warnings [None req-9c26c389-9889-4efd-9cb2-b57001d2af31 3bc6c35d455241239617012e72df5e4c 351000989b314dce9b27a631877765ef - - default default] /var/lib/kolla/venv/lib/python3.12/site-packages/urllib3/connectionpool.py:1110: InsecureRequestWarning: Unverified HTTPS request is being made to host '[LB_IP_ADDRESS]'. Adding certificate verification is strongly advised. See: https://urllib3.readthedocs.io/en/latest/advanced-usage.html#tls-warnings
  warnings.warn(

2026-10-08 19:46:20.389 87 INFO cinder.volume.drivers.lightos [None req-9c26c389-9889-4efd-9cb2-b57001d2af31 3bc6c35d455241239617012e72df5e4c 351000989b314dce9b27a631877765ef - - default default] Invoking get_volume using GET url: /api/v2/projects/default/volumes/b426217d-e8af-405a-a991-95c04b9e76b1             request.body: {} ssl_verify: False
2026-10-08 19:46:20.434 87 WARNING py.warnings [None req-9c26c389-9889-4efd-9cb2-b57001d2af31 3bc6c35d455241239617012e72df5e4c 351000989b314dce9b27a631877765ef - - default default] /var/lib/kolla/venv/lib/python3.12/site-packages/urllib3/connectionpool.py:1110: InsecureRequestWarning: Unverified HTTPS request is being made to host '[LB_IP_ADDRESS]'. Adding certificate verification is strongly advised. See: https://urllib3.readthedocs.io/en/latest/advanced-usage.html#tls-warnings
  warnings.warn(

2026-10-08 19:46:20.588 87 INFO cinder.volume.manager [None req-9c26c389-9889-4efd-9cb2-b57001d2af31 3bc6c35d455241239617012e72df5e4c 351000989b314dce9b27a631877765ef - - default default] Deleted volume successfully.
2026-10-08 19:46:20.751 87 INFO cinder.volume.drivers.lightos [None req-dc52060f-b9d6-4095-a386-e822e1bdb987 0e199c783a06477d99bcc608aa270d5c 73c443f00c7f4a4aa907cdf98122d037 - - default default] Invoking delete_volume using DELETE url: /api/v2/projects/default/volumes/66e680c4-00b9-498b-a6ce-ec51ce1512ef?             request.body:  ssl_verify: False
2026-10-08 19:46:20.788 87 WARNING py.warnings [None req-dc52060f-b9d6-4095-a386-e822e1bdb987 0e199c783a06477d99bcc608aa270d5c 73c443f00c7f4a4aa907cdf98122d037 - - default default] /var/lib/kolla/venv/lib/python3.12/site-packages/urllib3/connectionpool.py:1110: InsecureRequestWarning: Unverified HTTPS request is being made to host '[LB_IP_ADDRESS]'. Adding certificate verification is strongly advised. See: https://urllib3.readthedocs.io/en/latest/advanced-usage.html#tls-warnings
  warnings.warn(

2026-10-08 19:46:20.818 87 INFO cinder.volume.drivers.lightos [None req-dc52060f-b9d6-4095-a386-e822e1bdb987 0e199c783a06477d99bcc608aa270d5c 73c443f00c7f4a4aa907cdf98122d037 - - default default] Invoking get_volume using GET url: /api/v2/projects/default/volumes/66e680c4-00b9-498b-a6ce-ec51ce1512ef             request.body: {} ssl_verify: False
2026-10-08 19:46:20.866 87 WARNING py.warnings [None req-dc52060f-b9d6-4095-a386-e822e1bdb987 0e199c783a06477d99bcc608aa270d5c 73c443f00c7f4a4aa907cdf98122d037 - - default default] /var/lib/kolla/venv/lib/python3.12/site-packages/urllib3/connectionpool.py:1110: InsecureRequestWarning: Unverified HTTPS request is being made to host '[LB_IP_ADDRESS]'. Adding certificate verification is strongly advised. See: https://urllib3.readthedocs.io/en/latest/advanced-usage.html#tls-warnings
  warnings.warn(

2026-10-08 19:46:20.950 87 INFO cinder.volume.drivers.lightos [None req-505733f2-3f9f-40fd-a03d-461a0f344fb4 019a178b9b3a48c0b265ef77ac069be7 2940ce00ae1a47f5be5aa7873ea8938c - - default default] Invoking delete_volume using DELETE url: /api/v2/projects/default/volumes/5791f0aa-ddad-47b2-821a-2e9329a66688?             request.body:  ssl_verify: False
2026-10-08 19:46:20.985 87 WARNING py.warnings [None req-505733f2-3f9f-40fd-a03d-461a0f344fb4 019a178b9b3a48c0b265ef77ac069be7 2940ce00ae1a47f5be5aa7873ea8938c - - default default] /var/lib/kolla/venv/lib/python3.12/site-packages/urllib3/connectionpool.py:1110: InsecureRequestWarning: Unverified HTTPS request is being made to host '[LB_IP_ADDRESS]'. Adding certificate verification is strongly advised. See: https://urllib3.readthedocs.io/en/latest/advanced-usage.html#tls-warnings
  warnings.warn(

2026-10-08 19:46:21.022 87 INFO cinder.volume.drivers.lightos [None req-505733f2-3f9f-40fd-a03d-461a0f344fb4 019a178b9b3a48c0b265ef77ac069be7 2940ce00ae1a47f5be5aa7873ea8938c - - default default] Invoking get_volume using GET url: /api/v2/projects/default/volumes/5791f0aa-ddad-47b2-821a-2e9329a66688             request.body: {} ssl_verify: False
2026-10-08 19:46:21.056 87 WARNING py.warnings [None req-505733f2-3f9f-40fd-a03d-461a0f344fb4 019a178b9b3a48c0b265ef77ac069be7 2940ce00ae1a47f5be5aa7873ea8938c - - default default] /var/lib/kolla/venv/lib/python3.12/site-packages/urllib3/connectionpool.py:1110: InsecureRequestWarning: Unverified HTTPS request is being made to host '[LB_IP_ADDRESS]'. Adding certificate verification is strongly advised. See: https://urllib3.readthedocs.io/en/latest/advanced-usage.html#tls-warnings
  warnings.warn(

2026-10-08 19:46:21.099 87 INFO cinder.volume.manager [None req-dc52060f-b9d6-4095-a386-e822e1bdb987 0e199c783a06477d99bcc608aa270d5c 73c443f00c7f4a4aa907cdf98122d037 - - default default] Deleted volume successfully.
2026-10-08 19:46:21.225 87 INFO cinder.volume.manager [None req-505733f2-3f9f-40fd-a03d-461a0f344fb4 019a178b9b3a48c0b265ef77ac069be7 2940ce00ae1a47f5be5aa7873ea8938c - - default default] Deleted volume successfully.
2026-10-08 19:46:21.438 87 INFO cinder.volume.drivers.lightos [None req-f8b781ec-a776-4aaf-81db-533108b5fc04 3bc6c35d455241239617012e72df5e4c 351000989b314dce9b27a631877765ef - - default default] Invoking delete_volume using DELETE url: /api/v2/projects/default/volumes/203c9207-b11a-4920-989c-b6af2cadb2a7?             request.body:  ssl_verify: False
2026-10-08 19:46:21.474 87 WARNING py.warnings [None req-f8b781ec-a776-4aaf-81db-533108b5fc04 3bc6c35d455241239617012e72df5e4c 351000989b314dce9b27a631877765ef - - default default] /var/lib/kolla/venv/lib/python3.12/site-packages/urllib3/connectionpool.py:1110: InsecureRequestWarning: Unverified HTTPS request is being made to host '[LB_IP_ADDRESS]'. Adding certificate verification is strongly advised. See: https://urllib3.readthedocs.io/en/latest/advanced-usage.html#tls-warnings
  warnings.warn(

2026-10-08 19:46:21.506 87 INFO cinder.volume.drivers.lightos [None req-f8b781ec-a776-4aaf-81db-533108b5fc04 3bc6c35d455241239617012e72df5e4c 351000989b314dce9b27a631877765ef - - default default] Invoking get_volume using GET url: /api/v2/projects/default/volumes/203c9207-b11a-4920-989c-b6af2cadb2a7             request.body: {} ssl_verify: False
2026-10-08 19:46:21.557 87 WARNING py.warnings [None req-f8b781ec-a776-4aaf-81db-533108b5fc04 3bc6c35d455241239617012e72df5e4c 351000989b314dce9b27a631877765ef - - default default] /var/lib/kolla/venv/lib/python3.12/site-packages/urllib3/connectionpool.py:1110: InsecureRequestWarning: Unverified HTTPS request is being made to host '[LB_IP_ADDRESS]'. Adding certificate verification is strongly advised. See: https://urllib3.readthedocs.io/en/latest/advanced-usage.html#tls-warnings
  warnings.warn(

2026-10-08 19:46:21.706 87 INFO cinder.volume.manager [None req-f8b781ec-a776-4aaf-81db-533108b5fc04 3bc6c35d455241239617012e72df5e4c 351000989b314dce9b27a631877765ef - - default default] Deleted volume successfully.
2026-10-08 19:46:21.894 87 INFO cinder.volume.drivers.lightos [None req-9bd1fec3-13fb-403c-9a0f-55d33759009c 0e199c783a06477d99bcc608aa270d5c 73c443f00c7f4a4aa907cdf98122d037 - - default default] Invoking delete_volume using DELETE url: /api/v2/projects/default/volumes/cb9fa7c9-63ef-4e31-8e4c-2239027db8d3?             request.body:  ssl_verify: False
2026-10-08 19:46:21.931 87 WARNING py.warnings [None req-9bd1fec3-13fb-403c-9a0f-55d33759009c 0e199c783a06477d99bcc608aa270d5c 73c443f00c7f4a4aa907cdf98122d037 - - default default] /var/lib/kolla/venv/lib/python3.12/site-packages/urllib3/connectionpool.py:1110: InsecureRequestWarning: Unverified HTTPS request is being made to host '[LB_IP_ADDRESS]'. Adding certificate verification is strongly advised. See: https://urllib3.readthedocs.io/en/latest/advanced-usage.html#tls-warnings
  warnings.warn(

2026-10-08 19:46:21.953 87 INFO cinder.volume.drivers.lightos [None req-9bd1fec3-13fb-403c-9a0f-55d33759009c 0e199c783a06477d99bcc608aa270d5c 73c443f00c7f4a4aa907cdf98122d037 - - default default] Invoking get_volume using GET url: /api/v2/projects/default/volumes/cb9fa7c9-63ef-4e31-8e4c-2239027db8d3             request.body: {} ssl_verify: False
2026-10-08 19:46:21.993 87 WARNING py.warnings [None req-9bd1fec3-13fb-403c-9a0f-55d33759009c 0e199c783a06477d99bcc608aa270d5c 73c443f00c7f4a4aa907cdf98122d037 - - default default] /var/lib/kolla/venv/lib/python3.12/site-packages/urllib3/connectionpool.py:1110: InsecureRequestWarning: Unverified HTTPS request is being made to host '[LB_IP_ADDRESS]'. Adding certificate verification is strongly advised. See: https://urllib3.readthedocs.io/en/latest/advanced-usage.html#tls-warnings
  warnings.warn(

2026-10-08 19:46:22.095 87 INFO cinder.volume.drivers.lightos [None req-ab952377-0281-4aa6-a4ff-4d51fb06d075 019a178b9b3a48c0b265ef77ac069be7 2940ce00ae1a47f5be5aa7873ea8938c - - default default] Invoking delete_volume using DELETE url: /api/v2/projects/default/volumes/3ff4f9f1-0d0b-47a9-903c-6b59d7151f7b?             request.body:  ssl_verify: False
2026-10-08 19:46:22.128 87 WARNING py.warnings [None req-ab952377-0281-4aa6-a4ff-4d51fb06d075 019a178b9b3a48c0b265ef77ac069be7 2940ce00ae1a47f5be5aa7873ea8938c - - default default] /var/lib/kolla/venv/lib/python3.12/site-packages/urllib3/connectionpool.py:1110: InsecureRequestWarning: Unverified HTTPS request is being made to host '[LB_IP_ADDRESS]'. Adding certificate verification is strongly advised. See: https://urllib3.readthedocs.io/en/latest/advanced-usage.html#tls-warnings
  warnings.warn(

2026-10-08 19:46:22.152 87 INFO cinder.volume.drivers.lightos [None req-ab952377-0281-4aa6-a4ff-4d51fb06d075 019a178b9b3a48c0b265ef77ac069be7 2940ce00ae1a47f5be5aa7873ea8938c - - default default] Invoking get_volume using GET url: /api/v2/projects/default/volumes/3ff4f9f1-0d0b-47a9-903c-6b59d7151f7b             request.body: {} ssl_verify: False
2026-10-08 19:46:22.188 87 INFO cinder.volume.manager [None req-9bd1fec3-13fb-403c-9a0f-55d33759009c 0e199c783a06477d99bcc608aa270d5c 73c443f00c7f4a4aa907cdf98122d037 - - default default] Deleted volume successfully.
2026-10-08 19:46:22.193 87 WARNING py.warnings [None req-ab952377-0281-4aa6-a4ff-4d51fb06d075 019a178b9b3a48c0b265ef77ac069be7 2940ce00ae1a47f5be5aa7873ea8938c - - default default] /var/lib/kolla/venv/lib/python3.12/site-packages/urllib3/connectionpool.py:1110: InsecureRequestWarning: Unverified HTTPS request is being made to host '[LB_IP_ADDRESS]'. Adding certificate verification is strongly advised. See: https://urllib3.readthedocs.io/en/latest/advanced-usage.html#tls-warnings
  warnings.warn(

2026-10-08 19:46:22.347 87 INFO cinder.volume.manager [None req-ab952377-0281-4aa6-a4ff-4d51fb06d075 019a178b9b3a48c0b265ef77ac069be7 2940ce00ae1a47f5be5aa7873ea8938c - - default default] Deleted volume successfully.
2026-10-08 19:46:23.038 87 INFO cinder.volume.drivers.lightos [None req-d16048da-500c-4396-aa5d-471c84e58684 0e199c783a06477d99bcc608aa270d5c 73c443f00c7f4a4aa907cdf98122d037 - - default default] Invoking delete_volume using DELETE url: /api/v2/projects/default/volumes/6f9c17c4-0e25-42dc-bdf2-ae677cbdd88c?             request.body:  ssl_verify: False
2026-10-08 19:46:23.076 87 WARNING py.warnings [None req-d16048da-500c-4396-aa5d-471c84e58684 0e199c783a06477d99bcc608aa270d5c 73c443f00c7f4a4aa907cdf98122d037 - - default default] /var/lib/kolla/venv/lib/python3.12/site-packages/urllib3/connectionpool.py:1110: InsecureRequestWarning: Unverified HTTPS request is being made to host '[LB_IP_ADDRESS]'. Adding certificate verification is strongly advised. See: https://urllib3.readthedocs.io/en/latest/advanced-usage.html#tls-warnings
  warnings.warn(

2026-10-08 19:46:23.121 87 INFO cinder.volume.drivers.lightos [None req-d16048da-500c-4396-aa5d-471c84e58684 0e199c783a06477d99bcc608aa270d5c 73c443f00c7f4a4aa907cdf98122d037 - - default default] Invoking get_volume using GET url: /api/v2/projects/default/volumes/6f9c17c4-0e25-42dc-bdf2-ae677cbdd88c             request.body: {} ssl_verify: False
2026-10-08 19:46:23.164 87 WARNING py.warnings [None req-d16048da-500c-4396-aa5d-471c84e58684 0e199c783a06477d99bcc608aa270d5c 73c443f00c7f4a4aa907cdf98122d037 - - default default] /var/lib/kolla/venv/lib/python3.12/site-packages/urllib3/connectionpool.py:1110: InsecureRequestWarning: Unverified HTTPS request is being made to host '[LB_IP_ADDRESS]'. Adding certificate verification is strongly advised. See: https://urllib3.readthedocs.io/en/latest/advanced-usage.html#tls-warnings
  warnings.warn(

2026-10-08 19:46:23.269 87 INFO cinder.volume.drivers.lightos [None req-351b8d91-6e32-476e-9c2e-d8ff1d0ac8e8 019a178b9b3a48c0b265ef77ac069be7 2940ce00ae1a47f5be5aa7873ea8938c - - default default] Invoking delete_volume using DELETE url: /api/v2/projects/default/volumes/b46570d3-2c14-473e-9ec6-ed94a7655ff5?             request.body:  ssl_verify: False
2026-10-08 19:46:23.305 87 WARNING py.warnings [None req-351b8d91-6e32-476e-9c2e-d8ff1d0ac8e8 019a178b9b3a48c0b265ef77ac069be7 2940ce00ae1a47f5be5aa7873ea8938c - - default default] /var/lib/kolla/venv/lib/python3.12/site-packages/urllib3/connectionpool.py:1110: InsecureRequestWarning: Unverified HTTPS request is being made to host '[LB_IP_ADDRESS]'. Adding certificate verification is strongly advised. See: https://urllib3.readthedocs.io/en/latest/advanced-usage.html#tls-warnings
  warnings.warn(

2026-10-08 19:46:23.336 87 INFO cinder.volume.drivers.lightos [None req-351b8d91-6e32-476e-9c2e-d8ff1d0ac8e8 019a178b9b3a48c0b265ef77ac069be7 2940ce00ae1a47f5be5aa7873ea8938c - - default default] Invoking get_volume using GET url: /api/v2/projects/default/volumes/b46570d3-2c14-473e-9ec6-ed94a7655ff5             request.body: {} ssl_verify: False
2026-10-08 19:46:23.366 87 INFO cinder.volume.manager [None req-d16048da-500c-4396-aa5d-471c84e58684 0e199c783a06477d99bcc608aa270d5c 73c443f00c7f4a4aa907cdf98122d037 - - default default] Deleted volume successfully.
2026-10-08 19:46:23.392 87 WARNING py.warnings [None req-351b8d91-6e32-476e-9c2e-d8ff1d0ac8e8 019a178b9b3a48c0b265ef77ac069be7 2940ce00ae1a47f5be5aa7873ea8938c - - default default] /var/lib/kolla/venv/lib/python3.12/site-packages/urllib3/connectionpool.py:1110: InsecureRequestWarning: Unverified HTTPS request is being made to host '[LB_IP_ADDRESS]'. Adding certificate verification is strongly advised. See: https://urllib3.readthedocs.io/en/latest/advanced-usage.html#tls-warnings
  warnings.warn(

2026-10-08 19:46:23.544 87 INFO cinder.volume.manager [None req-351b8d91-6e32-476e-9c2e-d8ff1d0ac8e8 019a178b9b3a48c0b265ef77ac069be7 2940ce00ae1a47f5be5aa7873ea8938c - - default default] Deleted volume successfully.
2026-10-08 19:46:24.175 87 INFO cinder.volume.drivers.lightos [None req-bf51ff30-2c2c-44be-8613-7793332c7e5c 0e199c783a06477d99bcc608aa270d5c 73c443f00c7f4a4aa907cdf98122d037 - - default default] Invoking delete_volume using DELETE url: /api/v2/projects/default/volumes/39d96f85-141d-4fc2-b20e-7a72620d66f0?             request.body:  ssl_verify: False
2026-10-08 19:46:24.212 87 WARNING py.warnings [None req-bf51ff30-2c2c-44be-8613-7793332c7e5c 0e199c783a06477d99bcc608aa270d5c 73c443f00c7f4a4aa907cdf98122d037 - - default default] /var/lib/kolla/venv/lib/python3.12/site-packages/urllib3/connectionpool.py:1110: InsecureRequestWarning: Unverified HTTPS request is being made to host '[LB_IP_ADDRESS]'. Adding certificate verification is strongly advised. See: https://urllib3.readthedocs.io/en/latest/advanced-usage.html#tls-warnings
  warnings.warn(

2026-10-08 19:46:24.242 87 INFO cinder.volume.drivers.lightos [None req-bf51ff30-2c2c-44be-8613-7793332c7e5c 0e199c783a06477d99bcc608aa270d5c 73c443f00c7f4a4aa907cdf98122d037 - - default default] Invoking get_volume using GET url: /api/v2/projects/default/volumes/39d96f85-141d-4fc2-b20e-7a72620d66f0             request.body: {} ssl_verify: False
2026-10-08 19:46:24.300 87 WARNING py.warnings [None req-bf51ff30-2c2c-44be-8613-7793332c7e5c 0e199c783a06477d99bcc608aa270d5c 73c443f00c7f4a4aa907cdf98122d037 - - default default] /var/lib/kolla/venv/lib/python3.12/site-packages/urllib3/connectionpool.py:1110: InsecureRequestWarning: Unverified HTTPS request is being made to host '[LB_IP_ADDRESS]'. Adding certificate verification is strongly advised. See: https://urllib3.readthedocs.io/en/latest/advanced-usage.html#tls-warnings
  warnings.warn(

2026-10-08 19:46:24.444 87 INFO cinder.volume.manager [None req-bf51ff30-2c2c-44be-8613-7793332c7e5c 0e199c783a06477d99bcc608aa270d5c 73c443f00c7f4a4aa907cdf98122d037 - - default default] Deleted volume successfully.
2026-10-08 19:46:25.289 87 INFO cinder.volume.drivers.lightos [None req-a5ad19f7-8ead-49da-8621-580a8dcbaaee 0e199c783a06477d99bcc608aa270d5c 73c443f00c7f4a4aa907cdf98122d037 - - default default] Invoking get_snapshot_by_name using GET url: /api/v2/projects/default/snapshots/?Name=snapshot-7ca993b8-a77e-4f7b-bd29-f0c3006371b6             request.body: {} ssl_verify: False
2026-10-08 19:46:25.332 87 WARNING py.warnings [None req-a5ad19f7-8ead-49da-8621-580a8dcbaaee 0e199c783a06477d99bcc608aa270d5c 73c443f00c7f4a4aa907cdf98122d037 - - default default] /var/lib/kolla/venv/lib/python3.12/site-packages/urllib3/connectionpool.py:1110: InsecureRequestWarning: Unverified HTTPS request is being made to host '[LB_IP_ADDRESS]'. Adding certificate verification is strongly advised. See: https://urllib3.readthedocs.io/en/latest/advanced-usage.html#tls-warnings
  warnings.warn(

2026-10-08 19:46:25.347 87 INFO cinder.volume.drivers.lightos [None req-a5ad19f7-8ead-49da-8621-580a8dcbaaee 0e199c783a06477d99bcc608aa270d5c 73c443f00c7f4a4aa907cdf98122d037 - - default default] Invoking delete_snapshot using DELETE url: /api/v2/projects/default/snapshots/34b585b8-5784-4466-be19-339437fc501d?             request.body:  ssl_verify: False
2026-10-08 19:46:25.404 87 WARNING py.warnings [None req-a5ad19f7-8ead-49da-8621-580a8dcbaaee 0e199c783a06477d99bcc608aa270d5c 73c443f00c7f4a4aa907cdf98122d037 - - default default] /var/lib/kolla/venv/lib/python3.12/site-packages/urllib3/connectionpool.py:1110: InsecureRequestWarning: Unverified HTTPS request is being made to host '[LB_IP_ADDRESS]'. Adding certificate verification is strongly advised. See: https://urllib3.readthedocs.io/en/latest/advanced-usage.html#tls-warnings
  warnings.warn(

2026-10-08 19:46:25.433 87 INFO cinder.volume.drivers.lightos [None req-a5ad19f7-8ead-49da-8621-580a8dcbaaee 0e199c783a06477d99bcc608aa270d5c 73c443f00c7f4a4aa907cdf98122d037 - - default default] Invoking get_snapshot using GET url: /api/v2/projects/default/snapshots/34b585b8-5784-4466-be19-339437fc501d             request.body: {} ssl_verify: False
2026-10-08 19:46:25.477 87 WARNING py.warnings [None req-a5ad19f7-8ead-49da-8621-580a8dcbaaee 0e199c783a06477d99bcc608aa270d5c 73c443f00c7f4a4aa907cdf98122d037 - - default default] /var/lib/kolla/venv/lib/python3.12/site-packages/urllib3/connectionpool.py:1110: InsecureRequestWarning: Unverified HTTPS request is being made to host '[LB_IP_ADDRESS]'. Adding certificate verification is strongly advised. See: https://urllib3.readthedocs.io/en/latest/advanced-usage.html#tls-warnings
  warnings.warn(

2026-10-08 19:46:25.654 87 INFO cinder.volume.manager [None req-a5ad19f7-8ead-49da-8621-580a8dcbaaee 0e199c783a06477d99bcc608aa270d5c 73c443f00c7f4a4aa907cdf98122d037 - - default default] Delete snapshot completed successfully.
2026-10-08 19:46:26.209 87 INFO cinder.volume.flows.manager.create_volume [None req-00de750e-3f9c-4393-a474-48249d9b8e56 504dcf78d2534d569503d1fdb0f8c9fe d6190090fca74770a929c06b5190b074 - - - -] Volume 8c79cc7e-7f9a-4321-a99c-a30d9547444f: being created as raw with specification: {'status': 'creating', 'volume_name': 'vol_8c79cc7e-7f9a-4321-a99c-a30d9547444f', 'volume_size': 1}
2026-10-08 19:46:26.210 87 INFO cinder.volume.drivers.lightos [None req-00de750e-3f9c-4393-a474-48249d9b8e56 504dcf78d2534d569503d1fdb0f8c9fe d6190090fca74770a929c06b5190b074 - - - -] Invoking get_volume_by_name using GET url: /api/v2/projects/default/volumes/?name=vol_8c79cc7e-7f9a-4321-a99c-a30d9547444f             request.body: {} ssl_verify: False
2026-10-08 19:46:26.245 87 WARNING py.warnings [None req-00de750e-3f9c-4393-a474-48249d9b8e56 504dcf78d2534d569503d1fdb0f8c9fe d6190090fca74770a929c06b5190b074 - - - -] /var/lib/kolla/venv/lib/python3.12/site-packages/urllib3/connectionpool.py:1110: InsecureRequestWarning: Unverified HTTPS request is being made to host '[LB_IP_ADDRESS]'. Adding certificate verification is strongly advised. See: https://urllib3.readthedocs.io/en/latest/advanced-usage.html#tls-warnings
  warnings.warn(

2026-10-08 19:46:26.257 87 INFO cinder.volume.drivers.lightos [None req-00de750e-3f9c-4393-a474-48249d9b8e56 504dcf78d2534d569503d1fdb0f8c9fe d6190090fca74770a929c06b5190b074 - - - -] Invoking create_volume using POST url: /api/v2/projects/default/volumes             request.body: {'name': 'vol_8c79cc7e-7f9a-4321-a99c-a30d9547444f', 'size': '1 gib', 'replicaCount': '3', 'compression': 'False', 'acl': {'values': ['ALLOW_NONE']}, 'IPAcl': {'values': ['ALLOW_NONE']}, 'sourceSnapshotUUID': None, 'sourceSnapshotName': None} ssl_verify: False
2026-10-08 19:46:26.305 87 WARNING py.warnings [None req-00de750e-3f9c-4393-a474-48249d9b8e56 504dcf78d2534d569503d1fdb0f8c9fe d6190090fca74770a929c06b5190b074 - - - -] /var/lib/kolla/venv/lib/python3.12/site-packages/urllib3/connectionpool.py:1110: InsecureRequestWarning: Unverified HTTPS request is being made to host '[LB_IP_ADDRESS]'. Adding certificate verification is strongly advised. See: https://urllib3.readthedocs.io/en/latest/advanced-usage.html#tls-warnings
  warnings.warn(

2026-10-08 19:46:26.334 87 INFO cinder.volume.drivers.lightos [None req-00de750e-3f9c-4393-a474-48249d9b8e56 504dcf78d2534d569503d1fdb0f8c9fe d6190090fca74770a929c06b5190b074 - - - -] Invoking get_volume using GET url: /api/v2/projects/default/volumes/a63e4080-875f-4566-83de-312c2f5319de             request.body: {} ssl_verify: False
2026-10-08 19:46:26.392 87 WARNING py.warnings [None req-00de750e-3f9c-4393-a474-48249d9b8e56 504dcf78d2534d569503d1fdb0f8c9fe d6190090fca74770a929c06b5190b074 - - - -] /var/lib/kolla/venv/lib/python3.12/site-packages/urllib3/connectionpool.py:1110: InsecureRequestWarning: Unverified HTTPS request is being made to host '[LB_IP_ADDRESS]'. Adding certificate verification is strongly advised. See: https://urllib3.readthedocs.io/en/latest/advanced-usage.html#tls-warnings
  warnings.warn(

2026-10-08 19:46:26.418 87 INFO cinder.volume.drivers.lightos [None req-b6bd2269-8c51-4cbf-a158-d72f0605ed9a 0e199c783a06477d99bcc608aa270d5c 73c443f00c7f4a4aa907cdf98122d037 - - default default] Invoking delete_volume using DELETE url: /api/v2/projects/default/volumes/668358bd-c6f1-47aa-b244-d43ca6c40b1b?             request.body:  ssl_verify: False
2026-10-08 19:46:26.451 87 WARNING py.warnings [None req-b6bd2269-8c51-4cbf-a158-d72f0605ed9a 0e199c783a06477d99bcc608aa270d5c 73c443f00c7f4a4aa907cdf98122d037 - - default default] /var/lib/kolla/venv/lib/python3.12/site-packages/urllib3/connectionpool.py:1110: InsecureRequestWarning: Unverified HTTPS request is being made to host '[LB_IP_ADDRESS]'. Adding certificate verification is strongly advised. See: https://urllib3.readthedocs.io/en/latest/advanced-usage.html#tls-warnings
  warnings.warn(

2026-10-08 19:46:26.462 87 INFO cinder.volume.flows.manager.create_volume [None req-00de750e-3f9c-4393-a474-48249d9b8e56 504dcf78d2534d569503d1fdb0f8c9fe d6190090fca74770a929c06b5190b074 - - - -] Volume vol_8c79cc7e-7f9a-4321-a99c-a30d9547444f (8c79cc7e-7f9a-4321-a99c-a30d9547444f): created successfully
2026-10-08 19:46:26.472 87 INFO cinder.volume.manager [None req-00de750e-3f9c-4393-a474-48249d9b8e56 504dcf78d2534d569503d1fdb0f8c9fe d6190090fca74770a929c06b5190b074 - - - -] Created volume successfully.
2026-10-08 19:46:26.505 87 INFO cinder.volume.drivers.lightos [None req-b6bd2269-8c51-4cbf-a158-d72f0605ed9a 0e199c783a06477d99bcc608aa270d5c 73c443f00c7f4a4aa907cdf98122d037 - - default default] Invoking get_volume using GET url: /api/v2/projects/default/volumes/668358bd-c6f1-47aa-b244-d43ca6c40b1b             request.body: {} ssl_verify: False
2026-10-08 19:46:26.549 87 WARNING py.warnings [None req-b6bd2269-8c51-4cbf-a158-d72f0605ed9a 0e199c783a06477d99bcc608aa270d5c 73c443f00c7f4a4aa907cdf98122d037 - - default default] /var/lib/kolla/venv/lib/python3.12/site-packages/urllib3/connectionpool.py:1110: InsecureRequestWarning: Unverified HTTPS request is being made to host '[LB_IP_ADDRESS]'. Adding certificate verification is strongly advised. See: https://urllib3.readthedocs.io/en/latest/advanced-usage.html#tls-warnings
  warnings.warn(

2026-10-08 19:46:26.692 87 INFO cinder.volume.manager [None req-b6bd2269-8c51-4cbf-a158-d72f0605ed9a 0e199c783a06477d99bcc608aa270d5c 73c443f00c7f4a4aa907cdf98122d037 - - default default] Deleted volume successfully.
2026-10-08 19:46:27.981 87 INFO cinder.volume.flows.manager.create_volume [None req-09754b63-9f95-4448-864c-2c650dc8876c 504dcf78d2534d569503d1fdb0f8c9fe d6190090fca74770a929c06b5190b074 - - - -] Volume 2b12eaf8-e97f-4ac7-b4e4-9f9051f64f80: being created as raw with specification: {'status': 'creating', 'volume_name': 'vol_2b12eaf8-e97f-4ac7-b4e4-9f9051f64f80', 'volume_size': 1}
2026-10-08 19:46:27.981 87 INFO cinder.volume.drivers.lightos [None req-09754b63-9f95-4448-864c-2c650dc8876c 504dcf78d2534d569503d1fdb0f8c9fe d6190090fca74770a929c06b5190b074 - - - -] Invoking get_volume_by_name using GET url: /api/v2/projects/default/volumes/?name=vol_2b12eaf8-e97f-4ac7-b4e4-9f9051f64f80             request.body: {} ssl_verify: False
2026-10-08 19:46:28.018 87 WARNING py.warnings [None req-09754b63-9f95-4448-864c-2c650dc8876c 504dcf78d2534d569503d1fdb0f8c9fe d6190090fca74770a929c06b5190b074 - - - -] /var/lib/kolla/venv/lib/python3.12/site-packages/urllib3/connectionpool.py:1110: InsecureRequestWarning: Unverified HTTPS request is being made to host '[LB_IP_ADDRESS]'. Adding certificate verification is strongly advised. See: https://urllib3.readthedocs.io/en/latest/advanced-usage.html#tls-warnings
  warnings.warn(

2026-10-08 19:46:28.030 87 INFO cinder.volume.drivers.lightos [None req-09754b63-9f95-4448-864c-2c650dc8876c 504dcf78d2534d569503d1fdb0f8c9fe d6190090fca74770a929c06b5190b074 - - - -] Invoking create_volume using POST url: /api/v2/projects/default/volumes             request.body: {'name': 'vol_2b12eaf8-e97f-4ac7-b4e4-9f9051f64f80', 'size': '1 gib', 'replicaCount': '3', 'compression': 'False', 'acl': {'values': ['ALLOW_NONE']}, 'IPAcl': {'values': ['ALLOW_NONE']}, 'sourceSnapshotUUID': None, 'sourceSnapshotName': None} ssl_verify: False
2026-10-08 19:46:28.098 87 WARNING py.warnings [None req-09754b63-9f95-4448-864c-2c650dc8876c 504dcf78d2534d569503d1fdb0f8c9fe d6190090fca74770a929c06b5190b074 - - - -] /var/lib/kolla/venv/lib/python3.12/site-packages/urllib3/connectionpool.py:1110: InsecureRequestWarning: Unverified HTTPS request is being made to host '[LB_IP_ADDRESS]'. Adding certificate verification is strongly advised. See: https://urllib3.readthedocs.io/en/latest/advanced-usage.html#tls-warnings
  warnings.warn(

2026-10-08 19:46:28.128 87 INFO cinder.volume.drivers.lightos [None req-09754b63-9f95-4448-864c-2c650dc8876c 504dcf78d2534d569503d1fdb0f8c9fe d6190090fca74770a929c06b5190b074 - - - -] Invoking get_volume using GET url: /api/v2/projects/default/volumes/5448c8dd-bcce-4edc-9bfa-b4827ccfd3e0             request.body: {} ssl_verify: False
2026-10-08 19:46:28.170 87 WARNING py.warnings [None req-09754b63-9f95-4448-864c-2c650dc8876c 504dcf78d2534d569503d1fdb0f8c9fe d6190090fca74770a929c06b5190b074 - - - -] /var/lib/kolla/venv/lib/python3.12/site-packages/urllib3/connectionpool.py:1110: InsecureRequestWarning: Unverified HTTPS request is being made to host '[LB_IP_ADDRESS]'. Adding certificate verification is strongly advised. See: https://urllib3.readthedocs.io/en/latest/advanced-usage.html#tls-warnings
  warnings.warn(

2026-10-08 19:46:29.191 87 INFO cinder.volume.drivers.lightos [None req-09754b63-9f95-4448-864c-2c650dc8876c 504dcf78d2534d569503d1fdb0f8c9fe d6190090fca74770a929c06b5190b074 - - - -] Invoking get_volume using GET url: /api/v2/projects/default/volumes/5448c8dd-bcce-4edc-9bfa-b4827ccfd3e0             request.body: {} ssl_verify: False
2026-10-08 19:46:29.237 87 WARNING py.warnings [None req-09754b63-9f95-4448-864c-2c650dc8876c 504dcf78d2534d569503d1fdb0f8c9fe d6190090fca74770a929c06b5190b074 - - - -] /var/lib/kolla/venv/lib/python3.12/site-packages/urllib3/connectionpool.py:1110: InsecureRequestWarning: Unverified HTTPS request is being made to host '[LB_IP_ADDRESS]'. Adding certificate verification is strongly advised. See: https://urllib3.readthedocs.io/en/latest/advanced-usage.html#tls-warnings
  warnings.warn(

2026-10-08 19:46:29.265 87 INFO cinder.volume.flows.manager.create_volume [None req-09754b63-9f95-4448-864c-2c650dc8876c 504dcf78d2534d569503d1fdb0f8c9fe d6190090fca74770a929c06b5190b074 - - - -] Volume vol_2b12eaf8-e97f-4ac7-b4e4-9f9051f64f80 (2b12eaf8-e97f-4ac7-b4e4-9f9051f64f80): created successfully
2026-10-08 19:46:29.274 87 INFO cinder.volume.manager [None req-09754b63-9f95-4448-864c-2c650dc8876c 504dcf78d2534d569503d1fdb0f8c9fe d6190090fca74770a929c06b5190b074 - - - -] Created volume successfully.
2026-10-08 19:46:30.339 87 INFO cinder.volume.drivers.lightos [None req-965c0875-24dd-4f89-a5f9-543d737f43a5 504dcf78d2534d569503d1fdb0f8c9fe d6190090fca74770a929c06b5190b074 - - - -] Invoking get_snapshot_by_name using GET url: /api/v2/projects/default/snapshots/?Name=snapshot-9e3e6a87-2302-465c-b558-e3204955aa46             request.body: {} ssl_verify: False
2026-10-08 19:46:30.379 87 WARNING py.warnings [None req-965c0875-24dd-4f89-a5f9-543d737f43a5 504dcf78d2534d569503d1fdb0f8c9fe d6190090fca74770a929c06b5190b074 - - - -] /var/lib/kolla/venv/lib/python3.12/site-packages/urllib3/connectionpool.py:1110: InsecureRequestWarning: Unverified HTTPS request is being made to host '[LB_IP_ADDRESS]'. Adding certificate verification is strongly advised. See: https://urllib3.readthedocs.io/en/latest/advanced-usage.html#tls-warnings
  warnings.warn(

2026-10-08 19:46:30.398 87 INFO cinder.volume.drivers.lightos [None req-965c0875-24dd-4f89-a5f9-543d737f43a5 504dcf78d2534d569503d1fdb0f8c9fe d6190090fca74770a929c06b5190b074 - - - -] Invoking create_snapshot using POST url: /api/v2/projects/default/snapshots             request.body: {'name': 'snapshot-9e3e6a87-2302-465c-b558-e3204955aa46', 'sourceVolumeUUID': None, 'sourceVolumeName': 'vol_2b12eaf8-e97f-4ac7-b4e4-9f9051f64f80'} ssl_verify: False
2026-10-08 19:46:30.448 87 WARNING py.warnings [None req-965c0875-24dd-4f89-a5f9-543d737f43a5 504dcf78d2534d569503d1fdb0f8c9fe d6190090fca74770a929c06b5190b074 - - - -] /var/lib/kolla/venv/lib/python3.12/site-packages/urllib3/connectionpool.py:1110: InsecureRequestWarning: Unverified HTTPS request is being made to host '[LB_IP_ADDRESS]'. Adding certificate verification is strongly advised. See: https://urllib3.readthedocs.io/en/latest/advanced-usage.html#tls-warnings
  warnings.warn(

2026-10-08 19:46:30.492 87 INFO cinder.volume.drivers.lightos [None req-965c0875-24dd-4f89-a5f9-543d737f43a5 504dcf78d2534d569503d1fdb0f8c9fe d6190090fca74770a929c06b5190b074 - - - -] Invoking get_snapshot_by_name using GET url: /api/v2/projects/default/snapshots/?Name=snapshot-9e3e6a87-2302-465c-b558-e3204955aa46             request.body: {} ssl_verify: False
2026-10-08 19:46:30.561 87 WARNING py.warnings [None req-965c0875-24dd-4f89-a5f9-543d737f43a5 504dcf78d2534d569503d1fdb0f8c9fe d6190090fca74770a929c06b5190b074 - - - -] /var/lib/kolla/venv/lib/python3.12/site-packages/urllib3/connectionpool.py:1110: InsecureRequestWarning: Unverified HTTPS request is being made to host '[LB_IP_ADDRESS]'. Adding certificate verification is strongly advised. See: https://urllib3.readthedocs.io/en/latest/advanced-usage.html#tls-warnings
  warnings.warn(

2026-10-08 19:46:31.591 87 INFO cinder.volume.drivers.lightos [None req-965c0875-24dd-4f89-a5f9-543d737f43a5 504dcf78d2534d569503d1fdb0f8c9fe d6190090fca74770a929c06b5190b074 - - - -] Invoking get_snapshot_by_name using GET url: /api/v2/projects/default/snapshots/?Name=snapshot-9e3e6a87-2302-465c-b558-e3204955aa46             request.body: {} ssl_verify: False
2026-10-08 19:46:31.635 87 WARNING py.warnings [None req-965c0875-24dd-4f89-a5f9-543d737f43a5 504dcf78d2534d569503d1fdb0f8c9fe d6190090fca74770a929c06b5190b074 - - - -] /var/lib/kolla/venv/lib/python3.12/site-packages/urllib3/connectionpool.py:1110: InsecureRequestWarning: Unverified HTTPS request is being made to host '[LB_IP_ADDRESS]'. Adding certificate verification is strongly advised. See: https://urllib3.readthedocs.io/en/latest/advanced-usage.html#tls-warnings
  warnings.warn(

2026-10-08 19:46:31.675 87 INFO cinder.volume.manager [None req-965c0875-24dd-4f89-a5f9-543d737f43a5 504dcf78d2534d569503d1fdb0f8c9fe d6190090fca74770a929c06b5190b074 - - - -] Create snapshot completed successfully
2026-10-08 19:46:32.482 87 INFO cinder.volume.drivers.lightos [None req-d321cdda-34ff-4f3a-bb97-1f7e13d97d26 504dcf78d2534d569503d1fdb0f8c9fe d6190090fca74770a929c06b5190b074 - - default default] Invoking get_snapshot_by_name using GET url: /api/v2/projects/default/snapshots/?Name=snapshot-9e3e6a87-2302-465c-b558-e3204955aa46             request.body: {} ssl_verify: False
2026-10-08 19:46:32.521 87 WARNING py.warnings [None req-d321cdda-34ff-4f3a-bb97-1f7e13d97d26 504dcf78d2534d569503d1fdb0f8c9fe d6190090fca74770a929c06b5190b074 - - default default] /var/lib/kolla/venv/lib/python3.12/site-packages/urllib3/connectionpool.py:1110: InsecureRequestWarning: Unverified HTTPS request is being made to host '[LB_IP_ADDRESS]'. Adding certificate verification is strongly advised. See: https://urllib3.readthedocs.io/en/latest/advanced-usage.html#tls-warnings
  warnings.warn(

2026-10-08 19:46:32.535 87 INFO cinder.volume.drivers.lightos [None req-d321cdda-34ff-4f3a-bb97-1f7e13d97d26 504dcf78d2534d569503d1fdb0f8c9fe d6190090fca74770a929c06b5190b074 - - default default] Invoking delete_snapshot using DELETE url: /api/v2/projects/default/snapshots/88f61e6f-2a6d-44de-a52c-0941feb7c42f?             request.body:  ssl_verify: False
2026-10-08 19:46:32.579 87 WARNING py.warnings [None req-d321cdda-34ff-4f3a-bb97-1f7e13d97d26 504dcf78d2534d569503d1fdb0f8c9fe d6190090fca74770a929c06b5190b074 - - default default] /var/lib/kolla/venv/lib/python3.12/site-packages/urllib3/connectionpool.py:1110: InsecureRequestWarning: Unverified HTTPS request is being made to host '[LB_IP_ADDRESS]'. Adding certificate verification is strongly advised. See: https://urllib3.readthedocs.io/en/latest/advanced-usage.html#tls-warnings
  warnings.warn(

2026-10-08 19:46:32.603 87 INFO cinder.volume.drivers.lightos [None req-d321cdda-34ff-4f3a-bb97-1f7e13d97d26 504dcf78d2534d569503d1fdb0f8c9fe d6190090fca74770a929c06b5190b074 - - default default] Invoking get_snapshot using GET url: /api/v2/projects/default/snapshots/88f61e6f-2a6d-44de-a52c-0941feb7c42f             request.body: {} ssl_verify: False
2026-10-08 19:46:32.647 87 WARNING py.warnings [None req-d321cdda-34ff-4f3a-bb97-1f7e13d97d26 504dcf78d2534d569503d1fdb0f8c9fe d6190090fca74770a929c06b5190b074 - - default default] /var/lib/kolla/venv/lib/python3.12/site-packages/urllib3/connectionpool.py:1110: InsecureRequestWarning: Unverified HTTPS request is being made to host '[LB_IP_ADDRESS]'. Adding certificate verification is strongly advised. See: https://urllib3.readthedocs.io/en/latest/advanced-usage.html#tls-warnings
  warnings.warn(

2026-10-08 19:46:32.774 87 INFO cinder.volume.manager [None req-d321cdda-34ff-4f3a-bb97-1f7e13d97d26 504dcf78d2534d569503d1fdb0f8c9fe d6190090fca74770a929c06b5190b074 - - default default] Delete snapshot completed successfully.
2026-10-08 19:46:33.614 87 INFO cinder.volume.drivers.lightos [None req-cfa1d108-ae41-4bcf-88c8-545a0ac9a82e 504dcf78d2534d569503d1fdb0f8c9fe d6190090fca74770a929c06b5190b074 - - default default] Invoking delete_volume using DELETE url: /api/v2/projects/default/volumes/5448c8dd-bcce-4edc-9bfa-b4827ccfd3e0?             request.body:  ssl_verify: False
2026-10-08 19:46:33.650 87 WARNING py.warnings [None req-cfa1d108-ae41-4bcf-88c8-545a0ac9a82e 504dcf78d2534d569503d1fdb0f8c9fe d6190090fca74770a929c06b5190b074 - - default default] /var/lib/kolla/venv/lib/python3.12/site-packages/urllib3/connectionpool.py:1110: InsecureRequestWarning: Unverified HTTPS request is being made to host '[LB_IP_ADDRESS]'. Adding certificate verification is strongly advised. See: https://urllib3.readthedocs.io/en/latest/advanced-usage.html#tls-warnings
  warnings.warn(

2026-10-08 19:46:33.676 87 INFO cinder.volume.drivers.lightos [None req-cfa1d108-ae41-4bcf-88c8-545a0ac9a82e 504dcf78d2534d569503d1fdb0f8c9fe d6190090fca74770a929c06b5190b074 - - default default] Invoking get_volume using GET url: /api/v2/projects/default/volumes/5448c8dd-bcce-4edc-9bfa-b4827ccfd3e0             request.body: {} ssl_verify: False
2026-10-08 19:46:33.729 87 WARNING py.warnings [None req-cfa1d108-ae41-4bcf-88c8-545a0ac9a82e 504dcf78d2534d569503d1fdb0f8c9fe d6190090fca74770a929c06b5190b074 - - default default] /var/lib/kolla/venv/lib/python3.12/site-packages/urllib3/connectionpool.py:1110: InsecureRequestWarning: Unverified HTTPS request is being made to host '[LB_IP_ADDRESS]'. Adding certificate verification is strongly advised. See: https://urllib3.readthedocs.io/en/latest/advanced-usage.html#tls-warnings
  warnings.warn(

2026-10-08 19:46:33.892 87 INFO cinder.volume.manager [None req-cfa1d108-ae41-4bcf-88c8-545a0ac9a82e 504dcf78d2534d569503d1fdb0f8c9fe d6190090fca74770a929c06b5190b074 - - default default] Deleted volume successfully.
2026-10-08 19:46:34.746 87 INFO cinder.volume.drivers.lightos [None req-81aee523-cc5f-45c3-9f20-9baea3a50e51 504dcf78d2534d569503d1fdb0f8c9fe d6190090fca74770a929c06b5190b074 - - default default] Invoking delete_volume using DELETE url: /api/v2/projects/default/volumes/a63e4080-875f-4566-83de-312c2f5319de?             request.body:  ssl_verify: False
2026-10-08 19:46:34.783 87 WARNING py.warnings [None req-81aee523-cc5f-45c3-9f20-9baea3a50e51 504dcf78d2534d569503d1fdb0f8c9fe d6190090fca74770a929c06b5190b074 - - default default] /var/lib/kolla/venv/lib/python3.12/site-packages/urllib3/connectionpool.py:1110: InsecureRequestWarning: Unverified HTTPS request is being made to host '[LB_IP_ADDRESS]'. Adding certificate verification is strongly advised. See: https://urllib3.readthedocs.io/en/latest/advanced-usage.html#tls-warnings
  warnings.warn(

2026-10-08 19:46:34.813 87 INFO cinder.volume.drivers.lightos [None req-81aee523-cc5f-45c3-9f20-9baea3a50e51 504dcf78d2534d569503d1fdb0f8c9fe d6190090fca74770a929c06b5190b074 - - default default] Invoking get_volume using GET url: /api/v2/projects/default/volumes/a63e4080-875f-4566-83de-312c2f5319de             request.body: {} ssl_verify: False
2026-10-08 19:46:34.857 87 WARNING py.warnings [None req-81aee523-cc5f-45c3-9f20-9baea3a50e51 504dcf78d2534d569503d1fdb0f8c9fe d6190090fca74770a929c06b5190b074 - - default default] /var/lib/kolla/venv/lib/python3.12/site-packages/urllib3/connectionpool.py:1110: InsecureRequestWarning: Unverified HTTPS request is being made to host '[LB_IP_ADDRESS]'. Adding certificate verification is strongly advised. See: https://urllib3.readthedocs.io/en/latest/advanced-usage.html#tls-warnings
  warnings.warn(

2026-10-08 19:46:35.018 87 INFO cinder.volume.manager [None req-81aee523-cc5f-45c3-9f20-9baea3a50e51 504dcf78d2534d569503d1fdb0f8c9fe d6190090fca74770a929c06b5190b074 - - default default] Deleted volume successfully.
