Build Started 29_09_2026_16_20_04
2026-09-29 16:20:13.425 7 INFO oslo_service.backend._eventlet.service [None req-d88ca2af-5098-4cde-88ff-f3a61fcda498 - - - - - -] Caught SIGTERM, stopping children
2026-09-29 16:20:13.428 7 INFO oslo_service.backend._eventlet.service [None req-d88ca2af-5098-4cde-88ff-f3a61fcda498 - - - - - -] Waiting on 1 children to exit
2026-09-29 16:20:18.017 7 INFO oslo_service.backend._eventlet.service [None req-d88ca2af-5098-4cde-88ff-f3a61fcda498 - - - - - -] Child 77 exited with status 0
2026-09-29 16:20:45.176 7 INFO cinder.rpc [None req-41743df8-05fb-449c-8d20-e067cdff7503 - - - - - -] Automatically selected cinder-scheduler objects version 1.39 as minimum service version.
2026-09-29 16:20:45.179 7 INFO cinder.rpc [None req-41743df8-05fb-449c-8d20-e067cdff7503 - - - - - -] Automatically selected cinder-scheduler RPC version 3.12 as minimum service version.
2026-09-29 16:20:45.211 7 INFO cinder.volume.manager [None req-41743df8-05fb-449c-8d20-e067cdff7503 - - - - - -] Determined volume DB was empty at startup.
2026-09-29 16:20:45.221 7 INFO cinder.volume.manager [None req-41743df8-05fb-449c-8d20-e067cdff7503 - - - - - -] Image-volume cache disabled for host rack11-server81@LIGHTOSvemhmp.
2026-09-29 16:20:45.239 7 INFO oslo_service.backend._eventlet.service [None req-41743df8-05fb-449c-8d20-e067cdff7503 - - - - - -] Starting 1 workers
2026-09-29 16:20:45.251 77 INFO cinder.service [-] Starting cinder-volume node (version 29.1.0)
2026-09-29 16:20:45.253 7 WARNING oslo_config.cfg [None req-41743df8-05fb-449c-8d20-e067cdff7503 - - - - - -] Deprecated: Option "heartbeat_in_pthread" from group "oslo_messaging_rabbit" is deprecated for removal (The option is related to Eventlet which will be removed. In addition this has never worked as expected with services using eventlet for core service framework.).  Its value may be silently ignored in the future.
2026-09-29 16:20:45.269 77 INFO cinder.volume.manager [None req-06fbb7b2-805d-46af-9b7b-bc8754d8efd3 - - - - - -] Starting volume driver LightOSVolumeDriver (2.3.12)
2026-09-29 16:20:45.269 77 INFO cinder.volume.drivers.lightos [None req-06fbb7b2-805d-46af-9b7b-bc8754d8efd3 - - - - - -] Invoking get_cluster_info using GET url: /api/v2/clusterinfo             request.body: {} ssl_verify: False
2026-09-29 16:20:45.315 77 WARNING py.warnings [None req-06fbb7b2-805d-46af-9b7b-bc8754d8efd3 - - - - - -] /var/lib/kolla/venv/lib/python3.12/site-packages/urllib3/connectionpool.py:1110: InsecureRequestWarning: Unverified HTTPS request is being made to host '[LB_IP_ADDRESS]'. Adding certificate verification is strongly advised. See: https://urllib3.readthedocs.io/en/latest/advanced-usage.html#tls-warnings
  warnings.warn(

2026-09-29 16:20:45.389 77 INFO cinder.volume.drivers.lightos [None req-06fbb7b2-805d-46af-9b7b-bc8754d8efd3 - - - - - -] Connected to LightOS cluster 01a075ac-5f50-7ded-b878-53b360bb9ca3 subsysnqn nqn.2016-01.com.lightbitslabs:uuid:023e92f0-1271-4fe0-9397-657649be716c:suffix
2026-09-29 16:20:45.391 77 INFO cinder.volume.drivers.lightos [None req-06fbb7b2-805d-46af-9b7b-bc8754d8efd3 - - - - - -] Invoking get_nodes using GET url: /api/v2/nodes             request.body: {} ssl_verify: False
2026-09-29 16:20:45.432 77 WARNING py.warnings [None req-06fbb7b2-805d-46af-9b7b-bc8754d8efd3 - - - - - -] /var/lib/kolla/venv/lib/python3.12/site-packages/urllib3/connectionpool.py:1110: InsecureRequestWarning: Unverified HTTPS request is being made to host '[LB_IP_ADDRESS]'. Adding certificate verification is strongly advised. See: https://urllib3.readthedocs.io/en/latest/advanced-usage.html#tls-warnings
  warnings.warn(

2026-09-29 16:20:45.464 77 INFO os_brick.initiator.connectors.lightos [None req-06fbb7b2-805d-46af-9b7b-bc8754d8efd3 - - - - - -] Current host hostNQN nqn.2014-08.org.nvmexpress:uuid:1136ecdd-b326-5080-93cd-b4d75d7810d9 and IP(s) are ['[LB_IP_ADDRESS]', 'fe80::3e47:9a62:83ae:42f6', '[LB_IP_ADDRESS]', 'fe80::1527:3e78:1ef1:1fe7', '[LB_IP_ADDRESS]', 'fd00::a:13:1a:6', 'fe80::5fef:b54a:d77d:fcd4'] 
2026-09-29 16:20:45.518 77 WARNING oslo_config.cfg [None req-06fbb7b2-805d-46af-9b7b-bc8754d8efd3 - - - - - -] Deprecated: Option "heartbeat_in_pthread" from group "oslo_messaging_rabbit" is deprecated for removal (The option is related to Eventlet which will be removed. In addition this has never worked as expected with services using eventlet for core service framework.).  Its value may be silently ignored in the future.
2026-09-29 16:20:45.525 77 INFO cinder.keymgr.migration [None req-699a5d84-b46d-4244-9945-9f829889bfb6 - - - - - -] Not migrating encryption keys because the ConfKeyManager's fixed_key is not in use.
2026-09-29 16:20:45.548 77 INFO cinder.volume.manager [None req-06fbb7b2-805d-46af-9b7b-bc8754d8efd3 - - - - - -] Driver initialization completed successfully.
2026-09-29 16:20:45.549 77 INFO cinder.manager [None req-06fbb7b2-805d-46af-9b7b-bc8754d8efd3 - - - - - -] Initiating service 2 cleanup
2026-09-29 16:20:45.559 77 INFO cinder.manager [None req-06fbb7b2-805d-46af-9b7b-bc8754d8efd3 - - - - - -] Service 2 cleanup completed.
2026-09-29 16:20:45.579 77 INFO oslo.messaging._drivers.impl_rabbit [None req-06fbb7b2-805d-46af-9b7b-bc8754d8efd3 - - - - - -] [6cc40d81-1551-48aa-87d4-aa4eeded3ecb] Stream Queue.declare: cinder-volume_fanout after offset last
2026-09-29 16:20:45.598 77 INFO oslo.messaging._drivers.impl_rabbit [None req-06fbb7b2-805d-46af-9b7b-bc8754d8efd3 - - - - - -] [8777941b-9324-4248-b3a1-ab33962444fe] Stream Queue.declare: cinder-volume.rack11-server81@LIGHTOSvemhmp_fanout after offset last
2026-09-29 16:20:45.601 77 INFO cinder.volume.manager [None req-06fbb7b2-805d-46af-9b7b-bc8754d8efd3 - - - - - -] Initializing RPC dependent components of volume driver LightOSVolumeDriver (2.3.12)
2026-09-29 16:20:45.606 77 INFO cinder.volume.manager [None req-06fbb7b2-805d-46af-9b7b-bc8754d8efd3 - - - - - -] Driver post RPC initialization completed successfully.
2026-09-29 16:21:59.860 77 INFO cinder.volume.flows.manager.create_volume [None req-acc6a6b9-e1c2-423d-92a4-07e6926489a5 7f8d8def151a4d27b90c52fc12285ed9 5ee408cd3a8b4ce5a9a15917493989cc - - - -] Volume e3d5c9f4-ed72-49db-91b7-1e1fbb2edc0f: being created as raw with specification: {'status': 'creating', 'volume_name': 'vol_e3d5c9f4-ed72-49db-91b7-1e1fbb2edc0f', 'volume_size': 1}
2026-09-29 16:21:59.861 77 INFO cinder.volume.drivers.lightos [None req-acc6a6b9-e1c2-423d-92a4-07e6926489a5 7f8d8def151a4d27b90c52fc12285ed9 5ee408cd3a8b4ce5a9a15917493989cc - - - -] Invoking get_volume_by_name using GET url: /api/v2/projects/default/volumes/?name=vol_e3d5c9f4-ed72-49db-91b7-1e1fbb2edc0f             request.body: {} ssl_verify: False
2026-09-29 16:21:59.897 77 WARNING py.warnings [None req-acc6a6b9-e1c2-423d-92a4-07e6926489a5 7f8d8def151a4d27b90c52fc12285ed9 5ee408cd3a8b4ce5a9a15917493989cc - - - -] /var/lib/kolla/venv/lib/python3.12/site-packages/urllib3/connectionpool.py:1110: InsecureRequestWarning: Unverified HTTPS request is being made to host '[LB_IP_ADDRESS]'. Adding certificate verification is strongly advised. See: https://urllib3.readthedocs.io/en/latest/advanced-usage.html#tls-warnings
  warnings.warn(

2026-09-29 16:21:59.927 77 INFO cinder.volume.flows.manager.create_volume [req-d7aa7d2b-a785-49ca-9404-2276536bad08 req-3a7a45d9-add2-44ab-9e57-a710edaf848b 756a703bcaa244019b50302860eb0556 ad1e006a19ef4a73900ffe02f4b0077d - - - -] Volume 0f2e2aba-fb32-4547-8348-2efb24600e9b: being created as raw with specification: {'status': 'creating', 'volume_name': 'vol_0f2e2aba-fb32-4547-8348-2efb24600e9b', 'volume_size': 1}
2026-09-29 16:21:59.927 77 INFO cinder.volume.drivers.lightos [req-d7aa7d2b-a785-49ca-9404-2276536bad08 req-3a7a45d9-add2-44ab-9e57-a710edaf848b 756a703bcaa244019b50302860eb0556 ad1e006a19ef4a73900ffe02f4b0077d - - - -] Invoking get_volume_by_name using GET url: /api/v2/projects/default/volumes/?name=vol_0f2e2aba-fb32-4547-8348-2efb24600e9b             request.body: {} ssl_verify: False
2026-09-29 16:21:59.930 77 INFO cinder.volume.drivers.lightos [None req-acc6a6b9-e1c2-423d-92a4-07e6926489a5 7f8d8def151a4d27b90c52fc12285ed9 5ee408cd3a8b4ce5a9a15917493989cc - - - -] Invoking create_volume using POST url: /api/v2/projects/default/volumes             request.body: {'name': 'vol_e3d5c9f4-ed72-49db-91b7-1e1fbb2edc0f', 'size': '1 gib', 'replicaCount': '3', 'compression': 'False', 'acl': {'values': ['ALLOW_NONE']}, 'IPAcl': {'values': ['ALLOW_NONE']}, 'sourceSnapshotUUID': None, 'sourceSnapshotName': None} ssl_verify: False
2026-09-29 16:21:59.984 77 WARNING py.warnings [req-d7aa7d2b-a785-49ca-9404-2276536bad08 req-3a7a45d9-add2-44ab-9e57-a710edaf848b 756a703bcaa244019b50302860eb0556 ad1e006a19ef4a73900ffe02f4b0077d - - - -] /var/lib/kolla/venv/lib/python3.12/site-packages/urllib3/connectionpool.py:1110: InsecureRequestWarning: Unverified HTTPS request is being made to host '[LB_IP_ADDRESS]'. Adding certificate verification is strongly advised. See: https://urllib3.readthedocs.io/en/latest/advanced-usage.html#tls-warnings
  warnings.warn(

2026-09-29 16:21:59.990 77 WARNING py.warnings [None req-acc6a6b9-e1c2-423d-92a4-07e6926489a5 7f8d8def151a4d27b90c52fc12285ed9 5ee408cd3a8b4ce5a9a15917493989cc - - - -] /var/lib/kolla/venv/lib/python3.12/site-packages/urllib3/connectionpool.py:1110: InsecureRequestWarning: Unverified HTTPS request is being made to host '[LB_IP_ADDRESS]'. Adding certificate verification is strongly advised. See: https://urllib3.readthedocs.io/en/latest/advanced-usage.html#tls-warnings
  warnings.warn(

2026-09-29 16:22:00.003 77 INFO cinder.volume.drivers.lightos [req-d7aa7d2b-a785-49ca-9404-2276536bad08 req-3a7a45d9-add2-44ab-9e57-a710edaf848b 756a703bcaa244019b50302860eb0556 ad1e006a19ef4a73900ffe02f4b0077d - - - -] Invoking create_volume using POST url: /api/v2/projects/default/volumes             request.body: {'name': 'vol_0f2e2aba-fb32-4547-8348-2efb24600e9b', 'size': '1 gib', 'replicaCount': '3', 'compression': 'False', 'acl': {'values': ['ALLOW_NONE']}, 'IPAcl': {'values': ['ALLOW_NONE']}, 'sourceSnapshotUUID': None, 'sourceSnapshotName': None} ssl_verify: False
2026-09-29 16:22:00.048 77 WARNING py.warnings [req-d7aa7d2b-a785-49ca-9404-2276536bad08 req-3a7a45d9-add2-44ab-9e57-a710edaf848b 756a703bcaa244019b50302860eb0556 ad1e006a19ef4a73900ffe02f4b0077d - - - -] /var/lib/kolla/venv/lib/python3.12/site-packages/urllib3/connectionpool.py:1110: InsecureRequestWarning: Unverified HTTPS request is being made to host '[LB_IP_ADDRESS]'. Adding certificate verification is strongly advised. See: https://urllib3.readthedocs.io/en/latest/advanced-usage.html#tls-warnings
  warnings.warn(

2026-09-29 16:22:00.051 77 INFO cinder.volume.drivers.lightos [None req-acc6a6b9-e1c2-423d-92a4-07e6926489a5 7f8d8def151a4d27b90c52fc12285ed9 5ee408cd3a8b4ce5a9a15917493989cc - - - -] Invoking get_volume using GET url: /api/v2/projects/default/volumes/3b6b9842-2cc9-4b15-8563-f91a5b193836             request.body: {} ssl_verify: False
2026-09-29 16:22:00.092 77 WARNING py.warnings [None req-acc6a6b9-e1c2-423d-92a4-07e6926489a5 7f8d8def151a4d27b90c52fc12285ed9 5ee408cd3a8b4ce5a9a15917493989cc - - - -] /var/lib/kolla/venv/lib/python3.12/site-packages/urllib3/connectionpool.py:1110: InsecureRequestWarning: Unverified HTTPS request is being made to host '[LB_IP_ADDRESS]'. Adding certificate verification is strongly advised. See: https://urllib3.readthedocs.io/en/latest/advanced-usage.html#tls-warnings
  warnings.warn(

2026-09-29 16:22:00.103 77 INFO cinder.volume.drivers.lightos [req-d7aa7d2b-a785-49ca-9404-2276536bad08 req-3a7a45d9-add2-44ab-9e57-a710edaf848b 756a703bcaa244019b50302860eb0556 ad1e006a19ef4a73900ffe02f4b0077d - - - -] Invoking get_volume using GET url: /api/v2/projects/default/volumes/314e4a66-4356-451e-9b39-1b4c3983a704             request.body: {} ssl_verify: False
2026-09-29 16:22:00.148 77 WARNING py.warnings [req-d7aa7d2b-a785-49ca-9404-2276536bad08 req-3a7a45d9-add2-44ab-9e57-a710edaf848b 756a703bcaa244019b50302860eb0556 ad1e006a19ef4a73900ffe02f4b0077d - - - -] /var/lib/kolla/venv/lib/python3.12/site-packages/urllib3/connectionpool.py:1110: InsecureRequestWarning: Unverified HTTPS request is being made to host '[LB_IP_ADDRESS]'. Adding certificate verification is strongly advised. See: https://urllib3.readthedocs.io/en/latest/advanced-usage.html#tls-warnings
  warnings.warn(

2026-09-29 16:22:01.142 77 INFO cinder.volume.drivers.lightos [None req-acc6a6b9-e1c2-423d-92a4-07e6926489a5 7f8d8def151a4d27b90c52fc12285ed9 5ee408cd3a8b4ce5a9a15917493989cc - - - -] Invoking get_volume using GET url: /api/v2/projects/default/volumes/3b6b9842-2cc9-4b15-8563-f91a5b193836             request.body: {} ssl_verify: False
2026-09-29 16:22:01.180 77 INFO cinder.volume.drivers.lightos [req-d7aa7d2b-a785-49ca-9404-2276536bad08 req-3a7a45d9-add2-44ab-9e57-a710edaf848b 756a703bcaa244019b50302860eb0556 ad1e006a19ef4a73900ffe02f4b0077d - - - -] Invoking get_volume using GET url: /api/v2/projects/default/volumes/314e4a66-4356-451e-9b39-1b4c3983a704             request.body: {} ssl_verify: False
2026-09-29 16:22:01.209 77 WARNING py.warnings [None req-acc6a6b9-e1c2-423d-92a4-07e6926489a5 7f8d8def151a4d27b90c52fc12285ed9 5ee408cd3a8b4ce5a9a15917493989cc - - - -] /var/lib/kolla/venv/lib/python3.12/site-packages/urllib3/connectionpool.py:1110: InsecureRequestWarning: Unverified HTTPS request is being made to host '[LB_IP_ADDRESS]'. Adding certificate verification is strongly advised. See: https://urllib3.readthedocs.io/en/latest/advanced-usage.html#tls-warnings
  warnings.warn(

2026-09-29 16:22:01.217 77 WARNING py.warnings [req-d7aa7d2b-a785-49ca-9404-2276536bad08 req-3a7a45d9-add2-44ab-9e57-a710edaf848b 756a703bcaa244019b50302860eb0556 ad1e006a19ef4a73900ffe02f4b0077d - - - -] /var/lib/kolla/venv/lib/python3.12/site-packages/urllib3/connectionpool.py:1110: InsecureRequestWarning: Unverified HTTPS request is being made to host '[LB_IP_ADDRESS]'. Adding certificate verification is strongly advised. See: https://urllib3.readthedocs.io/en/latest/advanced-usage.html#tls-warnings
  warnings.warn(

2026-09-29 16:22:01.252 77 INFO cinder.volume.flows.manager.create_volume [None req-acc6a6b9-e1c2-423d-92a4-07e6926489a5 7f8d8def151a4d27b90c52fc12285ed9 5ee408cd3a8b4ce5a9a15917493989cc - - - -] Volume vol_e3d5c9f4-ed72-49db-91b7-1e1fbb2edc0f (e3d5c9f4-ed72-49db-91b7-1e1fbb2edc0f): created successfully
2026-09-29 16:22:01.258 77 INFO cinder.volume.flows.manager.create_volume [req-d7aa7d2b-a785-49ca-9404-2276536bad08 req-3a7a45d9-add2-44ab-9e57-a710edaf848b 756a703bcaa244019b50302860eb0556 ad1e006a19ef4a73900ffe02f4b0077d - - - -] Volume vol_0f2e2aba-fb32-4547-8348-2efb24600e9b (0f2e2aba-fb32-4547-8348-2efb24600e9b): created successfully
2026-09-29 16:22:01.263 77 INFO cinder.volume.manager [None req-acc6a6b9-e1c2-423d-92a4-07e6926489a5 7f8d8def151a4d27b90c52fc12285ed9 5ee408cd3a8b4ce5a9a15917493989cc - - - -] Created volume successfully.
2026-09-29 16:22:01.267 77 INFO cinder.volume.manager [req-d7aa7d2b-a785-49ca-9404-2276536bad08 req-3a7a45d9-add2-44ab-9e57-a710edaf848b 756a703bcaa244019b50302860eb0556 ad1e006a19ef4a73900ffe02f4b0077d - - - -] Created volume successfully.
2026-09-29 16:22:01.366 77 INFO cinder.volume.manager [None req-863df4c5-3cc4-4b8a-bc39-ccdd025a7e21 4bd63987df5b467492fa28f54254903c 4bd3c001da9e46e6a296dcc6de8e823a - - - -] Group tempest-GroupSnapshotsTest-Group-1430063399: creating
2026-09-29 16:22:01.387 77 INFO cinder.volume.manager [None req-863df4c5-3cc4-4b8a-bc39-ccdd025a7e21 4bd63987df5b467492fa28f54254903c 4bd3c001da9e46e6a296dcc6de8e823a - - - -] Group tempest-GroupSnapshotsTest-Group-1430063399: created successfully
2026-09-29 16:22:01.393 77 INFO cinder.volume.manager [None req-863df4c5-3cc4-4b8a-bc39-ccdd025a7e21 4bd63987df5b467492fa28f54254903c 4bd3c001da9e46e6a296dcc6de8e823a - - - -] Create group completed successfully.
2026-09-29 16:22:01.569 77 INFO cinder.volume.drivers.lightos [req-f53ea206-b48c-4609-a655-1208dcbe0ffe req-e3ab17c4-3763-4930-b376-42618a692196 756a703bcaa244019b50302860eb0556 ad1e006a19ef4a73900ffe02f4b0077d - - - -] Invoking get_snapshot_by_name using GET url: /api/v2/projects/default/snapshots/?Name=snapshot-59297327-129e-4e46-afbd-5946602ea5cb             request.body: {} ssl_verify: False
2026-09-29 16:22:01.605 77 WARNING py.warnings [req-f53ea206-b48c-4609-a655-1208dcbe0ffe req-e3ab17c4-3763-4930-b376-42618a692196 756a703bcaa244019b50302860eb0556 ad1e006a19ef4a73900ffe02f4b0077d - - - -] /var/lib/kolla/venv/lib/python3.12/site-packages/urllib3/connectionpool.py:1110: InsecureRequestWarning: Unverified HTTPS request is being made to host '[LB_IP_ADDRESS]'. Adding certificate verification is strongly advised. See: https://urllib3.readthedocs.io/en/latest/advanced-usage.html#tls-warnings
  warnings.warn(

2026-09-29 16:22:01.619 77 INFO cinder.volume.drivers.lightos [req-f53ea206-b48c-4609-a655-1208dcbe0ffe req-e3ab17c4-3763-4930-b376-42618a692196 756a703bcaa244019b50302860eb0556 ad1e006a19ef4a73900ffe02f4b0077d - - - -] Invoking create_snapshot using POST url: /api/v2/projects/default/snapshots             request.body: {'name': 'snapshot-59297327-129e-4e46-afbd-5946602ea5cb', 'sourceVolumeUUID': None, 'sourceVolumeName': 'vol_0f2e2aba-fb32-4547-8348-2efb24600e9b'} ssl_verify: False
2026-09-29 16:22:01.663 77 WARNING py.warnings [req-f53ea206-b48c-4609-a655-1208dcbe0ffe req-e3ab17c4-3763-4930-b376-42618a692196 756a703bcaa244019b50302860eb0556 ad1e006a19ef4a73900ffe02f4b0077d - - - -] /var/lib/kolla/venv/lib/python3.12/site-packages/urllib3/connectionpool.py:1110: InsecureRequestWarning: Unverified HTTPS request is being made to host '[LB_IP_ADDRESS]'. Adding certificate verification is strongly advised. See: https://urllib3.readthedocs.io/en/latest/advanced-usage.html#tls-warnings
  warnings.warn(

2026-09-29 16:22:01.719 77 INFO cinder.volume.drivers.lightos [req-f53ea206-b48c-4609-a655-1208dcbe0ffe req-e3ab17c4-3763-4930-b376-42618a692196 756a703bcaa244019b50302860eb0556 ad1e006a19ef4a73900ffe02f4b0077d - - - -] Invoking get_snapshot_by_name using GET url: /api/v2/projects/default/snapshots/?Name=snapshot-59297327-129e-4e46-afbd-5946602ea5cb             request.body: {} ssl_verify: False
2026-09-29 16:22:01.764 77 WARNING py.warnings [req-f53ea206-b48c-4609-a655-1208dcbe0ffe req-e3ab17c4-3763-4930-b376-42618a692196 756a703bcaa244019b50302860eb0556 ad1e006a19ef4a73900ffe02f4b0077d - - - -] /var/lib/kolla/venv/lib/python3.12/site-packages/urllib3/connectionpool.py:1110: InsecureRequestWarning: Unverified HTTPS request is being made to host '[LB_IP_ADDRESS]'. Adding certificate verification is strongly advised. See: https://urllib3.readthedocs.io/en/latest/advanced-usage.html#tls-warnings
  warnings.warn(

2026-09-29 16:22:02.415 77 INFO cinder.volume.flows.manager.create_volume [None req-815b4655-0f69-4978-b818-b29e28a6c46e 7f8d8def151a4d27b90c52fc12285ed9 5ee408cd3a8b4ce5a9a15917493989cc - - - -] Volume 5990f11e-afd5-4df0-a7e3-f775eb2c58e1: being created as raw with specification: {'status': 'creating', 'volume_name': 'vol_5990f11e-afd5-4df0-a7e3-f775eb2c58e1', 'volume_size': 1}
2026-09-29 16:22:02.415 77 INFO cinder.volume.drivers.lightos [None req-815b4655-0f69-4978-b818-b29e28a6c46e 7f8d8def151a4d27b90c52fc12285ed9 5ee408cd3a8b4ce5a9a15917493989cc - - - -] Invoking get_volume_by_name using GET url: /api/v2/projects/default/volumes/?name=vol_5990f11e-afd5-4df0-a7e3-f775eb2c58e1             request.body: {} ssl_verify: False
2026-09-29 16:22:02.450 77 WARNING py.warnings [None req-815b4655-0f69-4978-b818-b29e28a6c46e 7f8d8def151a4d27b90c52fc12285ed9 5ee408cd3a8b4ce5a9a15917493989cc - - - -] /var/lib/kolla/venv/lib/python3.12/site-packages/urllib3/connectionpool.py:1110: InsecureRequestWarning: Unverified HTTPS request is being made to host '[LB_IP_ADDRESS]'. Adding certificate verification is strongly advised. See: https://urllib3.readthedocs.io/en/latest/advanced-usage.html#tls-warnings
  warnings.warn(

2026-09-29 16:22:02.461 77 INFO cinder.volume.drivers.lightos [None req-815b4655-0f69-4978-b818-b29e28a6c46e 7f8d8def151a4d27b90c52fc12285ed9 5ee408cd3a8b4ce5a9a15917493989cc - - - -] Invoking create_volume using POST url: /api/v2/projects/default/volumes             request.body: {'name': 'vol_5990f11e-afd5-4df0-a7e3-f775eb2c58e1', 'size': '1 gib', 'replicaCount': '3', 'compression': 'False', 'acl': {'values': ['ALLOW_NONE']}, 'IPAcl': {'values': ['ALLOW_NONE']}, 'sourceSnapshotUUID': None, 'sourceSnapshotName': None} ssl_verify: False
2026-09-29 16:22:02.505 77 WARNING py.warnings [None req-815b4655-0f69-4978-b818-b29e28a6c46e 7f8d8def151a4d27b90c52fc12285ed9 5ee408cd3a8b4ce5a9a15917493989cc - - - -] /var/lib/kolla/venv/lib/python3.12/site-packages/urllib3/connectionpool.py:1110: InsecureRequestWarning: Unverified HTTPS request is being made to host '[LB_IP_ADDRESS]'. Adding certificate verification is strongly advised. See: https://urllib3.readthedocs.io/en/latest/advanced-usage.html#tls-warnings
  warnings.warn(

2026-09-29 16:22:02.525 77 INFO cinder.volume.drivers.lightos [None req-815b4655-0f69-4978-b818-b29e28a6c46e 7f8d8def151a4d27b90c52fc12285ed9 5ee408cd3a8b4ce5a9a15917493989cc - - - -] Invoking get_volume using GET url: /api/v2/projects/default/volumes/f051e4b1-f957-4087-9bce-f693fc54e486             request.body: {} ssl_verify: False
2026-09-29 16:22:02.568 77 WARNING py.warnings [None req-815b4655-0f69-4978-b818-b29e28a6c46e 7f8d8def151a4d27b90c52fc12285ed9 5ee408cd3a8b4ce5a9a15917493989cc - - - -] /var/lib/kolla/venv/lib/python3.12/site-packages/urllib3/connectionpool.py:1110: InsecureRequestWarning: Unverified HTTPS request is being made to host '[LB_IP_ADDRESS]'. Adding certificate verification is strongly advised. See: https://urllib3.readthedocs.io/en/latest/advanced-usage.html#tls-warnings
  warnings.warn(

2026-09-29 16:22:02.615 77 INFO cinder.volume.flows.manager.create_volume [None req-815b4655-0f69-4978-b818-b29e28a6c46e 7f8d8def151a4d27b90c52fc12285ed9 5ee408cd3a8b4ce5a9a15917493989cc - - - -] Volume vol_5990f11e-afd5-4df0-a7e3-f775eb2c58e1 (5990f11e-afd5-4df0-a7e3-f775eb2c58e1): created successfully
2026-09-29 16:22:02.622 77 INFO cinder.volume.manager [None req-815b4655-0f69-4978-b818-b29e28a6c46e 7f8d8def151a4d27b90c52fc12285ed9 5ee408cd3a8b4ce5a9a15917493989cc - - - -] Created volume successfully.
2026-09-29 16:22:02.785 77 INFO cinder.volume.drivers.lightos [req-f53ea206-b48c-4609-a655-1208dcbe0ffe req-e3ab17c4-3763-4930-b376-42618a692196 756a703bcaa244019b50302860eb0556 ad1e006a19ef4a73900ffe02f4b0077d - - - -] Invoking get_snapshot_by_name using GET url: /api/v2/projects/default/snapshots/?Name=snapshot-59297327-129e-4e46-afbd-5946602ea5cb             request.body: {} ssl_verify: False
2026-09-29 16:22:02.831 77 WARNING py.warnings [req-f53ea206-b48c-4609-a655-1208dcbe0ffe req-e3ab17c4-3763-4930-b376-42618a692196 756a703bcaa244019b50302860eb0556 ad1e006a19ef4a73900ffe02f4b0077d - - - -] /var/lib/kolla/venv/lib/python3.12/site-packages/urllib3/connectionpool.py:1110: InsecureRequestWarning: Unverified HTTPS request is being made to host '[LB_IP_ADDRESS]'. Adding certificate verification is strongly advised. See: https://urllib3.readthedocs.io/en/latest/advanced-usage.html#tls-warnings
  warnings.warn(

2026-09-29 16:22:02.870 77 INFO cinder.volume.flows.manager.create_volume [None req-7eca8273-4b1d-4cd6-9ee7-f7e1188d5a49 4bd63987df5b467492fa28f54254903c 4bd3c001da9e46e6a296dcc6de8e823a - - - -] Volume abce614d-2dd4-4332-9daf-3dde478997f5: being created as raw with specification: {'status': 'creating', 'volume_name': 'vol_abce614d-2dd4-4332-9daf-3dde478997f5', 'volume_size': 1}
2026-09-29 16:22:02.870 77 INFO cinder.volume.drivers.lightos [None req-7eca8273-4b1d-4cd6-9ee7-f7e1188d5a49 4bd63987df5b467492fa28f54254903c 4bd3c001da9e46e6a296dcc6de8e823a - - - -] Invoking get_volume_by_name using GET url: /api/v2/projects/default/volumes/?name=vol_abce614d-2dd4-4332-9daf-3dde478997f5             request.body: {} ssl_verify: False
2026-09-29 16:22:02.902 77 INFO cinder.volume.manager [req-f53ea206-b48c-4609-a655-1208dcbe0ffe req-e3ab17c4-3763-4930-b376-42618a692196 756a703bcaa244019b50302860eb0556 ad1e006a19ef4a73900ffe02f4b0077d - - - -] Create snapshot completed successfully
2026-09-29 16:22:02.906 77 WARNING py.warnings [None req-7eca8273-4b1d-4cd6-9ee7-f7e1188d5a49 4bd63987df5b467492fa28f54254903c 4bd3c001da9e46e6a296dcc6de8e823a - - - -] /var/lib/kolla/venv/lib/python3.12/site-packages/urllib3/connectionpool.py:1110: InsecureRequestWarning: Unverified HTTPS request is being made to host '[LB_IP_ADDRESS]'. Adding certificate verification is strongly advised. See: https://urllib3.readthedocs.io/en/latest/advanced-usage.html#tls-warnings
  warnings.warn(

2026-09-29 16:22:02.916 77 INFO cinder.volume.drivers.lightos [None req-7eca8273-4b1d-4cd6-9ee7-f7e1188d5a49 4bd63987df5b467492fa28f54254903c 4bd3c001da9e46e6a296dcc6de8e823a - - - -] Invoking create_volume using POST url: /api/v2/projects/default/volumes             request.body: {'name': 'vol_abce614d-2dd4-4332-9daf-3dde478997f5', 'size': '1 gib', 'replicaCount': '3', 'compression': 'False', 'acl': {'values': ['ALLOW_NONE']}, 'IPAcl': {'values': ['ALLOW_NONE']}, 'sourceSnapshotUUID': None, 'sourceSnapshotName': None} ssl_verify: False
2026-09-29 16:22:02.953 77 WARNING py.warnings [None req-7eca8273-4b1d-4cd6-9ee7-f7e1188d5a49 4bd63987df5b467492fa28f54254903c 4bd3c001da9e46e6a296dcc6de8e823a - - - -] /var/lib/kolla/venv/lib/python3.12/site-packages/urllib3/connectionpool.py:1110: InsecureRequestWarning: Unverified HTTPS request is being made to host '[LB_IP_ADDRESS]'. Adding certificate verification is strongly advised. See: https://urllib3.readthedocs.io/en/latest/advanced-usage.html#tls-warnings
  warnings.warn(

2026-09-29 16:22:02.983 77 INFO cinder.volume.drivers.lightos [None req-7eca8273-4b1d-4cd6-9ee7-f7e1188d5a49 4bd63987df5b467492fa28f54254903c 4bd3c001da9e46e6a296dcc6de8e823a - - - -] Invoking get_volume using GET url: /api/v2/projects/default/volumes/588b12fb-de7a-452e-88c2-75507b7f0c54             request.body: {} ssl_verify: False
2026-09-29 16:22:03.035 77 WARNING py.warnings [None req-7eca8273-4b1d-4cd6-9ee7-f7e1188d5a49 4bd63987df5b467492fa28f54254903c 4bd3c001da9e46e6a296dcc6de8e823a - - - -] /var/lib/kolla/venv/lib/python3.12/site-packages/urllib3/connectionpool.py:1110: InsecureRequestWarning: Unverified HTTPS request is being made to host '[LB_IP_ADDRESS]'. Adding certificate verification is strongly advised. See: https://urllib3.readthedocs.io/en/latest/advanced-usage.html#tls-warnings
  warnings.warn(

2026-09-29 16:22:03.068 77 INFO cinder.volume.flows.manager.create_volume [None req-7eca8273-4b1d-4cd6-9ee7-f7e1188d5a49 4bd63987df5b467492fa28f54254903c 4bd3c001da9e46e6a296dcc6de8e823a - - - -] Volume vol_abce614d-2dd4-4332-9daf-3dde478997f5 (abce614d-2dd4-4332-9daf-3dde478997f5): created successfully
2026-09-29 16:22:03.078 77 INFO cinder.volume.manager [None req-7eca8273-4b1d-4cd6-9ee7-f7e1188d5a49 4bd63987df5b467492fa28f54254903c 4bd3c001da9e46e6a296dcc6de8e823a - - - -] Created volume successfully.
2026-09-29 16:22:03.887 77 INFO cinder.volume.drivers.lightos [req-ed50c8f1-1df9-4b5c-b87c-88cbfa650db9 req-2e626a2a-51f2-4dae-84ed-5c10277cc0fb 756a703bcaa244019b50302860eb0556 ad1e006a19ef4a73900ffe02f4b0077d - - default default] Invoking get_snapshot_by_name using GET url: /api/v2/projects/default/snapshots/?Name=snapshot-59297327-129e-4e46-afbd-5946602ea5cb             request.body: {} ssl_verify: False
2026-09-29 16:22:03.929 77 WARNING py.warnings [req-ed50c8f1-1df9-4b5c-b87c-88cbfa650db9 req-2e626a2a-51f2-4dae-84ed-5c10277cc0fb 756a703bcaa244019b50302860eb0556 ad1e006a19ef4a73900ffe02f4b0077d - - default default] /var/lib/kolla/venv/lib/python3.12/site-packages/urllib3/connectionpool.py:1110: InsecureRequestWarning: Unverified HTTPS request is being made to host '[LB_IP_ADDRESS]'. Adding certificate verification is strongly advised. See: https://urllib3.readthedocs.io/en/latest/advanced-usage.html#tls-warnings
  warnings.warn(

2026-09-29 16:22:03.947 77 INFO cinder.volume.drivers.lightos [req-ed50c8f1-1df9-4b5c-b87c-88cbfa650db9 req-2e626a2a-51f2-4dae-84ed-5c10277cc0fb 756a703bcaa244019b50302860eb0556 ad1e006a19ef4a73900ffe02f4b0077d - - default default] Invoking delete_snapshot using DELETE url: /api/v2/projects/default/snapshots/0c08c97c-ab23-47e7-b40e-d7f5d43e906c?             request.body:  ssl_verify: False
2026-09-29 16:22:03.989 77 INFO cinder.volume.flows.manager.create_volume [None req-4dd21a3a-2838-4173-b6d9-bebd3169c9c8 7f8d8def151a4d27b90c52fc12285ed9 5ee408cd3a8b4ce5a9a15917493989cc - - - -] Volume fad96ca0-8d58-42ff-97c4-0da74c84122f: being created as raw with specification: {'status': 'creating', 'volume_name': 'vol_fad96ca0-8d58-42ff-97c4-0da74c84122f', 'volume_size': 1}
2026-09-29 16:22:03.989 77 INFO cinder.volume.drivers.lightos [None req-4dd21a3a-2838-4173-b6d9-bebd3169c9c8 7f8d8def151a4d27b90c52fc12285ed9 5ee408cd3a8b4ce5a9a15917493989cc - - - -] Invoking get_volume_by_name using GET url: /api/v2/projects/default/volumes/?name=vol_fad96ca0-8d58-42ff-97c4-0da74c84122f             request.body: {} ssl_verify: False
2026-09-29 16:22:03.991 77 WARNING py.warnings [req-ed50c8f1-1df9-4b5c-b87c-88cbfa650db9 req-2e626a2a-51f2-4dae-84ed-5c10277cc0fb 756a703bcaa244019b50302860eb0556 ad1e006a19ef4a73900ffe02f4b0077d - - default default] /var/lib/kolla/venv/lib/python3.12/site-packages/urllib3/connectionpool.py:1110: InsecureRequestWarning: Unverified HTTPS request is being made to host '[LB_IP_ADDRESS]'. Adding certificate verification is strongly advised. See: https://urllib3.readthedocs.io/en/latest/advanced-usage.html#tls-warnings
  warnings.warn(

2026-09-29 16:22:04.029 77 INFO cinder.volume.drivers.lightos [req-ed50c8f1-1df9-4b5c-b87c-88cbfa650db9 req-2e626a2a-51f2-4dae-84ed-5c10277cc0fb 756a703bcaa244019b50302860eb0556 ad1e006a19ef4a73900ffe02f4b0077d - - default default] Invoking get_snapshot using GET url: /api/v2/projects/default/snapshots/0c08c97c-ab23-47e7-b40e-d7f5d43e906c             request.body: {} ssl_verify: False
2026-09-29 16:22:04.064 77 WARNING py.warnings [None req-4dd21a3a-2838-4173-b6d9-bebd3169c9c8 7f8d8def151a4d27b90c52fc12285ed9 5ee408cd3a8b4ce5a9a15917493989cc - - - -] /var/lib/kolla/venv/lib/python3.12/site-packages/urllib3/connectionpool.py:1110: InsecureRequestWarning: Unverified HTTPS request is being made to host '[LB_IP_ADDRESS]'. Adding certificate verification is strongly advised. See: https://urllib3.readthedocs.io/en/latest/advanced-usage.html#tls-warnings
  warnings.warn(

2026-09-29 16:22:04.085 77 INFO cinder.volume.manager [None req-15446a69-35b7-40a0-8479-8e9c6ba17f44 4bd63987df5b467492fa28f54254903c 4bd3c001da9e46e6a296dcc6de8e823a - - default default] GroupSnapshot 82d18f35-72ee-41ee-b80d-4e103ca2f86b: creating.
2026-09-29 16:22:04.101 77 INFO cinder.volume.drivers.lightos [None req-4dd21a3a-2838-4173-b6d9-bebd3169c9c8 7f8d8def151a4d27b90c52fc12285ed9 5ee408cd3a8b4ce5a9a15917493989cc - - - -] Invoking create_volume using POST url: /api/v2/projects/default/volumes             request.body: {'name': 'vol_fad96ca0-8d58-42ff-97c4-0da74c84122f', 'size': '1 gib', 'replicaCount': '3', 'compression': 'False', 'acl': {'values': ['ALLOW_NONE']}, 'IPAcl': {'values': ['ALLOW_NONE']}, 'sourceSnapshotUUID': None, 'sourceSnapshotName': None} ssl_verify: False
2026-09-29 16:22:04.104 77 WARNING py.warnings [req-ed50c8f1-1df9-4b5c-b87c-88cbfa650db9 req-2e626a2a-51f2-4dae-84ed-5c10277cc0fb 756a703bcaa244019b50302860eb0556 ad1e006a19ef4a73900ffe02f4b0077d - - default default] /var/lib/kolla/venv/lib/python3.12/site-packages/urllib3/connectionpool.py:1110: InsecureRequestWarning: Unverified HTTPS request is being made to host '[LB_IP_ADDRESS]'. Adding certificate verification is strongly advised. See: https://urllib3.readthedocs.io/en/latest/advanced-usage.html#tls-warnings
  warnings.warn(

2026-09-29 16:22:04.140 77 WARNING py.warnings [None req-4dd21a3a-2838-4173-b6d9-bebd3169c9c8 7f8d8def151a4d27b90c52fc12285ed9 5ee408cd3a8b4ce5a9a15917493989cc - - - -] /var/lib/kolla/venv/lib/python3.12/site-packages/urllib3/connectionpool.py:1110: InsecureRequestWarning: Unverified HTTPS request is being made to host '[LB_IP_ADDRESS]'. Adding certificate verification is strongly advised. See: https://urllib3.readthedocs.io/en/latest/advanced-usage.html#tls-warnings
  warnings.warn(

2026-09-29 16:22:04.161 77 INFO cinder.volume.drivers.lightos [None req-4dd21a3a-2838-4173-b6d9-bebd3169c9c8 7f8d8def151a4d27b90c52fc12285ed9 5ee408cd3a8b4ce5a9a15917493989cc - - - -] Invoking get_volume using GET url: /api/v2/projects/default/volumes/4e9b325d-2af6-4897-8c89-32418b6e2bf4             request.body: {} ssl_verify: False
2026-09-29 16:22:04.190 77 INFO cinder.volume.drivers.lightos [None req-15446a69-35b7-40a0-8479-8e9c6ba17f44 4bd63987df5b467492fa28f54254903c 4bd3c001da9e46e6a296dcc6de8e823a - - default default] Invoking get_snapshot_by_name using GET url: /api/v2/projects/default/snapshots/?Name=snapshot-88a7c295-da30-466b-a1e7-b9f4babdc97b             request.body: {} ssl_verify: False
2026-09-29 16:22:04.218 77 WARNING py.warnings [None req-4dd21a3a-2838-4173-b6d9-bebd3169c9c8 7f8d8def151a4d27b90c52fc12285ed9 5ee408cd3a8b4ce5a9a15917493989cc - - - -] /var/lib/kolla/venv/lib/python3.12/site-packages/urllib3/connectionpool.py:1110: InsecureRequestWarning: Unverified HTTPS request is being made to host '[LB_IP_ADDRESS]'. Adding certificate verification is strongly advised. See: https://urllib3.readthedocs.io/en/latest/advanced-usage.html#tls-warnings
  warnings.warn(

2026-09-29 16:22:04.224 77 WARNING py.warnings [None req-15446a69-35b7-40a0-8479-8e9c6ba17f44 4bd63987df5b467492fa28f54254903c 4bd3c001da9e46e6a296dcc6de8e823a - - default default] /var/lib/kolla/venv/lib/python3.12/site-packages/urllib3/connectionpool.py:1110: InsecureRequestWarning: Unverified HTTPS request is being made to host '[LB_IP_ADDRESS]'. Adding certificate verification is strongly advised. See: https://urllib3.readthedocs.io/en/latest/advanced-usage.html#tls-warnings
  warnings.warn(
: NotImplementedError
2026-09-29 16:22:04.249 77 INFO cinder.volume.drivers.lightos [None req-15446a69-35b7-40a0-8479-8e9c6ba17f44 4bd63987df5b467492fa28f54254903c 4bd3c001da9e46e6a296dcc6de8e823a - - default default] Invoking create_snapshot using POST url: /api/v2/projects/default/snapshots             request.body: {'name': 'snapshot-88a7c295-da30-466b-a1e7-b9f4babdc97b', 'sourceVolumeUUID': None, 'sourceVolumeName': 'vol_abce614d-2dd4-4332-9daf-3dde478997f5'} ssl_verify: False
2026-09-29 16:22:04.280 77 WARNING cinder.quota [req-ed50c8f1-1df9-4b5c-b87c-88cbfa650db9 req-2e626a2a-51f2-4dae-84ed-5c10277cc0fb 756a703bcaa244019b50302860eb0556 ad1e006a19ef4a73900ffe02f4b0077d - - default default] Deprecated: Default quota for resource: gigabytes___DEFAULT__ is set by the default quota flag: quota_gigabytes___DEFAULT__, it is now deprecated. Please use the default quota class for default quota.
2026-09-29 16:22:04.281 77 WARNING cinder.quota [req-ed50c8f1-1df9-4b5c-b87c-88cbfa650db9 req-2e626a2a-51f2-4dae-84ed-5c10277cc0fb 756a703bcaa244019b50302860eb0556 ad1e006a19ef4a73900ffe02f4b0077d - - default default] Deprecated: Default quota for resource: snapshots___DEFAULT__ is set by the default quota flag: quota_snapshots___DEFAULT__, it is now deprecated. Please use the default quota class for default quota.
2026-09-29 16:22:04.285 77 WARNING py.warnings [None req-15446a69-35b7-40a0-8479-8e9c6ba17f44 4bd63987df5b467492fa28f54254903c 4bd3c001da9e46e6a296dcc6de8e823a - - default default] /var/lib/kolla/venv/lib/python3.12/site-packages/urllib3/connectionpool.py:1110: InsecureRequestWarning: Unverified HTTPS request is being made to host '[LB_IP_ADDRESS]'. Adding certificate verification is strongly advised. See: https://urllib3.readthedocs.io/en/latest/advanced-usage.html#tls-warnings
  warnings.warn(
: NotImplementedError
2026-09-29 16:22:04.303 77 INFO cinder.volume.flows.manager.create_volume [None req-4dd21a3a-2838-4173-b6d9-bebd3169c9c8 7f8d8def151a4d27b90c52fc12285ed9 5ee408cd3a8b4ce5a9a15917493989cc - - - -] Volume vol_fad96ca0-8d58-42ff-97c4-0da74c84122f (fad96ca0-8d58-42ff-97c4-0da74c84122f): created successfully
2026-09-29 16:22:04.311 77 INFO cinder.volume.drivers.lightos [None req-15446a69-35b7-40a0-8479-8e9c6ba17f44 4bd63987df5b467492fa28f54254903c 4bd3c001da9e46e6a296dcc6de8e823a - - default default] Invoking get_snapshot_by_name using GET url: /api/v2/projects/default/snapshots/?Name=snapshot-88a7c295-da30-466b-a1e7-b9f4babdc97b             request.body: {} ssl_verify: False
2026-09-29 16:22:04.340 77 INFO cinder.volume.manager [None req-4dd21a3a-2838-4173-b6d9-bebd3169c9c8 7f8d8def151a4d27b90c52fc12285ed9 5ee408cd3a8b4ce5a9a15917493989cc - - - -] Created volume successfully.
2026-09-29 16:22:04.365 77 INFO cinder.volume.manager [req-ed50c8f1-1df9-4b5c-b87c-88cbfa650db9 req-2e626a2a-51f2-4dae-84ed-5c10277cc0fb 756a703bcaa244019b50302860eb0556 ad1e006a19ef4a73900ffe02f4b0077d - - default default] Delete snapshot completed successfully.
2026-09-29 16:22:04.384 77 WARNING py.warnings [None req-15446a69-35b7-40a0-8479-8e9c6ba17f44 4bd63987df5b467492fa28f54254903c 4bd3c001da9e46e6a296dcc6de8e823a - - default default] /var/lib/kolla/venv/lib/python3.12/site-packages/urllib3/connectionpool.py:1110: InsecureRequestWarning: Unverified HTTPS request is being made to host '[LB_IP_ADDRESS]'. Adding certificate verification is strongly advised. See: https://urllib3.readthedocs.io/en/latest/advanced-usage.html#tls-warnings
  warnings.warn(
: NotImplementedError
2026-09-29 16:22:05.067 77 INFO cinder.volume.drivers.lightos [req-d99faad5-f9ed-480d-aa10-8c2d7609dcb9 req-0db61f2a-ffe6-4352-af27-f9b72b0d7da9 756a703bcaa244019b50302860eb0556 ad1e006a19ef4a73900ffe02f4b0077d - - default default] Invoking delete_volume using DELETE url: /api/v2/projects/default/volumes/314e4a66-4356-451e-9b39-1b4c3983a704?             request.body:  ssl_verify: False
2026-09-29 16:22:05.106 77 WARNING py.warnings [req-d99faad5-f9ed-480d-aa10-8c2d7609dcb9 req-0db61f2a-ffe6-4352-af27-f9b72b0d7da9 756a703bcaa244019b50302860eb0556 ad1e006a19ef4a73900ffe02f4b0077d - - default default] /var/lib/kolla/venv/lib/python3.12/site-packages/urllib3/connectionpool.py:1110: InsecureRequestWarning: Unverified HTTPS request is being made to host '[LB_IP_ADDRESS]'. Adding certificate verification is strongly advised. See: https://urllib3.readthedocs.io/en/latest/advanced-usage.html#tls-warnings
  warnings.warn(

2026-09-29 16:22:05.147 77 INFO cinder.volume.drivers.lightos [req-d99faad5-f9ed-480d-aa10-8c2d7609dcb9 req-0db61f2a-ffe6-4352-af27-f9b72b0d7da9 756a703bcaa244019b50302860eb0556 ad1e006a19ef4a73900ffe02f4b0077d - - default default] Invoking get_volume using GET url: /api/v2/projects/default/volumes/314e4a66-4356-451e-9b39-1b4c3983a704             request.body: {} ssl_verify: False
2026-09-29 16:22:05.204 77 WARNING py.warnings [req-d99faad5-f9ed-480d-aa10-8c2d7609dcb9 req-0db61f2a-ffe6-4352-af27-f9b72b0d7da9 756a703bcaa244019b50302860eb0556 ad1e006a19ef4a73900ffe02f4b0077d - - default default] /var/lib/kolla/venv/lib/python3.12/site-packages/urllib3/connectionpool.py:1110: InsecureRequestWarning: Unverified HTTPS request is being made to host '[LB_IP_ADDRESS]'. Adding certificate verification is strongly advised. See: https://urllib3.readthedocs.io/en/latest/advanced-usage.html#tls-warnings
  warnings.warn(

2026-09-29 16:22:05.274 77 WARNING cinder.quota [req-d99faad5-f9ed-480d-aa10-8c2d7609dcb9 req-0db61f2a-ffe6-4352-af27-f9b72b0d7da9 756a703bcaa244019b50302860eb0556 ad1e006a19ef4a73900ffe02f4b0077d - - default default] Deprecated: Default quota for resource: volumes___DEFAULT__ is set by the default quota flag: quota_volumes___DEFAULT__, it is now deprecated. Please use the default quota class for default quota.
2026-09-29 16:22:05.327 77 INFO cinder.volume.manager [req-d99faad5-f9ed-480d-aa10-8c2d7609dcb9 req-0db61f2a-ffe6-4352-af27-f9b72b0d7da9 756a703bcaa244019b50302860eb0556 ad1e006a19ef4a73900ffe02f4b0077d - - default default] Deleted volume successfully.
2026-09-29 16:22:05.440 77 INFO cinder.volume.drivers.lightos [None req-15446a69-35b7-40a0-8479-8e9c6ba17f44 4bd63987df5b467492fa28f54254903c 4bd3c001da9e46e6a296dcc6de8e823a - - default default] Invoking get_snapshot_by_name using GET url: /api/v2/projects/default/snapshots/?Name=snapshot-88a7c295-da30-466b-a1e7-b9f4babdc97b             request.body: {} ssl_verify: False
2026-09-29 16:22:05.487 77 WARNING py.warnings [None req-15446a69-35b7-40a0-8479-8e9c6ba17f44 4bd63987df5b467492fa28f54254903c 4bd3c001da9e46e6a296dcc6de8e823a - - default default] /var/lib/kolla/venv/lib/python3.12/site-packages/urllib3/connectionpool.py:1110: InsecureRequestWarning: Unverified HTTPS request is being made to host '[LB_IP_ADDRESS]'. Adding certificate verification is strongly advised. See: https://urllib3.readthedocs.io/en/latest/advanced-usage.html#tls-warnings
  warnings.warn(
: NotImplementedError
2026-09-29 16:22:05.549 77 INFO cinder.volume.manager [None req-15446a69-35b7-40a0-8479-8e9c6ba17f44 4bd63987df5b467492fa28f54254903c 4bd3c001da9e46e6a296dcc6de8e823a - - default default] group_snapshot 82d18f35-72ee-41ee-b80d-4e103ca2f86b: created successfully
2026-09-29 16:22:05.658 77 INFO cinder.volume.drivers.lightos [None req-beb282e0-66ca-4697-bd63-d2715c4e81d0 7f8d8def151a4d27b90c52fc12285ed9 5ee408cd3a8b4ce5a9a15917493989cc - - default default] Invoking delete_volume using DELETE url: /api/v2/projects/default/volumes/4e9b325d-2af6-4897-8c89-32418b6e2bf4?             request.body:  ssl_verify: False
2026-09-29 16:22:05.697 77 WARNING py.warnings [None req-beb282e0-66ca-4697-bd63-d2715c4e81d0 7f8d8def151a4d27b90c52fc12285ed9 5ee408cd3a8b4ce5a9a15917493989cc - - default default] /var/lib/kolla/venv/lib/python3.12/site-packages/urllib3/connectionpool.py:1110: InsecureRequestWarning: Unverified HTTPS request is being made to host '[LB_IP_ADDRESS]'. Adding certificate verification is strongly advised. See: https://urllib3.readthedocs.io/en/latest/advanced-usage.html#tls-warnings
  warnings.warn(

2026-09-29 16:22:05.733 77 INFO cinder.volume.drivers.lightos [None req-beb282e0-66ca-4697-bd63-d2715c4e81d0 7f8d8def151a4d27b90c52fc12285ed9 5ee408cd3a8b4ce5a9a15917493989cc - - default default] Invoking get_volume using GET url: /api/v2/projects/default/volumes/4e9b325d-2af6-4897-8c89-32418b6e2bf4             request.body: {} ssl_verify: False
2026-09-29 16:22:05.783 77 WARNING py.warnings [None req-beb282e0-66ca-4697-bd63-d2715c4e81d0 7f8d8def151a4d27b90c52fc12285ed9 5ee408cd3a8b4ce5a9a15917493989cc - - default default] /var/lib/kolla/venv/lib/python3.12/site-packages/urllib3/connectionpool.py:1110: InsecureRequestWarning: Unverified HTTPS request is being made to host '[LB_IP_ADDRESS]'. Adding certificate verification is strongly advised. See: https://urllib3.readthedocs.io/en/latest/advanced-usage.html#tls-warnings
  warnings.warn(

2026-09-29 16:22:05.903 77 INFO cinder.volume.manager [None req-beb282e0-66ca-4697-bd63-d2715c4e81d0 7f8d8def151a4d27b90c52fc12285ed9 5ee408cd3a8b4ce5a9a15917493989cc - - default default] Deleted volume successfully.
2026-09-29 16:22:06.790 77 INFO cinder.volume.drivers.lightos [None req-655678b7-c036-4b94-afdc-b03457670e2b 7f8d8def151a4d27b90c52fc12285ed9 5ee408cd3a8b4ce5a9a15917493989cc - - default default] Invoking delete_volume using DELETE url: /api/v2/projects/default/volumes/f051e4b1-f957-4087-9bce-f693fc54e486?             request.body:  ssl_verify: False
2026-09-29 16:22:06.827 77 WARNING py.warnings [None req-655678b7-c036-4b94-afdc-b03457670e2b 7f8d8def151a4d27b90c52fc12285ed9 5ee408cd3a8b4ce5a9a15917493989cc - - default default] /var/lib/kolla/venv/lib/python3.12/site-packages/urllib3/connectionpool.py:1110: InsecureRequestWarning: Unverified HTTPS request is being made to host '[LB_IP_ADDRESS]'. Adding certificate verification is strongly advised. See: https://urllib3.readthedocs.io/en/latest/advanced-usage.html#tls-warnings
  warnings.warn(

2026-09-29 16:22:06.869 77 INFO cinder.volume.drivers.lightos [None req-655678b7-c036-4b94-afdc-b03457670e2b 7f8d8def151a4d27b90c52fc12285ed9 5ee408cd3a8b4ce5a9a15917493989cc - - default default] Invoking get_volume using GET url: /api/v2/projects/default/volumes/f051e4b1-f957-4087-9bce-f693fc54e486             request.body: {} ssl_verify: False
2026-09-29 16:22:06.910 77 WARNING py.warnings [None req-655678b7-c036-4b94-afdc-b03457670e2b 7f8d8def151a4d27b90c52fc12285ed9 5ee408cd3a8b4ce5a9a15917493989cc - - default default] /var/lib/kolla/venv/lib/python3.12/site-packages/urllib3/connectionpool.py:1110: InsecureRequestWarning: Unverified HTTPS request is being made to host '[LB_IP_ADDRESS]'. Adding certificate verification is strongly advised. See: https://urllib3.readthedocs.io/en/latest/advanced-usage.html#tls-warnings
  warnings.warn(

2026-09-29 16:22:07.057 77 INFO cinder.volume.manager [None req-655678b7-c036-4b94-afdc-b03457670e2b 7f8d8def151a4d27b90c52fc12285ed9 5ee408cd3a8b4ce5a9a15917493989cc - - default default] Deleted volume successfully.
2026-09-29 16:22:07.194 77 INFO cinder.volume.drivers.lightos [None req-8c718a34-b5c7-4c7d-8cfb-9fa2fab6933f 4bd63987df5b467492fa28f54254903c 4bd3c001da9e46e6a296dcc6de8e823a - - default default] Invoking get_volume_by_name using GET url: /api/v2/projects/default/volumes/?name=vol_b556cd26-a27b-45ea-b726-6571d7715d67             request.body: {} ssl_verify: False
2026-09-29 16:22:07.231 77 WARNING py.warnings [None req-8c718a34-b5c7-4c7d-8cfb-9fa2fab6933f 4bd63987df5b467492fa28f54254903c 4bd3c001da9e46e6a296dcc6de8e823a - - default default] /var/lib/kolla/venv/lib/python3.12/site-packages/urllib3/connectionpool.py:1110: InsecureRequestWarning: Unverified HTTPS request is being made to host '[LB_IP_ADDRESS]'. Adding certificate verification is strongly advised. See: https://urllib3.readthedocs.io/en/latest/advanced-usage.html#tls-warnings
  warnings.warn(
: NotImplementedError
2026-09-29 16:22:07.243 77 INFO cinder.volume.drivers.lightos [None req-8c718a34-b5c7-4c7d-8cfb-9fa2fab6933f 4bd63987df5b467492fa28f54254903c 4bd3c001da9e46e6a296dcc6de8e823a - - default default] Invoking create_volume using POST url: /api/v2/projects/default/volumes             request.body: {'name': 'vol_b556cd26-a27b-45ea-b726-6571d7715d67', 'size': '1 gib', 'replicaCount': '3', 'compression': 'False', 'acl': {'values': ['ALLOW_NONE']}, 'IPAcl': {'values': ['ALLOW_NONE']}, 'sourceSnapshotUUID': None, 'sourceSnapshotName': 'snapshot-88a7c295-da30-466b-a1e7-b9f4babdc97b'} ssl_verify: False
2026-09-29 16:22:07.295 77 WARNING py.warnings [None req-8c718a34-b5c7-4c7d-8cfb-9fa2fab6933f 4bd63987df5b467492fa28f54254903c 4bd3c001da9e46e6a296dcc6de8e823a - - default default] /var/lib/kolla/venv/lib/python3.12/site-packages/urllib3/connectionpool.py:1110: InsecureRequestWarning: Unverified HTTPS request is being made to host '[LB_IP_ADDRESS]'. Adding certificate verification is strongly advised. See: https://urllib3.readthedocs.io/en/latest/advanced-usage.html#tls-warnings
  warnings.warn(
: NotImplementedError
2026-09-29 16:22:07.327 77 INFO cinder.volume.drivers.lightos [None req-8c718a34-b5c7-4c7d-8cfb-9fa2fab6933f 4bd63987df5b467492fa28f54254903c 4bd3c001da9e46e6a296dcc6de8e823a - - default default] Invoking get_volume using GET url: /api/v2/projects/default/volumes/84a6bfb7-0256-4b20-a269-f7b7c32879bc             request.body: {} ssl_verify: False
2026-09-29 16:22:07.370 77 WARNING py.warnings [None req-8c718a34-b5c7-4c7d-8cfb-9fa2fab6933f 4bd63987df5b467492fa28f54254903c 4bd3c001da9e46e6a296dcc6de8e823a - - default default] /var/lib/kolla/venv/lib/python3.12/site-packages/urllib3/connectionpool.py:1110: InsecureRequestWarning: Unverified HTTPS request is being made to host '[LB_IP_ADDRESS]'. Adding certificate verification is strongly advised. See: https://urllib3.readthedocs.io/en/latest/advanced-usage.html#tls-warnings
  warnings.warn(
: NotImplementedError
2026-09-29 16:22:07.912 77 INFO cinder.volume.drivers.lightos [None req-85b8fd24-ad69-414b-96d4-d171b8917c6f 7f8d8def151a4d27b90c52fc12285ed9 5ee408cd3a8b4ce5a9a15917493989cc - - default default] Invoking delete_volume using DELETE url: /api/v2/projects/default/volumes/3b6b9842-2cc9-4b15-8563-f91a5b193836?             request.body:  ssl_verify: False
2026-09-29 16:22:07.947 77 WARNING py.warnings [None req-85b8fd24-ad69-414b-96d4-d171b8917c6f 7f8d8def151a4d27b90c52fc12285ed9 5ee408cd3a8b4ce5a9a15917493989cc - - default default] /var/lib/kolla/venv/lib/python3.12/site-packages/urllib3/connectionpool.py:1110: InsecureRequestWarning: Unverified HTTPS request is being made to host '[LB_IP_ADDRESS]'. Adding certificate verification is strongly advised. See: https://urllib3.readthedocs.io/en/latest/advanced-usage.html#tls-warnings
  warnings.warn(

2026-09-29 16:22:07.974 77 INFO cinder.volume.drivers.lightos [None req-85b8fd24-ad69-414b-96d4-d171b8917c6f 7f8d8def151a4d27b90c52fc12285ed9 5ee408cd3a8b4ce5a9a15917493989cc - - default default] Invoking get_volume using GET url: /api/v2/projects/default/volumes/3b6b9842-2cc9-4b15-8563-f91a5b193836             request.body: {} ssl_verify: False
2026-09-29 16:22:08.019 77 WARNING py.warnings [None req-85b8fd24-ad69-414b-96d4-d171b8917c6f 7f8d8def151a4d27b90c52fc12285ed9 5ee408cd3a8b4ce5a9a15917493989cc - - default default] /var/lib/kolla/venv/lib/python3.12/site-packages/urllib3/connectionpool.py:1110: InsecureRequestWarning: Unverified HTTPS request is being made to host '[LB_IP_ADDRESS]'. Adding certificate verification is strongly advised. See: https://urllib3.readthedocs.io/en/latest/advanced-usage.html#tls-warnings
  warnings.warn(

2026-09-29 16:22:08.140 77 INFO cinder.volume.manager [None req-85b8fd24-ad69-414b-96d4-d171b8917c6f 7f8d8def151a4d27b90c52fc12285ed9 5ee408cd3a8b4ce5a9a15917493989cc - - default default] Deleted volume successfully.
2026-09-29 16:22:08.386 77 INFO cinder.volume.drivers.lightos [None req-8c718a34-b5c7-4c7d-8cfb-9fa2fab6933f 4bd63987df5b467492fa28f54254903c 4bd3c001da9e46e6a296dcc6de8e823a - - default default] Invoking get_volume using GET url: /api/v2/projects/default/volumes/84a6bfb7-0256-4b20-a269-f7b7c32879bc             request.body: {} ssl_verify: False
2026-09-29 16:22:08.432 77 WARNING py.warnings [None req-8c718a34-b5c7-4c7d-8cfb-9fa2fab6933f 4bd63987df5b467492fa28f54254903c 4bd3c001da9e46e6a296dcc6de8e823a - - default default] /var/lib/kolla/venv/lib/python3.12/site-packages/urllib3/connectionpool.py:1110: InsecureRequestWarning: Unverified HTTPS request is being made to host '[LB_IP_ADDRESS]'. Adding certificate verification is strongly advised. See: https://urllib3.readthedocs.io/en/latest/advanced-usage.html#tls-warnings
  warnings.warn(
: NotImplementedError
2026-09-29 16:22:08.490 77 INFO cinder.volume.manager [None req-8c718a34-b5c7-4c7d-8cfb-9fa2fab6933f 4bd63987df5b467492fa28f54254903c 4bd3c001da9e46e6a296dcc6de8e823a - - default default] Create group from source-snapshot-82d18f35-72ee-41ee-b80d-4e103ca2f86b completed successfully.
2026-09-29 16:22:09.366 77 INFO cinder.volume.flows.manager.create_volume [req-a1ef09f1-5e0a-45f6-8360-7f758bcd3ac3 req-721e09a5-1ed2-4a00-a9fc-5a6e3d955814 66ad7bb3d9df4a42bbc67209827b4cfe 15bc970f219542e0adad62df41cbb1fd - - - -] Volume 7d67de0d-f378-4fd8-8976-2708872ca621: being created as raw with specification: {'status': 'creating', 'volume_name': 'vol_7d67de0d-f378-4fd8-8976-2708872ca621', 'volume_size': 1}
2026-09-29 16:22:09.366 77 INFO cinder.volume.drivers.lightos [req-a1ef09f1-5e0a-45f6-8360-7f758bcd3ac3 req-721e09a5-1ed2-4a00-a9fc-5a6e3d955814 66ad7bb3d9df4a42bbc67209827b4cfe 15bc970f219542e0adad62df41cbb1fd - - - -] Invoking get_volume_by_name using GET url: /api/v2/projects/default/volumes/?name=vol_7d67de0d-f378-4fd8-8976-2708872ca621             request.body: {} ssl_verify: False
2026-09-29 16:22:09.404 77 WARNING py.warnings [req-a1ef09f1-5e0a-45f6-8360-7f758bcd3ac3 req-721e09a5-1ed2-4a00-a9fc-5a6e3d955814 66ad7bb3d9df4a42bbc67209827b4cfe 15bc970f219542e0adad62df41cbb1fd - - - -] /var/lib/kolla/venv/lib/python3.12/site-packages/urllib3/connectionpool.py:1110: InsecureRequestWarning: Unverified HTTPS request is being made to host '[LB_IP_ADDRESS]'. Adding certificate verification is strongly advised. See: https://urllib3.readthedocs.io/en/latest/advanced-usage.html#tls-warnings
  warnings.warn(

2026-09-29 16:22:09.416 77 INFO cinder.volume.drivers.lightos [req-a1ef09f1-5e0a-45f6-8360-7f758bcd3ac3 req-721e09a5-1ed2-4a00-a9fc-5a6e3d955814 66ad7bb3d9df4a42bbc67209827b4cfe 15bc970f219542e0adad62df41cbb1fd - - - -] Invoking create_volume using POST url: /api/v2/projects/default/volumes             request.body: {'name': 'vol_7d67de0d-f378-4fd8-8976-2708872ca621', 'size': '1 gib', 'replicaCount': '3', 'compression': 'False', 'acl': {'values': ['ALLOW_NONE']}, 'IPAcl': {'values': ['ALLOW_NONE']}, 'sourceSnapshotUUID': None, 'sourceSnapshotName': None} ssl_verify: False
2026-09-29 16:22:09.458 77 WARNING py.warnings [req-a1ef09f1-5e0a-45f6-8360-7f758bcd3ac3 req-721e09a5-1ed2-4a00-a9fc-5a6e3d955814 66ad7bb3d9df4a42bbc67209827b4cfe 15bc970f219542e0adad62df41cbb1fd - - - -] /var/lib/kolla/venv/lib/python3.12/site-packages/urllib3/connectionpool.py:1110: InsecureRequestWarning: Unverified HTTPS request is being made to host '[LB_IP_ADDRESS]'. Adding certificate verification is strongly advised. See: https://urllib3.readthedocs.io/en/latest/advanced-usage.html#tls-warnings
  warnings.warn(

2026-09-29 16:22:09.517 77 INFO cinder.volume.drivers.lightos [req-a1ef09f1-5e0a-45f6-8360-7f758bcd3ac3 req-721e09a5-1ed2-4a00-a9fc-5a6e3d955814 66ad7bb3d9df4a42bbc67209827b4cfe 15bc970f219542e0adad62df41cbb1fd - - - -] Invoking get_volume using GET url: /api/v2/projects/default/volumes/90cbea13-0064-4358-a44c-3651f89f4196             request.body: {} ssl_verify: False
2026-09-29 16:22:09.558 77 WARNING py.warnings [req-a1ef09f1-5e0a-45f6-8360-7f758bcd3ac3 req-721e09a5-1ed2-4a00-a9fc-5a6e3d955814 66ad7bb3d9df4a42bbc67209827b4cfe 15bc970f219542e0adad62df41cbb1fd - - - -] /var/lib/kolla/venv/lib/python3.12/site-packages/urllib3/connectionpool.py:1110: InsecureRequestWarning: Unverified HTTPS request is being made to host '[LB_IP_ADDRESS]'. Adding certificate verification is strongly advised. See: https://urllib3.readthedocs.io/en/latest/advanced-usage.html#tls-warnings
  warnings.warn(

2026-09-29 16:22:09.686 77 INFO cinder.volume.drivers.lightos [None req-997b343e-b8d9-4ee2-aa4e-14eaad29df70 4bd63987df5b467492fa28f54254903c 4bd3c001da9e46e6a296dcc6de8e823a - - default default] Invoking delete_volume using DELETE url: /api/v2/projects/default/volumes/84a6bfb7-0256-4b20-a269-f7b7c32879bc?             request.body:  ssl_verify: False
2026-09-29 16:22:09.731 77 WARNING py.warnings [None req-997b343e-b8d9-4ee2-aa4e-14eaad29df70 4bd63987df5b467492fa28f54254903c 4bd3c001da9e46e6a296dcc6de8e823a - - default default] /var/lib/kolla/venv/lib/python3.12/site-packages/urllib3/connectionpool.py:1110: InsecureRequestWarning: Unverified HTTPS request is being made to host '[LB_IP_ADDRESS]'. Adding certificate verification is strongly advised. See: https://urllib3.readthedocs.io/en/latest/advanced-usage.html#tls-warnings
  warnings.warn(
: NotImplementedError
2026-09-29 16:22:09.832 77 INFO cinder.volume.drivers.lightos [None req-997b343e-b8d9-4ee2-aa4e-14eaad29df70 4bd63987df5b467492fa28f54254903c 4bd3c001da9e46e6a296dcc6de8e823a - - default default] Invoking get_volume using GET url: /api/v2/projects/default/volumes/84a6bfb7-0256-4b20-a269-f7b7c32879bc             request.body: {} ssl_verify: False
2026-09-29 16:22:09.878 77 WARNING py.warnings [None req-997b343e-b8d9-4ee2-aa4e-14eaad29df70 4bd63987df5b467492fa28f54254903c 4bd3c001da9e46e6a296dcc6de8e823a - - default default] /var/lib/kolla/venv/lib/python3.12/site-packages/urllib3/connectionpool.py:1110: InsecureRequestWarning: Unverified HTTPS request is being made to host '[LB_IP_ADDRESS]'. Adding certificate verification is strongly advised. See: https://urllib3.readthedocs.io/en/latest/advanced-usage.html#tls-warnings
  warnings.warn(
: NotImplementedError
2026-09-29 16:22:10.020 77 WARNING cinder.quota [None req-997b343e-b8d9-4ee2-aa4e-14eaad29df70 4bd63987df5b467492fa28f54254903c 4bd3c001da9e46e6a296dcc6de8e823a - - default default] Deprecated: Default quota for resource: volumes_tempest-GroupSnapshotsTest-volume-type-1104363423 is set by the default quota flag: quota_volumes_tempest-GroupSnapshotsTest-volume-type-1104363423, it is now deprecated. Please use the default quota class for default quota.
2026-09-29 16:22:10.020 77 WARNING cinder.quota [None req-997b343e-b8d9-4ee2-aa4e-14eaad29df70 4bd63987df5b467492fa28f54254903c 4bd3c001da9e46e6a296dcc6de8e823a - - default default] Deprecated: Default quota for resource: gigabytes_tempest-GroupSnapshotsTest-volume-type-1104363423 is set by the default quota flag: quota_gigabytes_tempest-GroupSnapshotsTest-volume-type-1104363423, it is now deprecated. Please use the default quota class for default quota.
2026-09-29 16:22:10.108 77 INFO cinder.volume.manager [None req-997b343e-b8d9-4ee2-aa4e-14eaad29df70 4bd63987df5b467492fa28f54254903c 4bd3c001da9e46e6a296dcc6de8e823a - - default default] Delete group completed successfully.
2026-09-29 16:22:10.574 77 INFO cinder.volume.drivers.lightos [req-a1ef09f1-5e0a-45f6-8360-7f758bcd3ac3 req-721e09a5-1ed2-4a00-a9fc-5a6e3d955814 66ad7bb3d9df4a42bbc67209827b4cfe 15bc970f219542e0adad62df41cbb1fd - - - -] Invoking get_volume using GET url: /api/v2/projects/default/volumes/90cbea13-0064-4358-a44c-3651f89f4196             request.body: {} ssl_verify: False
2026-09-29 16:22:10.621 77 WARNING py.warnings [req-a1ef09f1-5e0a-45f6-8360-7f758bcd3ac3 req-721e09a5-1ed2-4a00-a9fc-5a6e3d955814 66ad7bb3d9df4a42bbc67209827b4cfe 15bc970f219542e0adad62df41cbb1fd - - - -] /var/lib/kolla/venv/lib/python3.12/site-packages/urllib3/connectionpool.py:1110: InsecureRequestWarning: Unverified HTTPS request is being made to host '[LB_IP_ADDRESS]'. Adding certificate verification is strongly advised. See: https://urllib3.readthedocs.io/en/latest/advanced-usage.html#tls-warnings
  warnings.warn(

2026-09-29 16:22:10.652 77 INFO cinder.volume.flows.manager.create_volume [req-a1ef09f1-5e0a-45f6-8360-7f758bcd3ac3 req-721e09a5-1ed2-4a00-a9fc-5a6e3d955814 66ad7bb3d9df4a42bbc67209827b4cfe 15bc970f219542e0adad62df41cbb1fd - - - -] Volume vol_7d67de0d-f378-4fd8-8976-2708872ca621 (7d67de0d-f378-4fd8-8976-2708872ca621): created successfully
2026-09-29 16:22:10.659 77 INFO cinder.volume.manager [req-a1ef09f1-5e0a-45f6-8360-7f758bcd3ac3 req-721e09a5-1ed2-4a00-a9fc-5a6e3d955814 66ad7bb3d9df4a42bbc67209827b4cfe 15bc970f219542e0adad62df41cbb1fd - - - -] Created volume successfully.
2026-09-29 16:22:10.843 77 INFO cinder.volume.manager [None req-818708ed-103c-4a2e-853d-2aece0bfd256 4bd63987df5b467492fa28f54254903c 4bd3c001da9e46e6a296dcc6de8e823a - - default default] group_snapshot 82d18f35-72ee-41ee-b80d-4e103ca2f86b: deleting
2026-09-29 16:22:10.872 77 INFO cinder.volume.drivers.lightos [None req-818708ed-103c-4a2e-853d-2aece0bfd256 4bd63987df5b467492fa28f54254903c 4bd3c001da9e46e6a296dcc6de8e823a - - default default] Invoking get_snapshot_by_name using GET url: /api/v2/projects/default/snapshots/?Name=snapshot-88a7c295-da30-466b-a1e7-b9f4babdc97b             request.body: {} ssl_verify: False
2026-09-29 16:22:10.908 77 WARNING py.warnings [None req-818708ed-103c-4a2e-853d-2aece0bfd256 4bd63987df5b467492fa28f54254903c 4bd3c001da9e46e6a296dcc6de8e823a - - default default] /var/lib/kolla/venv/lib/python3.12/site-packages/urllib3/connectionpool.py:1110: InsecureRequestWarning: Unverified HTTPS request is being made to host '[LB_IP_ADDRESS]'. Adding certificate verification is strongly advised. See: https://urllib3.readthedocs.io/en/latest/advanced-usage.html#tls-warnings
  warnings.warn(
: NotImplementedError
2026-09-29 16:22:10.923 77 INFO cinder.volume.drivers.lightos [None req-818708ed-103c-4a2e-853d-2aece0bfd256 4bd63987df5b467492fa28f54254903c 4bd3c001da9e46e6a296dcc6de8e823a - - default default] Invoking delete_snapshot using DELETE url: /api/v2/projects/default/snapshots/07ed3149-cb15-4d50-b6cf-27cbe10b1604?             request.body:  ssl_verify: False
2026-09-29 16:22:10.968 77 WARNING py.warnings [None req-818708ed-103c-4a2e-853d-2aece0bfd256 4bd63987df5b467492fa28f54254903c 4bd3c001da9e46e6a296dcc6de8e823a - - default default] /var/lib/kolla/venv/lib/python3.12/site-packages/urllib3/connectionpool.py:1110: InsecureRequestWarning: Unverified HTTPS request is being made to host '[LB_IP_ADDRESS]'. Adding certificate verification is strongly advised. See: https://urllib3.readthedocs.io/en/latest/advanced-usage.html#tls-warnings
  warnings.warn(
: NotImplementedError
2026-09-29 16:22:10.994 77 INFO cinder.volume.drivers.lightos [None req-818708ed-103c-4a2e-853d-2aece0bfd256 4bd63987df5b467492fa28f54254903c 4bd3c001da9e46e6a296dcc6de8e823a - - default default] Invoking get_snapshot using GET url: /api/v2/projects/default/snapshots/07ed3149-cb15-4d50-b6cf-27cbe10b1604             request.body: {} ssl_verify: False
2026-09-29 16:22:11.037 77 WARNING py.warnings [None req-818708ed-103c-4a2e-853d-2aece0bfd256 4bd63987df5b467492fa28f54254903c 4bd3c001da9e46e6a296dcc6de8e823a - - default default] /var/lib/kolla/venv/lib/python3.12/site-packages/urllib3/connectionpool.py:1110: InsecureRequestWarning: Unverified HTTPS request is being made to host '[LB_IP_ADDRESS]'. Adding certificate verification is strongly advised. See: https://urllib3.readthedocs.io/en/latest/advanced-usage.html#tls-warnings
  warnings.warn(
: NotImplementedError
2026-09-29 16:22:11.126 77 WARNING cinder.quota [None req-818708ed-103c-4a2e-853d-2aece0bfd256 4bd63987df5b467492fa28f54254903c 4bd3c001da9e46e6a296dcc6de8e823a - - default default] Deprecated: Default quota for resource: snapshots_tempest-GroupSnapshotsTest-volume-type-1104363423 is set by the default quota flag: quota_snapshots_tempest-GroupSnapshotsTest-volume-type-1104363423, it is now deprecated. Please use the default quota class for default quota.
2026-09-29 16:22:11.173 77 INFO cinder.volume.manager [None req-818708ed-103c-4a2e-853d-2aece0bfd256 4bd63987df5b467492fa28f54254903c 4bd3c001da9e46e6a296dcc6de8e823a - - default default] group_snapshot 82d18f35-72ee-41ee-b80d-4e103ca2f86b: deleted successfully
2026-09-29 16:22:11.675 77 INFO cinder.volume.drivers.lightos [req-6749f98f-2fc2-44d0-bbb0-31c045f44a78 req-99f367d8-10b4-4f9b-9aa6-657a64e132c0 66ad7bb3d9df4a42bbc67209827b4cfe 15bc970f219542e0adad62df41cbb1fd - - default default] Invoking delete_volume using DELETE url: /api/v2/projects/default/volumes/90cbea13-0064-4358-a44c-3651f89f4196?             request.body:  ssl_verify: False
2026-09-29 16:22:11.710 77 WARNING py.warnings [req-6749f98f-2fc2-44d0-bbb0-31c045f44a78 req-99f367d8-10b4-4f9b-9aa6-657a64e132c0 66ad7bb3d9df4a42bbc67209827b4cfe 15bc970f219542e0adad62df41cbb1fd - - default default] /var/lib/kolla/venv/lib/python3.12/site-packages/urllib3/connectionpool.py:1110: InsecureRequestWarning: Unverified HTTPS request is being made to host '[LB_IP_ADDRESS]'. Adding certificate verification is strongly advised. See: https://urllib3.readthedocs.io/en/latest/advanced-usage.html#tls-warnings
  warnings.warn(

2026-09-29 16:22:11.736 77 INFO cinder.volume.drivers.lightos [req-6749f98f-2fc2-44d0-bbb0-31c045f44a78 req-99f367d8-10b4-4f9b-9aa6-657a64e132c0 66ad7bb3d9df4a42bbc67209827b4cfe 15bc970f219542e0adad62df41cbb1fd - - default default] Invoking get_volume using GET url: /api/v2/projects/default/volumes/90cbea13-0064-4358-a44c-3651f89f4196             request.body: {} ssl_verify: False
2026-09-29 16:22:11.783 77 WARNING py.warnings [req-6749f98f-2fc2-44d0-bbb0-31c045f44a78 req-99f367d8-10b4-4f9b-9aa6-657a64e132c0 66ad7bb3d9df4a42bbc67209827b4cfe 15bc970f219542e0adad62df41cbb1fd - - default default] /var/lib/kolla/venv/lib/python3.12/site-packages/urllib3/connectionpool.py:1110: InsecureRequestWarning: Unverified HTTPS request is being made to host '[LB_IP_ADDRESS]'. Adding certificate verification is strongly advised. See: https://urllib3.readthedocs.io/en/latest/advanced-usage.html#tls-warnings
  warnings.warn(

2026-09-29 16:22:11.920 77 INFO cinder.volume.manager [req-6749f98f-2fc2-44d0-bbb0-31c045f44a78 req-99f367d8-10b4-4f9b-9aa6-657a64e132c0 66ad7bb3d9df4a42bbc67209827b4cfe 15bc970f219542e0adad62df41cbb1fd - - default default] Deleted volume successfully.
2026-09-29 16:22:12.169 77 INFO cinder.volume.drivers.lightos [None req-b1c186fe-e86d-4f49-82bc-03545f060c0e 4bd63987df5b467492fa28f54254903c 4bd3c001da9e46e6a296dcc6de8e823a - - default default] Invoking delete_volume using DELETE url: /api/v2/projects/default/volumes/588b12fb-de7a-452e-88c2-75507b7f0c54?             request.body:  ssl_verify: False
2026-09-29 16:22:12.208 77 WARNING py.warnings [None req-b1c186fe-e86d-4f49-82bc-03545f060c0e 4bd63987df5b467492fa28f54254903c 4bd3c001da9e46e6a296dcc6de8e823a - - default default] /var/lib/kolla/venv/lib/python3.12/site-packages/urllib3/connectionpool.py:1110: InsecureRequestWarning: Unverified HTTPS request is being made to host '[LB_IP_ADDRESS]'. Adding certificate verification is strongly advised. See: https://urllib3.readthedocs.io/en/latest/advanced-usage.html#tls-warnings
  warnings.warn(
: NotImplementedError
2026-09-29 16:22:12.231 77 INFO cinder.volume.drivers.lightos [None req-b1c186fe-e86d-4f49-82bc-03545f060c0e 4bd63987df5b467492fa28f54254903c 4bd3c001da9e46e6a296dcc6de8e823a - - default default] Invoking get_volume using GET url: /api/v2/projects/default/volumes/588b12fb-de7a-452e-88c2-75507b7f0c54             request.body: {} ssl_verify: False
2026-09-29 16:22:12.278 77 WARNING py.warnings [None req-b1c186fe-e86d-4f49-82bc-03545f060c0e 4bd63987df5b467492fa28f54254903c 4bd3c001da9e46e6a296dcc6de8e823a - - default default] /var/lib/kolla/venv/lib/python3.12/site-packages/urllib3/connectionpool.py:1110: InsecureRequestWarning: Unverified HTTPS request is being made to host '[LB_IP_ADDRESS]'. Adding certificate verification is strongly advised. See: https://urllib3.readthedocs.io/en/latest/advanced-usage.html#tls-warnings
  warnings.warn(
: NotImplementedError
2026-09-29 16:22:12.411 77 WARNING cinder.db.api [None req-b1c186fe-e86d-4f49-82bc-03545f060c0e 4bd63987df5b467492fa28f54254903c 4bd3c001da9e46e6a296dcc6de8e823a - - default default] Reservation would make usage less than 0 for the following resources, so on commit they will be limited to prevent going below 0: ['gigabytes', 'gigabytes_tempest-GroupSnapshotsTest-volume-type-1104363423']
2026-09-29 16:22:12.466 77 INFO cinder.volume.manager [None req-b1c186fe-e86d-4f49-82bc-03545f060c0e 4bd63987df5b467492fa28f54254903c 4bd3c001da9e46e6a296dcc6de8e823a - - default default] Delete group completed successfully.
2026-09-29 16:22:13.522 77 INFO cinder.volume.manager [None req-dacc3f40-d9a1-42bc-9861-922d15a2278c f89188abc7ce469da1b157aa82702e92 3097eb623bc24dfeba8f8dc0f69b7744 - - - -] Group tempest-GroupSnapshotsV319Test-Group-1853417009: creating
2026-09-29 16:22:13.537 77 INFO cinder.volume.manager [None req-dacc3f40-d9a1-42bc-9861-922d15a2278c f89188abc7ce469da1b157aa82702e92 3097eb623bc24dfeba8f8dc0f69b7744 - - - -] Group tempest-GroupSnapshotsV319Test-Group-1853417009: created successfully
2026-09-29 16:22:13.541 77 INFO cinder.volume.manager [None req-dacc3f40-d9a1-42bc-9861-922d15a2278c f89188abc7ce469da1b157aa82702e92 3097eb623bc24dfeba8f8dc0f69b7744 - - - -] Create group completed successfully.
2026-09-29 16:22:13.631 77 INFO cinder.volume.manager [None req-dfbc317f-548e-4151-b094-2853c89a3f00 4bd63987df5b467492fa28f54254903c 4bd3c001da9e46e6a296dcc6de8e823a - - - -] Group tempest-GroupSnapshotsTest-Group-1843008823: creating
2026-09-29 16:22:13.647 77 INFO cinder.volume.manager [None req-dfbc317f-548e-4151-b094-2853c89a3f00 4bd63987df5b467492fa28f54254903c 4bd3c001da9e46e6a296dcc6de8e823a - - - -] Group tempest-GroupSnapshotsTest-Group-1843008823: created successfully
2026-09-29 16:22:13.654 77 INFO cinder.volume.manager [None req-dfbc317f-548e-4151-b094-2853c89a3f00 4bd63987df5b467492fa28f54254903c 4bd3c001da9e46e6a296dcc6de8e823a - - - -] Create group completed successfully.
2026-09-29 16:22:15.032 77 INFO cinder.volume.flows.manager.create_volume [None req-c5bbe845-1db8-4edd-a9b2-a530a6a63e0a f89188abc7ce469da1b157aa82702e92 3097eb623bc24dfeba8f8dc0f69b7744 - - - -] Volume ac0a9092-7508-491d-8b43-844c1897efa7: being created as raw with specification: {'status': 'creating', 'volume_name': 'vol_ac0a9092-7508-491d-8b43-844c1897efa7', 'volume_size': 1}
2026-09-29 16:22:15.033 77 INFO cinder.volume.drivers.lightos [None req-c5bbe845-1db8-4edd-a9b2-a530a6a63e0a f89188abc7ce469da1b157aa82702e92 3097eb623bc24dfeba8f8dc0f69b7744 - - - -] Invoking get_volume_by_name using GET url: /api/v2/projects/default/volumes/?name=vol_ac0a9092-7508-491d-8b43-844c1897efa7             request.body: {} ssl_verify: False
2026-09-29 16:22:15.069 77 WARNING py.warnings [None req-c5bbe845-1db8-4edd-a9b2-a530a6a63e0a f89188abc7ce469da1b157aa82702e92 3097eb623bc24dfeba8f8dc0f69b7744 - - - -] /var/lib/kolla/venv/lib/python3.12/site-packages/urllib3/connectionpool.py:1110: InsecureRequestWarning: Unverified HTTPS request is being made to host '[LB_IP_ADDRESS]'. Adding certificate verification is strongly advised. See: https://urllib3.readthedocs.io/en/latest/advanced-usage.html#tls-warnings
  warnings.warn(

2026-09-29 16:22:15.086 77 INFO cinder.volume.drivers.lightos [None req-c5bbe845-1db8-4edd-a9b2-a530a6a63e0a f89188abc7ce469da1b157aa82702e92 3097eb623bc24dfeba8f8dc0f69b7744 - - - -] Invoking create_volume using POST url: /api/v2/projects/default/volumes             request.body: {'name': 'vol_ac0a9092-7508-491d-8b43-844c1897efa7', 'size': '1 gib', 'replicaCount': '3', 'compression': 'False', 'acl': {'values': ['ALLOW_NONE']}, 'IPAcl': {'values': ['ALLOW_NONE']}, 'sourceSnapshotUUID': None, 'sourceSnapshotName': None} ssl_verify: False
2026-09-29 16:22:15.131 77 WARNING py.warnings [None req-c5bbe845-1db8-4edd-a9b2-a530a6a63e0a f89188abc7ce469da1b157aa82702e92 3097eb623bc24dfeba8f8dc0f69b7744 - - - -] /var/lib/kolla/venv/lib/python3.12/site-packages/urllib3/connectionpool.py:1110: InsecureRequestWarning: Unverified HTTPS request is being made to host '[LB_IP_ADDRESS]'. Adding certificate verification is strongly advised. See: https://urllib3.readthedocs.io/en/latest/advanced-usage.html#tls-warnings
  warnings.warn(

2026-09-29 16:22:15.146 77 INFO cinder.volume.flows.manager.create_volume [None req-8ec23680-61b2-4b0c-b0bf-b500d3c9eb9e 4bd63987df5b467492fa28f54254903c 4bd3c001da9e46e6a296dcc6de8e823a - - - -] Volume 99ccae98-22e9-4bc4-8152-0a138b0cc865: being created as raw with specification: {'status': 'creating', 'volume_name': 'vol_99ccae98-22e9-4bc4-8152-0a138b0cc865', 'volume_size': 1}
2026-09-29 16:22:15.146 77 INFO cinder.volume.drivers.lightos [None req-8ec23680-61b2-4b0c-b0bf-b500d3c9eb9e 4bd63987df5b467492fa28f54254903c 4bd3c001da9e46e6a296dcc6de8e823a - - - -] Invoking get_volume_by_name using GET url: /api/v2/projects/default/volumes/?name=vol_99ccae98-22e9-4bc4-8152-0a138b0cc865             request.body: {} ssl_verify: False
2026-09-29 16:22:15.175 77 INFO cinder.volume.drivers.lightos [None req-c5bbe845-1db8-4edd-a9b2-a530a6a63e0a f89188abc7ce469da1b157aa82702e92 3097eb623bc24dfeba8f8dc0f69b7744 - - - -] Invoking get_volume using GET url: /api/v2/projects/default/volumes/8a958f6f-207b-44a6-af8f-c0ab40abcaa1             request.body: {} ssl_verify: False
2026-09-29 16:22:15.205 77 WARNING py.warnings [None req-8ec23680-61b2-4b0c-b0bf-b500d3c9eb9e 4bd63987df5b467492fa28f54254903c 4bd3c001da9e46e6a296dcc6de8e823a - - - -] /var/lib/kolla/venv/lib/python3.12/site-packages/urllib3/connectionpool.py:1110: InsecureRequestWarning: Unverified HTTPS request is being made to host '[LB_IP_ADDRESS]'. Adding certificate verification is strongly advised. See: https://urllib3.readthedocs.io/en/latest/advanced-usage.html#tls-warnings
  warnings.warn(

2026-09-29 16:22:15.239 77 WARNING py.warnings [None req-c5bbe845-1db8-4edd-a9b2-a530a6a63e0a f89188abc7ce469da1b157aa82702e92 3097eb623bc24dfeba8f8dc0f69b7744 - - - -] /var/lib/kolla/venv/lib/python3.12/site-packages/urllib3/connectionpool.py:1110: InsecureRequestWarning: Unverified HTTPS request is being made to host '[LB_IP_ADDRESS]'. Adding certificate verification is strongly advised. See: https://urllib3.readthedocs.io/en/latest/advanced-usage.html#tls-warnings
  warnings.warn(

2026-09-29 16:22:15.274 77 INFO cinder.volume.drivers.lightos [None req-8ec23680-61b2-4b0c-b0bf-b500d3c9eb9e 4bd63987df5b467492fa28f54254903c 4bd3c001da9e46e6a296dcc6de8e823a - - - -] Invoking create_volume using POST url: /api/v2/projects/default/volumes             request.body: {'name': 'vol_99ccae98-22e9-4bc4-8152-0a138b0cc865', 'size': '1 gib', 'replicaCount': '3', 'compression': 'False', 'acl': {'values': ['ALLOW_NONE']}, 'IPAcl': {'values': ['ALLOW_NONE']}, 'sourceSnapshotUUID': None, 'sourceSnapshotName': None} ssl_verify: False
2026-09-29 16:22:15.321 77 WARNING py.warnings [None req-8ec23680-61b2-4b0c-b0bf-b500d3c9eb9e 4bd63987df5b467492fa28f54254903c 4bd3c001da9e46e6a296dcc6de8e823a - - - -] /var/lib/kolla/venv/lib/python3.12/site-packages/urllib3/connectionpool.py:1110: InsecureRequestWarning: Unverified HTTPS request is being made to host '[LB_IP_ADDRESS]'. Adding certificate verification is strongly advised. See: https://urllib3.readthedocs.io/en/latest/advanced-usage.html#tls-warnings
  warnings.warn(

2026-09-29 16:22:15.325 77 INFO cinder.volume.flows.manager.create_volume [None req-c5bbe845-1db8-4edd-a9b2-a530a6a63e0a f89188abc7ce469da1b157aa82702e92 3097eb623bc24dfeba8f8dc0f69b7744 - - - -] Volume vol_ac0a9092-7508-491d-8b43-844c1897efa7 (ac0a9092-7508-491d-8b43-844c1897efa7): created successfully
2026-09-29 16:22:15.336 77 INFO cinder.volume.manager [None req-c5bbe845-1db8-4edd-a9b2-a530a6a63e0a f89188abc7ce469da1b157aa82702e92 3097eb623bc24dfeba8f8dc0f69b7744 - - - -] Created volume successfully.
2026-09-29 16:22:15.348 77 INFO cinder.volume.drivers.lightos [None req-8ec23680-61b2-4b0c-b0bf-b500d3c9eb9e 4bd63987df5b467492fa28f54254903c 4bd3c001da9e46e6a296dcc6de8e823a - - - -] Invoking get_volume using GET url: /api/v2/projects/default/volumes/bf310fbc-0355-4401-ac23-a1438ad11c18             request.body: {} ssl_verify: False
2026-09-29 16:22:15.393 77 WARNING py.warnings [None req-8ec23680-61b2-4b0c-b0bf-b500d3c9eb9e 4bd63987df5b467492fa28f54254903c 4bd3c001da9e46e6a296dcc6de8e823a - - - -] /var/lib/kolla/venv/lib/python3.12/site-packages/urllib3/connectionpool.py:1110: InsecureRequestWarning: Unverified HTTPS request is being made to host '[LB_IP_ADDRESS]'. Adding certificate verification is strongly advised. See: https://urllib3.readthedocs.io/en/latest/advanced-usage.html#tls-warnings
  warnings.warn(

2026-09-29 16:22:16.283 77 INFO cinder.volume.manager [None req-9a130f53-163c-48b3-b95d-9d13974de75b f89188abc7ce469da1b157aa82702e92 3097eb623bc24dfeba8f8dc0f69b7744 - - default default] GroupSnapshot da020769-0e53-42c0-a82e-548f54d1409d: creating.
2026-09-29 16:22:16.319 77 INFO cinder.volume.drivers.lightos [None req-9a130f53-163c-48b3-b95d-9d13974de75b f89188abc7ce469da1b157aa82702e92 3097eb623bc24dfeba8f8dc0f69b7744 - - default default] Invoking get_snapshot_by_name using GET url: /api/v2/projects/default/snapshots/?Name=snapshot-e7096380-b1ad-42fc-8045-9074d7a614a5             request.body: {} ssl_verify: False
2026-09-29 16:22:16.359 77 WARNING py.warnings [None req-9a130f53-163c-48b3-b95d-9d13974de75b f89188abc7ce469da1b157aa82702e92 3097eb623bc24dfeba8f8dc0f69b7744 - - default default] /var/lib/kolla/venv/lib/python3.12/site-packages/urllib3/connectionpool.py:1110: InsecureRequestWarning: Unverified HTTPS request is being made to host '[LB_IP_ADDRESS]'. Adding certificate verification is strongly advised. See: https://urllib3.readthedocs.io/en/latest/advanced-usage.html#tls-warnings
  warnings.warn(
: NotImplementedError
2026-09-29 16:22:16.371 77 INFO cinder.volume.drivers.lightos [None req-9a130f53-163c-48b3-b95d-9d13974de75b f89188abc7ce469da1b157aa82702e92 3097eb623bc24dfeba8f8dc0f69b7744 - - default default] Invoking create_snapshot using POST url: /api/v2/projects/default/snapshots             request.body: {'name': 'snapshot-e7096380-b1ad-42fc-8045-9074d7a614a5', 'sourceVolumeUUID': None, 'sourceVolumeName': 'vol_ac0a9092-7508-491d-8b43-844c1897efa7'} ssl_verify: False
2026-09-29 16:22:16.409 77 INFO cinder.volume.drivers.lightos [None req-8ec23680-61b2-4b0c-b0bf-b500d3c9eb9e 4bd63987df5b467492fa28f54254903c 4bd3c001da9e46e6a296dcc6de8e823a - - - -] Invoking get_volume using GET url: /api/v2/projects/default/volumes/bf310fbc-0355-4401-ac23-a1438ad11c18             request.body: {} ssl_verify: False
2026-09-29 16:22:16.438 77 WARNING py.warnings [None req-9a130f53-163c-48b3-b95d-9d13974de75b f89188abc7ce469da1b157aa82702e92 3097eb623bc24dfeba8f8dc0f69b7744 - - default default] /var/lib/kolla/venv/lib/python3.12/site-packages/urllib3/connectionpool.py:1110: InsecureRequestWarning: Unverified HTTPS request is being made to host '[LB_IP_ADDRESS]'. Adding certificate verification is strongly advised. See: https://urllib3.readthedocs.io/en/latest/advanced-usage.html#tls-warnings
  warnings.warn(
: NotImplementedError
2026-09-29 16:22:16.445 77 WARNING py.warnings [None req-8ec23680-61b2-4b0c-b0bf-b500d3c9eb9e 4bd63987df5b467492fa28f54254903c 4bd3c001da9e46e6a296dcc6de8e823a - - - -] /var/lib/kolla/venv/lib/python3.12/site-packages/urllib3/connectionpool.py:1110: InsecureRequestWarning: Unverified HTTPS request is being made to host '[LB_IP_ADDRESS]'. Adding certificate verification is strongly advised. See: https://urllib3.readthedocs.io/en/latest/advanced-usage.html#tls-warnings
  warnings.warn(

2026-09-29 16:22:16.483 77 INFO cinder.volume.flows.manager.create_volume [None req-8ec23680-61b2-4b0c-b0bf-b500d3c9eb9e 4bd63987df5b467492fa28f54254903c 4bd3c001da9e46e6a296dcc6de8e823a - - - -] Volume vol_99ccae98-22e9-4bc4-8152-0a138b0cc865 (99ccae98-22e9-4bc4-8152-0a138b0cc865): created successfully
2026-09-29 16:22:16.493 77 INFO cinder.volume.manager [None req-8ec23680-61b2-4b0c-b0bf-b500d3c9eb9e 4bd63987df5b467492fa28f54254903c 4bd3c001da9e46e6a296dcc6de8e823a - - - -] Created volume successfully.
2026-09-29 16:22:16.508 77 INFO cinder.volume.drivers.lightos [None req-9a130f53-163c-48b3-b95d-9d13974de75b f89188abc7ce469da1b157aa82702e92 3097eb623bc24dfeba8f8dc0f69b7744 - - default default] Invoking get_snapshot_by_name using GET url: /api/v2/projects/default/snapshots/?Name=snapshot-e7096380-b1ad-42fc-8045-9074d7a614a5             request.body: {} ssl_verify: False
2026-09-29 16:22:16.551 77 WARNING py.warnings [None req-9a130f53-163c-48b3-b95d-9d13974de75b f89188abc7ce469da1b157aa82702e92 3097eb623bc24dfeba8f8dc0f69b7744 - - default default] /var/lib/kolla/venv/lib/python3.12/site-packages/urllib3/connectionpool.py:1110: InsecureRequestWarning: Unverified HTTPS request is being made to host '[LB_IP_ADDRESS]'. Adding certificate verification is strongly advised. See: https://urllib3.readthedocs.io/en/latest/advanced-usage.html#tls-warnings
  warnings.warn(
: NotImplementedError
2026-09-29 16:22:17.576 77 INFO cinder.volume.drivers.lightos [None req-9a130f53-163c-48b3-b95d-9d13974de75b f89188abc7ce469da1b157aa82702e92 3097eb623bc24dfeba8f8dc0f69b7744 - - default default] Invoking get_snapshot_by_name using GET url: /api/v2/projects/default/snapshots/?Name=snapshot-e7096380-b1ad-42fc-8045-9074d7a614a5             request.body: {} ssl_verify: False
2026-09-29 16:22:17.623 77 WARNING py.warnings [None req-9a130f53-163c-48b3-b95d-9d13974de75b f89188abc7ce469da1b157aa82702e92 3097eb623bc24dfeba8f8dc0f69b7744 - - default default] /var/lib/kolla/venv/lib/python3.12/site-packages/urllib3/connectionpool.py:1110: InsecureRequestWarning: Unverified HTTPS request is being made to host '[LB_IP_ADDRESS]'. Adding certificate verification is strongly advised. See: https://urllib3.readthedocs.io/en/latest/advanced-usage.html#tls-warnings
  warnings.warn(
: NotImplementedError
2026-09-29 16:22:17.676 77 INFO cinder.volume.manager [None req-9a130f53-163c-48b3-b95d-9d13974de75b f89188abc7ce469da1b157aa82702e92 3097eb623bc24dfeba8f8dc0f69b7744 - - default default] group_snapshot da020769-0e53-42c0-a82e-548f54d1409d: created successfully
2026-09-29 16:22:17.713 77 INFO cinder.volume.flows.manager.create_volume [None req-a52c1e97-5261-45a4-af31-341858587d4d 4bd63987df5b467492fa28f54254903c 4bd3c001da9e46e6a296dcc6de8e823a - - - -] Volume 8f7c5c30-c9b5-4b5c-b52a-5b52c0ee57cf: being created as raw with specification: {'status': 'creating', 'volume_name': 'vol_8f7c5c30-c9b5-4b5c-b52a-5b52c0ee57cf', 'volume_size': 1}
2026-09-29 16:22:17.714 77 INFO cinder.volume.drivers.lightos [None req-a52c1e97-5261-45a4-af31-341858587d4d 4bd63987df5b467492fa28f54254903c 4bd3c001da9e46e6a296dcc6de8e823a - - - -] Invoking get_volume_by_name using GET url: /api/v2/projects/default/volumes/?name=vol_8f7c5c30-c9b5-4b5c-b52a-5b52c0ee57cf             request.body: {} ssl_verify: False
2026-09-29 16:22:17.748 77 WARNING py.warnings [None req-a52c1e97-5261-45a4-af31-341858587d4d 4bd63987df5b467492fa28f54254903c 4bd3c001da9e46e6a296dcc6de8e823a - - - -] /var/lib/kolla/venv/lib/python3.12/site-packages/urllib3/connectionpool.py:1110: InsecureRequestWarning: Unverified HTTPS request is being made to host '[LB_IP_ADDRESS]'. Adding certificate verification is strongly advised. See: https://urllib3.readthedocs.io/en/latest/advanced-usage.html#tls-warnings
  warnings.warn(

2026-09-29 16:22:17.757 77 INFO cinder.volume.drivers.lightos [None req-a52c1e97-5261-45a4-af31-341858587d4d 4bd63987df5b467492fa28f54254903c 4bd3c001da9e46e6a296dcc6de8e823a - - - -] Invoking create_volume using POST url: /api/v2/projects/default/volumes             request.body: {'name': 'vol_8f7c5c30-c9b5-4b5c-b52a-5b52c0ee57cf', 'size': '1 gib', 'replicaCount': '3', 'compression': 'False', 'acl': {'values': ['ALLOW_NONE']}, 'IPAcl': {'values': ['ALLOW_NONE']}, 'sourceSnapshotUUID': None, 'sourceSnapshotName': None} ssl_verify: False
2026-09-29 16:22:17.797 77 WARNING py.warnings [None req-a52c1e97-5261-45a4-af31-341858587d4d 4bd63987df5b467492fa28f54254903c 4bd3c001da9e46e6a296dcc6de8e823a - - - -] /var/lib/kolla/venv/lib/python3.12/site-packages/urllib3/connectionpool.py:1110: InsecureRequestWarning: Unverified HTTPS request is being made to host '[LB_IP_ADDRESS]'. Adding certificate verification is strongly advised. See: https://urllib3.readthedocs.io/en/latest/advanced-usage.html#tls-warnings
  warnings.warn(

2026-09-29 16:22:17.821 77 INFO cinder.volume.drivers.lightos [None req-a52c1e97-5261-45a4-af31-341858587d4d 4bd63987df5b467492fa28f54254903c 4bd3c001da9e46e6a296dcc6de8e823a - - - -] Invoking get_volume using GET url: /api/v2/projects/default/volumes/1c0d780e-1cf3-4955-8a1b-949ae582faaf             request.body: {} ssl_verify: False
2026-09-29 16:22:17.866 77 WARNING py.warnings [None req-a52c1e97-5261-45a4-af31-341858587d4d 4bd63987df5b467492fa28f54254903c 4bd3c001da9e46e6a296dcc6de8e823a - - - -] /var/lib/kolla/venv/lib/python3.12/site-packages/urllib3/connectionpool.py:1110: InsecureRequestWarning: Unverified HTTPS request is being made to host '[LB_IP_ADDRESS]'. Adding certificate verification is strongly advised. See: https://urllib3.readthedocs.io/en/latest/advanced-usage.html#tls-warnings
  warnings.warn(

2026-09-29 16:22:18.734 77 INFO cinder.volume.manager [None req-10699895-b5de-4250-a072-d7ce1ce04a5e f89188abc7ce469da1b157aa82702e92 3097eb623bc24dfeba8f8dc0f69b7744 - - default default] group_snapshot da020769-0e53-42c0-a82e-548f54d1409d: deleting
2026-09-29 16:22:18.765 77 INFO cinder.volume.drivers.lightos [None req-10699895-b5de-4250-a072-d7ce1ce04a5e f89188abc7ce469da1b157aa82702e92 3097eb623bc24dfeba8f8dc0f69b7744 - - default default] Invoking get_snapshot_by_name using GET url: /api/v2/projects/default/snapshots/?Name=snapshot-e7096380-b1ad-42fc-8045-9074d7a614a5             request.body: {} ssl_verify: False
2026-09-29 16:22:18.804 77 WARNING py.warnings [None req-10699895-b5de-4250-a072-d7ce1ce04a5e f89188abc7ce469da1b157aa82702e92 3097eb623bc24dfeba8f8dc0f69b7744 - - default default] /var/lib/kolla/venv/lib/python3.12/site-packages/urllib3/connectionpool.py:1110: InsecureRequestWarning: Unverified HTTPS request is being made to host '[LB_IP_ADDRESS]'. Adding certificate verification is strongly advised. See: https://urllib3.readthedocs.io/en/latest/advanced-usage.html#tls-warnings
  warnings.warn(
: NotImplementedError
2026-09-29 16:22:18.819 77 INFO cinder.volume.drivers.lightos [None req-10699895-b5de-4250-a072-d7ce1ce04a5e f89188abc7ce469da1b157aa82702e92 3097eb623bc24dfeba8f8dc0f69b7744 - - default default] Invoking delete_snapshot using DELETE url: /api/v2/projects/default/snapshots/9f150be7-738f-463a-bf4f-d316df9ba125?             request.body:  ssl_verify: False
2026-09-29 16:22:18.865 77 WARNING py.warnings [None req-10699895-b5de-4250-a072-d7ce1ce04a5e f89188abc7ce469da1b157aa82702e92 3097eb623bc24dfeba8f8dc0f69b7744 - - default default] /var/lib/kolla/venv/lib/python3.12/site-packages/urllib3/connectionpool.py:1110: InsecureRequestWarning: Unverified HTTPS request is being made to host '[LB_IP_ADDRESS]'. Adding certificate verification is strongly advised. See: https://urllib3.readthedocs.io/en/latest/advanced-usage.html#tls-warnings
  warnings.warn(
: NotImplementedError
2026-09-29 16:22:18.878 77 INFO cinder.volume.drivers.lightos [None req-a52c1e97-5261-45a4-af31-341858587d4d 4bd63987df5b467492fa28f54254903c 4bd3c001da9e46e6a296dcc6de8e823a - - - -] Invoking get_volume using GET url: /api/v2/projects/default/volumes/1c0d780e-1cf3-4955-8a1b-949ae582faaf             request.body: {} ssl_verify: False
2026-09-29 16:22:18.936 77 WARNING py.warnings [None req-a52c1e97-5261-45a4-af31-341858587d4d 4bd63987df5b467492fa28f54254903c 4bd3c001da9e46e6a296dcc6de8e823a - - - -] /var/lib/kolla/venv/lib/python3.12/site-packages/urllib3/connectionpool.py:1110: InsecureRequestWarning: Unverified HTTPS request is being made to host '[LB_IP_ADDRESS]'. Adding certificate verification is strongly advised. See: https://urllib3.readthedocs.io/en/latest/advanced-usage.html#tls-warnings
  warnings.warn(

2026-09-29 16:22:18.940 77 INFO cinder.volume.drivers.lightos [None req-10699895-b5de-4250-a072-d7ce1ce04a5e f89188abc7ce469da1b157aa82702e92 3097eb623bc24dfeba8f8dc0f69b7744 - - default default] Invoking get_snapshot using GET url: /api/v2/projects/default/snapshots/9f150be7-738f-463a-bf4f-d316df9ba125             request.body: {} ssl_verify: False
2026-09-29 16:22:18.979 77 WARNING py.warnings [None req-10699895-b5de-4250-a072-d7ce1ce04a5e f89188abc7ce469da1b157aa82702e92 3097eb623bc24dfeba8f8dc0f69b7744 - - default default] /var/lib/kolla/venv/lib/python3.12/site-packages/urllib3/connectionpool.py:1110: InsecureRequestWarning: Unverified HTTPS request is being made to host '[LB_IP_ADDRESS]'. Adding certificate verification is strongly advised. See: https://urllib3.readthedocs.io/en/latest/advanced-usage.html#tls-warnings
  warnings.warn(
: NotImplementedError
2026-09-29 16:22:18.986 77 INFO cinder.volume.flows.manager.create_volume [None req-a52c1e97-5261-45a4-af31-341858587d4d 4bd63987df5b467492fa28f54254903c 4bd3c001da9e46e6a296dcc6de8e823a - - - -] Volume vol_8f7c5c30-c9b5-4b5c-b52a-5b52c0ee57cf (8f7c5c30-c9b5-4b5c-b52a-5b52c0ee57cf): created successfully
2026-09-29 16:22:18.996 77 INFO cinder.volume.manager [None req-a52c1e97-5261-45a4-af31-341858587d4d 4bd63987df5b467492fa28f54254903c 4bd3c001da9e46e6a296dcc6de8e823a - - - -] Created volume successfully.
2026-09-29 16:22:19.040 77 WARNING cinder.quota [None req-10699895-b5de-4250-a072-d7ce1ce04a5e f89188abc7ce469da1b157aa82702e92 3097eb623bc24dfeba8f8dc0f69b7744 - - default default] Deprecated: Default quota for resource: gigabytes_tempest-GroupSnapshotsV319Test-volume-type-2068905074 is set by the default quota flag: quota_gigabytes_tempest-GroupSnapshotsV319Test-volume-type-2068905074, it is now deprecated. Please use the default quota class for default quota.
2026-09-29 16:22:19.041 77 WARNING cinder.quota [None req-10699895-b5de-4250-a072-d7ce1ce04a5e f89188abc7ce469da1b157aa82702e92 3097eb623bc24dfeba8f8dc0f69b7744 - - default default] Deprecated: Default quota for resource: snapshots_tempest-GroupSnapshotsV319Test-volume-type-2068905074 is set by the default quota flag: quota_snapshots_tempest-GroupSnapshotsV319Test-volume-type-2068905074, it is now deprecated. Please use the default quota class for default quota.
2026-09-29 16:22:19.076 77 INFO cinder.volume.manager [None req-10699895-b5de-4250-a072-d7ce1ce04a5e f89188abc7ce469da1b157aa82702e92 3097eb623bc24dfeba8f8dc0f69b7744 - - default default] group_snapshot da020769-0e53-42c0-a82e-548f54d1409d: deleted successfully
2026-09-29 16:22:19.951 77 INFO cinder.volume.manager [None req-c5de9f8c-b5ba-4015-9b41-b3d48f3bbed0 4bd63987df5b467492fa28f54254903c 4bd3c001da9e46e6a296dcc6de8e823a - - default default] Update group completed successfully.
2026-09-29 16:22:20.028 77 INFO cinder.volume.drivers.lightos [None req-e6729f15-03f4-471d-a0c3-ee1a2ff59da7 f89188abc7ce469da1b157aa82702e92 3097eb623bc24dfeba8f8dc0f69b7744 - - default default] Invoking delete_volume using DELETE url: /api/v2/projects/default/volumes/8a958f6f-207b-44a6-af8f-c0ab40abcaa1?             request.body:  ssl_verify: False
2026-09-29 16:22:20.074 77 WARNING py.warnings [None req-e6729f15-03f4-471d-a0c3-ee1a2ff59da7 f89188abc7ce469da1b157aa82702e92 3097eb623bc24dfeba8f8dc0f69b7744 - - default default] /var/lib/kolla/venv/lib/python3.12/site-packages/urllib3/connectionpool.py:1110: InsecureRequestWarning: Unverified HTTPS request is being made to host '[LB_IP_ADDRESS]'. Adding certificate verification is strongly advised. See: https://urllib3.readthedocs.io/en/latest/advanced-usage.html#tls-warnings
  warnings.warn(
: NotImplementedError
2026-09-29 16:22:20.147 77 INFO cinder.volume.drivers.lightos [None req-e6729f15-03f4-471d-a0c3-ee1a2ff59da7 f89188abc7ce469da1b157aa82702e92 3097eb623bc24dfeba8f8dc0f69b7744 - - default default] Invoking get_volume using GET url: /api/v2/projects/default/volumes/8a958f6f-207b-44a6-af8f-c0ab40abcaa1             request.body: {} ssl_verify: False
2026-09-29 16:22:20.191 77 WARNING py.warnings [None req-e6729f15-03f4-471d-a0c3-ee1a2ff59da7 f89188abc7ce469da1b157aa82702e92 3097eb623bc24dfeba8f8dc0f69b7744 - - default default] /var/lib/kolla/venv/lib/python3.12/site-packages/urllib3/connectionpool.py:1110: InsecureRequestWarning: Unverified HTTPS request is being made to host '[LB_IP_ADDRESS]'. Adding certificate verification is strongly advised. See: https://urllib3.readthedocs.io/en/latest/advanced-usage.html#tls-warnings
  warnings.warn(
: NotImplementedError
2026-09-29 16:22:20.328 77 WARNING cinder.quota [None req-e6729f15-03f4-471d-a0c3-ee1a2ff59da7 f89188abc7ce469da1b157aa82702e92 3097eb623bc24dfeba8f8dc0f69b7744 - - default default] Deprecated: Default quota for resource: volumes_tempest-GroupSnapshotsV319Test-volume-type-2068905074 is set by the default quota flag: quota_volumes_tempest-GroupSnapshotsV319Test-volume-type-2068905074, it is now deprecated. Please use the default quota class for default quota.
2026-09-29 16:22:20.395 77 INFO cinder.volume.manager [None req-e6729f15-03f4-471d-a0c3-ee1a2ff59da7 f89188abc7ce469da1b157aa82702e92 3097eb623bc24dfeba8f8dc0f69b7744 - - default default] Delete group completed successfully.
2026-09-29 16:22:21.090 77 INFO cinder.volume.manager [None req-226467e3-b4d0-47c4-b365-c75e25042799 4bd63987df5b467492fa28f54254903c 4bd3c001da9e46e6a296dcc6de8e823a - - default default] Update group completed successfully.
2026-09-29 16:22:22.201 77 INFO cinder.volume.manager [None req-5fea5cb8-4746-4b24-8d30-2659b65a6ae2 4bd63987df5b467492fa28f54254903c 4bd3c001da9e46e6a296dcc6de8e823a - - default default] Update group completed successfully.
2026-09-29 16:22:23.327 77 INFO cinder.volume.manager [None req-03da7624-77e5-485d-9a47-d6da5662ae05 4bd63987df5b467492fa28f54254903c 4bd3c001da9e46e6a296dcc6de8e823a - - default default] Update group completed successfully.
2026-09-29 16:22:24.623 77 INFO cinder.volume.manager [None req-8a986ff7-1cb2-4215-88d8-196d4d153e47 4bd63987df5b467492fa28f54254903c 4bd3c001da9e46e6a296dcc6de8e823a - - default default] GroupSnapshot d4da00a8-1483-4556-840e-4f7a59e1653b: creating.
2026-09-29 16:22:24.653 77 INFO cinder.volume.drivers.lightos [None req-8a986ff7-1cb2-4215-88d8-196d4d153e47 4bd63987df5b467492fa28f54254903c 4bd3c001da9e46e6a296dcc6de8e823a - - default default] Invoking get_snapshot_by_name using GET url: /api/v2/projects/default/snapshots/?Name=snapshot-7225f5e2-3d5f-44d0-918d-d3ac68d66432             request.body: {} ssl_verify: False
2026-09-29 16:22:24.696 77 WARNING py.warnings [None req-8a986ff7-1cb2-4215-88d8-196d4d153e47 4bd63987df5b467492fa28f54254903c 4bd3c001da9e46e6a296dcc6de8e823a - - default default] /var/lib/kolla/venv/lib/python3.12/site-packages/urllib3/connectionpool.py:1110: InsecureRequestWarning: Unverified HTTPS request is being made to host '[LB_IP_ADDRESS]'. Adding certificate verification is strongly advised. See: https://urllib3.readthedocs.io/en/latest/advanced-usage.html#tls-warnings
  warnings.warn(
: NotImplementedError
2026-09-29 16:22:24.745 77 INFO cinder.volume.drivers.lightos [None req-8a986ff7-1cb2-4215-88d8-196d4d153e47 4bd63987df5b467492fa28f54254903c 4bd3c001da9e46e6a296dcc6de8e823a - - default default] Invoking create_snapshot using POST url: /api/v2/projects/default/snapshots             request.body: {'name': 'snapshot-7225f5e2-3d5f-44d0-918d-d3ac68d66432', 'sourceVolumeUUID': None, 'sourceVolumeName': 'vol_8f7c5c30-c9b5-4b5c-b52a-5b52c0ee57cf'} ssl_verify: False
2026-09-29 16:22:24.787 77 WARNING py.warnings [None req-8a986ff7-1cb2-4215-88d8-196d4d153e47 4bd63987df5b467492fa28f54254903c 4bd3c001da9e46e6a296dcc6de8e823a - - default default] /var/lib/kolla/venv/lib/python3.12/site-packages/urllib3/connectionpool.py:1110: InsecureRequestWarning: Unverified HTTPS request is being made to host '[LB_IP_ADDRESS]'. Adding certificate verification is strongly advised. See: https://urllib3.readthedocs.io/en/latest/advanced-usage.html#tls-warnings
  warnings.warn(
: NotImplementedError
2026-09-29 16:22:24.942 77 INFO cinder.volume.drivers.lightos [None req-8a986ff7-1cb2-4215-88d8-196d4d153e47 4bd63987df5b467492fa28f54254903c 4bd3c001da9e46e6a296dcc6de8e823a - - default default] Invoking get_snapshot_by_name using GET url: /api/v2/projects/default/snapshots/?Name=snapshot-7225f5e2-3d5f-44d0-918d-d3ac68d66432             request.body: {} ssl_verify: False
2026-09-29 16:22:24.986 77 WARNING py.warnings [None req-8a986ff7-1cb2-4215-88d8-196d4d153e47 4bd63987df5b467492fa28f54254903c 4bd3c001da9e46e6a296dcc6de8e823a - - default default] /var/lib/kolla/venv/lib/python3.12/site-packages/urllib3/connectionpool.py:1110: InsecureRequestWarning: Unverified HTTPS request is being made to host '[LB_IP_ADDRESS]'. Adding certificate verification is strongly advised. See: https://urllib3.readthedocs.io/en/latest/advanced-usage.html#tls-warnings
  warnings.warn(
: NotImplementedError
2026-09-29 16:22:26.006 77 INFO cinder.volume.drivers.lightos [None req-8a986ff7-1cb2-4215-88d8-196d4d153e47 4bd63987df5b467492fa28f54254903c 4bd3c001da9e46e6a296dcc6de8e823a - - default default] Invoking get_snapshot_by_name using GET url: /api/v2/projects/default/snapshots/?Name=snapshot-7225f5e2-3d5f-44d0-918d-d3ac68d66432             request.body: {} ssl_verify: False
2026-09-29 16:22:26.052 77 WARNING py.warnings [None req-8a986ff7-1cb2-4215-88d8-196d4d153e47 4bd63987df5b467492fa28f54254903c 4bd3c001da9e46e6a296dcc6de8e823a - - default default] /var/lib/kolla/venv/lib/python3.12/site-packages/urllib3/connectionpool.py:1110: InsecureRequestWarning: Unverified HTTPS request is being made to host '[LB_IP_ADDRESS]'. Adding certificate verification is strongly advised. See: https://urllib3.readthedocs.io/en/latest/advanced-usage.html#tls-warnings
  warnings.warn(
: NotImplementedError
2026-09-29 16:22:26.086 77 INFO cinder.volume.drivers.lightos [None req-8a986ff7-1cb2-4215-88d8-196d4d153e47 4bd63987df5b467492fa28f54254903c 4bd3c001da9e46e6a296dcc6de8e823a - - default default] Invoking get_snapshot_by_name using GET url: /api/v2/projects/default/snapshots/?Name=snapshot-c1f1de97-1786-4fe1-83e5-7cc612928969             request.body: {} ssl_verify: False
2026-09-29 16:22:26.124 77 WARNING py.warnings [None req-8a986ff7-1cb2-4215-88d8-196d4d153e47 4bd63987df5b467492fa28f54254903c 4bd3c001da9e46e6a296dcc6de8e823a - - default default] /var/lib/kolla/venv/lib/python3.12/site-packages/urllib3/connectionpool.py:1110: InsecureRequestWarning: Unverified HTTPS request is being made to host '[LB_IP_ADDRESS]'. Adding certificate verification is strongly advised. See: https://urllib3.readthedocs.io/en/latest/advanced-usage.html#tls-warnings
  warnings.warn(
: NotImplementedError
2026-09-29 16:22:26.152 77 INFO cinder.volume.drivers.lightos [None req-8a986ff7-1cb2-4215-88d8-196d4d153e47 4bd63987df5b467492fa28f54254903c 4bd3c001da9e46e6a296dcc6de8e823a - - default default] Invoking create_snapshot using POST url: /api/v2/projects/default/snapshots             request.body: {'name': 'snapshot-c1f1de97-1786-4fe1-83e5-7cc612928969', 'sourceVolumeUUID': None, 'sourceVolumeName': 'vol_99ccae98-22e9-4bc4-8152-0a138b0cc865'} ssl_verify: False
2026-09-29 16:22:26.198 77 WARNING py.warnings [None req-8a986ff7-1cb2-4215-88d8-196d4d153e47 4bd63987df5b467492fa28f54254903c 4bd3c001da9e46e6a296dcc6de8e823a - - default default] /var/lib/kolla/venv/lib/python3.12/site-packages/urllib3/connectionpool.py:1110: InsecureRequestWarning: Unverified HTTPS request is being made to host '[LB_IP_ADDRESS]'. Adding certificate verification is strongly advised. See: https://urllib3.readthedocs.io/en/latest/advanced-usage.html#tls-warnings
  warnings.warn(
: NotImplementedError
2026-09-29 16:22:26.240 77 INFO cinder.volume.drivers.lightos [None req-8a986ff7-1cb2-4215-88d8-196d4d153e47 4bd63987df5b467492fa28f54254903c 4bd3c001da9e46e6a296dcc6de8e823a - - default default] Invoking get_snapshot_by_name using GET url: /api/v2/projects/default/snapshots/?Name=snapshot-c1f1de97-1786-4fe1-83e5-7cc612928969             request.body: {} ssl_verify: False
2026-09-29 16:22:26.334 77 WARNING py.warnings [None req-8a986ff7-1cb2-4215-88d8-196d4d153e47 4bd63987df5b467492fa28f54254903c 4bd3c001da9e46e6a296dcc6de8e823a - - default default] /var/lib/kolla/venv/lib/python3.12/site-packages/urllib3/connectionpool.py:1110: InsecureRequestWarning: Unverified HTTPS request is being made to host '[LB_IP_ADDRESS]'. Adding certificate verification is strongly advised. See: https://urllib3.readthedocs.io/en/latest/advanced-usage.html#tls-warnings
  warnings.warn(
: NotImplementedError
2026-09-29 16:22:26.696 77 INFO cinder.volume.manager [None req-5ae7ee20-7456-4a3d-b0dc-53212ef2d526 5dc0142ac2fd484998f9356a3c99dd83 555a96e9419d4898b83b865709060af2 - - - -] Group tempest-Group1-666059441: creating
2026-09-29 16:22:26.712 77 INFO cinder.volume.manager [None req-5ae7ee20-7456-4a3d-b0dc-53212ef2d526 5dc0142ac2fd484998f9356a3c99dd83 555a96e9419d4898b83b865709060af2 - - - -] Group tempest-Group1-666059441: created successfully
2026-09-29 16:22:26.720 77 INFO cinder.volume.manager [None req-5ae7ee20-7456-4a3d-b0dc-53212ef2d526 5dc0142ac2fd484998f9356a3c99dd83 555a96e9419d4898b83b865709060af2 - - - -] Create group completed successfully.
2026-09-29 16:22:27.380 77 INFO cinder.volume.drivers.lightos [None req-8a986ff7-1cb2-4215-88d8-196d4d153e47 4bd63987df5b467492fa28f54254903c 4bd3c001da9e46e6a296dcc6de8e823a - - default default] Invoking get_snapshot_by_name using GET url: /api/v2/projects/default/snapshots/?Name=snapshot-c1f1de97-1786-4fe1-83e5-7cc612928969             request.body: {} ssl_verify: False
2026-09-29 16:22:27.426 77 WARNING py.warnings [None req-8a986ff7-1cb2-4215-88d8-196d4d153e47 4bd63987df5b467492fa28f54254903c 4bd3c001da9e46e6a296dcc6de8e823a - - default default] /var/lib/kolla/venv/lib/python3.12/site-packages/urllib3/connectionpool.py:1110: InsecureRequestWarning: Unverified HTTPS request is being made to host '[LB_IP_ADDRESS]'. Adding certificate verification is strongly advised. See: https://urllib3.readthedocs.io/en/latest/advanced-usage.html#tls-warnings
  warnings.warn(
: NotImplementedError
2026-09-29 16:22:27.497 77 INFO cinder.volume.manager [None req-8a986ff7-1cb2-4215-88d8-196d4d153e47 4bd63987df5b467492fa28f54254903c 4bd3c001da9e46e6a296dcc6de8e823a - - default default] group_snapshot d4da00a8-1483-4556-840e-4f7a59e1653b: created successfully
2026-09-29 16:22:27.909 77 INFO cinder.volume.manager [None req-ca7eb327-2aeb-4a3a-b066-d53ca0bba625 5dc0142ac2fd484998f9356a3c99dd83 555a96e9419d4898b83b865709060af2 - - - -] Group tempest-Group2-99504245: creating
2026-09-29 16:22:27.915 77 INFO cinder.volume.manager [None req-591827d3-6ad6-4bcf-aa5d-bdf32b292ad9 4bd63987df5b467492fa28f54254903c 4bd3c001da9e46e6a296dcc6de8e823a - - default default] group_snapshot d4da00a8-1483-4556-840e-4f7a59e1653b: deleting
2026-09-29 16:22:27.927 77 INFO cinder.volume.manager [None req-ca7eb327-2aeb-4a3a-b066-d53ca0bba625 5dc0142ac2fd484998f9356a3c99dd83 555a96e9419d4898b83b865709060af2 - - - -] Group tempest-Group2-99504245: created successfully
2026-09-29 16:22:27.934 77 INFO cinder.volume.manager [None req-ca7eb327-2aeb-4a3a-b066-d53ca0bba625 5dc0142ac2fd484998f9356a3c99dd83 555a96e9419d4898b83b865709060af2 - - - -] Create group completed successfully.
2026-09-29 16:22:27.945 77 INFO cinder.volume.drivers.lightos [None req-591827d3-6ad6-4bcf-aa5d-bdf32b292ad9 4bd63987df5b467492fa28f54254903c 4bd3c001da9e46e6a296dcc6de8e823a - - default default] Invoking get_snapshot_by_name using GET url: /api/v2/projects/default/snapshots/?Name=snapshot-7225f5e2-3d5f-44d0-918d-d3ac68d66432             request.body: {} ssl_verify: False
2026-09-29 16:22:27.982 77 WARNING py.warnings [None req-591827d3-6ad6-4bcf-aa5d-bdf32b292ad9 4bd63987df5b467492fa28f54254903c 4bd3c001da9e46e6a296dcc6de8e823a - - default default] /var/lib/kolla/venv/lib/python3.12/site-packages/urllib3/connectionpool.py:1110: InsecureRequestWarning: Unverified HTTPS request is being made to host '[LB_IP_ADDRESS]'. Adding certificate verification is strongly advised. See: https://urllib3.readthedocs.io/en/latest/advanced-usage.html#tls-warnings
  warnings.warn(
: NotImplementedError
2026-09-29 16:22:27.996 77 INFO cinder.volume.drivers.lightos [None req-591827d3-6ad6-4bcf-aa5d-bdf32b292ad9 4bd63987df5b467492fa28f54254903c 4bd3c001da9e46e6a296dcc6de8e823a - - default default] Invoking delete_snapshot using DELETE url: /api/v2/projects/default/snapshots/5ba76eab-0364-4959-b8c3-4f3499699d17?             request.body:  ssl_verify: False
2026-09-29 16:22:28.044 77 WARNING py.warnings [None req-591827d3-6ad6-4bcf-aa5d-bdf32b292ad9 4bd63987df5b467492fa28f54254903c 4bd3c001da9e46e6a296dcc6de8e823a - - default default] /var/lib/kolla/venv/lib/python3.12/site-packages/urllib3/connectionpool.py:1110: InsecureRequestWarning: Unverified HTTPS request is being made to host '[LB_IP_ADDRESS]'. Adding certificate verification is strongly advised. See: https://urllib3.readthedocs.io/en/latest/advanced-usage.html#tls-warnings
  warnings.warn(
: NotImplementedError
2026-09-29 16:22:28.071 77 INFO cinder.volume.drivers.lightos [None req-591827d3-6ad6-4bcf-aa5d-bdf32b292ad9 4bd63987df5b467492fa28f54254903c 4bd3c001da9e46e6a296dcc6de8e823a - - default default] Invoking get_snapshot using GET url: /api/v2/projects/default/snapshots/5ba76eab-0364-4959-b8c3-4f3499699d17             request.body: {} ssl_verify: False
2026-09-29 16:22:28.118 77 WARNING py.warnings [None req-591827d3-6ad6-4bcf-aa5d-bdf32b292ad9 4bd63987df5b467492fa28f54254903c 4bd3c001da9e46e6a296dcc6de8e823a - - default default] /var/lib/kolla/venv/lib/python3.12/site-packages/urllib3/connectionpool.py:1110: InsecureRequestWarning: Unverified HTTPS request is being made to host '[LB_IP_ADDRESS]'. Adding certificate verification is strongly advised. See: https://urllib3.readthedocs.io/en/latest/advanced-usage.html#tls-warnings
  warnings.warn(
: NotImplementedError
2026-09-29 16:22:28.143 77 INFO cinder.volume.drivers.lightos [None req-591827d3-6ad6-4bcf-aa5d-bdf32b292ad9 4bd63987df5b467492fa28f54254903c 4bd3c001da9e46e6a296dcc6de8e823a - - default default] Invoking get_snapshot_by_name using GET url: /api/v2/projects/default/snapshots/?Name=snapshot-c1f1de97-1786-4fe1-83e5-7cc612928969             request.body: {} ssl_verify: False
2026-09-29 16:22:28.177 77 WARNING py.warnings [None req-591827d3-6ad6-4bcf-aa5d-bdf32b292ad9 4bd63987df5b467492fa28f54254903c 4bd3c001da9e46e6a296dcc6de8e823a - - default default] /var/lib/kolla/venv/lib/python3.12/site-packages/urllib3/connectionpool.py:1110: InsecureRequestWarning: Unverified HTTPS request is being made to host '[LB_IP_ADDRESS]'. Adding certificate verification is strongly advised. See: https://urllib3.readthedocs.io/en/latest/advanced-usage.html#tls-warnings
  warnings.warn(
: NotImplementedError
2026-09-29 16:22:28.187 77 INFO cinder.volume.drivers.lightos [None req-591827d3-6ad6-4bcf-aa5d-bdf32b292ad9 4bd63987df5b467492fa28f54254903c 4bd3c001da9e46e6a296dcc6de8e823a - - default default] Invoking delete_snapshot using DELETE url: /api/v2/projects/default/snapshots/539ea5b7-fab5-4fb2-800d-bdcc7e4e95da?             request.body:  ssl_verify: False
2026-09-29 16:22:28.225 77 WARNING py.warnings [None req-591827d3-6ad6-4bcf-aa5d-bdf32b292ad9 4bd63987df5b467492fa28f54254903c 4bd3c001da9e46e6a296dcc6de8e823a - - default default] /var/lib/kolla/venv/lib/python3.12/site-packages/urllib3/connectionpool.py:1110: InsecureRequestWarning: Unverified HTTPS request is being made to host '[LB_IP_ADDRESS]'. Adding certificate verification is strongly advised. See: https://urllib3.readthedocs.io/en/latest/advanced-usage.html#tls-warnings
  warnings.warn(
: NotImplementedError
2026-09-29 16:22:28.247 77 INFO cinder.volume.drivers.lightos [None req-591827d3-6ad6-4bcf-aa5d-bdf32b292ad9 4bd63987df5b467492fa28f54254903c 4bd3c001da9e46e6a296dcc6de8e823a - - default default] Invoking get_snapshot using GET url: /api/v2/projects/default/snapshots/539ea5b7-fab5-4fb2-800d-bdcc7e4e95da             request.body: {} ssl_verify: False
2026-09-29 16:22:28.294 77 WARNING py.warnings [None req-591827d3-6ad6-4bcf-aa5d-bdf32b292ad9 4bd63987df5b467492fa28f54254903c 4bd3c001da9e46e6a296dcc6de8e823a - - default default] /var/lib/kolla/venv/lib/python3.12/site-packages/urllib3/connectionpool.py:1110: InsecureRequestWarning: Unverified HTTPS request is being made to host '[LB_IP_ADDRESS]'. Adding certificate verification is strongly advised. See: https://urllib3.readthedocs.io/en/latest/advanced-usage.html#tls-warnings
  warnings.warn(
: NotImplementedError
2026-09-29 16:22:28.389 77 WARNING cinder.quota [None req-591827d3-6ad6-4bcf-aa5d-bdf32b292ad9 4bd63987df5b467492fa28f54254903c 4bd3c001da9e46e6a296dcc6de8e823a - - default default] Deprecated: Default quota for resource: gigabytes_tempest-GroupSnapshotsTest-volume-type-1178522718 is set by the default quota flag: quota_gigabytes_tempest-GroupSnapshotsTest-volume-type-1178522718, it is now deprecated. Please use the default quota class for default quota.
2026-09-29 16:22:28.389 77 WARNING cinder.quota [None req-591827d3-6ad6-4bcf-aa5d-bdf32b292ad9 4bd63987df5b467492fa28f54254903c 4bd3c001da9e46e6a296dcc6de8e823a - - default default] Deprecated: Default quota for resource: snapshots_tempest-GroupSnapshotsTest-volume-type-1178522718 is set by the default quota flag: quota_snapshots_tempest-GroupSnapshotsTest-volume-type-1178522718, it is now deprecated. Please use the default quota class for default quota.
2026-09-29 16:22:28.531 77 INFO cinder.volume.manager [None req-591827d3-6ad6-4bcf-aa5d-bdf32b292ad9 4bd63987df5b467492fa28f54254903c 4bd3c001da9e46e6a296dcc6de8e823a - - default default] group_snapshot d4da00a8-1483-4556-840e-4f7a59e1653b: deleted successfully
2026-09-29 16:22:29.340 77 INFO cinder.volume.drivers.lightos [None req-1fb426f2-dbd4-4c14-b432-463dd312c5d2 4bd63987df5b467492fa28f54254903c 4bd3c001da9e46e6a296dcc6de8e823a - - default default] Invoking delete_volume using DELETE url: /api/v2/projects/default/volumes/1c0d780e-1cf3-4955-8a1b-949ae582faaf?             request.body:  ssl_verify: False
2026-09-29 16:22:29.382 77 WARNING py.warnings [None req-1fb426f2-dbd4-4c14-b432-463dd312c5d2 4bd63987df5b467492fa28f54254903c 4bd3c001da9e46e6a296dcc6de8e823a - - default default] /var/lib/kolla/venv/lib/python3.12/site-packages/urllib3/connectionpool.py:1110: InsecureRequestWarning: Unverified HTTPS request is being made to host '[LB_IP_ADDRESS]'. Adding certificate verification is strongly advised. See: https://urllib3.readthedocs.io/en/latest/advanced-usage.html#tls-warnings
  warnings.warn(
: NotImplementedError
2026-09-29 16:22:29.424 77 INFO cinder.volume.drivers.lightos [None req-1fb426f2-dbd4-4c14-b432-463dd312c5d2 4bd63987df5b467492fa28f54254903c 4bd3c001da9e46e6a296dcc6de8e823a - - default default] Invoking get_volume using GET url: /api/v2/projects/default/volumes/1c0d780e-1cf3-4955-8a1b-949ae582faaf             request.body: {} ssl_verify: False
2026-09-29 16:22:29.463 77 INFO cinder.volume.flows.manager.create_volume [None req-5ca56a2c-6d31-41d1-9819-8bdad7901c12 5dc0142ac2fd484998f9356a3c99dd83 555a96e9419d4898b83b865709060af2 - - - -] Volume f96aa21b-cab9-44a8-87c4-6ebfd68bf540: being created as raw with specification: {'status': 'creating', 'volume_name': 'vol_f96aa21b-cab9-44a8-87c4-6ebfd68bf540', 'volume_size': 1}
2026-09-29 16:22:29.464 77 INFO cinder.volume.drivers.lightos [None req-5ca56a2c-6d31-41d1-9819-8bdad7901c12 5dc0142ac2fd484998f9356a3c99dd83 555a96e9419d4898b83b865709060af2 - - - -] Invoking get_volume_by_name using GET url: /api/v2/projects/default/volumes/?name=vol_f96aa21b-cab9-44a8-87c4-6ebfd68bf540             request.body: {} ssl_verify: False
2026-09-29 16:22:29.466 77 WARNING py.warnings [None req-1fb426f2-dbd4-4c14-b432-463dd312c5d2 4bd63987df5b467492fa28f54254903c 4bd3c001da9e46e6a296dcc6de8e823a - - default default] /var/lib/kolla/venv/lib/python3.12/site-packages/urllib3/connectionpool.py:1110: InsecureRequestWarning: Unverified HTTPS request is being made to host '[LB_IP_ADDRESS]'. Adding certificate verification is strongly advised. See: https://urllib3.readthedocs.io/en/latest/advanced-usage.html#tls-warnings
  warnings.warn(
: NotImplementedError
2026-09-29 16:22:29.499 77 WARNING py.warnings [None req-5ca56a2c-6d31-41d1-9819-8bdad7901c12 5dc0142ac2fd484998f9356a3c99dd83 555a96e9419d4898b83b865709060af2 - - - -] /var/lib/kolla/venv/lib/python3.12/site-packages/urllib3/connectionpool.py:1110: InsecureRequestWarning: Unverified HTTPS request is being made to host '[LB_IP_ADDRESS]'. Adding certificate verification is strongly advised. See: https://urllib3.readthedocs.io/en/latest/advanced-usage.html#tls-warnings
  warnings.warn(

2026-09-29 16:22:29.511 77 INFO cinder.volume.drivers.lightos [None req-5ca56a2c-6d31-41d1-9819-8bdad7901c12 5dc0142ac2fd484998f9356a3c99dd83 555a96e9419d4898b83b865709060af2 - - - -] Invoking create_volume using POST url: /api/v2/projects/default/volumes             request.body: {'name': 'vol_f96aa21b-cab9-44a8-87c4-6ebfd68bf540', 'size': '1 gib', 'replicaCount': '3', 'compression': 'False', 'acl': {'values': ['ALLOW_NONE']}, 'IPAcl': {'values': ['ALLOW_NONE']}, 'sourceSnapshotUUID': None, 'sourceSnapshotName': None} ssl_verify: False
2026-09-29 16:22:29.548 77 INFO cinder.volume.drivers.lightos [None req-1fb426f2-dbd4-4c14-b432-463dd312c5d2 4bd63987df5b467492fa28f54254903c 4bd3c001da9e46e6a296dcc6de8e823a - - default default] Invoking delete_volume using DELETE url: /api/v2/projects/default/volumes/bf310fbc-0355-4401-ac23-a1438ad11c18?             request.body:  ssl_verify: False
2026-09-29 16:22:29.577 77 WARNING py.warnings [None req-5ca56a2c-6d31-41d1-9819-8bdad7901c12 5dc0142ac2fd484998f9356a3c99dd83 555a96e9419d4898b83b865709060af2 - - - -] /var/lib/kolla/venv/lib/python3.12/site-packages/urllib3/connectionpool.py:1110: InsecureRequestWarning: Unverified HTTPS request is being made to host '[LB_IP_ADDRESS]'. Adding certificate verification is strongly advised. See: https://urllib3.readthedocs.io/en/latest/advanced-usage.html#tls-warnings
  warnings.warn(

2026-09-29 16:22:29.581 77 WARNING py.warnings [None req-1fb426f2-dbd4-4c14-b432-463dd312c5d2 4bd63987df5b467492fa28f54254903c 4bd3c001da9e46e6a296dcc6de8e823a - - default default] /var/lib/kolla/venv/lib/python3.12/site-packages/urllib3/connectionpool.py:1110: InsecureRequestWarning: Unverified HTTPS request is being made to host '[LB_IP_ADDRESS]'. Adding certificate verification is strongly advised. See: https://urllib3.readthedocs.io/en/latest/advanced-usage.html#tls-warnings
  warnings.warn(
: NotImplementedError
2026-09-29 16:22:29.652 77 INFO cinder.volume.drivers.lightos [None req-5ca56a2c-6d31-41d1-9819-8bdad7901c12 5dc0142ac2fd484998f9356a3c99dd83 555a96e9419d4898b83b865709060af2 - - - -] Invoking get_volume using GET url: /api/v2/projects/default/volumes/7611412c-38da-4757-b626-8394ae1d1072             request.body: {} ssl_verify: False
2026-09-29 16:22:29.689 77 INFO cinder.volume.drivers.lightos [None req-1fb426f2-dbd4-4c14-b432-463dd312c5d2 4bd63987df5b467492fa28f54254903c 4bd3c001da9e46e6a296dcc6de8e823a - - default default] Invoking get_volume using GET url: /api/v2/projects/default/volumes/bf310fbc-0355-4401-ac23-a1438ad11c18             request.body: {} ssl_verify: False
2026-09-29 16:22:29.718 77 WARNING py.warnings [None req-5ca56a2c-6d31-41d1-9819-8bdad7901c12 5dc0142ac2fd484998f9356a3c99dd83 555a96e9419d4898b83b865709060af2 - - - -] /var/lib/kolla/venv/lib/python3.12/site-packages/urllib3/connectionpool.py:1110: InsecureRequestWarning: Unverified HTTPS request is being made to host '[LB_IP_ADDRESS]'. Adding certificate verification is strongly advised. See: https://urllib3.readthedocs.io/en/latest/advanced-usage.html#tls-warnings
  warnings.warn(

2026-09-29 16:22:29.727 77 WARNING py.warnings [None req-1fb426f2-dbd4-4c14-b432-463dd312c5d2 4bd63987df5b467492fa28f54254903c 4bd3c001da9e46e6a296dcc6de8e823a - - default default] /var/lib/kolla/venv/lib/python3.12/site-packages/urllib3/connectionpool.py:1110: InsecureRequestWarning: Unverified HTTPS request is being made to host '[LB_IP_ADDRESS]'. Adding certificate verification is strongly advised. See: https://urllib3.readthedocs.io/en/latest/advanced-usage.html#tls-warnings
  warnings.warn(
: NotImplementedError
2026-09-29 16:22:29.921 77 WARNING cinder.quota [None req-1fb426f2-dbd4-4c14-b432-463dd312c5d2 4bd63987df5b467492fa28f54254903c 4bd3c001da9e46e6a296dcc6de8e823a - - default default] Deprecated: Default quota for resource: volumes_tempest-GroupSnapshotsTest-volume-type-1178522718 is set by the default quota flag: quota_volumes_tempest-GroupSnapshotsTest-volume-type-1178522718, it is now deprecated. Please use the default quota class for default quota.
2026-09-29 16:22:30.087 77 INFO cinder.volume.manager [None req-1fb426f2-dbd4-4c14-b432-463dd312c5d2 4bd63987df5b467492fa28f54254903c 4bd3c001da9e46e6a296dcc6de8e823a - - default default] Delete group completed successfully.
2026-09-29 16:22:30.751 77 INFO cinder.volume.drivers.lightos [None req-5ca56a2c-6d31-41d1-9819-8bdad7901c12 5dc0142ac2fd484998f9356a3c99dd83 555a96e9419d4898b83b865709060af2 - - - -] Invoking get_volume using GET url: /api/v2/projects/default/volumes/7611412c-38da-4757-b626-8394ae1d1072             request.body: {} ssl_verify: False
2026-09-29 16:22:30.799 77 WARNING py.warnings [None req-5ca56a2c-6d31-41d1-9819-8bdad7901c12 5dc0142ac2fd484998f9356a3c99dd83 555a96e9419d4898b83b865709060af2 - - - -] /var/lib/kolla/venv/lib/python3.12/site-packages/urllib3/connectionpool.py:1110: InsecureRequestWarning: Unverified HTTPS request is being made to host '[LB_IP_ADDRESS]'. Adding certificate verification is strongly advised. See: https://urllib3.readthedocs.io/en/latest/advanced-usage.html#tls-warnings
  warnings.warn(

2026-09-29 16:22:30.836 77 INFO cinder.volume.manager [None req-563f095b-6057-4cab-9326-ad898812d116 4bd63987df5b467492fa28f54254903c 4bd3c001da9e46e6a296dcc6de8e823a - - - -] Group tempest-GroupSnapshotsTest-Group-1789706052: creating
2026-09-29 16:22:30.839 77 INFO cinder.volume.flows.manager.create_volume [None req-5ca56a2c-6d31-41d1-9819-8bdad7901c12 5dc0142ac2fd484998f9356a3c99dd83 555a96e9419d4898b83b865709060af2 - - - -] Volume vol_f96aa21b-cab9-44a8-87c4-6ebfd68bf540 (f96aa21b-cab9-44a8-87c4-6ebfd68bf540): created successfully
2026-09-29 16:22:30.847 77 INFO cinder.volume.manager [None req-5ca56a2c-6d31-41d1-9819-8bdad7901c12 5dc0142ac2fd484998f9356a3c99dd83 555a96e9419d4898b83b865709060af2 - - - -] Created volume successfully.
2026-09-29 16:22:30.853 77 INFO cinder.volume.manager [None req-563f095b-6057-4cab-9326-ad898812d116 4bd63987df5b467492fa28f54254903c 4bd3c001da9e46e6a296dcc6de8e823a - - - -] Group tempest-GroupSnapshotsTest-Group-1789706052: created successfully
2026-09-29 16:22:30.859 77 INFO cinder.volume.manager [None req-563f095b-6057-4cab-9326-ad898812d116 4bd63987df5b467492fa28f54254903c 4bd3c001da9e46e6a296dcc6de8e823a - - - -] Create group completed successfully.
2026-09-29 16:22:31.931 77 INFO cinder.volume.drivers.lightos [None req-514c97a3-aadd-4602-aa11-b5bec26338a4 5dc0142ac2fd484998f9356a3c99dd83 555a96e9419d4898b83b865709060af2 - - default default] Invoking delete_volume using DELETE url: /api/v2/projects/default/volumes/7611412c-38da-4757-b626-8394ae1d1072?             request.body:  ssl_verify: False
2026-09-29 16:22:31.969 77 WARNING py.warnings [None req-514c97a3-aadd-4602-aa11-b5bec26338a4 5dc0142ac2fd484998f9356a3c99dd83 555a96e9419d4898b83b865709060af2 - - default default] /var/lib/kolla/venv/lib/python3.12/site-packages/urllib3/connectionpool.py:1110: InsecureRequestWarning: Unverified HTTPS request is being made to host '[LB_IP_ADDRESS]'. Adding certificate verification is strongly advised. See: https://urllib3.readthedocs.io/en/latest/advanced-usage.html#tls-warnings
  warnings.warn(
: NotImplementedError
2026-09-29 16:22:32.009 77 INFO cinder.volume.drivers.lightos [None req-514c97a3-aadd-4602-aa11-b5bec26338a4 5dc0142ac2fd484998f9356a3c99dd83 555a96e9419d4898b83b865709060af2 - - default default] Invoking get_volume using GET url: /api/v2/projects/default/volumes/7611412c-38da-4757-b626-8394ae1d1072             request.body: {} ssl_verify: False
2026-09-29 16:22:32.053 77 WARNING py.warnings [None req-514c97a3-aadd-4602-aa11-b5bec26338a4 5dc0142ac2fd484998f9356a3c99dd83 555a96e9419d4898b83b865709060af2 - - default default] /var/lib/kolla/venv/lib/python3.12/site-packages/urllib3/connectionpool.py:1110: InsecureRequestWarning: Unverified HTTPS request is being made to host '[LB_IP_ADDRESS]'. Adding certificate verification is strongly advised. See: https://urllib3.readthedocs.io/en/latest/advanced-usage.html#tls-warnings
  warnings.warn(
: NotImplementedError
2026-09-29 16:22:32.207 77 WARNING cinder.quota [None req-514c97a3-aadd-4602-aa11-b5bec26338a4 5dc0142ac2fd484998f9356a3c99dd83 555a96e9419d4898b83b865709060af2 - - default default] Deprecated: Default quota for resource: volumes_tempest-GroupsTest-volume-type-1746685075 is set by the default quota flag: quota_volumes_tempest-GroupsTest-volume-type-1746685075, it is now deprecated. Please use the default quota class for default quota.
2026-09-29 16:22:32.208 77 WARNING cinder.quota [None req-514c97a3-aadd-4602-aa11-b5bec26338a4 5dc0142ac2fd484998f9356a3c99dd83 555a96e9419d4898b83b865709060af2 - - default default] Deprecated: Default quota for resource: gigabytes_tempest-GroupsTest-volume-type-1746685075 is set by the default quota flag: quota_gigabytes_tempest-GroupsTest-volume-type-1746685075, it is now deprecated. Please use the default quota class for default quota.
2026-09-29 16:22:32.290 77 INFO cinder.volume.manager [None req-514c97a3-aadd-4602-aa11-b5bec26338a4 5dc0142ac2fd484998f9356a3c99dd83 555a96e9419d4898b83b865709060af2 - - default default] Delete group completed successfully.
2026-09-29 16:22:32.305 77 INFO cinder.volume.flows.manager.create_volume [None req-609474c8-5ab0-48fd-bc2f-a107474731e9 4bd63987df5b467492fa28f54254903c 4bd3c001da9e46e6a296dcc6de8e823a - - - -] Volume 2b32dc1c-8691-4697-ba20-73570b9a5418: being created as raw with specification: {'status': 'creating', 'volume_name': 'vol_2b32dc1c-8691-4697-ba20-73570b9a5418', 'volume_size': 1}
2026-09-29 16:22:32.305 77 INFO cinder.volume.drivers.lightos [None req-609474c8-5ab0-48fd-bc2f-a107474731e9 4bd63987df5b467492fa28f54254903c 4bd3c001da9e46e6a296dcc6de8e823a - - - -] Invoking get_volume_by_name using GET url: /api/v2/projects/default/volumes/?name=vol_2b32dc1c-8691-4697-ba20-73570b9a5418             request.body: {} ssl_verify: False
2026-09-29 16:22:32.343 77 WARNING py.warnings [None req-609474c8-5ab0-48fd-bc2f-a107474731e9 4bd63987df5b467492fa28f54254903c 4bd3c001da9e46e6a296dcc6de8e823a - - - -] /var/lib/kolla/venv/lib/python3.12/site-packages/urllib3/connectionpool.py:1110: InsecureRequestWarning: Unverified HTTPS request is being made to host '[LB_IP_ADDRESS]'. Adding certificate verification is strongly advised. See: https://urllib3.readthedocs.io/en/latest/advanced-usage.html#tls-warnings
  warnings.warn(

2026-09-29 16:22:32.355 77 INFO cinder.volume.drivers.lightos [None req-609474c8-5ab0-48fd-bc2f-a107474731e9 4bd63987df5b467492fa28f54254903c 4bd3c001da9e46e6a296dcc6de8e823a - - - -] Invoking create_volume using POST url: /api/v2/projects/default/volumes             request.body: {'name': 'vol_2b32dc1c-8691-4697-ba20-73570b9a5418', 'size': '1 gib', 'replicaCount': '3', 'compression': 'False', 'acl': {'values': ['ALLOW_NONE']}, 'IPAcl': {'values': ['ALLOW_NONE']}, 'sourceSnapshotUUID': None, 'sourceSnapshotName': None} ssl_verify: False
2026-09-29 16:22:32.402 77 WARNING py.warnings [None req-609474c8-5ab0-48fd-bc2f-a107474731e9 4bd63987df5b467492fa28f54254903c 4bd3c001da9e46e6a296dcc6de8e823a - - - -] /var/lib/kolla/venv/lib/python3.12/site-packages/urllib3/connectionpool.py:1110: InsecureRequestWarning: Unverified HTTPS request is being made to host '[LB_IP_ADDRESS]'. Adding certificate verification is strongly advised. See: https://urllib3.readthedocs.io/en/latest/advanced-usage.html#tls-warnings
  warnings.warn(

2026-09-29 16:22:32.430 77 INFO cinder.volume.drivers.lightos [None req-609474c8-5ab0-48fd-bc2f-a107474731e9 4bd63987df5b467492fa28f54254903c 4bd3c001da9e46e6a296dcc6de8e823a - - - -] Invoking get_volume using GET url: /api/v2/projects/default/volumes/ea8af382-73b6-40af-8354-77d566042fc3             request.body: {} ssl_verify: False
2026-09-29 16:22:32.507 77 WARNING py.warnings [None req-609474c8-5ab0-48fd-bc2f-a107474731e9 4bd63987df5b467492fa28f54254903c 4bd3c001da9e46e6a296dcc6de8e823a - - - -] /var/lib/kolla/venv/lib/python3.12/site-packages/urllib3/connectionpool.py:1110: InsecureRequestWarning: Unverified HTTPS request is being made to host '[LB_IP_ADDRESS]'. Adding certificate verification is strongly advised. See: https://urllib3.readthedocs.io/en/latest/advanced-usage.html#tls-warnings
  warnings.warn(

2026-09-29 16:22:32.536 77 INFO cinder.volume.flows.manager.create_volume [None req-609474c8-5ab0-48fd-bc2f-a107474731e9 4bd63987df5b467492fa28f54254903c 4bd3c001da9e46e6a296dcc6de8e823a - - - -] Volume vol_2b32dc1c-8691-4697-ba20-73570b9a5418 (2b32dc1c-8691-4697-ba20-73570b9a5418): created successfully
2026-09-29 16:22:32.544 77 INFO cinder.volume.manager [None req-609474c8-5ab0-48fd-bc2f-a107474731e9 4bd63987df5b467492fa28f54254903c 4bd3c001da9e46e6a296dcc6de8e823a - - - -] Created volume successfully.
2026-09-29 16:22:33.200 77 INFO cinder.volume.manager [None req-d8a3c135-3a1f-42b9-8e6b-973e9746e401 5dc0142ac2fd484998f9356a3c99dd83 555a96e9419d4898b83b865709060af2 - - default default] Delete group completed successfully.
2026-09-29 16:22:33.561 77 INFO cinder.volume.manager [None req-79453bbc-4864-4856-ba93-2b64ca2d5f6a 4bd63987df5b467492fa28f54254903c 4bd3c001da9e46e6a296dcc6de8e823a - - default default] GroupSnapshot 1a22615d-412a-4656-96e8-c3ceff6ad567: creating.
2026-09-29 16:22:33.590 77 INFO cinder.volume.drivers.lightos [None req-79453bbc-4864-4856-ba93-2b64ca2d5f6a 4bd63987df5b467492fa28f54254903c 4bd3c001da9e46e6a296dcc6de8e823a - - default default] Invoking get_snapshot_by_name using GET url: /api/v2/projects/default/snapshots/?Name=snapshot-64452ed3-dc7c-458e-945d-139da143a8b2             request.body: {} ssl_verify: False
2026-09-29 16:22:33.627 77 WARNING py.warnings [None req-79453bbc-4864-4856-ba93-2b64ca2d5f6a 4bd63987df5b467492fa28f54254903c 4bd3c001da9e46e6a296dcc6de8e823a - - default default] /var/lib/kolla/venv/lib/python3.12/site-packages/urllib3/connectionpool.py:1110: InsecureRequestWarning: Unverified HTTPS request is being made to host '[LB_IP_ADDRESS]'. Adding certificate verification is strongly advised. See: https://urllib3.readthedocs.io/en/latest/advanced-usage.html#tls-warnings
  warnings.warn(
: NotImplementedError
2026-09-29 16:22:33.636 77 INFO cinder.volume.drivers.lightos [None req-79453bbc-4864-4856-ba93-2b64ca2d5f6a 4bd63987df5b467492fa28f54254903c 4bd3c001da9e46e6a296dcc6de8e823a - - default default] Invoking create_snapshot using POST url: /api/v2/projects/default/snapshots             request.body: {'name': 'snapshot-64452ed3-dc7c-458e-945d-139da143a8b2', 'sourceVolumeUUID': None, 'sourceVolumeName': 'vol_2b32dc1c-8691-4697-ba20-73570b9a5418'} ssl_verify: False
2026-09-29 16:22:33.675 77 WARNING py.warnings [None req-79453bbc-4864-4856-ba93-2b64ca2d5f6a 4bd63987df5b467492fa28f54254903c 4bd3c001da9e46e6a296dcc6de8e823a - - default default] /var/lib/kolla/venv/lib/python3.12/site-packages/urllib3/connectionpool.py:1110: InsecureRequestWarning: Unverified HTTPS request is being made to host '[LB_IP_ADDRESS]'. Adding certificate verification is strongly advised. See: https://urllib3.readthedocs.io/en/latest/advanced-usage.html#tls-warnings
  warnings.warn(
: NotImplementedError
2026-09-29 16:22:33.709 77 INFO cinder.volume.drivers.lightos [None req-79453bbc-4864-4856-ba93-2b64ca2d5f6a 4bd63987df5b467492fa28f54254903c 4bd3c001da9e46e6a296dcc6de8e823a - - default default] Invoking get_snapshot_by_name using GET url: /api/v2/projects/default/snapshots/?Name=snapshot-64452ed3-dc7c-458e-945d-139da143a8b2             request.body: {} ssl_verify: False
2026-09-29 16:22:33.758 77 WARNING py.warnings [None req-79453bbc-4864-4856-ba93-2b64ca2d5f6a 4bd63987df5b467492fa28f54254903c 4bd3c001da9e46e6a296dcc6de8e823a - - default default] /var/lib/kolla/venv/lib/python3.12/site-packages/urllib3/connectionpool.py:1110: InsecureRequestWarning: Unverified HTTPS request is being made to host '[LB_IP_ADDRESS]'. Adding certificate verification is strongly advised. See: https://urllib3.readthedocs.io/en/latest/advanced-usage.html#tls-warnings
  warnings.warn(
: NotImplementedError
2026-09-29 16:22:34.677 77 INFO cinder.volume.manager [None req-ee9b94a2-d1da-4091-a94e-31f14fcb658f 5dc0142ac2fd484998f9356a3c99dd83 555a96e9419d4898b83b865709060af2 - - - -] Group tempest-GroupsTest-Group-1305730808: creating
2026-09-29 16:22:34.692 77 INFO cinder.volume.manager [None req-ee9b94a2-d1da-4091-a94e-31f14fcb658f 5dc0142ac2fd484998f9356a3c99dd83 555a96e9419d4898b83b865709060af2 - - - -] Group tempest-GroupsTest-Group-1305730808: created successfully
2026-09-29 16:22:34.698 77 INFO cinder.volume.manager [None req-ee9b94a2-d1da-4091-a94e-31f14fcb658f 5dc0142ac2fd484998f9356a3c99dd83 555a96e9419d4898b83b865709060af2 - - - -] Create group completed successfully.
2026-09-29 16:22:34.782 77 INFO cinder.volume.drivers.lightos [None req-79453bbc-4864-4856-ba93-2b64ca2d5f6a 4bd63987df5b467492fa28f54254903c 4bd3c001da9e46e6a296dcc6de8e823a - - default default] Invoking get_snapshot_by_name using GET url: /api/v2/projects/default/snapshots/?Name=snapshot-64452ed3-dc7c-458e-945d-139da143a8b2             request.body: {} ssl_verify: False
2026-09-29 16:22:34.830 77 WARNING py.warnings [None req-79453bbc-4864-4856-ba93-2b64ca2d5f6a 4bd63987df5b467492fa28f54254903c 4bd3c001da9e46e6a296dcc6de8e823a - - default default] /var/lib/kolla/venv/lib/python3.12/site-packages/urllib3/connectionpool.py:1110: InsecureRequestWarning: Unverified HTTPS request is being made to host '[LB_IP_ADDRESS]'. Adding certificate verification is strongly advised. See: https://urllib3.readthedocs.io/en/latest/advanced-usage.html#tls-warnings
  warnings.warn(
: NotImplementedError
2026-09-29 16:22:34.884 77 INFO cinder.volume.manager [None req-79453bbc-4864-4856-ba93-2b64ca2d5f6a 4bd63987df5b467492fa28f54254903c 4bd3c001da9e46e6a296dcc6de8e823a - - default default] group_snapshot 1a22615d-412a-4656-96e8-c3ceff6ad567: created successfully
2026-09-29 16:22:35.838 77 INFO cinder.volume.manager [None req-5359f5a5-22d2-4d16-944a-d9626c6b4543 4bd63987df5b467492fa28f54254903c 4bd3c001da9e46e6a296dcc6de8e823a - - default default] group_snapshot 1a22615d-412a-4656-96e8-c3ceff6ad567: deleting
2026-09-29 16:22:35.878 77 INFO cinder.volume.drivers.lightos [None req-5359f5a5-22d2-4d16-944a-d9626c6b4543 4bd63987df5b467492fa28f54254903c 4bd3c001da9e46e6a296dcc6de8e823a - - default default] Invoking get_snapshot_by_name using GET url: /api/v2/projects/default/snapshots/?Name=snapshot-64452ed3-dc7c-458e-945d-139da143a8b2             request.body: {} ssl_verify: False
2026-09-29 16:22:35.917 77 WARNING py.warnings [None req-5359f5a5-22d2-4d16-944a-d9626c6b4543 4bd63987df5b467492fa28f54254903c 4bd3c001da9e46e6a296dcc6de8e823a - - default default] /var/lib/kolla/venv/lib/python3.12/site-packages/urllib3/connectionpool.py:1110: InsecureRequestWarning: Unverified HTTPS request is being made to host '[LB_IP_ADDRESS]'. Adding certificate verification is strongly advised. See: https://urllib3.readthedocs.io/en/latest/advanced-usage.html#tls-warnings
  warnings.warn(
: NotImplementedError
2026-09-29 16:22:35.932 77 INFO cinder.volume.drivers.lightos [None req-5359f5a5-22d2-4d16-944a-d9626c6b4543 4bd63987df5b467492fa28f54254903c 4bd3c001da9e46e6a296dcc6de8e823a - - default default] Invoking delete_snapshot using DELETE url: /api/v2/projects/default/snapshots/ba1df8a5-6f69-4fdd-8240-d44ce2fc4b92?             request.body:  ssl_verify: False
2026-09-29 16:22:35.979 77 WARNING py.warnings [None req-5359f5a5-22d2-4d16-944a-d9626c6b4543 4bd63987df5b467492fa28f54254903c 4bd3c001da9e46e6a296dcc6de8e823a - - default default] /var/lib/kolla/venv/lib/python3.12/site-packages/urllib3/connectionpool.py:1110: InsecureRequestWarning: Unverified HTTPS request is being made to host '[LB_IP_ADDRESS]'. Adding certificate verification is strongly advised. See: https://urllib3.readthedocs.io/en/latest/advanced-usage.html#tls-warnings
  warnings.warn(
: NotImplementedError
2026-09-29 16:22:36.004 77 INFO cinder.volume.drivers.lightos [None req-5359f5a5-22d2-4d16-944a-d9626c6b4543 4bd63987df5b467492fa28f54254903c 4bd3c001da9e46e6a296dcc6de8e823a - - default default] Invoking get_snapshot using GET url: /api/v2/projects/default/snapshots/ba1df8a5-6f69-4fdd-8240-d44ce2fc4b92             request.body: {} ssl_verify: False
2026-09-29 16:22:36.050 77 WARNING py.warnings [None req-5359f5a5-22d2-4d16-944a-d9626c6b4543 4bd63987df5b467492fa28f54254903c 4bd3c001da9e46e6a296dcc6de8e823a - - default default] /var/lib/kolla/venv/lib/python3.12/site-packages/urllib3/connectionpool.py:1110: InsecureRequestWarning: Unverified HTTPS request is being made to host '[LB_IP_ADDRESS]'. Adding certificate verification is strongly advised. See: https://urllib3.readthedocs.io/en/latest/advanced-usage.html#tls-warnings
  warnings.warn(
: NotImplementedError
2026-09-29 16:22:36.147 77 WARNING cinder.quota [None req-5359f5a5-22d2-4d16-944a-d9626c6b4543 4bd63987df5b467492fa28f54254903c 4bd3c001da9e46e6a296dcc6de8e823a - - default default] Deprecated: Default quota for resource: gigabytes_tempest-GroupSnapshotsTest-volume-type-1263273103 is set by the default quota flag: quota_gigabytes_tempest-GroupSnapshotsTest-volume-type-1263273103, it is now deprecated. Please use the default quota class for default quota.
2026-09-29 16:22:36.148 77 WARNING cinder.quota [None req-5359f5a5-22d2-4d16-944a-d9626c6b4543 4bd63987df5b467492fa28f54254903c 4bd3c001da9e46e6a296dcc6de8e823a - - default default] Deprecated: Default quota for resource: snapshots_tempest-GroupSnapshotsTest-volume-type-1263273103 is set by the default quota flag: quota_snapshots_tempest-GroupSnapshotsTest-volume-type-1263273103, it is now deprecated. Please use the default quota class for default quota.
2026-09-29 16:22:36.185 77 INFO cinder.volume.flows.manager.create_volume [None req-ac2cc17c-30fa-4839-b7f6-d2420d103279 5dc0142ac2fd484998f9356a3c99dd83 555a96e9419d4898b83b865709060af2 - - - -] Volume b46e9c16-b480-4c99-a3a1-fea7f7253f78: being created as raw with specification: {'status': 'creating', 'volume_name': 'vol_b46e9c16-b480-4c99-a3a1-fea7f7253f78', 'volume_size': 1}
2026-09-29 16:22:36.186 77 INFO cinder.volume.drivers.lightos [None req-ac2cc17c-30fa-4839-b7f6-d2420d103279 5dc0142ac2fd484998f9356a3c99dd83 555a96e9419d4898b83b865709060af2 - - - -] Invoking get_volume_by_name using GET url: /api/v2/projects/default/volumes/?name=vol_b46e9c16-b480-4c99-a3a1-fea7f7253f78             request.body: {} ssl_verify: False
2026-09-29 16:22:36.220 77 WARNING py.warnings [None req-ac2cc17c-30fa-4839-b7f6-d2420d103279 5dc0142ac2fd484998f9356a3c99dd83 555a96e9419d4898b83b865709060af2 - - - -] /var/lib/kolla/venv/lib/python3.12/site-packages/urllib3/connectionpool.py:1110: InsecureRequestWarning: Unverified HTTPS request is being made to host '[LB_IP_ADDRESS]'. Adding certificate verification is strongly advised. See: https://urllib3.readthedocs.io/en/latest/advanced-usage.html#tls-warnings
  warnings.warn(

2026-09-29 16:22:36.227 77 INFO cinder.volume.drivers.lightos [None req-ac2cc17c-30fa-4839-b7f6-d2420d103279 5dc0142ac2fd484998f9356a3c99dd83 555a96e9419d4898b83b865709060af2 - - - -] Invoking create_volume using POST url: /api/v2/projects/default/volumes             request.body: {'name': 'vol_b46e9c16-b480-4c99-a3a1-fea7f7253f78', 'size': '1 gib', 'replicaCount': '3', 'compression': 'False', 'acl': {'values': ['ALLOW_NONE']}, 'IPAcl': {'values': ['ALLOW_NONE']}, 'sourceSnapshotUUID': None, 'sourceSnapshotName': None} ssl_verify: False
2026-09-29 16:22:36.263 77 WARNING py.warnings [None req-ac2cc17c-30fa-4839-b7f6-d2420d103279 5dc0142ac2fd484998f9356a3c99dd83 555a96e9419d4898b83b865709060af2 - - - -] /var/lib/kolla/venv/lib/python3.12/site-packages/urllib3/connectionpool.py:1110: InsecureRequestWarning: Unverified HTTPS request is being made to host '[LB_IP_ADDRESS]'. Adding certificate verification is strongly advised. See: https://urllib3.readthedocs.io/en/latest/advanced-usage.html#tls-warnings
  warnings.warn(

2026-09-29 16:22:36.268 77 INFO cinder.volume.manager [None req-5359f5a5-22d2-4d16-944a-d9626c6b4543 4bd63987df5b467492fa28f54254903c 4bd3c001da9e46e6a296dcc6de8e823a - - default default] group_snapshot 1a22615d-412a-4656-96e8-c3ceff6ad567: deleted successfully
2026-09-29 16:22:36.284 77 INFO cinder.volume.drivers.lightos [None req-ac2cc17c-30fa-4839-b7f6-d2420d103279 5dc0142ac2fd484998f9356a3c99dd83 555a96e9419d4898b83b865709060af2 - - - -] Invoking get_volume using GET url: /api/v2/projects/default/volumes/a155122c-ce5f-4a89-884b-be92c0cd9100             request.body: {} ssl_verify: False
2026-09-29 16:22:36.333 77 WARNING py.warnings [None req-ac2cc17c-30fa-4839-b7f6-d2420d103279 5dc0142ac2fd484998f9356a3c99dd83 555a96e9419d4898b83b865709060af2 - - - -] /var/lib/kolla/venv/lib/python3.12/site-packages/urllib3/connectionpool.py:1110: InsecureRequestWarning: Unverified HTTPS request is being made to host '[LB_IP_ADDRESS]'. Adding certificate verification is strongly advised. See: https://urllib3.readthedocs.io/en/latest/advanced-usage.html#tls-warnings
  warnings.warn(

2026-09-29 16:22:37.201 77 INFO cinder.volume.drivers.lightos [None req-7284d72a-abac-49aa-9c5b-b7e4cbf4378b 4bd63987df5b467492fa28f54254903c 4bd3c001da9e46e6a296dcc6de8e823a - - default default] Invoking delete_volume using DELETE url: /api/v2/projects/default/volumes/ea8af382-73b6-40af-8354-77d566042fc3?             request.body:  ssl_verify: False
2026-09-29 16:22:37.236 77 WARNING py.warnings [None req-7284d72a-abac-49aa-9c5b-b7e4cbf4378b 4bd63987df5b467492fa28f54254903c 4bd3c001da9e46e6a296dcc6de8e823a - - default default] /var/lib/kolla/venv/lib/python3.12/site-packages/urllib3/connectionpool.py:1110: InsecureRequestWarning: Unverified HTTPS request is being made to host '[LB_IP_ADDRESS]'. Adding certificate verification is strongly advised. See: https://urllib3.readthedocs.io/en/latest/advanced-usage.html#tls-warnings
  warnings.warn(
: NotImplementedError
2026-09-29 16:22:37.260 77 INFO cinder.volume.drivers.lightos [None req-7284d72a-abac-49aa-9c5b-b7e4cbf4378b 4bd63987df5b467492fa28f54254903c 4bd3c001da9e46e6a296dcc6de8e823a - - default default] Invoking get_volume using GET url: /api/v2/projects/default/volumes/ea8af382-73b6-40af-8354-77d566042fc3             request.body: {} ssl_verify: False
2026-09-29 16:22:37.305 77 WARNING py.warnings [None req-7284d72a-abac-49aa-9c5b-b7e4cbf4378b 4bd63987df5b467492fa28f54254903c 4bd3c001da9e46e6a296dcc6de8e823a - - default default] /var/lib/kolla/venv/lib/python3.12/site-packages/urllib3/connectionpool.py:1110: InsecureRequestWarning: Unverified HTTPS request is being made to host '[LB_IP_ADDRESS]'. Adding certificate verification is strongly advised. See: https://urllib3.readthedocs.io/en/latest/advanced-usage.html#tls-warnings
  warnings.warn(
: NotImplementedError
2026-09-29 16:22:37.355 77 INFO cinder.volume.drivers.lightos [None req-ac2cc17c-30fa-4839-b7f6-d2420d103279 5dc0142ac2fd484998f9356a3c99dd83 555a96e9419d4898b83b865709060af2 - - - -] Invoking get_volume using GET url: /api/v2/projects/default/volumes/a155122c-ce5f-4a89-884b-be92c0cd9100             request.body: {} ssl_verify: False
2026-09-29 16:22:37.388 77 WARNING py.warnings [None req-ac2cc17c-30fa-4839-b7f6-d2420d103279 5dc0142ac2fd484998f9356a3c99dd83 555a96e9419d4898b83b865709060af2 - - - -] /var/lib/kolla/venv/lib/python3.12/site-packages/urllib3/connectionpool.py:1110: InsecureRequestWarning: Unverified HTTPS request is being made to host '[LB_IP_ADDRESS]'. Adding certificate verification is strongly advised. See: https://urllib3.readthedocs.io/en/latest/advanced-usage.html#tls-warnings
  warnings.warn(

2026-09-29 16:22:37.417 77 INFO cinder.volume.flows.manager.create_volume [None req-33a9ca6d-308f-402a-91fe-e87ba8e70243 641a59f20f9843feb350f0b50a0ecb12 b4a52b3256824c539261d7ef058d083d - - - -] Volume 5a387eaf-1f68-413a-9a00-df1e45453078: being created as raw with specification: {'status': 'creating', 'volume_name': 'vol_5a387eaf-1f68-413a-9a00-df1e45453078', 'volume_size': 1}
2026-09-29 16:22:37.417 77 INFO cinder.volume.drivers.lightos [None req-33a9ca6d-308f-402a-91fe-e87ba8e70243 641a59f20f9843feb350f0b50a0ecb12 b4a52b3256824c539261d7ef058d083d - - - -] Invoking get_volume_by_name using GET url: /api/v2/projects/default/volumes/?name=vol_5a387eaf-1f68-413a-9a00-df1e45453078             request.body: {} ssl_verify: False
2026-09-29 16:22:37.450 77 WARNING py.warnings [None req-33a9ca6d-308f-402a-91fe-e87ba8e70243 641a59f20f9843feb350f0b50a0ecb12 b4a52b3256824c539261d7ef058d083d - - - -] /var/lib/kolla/venv/lib/python3.12/site-packages/urllib3/connectionpool.py:1110: InsecureRequestWarning: Unverified HTTPS request is being made to host '[LB_IP_ADDRESS]'. Adding certificate verification is strongly advised. See: https://urllib3.readthedocs.io/en/latest/advanced-usage.html#tls-warnings
  warnings.warn(

2026-09-29 16:22:37.460 77 INFO cinder.volume.drivers.lightos [None req-33a9ca6d-308f-402a-91fe-e87ba8e70243 641a59f20f9843feb350f0b50a0ecb12 b4a52b3256824c539261d7ef058d083d - - - -] Invoking create_volume using POST url: /api/v2/projects/default/volumes             request.body: {'name': 'vol_5a387eaf-1f68-413a-9a00-df1e45453078', 'size': '1 gib', 'replicaCount': '3', 'compression': 'False', 'acl': {'values': ['ALLOW_NONE']}, 'IPAcl': {'values': ['ALLOW_NONE']}, 'sourceSnapshotUUID': None, 'sourceSnapshotName': None} ssl_verify: False
2026-09-29 16:22:37.462 77 INFO cinder.volume.flows.manager.create_volume [None req-ac2cc17c-30fa-4839-b7f6-d2420d103279 5dc0142ac2fd484998f9356a3c99dd83 555a96e9419d4898b83b865709060af2 - - - -] Volume vol_b46e9c16-b480-4c99-a3a1-fea7f7253f78 (b46e9c16-b480-4c99-a3a1-fea7f7253f78): created successfully
2026-09-29 16:22:37.495 77 INFO cinder.volume.manager [None req-ac2cc17c-30fa-4839-b7f6-d2420d103279 5dc0142ac2fd484998f9356a3c99dd83 555a96e9419d4898b83b865709060af2 - - - -] Created volume successfully.
2026-09-29 16:22:37.497 77 WARNING py.warnings [None req-33a9ca6d-308f-402a-91fe-e87ba8e70243 641a59f20f9843feb350f0b50a0ecb12 b4a52b3256824c539261d7ef058d083d - - - -] /var/lib/kolla/venv/lib/python3.12/site-packages/urllib3/connectionpool.py:1110: InsecureRequestWarning: Unverified HTTPS request is being made to host '[LB_IP_ADDRESS]'. Adding certificate verification is strongly advised. See: https://urllib3.readthedocs.io/en/latest/advanced-usage.html#tls-warnings
  warnings.warn(

2026-09-29 16:22:37.518 77 WARNING cinder.quota [None req-7284d72a-abac-49aa-9c5b-b7e4cbf4378b 4bd63987df5b467492fa28f54254903c 4bd3c001da9e46e6a296dcc6de8e823a - - default default] Deprecated: Default quota for resource: volumes_tempest-GroupSnapshotsTest-volume-type-1263273103 is set by the default quota flag: quota_volumes_tempest-GroupSnapshotsTest-volume-type-1263273103, it is now deprecated. Please use the default quota class for default quota.
2026-09-29 16:22:37.524 77 INFO cinder.volume.drivers.lightos [None req-33a9ca6d-308f-402a-91fe-e87ba8e70243 641a59f20f9843feb350f0b50a0ecb12 b4a52b3256824c539261d7ef058d083d - - - -] Invoking get_volume using GET url: /api/v2/projects/default/volumes/2b9272f0-139f-47a2-9d1d-79beb4320753             request.body: {} ssl_verify: False
2026-09-29 16:22:37.558 77 WARNING py.warnings [None req-33a9ca6d-308f-402a-91fe-e87ba8e70243 641a59f20f9843feb350f0b50a0ecb12 b4a52b3256824c539261d7ef058d083d - - - -] /var/lib/kolla/venv/lib/python3.12/site-packages/urllib3/connectionpool.py:1110: InsecureRequestWarning: Unverified HTTPS request is being made to host '[LB_IP_ADDRESS]'. Adding certificate verification is strongly advised. See: https://urllib3.readthedocs.io/en/latest/advanced-usage.html#tls-warnings
  warnings.warn(

2026-09-29 16:22:37.618 77 INFO cinder.volume.manager [None req-7284d72a-abac-49aa-9c5b-b7e4cbf4378b 4bd63987df5b467492fa28f54254903c 4bd3c001da9e46e6a296dcc6de8e823a - - default default] Delete group completed successfully.
2026-09-29 16:22:38.573 77 INFO cinder.volume.drivers.lightos [None req-33a9ca6d-308f-402a-91fe-e87ba8e70243 641a59f20f9843feb350f0b50a0ecb12 b4a52b3256824c539261d7ef058d083d - - - -] Invoking get_volume using GET url: /api/v2/projects/default/volumes/2b9272f0-139f-47a2-9d1d-79beb4320753             request.body: {} ssl_verify: False
2026-09-29 16:22:38.618 77 WARNING py.warnings [None req-33a9ca6d-308f-402a-91fe-e87ba8e70243 641a59f20f9843feb350f0b50a0ecb12 b4a52b3256824c539261d7ef058d083d - - - -] /var/lib/kolla/venv/lib/python3.12/site-packages/urllib3/connectionpool.py:1110: InsecureRequestWarning: Unverified HTTPS request is being made to host '[LB_IP_ADDRESS]'. Adding certificate verification is strongly advised. See: https://urllib3.readthedocs.io/en/latest/advanced-usage.html#tls-warnings
  warnings.warn(

2026-09-29 16:22:38.642 77 INFO cinder.volume.flows.manager.create_volume [None req-33a9ca6d-308f-402a-91fe-e87ba8e70243 641a59f20f9843feb350f0b50a0ecb12 b4a52b3256824c539261d7ef058d083d - - - -] Volume vol_5a387eaf-1f68-413a-9a00-df1e45453078 (5a387eaf-1f68-413a-9a00-df1e45453078): created successfully
2026-09-29 16:22:38.649 77 INFO cinder.volume.manager [None req-33a9ca6d-308f-402a-91fe-e87ba8e70243 641a59f20f9843feb350f0b50a0ecb12 b4a52b3256824c539261d7ef058d083d - - - -] Created volume successfully.
2026-09-29 16:22:38.790 77 INFO cinder.volume.flows.manager.create_volume [None req-46cb4e5e-7de3-49f1-89bb-a44a8378cd62 5dc0142ac2fd484998f9356a3c99dd83 555a96e9419d4898b83b865709060af2 - - - -] Volume 1831c317-d7dc-44b1-85ef-c0d188a46c86: being created as raw with specification: {'status': 'creating', 'volume_name': 'vol_1831c317-d7dc-44b1-85ef-c0d188a46c86', 'volume_size': 1}
2026-09-29 16:22:38.791 77 INFO cinder.volume.drivers.lightos [None req-46cb4e5e-7de3-49f1-89bb-a44a8378cd62 5dc0142ac2fd484998f9356a3c99dd83 555a96e9419d4898b83b865709060af2 - - - -] Invoking get_volume_by_name using GET url: /api/v2/projects/default/volumes/?name=vol_1831c317-d7dc-44b1-85ef-c0d188a46c86             request.body: {} ssl_verify: False
2026-09-29 16:22:38.827 77 WARNING py.warnings [None req-46cb4e5e-7de3-49f1-89bb-a44a8378cd62 5dc0142ac2fd484998f9356a3c99dd83 555a96e9419d4898b83b865709060af2 - - - -] /var/lib/kolla/venv/lib/python3.12/site-packages/urllib3/connectionpool.py:1110: InsecureRequestWarning: Unverified HTTPS request is being made to host '[LB_IP_ADDRESS]'. Adding certificate verification is strongly advised. See: https://urllib3.readthedocs.io/en/latest/advanced-usage.html#tls-warnings
  warnings.warn(

2026-09-29 16:22:38.848 77 INFO cinder.volume.drivers.lightos [None req-46cb4e5e-7de3-49f1-89bb-a44a8378cd62 5dc0142ac2fd484998f9356a3c99dd83 555a96e9419d4898b83b865709060af2 - - - -] Invoking create_volume using POST url: /api/v2/projects/default/volumes             request.body: {'name': 'vol_1831c317-d7dc-44b1-85ef-c0d188a46c86', 'size': '1 gib', 'replicaCount': '3', 'compression': 'False', 'acl': {'values': ['ALLOW_NONE']}, 'IPAcl': {'values': ['ALLOW_NONE']}, 'sourceSnapshotUUID': None, 'sourceSnapshotName': None} ssl_verify: False
2026-09-29 16:22:38.895 77 WARNING py.warnings [None req-46cb4e5e-7de3-49f1-89bb-a44a8378cd62 5dc0142ac2fd484998f9356a3c99dd83 555a96e9419d4898b83b865709060af2 - - - -] /var/lib/kolla/venv/lib/python3.12/site-packages/urllib3/connectionpool.py:1110: InsecureRequestWarning: Unverified HTTPS request is being made to host '[LB_IP_ADDRESS]'. Adding certificate verification is strongly advised. See: https://urllib3.readthedocs.io/en/latest/advanced-usage.html#tls-warnings
  warnings.warn(

2026-09-29 16:22:38.917 77 INFO cinder.volume.drivers.lightos [None req-46cb4e5e-7de3-49f1-89bb-a44a8378cd62 5dc0142ac2fd484998f9356a3c99dd83 555a96e9419d4898b83b865709060af2 - - - -] Invoking get_volume using GET url: /api/v2/projects/default/volumes/39c950a6-1d00-4edc-982d-db5bb740db6e             request.body: {} ssl_verify: False
2026-09-29 16:22:38.961 77 WARNING py.warnings [None req-46cb4e5e-7de3-49f1-89bb-a44a8378cd62 5dc0142ac2fd484998f9356a3c99dd83 555a96e9419d4898b83b865709060af2 - - - -] /var/lib/kolla/venv/lib/python3.12/site-packages/urllib3/connectionpool.py:1110: InsecureRequestWarning: Unverified HTTPS request is being made to host '[LB_IP_ADDRESS]'. Adding certificate verification is strongly advised. See: https://urllib3.readthedocs.io/en/latest/advanced-usage.html#tls-warnings
  warnings.warn(

2026-09-29 16:22:39.003 77 INFO cinder.volume.flows.manager.create_volume [None req-46cb4e5e-7de3-49f1-89bb-a44a8378cd62 5dc0142ac2fd484998f9356a3c99dd83 555a96e9419d4898b83b865709060af2 - - - -] Volume vol_1831c317-d7dc-44b1-85ef-c0d188a46c86 (1831c317-d7dc-44b1-85ef-c0d188a46c86): created successfully
2026-09-29 16:22:39.013 77 INFO cinder.volume.manager [None req-46cb4e5e-7de3-49f1-89bb-a44a8378cd62 5dc0142ac2fd484998f9356a3c99dd83 555a96e9419d4898b83b865709060af2 - - - -] Created volume successfully.
2026-09-29 16:22:39.666 77 INFO cinder.volume.drivers.lightos [None req-2d8ee05f-100f-4b58-8195-9288aeb8decd 641a59f20f9843feb350f0b50a0ecb12 b4a52b3256824c539261d7ef058d083d - - - -] Invoking get_snapshot_by_name using GET url: /api/v2/projects/default/snapshots/?Name=snapshot-e1722ba3-2c96-432b-87a7-a87ec6423110             request.body: {} ssl_verify: False
2026-09-29 16:22:39.702 77 WARNING py.warnings [None req-2d8ee05f-100f-4b58-8195-9288aeb8decd 641a59f20f9843feb350f0b50a0ecb12 b4a52b3256824c539261d7ef058d083d - - - -] /var/lib/kolla/venv/lib/python3.12/site-packages/urllib3/connectionpool.py:1110: InsecureRequestWarning: Unverified HTTPS request is being made to host '[LB_IP_ADDRESS]'. Adding certificate verification is strongly advised. See: https://urllib3.readthedocs.io/en/latest/advanced-usage.html#tls-warnings
  warnings.warn(

2026-09-29 16:22:39.715 77 INFO cinder.volume.drivers.lightos [None req-2d8ee05f-100f-4b58-8195-9288aeb8decd 641a59f20f9843feb350f0b50a0ecb12 b4a52b3256824c539261d7ef058d083d - - - -] Invoking create_snapshot using POST url: /api/v2/projects/default/snapshots             request.body: {'name': 'snapshot-e1722ba3-2c96-432b-87a7-a87ec6423110', 'sourceVolumeUUID': None, 'sourceVolumeName': 'vol_5a387eaf-1f68-413a-9a00-df1e45453078'} ssl_verify: False
2026-09-29 16:22:39.761 77 WARNING py.warnings [None req-2d8ee05f-100f-4b58-8195-9288aeb8decd 641a59f20f9843feb350f0b50a0ecb12 b4a52b3256824c539261d7ef058d083d - - - -] /var/lib/kolla/venv/lib/python3.12/site-packages/urllib3/connectionpool.py:1110: InsecureRequestWarning: Unverified HTTPS request is being made to host '[LB_IP_ADDRESS]'. Adding certificate verification is strongly advised. See: https://urllib3.readthedocs.io/en/latest/advanced-usage.html#tls-warnings
  warnings.warn(

2026-09-29 16:22:39.859 77 INFO cinder.volume.drivers.lightos [None req-2d8ee05f-100f-4b58-8195-9288aeb8decd 641a59f20f9843feb350f0b50a0ecb12 b4a52b3256824c539261d7ef058d083d - - - -] Invoking get_snapshot_by_name using GET url: /api/v2/projects/default/snapshots/?Name=snapshot-e1722ba3-2c96-432b-87a7-a87ec6423110             request.body: {} ssl_verify: False
2026-09-29 16:22:39.911 77 WARNING py.warnings [None req-2d8ee05f-100f-4b58-8195-9288aeb8decd 641a59f20f9843feb350f0b50a0ecb12 b4a52b3256824c539261d7ef058d083d - - - -] /var/lib/kolla/venv/lib/python3.12/site-packages/urllib3/connectionpool.py:1110: InsecureRequestWarning: Unverified HTTPS request is being made to host '[LB_IP_ADDRESS]'. Adding certificate verification is strongly advised. See: https://urllib3.readthedocs.io/en/latest/advanced-usage.html#tls-warnings
  warnings.warn(

2026-09-29 16:22:39.969 77 INFO cinder.volume.manager [None req-0cc414d8-cf77-4e99-8620-37bee691d089 5dc0142ac2fd484998f9356a3c99dd83 555a96e9419d4898b83b865709060af2 - - default default] Update group completed successfully.
2026-09-29 16:22:40.954 77 INFO cinder.volume.drivers.lightos [None req-2d8ee05f-100f-4b58-8195-9288aeb8decd 641a59f20f9843feb350f0b50a0ecb12 b4a52b3256824c539261d7ef058d083d - - - -] Invoking get_snapshot_by_name using GET url: /api/v2/projects/default/snapshots/?Name=snapshot-e1722ba3-2c96-432b-87a7-a87ec6423110             request.body: {} ssl_verify: False
2026-09-29 16:22:41.002 77 WARNING py.warnings [None req-2d8ee05f-100f-4b58-8195-9288aeb8decd 641a59f20f9843feb350f0b50a0ecb12 b4a52b3256824c539261d7ef058d083d - - - -] /var/lib/kolla/venv/lib/python3.12/site-packages/urllib3/connectionpool.py:1110: InsecureRequestWarning: Unverified HTTPS request is being made to host '[LB_IP_ADDRESS]'. Adding certificate verification is strongly advised. See: https://urllib3.readthedocs.io/en/latest/advanced-usage.html#tls-warnings
  warnings.warn(

2026-09-29 16:22:41.036 77 INFO cinder.volume.manager [None req-2d8ee05f-100f-4b58-8195-9288aeb8decd 641a59f20f9843feb350f0b50a0ecb12 b4a52b3256824c539261d7ef058d083d - - - -] Create snapshot completed successfully
2026-09-29 16:22:41.230 77 INFO cinder.volume.manager [None req-15172b28-2ffe-43e7-a416-d8ef88d5addb 5dc0142ac2fd484998f9356a3c99dd83 555a96e9419d4898b83b865709060af2 - - default default] Update group completed successfully.
2026-09-29 16:22:42.280 77 INFO cinder.volume.drivers.lightos [None req-befa623b-4503-4d25-b618-d84bc4b193a0 641a59f20f9843feb350f0b50a0ecb12 b4a52b3256824c539261d7ef058d083d - - - -] Invoking get_snapshot_by_name using GET url: /api/v2/projects/default/snapshots/?Name=snapshot-c25df9b3-18ba-4a72-a51b-aef3946c2aa9             request.body: {} ssl_verify: False
2026-09-29 16:22:42.314 77 WARNING py.warnings [None req-befa623b-4503-4d25-b618-d84bc4b193a0 641a59f20f9843feb350f0b50a0ecb12 b4a52b3256824c539261d7ef058d083d - - - -] /var/lib/kolla/venv/lib/python3.12/site-packages/urllib3/connectionpool.py:1110: InsecureRequestWarning: Unverified HTTPS request is being made to host '[LB_IP_ADDRESS]'. Adding certificate verification is strongly advised. See: https://urllib3.readthedocs.io/en/latest/advanced-usage.html#tls-warnings
  warnings.warn(

2026-09-29 16:22:42.331 77 INFO cinder.volume.drivers.lightos [None req-befa623b-4503-4d25-b618-d84bc4b193a0 641a59f20f9843feb350f0b50a0ecb12 b4a52b3256824c539261d7ef058d083d - - - -] Invoking create_snapshot using POST url: /api/v2/projects/default/snapshots             request.body: {'name': 'snapshot-c25df9b3-18ba-4a72-a51b-aef3946c2aa9', 'sourceVolumeUUID': None, 'sourceVolumeName': 'vol_5a387eaf-1f68-413a-9a00-df1e45453078'} ssl_verify: False
2026-09-29 16:22:42.372 77 WARNING py.warnings [None req-befa623b-4503-4d25-b618-d84bc4b193a0 641a59f20f9843feb350f0b50a0ecb12 b4a52b3256824c539261d7ef058d083d - - - -] /var/lib/kolla/venv/lib/python3.12/site-packages/urllib3/connectionpool.py:1110: InsecureRequestWarning: Unverified HTTPS request is being made to host '[LB_IP_ADDRESS]'. Adding certificate verification is strongly advised. See: https://urllib3.readthedocs.io/en/latest/advanced-usage.html#tls-warnings
  warnings.warn(

2026-09-29 16:22:42.407 77 INFO cinder.volume.drivers.lightos [None req-befa623b-4503-4d25-b618-d84bc4b193a0 641a59f20f9843feb350f0b50a0ecb12 b4a52b3256824c539261d7ef058d083d - - - -] Invoking get_snapshot_by_name using GET url: /api/v2/projects/default/snapshots/?Name=snapshot-c25df9b3-18ba-4a72-a51b-aef3946c2aa9             request.body: {} ssl_verify: False
2026-09-29 16:22:42.450 77 WARNING py.warnings [None req-befa623b-4503-4d25-b618-d84bc4b193a0 641a59f20f9843feb350f0b50a0ecb12 b4a52b3256824c539261d7ef058d083d - - - -] /var/lib/kolla/venv/lib/python3.12/site-packages/urllib3/connectionpool.py:1110: InsecureRequestWarning: Unverified HTTPS request is being made to host '[LB_IP_ADDRESS]'. Adding certificate verification is strongly advised. See: https://urllib3.readthedocs.io/en/latest/advanced-usage.html#tls-warnings
  warnings.warn(

2026-09-29 16:22:42.553 77 INFO cinder.volume.drivers.lightos [None req-dc7d2322-003e-476e-a4b6-bc1bab382c65 5dc0142ac2fd484998f9356a3c99dd83 555a96e9419d4898b83b865709060af2 - - default default] Invoking delete_volume using DELETE url: /api/v2/projects/default/volumes/39c950a6-1d00-4edc-982d-db5bb740db6e?             request.body:  ssl_verify: False
2026-09-29 16:22:42.585 77 WARNING py.warnings [None req-dc7d2322-003e-476e-a4b6-bc1bab382c65 5dc0142ac2fd484998f9356a3c99dd83 555a96e9419d4898b83b865709060af2 - - default default] /var/lib/kolla/venv/lib/python3.12/site-packages/urllib3/connectionpool.py:1110: InsecureRequestWarning: Unverified HTTPS request is being made to host '[LB_IP_ADDRESS]'. Adding certificate verification is strongly advised. See: https://urllib3.readthedocs.io/en/latest/advanced-usage.html#tls-warnings
  warnings.warn(
: NotImplementedError
2026-09-29 16:22:42.655 77 INFO cinder.volume.drivers.lightos [None req-dc7d2322-003e-476e-a4b6-bc1bab382c65 5dc0142ac2fd484998f9356a3c99dd83 555a96e9419d4898b83b865709060af2 - - default default] Invoking get_volume using GET url: /api/v2/projects/default/volumes/39c950a6-1d00-4edc-982d-db5bb740db6e             request.body: {} ssl_verify: False
2026-09-29 16:22:42.705 77 WARNING py.warnings [None req-dc7d2322-003e-476e-a4b6-bc1bab382c65 5dc0142ac2fd484998f9356a3c99dd83 555a96e9419d4898b83b865709060af2 - - default default] /var/lib/kolla/venv/lib/python3.12/site-packages/urllib3/connectionpool.py:1110: InsecureRequestWarning: Unverified HTTPS request is being made to host '[LB_IP_ADDRESS]'. Adding certificate verification is strongly advised. See: https://urllib3.readthedocs.io/en/latest/advanced-usage.html#tls-warnings
  warnings.warn(
: NotImplementedError
2026-09-29 16:22:42.726 77 INFO cinder.volume.drivers.lightos [None req-dc7d2322-003e-476e-a4b6-bc1bab382c65 5dc0142ac2fd484998f9356a3c99dd83 555a96e9419d4898b83b865709060af2 - - default default] Invoking delete_volume using DELETE url: /api/v2/projects/default/volumes/a155122c-ce5f-4a89-884b-be92c0cd9100?             request.body:  ssl_verify: False
2026-09-29 16:22:42.767 77 WARNING py.warnings [None req-dc7d2322-003e-476e-a4b6-bc1bab382c65 5dc0142ac2fd484998f9356a3c99dd83 555a96e9419d4898b83b865709060af2 - - default default] /var/lib/kolla/venv/lib/python3.12/site-packages/urllib3/connectionpool.py:1110: InsecureRequestWarning: Unverified HTTPS request is being made to host '[LB_IP_ADDRESS]'. Adding certificate verification is strongly advised. See: https://urllib3.readthedocs.io/en/latest/advanced-usage.html#tls-warnings
  warnings.warn(
: NotImplementedError
2026-09-29 16:22:42.828 77 INFO cinder.volume.drivers.lightos [None req-dc7d2322-003e-476e-a4b6-bc1bab382c65 5dc0142ac2fd484998f9356a3c99dd83 555a96e9419d4898b83b865709060af2 - - default default] Invoking get_volume using GET url: /api/v2/projects/default/volumes/a155122c-ce5f-4a89-884b-be92c0cd9100             request.body: {} ssl_verify: False
2026-09-29 16:22:42.871 77 WARNING py.warnings [None req-dc7d2322-003e-476e-a4b6-bc1bab382c65 5dc0142ac2fd484998f9356a3c99dd83 555a96e9419d4898b83b865709060af2 - - default default] /var/lib/kolla/venv/lib/python3.12/site-packages/urllib3/connectionpool.py:1110: InsecureRequestWarning: Unverified HTTPS request is being made to host '[LB_IP_ADDRESS]'. Adding certificate verification is strongly advised. See: https://urllib3.readthedocs.io/en/latest/advanced-usage.html#tls-warnings
  warnings.warn(
: NotImplementedError
2026-09-29 16:22:43.009 77 WARNING cinder.quota [None req-dc7d2322-003e-476e-a4b6-bc1bab382c65 5dc0142ac2fd484998f9356a3c99dd83 555a96e9419d4898b83b865709060af2 - - default default] Deprecated: Default quota for resource: volumes_tempest-GroupsTest-volume-type-1297102042 is set by the default quota flag: quota_volumes_tempest-GroupsTest-volume-type-1297102042, it is now deprecated. Please use the default quota class for default quota.
2026-09-29 16:22:43.009 77 WARNING cinder.quota [None req-dc7d2322-003e-476e-a4b6-bc1bab382c65 5dc0142ac2fd484998f9356a3c99dd83 555a96e9419d4898b83b865709060af2 - - default default] Deprecated: Default quota for resource: gigabytes_tempest-GroupsTest-volume-type-1297102042 is set by the default quota flag: quota_gigabytes_tempest-GroupsTest-volume-type-1297102042, it is now deprecated. Please use the default quota class for default quota.
2026-09-29 16:22:43.182 77 INFO cinder.volume.manager [None req-dc7d2322-003e-476e-a4b6-bc1bab382c65 5dc0142ac2fd484998f9356a3c99dd83 555a96e9419d4898b83b865709060af2 - - default default] Delete group completed successfully.
2026-09-29 16:22:43.486 77 INFO cinder.volume.drivers.lightos [None req-befa623b-4503-4d25-b618-d84bc4b193a0 641a59f20f9843feb350f0b50a0ecb12 b4a52b3256824c539261d7ef058d083d - - - -] Invoking get_snapshot_by_name using GET url: /api/v2/projects/default/snapshots/?Name=snapshot-c25df9b3-18ba-4a72-a51b-aef3946c2aa9             request.body: {} ssl_verify: False
2026-09-29 16:22:43.531 77 WARNING py.warnings [None req-befa623b-4503-4d25-b618-d84bc4b193a0 641a59f20f9843feb350f0b50a0ecb12 b4a52b3256824c539261d7ef058d083d - - - -] /var/lib/kolla/venv/lib/python3.12/site-packages/urllib3/connectionpool.py:1110: InsecureRequestWarning: Unverified HTTPS request is being made to host '[LB_IP_ADDRESS]'. Adding certificate verification is strongly advised. See: https://urllib3.readthedocs.io/en/latest/advanced-usage.html#tls-warnings
  warnings.warn(

2026-09-29 16:22:43.559 77 INFO cinder.volume.manager [None req-befa623b-4503-4d25-b618-d84bc4b193a0 641a59f20f9843feb350f0b50a0ecb12 b4a52b3256824c539261d7ef058d083d - - - -] Create snapshot completed successfully
2026-09-29 16:22:44.468 77 INFO cinder.volume.drivers.lightos [None req-a043329c-19ac-4605-89b8-0834b94d2dc6 ec3536e47bbc4fcbb8c8a7ac15f0cc54 a0c8b8376a754c6991cdf48f754bfac1 - - default default] Invoking get_snapshot_by_name using GET url: /api/v2/projects/default/snapshots/?Name=snapshot-c25df9b3-18ba-4a72-a51b-aef3946c2aa9             request.body: {} ssl_verify: False
2026-09-29 16:22:44.508 77 WARNING py.warnings [None req-a043329c-19ac-4605-89b8-0834b94d2dc6 ec3536e47bbc4fcbb8c8a7ac15f0cc54 a0c8b8376a754c6991cdf48f754bfac1 - - default default] /var/lib/kolla/venv/lib/python3.12/site-packages/urllib3/connectionpool.py:1110: InsecureRequestWarning: Unverified HTTPS request is being made to host '[LB_IP_ADDRESS]'. Adding certificate verification is strongly advised. See: https://urllib3.readthedocs.io/en/latest/advanced-usage.html#tls-warnings
  warnings.warn(

2026-09-29 16:22:44.527 77 INFO cinder.volume.drivers.lightos [None req-a043329c-19ac-4605-89b8-0834b94d2dc6 ec3536e47bbc4fcbb8c8a7ac15f0cc54 a0c8b8376a754c6991cdf48f754bfac1 - - default default] Invoking delete_snapshot using DELETE url: /api/v2/projects/default/snapshots/9957370c-ec02-4ac9-ba25-db6f27603760?             request.body:  ssl_verify: False
2026-09-29 16:22:44.568 77 WARNING py.warnings [None req-a043329c-19ac-4605-89b8-0834b94d2dc6 ec3536e47bbc4fcbb8c8a7ac15f0cc54 a0c8b8376a754c6991cdf48f754bfac1 - - default default] /var/lib/kolla/venv/lib/python3.12/site-packages/urllib3/connectionpool.py:1110: InsecureRequestWarning: Unverified HTTPS request is being made to host '[LB_IP_ADDRESS]'. Adding certificate verification is strongly advised. See: https://urllib3.readthedocs.io/en/latest/advanced-usage.html#tls-warnings
  warnings.warn(

2026-09-29 16:22:44.590 77 INFO cinder.volume.drivers.lightos [None req-a043329c-19ac-4605-89b8-0834b94d2dc6 ec3536e47bbc4fcbb8c8a7ac15f0cc54 a0c8b8376a754c6991cdf48f754bfac1 - - default default] Invoking get_snapshot using GET url: /api/v2/projects/default/snapshots/9957370c-ec02-4ac9-ba25-db6f27603760             request.body: {} ssl_verify: False
2026-09-29 16:22:44.636 77 WARNING py.warnings [None req-a043329c-19ac-4605-89b8-0834b94d2dc6 ec3536e47bbc4fcbb8c8a7ac15f0cc54 a0c8b8376a754c6991cdf48f754bfac1 - - default default] /var/lib/kolla/venv/lib/python3.12/site-packages/urllib3/connectionpool.py:1110: InsecureRequestWarning: Unverified HTTPS request is being made to host '[LB_IP_ADDRESS]'. Adding certificate verification is strongly advised. See: https://urllib3.readthedocs.io/en/latest/advanced-usage.html#tls-warnings
  warnings.warn(

2026-09-29 16:22:44.744 77 INFO cinder.volume.manager [None req-a043329c-19ac-4605-89b8-0834b94d2dc6 ec3536e47bbc4fcbb8c8a7ac15f0cc54 a0c8b8376a754c6991cdf48f754bfac1 - - default default] Delete snapshot completed successfully.
2026-09-29 16:22:45.804 77 INFO cinder.volume.drivers.lightos [None req-6dc1bf20-8760-437c-8fc8-71d7e28f5236 641a59f20f9843feb350f0b50a0ecb12 b4a52b3256824c539261d7ef058d083d - - - -] Invoking get_snapshot_by_name using GET url: /api/v2/projects/default/snapshots/?Name=snapshot-816b0e05-d4f0-4165-8fc7-ceae85d09a08             request.body: {} ssl_verify: False
2026-09-29 16:22:45.841 77 WARNING py.warnings [None req-6dc1bf20-8760-437c-8fc8-71d7e28f5236 641a59f20f9843feb350f0b50a0ecb12 b4a52b3256824c539261d7ef058d083d - - - -] /var/lib/kolla/venv/lib/python3.12/site-packages/urllib3/connectionpool.py:1110: InsecureRequestWarning: Unverified HTTPS request is being made to host '[LB_IP_ADDRESS]'. Adding certificate verification is strongly advised. See: https://urllib3.readthedocs.io/en/latest/advanced-usage.html#tls-warnings
  warnings.warn(

2026-09-29 16:22:45.850 77 INFO cinder.volume.drivers.lightos [None req-6dc1bf20-8760-437c-8fc8-71d7e28f5236 641a59f20f9843feb350f0b50a0ecb12 b4a52b3256824c539261d7ef058d083d - - - -] Invoking create_snapshot using POST url: /api/v2/projects/default/snapshots             request.body: {'name': 'snapshot-816b0e05-d4f0-4165-8fc7-ceae85d09a08', 'sourceVolumeUUID': None, 'sourceVolumeName': 'vol_5a387eaf-1f68-413a-9a00-df1e45453078'} ssl_verify: False
2026-09-29 16:22:45.889 77 WARNING py.warnings [None req-6dc1bf20-8760-437c-8fc8-71d7e28f5236 641a59f20f9843feb350f0b50a0ecb12 b4a52b3256824c539261d7ef058d083d - - - -] /var/lib/kolla/venv/lib/python3.12/site-packages/urllib3/connectionpool.py:1110: InsecureRequestWarning: Unverified HTTPS request is being made to host '[LB_IP_ADDRESS]'. Adding certificate verification is strongly advised. See: https://urllib3.readthedocs.io/en/latest/advanced-usage.html#tls-warnings
  warnings.warn(

2026-09-29 16:22:45.940 77 INFO cinder.volume.drivers.lightos [None req-6dc1bf20-8760-437c-8fc8-71d7e28f5236 641a59f20f9843feb350f0b50a0ecb12 b4a52b3256824c539261d7ef058d083d - - - -] Invoking get_snapshot_by_name using GET url: /api/v2/projects/default/snapshots/?Name=snapshot-816b0e05-d4f0-4165-8fc7-ceae85d09a08             request.body: {} ssl_verify: False
2026-09-29 16:22:45.991 77 WARNING py.warnings [None req-6dc1bf20-8760-437c-8fc8-71d7e28f5236 641a59f20f9843feb350f0b50a0ecb12 b4a52b3256824c539261d7ef058d083d - - - -] /var/lib/kolla/venv/lib/python3.12/site-packages/urllib3/connectionpool.py:1110: InsecureRequestWarning: Unverified HTTPS request is being made to host '[LB_IP_ADDRESS]'. Adding certificate verification is strongly advised. See: https://urllib3.readthedocs.io/en/latest/advanced-usage.html#tls-warnings
  warnings.warn(

2026-09-29 16:22:47.039 77 INFO cinder.volume.drivers.lightos [None req-6dc1bf20-8760-437c-8fc8-71d7e28f5236 641a59f20f9843feb350f0b50a0ecb12 b4a52b3256824c539261d7ef058d083d - - - -] Invoking get_snapshot_by_name using GET url: /api/v2/projects/default/snapshots/?Name=snapshot-816b0e05-d4f0-4165-8fc7-ceae85d09a08             request.body: {} ssl_verify: False
2026-09-29 16:22:47.090 77 WARNING py.warnings [None req-6dc1bf20-8760-437c-8fc8-71d7e28f5236 641a59f20f9843feb350f0b50a0ecb12 b4a52b3256824c539261d7ef058d083d - - - -] /var/lib/kolla/venv/lib/python3.12/site-packages/urllib3/connectionpool.py:1110: InsecureRequestWarning: Unverified HTTPS request is being made to host '[LB_IP_ADDRESS]'. Adding certificate verification is strongly advised. See: https://urllib3.readthedocs.io/en/latest/advanced-usage.html#tls-warnings
  warnings.warn(

2026-09-29 16:22:47.121 77 INFO cinder.volume.manager [None req-6dc1bf20-8760-437c-8fc8-71d7e28f5236 641a59f20f9843feb350f0b50a0ecb12 b4a52b3256824c539261d7ef058d083d - - - -] Create snapshot completed successfully
2026-09-29 16:22:47.999 77 INFO cinder.volume.drivers.lightos [None req-d436d3fe-fbaa-42a9-941a-fdeee6daf9b5 ec3536e47bbc4fcbb8c8a7ac15f0cc54 a0c8b8376a754c6991cdf48f754bfac1 - - default default] Invoking get_snapshot_by_name using GET url: /api/v2/projects/default/snapshots/?Name=snapshot-816b0e05-d4f0-4165-8fc7-ceae85d09a08             request.body: {} ssl_verify: False
2026-09-29 16:22:48.048 77 WARNING py.warnings [None req-d436d3fe-fbaa-42a9-941a-fdeee6daf9b5 ec3536e47bbc4fcbb8c8a7ac15f0cc54 a0c8b8376a754c6991cdf48f754bfac1 - - default default] /var/lib/kolla/venv/lib/python3.12/site-packages/urllib3/connectionpool.py:1110: InsecureRequestWarning: Unverified HTTPS request is being made to host '[LB_IP_ADDRESS]'. Adding certificate verification is strongly advised. See: https://urllib3.readthedocs.io/en/latest/advanced-usage.html#tls-warnings
  warnings.warn(

2026-09-29 16:22:48.075 77 INFO cinder.volume.drivers.lightos [None req-d436d3fe-fbaa-42a9-941a-fdeee6daf9b5 ec3536e47bbc4fcbb8c8a7ac15f0cc54 a0c8b8376a754c6991cdf48f754bfac1 - - default default] Invoking delete_snapshot using DELETE url: /api/v2/projects/default/snapshots/1abf1a58-0d07-4084-b304-79f24eba401b?             request.body:  ssl_verify: False
2026-09-29 16:22:48.118 77 WARNING py.warnings [None req-d436d3fe-fbaa-42a9-941a-fdeee6daf9b5 ec3536e47bbc4fcbb8c8a7ac15f0cc54 a0c8b8376a754c6991cdf48f754bfac1 - - default default] /var/lib/kolla/venv/lib/python3.12/site-packages/urllib3/connectionpool.py:1110: InsecureRequestWarning: Unverified HTTPS request is being made to host '[LB_IP_ADDRESS]'. Adding certificate verification is strongly advised. See: https://urllib3.readthedocs.io/en/latest/advanced-usage.html#tls-warnings
  warnings.warn(

2026-09-29 16:22:48.142 77 INFO cinder.volume.drivers.lightos [None req-d436d3fe-fbaa-42a9-941a-fdeee6daf9b5 ec3536e47bbc4fcbb8c8a7ac15f0cc54 a0c8b8376a754c6991cdf48f754bfac1 - - default default] Invoking get_snapshot using GET url: /api/v2/projects/default/snapshots/1abf1a58-0d07-4084-b304-79f24eba401b             request.body: {} ssl_verify: False
2026-09-29 16:22:48.187 77 WARNING py.warnings [None req-d436d3fe-fbaa-42a9-941a-fdeee6daf9b5 ec3536e47bbc4fcbb8c8a7ac15f0cc54 a0c8b8376a754c6991cdf48f754bfac1 - - default default] /var/lib/kolla/venv/lib/python3.12/site-packages/urllib3/connectionpool.py:1110: InsecureRequestWarning: Unverified HTTPS request is being made to host '[LB_IP_ADDRESS]'. Adding certificate verification is strongly advised. See: https://urllib3.readthedocs.io/en/latest/advanced-usage.html#tls-warnings
  warnings.warn(

2026-09-29 16:22:48.187 77 INFO cinder.volume.manager [None req-0bead8f6-a5a3-4532-833a-8abbb8ddfa67 5151961ad5774c43aaa5563be55e201b 45c21451be3f4b9680637be73f690864 - - - -] Group tempest-GroupsV314Test-Group-101291983: creating
2026-09-29 16:22:48.202 77 INFO cinder.volume.manager [None req-0bead8f6-a5a3-4532-833a-8abbb8ddfa67 5151961ad5774c43aaa5563be55e201b 45c21451be3f4b9680637be73f690864 - - - -] Group tempest-GroupsV314Test-Group-101291983: created successfully
2026-09-29 16:22:48.209 77 INFO cinder.volume.manager [None req-0bead8f6-a5a3-4532-833a-8abbb8ddfa67 5151961ad5774c43aaa5563be55e201b 45c21451be3f4b9680637be73f690864 - - - -] Create group completed successfully.
2026-09-29 16:22:48.293 77 INFO cinder.volume.manager [None req-d436d3fe-fbaa-42a9-941a-fdeee6daf9b5 ec3536e47bbc4fcbb8c8a7ac15f0cc54 a0c8b8376a754c6991cdf48f754bfac1 - - default default] Delete snapshot completed successfully.
2026-09-29 16:22:49.356 77 INFO cinder.volume.drivers.lightos [None req-9abbffa0-d20f-4d5a-8249-2b7cb20ebefd 641a59f20f9843feb350f0b50a0ecb12 b4a52b3256824c539261d7ef058d083d - - - -] Invoking get_snapshot_by_name using GET url: /api/v2/projects/default/snapshots/?Name=snapshot-6ae9f139-34ef-49c7-881b-96e8a9354652             request.body: {} ssl_verify: False
2026-09-29 16:22:49.395 77 WARNING py.warnings [None req-9abbffa0-d20f-4d5a-8249-2b7cb20ebefd 641a59f20f9843feb350f0b50a0ecb12 b4a52b3256824c539261d7ef058d083d - - - -] /var/lib/kolla/venv/lib/python3.12/site-packages/urllib3/connectionpool.py:1110: InsecureRequestWarning: Unverified HTTPS request is being made to host '[LB_IP_ADDRESS]'. Adding certificate verification is strongly advised. See: https://urllib3.readthedocs.io/en/latest/advanced-usage.html#tls-warnings
  warnings.warn(

2026-09-29 16:22:49.406 77 INFO cinder.volume.drivers.lightos [None req-9abbffa0-d20f-4d5a-8249-2b7cb20ebefd 641a59f20f9843feb350f0b50a0ecb12 b4a52b3256824c539261d7ef058d083d - - - -] Invoking create_snapshot using POST url: /api/v2/projects/default/snapshots             request.body: {'name': 'snapshot-6ae9f139-34ef-49c7-881b-96e8a9354652', 'sourceVolumeUUID': None, 'sourceVolumeName': 'vol_5a387eaf-1f68-413a-9a00-df1e45453078'} ssl_verify: False
2026-09-29 16:22:49.451 77 WARNING py.warnings [None req-9abbffa0-d20f-4d5a-8249-2b7cb20ebefd 641a59f20f9843feb350f0b50a0ecb12 b4a52b3256824c539261d7ef058d083d - - - -] /var/lib/kolla/venv/lib/python3.12/site-packages/urllib3/connectionpool.py:1110: InsecureRequestWarning: Unverified HTTPS request is being made to host '[LB_IP_ADDRESS]'. Adding certificate verification is strongly advised. See: https://urllib3.readthedocs.io/en/latest/advanced-usage.html#tls-warnings
  warnings.warn(

2026-09-29 16:22:49.531 77 INFO cinder.volume.drivers.lightos [None req-9abbffa0-d20f-4d5a-8249-2b7cb20ebefd 641a59f20f9843feb350f0b50a0ecb12 b4a52b3256824c539261d7ef058d083d - - - -] Invoking get_snapshot_by_name using GET url: /api/v2/projects/default/snapshots/?Name=snapshot-6ae9f139-34ef-49c7-881b-96e8a9354652             request.body: {} ssl_verify: False
2026-09-29 16:22:49.575 77 WARNING py.warnings [None req-9abbffa0-d20f-4d5a-8249-2b7cb20ebefd 641a59f20f9843feb350f0b50a0ecb12 b4a52b3256824c539261d7ef058d083d - - - -] /var/lib/kolla/venv/lib/python3.12/site-packages/urllib3/connectionpool.py:1110: InsecureRequestWarning: Unverified HTTPS request is being made to host '[LB_IP_ADDRESS]'. Adding certificate verification is strongly advised. See: https://urllib3.readthedocs.io/en/latest/advanced-usage.html#tls-warnings
  warnings.warn(

2026-09-29 16:22:49.696 77 INFO cinder.volume.flows.manager.create_volume [None req-c7f8e21f-1b3f-4ae6-a2bd-87c15b1d3d2f 5151961ad5774c43aaa5563be55e201b 45c21451be3f4b9680637be73f690864 - - - -] Volume f072cc2d-ff6e-4716-b75a-19ad32862185: being created as raw with specification: {'status': 'creating', 'volume_name': 'vol_f072cc2d-ff6e-4716-b75a-19ad32862185', 'volume_size': 1}
2026-09-29 16:22:49.696 77 INFO cinder.volume.drivers.lightos [None req-c7f8e21f-1b3f-4ae6-a2bd-87c15b1d3d2f 5151961ad5774c43aaa5563be55e201b 45c21451be3f4b9680637be73f690864 - - - -] Invoking get_volume_by_name using GET url: /api/v2/projects/default/volumes/?name=vol_f072cc2d-ff6e-4716-b75a-19ad32862185             request.body: {} ssl_verify: False
2026-09-29 16:22:49.729 77 WARNING py.warnings [None req-c7f8e21f-1b3f-4ae6-a2bd-87c15b1d3d2f 5151961ad5774c43aaa5563be55e201b 45c21451be3f4b9680637be73f690864 - - - -] /var/lib/kolla/venv/lib/python3.12/site-packages/urllib3/connectionpool.py:1110: InsecureRequestWarning: Unverified HTTPS request is being made to host '[LB_IP_ADDRESS]'. Adding certificate verification is strongly advised. See: https://urllib3.readthedocs.io/en/latest/advanced-usage.html#tls-warnings
  warnings.warn(

2026-09-29 16:22:49.739 77 INFO cinder.volume.drivers.lightos [None req-c7f8e21f-1b3f-4ae6-a2bd-87c15b1d3d2f 5151961ad5774c43aaa5563be55e201b 45c21451be3f4b9680637be73f690864 - - - -] Invoking create_volume using POST url: /api/v2/projects/default/volumes             request.body: {'name': 'vol_f072cc2d-ff6e-4716-b75a-19ad32862185', 'size': '1 gib', 'replicaCount': '3', 'compression': 'False', 'acl': {'values': ['ALLOW_NONE']}, 'IPAcl': {'values': ['ALLOW_NONE']}, 'sourceSnapshotUUID': None, 'sourceSnapshotName': None} ssl_verify: False
2026-09-29 16:22:49.775 77 WARNING py.warnings [None req-c7f8e21f-1b3f-4ae6-a2bd-87c15b1d3d2f 5151961ad5774c43aaa5563be55e201b 45c21451be3f4b9680637be73f690864 - - - -] /var/lib/kolla/venv/lib/python3.12/site-packages/urllib3/connectionpool.py:1110: InsecureRequestWarning: Unverified HTTPS request is being made to host '[LB_IP_ADDRESS]'. Adding certificate verification is strongly advised. See: https://urllib3.readthedocs.io/en/latest/advanced-usage.html#tls-warnings
  warnings.warn(

2026-09-29 16:22:49.860 77 INFO cinder.volume.drivers.lightos [None req-c7f8e21f-1b3f-4ae6-a2bd-87c15b1d3d2f 5151961ad5774c43aaa5563be55e201b 45c21451be3f4b9680637be73f690864 - - - -] Invoking get_volume using GET url: /api/v2/projects/default/volumes/4b5ba9f2-22f1-45bf-ba80-0ead19b554f1             request.body: {} ssl_verify: False
2026-09-29 16:22:49.917 77 WARNING py.warnings [None req-c7f8e21f-1b3f-4ae6-a2bd-87c15b1d3d2f 5151961ad5774c43aaa5563be55e201b 45c21451be3f4b9680637be73f690864 - - - -] /var/lib/kolla/venv/lib/python3.12/site-packages/urllib3/connectionpool.py:1110: InsecureRequestWarning: Unverified HTTPS request is being made to host '[LB_IP_ADDRESS]'. Adding certificate verification is strongly advised. See: https://urllib3.readthedocs.io/en/latest/advanced-usage.html#tls-warnings
  warnings.warn(

2026-09-29 16:22:50.593 77 INFO cinder.volume.drivers.lightos [None req-9abbffa0-d20f-4d5a-8249-2b7cb20ebefd 641a59f20f9843feb350f0b50a0ecb12 b4a52b3256824c539261d7ef058d083d - - - -] Invoking get_snapshot_by_name using GET url: /api/v2/projects/default/snapshots/?Name=snapshot-6ae9f139-34ef-49c7-881b-96e8a9354652             request.body: {} ssl_verify: False
2026-09-29 16:22:50.641 77 WARNING py.warnings [None req-9abbffa0-d20f-4d5a-8249-2b7cb20ebefd 641a59f20f9843feb350f0b50a0ecb12 b4a52b3256824c539261d7ef058d083d - - - -] /var/lib/kolla/venv/lib/python3.12/site-packages/urllib3/connectionpool.py:1110: InsecureRequestWarning: Unverified HTTPS request is being made to host '[LB_IP_ADDRESS]'. Adding certificate verification is strongly advised. See: https://urllib3.readthedocs.io/en/latest/advanced-usage.html#tls-warnings
  warnings.warn(

2026-09-29 16:22:50.671 77 INFO cinder.volume.manager [None req-9abbffa0-d20f-4d5a-8249-2b7cb20ebefd 641a59f20f9843feb350f0b50a0ecb12 b4a52b3256824c539261d7ef058d083d - - - -] Create snapshot completed successfully
2026-09-29 16:22:50.940 77 INFO cinder.volume.drivers.lightos [None req-c7f8e21f-1b3f-4ae6-a2bd-87c15b1d3d2f 5151961ad5774c43aaa5563be55e201b 45c21451be3f4b9680637be73f690864 - - - -] Invoking get_volume using GET url: /api/v2/projects/default/volumes/4b5ba9f2-22f1-45bf-ba80-0ead19b554f1             request.body: {} ssl_verify: False
2026-09-29 16:22:50.986 77 WARNING py.warnings [None req-c7f8e21f-1b3f-4ae6-a2bd-87c15b1d3d2f 5151961ad5774c43aaa5563be55e201b 45c21451be3f4b9680637be73f690864 - - - -] /var/lib/kolla/venv/lib/python3.12/site-packages/urllib3/connectionpool.py:1110: InsecureRequestWarning: Unverified HTTPS request is being made to host '[LB_IP_ADDRESS]'. Adding certificate verification is strongly advised. See: https://urllib3.readthedocs.io/en/latest/advanced-usage.html#tls-warnings
  warnings.warn(

2026-09-29 16:22:51.019 77 INFO cinder.volume.flows.manager.create_volume [None req-c7f8e21f-1b3f-4ae6-a2bd-87c15b1d3d2f 5151961ad5774c43aaa5563be55e201b 45c21451be3f4b9680637be73f690864 - - - -] Volume vol_f072cc2d-ff6e-4716-b75a-19ad32862185 (f072cc2d-ff6e-4716-b75a-19ad32862185): created successfully
2026-09-29 16:22:51.027 77 INFO cinder.volume.manager [None req-c7f8e21f-1b3f-4ae6-a2bd-87c15b1d3d2f 5151961ad5774c43aaa5563be55e201b 45c21451be3f4b9680637be73f690864 - - - -] Created volume successfully.
2026-09-29 16:22:51.547 77 INFO cinder.volume.drivers.lightos [None req-f829a06d-ce78-42c1-9222-278ed0150585 ec3536e47bbc4fcbb8c8a7ac15f0cc54 a0c8b8376a754c6991cdf48f754bfac1 - - default default] Invoking get_snapshot_by_name using GET url: /api/v2/projects/default/snapshots/?Name=snapshot-6ae9f139-34ef-49c7-881b-96e8a9354652             request.body: {} ssl_verify: False
2026-09-29 16:22:51.589 77 WARNING py.warnings [None req-f829a06d-ce78-42c1-9222-278ed0150585 ec3536e47bbc4fcbb8c8a7ac15f0cc54 a0c8b8376a754c6991cdf48f754bfac1 - - default default] /var/lib/kolla/venv/lib/python3.12/site-packages/urllib3/connectionpool.py:1110: InsecureRequestWarning: Unverified HTTPS request is being made to host '[LB_IP_ADDRESS]'. Adding certificate verification is strongly advised. See: https://urllib3.readthedocs.io/en/latest/advanced-usage.html#tls-warnings
  warnings.warn(

2026-09-29 16:22:51.601 77 INFO cinder.volume.drivers.lightos [None req-f829a06d-ce78-42c1-9222-278ed0150585 ec3536e47bbc4fcbb8c8a7ac15f0cc54 a0c8b8376a754c6991cdf48f754bfac1 - - default default] Invoking delete_snapshot using DELETE url: /api/v2/projects/default/snapshots/dd2dd1d8-5f88-4359-983e-21c4adee4838?             request.body:  ssl_verify: False
2026-09-29 16:22:51.642 77 WARNING py.warnings [None req-f829a06d-ce78-42c1-9222-278ed0150585 ec3536e47bbc4fcbb8c8a7ac15f0cc54 a0c8b8376a754c6991cdf48f754bfac1 - - default default] /var/lib/kolla/venv/lib/python3.12/site-packages/urllib3/connectionpool.py:1110: InsecureRequestWarning: Unverified HTTPS request is being made to host '[LB_IP_ADDRESS]'. Adding certificate verification is strongly advised. See: https://urllib3.readthedocs.io/en/latest/advanced-usage.html#tls-warnings
  warnings.warn(

2026-09-29 16:22:51.662 77 INFO cinder.volume.drivers.lightos [None req-f829a06d-ce78-42c1-9222-278ed0150585 ec3536e47bbc4fcbb8c8a7ac15f0cc54 a0c8b8376a754c6991cdf48f754bfac1 - - default default] Invoking get_snapshot using GET url: /api/v2/projects/default/snapshots/dd2dd1d8-5f88-4359-983e-21c4adee4838             request.body: {} ssl_verify: False
2026-09-29 16:22:51.708 77 WARNING py.warnings [None req-f829a06d-ce78-42c1-9222-278ed0150585 ec3536e47bbc4fcbb8c8a7ac15f0cc54 a0c8b8376a754c6991cdf48f754bfac1 - - default default] /var/lib/kolla/venv/lib/python3.12/site-packages/urllib3/connectionpool.py:1110: InsecureRequestWarning: Unverified HTTPS request is being made to host '[LB_IP_ADDRESS]'. Adding certificate verification is strongly advised. See: https://urllib3.readthedocs.io/en/latest/advanced-usage.html#tls-warnings
  warnings.warn(

2026-09-29 16:22:51.841 77 INFO cinder.volume.manager [None req-f829a06d-ce78-42c1-9222-278ed0150585 ec3536e47bbc4fcbb8c8a7ac15f0cc54 a0c8b8376a754c6991cdf48f754bfac1 - - default default] Delete snapshot completed successfully.
2026-09-29 16:22:52.771 77 INFO cinder.volume.drivers.lightos [None req-fdcb912f-21ba-41da-b0e2-3f02c1a9a99e 5151961ad5774c43aaa5563be55e201b 45c21451be3f4b9680637be73f690864 - - default default] Invoking get_snapshot_by_name using GET url: /api/v2/projects/default/snapshots/?Name=for_clone_359f5d79-d74d-43db-aaa0-9b8dd2362aaf             request.body: {} ssl_verify: False
2026-09-29 16:22:52.808 77 WARNING py.warnings [None req-fdcb912f-21ba-41da-b0e2-3f02c1a9a99e 5151961ad5774c43aaa5563be55e201b 45c21451be3f4b9680637be73f690864 - - default default] /var/lib/kolla/venv/lib/python3.12/site-packages/urllib3/connectionpool.py:1110: InsecureRequestWarning: Unverified HTTPS request is being made to host '[LB_IP_ADDRESS]'. Adding certificate verification is strongly advised. See: https://urllib3.readthedocs.io/en/latest/advanced-usage.html#tls-warnings
  warnings.warn(
: NotImplementedError
2026-09-29 16:22:52.818 77 INFO cinder.volume.drivers.lightos [None req-fdcb912f-21ba-41da-b0e2-3f02c1a9a99e 5151961ad5774c43aaa5563be55e201b 45c21451be3f4b9680637be73f690864 - - default default] Invoking create_snapshot using POST url: /api/v2/projects/default/snapshots             request.body: {'name': 'for_clone_359f5d79-d74d-43db-aaa0-9b8dd2362aaf', 'sourceVolumeUUID': None, 'sourceVolumeName': 'vol_f072cc2d-ff6e-4716-b75a-19ad32862185'} ssl_verify: False
2026-09-29 16:22:52.863 77 WARNING py.warnings [None req-fdcb912f-21ba-41da-b0e2-3f02c1a9a99e 5151961ad5774c43aaa5563be55e201b 45c21451be3f4b9680637be73f690864 - - default default] /var/lib/kolla/venv/lib/python3.12/site-packages/urllib3/connectionpool.py:1110: InsecureRequestWarning: Unverified HTTPS request is being made to host '[LB_IP_ADDRESS]'. Adding certificate verification is strongly advised. See: https://urllib3.readthedocs.io/en/latest/advanced-usage.html#tls-warnings
  warnings.warn(
: NotImplementedError
2026-09-29 16:22:52.914 77 INFO cinder.volume.drivers.lightos [None req-39cc5464-50f0-4ca0-9f54-81fb124dab10 641a59f20f9843feb350f0b50a0ecb12 b4a52b3256824c539261d7ef058d083d - - - -] Invoking get_snapshot_by_name using GET url: /api/v2/projects/default/snapshots/?Name=snapshot-b1f781db-e140-4f96-92a3-bc6e45ca6b24             request.body: {} ssl_verify: False
2026-09-29 16:22:52.943 77 INFO cinder.volume.drivers.lightos [None req-fdcb912f-21ba-41da-b0e2-3f02c1a9a99e 5151961ad5774c43aaa5563be55e201b 45c21451be3f4b9680637be73f690864 - - default default] Invoking get_snapshot_by_name using GET url: /api/v2/projects/default/snapshots/?Name=for_clone_359f5d79-d74d-43db-aaa0-9b8dd2362aaf             request.body: {} ssl_verify: False
2026-09-29 16:22:52.972 77 WARNING py.warnings [None req-39cc5464-50f0-4ca0-9f54-81fb124dab10 641a59f20f9843feb350f0b50a0ecb12 b4a52b3256824c539261d7ef058d083d - - - -] /var/lib/kolla/venv/lib/python3.12/site-packages/urllib3/connectionpool.py:1110: InsecureRequestWarning: Unverified HTTPS request is being made to host '[LB_IP_ADDRESS]'. Adding certificate verification is strongly advised. See: https://urllib3.readthedocs.io/en/latest/advanced-usage.html#tls-warnings
  warnings.warn(

2026-09-29 16:22:52.989 77 WARNING py.warnings [None req-fdcb912f-21ba-41da-b0e2-3f02c1a9a99e 5151961ad5774c43aaa5563be55e201b 45c21451be3f4b9680637be73f690864 - - default default] /var/lib/kolla/venv/lib/python3.12/site-packages/urllib3/connectionpool.py:1110: InsecureRequestWarning: Unverified HTTPS request is being made to host '[LB_IP_ADDRESS]'. Adding certificate verification is strongly advised. See: https://urllib3.readthedocs.io/en/latest/advanced-usage.html#tls-warnings
  warnings.warn(
: NotImplementedError
2026-09-29 16:22:53.002 77 INFO cinder.volume.drivers.lightos [None req-39cc5464-50f0-4ca0-9f54-81fb124dab10 641a59f20f9843feb350f0b50a0ecb12 b4a52b3256824c539261d7ef058d083d - - - -] Invoking create_snapshot using POST url: /api/v2/projects/default/snapshots             request.body: {'name': 'snapshot-b1f781db-e140-4f96-92a3-bc6e45ca6b24', 'sourceVolumeUUID': None, 'sourceVolumeName': 'vol_5a387eaf-1f68-413a-9a00-df1e45453078'} ssl_verify: False
2026-09-29 16:22:53.043 77 WARNING py.warnings [None req-39cc5464-50f0-4ca0-9f54-81fb124dab10 641a59f20f9843feb350f0b50a0ecb12 b4a52b3256824c539261d7ef058d083d - - - -] /var/lib/kolla/venv/lib/python3.12/site-packages/urllib3/connectionpool.py:1110: InsecureRequestWarning: Unverified HTTPS request is being made to host '[LB_IP_ADDRESS]'. Adding certificate verification is strongly advised. See: https://urllib3.readthedocs.io/en/latest/advanced-usage.html#tls-warnings
  warnings.warn(

2026-09-29 16:22:53.121 77 INFO cinder.volume.drivers.lightos [None req-39cc5464-50f0-4ca0-9f54-81fb124dab10 641a59f20f9843feb350f0b50a0ecb12 b4a52b3256824c539261d7ef058d083d - - - -] Invoking get_snapshot_by_name using GET url: /api/v2/projects/default/snapshots/?Name=snapshot-b1f781db-e140-4f96-92a3-bc6e45ca6b24             request.body: {} ssl_verify: False
2026-09-29 16:22:53.175 77 WARNING py.warnings [None req-39cc5464-50f0-4ca0-9f54-81fb124dab10 641a59f20f9843feb350f0b50a0ecb12 b4a52b3256824c539261d7ef058d083d - - - -] /var/lib/kolla/venv/lib/python3.12/site-packages/urllib3/connectionpool.py:1110: InsecureRequestWarning: Unverified HTTPS request is being made to host '[LB_IP_ADDRESS]'. Adding certificate verification is strongly advised. See: https://urllib3.readthedocs.io/en/latest/advanced-usage.html#tls-warnings
  warnings.warn(

2026-09-29 16:22:54.039 77 INFO cinder.volume.drivers.lightos [None req-fdcb912f-21ba-41da-b0e2-3f02c1a9a99e 5151961ad5774c43aaa5563be55e201b 45c21451be3f4b9680637be73f690864 - - default default] Invoking get_snapshot_by_name using GET url: /api/v2/projects/default/snapshots/?Name=for_clone_359f5d79-d74d-43db-aaa0-9b8dd2362aaf             request.body: {} ssl_verify: False
2026-09-29 16:22:54.088 77 WARNING py.warnings [None req-fdcb912f-21ba-41da-b0e2-3f02c1a9a99e 5151961ad5774c43aaa5563be55e201b 45c21451be3f4b9680637be73f690864 - - default default] /var/lib/kolla/venv/lib/python3.12/site-packages/urllib3/connectionpool.py:1110: InsecureRequestWarning: Unverified HTTPS request is being made to host '[LB_IP_ADDRESS]'. Adding certificate verification is strongly advised. See: https://urllib3.readthedocs.io/en/latest/advanced-usage.html#tls-warnings
  warnings.warn(
: NotImplementedError
2026-09-29 16:22:54.103 77 INFO cinder.volume.drivers.lightos [None req-fdcb912f-21ba-41da-b0e2-3f02c1a9a99e 5151961ad5774c43aaa5563be55e201b 45c21451be3f4b9680637be73f690864 - - default default] Invoking get_volume_by_name using GET url: /api/v2/projects/default/volumes/?name=vol_359f5d79-d74d-43db-aaa0-9b8dd2362aaf             request.body: {} ssl_verify: False
2026-09-29 16:22:54.149 77 WARNING py.warnings [None req-fdcb912f-21ba-41da-b0e2-3f02c1a9a99e 5151961ad5774c43aaa5563be55e201b 45c21451be3f4b9680637be73f690864 - - default default] /var/lib/kolla/venv/lib/python3.12/site-packages/urllib3/connectionpool.py:1110: InsecureRequestWarning: Unverified HTTPS request is being made to host '[LB_IP_ADDRESS]'. Adding certificate verification is strongly advised. See: https://urllib3.readthedocs.io/en/latest/advanced-usage.html#tls-warnings
  warnings.warn(
: NotImplementedError
2026-09-29 16:22:54.160 77 INFO cinder.volume.drivers.lightos [None req-fdcb912f-21ba-41da-b0e2-3f02c1a9a99e 5151961ad5774c43aaa5563be55e201b 45c21451be3f4b9680637be73f690864 - - default default] Invoking create_volume using POST url: /api/v2/projects/default/volumes             request.body: {'name': 'vol_359f5d79-d74d-43db-aaa0-9b8dd2362aaf', 'size': '1 gib', 'replicaCount': '3', 'compression': 'False', 'acl': {'values': ['ALLOW_NONE']}, 'IPAcl': {'values': ['ALLOW_NONE']}, 'sourceSnapshotUUID': None, 'sourceSnapshotName': 'for_clone_359f5d79-d74d-43db-aaa0-9b8dd2362aaf'} ssl_verify: False
2026-09-29 16:22:54.207 77 WARNING py.warnings [None req-fdcb912f-21ba-41da-b0e2-3f02c1a9a99e 5151961ad5774c43aaa5563be55e201b 45c21451be3f4b9680637be73f690864 - - default default] /var/lib/kolla/venv/lib/python3.12/site-packages/urllib3/connectionpool.py:1110: InsecureRequestWarning: Unverified HTTPS request is being made to host '[LB_IP_ADDRESS]'. Adding certificate verification is strongly advised. See: https://urllib3.readthedocs.io/en/latest/advanced-usage.html#tls-warnings
  warnings.warn(
: NotImplementedError
2026-09-29 16:22:54.236 77 INFO cinder.volume.drivers.lightos [None req-fdcb912f-21ba-41da-b0e2-3f02c1a9a99e 5151961ad5774c43aaa5563be55e201b 45c21451be3f4b9680637be73f690864 - - default default] Invoking get_volume using GET url: /api/v2/projects/default/volumes/effd2c85-8a29-4cae-ad9f-0edc5f502c28             request.body: {} ssl_verify: False
2026-09-29 16:22:54.272 77 INFO cinder.volume.drivers.lightos [None req-39cc5464-50f0-4ca0-9f54-81fb124dab10 641a59f20f9843feb350f0b50a0ecb12 b4a52b3256824c539261d7ef058d083d - - - -] Invoking get_snapshot_by_name using GET url: /api/v2/projects/default/snapshots/?Name=snapshot-b1f781db-e140-4f96-92a3-bc6e45ca6b24             request.body: {} ssl_verify: False
2026-09-29 16:22:54.299 77 WARNING py.warnings [None req-fdcb912f-21ba-41da-b0e2-3f02c1a9a99e 5151961ad5774c43aaa5563be55e201b 45c21451be3f4b9680637be73f690864 - - default default] /var/lib/kolla/venv/lib/python3.12/site-packages/urllib3/connectionpool.py:1110: InsecureRequestWarning: Unverified HTTPS request is being made to host '[LB_IP_ADDRESS]'. Adding certificate verification is strongly advised. See: https://urllib3.readthedocs.io/en/latest/advanced-usage.html#tls-warnings
  warnings.warn(
: NotImplementedError
2026-09-29 16:22:54.304 77 WARNING py.warnings [None req-39cc5464-50f0-4ca0-9f54-81fb124dab10 641a59f20f9843feb350f0b50a0ecb12 b4a52b3256824c539261d7ef058d083d - - - -] /var/lib/kolla/venv/lib/python3.12/site-packages/urllib3/connectionpool.py:1110: InsecureRequestWarning: Unverified HTTPS request is being made to host '[LB_IP_ADDRESS]'. Adding certificate verification is strongly advised. See: https://urllib3.readthedocs.io/en/latest/advanced-usage.html#tls-warnings
  warnings.warn(

2026-09-29 16:22:54.312 77 INFO cinder.volume.drivers.lightos [None req-fdcb912f-21ba-41da-b0e2-3f02c1a9a99e 5151961ad5774c43aaa5563be55e201b 45c21451be3f4b9680637be73f690864 - - default default] Invoking get_snapshot_by_name using GET url: /api/v2/projects/default/snapshots/?Name=for_clone_359f5d79-d74d-43db-aaa0-9b8dd2362aaf             request.body: {} ssl_verify: False
2026-09-29 16:22:54.346 77 WARNING py.warnings [None req-fdcb912f-21ba-41da-b0e2-3f02c1a9a99e 5151961ad5774c43aaa5563be55e201b 45c21451be3f4b9680637be73f690864 - - default default] /var/lib/kolla/venv/lib/python3.12/site-packages/urllib3/connectionpool.py:1110: InsecureRequestWarning: Unverified HTTPS request is being made to host '[LB_IP_ADDRESS]'. Adding certificate verification is strongly advised. See: https://urllib3.readthedocs.io/en/latest/advanced-usage.html#tls-warnings
  warnings.warn(
: NotImplementedError
2026-09-29 16:22:54.356 77 INFO cinder.volume.drivers.lightos [None req-fdcb912f-21ba-41da-b0e2-3f02c1a9a99e 5151961ad5774c43aaa5563be55e201b 45c21451be3f4b9680637be73f690864 - - default default] Invoking delete_snapshot using DELETE url: /api/v2/projects/default/snapshots/3419173e-9643-4c41-8727-740f2053bd4d?             request.body:  ssl_verify: False
2026-09-29 16:22:54.358 77 INFO cinder.volume.manager [None req-39cc5464-50f0-4ca0-9f54-81fb124dab10 641a59f20f9843feb350f0b50a0ecb12 b4a52b3256824c539261d7ef058d083d - - - -] Create snapshot completed successfully
2026-09-29 16:22:54.404 77 WARNING py.warnings [None req-fdcb912f-21ba-41da-b0e2-3f02c1a9a99e 5151961ad5774c43aaa5563be55e201b 45c21451be3f4b9680637be73f690864 - - default default] /var/lib/kolla/venv/lib/python3.12/site-packages/urllib3/connectionpool.py:1110: InsecureRequestWarning: Unverified HTTPS request is being made to host '[LB_IP_ADDRESS]'. Adding certificate verification is strongly advised. See: https://urllib3.readthedocs.io/en/latest/advanced-usage.html#tls-warnings
  warnings.warn(
: NotImplementedError
2026-09-29 16:22:54.434 77 INFO cinder.volume.drivers.lightos [None req-fdcb912f-21ba-41da-b0e2-3f02c1a9a99e 5151961ad5774c43aaa5563be55e201b 45c21451be3f4b9680637be73f690864 - - default default] Invoking get_snapshot using GET url: /api/v2/projects/default/snapshots/3419173e-9643-4c41-8727-740f2053bd4d             request.body: {} ssl_verify: False
2026-09-29 16:22:54.499 77 WARNING py.warnings [None req-fdcb912f-21ba-41da-b0e2-3f02c1a9a99e 5151961ad5774c43aaa5563be55e201b 45c21451be3f4b9680637be73f690864 - - default default] /var/lib/kolla/venv/lib/python3.12/site-packages/urllib3/connectionpool.py:1110: InsecureRequestWarning: Unverified HTTPS request is being made to host '[LB_IP_ADDRESS]'. Adding certificate verification is strongly advised. See: https://urllib3.readthedocs.io/en/latest/advanced-usage.html#tls-warnings
  warnings.warn(
: NotImplementedError
2026-09-29 16:22:54.549 77 INFO cinder.volume.manager [None req-fdcb912f-21ba-41da-b0e2-3f02c1a9a99e 5151961ad5774c43aaa5563be55e201b 45c21451be3f4b9680637be73f690864 - - default default] Create group from source-group-8e186140-fc24-4eec-94b7-c28bbc2819a2 completed successfully.
2026-09-29 16:22:55.092 77 INFO cinder.volume.drivers.lightos [None req-2c625a99-9048-4da1-888e-989fb34881b0 ec3536e47bbc4fcbb8c8a7ac15f0cc54 a0c8b8376a754c6991cdf48f754bfac1 - - default default] Invoking get_snapshot_by_name using GET url: /api/v2/projects/default/snapshots/?Name=snapshot-b1f781db-e140-4f96-92a3-bc6e45ca6b24             request.body: {} ssl_verify: False
2026-09-29 16:22:55.136 77 WARNING py.warnings [None req-2c625a99-9048-4da1-888e-989fb34881b0 ec3536e47bbc4fcbb8c8a7ac15f0cc54 a0c8b8376a754c6991cdf48f754bfac1 - - default default] /var/lib/kolla/venv/lib/python3.12/site-packages/urllib3/connectionpool.py:1110: InsecureRequestWarning: Unverified HTTPS request is being made to host '[LB_IP_ADDRESS]'. Adding certificate verification is strongly advised. See: https://urllib3.readthedocs.io/en/latest/advanced-usage.html#tls-warnings
  warnings.warn(

2026-09-29 16:22:55.162 77 INFO cinder.volume.drivers.lightos [None req-2c625a99-9048-4da1-888e-989fb34881b0 ec3536e47bbc4fcbb8c8a7ac15f0cc54 a0c8b8376a754c6991cdf48f754bfac1 - - default default] Invoking delete_snapshot using DELETE url: /api/v2/projects/default/snapshots/ad42595e-e53c-4980-a586-9cceb8872943?             request.body:  ssl_verify: False
2026-09-29 16:22:55.203 77 WARNING py.warnings [None req-2c625a99-9048-4da1-888e-989fb34881b0 ec3536e47bbc4fcbb8c8a7ac15f0cc54 a0c8b8376a754c6991cdf48f754bfac1 - - default default] /var/lib/kolla/venv/lib/python3.12/site-packages/urllib3/connectionpool.py:1110: InsecureRequestWarning: Unverified HTTPS request is being made to host '[LB_IP_ADDRESS]'. Adding certificate verification is strongly advised. See: https://urllib3.readthedocs.io/en/latest/advanced-usage.html#tls-warnings
  warnings.warn(

2026-09-29 16:22:55.213 77 INFO cinder.volume.drivers.lightos [None req-7946f98e-17bb-44c7-9f37-10ffb269bba4 5151961ad5774c43aaa5563be55e201b 45c21451be3f4b9680637be73f690864 - - default default] Invoking delete_volume using DELETE url: /api/v2/projects/default/volumes/effd2c85-8a29-4cae-ad9f-0edc5f502c28?             request.body:  ssl_verify: False
2026-09-29 16:22:55.244 77 INFO cinder.volume.drivers.lightos [None req-2c625a99-9048-4da1-888e-989fb34881b0 ec3536e47bbc4fcbb8c8a7ac15f0cc54 a0c8b8376a754c6991cdf48f754bfac1 - - default default] Invoking get_snapshot using GET url: /api/v2/projects/default/snapshots/ad42595e-e53c-4980-a586-9cceb8872943             request.body: {} ssl_verify: False
2026-09-29 16:22:55.274 77 WARNING py.warnings [None req-7946f98e-17bb-44c7-9f37-10ffb269bba4 5151961ad5774c43aaa5563be55e201b 45c21451be3f4b9680637be73f690864 - - default default] /var/lib/kolla/venv/lib/python3.12/site-packages/urllib3/connectionpool.py:1110: InsecureRequestWarning: Unverified HTTPS request is being made to host '[LB_IP_ADDRESS]'. Adding certificate verification is strongly advised. See: https://urllib3.readthedocs.io/en/latest/advanced-usage.html#tls-warnings
  warnings.warn(
: NotImplementedError
2026-09-29 16:22:55.279 77 WARNING py.warnings [None req-2c625a99-9048-4da1-888e-989fb34881b0 ec3536e47bbc4fcbb8c8a7ac15f0cc54 a0c8b8376a754c6991cdf48f754bfac1 - - default default] /var/lib/kolla/venv/lib/python3.12/site-packages/urllib3/connectionpool.py:1110: InsecureRequestWarning: Unverified HTTPS request is being made to host '[LB_IP_ADDRESS]'. Adding certificate verification is strongly advised. See: https://urllib3.readthedocs.io/en/latest/advanced-usage.html#tls-warnings
  warnings.warn(

2026-09-29 16:22:55.308 77 INFO cinder.volume.drivers.lightos [None req-7946f98e-17bb-44c7-9f37-10ffb269bba4 5151961ad5774c43aaa5563be55e201b 45c21451be3f4b9680637be73f690864 - - default default] Invoking get_volume using GET url: /api/v2/projects/default/volumes/effd2c85-8a29-4cae-ad9f-0edc5f502c28             request.body: {} ssl_verify: False
2026-09-29 16:22:55.342 77 WARNING py.warnings [None req-7946f98e-17bb-44c7-9f37-10ffb269bba4 5151961ad5774c43aaa5563be55e201b 45c21451be3f4b9680637be73f690864 - - default default] /var/lib/kolla/venv/lib/python3.12/site-packages/urllib3/connectionpool.py:1110: InsecureRequestWarning: Unverified HTTPS request is being made to host '[LB_IP_ADDRESS]'. Adding certificate verification is strongly advised. See: https://urllib3.readthedocs.io/en/latest/advanced-usage.html#tls-warnings
  warnings.warn(
: NotImplementedError
2026-09-29 16:22:55.441 77 INFO cinder.volume.manager [None req-2c625a99-9048-4da1-888e-989fb34881b0 ec3536e47bbc4fcbb8c8a7ac15f0cc54 a0c8b8376a754c6991cdf48f754bfac1 - - default default] Delete snapshot completed successfully.
2026-09-29 16:22:55.466 77 WARNING cinder.quota [None req-7946f98e-17bb-44c7-9f37-10ffb269bba4 5151961ad5774c43aaa5563be55e201b 45c21451be3f4b9680637be73f690864 - - default default] Deprecated: Default quota for resource: volumes_tempest-GroupsV314Test-volume-type-125440374 is set by the default quota flag: quota_volumes_tempest-GroupsV314Test-volume-type-125440374, it is now deprecated. Please use the default quota class for default quota.
2026-09-29 16:22:55.466 77 WARNING cinder.quota [None req-7946f98e-17bb-44c7-9f37-10ffb269bba4 5151961ad5774c43aaa5563be55e201b 45c21451be3f4b9680637be73f690864 - - default default] Deprecated: Default quota for resource: gigabytes_tempest-GroupsV314Test-volume-type-125440374 is set by the default quota flag: quota_gigabytes_tempest-GroupsV314Test-volume-type-125440374, it is now deprecated. Please use the default quota class for default quota.
2026-09-29 16:22:55.533 77 INFO cinder.volume.manager [None req-7946f98e-17bb-44c7-9f37-10ffb269bba4 5151961ad5774c43aaa5563be55e201b 45c21451be3f4b9680637be73f690864 - - default default] Delete group completed successfully.
2026-09-29 16:22:56.456 77 INFO cinder.volume.drivers.lightos [None req-e6f5a178-464d-4e7f-8a7c-ec55171d29b2 5151961ad5774c43aaa5563be55e201b 45c21451be3f4b9680637be73f690864 - - default default] Invoking delete_volume using DELETE url: /api/v2/projects/default/volumes/4b5ba9f2-22f1-45bf-ba80-0ead19b554f1?             request.body:  ssl_verify: False
2026-09-29 16:22:56.487 77 INFO cinder.volume.drivers.lightos [None req-48f6df22-3a9b-432d-9d6f-b8061db77be0 641a59f20f9843feb350f0b50a0ecb12 b4a52b3256824c539261d7ef058d083d - - default default] Invoking get_snapshot_by_name using GET url: /api/v2/projects/default/snapshots/?Name=snapshot-e1722ba3-2c96-432b-87a7-a87ec6423110             request.body: {} ssl_verify: False
2026-09-29 16:22:56.515 77 WARNING py.warnings [None req-e6f5a178-464d-4e7f-8a7c-ec55171d29b2 5151961ad5774c43aaa5563be55e201b 45c21451be3f4b9680637be73f690864 - - default default] /var/lib/kolla/venv/lib/python3.12/site-packages/urllib3/connectionpool.py:1110: InsecureRequestWarning: Unverified HTTPS request is being made to host '[LB_IP_ADDRESS]'. Adding certificate verification is strongly advised. See: https://urllib3.readthedocs.io/en/latest/advanced-usage.html#tls-warnings
  warnings.warn(
: NotImplementedError
2026-09-29 16:22:56.521 77 WARNING py.warnings [None req-48f6df22-3a9b-432d-9d6f-b8061db77be0 641a59f20f9843feb350f0b50a0ecb12 b4a52b3256824c539261d7ef058d083d - - default default] /var/lib/kolla/venv/lib/python3.12/site-packages/urllib3/connectionpool.py:1110: InsecureRequestWarning: Unverified HTTPS request is being made to host '[LB_IP_ADDRESS]'. Adding certificate verification is strongly advised. See: https://urllib3.readthedocs.io/en/latest/advanced-usage.html#tls-warnings
  warnings.warn(

2026-09-29 16:22:56.550 77 INFO cinder.volume.drivers.lightos [None req-e6f5a178-464d-4e7f-8a7c-ec55171d29b2 5151961ad5774c43aaa5563be55e201b 45c21451be3f4b9680637be73f690864 - - default default] Invoking get_volume using GET url: /api/v2/projects/default/volumes/4b5ba9f2-22f1-45bf-ba80-0ead19b554f1             request.body: {} ssl_verify: False
2026-09-29 16:22:56.556 77 INFO cinder.volume.drivers.lightos [None req-48f6df22-3a9b-432d-9d6f-b8061db77be0 641a59f20f9843feb350f0b50a0ecb12 b4a52b3256824c539261d7ef058d083d - - default default] Invoking delete_snapshot using DELETE url: /api/v2/projects/default/snapshots/4a3b005d-9a3f-4d93-93b0-b122487a78db?             request.body:  ssl_verify: False
2026-09-29 16:22:56.614 77 WARNING py.warnings [None req-e6f5a178-464d-4e7f-8a7c-ec55171d29b2 5151961ad5774c43aaa5563be55e201b 45c21451be3f4b9680637be73f690864 - - default default] /var/lib/kolla/venv/lib/python3.12/site-packages/urllib3/connectionpool.py:1110: InsecureRequestWarning: Unverified HTTPS request is being made to host '[LB_IP_ADDRESS]'. Adding certificate verification is strongly advised. See: https://urllib3.readthedocs.io/en/latest/advanced-usage.html#tls-warnings
  warnings.warn(
: NotImplementedError
2026-09-29 16:22:56.619 77 WARNING py.warnings [None req-48f6df22-3a9b-432d-9d6f-b8061db77be0 641a59f20f9843feb350f0b50a0ecb12 b4a52b3256824c539261d7ef058d083d - - default default] /var/lib/kolla/venv/lib/python3.12/site-packages/urllib3/connectionpool.py:1110: InsecureRequestWarning: Unverified HTTPS request is being made to host '[LB_IP_ADDRESS]'. Adding certificate verification is strongly advised. See: https://urllib3.readthedocs.io/en/latest/advanced-usage.html#tls-warnings
  warnings.warn(

2026-09-29 16:22:56.639 77 INFO cinder.volume.drivers.lightos [None req-48f6df22-3a9b-432d-9d6f-b8061db77be0 641a59f20f9843feb350f0b50a0ecb12 b4a52b3256824c539261d7ef058d083d - - default default] Invoking get_snapshot using GET url: /api/v2/projects/default/snapshots/4a3b005d-9a3f-4d93-93b0-b122487a78db             request.body: {} ssl_verify: False
2026-09-29 16:22:56.679 77 WARNING py.warnings [None req-48f6df22-3a9b-432d-9d6f-b8061db77be0 641a59f20f9843feb350f0b50a0ecb12 b4a52b3256824c539261d7ef058d083d - - default default] /var/lib/kolla/venv/lib/python3.12/site-packages/urllib3/connectionpool.py:1110: InsecureRequestWarning: Unverified HTTPS request is being made to host '[LB_IP_ADDRESS]'. Adding certificate verification is strongly advised. See: https://urllib3.readthedocs.io/en/latest/advanced-usage.html#tls-warnings
  warnings.warn(

2026-09-29 16:22:56.846 77 INFO cinder.volume.manager [None req-48f6df22-3a9b-432d-9d6f-b8061db77be0 641a59f20f9843feb350f0b50a0ecb12 b4a52b3256824c539261d7ef058d083d - - default default] Delete snapshot completed successfully.
2026-09-29 16:22:56.868 77 INFO cinder.volume.manager [None req-e6f5a178-464d-4e7f-8a7c-ec55171d29b2 5151961ad5774c43aaa5563be55e201b 45c21451be3f4b9680637be73f690864 - - default default] Delete group completed successfully.
2026-09-29 16:22:57.665 77 INFO cinder.volume.drivers.lightos [None req-0a699a78-49cf-4a12-b83c-6993c8b95348 641a59f20f9843feb350f0b50a0ecb12 b4a52b3256824c539261d7ef058d083d - - default default] Invoking delete_volume using DELETE url: /api/v2/projects/default/volumes/2b9272f0-139f-47a2-9d1d-79beb4320753?             request.body:  ssl_verify: False
2026-09-29 16:22:57.699 77 WARNING py.warnings [None req-0a699a78-49cf-4a12-b83c-6993c8b95348 641a59f20f9843feb350f0b50a0ecb12 b4a52b3256824c539261d7ef058d083d - - default default] /var/lib/kolla/venv/lib/python3.12/site-packages/urllib3/connectionpool.py:1110: InsecureRequestWarning: Unverified HTTPS request is being made to host '[LB_IP_ADDRESS]'. Adding certificate verification is strongly advised. See: https://urllib3.readthedocs.io/en/latest/advanced-usage.html#tls-warnings
  warnings.warn(

2026-09-29 16:22:57.738 77 INFO cinder.volume.drivers.lightos [None req-0a699a78-49cf-4a12-b83c-6993c8b95348 641a59f20f9843feb350f0b50a0ecb12 b4a52b3256824c539261d7ef058d083d - - default default] Invoking get_volume using GET url: /api/v2/projects/default/volumes/2b9272f0-139f-47a2-9d1d-79beb4320753             request.body: {} ssl_verify: False
2026-09-29 16:22:57.780 77 WARNING py.warnings [None req-0a699a78-49cf-4a12-b83c-6993c8b95348 641a59f20f9843feb350f0b50a0ecb12 b4a52b3256824c539261d7ef058d083d - - default default] /var/lib/kolla/venv/lib/python3.12/site-packages/urllib3/connectionpool.py:1110: InsecureRequestWarning: Unverified HTTPS request is being made to host '[LB_IP_ADDRESS]'. Adding certificate verification is strongly advised. See: https://urllib3.readthedocs.io/en/latest/advanced-usage.html#tls-warnings
  warnings.warn(

2026-09-29 16:22:57.906 77 INFO cinder.volume.manager [None req-0a699a78-49cf-4a12-b83c-6993c8b95348 641a59f20f9843feb350f0b50a0ecb12 b4a52b3256824c539261d7ef058d083d - - default default] Deleted volume successfully.
2026-09-29 16:23:02.093 77 INFO cinder.volume.flows.manager.create_volume [None req-444aad57-977f-401d-9759-cc5438c37022 5367c5637f744bbc9e593da1f5ff52d7 ea35e5b146c3408dafe879ee3119653b - - - -] Volume fc84d052-8be8-4fd9-8c88-c2f5e398ed23: being created as raw with specification: {'status': 'creating', 'volume_name': 'vol_fc84d052-8be8-4fd9-8c88-c2f5e398ed23', 'volume_size': 1}
2026-09-29 16:23:02.093 77 INFO cinder.volume.drivers.lightos [None req-444aad57-977f-401d-9759-cc5438c37022 5367c5637f744bbc9e593da1f5ff52d7 ea35e5b146c3408dafe879ee3119653b - - - -] Invoking get_volume_by_name using GET url: /api/v2/projects/default/volumes/?name=vol_fc84d052-8be8-4fd9-8c88-c2f5e398ed23             request.body: {} ssl_verify: False
2026-09-29 16:23:02.128 77 WARNING py.warnings [None req-444aad57-977f-401d-9759-cc5438c37022 5367c5637f744bbc9e593da1f5ff52d7 ea35e5b146c3408dafe879ee3119653b - - - -] /var/lib/kolla/venv/lib/python3.12/site-packages/urllib3/connectionpool.py:1110: InsecureRequestWarning: Unverified HTTPS request is being made to host '[LB_IP_ADDRESS]'. Adding certificate verification is strongly advised. See: https://urllib3.readthedocs.io/en/latest/advanced-usage.html#tls-warnings
  warnings.warn(

2026-09-29 16:23:02.136 77 INFO cinder.volume.drivers.lightos [None req-444aad57-977f-401d-9759-cc5438c37022 5367c5637f744bbc9e593da1f5ff52d7 ea35e5b146c3408dafe879ee3119653b - - - -] Invoking create_volume using POST url: /api/v2/projects/default/volumes             request.body: {'name': 'vol_fc84d052-8be8-4fd9-8c88-c2f5e398ed23', 'size': '1 gib', 'replicaCount': '3', 'compression': 'False', 'acl': {'values': ['ALLOW_NONE']}, 'IPAcl': {'values': ['ALLOW_NONE']}, 'sourceSnapshotUUID': None, 'sourceSnapshotName': None} ssl_verify: False
2026-09-29 16:23:02.170 77 WARNING py.warnings [None req-444aad57-977f-401d-9759-cc5438c37022 5367c5637f744bbc9e593da1f5ff52d7 ea35e5b146c3408dafe879ee3119653b - - - -] /var/lib/kolla/venv/lib/python3.12/site-packages/urllib3/connectionpool.py:1110: InsecureRequestWarning: Unverified HTTPS request is being made to host '[LB_IP_ADDRESS]'. Adding certificate verification is strongly advised. See: https://urllib3.readthedocs.io/en/latest/advanced-usage.html#tls-warnings
  warnings.warn(

2026-09-29 16:23:02.190 77 INFO cinder.volume.drivers.lightos [None req-444aad57-977f-401d-9759-cc5438c37022 5367c5637f744bbc9e593da1f5ff52d7 ea35e5b146c3408dafe879ee3119653b - - - -] Invoking get_volume using GET url: /api/v2/projects/default/volumes/53075489-e18b-4c49-a278-9eba32343064             request.body: {} ssl_verify: False
2026-09-29 16:23:02.233 77 WARNING py.warnings [None req-444aad57-977f-401d-9759-cc5438c37022 5367c5637f744bbc9e593da1f5ff52d7 ea35e5b146c3408dafe879ee3119653b - - - -] /var/lib/kolla/venv/lib/python3.12/site-packages/urllib3/connectionpool.py:1110: InsecureRequestWarning: Unverified HTTPS request is being made to host '[LB_IP_ADDRESS]'. Adding certificate verification is strongly advised. See: https://urllib3.readthedocs.io/en/latest/advanced-usage.html#tls-warnings
  warnings.warn(

2026-09-29 16:23:02.264 77 INFO cinder.volume.flows.manager.create_volume [None req-444aad57-977f-401d-9759-cc5438c37022 5367c5637f744bbc9e593da1f5ff52d7 ea35e5b146c3408dafe879ee3119653b - - - -] Volume vol_fc84d052-8be8-4fd9-8c88-c2f5e398ed23 (fc84d052-8be8-4fd9-8c88-c2f5e398ed23): created successfully
2026-09-29 16:23:02.271 77 INFO cinder.volume.manager [None req-444aad57-977f-401d-9759-cc5438c37022 5367c5637f744bbc9e593da1f5ff52d7 ea35e5b146c3408dafe879ee3119653b - - - -] Created volume successfully.
2026-09-29 16:23:02.579 77 INFO cinder.volume.manager [None req-fae7351b-5ed4-4c8c-9ae1-55e693544234 912ad057ff3441fa9978f2091b72d24d 6e3a0b06564b4447bc435abc972a7cec - - - -] Group tempest-GroupsV320Test-Group-1866296033: creating
2026-09-29 16:23:02.595 77 INFO cinder.volume.manager [None req-fae7351b-5ed4-4c8c-9ae1-55e693544234 912ad057ff3441fa9978f2091b72d24d 6e3a0b06564b4447bc435abc972a7cec - - - -] Group tempest-GroupsV320Test-Group-1866296033: created successfully
2026-09-29 16:23:02.601 77 INFO cinder.volume.manager [None req-fae7351b-5ed4-4c8c-9ae1-55e693544234 912ad057ff3441fa9978f2091b72d24d 6e3a0b06564b4447bc435abc972a7cec - - - -] Create group completed successfully.
2026-09-29 16:23:03.319 77 INFO cinder.volume.drivers.lightos [None req-b0dfc420-08ab-46c8-b4f2-cfc3a31d3087 5367c5637f744bbc9e593da1f5ff52d7 ea35e5b146c3408dafe879ee3119653b - - - -] Invoking get_snapshot_by_name using GET url: /api/v2/projects/default/snapshots/?Name=snapshot-018aadd3-d34f-4dd0-9f57-4a5462a4e202             request.body: {} ssl_verify: False
2026-09-29 16:23:03.356 77 WARNING py.warnings [None req-b0dfc420-08ab-46c8-b4f2-cfc3a31d3087 5367c5637f744bbc9e593da1f5ff52d7 ea35e5b146c3408dafe879ee3119653b - - - -] /var/lib/kolla/venv/lib/python3.12/site-packages/urllib3/connectionpool.py:1110: InsecureRequestWarning: Unverified HTTPS request is being made to host '[LB_IP_ADDRESS]'. Adding certificate verification is strongly advised. See: https://urllib3.readthedocs.io/en/latest/advanced-usage.html#tls-warnings
  warnings.warn(

2026-09-29 16:23:03.367 77 INFO cinder.volume.drivers.lightos [None req-b0dfc420-08ab-46c8-b4f2-cfc3a31d3087 5367c5637f744bbc9e593da1f5ff52d7 ea35e5b146c3408dafe879ee3119653b - - - -] Invoking create_snapshot using POST url: /api/v2/projects/default/snapshots             request.body: {'name': 'snapshot-018aadd3-d34f-4dd0-9f57-4a5462a4e202', 'sourceVolumeUUID': None, 'sourceVolumeName': 'vol_fc84d052-8be8-4fd9-8c88-c2f5e398ed23'} ssl_verify: False
2026-09-29 16:23:03.416 77 WARNING py.warnings [None req-b0dfc420-08ab-46c8-b4f2-cfc3a31d3087 5367c5637f744bbc9e593da1f5ff52d7 ea35e5b146c3408dafe879ee3119653b - - - -] /var/lib/kolla/venv/lib/python3.12/site-packages/urllib3/connectionpool.py:1110: InsecureRequestWarning: Unverified HTTPS request is being made to host '[LB_IP_ADDRESS]'. Adding certificate verification is strongly advised. See: https://urllib3.readthedocs.io/en/latest/advanced-usage.html#tls-warnings
  warnings.warn(

2026-09-29 16:23:03.581 77 INFO cinder.volume.drivers.lightos [None req-b0dfc420-08ab-46c8-b4f2-cfc3a31d3087 5367c5637f744bbc9e593da1f5ff52d7 ea35e5b146c3408dafe879ee3119653b - - - -] Invoking get_snapshot_by_name using GET url: /api/v2/projects/default/snapshots/?Name=snapshot-018aadd3-d34f-4dd0-9f57-4a5462a4e202             request.body: {} ssl_verify: False
2026-09-29 16:23:03.623 77 WARNING py.warnings [None req-b0dfc420-08ab-46c8-b4f2-cfc3a31d3087 5367c5637f744bbc9e593da1f5ff52d7 ea35e5b146c3408dafe879ee3119653b - - - -] /var/lib/kolla/venv/lib/python3.12/site-packages/urllib3/connectionpool.py:1110: InsecureRequestWarning: Unverified HTTPS request is being made to host '[LB_IP_ADDRESS]'. Adding certificate verification is strongly advised. See: https://urllib3.readthedocs.io/en/latest/advanced-usage.html#tls-warnings
  warnings.warn(

2026-09-29 16:23:04.108 77 INFO cinder.volume.manager [None req-7e934f4e-c0ea-41e9-9ec6-f2a7f14c8878 912ad057ff3441fa9978f2091b72d24d 6e3a0b06564b4447bc435abc972a7cec - - default default] Delete group completed successfully.
2026-09-29 16:23:04.636 77 INFO cinder.volume.drivers.lightos [None req-b0dfc420-08ab-46c8-b4f2-cfc3a31d3087 5367c5637f744bbc9e593da1f5ff52d7 ea35e5b146c3408dafe879ee3119653b - - - -] Invoking get_snapshot_by_name using GET url: /api/v2/projects/default/snapshots/?Name=snapshot-018aadd3-d34f-4dd0-9f57-4a5462a4e202             request.body: {} ssl_verify: False
2026-09-29 16:23:04.683 77 WARNING py.warnings [None req-b0dfc420-08ab-46c8-b4f2-cfc3a31d3087 5367c5637f744bbc9e593da1f5ff52d7 ea35e5b146c3408dafe879ee3119653b - - - -] /var/lib/kolla/venv/lib/python3.12/site-packages/urllib3/connectionpool.py:1110: InsecureRequestWarning: Unverified HTTPS request is being made to host '[LB_IP_ADDRESS]'. Adding certificate verification is strongly advised. See: https://urllib3.readthedocs.io/en/latest/advanced-usage.html#tls-warnings
  warnings.warn(

2026-09-29 16:23:04.718 77 INFO cinder.volume.manager [None req-b0dfc420-08ab-46c8-b4f2-cfc3a31d3087 5367c5637f744bbc9e593da1f5ff52d7 ea35e5b146c3408dafe879ee3119653b - - - -] Create snapshot completed successfully
2026-09-29 16:23:06.106 77 INFO cinder.volume.drivers.lightos [None req-8559c2dd-364d-441c-b6d8-5ff61ecb026a 5367c5637f744bbc9e593da1f5ff52d7 ea35e5b146c3408dafe879ee3119653b - - default default] Invoking get_snapshot_by_name using GET url: /api/v2/projects/default/snapshots/?Name=snapshot-018aadd3-d34f-4dd0-9f57-4a5462a4e202             request.body: {} ssl_verify: False
2026-09-29 16:23:06.153 77 WARNING py.warnings [None req-8559c2dd-364d-441c-b6d8-5ff61ecb026a 5367c5637f744bbc9e593da1f5ff52d7 ea35e5b146c3408dafe879ee3119653b - - default default] /var/lib/kolla/venv/lib/python3.12/site-packages/urllib3/connectionpool.py:1110: InsecureRequestWarning: Unverified HTTPS request is being made to host '[LB_IP_ADDRESS]'. Adding certificate verification is strongly advised. See: https://urllib3.readthedocs.io/en/latest/advanced-usage.html#tls-warnings
  warnings.warn(

2026-09-29 16:23:06.167 77 INFO cinder.volume.drivers.lightos [None req-8559c2dd-364d-441c-b6d8-5ff61ecb026a 5367c5637f744bbc9e593da1f5ff52d7 ea35e5b146c3408dafe879ee3119653b - - default default] Invoking delete_snapshot using DELETE url: /api/v2/projects/default/snapshots/5dbed205-7d5a-48f5-af4c-25dfb5b19464?             request.body:  ssl_verify: False
2026-09-29 16:23:06.213 77 WARNING py.warnings [None req-8559c2dd-364d-441c-b6d8-5ff61ecb026a 5367c5637f744bbc9e593da1f5ff52d7 ea35e5b146c3408dafe879ee3119653b - - default default] /var/lib/kolla/venv/lib/python3.12/site-packages/urllib3/connectionpool.py:1110: InsecureRequestWarning: Unverified HTTPS request is being made to host '[LB_IP_ADDRESS]'. Adding certificate verification is strongly advised. See: https://urllib3.readthedocs.io/en/latest/advanced-usage.html#tls-warnings
  warnings.warn(

2026-09-29 16:23:06.253 77 INFO cinder.volume.drivers.lightos [None req-8559c2dd-364d-441c-b6d8-5ff61ecb026a 5367c5637f744bbc9e593da1f5ff52d7 ea35e5b146c3408dafe879ee3119653b - - default default] Invoking get_snapshot using GET url: /api/v2/projects/default/snapshots/5dbed205-7d5a-48f5-af4c-25dfb5b19464             request.body: {} ssl_verify: False
2026-09-29 16:23:06.304 77 WARNING py.warnings [None req-8559c2dd-364d-441c-b6d8-5ff61ecb026a 5367c5637f744bbc9e593da1f5ff52d7 ea35e5b146c3408dafe879ee3119653b - - default default] /var/lib/kolla/venv/lib/python3.12/site-packages/urllib3/connectionpool.py:1110: InsecureRequestWarning: Unverified HTTPS request is being made to host '[LB_IP_ADDRESS]'. Adding certificate verification is strongly advised. See: https://urllib3.readthedocs.io/en/latest/advanced-usage.html#tls-warnings
  warnings.warn(

2026-09-29 16:23:06.423 77 INFO cinder.volume.manager [None req-8559c2dd-364d-441c-b6d8-5ff61ecb026a 5367c5637f744bbc9e593da1f5ff52d7 ea35e5b146c3408dafe879ee3119653b - - default default] Delete snapshot completed successfully.
2026-09-29 16:23:07.285 77 INFO cinder.volume.drivers.lightos [None req-f582b904-dfa8-4913-b716-26dcea0909b4 5367c5637f744bbc9e593da1f5ff52d7 ea35e5b146c3408dafe879ee3119653b - - default default] Invoking delete_volume using DELETE url: /api/v2/projects/default/volumes/53075489-e18b-4c49-a278-9eba32343064?             request.body:  ssl_verify: False
2026-09-29 16:23:07.320 77 WARNING py.warnings [None req-f582b904-dfa8-4913-b716-26dcea0909b4 5367c5637f744bbc9e593da1f5ff52d7 ea35e5b146c3408dafe879ee3119653b - - default default] /var/lib/kolla/venv/lib/python3.12/site-packages/urllib3/connectionpool.py:1110: InsecureRequestWarning: Unverified HTTPS request is being made to host '[LB_IP_ADDRESS]'. Adding certificate verification is strongly advised. See: https://urllib3.readthedocs.io/en/latest/advanced-usage.html#tls-warnings
  warnings.warn(

2026-09-29 16:23:07.346 77 INFO cinder.volume.drivers.lightos [None req-f582b904-dfa8-4913-b716-26dcea0909b4 5367c5637f744bbc9e593da1f5ff52d7 ea35e5b146c3408dafe879ee3119653b - - default default] Invoking get_volume using GET url: /api/v2/projects/default/volumes/53075489-e18b-4c49-a278-9eba32343064             request.body: {} ssl_verify: False
2026-09-29 16:23:07.389 77 WARNING py.warnings [None req-f582b904-dfa8-4913-b716-26dcea0909b4 5367c5637f744bbc9e593da1f5ff52d7 ea35e5b146c3408dafe879ee3119653b - - default default] /var/lib/kolla/venv/lib/python3.12/site-packages/urllib3/connectionpool.py:1110: InsecureRequestWarning: Unverified HTTPS request is being made to host '[LB_IP_ADDRESS]'. Adding certificate verification is strongly advised. See: https://urllib3.readthedocs.io/en/latest/advanced-usage.html#tls-warnings
  warnings.warn(

2026-09-29 16:23:07.527 77 INFO cinder.volume.manager [None req-f582b904-dfa8-4913-b716-26dcea0909b4 5367c5637f744bbc9e593da1f5ff52d7 ea35e5b146c3408dafe879ee3119653b - - default default] Deleted volume successfully.
2026-09-29 16:23:10.704 77 INFO cinder.volume.flows.manager.create_volume [None req-7253294d-06df-4763-89b3-dee63c08f601 56bc11741352427ba45fd04b03a25df6 54252b1e683f4ec1a9d32115c5aa5eca - - - -] Volume 35bd916a-3362-4c7f-99a5-e6f26532711c: being created as raw with specification: {'status': 'creating', 'volume_name': 'vol_35bd916a-3362-4c7f-99a5-e6f26532711c', 'volume_size': 1}
2026-09-29 16:23:10.704 77 INFO cinder.volume.drivers.lightos [None req-7253294d-06df-4763-89b3-dee63c08f601 56bc11741352427ba45fd04b03a25df6 54252b1e683f4ec1a9d32115c5aa5eca - - - -] Invoking get_volume_by_name using GET url: /api/v2/projects/default/volumes/?name=vol_35bd916a-3362-4c7f-99a5-e6f26532711c             request.body: {} ssl_verify: False
2026-09-29 16:23:10.739 77 WARNING py.warnings [None req-7253294d-06df-4763-89b3-dee63c08f601 56bc11741352427ba45fd04b03a25df6 54252b1e683f4ec1a9d32115c5aa5eca - - - -] /var/lib/kolla/venv/lib/python3.12/site-packages/urllib3/connectionpool.py:1110: InsecureRequestWarning: Unverified HTTPS request is being made to host '[LB_IP_ADDRESS]'. Adding certificate verification is strongly advised. See: https://urllib3.readthedocs.io/en/latest/advanced-usage.html#tls-warnings
  warnings.warn(

2026-09-29 16:23:10.754 77 INFO cinder.volume.drivers.lightos [None req-7253294d-06df-4763-89b3-dee63c08f601 56bc11741352427ba45fd04b03a25df6 54252b1e683f4ec1a9d32115c5aa5eca - - - -] Invoking create_volume using POST url: /api/v2/projects/default/volumes             request.body: {'name': 'vol_35bd916a-3362-4c7f-99a5-e6f26532711c', 'size': '1 gib', 'replicaCount': '3', 'compression': 'False', 'acl': {'values': ['ALLOW_NONE']}, 'IPAcl': {'values': ['ALLOW_NONE']}, 'sourceSnapshotUUID': None, 'sourceSnapshotName': None} ssl_verify: False
2026-09-29 16:23:10.797 77 WARNING py.warnings [None req-7253294d-06df-4763-89b3-dee63c08f601 56bc11741352427ba45fd04b03a25df6 54252b1e683f4ec1a9d32115c5aa5eca - - - -] /var/lib/kolla/venv/lib/python3.12/site-packages/urllib3/connectionpool.py:1110: InsecureRequestWarning: Unverified HTTPS request is being made to host '[LB_IP_ADDRESS]'. Adding certificate verification is strongly advised. See: https://urllib3.readthedocs.io/en/latest/advanced-usage.html#tls-warnings
  warnings.warn(

2026-09-29 16:23:10.828 77 INFO cinder.volume.drivers.lightos [None req-7253294d-06df-4763-89b3-dee63c08f601 56bc11741352427ba45fd04b03a25df6 54252b1e683f4ec1a9d32115c5aa5eca - - - -] Invoking get_volume using GET url: /api/v2/projects/default/volumes/05ce2299-451f-447d-b130-80bf40da5d7d             request.body: {} ssl_verify: False
2026-09-29 16:23:10.871 77 WARNING py.warnings [None req-7253294d-06df-4763-89b3-dee63c08f601 56bc11741352427ba45fd04b03a25df6 54252b1e683f4ec1a9d32115c5aa5eca - - - -] /var/lib/kolla/venv/lib/python3.12/site-packages/urllib3/connectionpool.py:1110: InsecureRequestWarning: Unverified HTTPS request is being made to host '[LB_IP_ADDRESS]'. Adding certificate verification is strongly advised. See: https://urllib3.readthedocs.io/en/latest/advanced-usage.html#tls-warnings
  warnings.warn(

2026-09-29 16:23:11.888 77 INFO cinder.volume.drivers.lightos [None req-7253294d-06df-4763-89b3-dee63c08f601 56bc11741352427ba45fd04b03a25df6 54252b1e683f4ec1a9d32115c5aa5eca - - - -] Invoking get_volume using GET url: /api/v2/projects/default/volumes/05ce2299-451f-447d-b130-80bf40da5d7d             request.body: {} ssl_verify: False
2026-09-29 16:23:11.933 77 WARNING py.warnings [None req-7253294d-06df-4763-89b3-dee63c08f601 56bc11741352427ba45fd04b03a25df6 54252b1e683f4ec1a9d32115c5aa5eca - - - -] /var/lib/kolla/venv/lib/python3.12/site-packages/urllib3/connectionpool.py:1110: InsecureRequestWarning: Unverified HTTPS request is being made to host '[LB_IP_ADDRESS]'. Adding certificate verification is strongly advised. See: https://urllib3.readthedocs.io/en/latest/advanced-usage.html#tls-warnings
  warnings.warn(

2026-09-29 16:23:11.997 77 INFO cinder.volume.flows.manager.create_volume [None req-7253294d-06df-4763-89b3-dee63c08f601 56bc11741352427ba45fd04b03a25df6 54252b1e683f4ec1a9d32115c5aa5eca - - - -] Volume vol_35bd916a-3362-4c7f-99a5-e6f26532711c (35bd916a-3362-4c7f-99a5-e6f26532711c): created successfully
2026-09-29 16:23:12.005 77 INFO cinder.volume.manager [None req-7253294d-06df-4763-89b3-dee63c08f601 56bc11741352427ba45fd04b03a25df6 54252b1e683f4ec1a9d32115c5aa5eca - - - -] Created volume successfully.
2026-09-29 16:23:14.697 77 INFO cinder.volume.drivers.lightos [None req-1fc8d11d-5f65-48de-b6c3-968e25a2c83c 56bc11741352427ba45fd04b03a25df6 54252b1e683f4ec1a9d32115c5aa5eca - - default default] Invoking delete_volume using DELETE url: /api/v2/projects/default/volumes/05ce2299-451f-447d-b130-80bf40da5d7d?             request.body:  ssl_verify: False
2026-09-29 16:23:14.735 77 WARNING py.warnings [None req-1fc8d11d-5f65-48de-b6c3-968e25a2c83c 56bc11741352427ba45fd04b03a25df6 54252b1e683f4ec1a9d32115c5aa5eca - - default default] /var/lib/kolla/venv/lib/python3.12/site-packages/urllib3/connectionpool.py:1110: InsecureRequestWarning: Unverified HTTPS request is being made to host '[LB_IP_ADDRESS]'. Adding certificate verification is strongly advised. See: https://urllib3.readthedocs.io/en/latest/advanced-usage.html#tls-warnings
  warnings.warn(

2026-09-29 16:23:14.784 77 INFO cinder.volume.flows.manager.create_volume [None req-817b7d20-c450-4700-957a-d14e567d19b2 aaa3b4328746414db2e2f221791baeca d1ecdf9afded4985bd7e85834b61cf21 - - - -] Volume 7b74f63e-2624-4eba-a158-a52aa0d030c2: being created as raw with specification: {'status': 'creating', 'volume_name': 'vol_7b74f63e-2624-4eba-a158-a52aa0d030c2', 'volume_size': 1}
2026-09-29 16:23:14.784 77 INFO cinder.volume.drivers.lightos [None req-817b7d20-c450-4700-957a-d14e567d19b2 aaa3b4328746414db2e2f221791baeca d1ecdf9afded4985bd7e85834b61cf21 - - - -] Invoking get_volume_by_name using GET url: /api/v2/projects/default/volumes/?name=vol_7b74f63e-2624-4eba-a158-a52aa0d030c2             request.body: {} ssl_verify: False
2026-09-29 16:23:14.812 77 INFO cinder.volume.drivers.lightos [None req-1fc8d11d-5f65-48de-b6c3-968e25a2c83c 56bc11741352427ba45fd04b03a25df6 54252b1e683f4ec1a9d32115c5aa5eca - - default default] Invoking get_volume using GET url: /api/v2/projects/default/volumes/05ce2299-451f-447d-b130-80bf40da5d7d             request.body: {} ssl_verify: False
2026-09-29 16:23:14.841 77 WARNING py.warnings [None req-817b7d20-c450-4700-957a-d14e567d19b2 aaa3b4328746414db2e2f221791baeca d1ecdf9afded4985bd7e85834b61cf21 - - - -] /var/lib/kolla/venv/lib/python3.12/site-packages/urllib3/connectionpool.py:1110: InsecureRequestWarning: Unverified HTTPS request is being made to host '[LB_IP_ADDRESS]'. Adding certificate verification is strongly advised. See: https://urllib3.readthedocs.io/en/latest/advanced-usage.html#tls-warnings
  warnings.warn(

2026-09-29 16:23:14.845 77 WARNING py.warnings [None req-1fc8d11d-5f65-48de-b6c3-968e25a2c83c 56bc11741352427ba45fd04b03a25df6 54252b1e683f4ec1a9d32115c5aa5eca - - default default] /var/lib/kolla/venv/lib/python3.12/site-packages/urllib3/connectionpool.py:1110: InsecureRequestWarning: Unverified HTTPS request is being made to host '[LB_IP_ADDRESS]'. Adding certificate verification is strongly advised. See: https://urllib3.readthedocs.io/en/latest/advanced-usage.html#tls-warnings
  warnings.warn(

2026-09-29 16:23:14.850 77 INFO cinder.volume.drivers.lightos [None req-817b7d20-c450-4700-957a-d14e567d19b2 aaa3b4328746414db2e2f221791baeca d1ecdf9afded4985bd7e85834b61cf21 - - - -] Invoking create_volume using POST url: /api/v2/projects/default/volumes             request.body: {'name': 'vol_7b74f63e-2624-4eba-a158-a52aa0d030c2', 'size': '1 gib', 'replicaCount': '3', 'compression': 'False', 'acl': {'values': ['ALLOW_NONE']}, 'IPAcl': {'values': ['ALLOW_NONE']}, 'sourceSnapshotUUID': None, 'sourceSnapshotName': None} ssl_verify: False
2026-09-29 16:23:14.883 77 WARNING py.warnings [None req-817b7d20-c450-4700-957a-d14e567d19b2 aaa3b4328746414db2e2f221791baeca d1ecdf9afded4985bd7e85834b61cf21 - - - -] /var/lib/kolla/venv/lib/python3.12/site-packages/urllib3/connectionpool.py:1110: InsecureRequestWarning: Unverified HTTPS request is being made to host '[LB_IP_ADDRESS]'. Adding certificate verification is strongly advised. See: https://urllib3.readthedocs.io/en/latest/advanced-usage.html#tls-warnings
  warnings.warn(

2026-09-29 16:23:14.907 77 INFO cinder.volume.drivers.lightos [None req-817b7d20-c450-4700-957a-d14e567d19b2 aaa3b4328746414db2e2f221791baeca d1ecdf9afded4985bd7e85834b61cf21 - - - -] Invoking get_volume using GET url: /api/v2/projects/default/volumes/e379a185-b63a-4323-9d38-edcdc30bf416             request.body: {} ssl_verify: False
2026-09-29 16:23:14.959 77 WARNING py.warnings [None req-817b7d20-c450-4700-957a-d14e567d19b2 aaa3b4328746414db2e2f221791baeca d1ecdf9afded4985bd7e85834b61cf21 - - - -] /var/lib/kolla/venv/lib/python3.12/site-packages/urllib3/connectionpool.py:1110: InsecureRequestWarning: Unverified HTTPS request is being made to host '[LB_IP_ADDRESS]'. Adding certificate verification is strongly advised. See: https://urllib3.readthedocs.io/en/latest/advanced-usage.html#tls-warnings
  warnings.warn(

2026-09-29 16:23:15.019 77 INFO cinder.volume.manager [None req-1fc8d11d-5f65-48de-b6c3-968e25a2c83c 56bc11741352427ba45fd04b03a25df6 54252b1e683f4ec1a9d32115c5aa5eca - - default default] Deleted volume successfully.
2026-09-29 16:23:15.986 77 INFO cinder.volume.drivers.lightos [None req-817b7d20-c450-4700-957a-d14e567d19b2 aaa3b4328746414db2e2f221791baeca d1ecdf9afded4985bd7e85834b61cf21 - - - -] Invoking get_volume using GET url: /api/v2/projects/default/volumes/e379a185-b63a-4323-9d38-edcdc30bf416             request.body: {} ssl_verify: False
2026-09-29 16:23:16.034 77 WARNING py.warnings [None req-817b7d20-c450-4700-957a-d14e567d19b2 aaa3b4328746414db2e2f221791baeca d1ecdf9afded4985bd7e85834b61cf21 - - - -] /var/lib/kolla/venv/lib/python3.12/site-packages/urllib3/connectionpool.py:1110: InsecureRequestWarning: Unverified HTTPS request is being made to host '[LB_IP_ADDRESS]'. Adding certificate verification is strongly advised. See: https://urllib3.readthedocs.io/en/latest/advanced-usage.html#tls-warnings
  warnings.warn(

2026-09-29 16:23:16.069 77 INFO cinder.volume.flows.manager.create_volume [None req-817b7d20-c450-4700-957a-d14e567d19b2 aaa3b4328746414db2e2f221791baeca d1ecdf9afded4985bd7e85834b61cf21 - - - -] Volume vol_7b74f63e-2624-4eba-a158-a52aa0d030c2 (7b74f63e-2624-4eba-a158-a52aa0d030c2): created successfully
2026-09-29 16:23:16.076 77 INFO cinder.volume.manager [None req-817b7d20-c450-4700-957a-d14e567d19b2 aaa3b4328746414db2e2f221791baeca d1ecdf9afded4985bd7e85834b61cf21 - - - -] Created volume successfully.
2026-09-29 16:23:17.250 77 INFO cinder.volume.drivers.lightos [None req-323a618e-cfe7-4f2a-9700-9f89fc16a0ed aaa3b4328746414db2e2f221791baeca d1ecdf9afded4985bd7e85834b61cf21 - - - -] Invoking get_snapshot_by_name using GET url: /api/v2/projects/default/snapshots/?Name=snapshot-4c0d2e2f-b3ca-452c-97dd-67494793ab8c             request.body: {} ssl_verify: False
2026-09-29 16:23:17.291 77 WARNING py.warnings [None req-323a618e-cfe7-4f2a-9700-9f89fc16a0ed aaa3b4328746414db2e2f221791baeca d1ecdf9afded4985bd7e85834b61cf21 - - - -] /var/lib/kolla/venv/lib/python3.12/site-packages/urllib3/connectionpool.py:1110: InsecureRequestWarning: Unverified HTTPS request is being made to host '[LB_IP_ADDRESS]'. Adding certificate verification is strongly advised. See: https://urllib3.readthedocs.io/en/latest/advanced-usage.html#tls-warnings
  warnings.warn(

2026-09-29 16:23:17.309 77 INFO cinder.volume.drivers.lightos [None req-323a618e-cfe7-4f2a-9700-9f89fc16a0ed aaa3b4328746414db2e2f221791baeca d1ecdf9afded4985bd7e85834b61cf21 - - - -] Invoking create_snapshot using POST url: /api/v2/projects/default/snapshots             request.body: {'name': 'snapshot-4c0d2e2f-b3ca-452c-97dd-67494793ab8c', 'sourceVolumeUUID': None, 'sourceVolumeName': 'vol_7b74f63e-2624-4eba-a158-a52aa0d030c2'} ssl_verify: False
2026-09-29 16:23:17.354 77 WARNING py.warnings [None req-323a618e-cfe7-4f2a-9700-9f89fc16a0ed aaa3b4328746414db2e2f221791baeca d1ecdf9afded4985bd7e85834b61cf21 - - - -] /var/lib/kolla/venv/lib/python3.12/site-packages/urllib3/connectionpool.py:1110: InsecureRequestWarning: Unverified HTTPS request is being made to host '[LB_IP_ADDRESS]'. Adding certificate verification is strongly advised. See: https://urllib3.readthedocs.io/en/latest/advanced-usage.html#tls-warnings
  warnings.warn(

2026-09-29 16:23:17.415 77 INFO cinder.volume.drivers.lightos [None req-323a618e-cfe7-4f2a-9700-9f89fc16a0ed aaa3b4328746414db2e2f221791baeca d1ecdf9afded4985bd7e85834b61cf21 - - - -] Invoking get_snapshot_by_name using GET url: /api/v2/projects/default/snapshots/?Name=snapshot-4c0d2e2f-b3ca-452c-97dd-67494793ab8c             request.body: {} ssl_verify: False
2026-09-29 16:23:17.457 77 WARNING py.warnings [None req-323a618e-cfe7-4f2a-9700-9f89fc16a0ed aaa3b4328746414db2e2f221791baeca d1ecdf9afded4985bd7e85834b61cf21 - - - -] /var/lib/kolla/venv/lib/python3.12/site-packages/urllib3/connectionpool.py:1110: InsecureRequestWarning: Unverified HTTPS request is being made to host '[LB_IP_ADDRESS]'. Adding certificate verification is strongly advised. See: https://urllib3.readthedocs.io/en/latest/advanced-usage.html#tls-warnings
  warnings.warn(

2026-09-29 16:23:17.967 77 INFO cinder.volume.flows.manager.create_volume [None req-e0000456-189b-4142-bfd1-1681190c12be 89653b515c4c482e8f8ebf371642aa07 436d802a57ed4bdbb7c0be2aa13ffa9c - - - -] Volume 9e3f9ffa-8897-45c9-900c-fd9e4b7f9931: being created as raw with specification: {'status': 'creating', 'volume_name': 'vol_9e3f9ffa-8897-45c9-900c-fd9e4b7f9931', 'volume_size': 1}
2026-09-29 16:23:17.967 77 INFO cinder.volume.drivers.lightos [None req-e0000456-189b-4142-bfd1-1681190c12be 89653b515c4c482e8f8ebf371642aa07 436d802a57ed4bdbb7c0be2aa13ffa9c - - - -] Invoking get_volume_by_name using GET url: /api/v2/projects/default/volumes/?name=vol_9e3f9ffa-8897-45c9-900c-fd9e4b7f9931             request.body: {} ssl_verify: False
2026-09-29 16:23:18.002 77 WARNING py.warnings [None req-e0000456-189b-4142-bfd1-1681190c12be 89653b515c4c482e8f8ebf371642aa07 436d802a57ed4bdbb7c0be2aa13ffa9c - - - -] /var/lib/kolla/venv/lib/python3.12/site-packages/urllib3/connectionpool.py:1110: InsecureRequestWarning: Unverified HTTPS request is being made to host '[LB_IP_ADDRESS]'. Adding certificate verification is strongly advised. See: https://urllib3.readthedocs.io/en/latest/advanced-usage.html#tls-warnings
  warnings.warn(

2026-09-29 16:23:18.012 77 INFO cinder.volume.drivers.lightos [None req-e0000456-189b-4142-bfd1-1681190c12be 89653b515c4c482e8f8ebf371642aa07 436d802a57ed4bdbb7c0be2aa13ffa9c - - - -] Invoking create_volume using POST url: /api/v2/projects/default/volumes             request.body: {'name': 'vol_9e3f9ffa-8897-45c9-900c-fd9e4b7f9931', 'size': '1 gib', 'replicaCount': '3', 'compression': 'False', 'acl': {'values': ['ALLOW_NONE']}, 'IPAcl': {'values': ['ALLOW_NONE']}, 'sourceSnapshotUUID': None, 'sourceSnapshotName': None} ssl_verify: False
2026-09-29 16:23:18.049 77 WARNING py.warnings [None req-e0000456-189b-4142-bfd1-1681190c12be 89653b515c4c482e8f8ebf371642aa07 436d802a57ed4bdbb7c0be2aa13ffa9c - - - -] /var/lib/kolla/venv/lib/python3.12/site-packages/urllib3/connectionpool.py:1110: InsecureRequestWarning: Unverified HTTPS request is being made to host '[LB_IP_ADDRESS]'. Adding certificate verification is strongly advised. See: https://urllib3.readthedocs.io/en/latest/advanced-usage.html#tls-warnings
  warnings.warn(

2026-09-29 16:23:18.074 77 INFO cinder.volume.drivers.lightos [None req-e0000456-189b-4142-bfd1-1681190c12be 89653b515c4c482e8f8ebf371642aa07 436d802a57ed4bdbb7c0be2aa13ffa9c - - - -] Invoking get_volume using GET url: /api/v2/projects/default/volumes/40e8f5bc-0d79-49b8-b42a-9972deebb18c             request.body: {} ssl_verify: False
2026-09-29 16:23:18.133 77 WARNING py.warnings [None req-e0000456-189b-4142-bfd1-1681190c12be 89653b515c4c482e8f8ebf371642aa07 436d802a57ed4bdbb7c0be2aa13ffa9c - - - -] /var/lib/kolla/venv/lib/python3.12/site-packages/urllib3/connectionpool.py:1110: InsecureRequestWarning: Unverified HTTPS request is being made to host '[LB_IP_ADDRESS]'. Adding certificate verification is strongly advised. See: https://urllib3.readthedocs.io/en/latest/advanced-usage.html#tls-warnings
  warnings.warn(

2026-09-29 16:23:18.544 77 INFO cinder.volume.drivers.lightos [None req-323a618e-cfe7-4f2a-9700-9f89fc16a0ed aaa3b4328746414db2e2f221791baeca d1ecdf9afded4985bd7e85834b61cf21 - - - -] Invoking get_snapshot_by_name using GET url: /api/v2/projects/default/snapshots/?Name=snapshot-4c0d2e2f-b3ca-452c-97dd-67494793ab8c             request.body: {} ssl_verify: False
2026-09-29 16:23:18.590 77 WARNING py.warnings [None req-323a618e-cfe7-4f2a-9700-9f89fc16a0ed aaa3b4328746414db2e2f221791baeca d1ecdf9afded4985bd7e85834b61cf21 - - - -] /var/lib/kolla/venv/lib/python3.12/site-packages/urllib3/connectionpool.py:1110: InsecureRequestWarning: Unverified HTTPS request is being made to host '[LB_IP_ADDRESS]'. Adding certificate verification is strongly advised. See: https://urllib3.readthedocs.io/en/latest/advanced-usage.html#tls-warnings
  warnings.warn(

2026-09-29 16:23:18.619 77 INFO cinder.volume.manager [None req-323a618e-cfe7-4f2a-9700-9f89fc16a0ed aaa3b4328746414db2e2f221791baeca d1ecdf9afded4985bd7e85834b61cf21 - - - -] Create snapshot completed successfully
2026-09-29 16:23:19.166 77 INFO cinder.volume.drivers.lightos [None req-e0000456-189b-4142-bfd1-1681190c12be 89653b515c4c482e8f8ebf371642aa07 436d802a57ed4bdbb7c0be2aa13ffa9c - - - -] Invoking get_volume using GET url: /api/v2/projects/default/volumes/40e8f5bc-0d79-49b8-b42a-9972deebb18c             request.body: {} ssl_verify: False
2026-09-29 16:23:19.212 77 WARNING py.warnings [None req-e0000456-189b-4142-bfd1-1681190c12be 89653b515c4c482e8f8ebf371642aa07 436d802a57ed4bdbb7c0be2aa13ffa9c - - - -] /var/lib/kolla/venv/lib/python3.12/site-packages/urllib3/connectionpool.py:1110: InsecureRequestWarning: Unverified HTTPS request is being made to host '[LB_IP_ADDRESS]'. Adding certificate verification is strongly advised. See: https://urllib3.readthedocs.io/en/latest/advanced-usage.html#tls-warnings
  warnings.warn(

2026-09-29 16:23:19.245 77 INFO cinder.volume.flows.manager.create_volume [None req-e0000456-189b-4142-bfd1-1681190c12be 89653b515c4c482e8f8ebf371642aa07 436d802a57ed4bdbb7c0be2aa13ffa9c - - - -] Volume vol_9e3f9ffa-8897-45c9-900c-fd9e4b7f9931 (9e3f9ffa-8897-45c9-900c-fd9e4b7f9931): created successfully
2026-09-29 16:23:19.252 77 INFO cinder.volume.manager [None req-e0000456-189b-4142-bfd1-1681190c12be 89653b515c4c482e8f8ebf371642aa07 436d802a57ed4bdbb7c0be2aa13ffa9c - - - -] Created volume successfully.
2026-09-29 16:23:19.884 77 INFO cinder.volume.drivers.lightos [None req-40d9e654-4787-4950-aeea-fc81db2e99e5 aaa3b4328746414db2e2f221791baeca d1ecdf9afded4985bd7e85834b61cf21 - - default default] Invoking get_snapshot_by_name using GET url: /api/v2/projects/default/snapshots/?Name=snapshot-4c0d2e2f-b3ca-452c-97dd-67494793ab8c             request.body: {} ssl_verify: False
2026-09-29 16:23:19.925 77 WARNING py.warnings [None req-40d9e654-4787-4950-aeea-fc81db2e99e5 aaa3b4328746414db2e2f221791baeca d1ecdf9afded4985bd7e85834b61cf21 - - default default] /var/lib/kolla/venv/lib/python3.12/site-packages/urllib3/connectionpool.py:1110: InsecureRequestWarning: Unverified HTTPS request is being made to host '[LB_IP_ADDRESS]'. Adding certificate verification is strongly advised. See: https://urllib3.readthedocs.io/en/latest/advanced-usage.html#tls-warnings
  warnings.warn(

2026-09-29 16:23:19.938 77 INFO cinder.volume.drivers.lightos [None req-40d9e654-4787-4950-aeea-fc81db2e99e5 aaa3b4328746414db2e2f221791baeca d1ecdf9afded4985bd7e85834b61cf21 - - default default] Invoking delete_snapshot using DELETE url: /api/v2/projects/default/snapshots/5e329b86-5c05-414a-8d95-c65863289c50?             request.body:  ssl_verify: False
2026-09-29 16:23:19.978 77 WARNING py.warnings [None req-40d9e654-4787-4950-aeea-fc81db2e99e5 aaa3b4328746414db2e2f221791baeca d1ecdf9afded4985bd7e85834b61cf21 - - default default] /var/lib/kolla/venv/lib/python3.12/site-packages/urllib3/connectionpool.py:1110: InsecureRequestWarning: Unverified HTTPS request is being made to host '[LB_IP_ADDRESS]'. Adding certificate verification is strongly advised. See: https://urllib3.readthedocs.io/en/latest/advanced-usage.html#tls-warnings
  warnings.warn(

2026-09-29 16:23:20.007 77 INFO cinder.volume.drivers.lightos [None req-40d9e654-4787-4950-aeea-fc81db2e99e5 aaa3b4328746414db2e2f221791baeca d1ecdf9afded4985bd7e85834b61cf21 - - default default] Invoking get_snapshot using GET url: /api/v2/projects/default/snapshots/5e329b86-5c05-414a-8d95-c65863289c50             request.body: {} ssl_verify: False
2026-09-29 16:23:20.051 77 WARNING py.warnings [None req-40d9e654-4787-4950-aeea-fc81db2e99e5 aaa3b4328746414db2e2f221791baeca d1ecdf9afded4985bd7e85834b61cf21 - - default default] /var/lib/kolla/venv/lib/python3.12/site-packages/urllib3/connectionpool.py:1110: InsecureRequestWarning: Unverified HTTPS request is being made to host '[LB_IP_ADDRESS]'. Adding certificate verification is strongly advised. See: https://urllib3.readthedocs.io/en/latest/advanced-usage.html#tls-warnings
  warnings.warn(

2026-09-29 16:23:20.167 77 INFO cinder.volume.manager [None req-40d9e654-4787-4950-aeea-fc81db2e99e5 aaa3b4328746414db2e2f221791baeca d1ecdf9afded4985bd7e85834b61cf21 - - default default] Delete snapshot completed successfully.
2026-09-29 16:23:20.249 77 INFO cinder.volume.drivers.lightos [None req-6832394a-7c82-4f83-a514-89ab21079e8b 89653b515c4c482e8f8ebf371642aa07 436d802a57ed4bdbb7c0be2aa13ffa9c - - default default] Invoking delete_volume using DELETE url: /api/v2/projects/default/volumes/40e8f5bc-0d79-49b8-b42a-9972deebb18c?             request.body:  ssl_verify: False
2026-09-29 16:23:20.287 77 WARNING py.warnings [None req-6832394a-7c82-4f83-a514-89ab21079e8b 89653b515c4c482e8f8ebf371642aa07 436d802a57ed4bdbb7c0be2aa13ffa9c - - default default] /var/lib/kolla/venv/lib/python3.12/site-packages/urllib3/connectionpool.py:1110: InsecureRequestWarning: Unverified HTTPS request is being made to host '[LB_IP_ADDRESS]'. Adding certificate verification is strongly advised. See: https://urllib3.readthedocs.io/en/latest/advanced-usage.html#tls-warnings
  warnings.warn(

2026-09-29 16:23:20.318 77 INFO cinder.volume.drivers.lightos [None req-6832394a-7c82-4f83-a514-89ab21079e8b 89653b515c4c482e8f8ebf371642aa07 436d802a57ed4bdbb7c0be2aa13ffa9c - - default default] Invoking get_volume using GET url: /api/v2/projects/default/volumes/40e8f5bc-0d79-49b8-b42a-9972deebb18c             request.body: {} ssl_verify: False
2026-09-29 16:23:20.360 77 WARNING py.warnings [None req-6832394a-7c82-4f83-a514-89ab21079e8b 89653b515c4c482e8f8ebf371642aa07 436d802a57ed4bdbb7c0be2aa13ffa9c - - default default] /var/lib/kolla/venv/lib/python3.12/site-packages/urllib3/connectionpool.py:1110: InsecureRequestWarning: Unverified HTTPS request is being made to host '[LB_IP_ADDRESS]'. Adding certificate verification is strongly advised. See: https://urllib3.readthedocs.io/en/latest/advanced-usage.html#tls-warnings
  warnings.warn(

2026-09-29 16:23:20.503 77 INFO cinder.volume.manager [None req-6832394a-7c82-4f83-a514-89ab21079e8b 89653b515c4c482e8f8ebf371642aa07 436d802a57ed4bdbb7c0be2aa13ffa9c - - default default] Deleted volume successfully.
2026-09-29 16:23:21.070 77 INFO cinder.volume.drivers.lightos [None req-19906013-6d44-4618-8045-976bd443f7a0 aaa3b4328746414db2e2f221791baeca d1ecdf9afded4985bd7e85834b61cf21 - - default default] Invoking delete_volume using DELETE url: /api/v2/projects/default/volumes/e379a185-b63a-4323-9d38-edcdc30bf416?             request.body:  ssl_verify: False
2026-09-29 16:23:21.109 77 WARNING py.warnings [None req-19906013-6d44-4618-8045-976bd443f7a0 aaa3b4328746414db2e2f221791baeca d1ecdf9afded4985bd7e85834b61cf21 - - default default] /var/lib/kolla/venv/lib/python3.12/site-packages/urllib3/connectionpool.py:1110: InsecureRequestWarning: Unverified HTTPS request is being made to host '[LB_IP_ADDRESS]'. Adding certificate verification is strongly advised. See: https://urllib3.readthedocs.io/en/latest/advanced-usage.html#tls-warnings
  warnings.warn(

2026-09-29 16:23:21.150 77 INFO cinder.volume.drivers.lightos [None req-19906013-6d44-4618-8045-976bd443f7a0 aaa3b4328746414db2e2f221791baeca d1ecdf9afded4985bd7e85834b61cf21 - - default default] Invoking get_volume using GET url: /api/v2/projects/default/volumes/e379a185-b63a-4323-9d38-edcdc30bf416             request.body: {} ssl_verify: False
2026-09-29 16:23:21.193 77 WARNING py.warnings [None req-19906013-6d44-4618-8045-976bd443f7a0 aaa3b4328746414db2e2f221791baeca d1ecdf9afded4985bd7e85834b61cf21 - - default default] /var/lib/kolla/venv/lib/python3.12/site-packages/urllib3/connectionpool.py:1110: InsecureRequestWarning: Unverified HTTPS request is being made to host '[LB_IP_ADDRESS]'. Adding certificate verification is strongly advised. See: https://urllib3.readthedocs.io/en/latest/advanced-usage.html#tls-warnings
  warnings.warn(

2026-09-29 16:23:21.323 77 INFO cinder.volume.manager [None req-19906013-6d44-4618-8045-976bd443f7a0 aaa3b4328746414db2e2f221791baeca d1ecdf9afded4985bd7e85834b61cf21 - - default default] Deleted volume successfully.
2026-09-29 16:23:21.759 77 INFO cinder.volume.flows.manager.create_volume [None req-502bf474-7021-4692-8bfc-a64c786db69d 89653b515c4c482e8f8ebf371642aa07 436d802a57ed4bdbb7c0be2aa13ffa9c - - - -] Volume e0a39a18-8d25-4e5d-802e-f7da88e3219e: being created as raw with specification: {'status': 'creating', 'volume_name': 'vol_e0a39a18-8d25-4e5d-802e-f7da88e3219e', 'volume_size': 1}
2026-09-29 16:23:21.760 77 INFO cinder.volume.drivers.lightos [None req-502bf474-7021-4692-8bfc-a64c786db69d 89653b515c4c482e8f8ebf371642aa07 436d802a57ed4bdbb7c0be2aa13ffa9c - - - -] Invoking get_volume_by_name using GET url: /api/v2/projects/default/volumes/?name=vol_e0a39a18-8d25-4e5d-802e-f7da88e3219e             request.body: {} ssl_verify: False
2026-09-29 16:23:21.793 77 WARNING py.warnings [None req-502bf474-7021-4692-8bfc-a64c786db69d 89653b515c4c482e8f8ebf371642aa07 436d802a57ed4bdbb7c0be2aa13ffa9c - - - -] /var/lib/kolla/venv/lib/python3.12/site-packages/urllib3/connectionpool.py:1110: InsecureRequestWarning: Unverified HTTPS request is being made to host '[LB_IP_ADDRESS]'. Adding certificate verification is strongly advised. See: https://urllib3.readthedocs.io/en/latest/advanced-usage.html#tls-warnings
  warnings.warn(

2026-09-29 16:23:21.803 77 INFO cinder.volume.drivers.lightos [None req-502bf474-7021-4692-8bfc-a64c786db69d 89653b515c4c482e8f8ebf371642aa07 436d802a57ed4bdbb7c0be2aa13ffa9c - - - -] Invoking create_volume using POST url: /api/v2/projects/default/volumes             request.body: {'name': 'vol_e0a39a18-8d25-4e5d-802e-f7da88e3219e', 'size': '1 gib', 'replicaCount': '3', 'compression': 'False', 'acl': {'values': ['ALLOW_NONE']}, 'IPAcl': {'values': ['ALLOW_NONE']}, 'sourceSnapshotUUID': None, 'sourceSnapshotName': None} ssl_verify: False
2026-09-29 16:23:21.845 77 WARNING py.warnings [None req-502bf474-7021-4692-8bfc-a64c786db69d 89653b515c4c482e8f8ebf371642aa07 436d802a57ed4bdbb7c0be2aa13ffa9c - - - -] /var/lib/kolla/venv/lib/python3.12/site-packages/urllib3/connectionpool.py:1110: InsecureRequestWarning: Unverified HTTPS request is being made to host '[LB_IP_ADDRESS]'. Adding certificate verification is strongly advised. See: https://urllib3.readthedocs.io/en/latest/advanced-usage.html#tls-warnings
  warnings.warn(

2026-09-29 16:23:21.902 77 INFO cinder.volume.drivers.lightos [None req-502bf474-7021-4692-8bfc-a64c786db69d 89653b515c4c482e8f8ebf371642aa07 436d802a57ed4bdbb7c0be2aa13ffa9c - - - -] Invoking get_volume using GET url: /api/v2/projects/default/volumes/ac630f94-c34a-4f0a-b335-112b6ae8ce42             request.body: {} ssl_verify: False
2026-09-29 16:23:21.945 77 WARNING py.warnings [None req-502bf474-7021-4692-8bfc-a64c786db69d 89653b515c4c482e8f8ebf371642aa07 436d802a57ed4bdbb7c0be2aa13ffa9c - - - -] /var/lib/kolla/venv/lib/python3.12/site-packages/urllib3/connectionpool.py:1110: InsecureRequestWarning: Unverified HTTPS request is being made to host '[LB_IP_ADDRESS]'. Adding certificate verification is strongly advised. See: https://urllib3.readthedocs.io/en/latest/advanced-usage.html#tls-warnings
  warnings.warn(

2026-09-29 16:23:21.981 77 INFO cinder.volume.flows.manager.create_volume [None req-502bf474-7021-4692-8bfc-a64c786db69d 89653b515c4c482e8f8ebf371642aa07 436d802a57ed4bdbb7c0be2aa13ffa9c - - - -] Volume vol_e0a39a18-8d25-4e5d-802e-f7da88e3219e (e0a39a18-8d25-4e5d-802e-f7da88e3219e): created successfully
2026-09-29 16:23:21.988 77 INFO cinder.volume.manager [None req-502bf474-7021-4692-8bfc-a64c786db69d 89653b515c4c482e8f8ebf371642aa07 436d802a57ed4bdbb7c0be2aa13ffa9c - - - -] Created volume successfully.
2026-09-29 16:23:23.707 77 INFO cinder.volume.manager [None req-2463e8e5-c41c-44b8-ad7d-889aa4b393e9 ed74c6bfca6e43be887c0218fb710a3f 1fc75b72f46e43918a4e053d38c3c9b6 - - default default] Transfer volume completed successfully.
2026-09-29 16:23:24.717 77 INFO cinder.volume.drivers.lightos [None req-c87033d4-d7ba-4c12-91f3-6461a8a05265 637fd03834f74bce860e7dd5afd2c614 d5859c01cfc2491bab480b0eaf3d5f85 - - default default] Invoking delete_volume using DELETE url: /api/v2/projects/default/volumes/ac630f94-c34a-4f0a-b335-112b6ae8ce42?             request.body:  ssl_verify: False
2026-09-29 16:23:24.756 77 WARNING py.warnings [None req-c87033d4-d7ba-4c12-91f3-6461a8a05265 637fd03834f74bce860e7dd5afd2c614 d5859c01cfc2491bab480b0eaf3d5f85 - - default default] /var/lib/kolla/venv/lib/python3.12/site-packages/urllib3/connectionpool.py:1110: InsecureRequestWarning: Unverified HTTPS request is being made to host '[LB_IP_ADDRESS]'. Adding certificate verification is strongly advised. See: https://urllib3.readthedocs.io/en/latest/advanced-usage.html#tls-warnings
  warnings.warn(

2026-09-29 16:23:24.844 77 INFO cinder.volume.drivers.lightos [None req-c87033d4-d7ba-4c12-91f3-6461a8a05265 637fd03834f74bce860e7dd5afd2c614 d5859c01cfc2491bab480b0eaf3d5f85 - - default default] Invoking get_volume using GET url: /api/v2/projects/default/volumes/ac630f94-c34a-4f0a-b335-112b6ae8ce42             request.body: {} ssl_verify: False
2026-09-29 16:23:24.889 77 WARNING py.warnings [None req-c87033d4-d7ba-4c12-91f3-6461a8a05265 637fd03834f74bce860e7dd5afd2c614 d5859c01cfc2491bab480b0eaf3d5f85 - - default default] /var/lib/kolla/venv/lib/python3.12/site-packages/urllib3/connectionpool.py:1110: InsecureRequestWarning: Unverified HTTPS request is being made to host '[LB_IP_ADDRESS]'. Adding certificate verification is strongly advised. See: https://urllib3.readthedocs.io/en/latest/advanced-usage.html#tls-warnings
  warnings.warn(

2026-09-29 16:23:25.012 77 INFO cinder.volume.manager [None req-c87033d4-d7ba-4c12-91f3-6461a8a05265 637fd03834f74bce860e7dd5afd2c614 d5859c01cfc2491bab480b0eaf3d5f85 - - default default] Deleted volume successfully.
2026-09-29 16:23:26.977 77 INFO cinder.volume.flows.manager.create_volume [None req-587a3b44-64f2-4ebf-847b-c2ad6c0b5a30 0ce5690910e8448587400d2ac2ced38e 9262a241254940bd84d35aed022d93b5 - - - -] Volume d6738e54-193b-4a4d-8564-87e114f50d4c: being created as raw with specification: {'status': 'creating', 'volume_name': 'vol_d6738e54-193b-4a4d-8564-87e114f50d4c', 'volume_size': 1}
2026-09-29 16:23:26.977 77 INFO cinder.volume.drivers.lightos [None req-587a3b44-64f2-4ebf-847b-c2ad6c0b5a30 0ce5690910e8448587400d2ac2ced38e 9262a241254940bd84d35aed022d93b5 - - - -] Invoking get_volume_by_name using GET url: /api/v2/projects/default/volumes/?name=vol_d6738e54-193b-4a4d-8564-87e114f50d4c             request.body: {} ssl_verify: False
2026-09-29 16:23:27.011 77 WARNING py.warnings [None req-587a3b44-64f2-4ebf-847b-c2ad6c0b5a30 0ce5690910e8448587400d2ac2ced38e 9262a241254940bd84d35aed022d93b5 - - - -] /var/lib/kolla/venv/lib/python3.12/site-packages/urllib3/connectionpool.py:1110: InsecureRequestWarning: Unverified HTTPS request is being made to host '[LB_IP_ADDRESS]'. Adding certificate verification is strongly advised. See: https://urllib3.readthedocs.io/en/latest/advanced-usage.html#tls-warnings
  warnings.warn(

2026-09-29 16:23:27.021 77 INFO cinder.volume.drivers.lightos [None req-587a3b44-64f2-4ebf-847b-c2ad6c0b5a30 0ce5690910e8448587400d2ac2ced38e 9262a241254940bd84d35aed022d93b5 - - - -] Invoking create_volume using POST url: /api/v2/projects/default/volumes             request.body: {'name': 'vol_d6738e54-193b-4a4d-8564-87e114f50d4c', 'size': '1 gib', 'replicaCount': '3', 'compression': 'False', 'acl': {'values': ['ALLOW_NONE']}, 'IPAcl': {'values': ['ALLOW_NONE']}, 'sourceSnapshotUUID': None, 'sourceSnapshotName': None} ssl_verify: False
2026-09-29 16:23:27.063 77 WARNING py.warnings [None req-587a3b44-64f2-4ebf-847b-c2ad6c0b5a30 0ce5690910e8448587400d2ac2ced38e 9262a241254940bd84d35aed022d93b5 - - - -] /var/lib/kolla/venv/lib/python3.12/site-packages/urllib3/connectionpool.py:1110: InsecureRequestWarning: Unverified HTTPS request is being made to host '[LB_IP_ADDRESS]'. Adding certificate verification is strongly advised. See: https://urllib3.readthedocs.io/en/latest/advanced-usage.html#tls-warnings
  warnings.warn(

2026-09-29 16:23:27.110 77 INFO cinder.volume.drivers.lightos [None req-587a3b44-64f2-4ebf-847b-c2ad6c0b5a30 0ce5690910e8448587400d2ac2ced38e 9262a241254940bd84d35aed022d93b5 - - - -] Invoking get_volume using GET url: /api/v2/projects/default/volumes/bd18aaac-395a-4e9d-94c3-0c63ceee1092             request.body: {} ssl_verify: False
2026-09-29 16:23:27.154 77 WARNING py.warnings [None req-587a3b44-64f2-4ebf-847b-c2ad6c0b5a30 0ce5690910e8448587400d2ac2ced38e 9262a241254940bd84d35aed022d93b5 - - - -] /var/lib/kolla/venv/lib/python3.12/site-packages/urllib3/connectionpool.py:1110: InsecureRequestWarning: Unverified HTTPS request is being made to host '[LB_IP_ADDRESS]'. Adding certificate verification is strongly advised. See: https://urllib3.readthedocs.io/en/latest/advanced-usage.html#tls-warnings
  warnings.warn(

2026-09-29 16:23:28.170 77 INFO cinder.volume.drivers.lightos [None req-587a3b44-64f2-4ebf-847b-c2ad6c0b5a30 0ce5690910e8448587400d2ac2ced38e 9262a241254940bd84d35aed022d93b5 - - - -] Invoking get_volume using GET url: /api/v2/projects/default/volumes/bd18aaac-395a-4e9d-94c3-0c63ceee1092             request.body: {} ssl_verify: False
2026-09-29 16:23:28.215 77 WARNING py.warnings [None req-587a3b44-64f2-4ebf-847b-c2ad6c0b5a30 0ce5690910e8448587400d2ac2ced38e 9262a241254940bd84d35aed022d93b5 - - - -] /var/lib/kolla/venv/lib/python3.12/site-packages/urllib3/connectionpool.py:1110: InsecureRequestWarning: Unverified HTTPS request is being made to host '[LB_IP_ADDRESS]'. Adding certificate verification is strongly advised. See: https://urllib3.readthedocs.io/en/latest/advanced-usage.html#tls-warnings
  warnings.warn(

2026-09-29 16:23:28.260 77 INFO cinder.volume.flows.manager.create_volume [None req-587a3b44-64f2-4ebf-847b-c2ad6c0b5a30 0ce5690910e8448587400d2ac2ced38e 9262a241254940bd84d35aed022d93b5 - - - -] Volume vol_d6738e54-193b-4a4d-8564-87e114f50d4c (d6738e54-193b-4a4d-8564-87e114f50d4c): created successfully
2026-09-29 16:23:28.268 77 INFO cinder.volume.manager [None req-587a3b44-64f2-4ebf-847b-c2ad6c0b5a30 0ce5690910e8448587400d2ac2ced38e 9262a241254940bd84d35aed022d93b5 - - - -] Created volume successfully.
2026-09-29 16:23:29.330 77 INFO cinder.volume.drivers.lightos [None req-efc9c800-9736-47af-842f-197b79a25374 0ce5690910e8448587400d2ac2ced38e 9262a241254940bd84d35aed022d93b5 - - default default] Invoking delete_volume using DELETE url: /api/v2/projects/default/volumes/bd18aaac-395a-4e9d-94c3-0c63ceee1092?             request.body:  ssl_verify: False
2026-09-29 16:23:29.369 77 WARNING py.warnings [None req-efc9c800-9736-47af-842f-197b79a25374 0ce5690910e8448587400d2ac2ced38e 9262a241254940bd84d35aed022d93b5 - - default default] /var/lib/kolla/venv/lib/python3.12/site-packages/urllib3/connectionpool.py:1110: InsecureRequestWarning: Unverified HTTPS request is being made to host '[LB_IP_ADDRESS]'. Adding certificate verification is strongly advised. See: https://urllib3.readthedocs.io/en/latest/advanced-usage.html#tls-warnings
  warnings.warn(

2026-09-29 16:23:29.419 77 INFO cinder.volume.drivers.lightos [None req-efc9c800-9736-47af-842f-197b79a25374 0ce5690910e8448587400d2ac2ced38e 9262a241254940bd84d35aed022d93b5 - - default default] Invoking get_volume using GET url: /api/v2/projects/default/volumes/bd18aaac-395a-4e9d-94c3-0c63ceee1092             request.body: {} ssl_verify: False
2026-09-29 16:23:29.463 77 WARNING py.warnings [None req-efc9c800-9736-47af-842f-197b79a25374 0ce5690910e8448587400d2ac2ced38e 9262a241254940bd84d35aed022d93b5 - - default default] /var/lib/kolla/venv/lib/python3.12/site-packages/urllib3/connectionpool.py:1110: InsecureRequestWarning: Unverified HTTPS request is being made to host '[LB_IP_ADDRESS]'. Adding certificate verification is strongly advised. See: https://urllib3.readthedocs.io/en/latest/advanced-usage.html#tls-warnings
  warnings.warn(

2026-09-29 16:23:29.630 77 INFO cinder.volume.manager [None req-efc9c800-9736-47af-842f-197b79a25374 0ce5690910e8448587400d2ac2ced38e 9262a241254940bd84d35aed022d93b5 - - default default] Deleted volume successfully.
2026-09-29 16:23:32.213 77 INFO cinder.volume.flows.manager.create_volume [None req-85df9674-cfd7-441b-9dba-df9c7238388b ed073d752b2640a5905cad9d11b0943f fccb2b0afbac429da246e975ef9efbe5 - - - -] Volume 1f304bcd-77d0-4f51-ba7a-c587da2666cc: being created as raw with specification: {'status': 'creating', 'volume_name': 'vol_1f304bcd-77d0-4f51-ba7a-c587da2666cc', 'volume_size': 1}
2026-09-29 16:23:32.213 77 INFO cinder.volume.drivers.lightos [None req-85df9674-cfd7-441b-9dba-df9c7238388b ed073d752b2640a5905cad9d11b0943f fccb2b0afbac429da246e975ef9efbe5 - - - -] Invoking get_volume_by_name using GET url: /api/v2/projects/default/volumes/?name=vol_1f304bcd-77d0-4f51-ba7a-c587da2666cc             request.body: {} ssl_verify: False
2026-09-29 16:23:32.251 77 WARNING py.warnings [None req-85df9674-cfd7-441b-9dba-df9c7238388b ed073d752b2640a5905cad9d11b0943f fccb2b0afbac429da246e975ef9efbe5 - - - -] /var/lib/kolla/venv/lib/python3.12/site-packages/urllib3/connectionpool.py:1110: InsecureRequestWarning: Unverified HTTPS request is being made to host '[LB_IP_ADDRESS]'. Adding certificate verification is strongly advised. See: https://urllib3.readthedocs.io/en/latest/advanced-usage.html#tls-warnings
  warnings.warn(

2026-09-29 16:23:32.262 77 INFO cinder.volume.drivers.lightos [None req-85df9674-cfd7-441b-9dba-df9c7238388b ed073d752b2640a5905cad9d11b0943f fccb2b0afbac429da246e975ef9efbe5 - - - -] Invoking create_volume using POST url: /api/v2/projects/default/volumes             request.body: {'name': 'vol_1f304bcd-77d0-4f51-ba7a-c587da2666cc', 'size': '1 gib', 'replicaCount': '3', 'compression': 'False', 'acl': {'values': ['ALLOW_NONE']}, 'IPAcl': {'values': ['ALLOW_NONE']}, 'sourceSnapshotUUID': None, 'sourceSnapshotName': None} ssl_verify: False
2026-09-29 16:23:32.305 77 WARNING py.warnings [None req-85df9674-cfd7-441b-9dba-df9c7238388b ed073d752b2640a5905cad9d11b0943f fccb2b0afbac429da246e975ef9efbe5 - - - -] /var/lib/kolla/venv/lib/python3.12/site-packages/urllib3/connectionpool.py:1110: InsecureRequestWarning: Unverified HTTPS request is being made to host '[LB_IP_ADDRESS]'. Adding certificate verification is strongly advised. See: https://urllib3.readthedocs.io/en/latest/advanced-usage.html#tls-warnings
  warnings.warn(

2026-09-29 16:23:32.329 77 INFO cinder.volume.drivers.lightos [None req-85df9674-cfd7-441b-9dba-df9c7238388b ed073d752b2640a5905cad9d11b0943f fccb2b0afbac429da246e975ef9efbe5 - - - -] Invoking get_volume using GET url: /api/v2/projects/default/volumes/64437054-a116-4e3b-8f54-d7c5cd2cd1c9             request.body: {} ssl_verify: False
2026-09-29 16:23:32.385 77 WARNING py.warnings [None req-85df9674-cfd7-441b-9dba-df9c7238388b ed073d752b2640a5905cad9d11b0943f fccb2b0afbac429da246e975ef9efbe5 - - - -] /var/lib/kolla/venv/lib/python3.12/site-packages/urllib3/connectionpool.py:1110: InsecureRequestWarning: Unverified HTTPS request is being made to host '[LB_IP_ADDRESS]'. Adding certificate verification is strongly advised. See: https://urllib3.readthedocs.io/en/latest/advanced-usage.html#tls-warnings
  warnings.warn(

2026-09-29 16:23:32.424 77 INFO cinder.volume.flows.manager.create_volume [None req-85df9674-cfd7-441b-9dba-df9c7238388b ed073d752b2640a5905cad9d11b0943f fccb2b0afbac429da246e975ef9efbe5 - - - -] Volume vol_1f304bcd-77d0-4f51-ba7a-c587da2666cc (1f304bcd-77d0-4f51-ba7a-c587da2666cc): created successfully
2026-09-29 16:23:32.432 77 INFO cinder.volume.manager [None req-85df9674-cfd7-441b-9dba-df9c7238388b ed073d752b2640a5905cad9d11b0943f fccb2b0afbac429da246e975ef9efbe5 - - - -] Created volume successfully.
2026-09-29 16:23:33.575 77 INFO cinder.volume.manager [None req-d86ba778-e2ac-470c-b2bd-ecf5fc25897a ed073d752b2640a5905cad9d11b0943f fccb2b0afbac429da246e975ef9efbe5 - - - -] Retype volume completed successfully.
2026-09-29 16:23:33.735 77 INFO cinder.volume.flows.manager.create_volume [None req-528e188e-6dd3-4b7e-befb-e90df78c480d 46b7175fde374154bbd5cfee02d056ba 2239536bb57645f798eab09fd596f13f - - - -] Volume 026cacb0-79e6-4f33-9535-5de0a66d0ab3: being created as raw with specification: {'status': 'creating', 'volume_name': 'vol_026cacb0-79e6-4f33-9535-5de0a66d0ab3', 'volume_size': 1}
2026-09-29 16:23:33.735 77 INFO cinder.volume.drivers.lightos [None req-528e188e-6dd3-4b7e-befb-e90df78c480d 46b7175fde374154bbd5cfee02d056ba 2239536bb57645f798eab09fd596f13f - - - -] Invoking get_volume_by_name using GET url: /api/v2/projects/default/volumes/?name=vol_026cacb0-79e6-4f33-9535-5de0a66d0ab3             request.body: {} ssl_verify: False
2026-09-29 16:23:33.775 77 WARNING py.warnings [None req-528e188e-6dd3-4b7e-befb-e90df78c480d 46b7175fde374154bbd5cfee02d056ba 2239536bb57645f798eab09fd596f13f - - - -] /var/lib/kolla/venv/lib/python3.12/site-packages/urllib3/connectionpool.py:1110: InsecureRequestWarning: Unverified HTTPS request is being made to host '[LB_IP_ADDRESS]'. Adding certificate verification is strongly advised. See: https://urllib3.readthedocs.io/en/latest/advanced-usage.html#tls-warnings
  warnings.warn(

2026-09-29 16:23:33.787 77 INFO cinder.volume.drivers.lightos [None req-528e188e-6dd3-4b7e-befb-e90df78c480d 46b7175fde374154bbd5cfee02d056ba 2239536bb57645f798eab09fd596f13f - - - -] Invoking create_volume using POST url: /api/v2/projects/default/volumes             request.body: {'name': 'vol_026cacb0-79e6-4f33-9535-5de0a66d0ab3', 'size': '1 gib', 'replicaCount': '3', 'compression': 'False', 'acl': {'values': ['ALLOW_NONE']}, 'IPAcl': {'values': ['ALLOW_NONE']}, 'sourceSnapshotUUID': None, 'sourceSnapshotName': None} ssl_verify: False
2026-09-29 16:23:33.832 77 WARNING py.warnings [None req-528e188e-6dd3-4b7e-befb-e90df78c480d 46b7175fde374154bbd5cfee02d056ba 2239536bb57645f798eab09fd596f13f - - - -] /var/lib/kolla/venv/lib/python3.12/site-packages/urllib3/connectionpool.py:1110: InsecureRequestWarning: Unverified HTTPS request is being made to host '[LB_IP_ADDRESS]'. Adding certificate verification is strongly advised. See: https://urllib3.readthedocs.io/en/latest/advanced-usage.html#tls-warnings
  warnings.warn(

2026-09-29 16:23:33.879 77 INFO cinder.volume.drivers.lightos [None req-528e188e-6dd3-4b7e-befb-e90df78c480d 46b7175fde374154bbd5cfee02d056ba 2239536bb57645f798eab09fd596f13f - - - -] Invoking get_volume using GET url: /api/v2/projects/default/volumes/9af0afcd-8a10-466f-9b00-e476e86830a1             request.body: {} ssl_verify: False
2026-09-29 16:23:33.936 77 WARNING py.warnings [None req-528e188e-6dd3-4b7e-befb-e90df78c480d 46b7175fde374154bbd5cfee02d056ba 2239536bb57645f798eab09fd596f13f - - - -] /var/lib/kolla/venv/lib/python3.12/site-packages/urllib3/connectionpool.py:1110: InsecureRequestWarning: Unverified HTTPS request is being made to host '[LB_IP_ADDRESS]'. Adding certificate verification is strongly advised. See: https://urllib3.readthedocs.io/en/latest/advanced-usage.html#tls-warnings
  warnings.warn(

2026-09-29 16:23:34.784 77 INFO cinder.volume.drivers.lightos [None req-5c1189f9-b414-4e24-b7d9-df97423368d0 ed073d752b2640a5905cad9d11b0943f fccb2b0afbac429da246e975ef9efbe5 - - default default] Invoking delete_volume using DELETE url: /api/v2/projects/default/volumes/64437054-a116-4e3b-8f54-d7c5cd2cd1c9?             request.body:  ssl_verify: False
2026-09-29 16:23:34.822 77 WARNING py.warnings [None req-5c1189f9-b414-4e24-b7d9-df97423368d0 ed073d752b2640a5905cad9d11b0943f fccb2b0afbac429da246e975ef9efbe5 - - default default] /var/lib/kolla/venv/lib/python3.12/site-packages/urllib3/connectionpool.py:1110: InsecureRequestWarning: Unverified HTTPS request is being made to host '[LB_IP_ADDRESS]'. Adding certificate verification is strongly advised. See: https://urllib3.readthedocs.io/en/latest/advanced-usage.html#tls-warnings
  warnings.warn(

2026-09-29 16:23:34.882 77 INFO cinder.volume.drivers.lightos [None req-5c1189f9-b414-4e24-b7d9-df97423368d0 ed073d752b2640a5905cad9d11b0943f fccb2b0afbac429da246e975ef9efbe5 - - default default] Invoking get_volume using GET url: /api/v2/projects/default/volumes/64437054-a116-4e3b-8f54-d7c5cd2cd1c9             request.body: {} ssl_verify: False
2026-09-29 16:23:34.931 77 WARNING py.warnings [None req-5c1189f9-b414-4e24-b7d9-df97423368d0 ed073d752b2640a5905cad9d11b0943f fccb2b0afbac429da246e975ef9efbe5 - - default default] /var/lib/kolla/venv/lib/python3.12/site-packages/urllib3/connectionpool.py:1110: InsecureRequestWarning: Unverified HTTPS request is being made to host '[LB_IP_ADDRESS]'. Adding certificate verification is strongly advised. See: https://urllib3.readthedocs.io/en/latest/advanced-usage.html#tls-warnings
  warnings.warn(

2026-09-29 16:23:34.967 77 INFO cinder.volume.drivers.lightos [None req-528e188e-6dd3-4b7e-befb-e90df78c480d 46b7175fde374154bbd5cfee02d056ba 2239536bb57645f798eab09fd596f13f - - - -] Invoking get_volume using GET url: /api/v2/projects/default/volumes/9af0afcd-8a10-466f-9b00-e476e86830a1             request.body: {} ssl_verify: False
2026-09-29 16:23:35.014 77 WARNING py.warnings [None req-528e188e-6dd3-4b7e-befb-e90df78c480d 46b7175fde374154bbd5cfee02d056ba 2239536bb57645f798eab09fd596f13f - - - -] /var/lib/kolla/venv/lib/python3.12/site-packages/urllib3/connectionpool.py:1110: InsecureRequestWarning: Unverified HTTPS request is being made to host '[LB_IP_ADDRESS]'. Adding certificate verification is strongly advised. See: https://urllib3.readthedocs.io/en/latest/advanced-usage.html#tls-warnings
  warnings.warn(

2026-09-29 16:23:35.041 77 WARNING cinder.quota [None req-5c1189f9-b414-4e24-b7d9-df97423368d0 ed073d752b2640a5905cad9d11b0943f fccb2b0afbac429da246e975ef9efbe5 - - default default] Deprecated: Default quota for resource: volumes_volume-type-2 is set by the default quota flag: quota_volumes_volume-type-2, it is now deprecated. Please use the default quota class for default quota.
2026-09-29 16:23:35.041 77 WARNING cinder.quota [None req-5c1189f9-b414-4e24-b7d9-df97423368d0 ed073d752b2640a5905cad9d11b0943f fccb2b0afbac429da246e975ef9efbe5 - - default default] Deprecated: Default quota for resource: gigabytes_volume-type-2 is set by the default quota flag: quota_gigabytes_volume-type-2, it is now deprecated. Please use the default quota class for default quota.
2026-09-29 16:23:35.059 77 INFO cinder.volume.flows.manager.create_volume [None req-528e188e-6dd3-4b7e-befb-e90df78c480d 46b7175fde374154bbd5cfee02d056ba 2239536bb57645f798eab09fd596f13f - - - -] Volume vol_026cacb0-79e6-4f33-9535-5de0a66d0ab3 (026cacb0-79e6-4f33-9535-5de0a66d0ab3): created successfully
2026-09-29 16:23:35.070 77 INFO cinder.volume.manager [None req-528e188e-6dd3-4b7e-befb-e90df78c480d 46b7175fde374154bbd5cfee02d056ba 2239536bb57645f798eab09fd596f13f - - - -] Created volume successfully.
2026-09-29 16:23:35.100 77 INFO cinder.volume.manager [None req-5c1189f9-b414-4e24-b7d9-df97423368d0 ed073d752b2640a5905cad9d11b0943f fccb2b0afbac429da246e975ef9efbe5 - - default default] Deleted volume successfully.
2026-09-29 16:23:36.381 77 INFO cinder.volume.drivers.lightos [None req-a4cdbeb0-b0a1-4b06-93db-2fdc0ed5f172 46b7175fde374154bbd5cfee02d056ba 2239536bb57645f798eab09fd596f13f - - default default] Invoking delete_volume using DELETE url: /api/v2/projects/default/volumes/9af0afcd-8a10-466f-9b00-e476e86830a1?             request.body:  ssl_verify: False
2026-09-29 16:23:36.417 77 WARNING py.warnings [None req-a4cdbeb0-b0a1-4b06-93db-2fdc0ed5f172 46b7175fde374154bbd5cfee02d056ba 2239536bb57645f798eab09fd596f13f - - default default] /var/lib/kolla/venv/lib/python3.12/site-packages/urllib3/connectionpool.py:1110: InsecureRequestWarning: Unverified HTTPS request is being made to host '[LB_IP_ADDRESS]'. Adding certificate verification is strongly advised. See: https://urllib3.readthedocs.io/en/latest/advanced-usage.html#tls-warnings
  warnings.warn(

2026-09-29 16:23:36.462 77 INFO cinder.volume.drivers.lightos [None req-a4cdbeb0-b0a1-4b06-93db-2fdc0ed5f172 46b7175fde374154bbd5cfee02d056ba 2239536bb57645f798eab09fd596f13f - - default default] Invoking get_volume using GET url: /api/v2/projects/default/volumes/9af0afcd-8a10-466f-9b00-e476e86830a1             request.body: {} ssl_verify: False
2026-09-29 16:23:36.503 77 WARNING py.warnings [None req-a4cdbeb0-b0a1-4b06-93db-2fdc0ed5f172 46b7175fde374154bbd5cfee02d056ba 2239536bb57645f798eab09fd596f13f - - default default] /var/lib/kolla/venv/lib/python3.12/site-packages/urllib3/connectionpool.py:1110: InsecureRequestWarning: Unverified HTTPS request is being made to host '[LB_IP_ADDRESS]'. Adding certificate verification is strongly advised. See: https://urllib3.readthedocs.io/en/latest/advanced-usage.html#tls-warnings
  warnings.warn(

2026-09-29 16:23:36.629 77 INFO cinder.volume.manager [None req-a4cdbeb0-b0a1-4b06-93db-2fdc0ed5f172 46b7175fde374154bbd5cfee02d056ba 2239536bb57645f798eab09fd596f13f - - default default] Deleted volume successfully.
2026-09-29 16:23:37.873 77 INFO cinder.volume.flows.manager.create_volume [None req-e77e5aea-0e1d-407b-8962-da47224e9c60 596121c39b324c5c884d01689c53dbc0 9a1cbd903d8f4ee395200c143bc3ad55 - - - -] Volume af40d837-5c4f-4b1c-8921-3d9132e8b79f: being created as raw with specification: {'status': 'creating', 'volume_name': 'vol_af40d837-5c4f-4b1c-8921-3d9132e8b79f', 'volume_size': 1}
2026-09-29 16:23:37.873 77 INFO cinder.volume.drivers.lightos [None req-e77e5aea-0e1d-407b-8962-da47224e9c60 596121c39b324c5c884d01689c53dbc0 9a1cbd903d8f4ee395200c143bc3ad55 - - - -] Invoking get_volume_by_name using GET url: /api/v2/projects/default/volumes/?name=vol_af40d837-5c4f-4b1c-8921-3d9132e8b79f             request.body: {} ssl_verify: False
2026-09-29 16:23:37.908 77 WARNING py.warnings [None req-e77e5aea-0e1d-407b-8962-da47224e9c60 596121c39b324c5c884d01689c53dbc0 9a1cbd903d8f4ee395200c143bc3ad55 - - - -] /var/lib/kolla/venv/lib/python3.12/site-packages/urllib3/connectionpool.py:1110: InsecureRequestWarning: Unverified HTTPS request is being made to host '[LB_IP_ADDRESS]'. Adding certificate verification is strongly advised. See: https://urllib3.readthedocs.io/en/latest/advanced-usage.html#tls-warnings
  warnings.warn(

2026-09-29 16:23:37.918 77 INFO cinder.volume.drivers.lightos [None req-e77e5aea-0e1d-407b-8962-da47224e9c60 596121c39b324c5c884d01689c53dbc0 9a1cbd903d8f4ee395200c143bc3ad55 - - - -] Invoking create_volume using POST url: /api/v2/projects/default/volumes             request.body: {'name': 'vol_af40d837-5c4f-4b1c-8921-3d9132e8b79f', 'size': '1 gib', 'replicaCount': '3', 'compression': 'False', 'acl': {'values': ['ALLOW_NONE']}, 'IPAcl': {'values': ['ALLOW_NONE']}, 'sourceSnapshotUUID': None, 'sourceSnapshotName': None} ssl_verify: False
2026-09-29 16:23:37.956 77 WARNING py.warnings [None req-e77e5aea-0e1d-407b-8962-da47224e9c60 596121c39b324c5c884d01689c53dbc0 9a1cbd903d8f4ee395200c143bc3ad55 - - - -] /var/lib/kolla/venv/lib/python3.12/site-packages/urllib3/connectionpool.py:1110: InsecureRequestWarning: Unverified HTTPS request is being made to host '[LB_IP_ADDRESS]'. Adding certificate verification is strongly advised. See: https://urllib3.readthedocs.io/en/latest/advanced-usage.html#tls-warnings
  warnings.warn(

2026-09-29 16:23:37.982 77 INFO cinder.volume.drivers.lightos [None req-e77e5aea-0e1d-407b-8962-da47224e9c60 596121c39b324c5c884d01689c53dbc0 9a1cbd903d8f4ee395200c143bc3ad55 - - - -] Invoking get_volume using GET url: /api/v2/projects/default/volumes/817772c6-9894-4a74-aa38-ef11a3676956             request.body: {} ssl_verify: False
2026-09-29 16:23:38.037 77 WARNING py.warnings [None req-e77e5aea-0e1d-407b-8962-da47224e9c60 596121c39b324c5c884d01689c53dbc0 9a1cbd903d8f4ee395200c143bc3ad55 - - - -] /var/lib/kolla/venv/lib/python3.12/site-packages/urllib3/connectionpool.py:1110: InsecureRequestWarning: Unverified HTTPS request is being made to host '[LB_IP_ADDRESS]'. Adding certificate verification is strongly advised. See: https://urllib3.readthedocs.io/en/latest/advanced-usage.html#tls-warnings
  warnings.warn(

2026-09-29 16:23:38.088 77 INFO cinder.volume.flows.manager.create_volume [None req-e77e5aea-0e1d-407b-8962-da47224e9c60 596121c39b324c5c884d01689c53dbc0 9a1cbd903d8f4ee395200c143bc3ad55 - - - -] Volume vol_af40d837-5c4f-4b1c-8921-3d9132e8b79f (af40d837-5c4f-4b1c-8921-3d9132e8b79f): created successfully
2026-09-29 16:23:38.098 77 INFO cinder.volume.manager [None req-e77e5aea-0e1d-407b-8962-da47224e9c60 596121c39b324c5c884d01689c53dbc0 9a1cbd903d8f4ee395200c143bc3ad55 - - - -] Created volume successfully.
2026-09-29 16:23:39.334 77 INFO cinder.volume.flows.manager.create_volume [None req-a7672232-8bd1-4fbe-adce-647e3cc0d3fb 596121c39b324c5c884d01689c53dbc0 9a1cbd903d8f4ee395200c143bc3ad55 - - - -] Volume 5c453022-74af-4360-896c-65b7df64c9fb: being created as raw with specification: {'status': 'creating', 'volume_name': 'vol_5c453022-74af-4360-896c-65b7df64c9fb', 'volume_size': 1}
2026-09-29 16:23:39.334 77 INFO cinder.volume.drivers.lightos [None req-a7672232-8bd1-4fbe-adce-647e3cc0d3fb 596121c39b324c5c884d01689c53dbc0 9a1cbd903d8f4ee395200c143bc3ad55 - - - -] Invoking get_volume_by_name using GET url: /api/v2/projects/default/volumes/?name=vol_5c453022-74af-4360-896c-65b7df64c9fb             request.body: {} ssl_verify: False
2026-09-29 16:23:39.370 77 WARNING py.warnings [None req-a7672232-8bd1-4fbe-adce-647e3cc0d3fb 596121c39b324c5c884d01689c53dbc0 9a1cbd903d8f4ee395200c143bc3ad55 - - - -] /var/lib/kolla/venv/lib/python3.12/site-packages/urllib3/connectionpool.py:1110: InsecureRequestWarning: Unverified HTTPS request is being made to host '[LB_IP_ADDRESS]'. Adding certificate verification is strongly advised. See: https://urllib3.readthedocs.io/en/latest/advanced-usage.html#tls-warnings
  warnings.warn(

2026-09-29 16:23:39.435 77 INFO cinder.volume.drivers.lightos [None req-a7672232-8bd1-4fbe-adce-647e3cc0d3fb 596121c39b324c5c884d01689c53dbc0 9a1cbd903d8f4ee395200c143bc3ad55 - - - -] Invoking create_volume using POST url: /api/v2/projects/default/volumes             request.body: {'name': 'vol_5c453022-74af-4360-896c-65b7df64c9fb', 'size': '1 gib', 'replicaCount': '3', 'compression': 'False', 'acl': {'values': ['ALLOW_NONE']}, 'IPAcl': {'values': ['ALLOW_NONE']}, 'sourceSnapshotUUID': None, 'sourceSnapshotName': None} ssl_verify: False
2026-09-29 16:23:39.482 77 WARNING py.warnings [None req-a7672232-8bd1-4fbe-adce-647e3cc0d3fb 596121c39b324c5c884d01689c53dbc0 9a1cbd903d8f4ee395200c143bc3ad55 - - - -] /var/lib/kolla/venv/lib/python3.12/site-packages/urllib3/connectionpool.py:1110: InsecureRequestWarning: Unverified HTTPS request is being made to host '[LB_IP_ADDRESS]'. Adding certificate verification is strongly advised. See: https://urllib3.readthedocs.io/en/latest/advanced-usage.html#tls-warnings
  warnings.warn(

2026-09-29 16:23:39.509 77 INFO cinder.volume.drivers.lightos [None req-a7672232-8bd1-4fbe-adce-647e3cc0d3fb 596121c39b324c5c884d01689c53dbc0 9a1cbd903d8f4ee395200c143bc3ad55 - - - -] Invoking get_volume using GET url: /api/v2/projects/default/volumes/afb27b50-042c-4f1b-b1c8-0bec406457be             request.body: {} ssl_verify: False
2026-09-29 16:23:39.554 77 WARNING py.warnings [None req-a7672232-8bd1-4fbe-adce-647e3cc0d3fb 596121c39b324c5c884d01689c53dbc0 9a1cbd903d8f4ee395200c143bc3ad55 - - - -] /var/lib/kolla/venv/lib/python3.12/site-packages/urllib3/connectionpool.py:1110: InsecureRequestWarning: Unverified HTTPS request is being made to host '[LB_IP_ADDRESS]'. Adding certificate verification is strongly advised. See: https://urllib3.readthedocs.io/en/latest/advanced-usage.html#tls-warnings
  warnings.warn(

2026-09-29 16:23:40.570 77 INFO cinder.volume.drivers.lightos [None req-a7672232-8bd1-4fbe-adce-647e3cc0d3fb 596121c39b324c5c884d01689c53dbc0 9a1cbd903d8f4ee395200c143bc3ad55 - - - -] Invoking get_volume using GET url: /api/v2/projects/default/volumes/afb27b50-042c-4f1b-b1c8-0bec406457be             request.body: {} ssl_verify: False
2026-09-29 16:23:40.615 77 WARNING py.warnings [None req-a7672232-8bd1-4fbe-adce-647e3cc0d3fb 596121c39b324c5c884d01689c53dbc0 9a1cbd903d8f4ee395200c143bc3ad55 - - - -] /var/lib/kolla/venv/lib/python3.12/site-packages/urllib3/connectionpool.py:1110: InsecureRequestWarning: Unverified HTTPS request is being made to host '[LB_IP_ADDRESS]'. Adding certificate verification is strongly advised. See: https://urllib3.readthedocs.io/en/latest/advanced-usage.html#tls-warnings
  warnings.warn(

2026-09-29 16:23:40.647 77 INFO cinder.volume.flows.manager.create_volume [None req-a7672232-8bd1-4fbe-adce-647e3cc0d3fb 596121c39b324c5c884d01689c53dbc0 9a1cbd903d8f4ee395200c143bc3ad55 - - - -] Volume vol_5c453022-74af-4360-896c-65b7df64c9fb (5c453022-74af-4360-896c-65b7df64c9fb): created successfully
2026-09-29 16:23:40.655 77 INFO cinder.volume.manager [None req-a7672232-8bd1-4fbe-adce-647e3cc0d3fb 596121c39b324c5c884d01689c53dbc0 9a1cbd903d8f4ee395200c143bc3ad55 - - - -] Created volume successfully.
2026-09-29 16:23:41.223 77 INFO cinder.volume.flows.manager.create_volume [None req-5f286c3d-ebb4-4052-bc72-a117ffe17fc3 f9491c3e07df4e4cbd3e9f57a517ee7a 930b7bc6e57c4b5fa379022fb93dce50 - - - -] Volume 5dcaacdc-d71b-48d1-a2b8-47eac17774df: being created as raw with specification: {'status': 'creating', 'volume_name': 'vol_5dcaacdc-d71b-48d1-a2b8-47eac17774df', 'volume_size': 1}
2026-09-29 16:23:41.223 77 INFO cinder.volume.drivers.lightos [None req-5f286c3d-ebb4-4052-bc72-a117ffe17fc3 f9491c3e07df4e4cbd3e9f57a517ee7a 930b7bc6e57c4b5fa379022fb93dce50 - - - -] Invoking get_volume_by_name using GET url: /api/v2/projects/default/volumes/?name=vol_5dcaacdc-d71b-48d1-a2b8-47eac17774df             request.body: {} ssl_verify: False
2026-09-29 16:23:41.259 77 WARNING py.warnings [None req-5f286c3d-ebb4-4052-bc72-a117ffe17fc3 f9491c3e07df4e4cbd3e9f57a517ee7a 930b7bc6e57c4b5fa379022fb93dce50 - - - -] /var/lib/kolla/venv/lib/python3.12/site-packages/urllib3/connectionpool.py:1110: InsecureRequestWarning: Unverified HTTPS request is being made to host '[LB_IP_ADDRESS]'. Adding certificate verification is strongly advised. See: https://urllib3.readthedocs.io/en/latest/advanced-usage.html#tls-warnings
  warnings.warn(

2026-09-29 16:23:41.269 77 INFO cinder.volume.drivers.lightos [None req-5f286c3d-ebb4-4052-bc72-a117ffe17fc3 f9491c3e07df4e4cbd3e9f57a517ee7a 930b7bc6e57c4b5fa379022fb93dce50 - - - -] Invoking create_volume using POST url: /api/v2/projects/default/volumes             request.body: {'name': 'vol_5dcaacdc-d71b-48d1-a2b8-47eac17774df', 'size': '1 gib', 'replicaCount': '3', 'compression': 'False', 'acl': {'values': ['ALLOW_NONE']}, 'IPAcl': {'values': ['ALLOW_NONE']}, 'sourceSnapshotUUID': None, 'sourceSnapshotName': None} ssl_verify: False
2026-09-29 16:23:41.309 77 WARNING py.warnings [None req-5f286c3d-ebb4-4052-bc72-a117ffe17fc3 f9491c3e07df4e4cbd3e9f57a517ee7a 930b7bc6e57c4b5fa379022fb93dce50 - - - -] /var/lib/kolla/venv/lib/python3.12/site-packages/urllib3/connectionpool.py:1110: InsecureRequestWarning: Unverified HTTPS request is being made to host '[LB_IP_ADDRESS]'. Adding certificate verification is strongly advised. See: https://urllib3.readthedocs.io/en/latest/advanced-usage.html#tls-warnings
  warnings.warn(

2026-09-29 16:23:41.332 77 INFO cinder.volume.drivers.lightos [None req-5f286c3d-ebb4-4052-bc72-a117ffe17fc3 f9491c3e07df4e4cbd3e9f57a517ee7a 930b7bc6e57c4b5fa379022fb93dce50 - - - -] Invoking get_volume using GET url: /api/v2/projects/default/volumes/3648c770-8103-45d0-b4f7-99f7ab1430fc             request.body: {} ssl_verify: False
2026-09-29 16:23:41.383 77 WARNING py.warnings [None req-5f286c3d-ebb4-4052-bc72-a117ffe17fc3 f9491c3e07df4e4cbd3e9f57a517ee7a 930b7bc6e57c4b5fa379022fb93dce50 - - - -] /var/lib/kolla/venv/lib/python3.12/site-packages/urllib3/connectionpool.py:1110: InsecureRequestWarning: Unverified HTTPS request is being made to host '[LB_IP_ADDRESS]'. Adding certificate verification is strongly advised. See: https://urllib3.readthedocs.io/en/latest/advanced-usage.html#tls-warnings
  warnings.warn(

2026-09-29 16:23:41.422 77 INFO cinder.volume.flows.manager.create_volume [None req-5f286c3d-ebb4-4052-bc72-a117ffe17fc3 f9491c3e07df4e4cbd3e9f57a517ee7a 930b7bc6e57c4b5fa379022fb93dce50 - - - -] Volume vol_5dcaacdc-d71b-48d1-a2b8-47eac17774df (5dcaacdc-d71b-48d1-a2b8-47eac17774df): created successfully
2026-09-29 16:23:41.430 77 INFO cinder.volume.manager [None req-5f286c3d-ebb4-4052-bc72-a117ffe17fc3 f9491c3e07df4e4cbd3e9f57a517ee7a 930b7bc6e57c4b5fa379022fb93dce50 - - - -] Created volume successfully.
2026-09-29 16:23:41.865 77 INFO cinder.volume.flows.manager.create_volume [None req-000586b1-58a3-464d-b16c-e2366ff6d164 596121c39b324c5c884d01689c53dbc0 9a1cbd903d8f4ee395200c143bc3ad55 - - - -] Volume 9cbf577a-6e59-4388-b8db-adc6040372c5: being created as raw with specification: {'status': 'creating', 'volume_name': 'vol_9cbf577a-6e59-4388-b8db-adc6040372c5', 'volume_size': 1}
2026-09-29 16:23:41.866 77 INFO cinder.volume.drivers.lightos [None req-000586b1-58a3-464d-b16c-e2366ff6d164 596121c39b324c5c884d01689c53dbc0 9a1cbd903d8f4ee395200c143bc3ad55 - - - -] Invoking get_volume_by_name using GET url: /api/v2/projects/default/volumes/?name=vol_9cbf577a-6e59-4388-b8db-adc6040372c5             request.body: {} ssl_verify: False
2026-09-29 16:23:41.900 77 WARNING py.warnings [None req-000586b1-58a3-464d-b16c-e2366ff6d164 596121c39b324c5c884d01689c53dbc0 9a1cbd903d8f4ee395200c143bc3ad55 - - - -] /var/lib/kolla/venv/lib/python3.12/site-packages/urllib3/connectionpool.py:1110: InsecureRequestWarning: Unverified HTTPS request is being made to host '[LB_IP_ADDRESS]'. Adding certificate verification is strongly advised. See: https://urllib3.readthedocs.io/en/latest/advanced-usage.html#tls-warnings
  warnings.warn(

2026-09-29 16:23:41.909 77 INFO cinder.volume.drivers.lightos [None req-000586b1-58a3-464d-b16c-e2366ff6d164 596121c39b324c5c884d01689c53dbc0 9a1cbd903d8f4ee395200c143bc3ad55 - - - -] Invoking create_volume using POST url: /api/v2/projects/default/volumes             request.body: {'name': 'vol_9cbf577a-6e59-4388-b8db-adc6040372c5', 'size': '1 gib', 'replicaCount': '3', 'compression': 'False', 'acl': {'values': ['ALLOW_NONE']}, 'IPAcl': {'values': ['ALLOW_NONE']}, 'sourceSnapshotUUID': None, 'sourceSnapshotName': None} ssl_verify: False
2026-09-29 16:23:41.945 77 WARNING py.warnings [None req-000586b1-58a3-464d-b16c-e2366ff6d164 596121c39b324c5c884d01689c53dbc0 9a1cbd903d8f4ee395200c143bc3ad55 - - - -] /var/lib/kolla/venv/lib/python3.12/site-packages/urllib3/connectionpool.py:1110: InsecureRequestWarning: Unverified HTTPS request is being made to host '[LB_IP_ADDRESS]'. Adding certificate verification is strongly advised. See: https://urllib3.readthedocs.io/en/latest/advanced-usage.html#tls-warnings
  warnings.warn(

2026-09-29 16:23:41.965 77 INFO cinder.volume.drivers.lightos [None req-000586b1-58a3-464d-b16c-e2366ff6d164 596121c39b324c5c884d01689c53dbc0 9a1cbd903d8f4ee395200c143bc3ad55 - - - -] Invoking get_volume using GET url: /api/v2/projects/default/volumes/f5d6b50f-b94a-40ce-a209-69b83ce55b4a             request.body: {} ssl_verify: False
2026-09-29 16:23:42.006 77 WARNING py.warnings [None req-000586b1-58a3-464d-b16c-e2366ff6d164 596121c39b324c5c884d01689c53dbc0 9a1cbd903d8f4ee395200c143bc3ad55 - - - -] /var/lib/kolla/venv/lib/python3.12/site-packages/urllib3/connectionpool.py:1110: InsecureRequestWarning: Unverified HTTPS request is being made to host '[LB_IP_ADDRESS]'. Adding certificate verification is strongly advised. See: https://urllib3.readthedocs.io/en/latest/advanced-usage.html#tls-warnings
  warnings.warn(

2026-09-29 16:23:42.444 77 INFO cinder.volume.drivers.lightos [None req-de48798f-7330-461e-a0ba-3ed83a07c89f f9491c3e07df4e4cbd3e9f57a517ee7a 930b7bc6e57c4b5fa379022fb93dce50 - - default default] Invoking delete_volume using DELETE url: /api/v2/projects/default/volumes/3648c770-8103-45d0-b4f7-99f7ab1430fc?             request.body:  ssl_verify: False
2026-09-29 16:23:42.477 77 WARNING py.warnings [None req-de48798f-7330-461e-a0ba-3ed83a07c89f f9491c3e07df4e4cbd3e9f57a517ee7a 930b7bc6e57c4b5fa379022fb93dce50 - - default default] /var/lib/kolla/venv/lib/python3.12/site-packages/urllib3/connectionpool.py:1110: InsecureRequestWarning: Unverified HTTPS request is being made to host '[LB_IP_ADDRESS]'. Adding certificate verification is strongly advised. See: https://urllib3.readthedocs.io/en/latest/advanced-usage.html#tls-warnings
  warnings.warn(

2026-09-29 16:23:42.516 77 INFO cinder.volume.drivers.lightos [None req-de48798f-7330-461e-a0ba-3ed83a07c89f f9491c3e07df4e4cbd3e9f57a517ee7a 930b7bc6e57c4b5fa379022fb93dce50 - - default default] Invoking get_volume using GET url: /api/v2/projects/default/volumes/3648c770-8103-45d0-b4f7-99f7ab1430fc             request.body: {} ssl_verify: False
2026-09-29 16:23:42.557 77 WARNING py.warnings [None req-de48798f-7330-461e-a0ba-3ed83a07c89f f9491c3e07df4e4cbd3e9f57a517ee7a 930b7bc6e57c4b5fa379022fb93dce50 - - default default] /var/lib/kolla/venv/lib/python3.12/site-packages/urllib3/connectionpool.py:1110: InsecureRequestWarning: Unverified HTTPS request is being made to host '[LB_IP_ADDRESS]'. Adding certificate verification is strongly advised. See: https://urllib3.readthedocs.io/en/latest/advanced-usage.html#tls-warnings
  warnings.warn(

2026-09-29 16:23:42.698 77 INFO cinder.volume.manager [None req-de48798f-7330-461e-a0ba-3ed83a07c89f f9491c3e07df4e4cbd3e9f57a517ee7a 930b7bc6e57c4b5fa379022fb93dce50 - - default default] Deleted volume successfully.
2026-09-29 16:23:43.021 77 INFO cinder.volume.drivers.lightos [None req-000586b1-58a3-464d-b16c-e2366ff6d164 596121c39b324c5c884d01689c53dbc0 9a1cbd903d8f4ee395200c143bc3ad55 - - - -] Invoking get_volume using GET url: /api/v2/projects/default/volumes/f5d6b50f-b94a-40ce-a209-69b83ce55b4a             request.body: {} ssl_verify: False
2026-09-29 16:23:43.072 77 WARNING py.warnings [None req-000586b1-58a3-464d-b16c-e2366ff6d164 596121c39b324c5c884d01689c53dbc0 9a1cbd903d8f4ee395200c143bc3ad55 - - - -] /var/lib/kolla/venv/lib/python3.12/site-packages/urllib3/connectionpool.py:1110: InsecureRequestWarning: Unverified HTTPS request is being made to host '[LB_IP_ADDRESS]'. Adding certificate verification is strongly advised. See: https://urllib3.readthedocs.io/en/latest/advanced-usage.html#tls-warnings
  warnings.warn(

2026-09-29 16:23:43.118 77 INFO cinder.volume.flows.manager.create_volume [None req-000586b1-58a3-464d-b16c-e2366ff6d164 596121c39b324c5c884d01689c53dbc0 9a1cbd903d8f4ee395200c143bc3ad55 - - - -] Volume vol_9cbf577a-6e59-4388-b8db-adc6040372c5 (9cbf577a-6e59-4388-b8db-adc6040372c5): created successfully
2026-09-29 16:23:43.126 77 INFO cinder.volume.manager [None req-000586b1-58a3-464d-b16c-e2366ff6d164 596121c39b324c5c884d01689c53dbc0 9a1cbd903d8f4ee395200c143bc3ad55 - - - -] Created volume successfully.
2026-09-29 16:23:43.605 77 INFO cinder.volume.flows.manager.create_volume [None req-9623b3bd-03df-474a-b83a-0464c55b334c f8293ee7b2e34013b25046dec9a6b9b9 a1e0d9a8d50c46c18439610bff3edaf2 - - - -] Volume f21b7cdc-7606-453d-b63c-2bc988784216: being created as raw with specification: {'status': 'creating', 'volume_name': 'vol_f21b7cdc-7606-453d-b63c-2bc988784216', 'volume_size': 1}
2026-09-29 16:23:43.605 77 INFO cinder.volume.drivers.lightos [None req-9623b3bd-03df-474a-b83a-0464c55b334c f8293ee7b2e34013b25046dec9a6b9b9 a1e0d9a8d50c46c18439610bff3edaf2 - - - -] Invoking get_volume_by_name using GET url: /api/v2/projects/default/volumes/?name=vol_f21b7cdc-7606-453d-b63c-2bc988784216             request.body: {} ssl_verify: False
2026-09-29 16:23:43.643 77 WARNING py.warnings [None req-9623b3bd-03df-474a-b83a-0464c55b334c f8293ee7b2e34013b25046dec9a6b9b9 a1e0d9a8d50c46c18439610bff3edaf2 - - - -] /var/lib/kolla/venv/lib/python3.12/site-packages/urllib3/connectionpool.py:1110: InsecureRequestWarning: Unverified HTTPS request is being made to host '[LB_IP_ADDRESS]'. Adding certificate verification is strongly advised. See: https://urllib3.readthedocs.io/en/latest/advanced-usage.html#tls-warnings
  warnings.warn(

2026-09-29 16:23:43.656 77 INFO cinder.volume.drivers.lightos [None req-9623b3bd-03df-474a-b83a-0464c55b334c f8293ee7b2e34013b25046dec9a6b9b9 a1e0d9a8d50c46c18439610bff3edaf2 - - - -] Invoking create_volume using POST url: /api/v2/projects/default/volumes             request.body: {'name': 'vol_f21b7cdc-7606-453d-b63c-2bc988784216', 'size': '1 gib', 'replicaCount': '3', 'compression': 'False', 'acl': {'values': ['ALLOW_NONE']}, 'IPAcl': {'values': ['ALLOW_NONE']}, 'sourceSnapshotUUID': None, 'sourceSnapshotName': None} ssl_verify: False
2026-09-29 16:23:43.698 77 WARNING py.warnings [None req-9623b3bd-03df-474a-b83a-0464c55b334c f8293ee7b2e34013b25046dec9a6b9b9 a1e0d9a8d50c46c18439610bff3edaf2 - - - -] /var/lib/kolla/venv/lib/python3.12/site-packages/urllib3/connectionpool.py:1110: InsecureRequestWarning: Unverified HTTPS request is being made to host '[LB_IP_ADDRESS]'. Adding certificate verification is strongly advised. See: https://urllib3.readthedocs.io/en/latest/advanced-usage.html#tls-warnings
  warnings.warn(

2026-09-29 16:23:43.730 77 INFO cinder.volume.drivers.lightos [None req-9623b3bd-03df-474a-b83a-0464c55b334c f8293ee7b2e34013b25046dec9a6b9b9 a1e0d9a8d50c46c18439610bff3edaf2 - - - -] Invoking get_volume using GET url: /api/v2/projects/default/volumes/6d45744d-0761-4c72-8fd2-ad6938b65d5f             request.body: {} ssl_verify: False
2026-09-29 16:23:43.788 77 WARNING py.warnings [None req-9623b3bd-03df-474a-b83a-0464c55b334c f8293ee7b2e34013b25046dec9a6b9b9 a1e0d9a8d50c46c18439610bff3edaf2 - - - -] /var/lib/kolla/venv/lib/python3.12/site-packages/urllib3/connectionpool.py:1110: InsecureRequestWarning: Unverified HTTPS request is being made to host '[LB_IP_ADDRESS]'. Adding certificate verification is strongly advised. See: https://urllib3.readthedocs.io/en/latest/advanced-usage.html#tls-warnings
  warnings.warn(

2026-09-29 16:23:43.851 77 INFO cinder.volume.flows.manager.create_volume [None req-9623b3bd-03df-474a-b83a-0464c55b334c f8293ee7b2e34013b25046dec9a6b9b9 a1e0d9a8d50c46c18439610bff3edaf2 - - - -] Volume vol_f21b7cdc-7606-453d-b63c-2bc988784216 (f21b7cdc-7606-453d-b63c-2bc988784216): created successfully
2026-09-29 16:23:43.858 77 INFO cinder.volume.manager [None req-9623b3bd-03df-474a-b83a-0464c55b334c f8293ee7b2e34013b25046dec9a6b9b9 a1e0d9a8d50c46c18439610bff3edaf2 - - - -] Created volume successfully.
2026-09-29 16:23:44.582 77 INFO cinder.volume.flows.manager.create_volume [None req-9ab45ea5-0b9a-4bc4-a891-631c24ffebdc a4a2f5ed434b4e8bb9f0ee3592a694ff a00e06fad8574c17b2efaed8b19289d5 - - - -] Volume 5ffb1925-97a8-42e8-818c-ccd03ec12c25: being created as raw with specification: {'status': 'creating', 'volume_name': 'vol_5ffb1925-97a8-42e8-818c-ccd03ec12c25', 'volume_size': 1}
2026-09-29 16:23:44.583 77 INFO cinder.volume.drivers.lightos [None req-9ab45ea5-0b9a-4bc4-a891-631c24ffebdc a4a2f5ed434b4e8bb9f0ee3592a694ff a00e06fad8574c17b2efaed8b19289d5 - - - -] Invoking get_volume_by_name using GET url: /api/v2/projects/default/volumes/?name=vol_5ffb1925-97a8-42e8-818c-ccd03ec12c25             request.body: {} ssl_verify: False
2026-09-29 16:23:44.621 77 WARNING py.warnings [None req-9ab45ea5-0b9a-4bc4-a891-631c24ffebdc a4a2f5ed434b4e8bb9f0ee3592a694ff a00e06fad8574c17b2efaed8b19289d5 - - - -] /var/lib/kolla/venv/lib/python3.12/site-packages/urllib3/connectionpool.py:1110: InsecureRequestWarning: Unverified HTTPS request is being made to host '[LB_IP_ADDRESS]'. Adding certificate verification is strongly advised. See: https://urllib3.readthedocs.io/en/latest/advanced-usage.html#tls-warnings
  warnings.warn(

2026-09-29 16:23:44.632 77 INFO cinder.volume.drivers.lightos [None req-9ab45ea5-0b9a-4bc4-a891-631c24ffebdc a4a2f5ed434b4e8bb9f0ee3592a694ff a00e06fad8574c17b2efaed8b19289d5 - - - -] Invoking create_volume using POST url: /api/v2/projects/default/volumes             request.body: {'name': 'vol_5ffb1925-97a8-42e8-818c-ccd03ec12c25', 'size': '1 gib', 'replicaCount': '3', 'compression': 'False', 'acl': {'values': ['ALLOW_NONE']}, 'IPAcl': {'values': ['ALLOW_NONE']}, 'sourceSnapshotUUID': None, 'sourceSnapshotName': None} ssl_verify: False
2026-09-29 16:23:44.675 77 WARNING py.warnings [None req-9ab45ea5-0b9a-4bc4-a891-631c24ffebdc a4a2f5ed434b4e8bb9f0ee3592a694ff a00e06fad8574c17b2efaed8b19289d5 - - - -] /var/lib/kolla/venv/lib/python3.12/site-packages/urllib3/connectionpool.py:1110: InsecureRequestWarning: Unverified HTTPS request is being made to host '[LB_IP_ADDRESS]'. Adding certificate verification is strongly advised. See: https://urllib3.readthedocs.io/en/latest/advanced-usage.html#tls-warnings
  warnings.warn(

2026-09-29 16:23:44.701 77 INFO cinder.volume.drivers.lightos [None req-9ab45ea5-0b9a-4bc4-a891-631c24ffebdc a4a2f5ed434b4e8bb9f0ee3592a694ff a00e06fad8574c17b2efaed8b19289d5 - - - -] Invoking get_volume using GET url: /api/v2/projects/default/volumes/f63c3f21-66e8-4069-85d3-d651e6e6abd9             request.body: {} ssl_verify: False
2026-09-29 16:23:44.744 77 WARNING py.warnings [None req-9ab45ea5-0b9a-4bc4-a891-631c24ffebdc a4a2f5ed434b4e8bb9f0ee3592a694ff a00e06fad8574c17b2efaed8b19289d5 - - - -] /var/lib/kolla/venv/lib/python3.12/site-packages/urllib3/connectionpool.py:1110: InsecureRequestWarning: Unverified HTTPS request is being made to host '[LB_IP_ADDRESS]'. Adding certificate verification is strongly advised. See: https://urllib3.readthedocs.io/en/latest/advanced-usage.html#tls-warnings
  warnings.warn(

2026-09-29 16:23:44.802 77 INFO cinder.volume.flows.manager.create_volume [None req-9ab45ea5-0b9a-4bc4-a891-631c24ffebdc a4a2f5ed434b4e8bb9f0ee3592a694ff a00e06fad8574c17b2efaed8b19289d5 - - - -] Volume vol_5ffb1925-97a8-42e8-818c-ccd03ec12c25 (5ffb1925-97a8-42e8-818c-ccd03ec12c25): created successfully
2026-09-29 16:23:44.809 77 INFO cinder.volume.manager [None req-9ab45ea5-0b9a-4bc4-a891-631c24ffebdc a4a2f5ed434b4e8bb9f0ee3592a694ff a00e06fad8574c17b2efaed8b19289d5 - - - -] Created volume successfully.
2026-09-29 16:23:45.348 77 INFO cinder.volume.manager [None req-bc82871a-d39e-4a0f-8f9a-0bfbb878fb95 74d32812c0474692a4faede112c4ced6 a336023909c04533bac112d591bc5b58 - - default default] Transfer volume completed successfully.
2026-09-29 16:23:45.739 77 INFO cinder.volume.drivers.lightos [None req-27c4cb6b-9e51-4389-8749-a897da1859b6 a4a2f5ed434b4e8bb9f0ee3592a694ff a00e06fad8574c17b2efaed8b19289d5 - - default default] Invoking delete_volume using DELETE url: /api/v2/projects/default/volumes/f63c3f21-66e8-4069-85d3-d651e6e6abd9?             request.body:  ssl_verify: False
2026-09-29 16:23:45.775 77 WARNING py.warnings [None req-27c4cb6b-9e51-4389-8749-a897da1859b6 a4a2f5ed434b4e8bb9f0ee3592a694ff a00e06fad8574c17b2efaed8b19289d5 - - default default] /var/lib/kolla/venv/lib/python3.12/site-packages/urllib3/connectionpool.py:1110: InsecureRequestWarning: Unverified HTTPS request is being made to host '[LB_IP_ADDRESS]'. Adding certificate verification is strongly advised. See: https://urllib3.readthedocs.io/en/latest/advanced-usage.html#tls-warnings
  warnings.warn(

2026-09-29 16:23:45.805 77 INFO cinder.volume.drivers.lightos [None req-27c4cb6b-9e51-4389-8749-a897da1859b6 a4a2f5ed434b4e8bb9f0ee3592a694ff a00e06fad8574c17b2efaed8b19289d5 - - default default] Invoking get_volume using GET url: /api/v2/projects/default/volumes/f63c3f21-66e8-4069-85d3-d651e6e6abd9             request.body: {} ssl_verify: False
2026-09-29 16:23:45.849 77 WARNING py.warnings [None req-27c4cb6b-9e51-4389-8749-a897da1859b6 a4a2f5ed434b4e8bb9f0ee3592a694ff a00e06fad8574c17b2efaed8b19289d5 - - default default] /var/lib/kolla/venv/lib/python3.12/site-packages/urllib3/connectionpool.py:1110: InsecureRequestWarning: Unverified HTTPS request is being made to host '[LB_IP_ADDRESS]'. Adding certificate verification is strongly advised. See: https://urllib3.readthedocs.io/en/latest/advanced-usage.html#tls-warnings
  warnings.warn(

2026-09-29 16:23:45.859 77 INFO cinder.volume.drivers.lightos [None req-00a8c24d-9c6c-4595-85ac-6348af97cffc 596121c39b324c5c884d01689c53dbc0 9a1cbd903d8f4ee395200c143bc3ad55 - - default default] Invoking delete_volume using DELETE url: /api/v2/projects/default/volumes/f5d6b50f-b94a-40ce-a209-69b83ce55b4a?             request.body:  ssl_verify: False
2026-09-29 16:23:45.894 77 WARNING py.warnings [None req-00a8c24d-9c6c-4595-85ac-6348af97cffc 596121c39b324c5c884d01689c53dbc0 9a1cbd903d8f4ee395200c143bc3ad55 - - default default] /var/lib/kolla/venv/lib/python3.12/site-packages/urllib3/connectionpool.py:1110: InsecureRequestWarning: Unverified HTTPS request is being made to host '[LB_IP_ADDRESS]'. Adding certificate verification is strongly advised. See: https://urllib3.readthedocs.io/en/latest/advanced-usage.html#tls-warnings
  warnings.warn(

2026-09-29 16:23:45.939 77 INFO cinder.volume.drivers.lightos [None req-00a8c24d-9c6c-4595-85ac-6348af97cffc 596121c39b324c5c884d01689c53dbc0 9a1cbd903d8f4ee395200c143bc3ad55 - - default default] Invoking get_volume using GET url: /api/v2/projects/default/volumes/f5d6b50f-b94a-40ce-a209-69b83ce55b4a             request.body: {} ssl_verify: False
2026-09-29 16:23:45.975 77 WARNING py.warnings [None req-00a8c24d-9c6c-4595-85ac-6348af97cffc 596121c39b324c5c884d01689c53dbc0 9a1cbd903d8f4ee395200c143bc3ad55 - - default default] /var/lib/kolla/venv/lib/python3.12/site-packages/urllib3/connectionpool.py:1110: InsecureRequestWarning: Unverified HTTPS request is being made to host '[LB_IP_ADDRESS]'. Adding certificate verification is strongly advised. See: https://urllib3.readthedocs.io/en/latest/advanced-usage.html#tls-warnings
  warnings.warn(

2026-09-29 16:23:46.014 77 INFO cinder.volume.manager [None req-27c4cb6b-9e51-4389-8749-a897da1859b6 a4a2f5ed434b4e8bb9f0ee3592a694ff a00e06fad8574c17b2efaed8b19289d5 - - default default] Deleted volume successfully.
2026-09-29 16:23:46.103 77 INFO cinder.volume.manager [None req-00a8c24d-9c6c-4595-85ac-6348af97cffc 596121c39b324c5c884d01689c53dbc0 9a1cbd903d8f4ee395200c143bc3ad55 - - default default] Deleted volume successfully.
2026-09-29 16:23:46.524 77 INFO cinder.volume.drivers.lightos [None req-66a4cc24-bd78-40c4-8aaf-a6101e06d4cf 932f6ead41d741279128a7b2150b5cdf 6d71c7e6dd4d49bc8a14670dc1c23f23 - - default default] Invoking delete_volume using DELETE url: /api/v2/projects/default/volumes/6d45744d-0761-4c72-8fd2-ad6938b65d5f?             request.body:  ssl_verify: False
2026-09-29 16:23:46.557 77 WARNING py.warnings [None req-66a4cc24-bd78-40c4-8aaf-a6101e06d4cf 932f6ead41d741279128a7b2150b5cdf 6d71c7e6dd4d49bc8a14670dc1c23f23 - - default default] /var/lib/kolla/venv/lib/python3.12/site-packages/urllib3/connectionpool.py:1110: InsecureRequestWarning: Unverified HTTPS request is being made to host '[LB_IP_ADDRESS]'. Adding certificate verification is strongly advised. See: https://urllib3.readthedocs.io/en/latest/advanced-usage.html#tls-warnings
  warnings.warn(

2026-09-29 16:23:46.580 77 INFO cinder.volume.drivers.lightos [None req-66a4cc24-bd78-40c4-8aaf-a6101e06d4cf 932f6ead41d741279128a7b2150b5cdf 6d71c7e6dd4d49bc8a14670dc1c23f23 - - default default] Invoking get_volume using GET url: /api/v2/projects/default/volumes/6d45744d-0761-4c72-8fd2-ad6938b65d5f             request.body: {} ssl_verify: False
2026-09-29 16:23:46.623 77 WARNING py.warnings [None req-66a4cc24-bd78-40c4-8aaf-a6101e06d4cf 932f6ead41d741279128a7b2150b5cdf 6d71c7e6dd4d49bc8a14670dc1c23f23 - - default default] /var/lib/kolla/venv/lib/python3.12/site-packages/urllib3/connectionpool.py:1110: InsecureRequestWarning: Unverified HTTPS request is being made to host '[LB_IP_ADDRESS]'. Adding certificate verification is strongly advised. See: https://urllib3.readthedocs.io/en/latest/advanced-usage.html#tls-warnings
  warnings.warn(

2026-09-29 16:23:46.748 77 INFO cinder.volume.manager [None req-66a4cc24-bd78-40c4-8aaf-a6101e06d4cf 932f6ead41d741279128a7b2150b5cdf 6d71c7e6dd4d49bc8a14670dc1c23f23 - - default default] Deleted volume successfully.
2026-09-29 16:23:47.047 77 INFO cinder.volume.drivers.lightos [None req-88b98815-8e27-4965-9d43-601e6e0b9e93 596121c39b324c5c884d01689c53dbc0 9a1cbd903d8f4ee395200c143bc3ad55 - - default default] Invoking delete_volume using DELETE url: /api/v2/projects/default/volumes/afb27b50-042c-4f1b-b1c8-0bec406457be?             request.body:  ssl_verify: False
2026-09-29 16:23:47.082 77 WARNING py.warnings [None req-88b98815-8e27-4965-9d43-601e6e0b9e93 596121c39b324c5c884d01689c53dbc0 9a1cbd903d8f4ee395200c143bc3ad55 - - default default] /var/lib/kolla/venv/lib/python3.12/site-packages/urllib3/connectionpool.py:1110: InsecureRequestWarning: Unverified HTTPS request is being made to host '[LB_IP_ADDRESS]'. Adding certificate verification is strongly advised. See: https://urllib3.readthedocs.io/en/latest/advanced-usage.html#tls-warnings
  warnings.warn(

2026-09-29 16:23:47.115 77 INFO cinder.volume.drivers.lightos [None req-88b98815-8e27-4965-9d43-601e6e0b9e93 596121c39b324c5c884d01689c53dbc0 9a1cbd903d8f4ee395200c143bc3ad55 - - default default] Invoking get_volume using GET url: /api/v2/projects/default/volumes/afb27b50-042c-4f1b-b1c8-0bec406457be             request.body: {} ssl_verify: False
2026-09-29 16:23:47.161 77 WARNING py.warnings [None req-88b98815-8e27-4965-9d43-601e6e0b9e93 596121c39b324c5c884d01689c53dbc0 9a1cbd903d8f4ee395200c143bc3ad55 - - default default] /var/lib/kolla/venv/lib/python3.12/site-packages/urllib3/connectionpool.py:1110: InsecureRequestWarning: Unverified HTTPS request is being made to host '[LB_IP_ADDRESS]'. Adding certificate verification is strongly advised. See: https://urllib3.readthedocs.io/en/latest/advanced-usage.html#tls-warnings
  warnings.warn(

2026-09-29 16:23:47.281 77 INFO cinder.volume.manager [None req-88b98815-8e27-4965-9d43-601e6e0b9e93 596121c39b324c5c884d01689c53dbc0 9a1cbd903d8f4ee395200c143bc3ad55 - - default default] Deleted volume successfully.
2026-09-29 16:23:48.080 77 INFO cinder.volume.flows.manager.create_volume [None req-98fd3810-5e81-4a63-ac25-efe7e0703677 f8293ee7b2e34013b25046dec9a6b9b9 a1e0d9a8d50c46c18439610bff3edaf2 - - - -] Volume 37dd1fa2-f63a-4bcb-bcde-58025d965ca4: being created as raw with specification: {'status': 'creating', 'volume_name': 'vol_37dd1fa2-f63a-4bcb-bcde-58025d965ca4', 'volume_size': 1}
2026-09-29 16:23:48.081 77 INFO cinder.volume.drivers.lightos [None req-98fd3810-5e81-4a63-ac25-efe7e0703677 f8293ee7b2e34013b25046dec9a6b9b9 a1e0d9a8d50c46c18439610bff3edaf2 - - - -] Invoking get_volume_by_name using GET url: /api/v2/projects/default/volumes/?name=vol_37dd1fa2-f63a-4bcb-bcde-58025d965ca4             request.body: {} ssl_verify: False
2026-09-29 16:23:48.118 77 WARNING py.warnings [None req-98fd3810-5e81-4a63-ac25-efe7e0703677 f8293ee7b2e34013b25046dec9a6b9b9 a1e0d9a8d50c46c18439610bff3edaf2 - - - -] /var/lib/kolla/venv/lib/python3.12/site-packages/urllib3/connectionpool.py:1110: InsecureRequestWarning: Unverified HTTPS request is being made to host '[LB_IP_ADDRESS]'. Adding certificate verification is strongly advised. See: https://urllib3.readthedocs.io/en/latest/advanced-usage.html#tls-warnings
  warnings.warn(

2026-09-29 16:23:48.129 77 INFO cinder.volume.drivers.lightos [None req-98fd3810-5e81-4a63-ac25-efe7e0703677 f8293ee7b2e34013b25046dec9a6b9b9 a1e0d9a8d50c46c18439610bff3edaf2 - - - -] Invoking create_volume using POST url: /api/v2/projects/default/volumes             request.body: {'name': 'vol_37dd1fa2-f63a-4bcb-bcde-58025d965ca4', 'size': '1 gib', 'replicaCount': '3', 'compression': 'False', 'acl': {'values': ['ALLOW_NONE']}, 'IPAcl': {'values': ['ALLOW_NONE']}, 'sourceSnapshotUUID': None, 'sourceSnapshotName': None} ssl_verify: False
2026-09-29 16:23:48.172 77 WARNING py.warnings [None req-98fd3810-5e81-4a63-ac25-efe7e0703677 f8293ee7b2e34013b25046dec9a6b9b9 a1e0d9a8d50c46c18439610bff3edaf2 - - - -] /var/lib/kolla/venv/lib/python3.12/site-packages/urllib3/connectionpool.py:1110: InsecureRequestWarning: Unverified HTTPS request is being made to host '[LB_IP_ADDRESS]'. Adding certificate verification is strongly advised. See: https://urllib3.readthedocs.io/en/latest/advanced-usage.html#tls-warnings
  warnings.warn(

2026-09-29 16:23:48.199 77 INFO cinder.volume.drivers.lightos [None req-98fd3810-5e81-4a63-ac25-efe7e0703677 f8293ee7b2e34013b25046dec9a6b9b9 a1e0d9a8d50c46c18439610bff3edaf2 - - - -] Invoking get_volume using GET url: /api/v2/projects/default/volumes/7754dd4b-3e53-42c1-9c1b-5215717f532c             request.body: {} ssl_verify: False
2026-09-29 16:23:48.247 77 WARNING py.warnings [None req-98fd3810-5e81-4a63-ac25-efe7e0703677 f8293ee7b2e34013b25046dec9a6b9b9 a1e0d9a8d50c46c18439610bff3edaf2 - - - -] /var/lib/kolla/venv/lib/python3.12/site-packages/urllib3/connectionpool.py:1110: InsecureRequestWarning: Unverified HTTPS request is being made to host '[LB_IP_ADDRESS]'. Adding certificate verification is strongly advised. See: https://urllib3.readthedocs.io/en/latest/advanced-usage.html#tls-warnings
  warnings.warn(

2026-09-29 16:23:48.255 77 INFO cinder.volume.drivers.lightos [None req-da589c71-796a-47e5-a86b-d49687ba34e4 596121c39b324c5c884d01689c53dbc0 9a1cbd903d8f4ee395200c143bc3ad55 - - default default] Invoking delete_volume using DELETE url: /api/v2/projects/default/volumes/817772c6-9894-4a74-aa38-ef11a3676956?             request.body:  ssl_verify: False
2026-09-29 16:23:48.289 77 WARNING py.warnings [None req-da589c71-796a-47e5-a86b-d49687ba34e4 596121c39b324c5c884d01689c53dbc0 9a1cbd903d8f4ee395200c143bc3ad55 - - default default] /var/lib/kolla/venv/lib/python3.12/site-packages/urllib3/connectionpool.py:1110: InsecureRequestWarning: Unverified HTTPS request is being made to host '[LB_IP_ADDRESS]'. Adding certificate verification is strongly advised. See: https://urllib3.readthedocs.io/en/latest/advanced-usage.html#tls-warnings
  warnings.warn(

2026-09-29 16:23:48.313 77 INFO cinder.volume.drivers.lightos [None req-da589c71-796a-47e5-a86b-d49687ba34e4 596121c39b324c5c884d01689c53dbc0 9a1cbd903d8f4ee395200c143bc3ad55 - - default default] Invoking get_volume using GET url: /api/v2/projects/default/volumes/817772c6-9894-4a74-aa38-ef11a3676956             request.body: {} ssl_verify: False
2026-09-29 16:23:48.357 77 WARNING py.warnings [None req-da589c71-796a-47e5-a86b-d49687ba34e4 596121c39b324c5c884d01689c53dbc0 9a1cbd903d8f4ee395200c143bc3ad55 - - default default] /var/lib/kolla/venv/lib/python3.12/site-packages/urllib3/connectionpool.py:1110: InsecureRequestWarning: Unverified HTTPS request is being made to host '[LB_IP_ADDRESS]'. Adding certificate verification is strongly advised. See: https://urllib3.readthedocs.io/en/latest/advanced-usage.html#tls-warnings
  warnings.warn(

2026-09-29 16:23:48.468 77 INFO cinder.volume.manager [None req-da589c71-796a-47e5-a86b-d49687ba34e4 596121c39b324c5c884d01689c53dbc0 9a1cbd903d8f4ee395200c143bc3ad55 - - default default] Deleted volume successfully.
2026-09-29 16:23:49.286 77 INFO cinder.volume.drivers.lightos [None req-98fd3810-5e81-4a63-ac25-efe7e0703677 f8293ee7b2e34013b25046dec9a6b9b9 a1e0d9a8d50c46c18439610bff3edaf2 - - - -] Invoking get_volume using GET url: /api/v2/projects/default/volumes/7754dd4b-3e53-42c1-9c1b-5215717f532c             request.body: {} ssl_verify: False
2026-09-29 16:23:49.330 77 WARNING py.warnings [None req-98fd3810-5e81-4a63-ac25-efe7e0703677 f8293ee7b2e34013b25046dec9a6b9b9 a1e0d9a8d50c46c18439610bff3edaf2 - - - -] /var/lib/kolla/venv/lib/python3.12/site-packages/urllib3/connectionpool.py:1110: InsecureRequestWarning: Unverified HTTPS request is being made to host '[LB_IP_ADDRESS]'. Adding certificate verification is strongly advised. See: https://urllib3.readthedocs.io/en/latest/advanced-usage.html#tls-warnings
  warnings.warn(

2026-09-29 16:23:49.351 77 INFO cinder.volume.flows.manager.create_volume [None req-98fd3810-5e81-4a63-ac25-efe7e0703677 f8293ee7b2e34013b25046dec9a6b9b9 a1e0d9a8d50c46c18439610bff3edaf2 - - - -] Volume vol_37dd1fa2-f63a-4bcb-bcde-58025d965ca4 (37dd1fa2-f63a-4bcb-bcde-58025d965ca4): created successfully
2026-09-29 16:23:49.363 77 INFO cinder.volume.manager [None req-98fd3810-5e81-4a63-ac25-efe7e0703677 f8293ee7b2e34013b25046dec9a6b9b9 a1e0d9a8d50c46c18439610bff3edaf2 - - - -] Created volume successfully.
2026-09-29 16:23:50.484 77 INFO cinder.volume.drivers.lightos [None req-4f1e1bda-cce1-4019-92bc-3ca15f07484b 932f6ead41d741279128a7b2150b5cdf 6d71c7e6dd4d49bc8a14670dc1c23f23 - - default default] Invoking delete_volume using DELETE url: /api/v2/projects/default/volumes/7754dd4b-3e53-42c1-9c1b-5215717f532c?             request.body:  ssl_verify: False
2026-09-29 16:23:50.522 77 WARNING py.warnings [None req-4f1e1bda-cce1-4019-92bc-3ca15f07484b 932f6ead41d741279128a7b2150b5cdf 6d71c7e6dd4d49bc8a14670dc1c23f23 - - default default] /var/lib/kolla/venv/lib/python3.12/site-packages/urllib3/connectionpool.py:1110: InsecureRequestWarning: Unverified HTTPS request is being made to host '[LB_IP_ADDRESS]'. Adding certificate verification is strongly advised. See: https://urllib3.readthedocs.io/en/latest/advanced-usage.html#tls-warnings
  warnings.warn(

2026-09-29 16:23:50.545 77 INFO cinder.volume.drivers.lightos [None req-4f1e1bda-cce1-4019-92bc-3ca15f07484b 932f6ead41d741279128a7b2150b5cdf 6d71c7e6dd4d49bc8a14670dc1c23f23 - - default default] Invoking get_volume using GET url: /api/v2/projects/default/volumes/7754dd4b-3e53-42c1-9c1b-5215717f532c             request.body: {} ssl_verify: False
2026-09-29 16:23:50.587 77 WARNING py.warnings [None req-4f1e1bda-cce1-4019-92bc-3ca15f07484b 932f6ead41d741279128a7b2150b5cdf 6d71c7e6dd4d49bc8a14670dc1c23f23 - - default default] /var/lib/kolla/venv/lib/python3.12/site-packages/urllib3/connectionpool.py:1110: InsecureRequestWarning: Unverified HTTPS request is being made to host '[LB_IP_ADDRESS]'. Adding certificate verification is strongly advised. See: https://urllib3.readthedocs.io/en/latest/advanced-usage.html#tls-warnings
  warnings.warn(

2026-09-29 16:23:50.710 77 INFO cinder.volume.manager [None req-4f1e1bda-cce1-4019-92bc-3ca15f07484b 932f6ead41d741279128a7b2150b5cdf 6d71c7e6dd4d49bc8a14670dc1c23f23 - - default default] Deleted volume successfully.
2026-09-29 16:23:52.800 77 WARNING cinder.image.glance [None req-31238492-f13d-424d-b74a-1b3e5ec6e7f0 465e5e1ca82e486aa1b66d2d17f9e9c9 a8f53a34de244884951ba52b4f23cfb5 - - - -] Glance method get_image_locations is available but a dedicated [glance] section is required in the cinder configuration file to allow service-to-service communication.: glanceclient.exc.HTTPForbidden: HTTP 403 Forbidden: You are not authorized to complete fetch_image_location action.
2026-09-29 16:23:52.871 77 INFO cinder.volume.flows.manager.create_volume [None req-31238492-f13d-424d-b74a-1b3e5ec6e7f0 465e5e1ca82e486aa1b66d2d17f9e9c9 a8f53a34de244884951ba52b4f23cfb5 - - - -] Volume cff6fed9-cd0b-4eb1-8011-05d61f618aa9: being created as image with specification: {'status': 'creating', 'volume_name': 'vol_cff6fed9-cd0b-4eb1-8011-05d61f618aa9', 'volume_size': 1, 'image_id': '545c8ea5-cae4-4d3e-b3ff-02364f54bc85', 'image_location': (None, []), 'image_meta': {'name': 'cirros', 'disk_format': 'qcow2', 'container_format': 'bare', 'visibility': 'public', 'size': 12716032, 'virtual_size': 46137344, 'status': 'active', 'checksum': '443b7623e27ecf03dc9e01ee93f67afe', 'protected': False, 'min_ram': 0, 'min_disk': 0, 'owner': 'fa83639000624d7785ca4a397a2ed070', 'os_hidden': False, 'os_hash_algo': 'sha512', 'os_hash_value': '6513f21e44aa3da349f248188a44bc304a3653a04122d8fb4535423c8e1d14cd6a153f735bb0982e2161b5b5186106570c17a9e58b64dd39390617cd5a350f78', 'id': '545c8ea5-cae4-4d3e-b3ff-02364f54bc85', 'created_at': datetime.datetime(2026, 9, 6, 8, 21, 35, tzinfo=datetime.timezone.utc), 'updated_at': datetime.datetime(2026, 9, 6, 8, 21, 35, tzinfo=datetime.timezone.utc), 'tags': [], 'file': '/v2/images/545c8ea5-cae4-4d3e-b3ff-02364f54bc85/file', 'stores': 'file', 'properties': {'owner_specified.openstack.md5': '', 'owner_specified.openstack.object': 'images/cirros', 'owner_specified.openstack.sha256': ''}}, 'image_service': <cinder.image.glance.GlanceImageService object at 0x7fc00e561400>}
2026-09-29 16:23:53.094 77 INFO cinder.image.image_utils [None req-31238492-f13d-424d-b74a-1b3e5ec6e7f0 465e5e1ca82e486aa1b66d2d17f9e9c9 a8f53a34de244884951ba52b4f23cfb5 - - - -] Image download 12.13 MB at 12.13 MB/s
2026-09-29 16:23:53.124 77 INFO oslo.privsep.daemon [None req-31238492-f13d-424d-b74a-1b3e5ec6e7f0 465e5e1ca82e486aa1b66d2d17f9e9c9 a8f53a34de244884951ba52b4f23cfb5 - - - -] Running privsep helper: ['sudo', 'cinder-rootwrap', '/etc/cinder/rootwrap.conf', 'privsep-helper', '--config-file', '/etc/cinder/cinder.conf', '--privsep_context', 'cinder.privsep.sys_admin_pctxt', '--privsep_sock_path', '/tmp/tmpqnch01j2/privsep.sock']
2026-09-29 16:23:53.868 77 INFO oslo.privsep.daemon [None req-31238492-f13d-424d-b74a-1b3e5ec6e7f0 465e5e1ca82e486aa1b66d2d17f9e9c9 a8f53a34de244884951ba52b4f23cfb5 - - - -] Spawned new privsep daemon via rootwrap
2026-09-29 16:23:53.731 160 INFO oslo.privsep.daemon [-] privsep daemon starting
2026-09-29 16:23:53.740 160 INFO oslo.privsep.daemon [-] privsep process running with uid/gid: 0/0
2026-09-29 16:23:53.744 160 INFO oslo.privsep.daemon [-] privsep process running with capabilities (eff/prm/inh): CAP_CHOWN|CAP_DAC_OVERRIDE|CAP_DAC_READ_SEARCH|CAP_FOWNER|CAP_NET_ADMIN|CAP_SYS_ADMIN/CAP_CHOWN|CAP_DAC_OVERRIDE|CAP_DAC_READ_SEARCH|CAP_FOWNER|CAP_NET_ADMIN|CAP_SYS_ADMIN/none
2026-09-29 16:23:53.744 160 INFO oslo.privsep.daemon [-] privsep daemon running as pid 160
2026-09-29 16:23:54.633 77 INFO cinder.volume.drivers.lightos [None req-31238492-f13d-424d-b74a-1b3e5ec6e7f0 465e5e1ca82e486aa1b66d2d17f9e9c9 a8f53a34de244884951ba52b4f23cfb5 - - - -] Invoking get_volume_by_name using GET url: /api/v2/projects/default/volumes/?name=vol_cff6fed9-cd0b-4eb1-8011-05d61f618aa9             request.body: {} ssl_verify: False
2026-09-29 16:23:54.681 77 WARNING py.warnings [None req-31238492-f13d-424d-b74a-1b3e5ec6e7f0 465e5e1ca82e486aa1b66d2d17f9e9c9 a8f53a34de244884951ba52b4f23cfb5 - - - -] /var/lib/kolla/venv/lib/python3.12/site-packages/urllib3/connectionpool.py:1110: InsecureRequestWarning: Unverified HTTPS request is being made to host '[LB_IP_ADDRESS]'. Adding certificate verification is strongly advised. See: https://urllib3.readthedocs.io/en/latest/advanced-usage.html#tls-warnings
  warnings.warn(

2026-09-29 16:23:54.694 77 INFO cinder.volume.drivers.lightos [None req-31238492-f13d-424d-b74a-1b3e5ec6e7f0 465e5e1ca82e486aa1b66d2d17f9e9c9 a8f53a34de244884951ba52b4f23cfb5 - - - -] Invoking create_volume using POST url: /api/v2/projects/default/volumes             request.body: {'name': 'vol_cff6fed9-cd0b-4eb1-8011-05d61f618aa9', 'size': '1 gib', 'replicaCount': '3', 'compression': 'False', 'acl': {'values': ['ALLOW_NONE']}, 'IPAcl': {'values': ['ALLOW_NONE']}, 'sourceSnapshotUUID': None, 'sourceSnapshotName': None} ssl_verify: False
2026-09-29 16:23:54.739 77 WARNING py.warnings [None req-31238492-f13d-424d-b74a-1b3e5ec6e7f0 465e5e1ca82e486aa1b66d2d17f9e9c9 a8f53a34de244884951ba52b4f23cfb5 - - - -] /var/lib/kolla/venv/lib/python3.12/site-packages/urllib3/connectionpool.py:1110: InsecureRequestWarning: Unverified HTTPS request is being made to host '[LB_IP_ADDRESS]'. Adding certificate verification is strongly advised. See: https://urllib3.readthedocs.io/en/latest/advanced-usage.html#tls-warnings
  warnings.warn(

2026-09-29 16:23:54.784 77 INFO cinder.volume.drivers.lightos [None req-31238492-f13d-424d-b74a-1b3e5ec6e7f0 465e5e1ca82e486aa1b66d2d17f9e9c9 a8f53a34de244884951ba52b4f23cfb5 - - - -] Invoking get_volume using GET url: /api/v2/projects/default/volumes/78ee4d84-ae4c-4b1b-8f2a-4427e0c620ed             request.body: {} ssl_verify: False
2026-09-29 16:23:54.828 77 WARNING py.warnings [None req-31238492-f13d-424d-b74a-1b3e5ec6e7f0 465e5e1ca82e486aa1b66d2d17f9e9c9 a8f53a34de244884951ba52b4f23cfb5 - - - -] /var/lib/kolla/venv/lib/python3.12/site-packages/urllib3/connectionpool.py:1110: InsecureRequestWarning: Unverified HTTPS request is being made to host '[LB_IP_ADDRESS]'. Adding certificate verification is strongly advised. See: https://urllib3.readthedocs.io/en/latest/advanced-usage.html#tls-warnings
  warnings.warn(

2026-09-29 16:23:55.850 77 INFO cinder.volume.drivers.lightos [None req-31238492-f13d-424d-b74a-1b3e5ec6e7f0 465e5e1ca82e486aa1b66d2d17f9e9c9 a8f53a34de244884951ba52b4f23cfb5 - - - -] Invoking get_volume using GET url: /api/v2/projects/default/volumes/78ee4d84-ae4c-4b1b-8f2a-4427e0c620ed             request.body: {} ssl_verify: False
2026-09-29 16:23:55.896 77 WARNING py.warnings [None req-31238492-f13d-424d-b74a-1b3e5ec6e7f0 465e5e1ca82e486aa1b66d2d17f9e9c9 a8f53a34de244884951ba52b4f23cfb5 - - - -] /var/lib/kolla/venv/lib/python3.12/site-packages/urllib3/connectionpool.py:1110: InsecureRequestWarning: Unverified HTTPS request is being made to host '[LB_IP_ADDRESS]'. Adding certificate verification is strongly advised. See: https://urllib3.readthedocs.io/en/latest/advanced-usage.html#tls-warnings
  warnings.warn(

2026-09-29 16:23:55.928 77 INFO oslo.privsep.daemon [None req-31238492-f13d-424d-b74a-1b3e5ec6e7f0 465e5e1ca82e486aa1b66d2d17f9e9c9 a8f53a34de244884951ba52b4f23cfb5 - - - -] Running privsep helper: ['sudo', '-E', 'cinder-rootwrap', '/etc/cinder/rootwrap.conf', 'privsep-helper', '--config-file', '/etc/cinder/cinder.conf', '--privsep_context', 'os_brick.privileged.default', '--privsep_sock_path', '/tmp/tmpdi6qcwvh/privsep.sock']
2026-09-29 16:23:56.443 77 INFO oslo.privsep.daemon [None req-31238492-f13d-424d-b74a-1b3e5ec6e7f0 465e5e1ca82e486aa1b66d2d17f9e9c9 a8f53a34de244884951ba52b4f23cfb5 - - - -] Spawned new privsep daemon via rootwrap
2026-09-29 16:23:56.582 77 INFO os_brick.initiator.connectors.lightos [None req-31238492-f13d-424d-b74a-1b3e5ec6e7f0 465e5e1ca82e486aa1b66d2d17f9e9c9 a8f53a34de244884951ba52b4f23cfb5 - - - -] Current host hostNQN nqn.2014-08.org.nvmexpress:uuid:1136ecdd-b326-5080-93cd-b4d75d7810d9 and IP(s) are ['[LB_IP_ADDRESS]', 'fe80::3e47:9a62:83ae:42f6', '[LB_IP_ADDRESS]', 'fe80::1527:3e78:1ef1:1fe7', '[LB_IP_ADDRESS]', 'fd00::a:13:1a:6', 'fe80::5fef:b54a:d77d:fcd4'] 
2026-09-29 16:23:56.584 77 INFO cinder.volume.drivers.lightos [None req-31238492-f13d-424d-b74a-1b3e5ec6e7f0 465e5e1ca82e486aa1b66d2d17f9e9c9 a8f53a34de244884951ba52b4f23cfb5 - - - -] Current host hostNQN is nqn.2014-08.org.nvmexpress:uuid:1136ecdd-b326-5080-93cd-b4d75d7810d9 and IP(s) are ['[LB_IP_ADDRESS]', 'fe80::3e47:9a62:83ae:42f6', '[LB_IP_ADDRESS]', 'fe80::1527:3e78:1ef1:1fe7', '[LB_IP_ADDRESS]', 'fd00::a:13:1a:6', 'fe80::5fef:b54a:d77d:fcd4']
2026-09-29 16:23:56.585 77 INFO cinder.volume.drivers.lightos [None req-31238492-f13d-424d-b74a-1b3e5ec6e7f0 465e5e1ca82e486aa1b66d2d17f9e9c9 a8f53a34de244884951ba52b4f23cfb5 - - - -] Invoking get_volume_by_name using GET url: /api/v2/projects/default/volumes/?name=vol_cff6fed9-cd0b-4eb1-8011-05d61f618aa9             request.body: {} ssl_verify: False
2026-09-29 16:23:56.632 77 WARNING py.warnings [None req-31238492-f13d-424d-b74a-1b3e5ec6e7f0 465e5e1ca82e486aa1b66d2d17f9e9c9 a8f53a34de244884951ba52b4f23cfb5 - - - -] /var/lib/kolla/venv/lib/python3.12/site-packages/urllib3/connectionpool.py:1110: InsecureRequestWarning: Unverified HTTPS request is being made to host '[LB_IP_ADDRESS]'. Adding certificate verification is strongly advised. See: https://urllib3.readthedocs.io/en/latest/advanced-usage.html#tls-warnings
  warnings.warn(

2026-09-29 16:23:56.647 77 INFO cinder.volume.drivers.lightos [None req-31238492-f13d-424d-b74a-1b3e5ec6e7f0 465e5e1ca82e486aa1b66d2d17f9e9c9 a8f53a34de244884951ba52b4f23cfb5 - - - -] Invoking update_volume using PUT url: /api/v2/projects/default/volumes/78ee4d84-ae4c-4b1b-8f2a-4427e0c620ed             request.body: {'acl': {'values': ['nqn.2014-08.org.nvmexpress:uuid:1136ecdd-b326-5080-93cd-b4d75d7810d9']}, 'IPAcl': {'values': ['fe80::3e47:9a62:83ae:42f6', 'fe80::1527:3e78:1ef1:1fe7', '[LB_IP_ADDRESS]', 'fd00::a:13:1a:6', '[LB_IP_ADDRESS]', 'fe80::5fef:b54a:d77d:fcd4', '[LB_IP_ADDRESS]']}} ssl_verify: False
2026-09-29 16:23:56.691 77 WARNING py.warnings [None req-31238492-f13d-424d-b74a-1b3e5ec6e7f0 465e5e1ca82e486aa1b66d2d17f9e9c9 a8f53a34de244884951ba52b4f23cfb5 - - - -] /var/lib/kolla/venv/lib/python3.12/site-packages/urllib3/connectionpool.py:1110: InsecureRequestWarning: Unverified HTTPS request is being made to host '[LB_IP_ADDRESS]'. Adding certificate verification is strongly advised. See: https://urllib3.readthedocs.io/en/latest/advanced-usage.html#tls-warnings
  warnings.warn(

2026-09-29 16:23:56.721 77 INFO cinder.volume.drivers.lightos [None req-31238492-f13d-424d-b74a-1b3e5ec6e7f0 465e5e1ca82e486aa1b66d2d17f9e9c9 a8f53a34de244884951ba52b4f23cfb5 - - - -] Invoking get_volume_by_name using GET url: /api/v2/projects/default/volumes/?name=vol_cff6fed9-cd0b-4eb1-8011-05d61f618aa9             request.body: {} ssl_verify: False
2026-09-29 16:23:56.775 77 WARNING py.warnings [None req-31238492-f13d-424d-b74a-1b3e5ec6e7f0 465e5e1ca82e486aa1b66d2d17f9e9c9 a8f53a34de244884951ba52b4f23cfb5 - - - -] /var/lib/kolla/venv/lib/python3.12/site-packages/urllib3/connectionpool.py:1110: InsecureRequestWarning: Unverified HTTPS request is being made to host '[LB_IP_ADDRESS]'. Adding certificate verification is strongly advised. See: https://urllib3.readthedocs.io/en/latest/advanced-usage.html#tls-warnings
  warnings.warn(

2026-09-29 16:23:57.794 77 INFO cinder.volume.drivers.lightos [None req-31238492-f13d-424d-b74a-1b3e5ec6e7f0 465e5e1ca82e486aa1b66d2d17f9e9c9 a8f53a34de244884951ba52b4f23cfb5 - - - -] Invoking get_volume_by_name using GET url: /api/v2/projects/default/volumes/?name=vol_cff6fed9-cd0b-4eb1-8011-05d61f618aa9             request.body: {} ssl_verify: False
2026-09-29 16:23:57.841 77 WARNING py.warnings [None req-31238492-f13d-424d-b74a-1b3e5ec6e7f0 465e5e1ca82e486aa1b66d2d17f9e9c9 a8f53a34de244884951ba52b4f23cfb5 - - - -] /var/lib/kolla/venv/lib/python3.12/site-packages/urllib3/connectionpool.py:1110: InsecureRequestWarning: Unverified HTTPS request is being made to host '[LB_IP_ADDRESS]'. Adding certificate verification is strongly advised. See: https://urllib3.readthedocs.io/en/latest/advanced-usage.html#tls-warnings
  warnings.warn(

2026-09-29 16:23:57.853 77 INFO cinder.volume.drivers.lightos [None req-31238492-f13d-424d-b74a-1b3e5ec6e7f0 465e5e1ca82e486aa1b66d2d17f9e9c9 a8f53a34de244884951ba52b4f23cfb5 - - - -] Invoking get_volume_by_name using GET url: /api/v2/projects/default/volumes/?name=vol_cff6fed9-cd0b-4eb1-8011-05d61f618aa9             request.body: {} ssl_verify: False
2026-09-29 16:23:57.893 77 WARNING py.warnings [None req-31238492-f13d-424d-b74a-1b3e5ec6e7f0 465e5e1ca82e486aa1b66d2d17f9e9c9 a8f53a34de244884951ba52b4f23cfb5 - - - -] /var/lib/kolla/venv/lib/python3.12/site-packages/urllib3/connectionpool.py:1110: InsecureRequestWarning: Unverified HTTPS request is being made to host '[LB_IP_ADDRESS]'. Adding certificate verification is strongly advised. See: https://urllib3.readthedocs.io/en/latest/advanced-usage.html#tls-warnings
  warnings.warn(

2026-09-29 16:23:57.904 77 INFO os_brick.initiator.connectors.lightos [None req-31238492-f13d-424d-b74a-1b3e5ec6e7f0 465e5e1ca82e486aa1b66d2d17f9e9c9 a8f53a34de244884951ba52b4f23cfb5 - - - -] LIGHTOS: connect_volume called for volume 78ee4d84-ae4c-4b1b-8f2a-4427e0c620ed, connection properties: {'lightos_nodes': {'[LB_IP_ADDRESS]': {'target_portal': '[LB_IP_ADDRESS]', 'target_port': 8009, 'transport_type': 'tcp'}, '[LB_IP_ADDRESS]': {'target_portal': '[LB_IP_ADDRESS]', 'target_port': 8009, 'transport_type': 'tcp'}, '[LB_IP_ADDRESS]': {'target_portal': '[LB_IP_ADDRESS]', 'target_port': 8009, 'transport_type': 'tcp'}}, 'uuid': '78ee4d84-ae4c-4b1b-8f2a-4427e0c620ed', 'subsysnqn': 'nqn.2016-01.com.lightbitslabs:uuid:023e92f0-1271-4fe0-9397-657649be716c:suffix', 'encrypted': False, 'enforce_multipath': False}
2026-09-29 16:23:57.939 77 INFO os_brick.initiator.connectors.lightos [None req-31238492-f13d-424d-b74a-1b3e5ec6e7f0 465e5e1ca82e486aa1b66d2d17f9e9c9 a8f53a34de244884951ba52b4f23cfb5 - - - -] LIGHTOS: devpath /dev/nvme0n1 detected for uuid 78ee4d84-ae4c-4b1b-8f2a-4427e0c620ed
2026-09-29 16:23:58.183 77 INFO cinder.volume.flows.manager.create_volume [None req-ed417752-74cf-478c-b7ff-07889cee0d74 245e62e89eac4867bd27e51a794301f5 150bb60299f343d598f5f790ea4073e4 - - - -] Volume 8ade2be6-166f-46f9-bf74-fbcb0d5442b5: being created as raw with specification: {'status': 'creating', 'volume_name': 'vol_8ade2be6-166f-46f9-bf74-fbcb0d5442b5', 'volume_size': 1}
2026-09-29 16:23:58.184 77 INFO cinder.volume.drivers.lightos [None req-ed417752-74cf-478c-b7ff-07889cee0d74 245e62e89eac4867bd27e51a794301f5 150bb60299f343d598f5f790ea4073e4 - - - -] Invoking get_volume_by_name using GET url: /api/v2/projects/default/volumes/?name=vol_8ade2be6-166f-46f9-bf74-fbcb0d5442b5             request.body: {} ssl_verify: False
2026-09-29 16:23:58.222 77 WARNING py.warnings [None req-ed417752-74cf-478c-b7ff-07889cee0d74 245e62e89eac4867bd27e51a794301f5 150bb60299f343d598f5f790ea4073e4 - - - -] /var/lib/kolla/venv/lib/python3.12/site-packages/urllib3/connectionpool.py:1110: InsecureRequestWarning: Unverified HTTPS request is being made to host '[LB_IP_ADDRESS]'. Adding certificate verification is strongly advised. See: https://urllib3.readthedocs.io/en/latest/advanced-usage.html#tls-warnings
  warnings.warn(

2026-09-29 16:23:58.233 77 INFO cinder.volume.drivers.lightos [None req-ed417752-74cf-478c-b7ff-07889cee0d74 245e62e89eac4867bd27e51a794301f5 150bb60299f343d598f5f790ea4073e4 - - - -] Invoking create_volume using POST url: /api/v2/projects/default/volumes             request.body: {'name': 'vol_8ade2be6-166f-46f9-bf74-fbcb0d5442b5', 'size': '1 gib', 'replicaCount': '3', 'compression': 'False', 'acl': {'values': ['ALLOW_NONE']}, 'IPAcl': {'values': ['ALLOW_NONE']}, 'sourceSnapshotUUID': None, 'sourceSnapshotName': None} ssl_verify: False
2026-09-29 16:23:58.277 77 WARNING py.warnings [None req-ed417752-74cf-478c-b7ff-07889cee0d74 245e62e89eac4867bd27e51a794301f5 150bb60299f343d598f5f790ea4073e4 - - - -] /var/lib/kolla/venv/lib/python3.12/site-packages/urllib3/connectionpool.py:1110: InsecureRequestWarning: Unverified HTTPS request is being made to host '[LB_IP_ADDRESS]'. Adding certificate verification is strongly advised. See: https://urllib3.readthedocs.io/en/latest/advanced-usage.html#tls-warnings
  warnings.warn(

2026-09-29 16:23:58.303 77 INFO cinder.volume.drivers.lightos [None req-ed417752-74cf-478c-b7ff-07889cee0d74 245e62e89eac4867bd27e51a794301f5 150bb60299f343d598f5f790ea4073e4 - - - -] Invoking get_volume using GET url: /api/v2/projects/default/volumes/40cd8050-01d2-4aa8-955d-fd48a9bca66f             request.body: {} ssl_verify: False
2026-09-29 16:23:58.347 77 WARNING py.warnings [None req-ed417752-74cf-478c-b7ff-07889cee0d74 245e62e89eac4867bd27e51a794301f5 150bb60299f343d598f5f790ea4073e4 - - - -] /var/lib/kolla/venv/lib/python3.12/site-packages/urllib3/connectionpool.py:1110: InsecureRequestWarning: Unverified HTTPS request is being made to host '[LB_IP_ADDRESS]'. Adding certificate verification is strongly advised. See: https://urllib3.readthedocs.io/en/latest/advanced-usage.html#tls-warnings
  warnings.warn(

2026-09-29 16:23:59.383 77 INFO cinder.volume.drivers.lightos [None req-ed417752-74cf-478c-b7ff-07889cee0d74 245e62e89eac4867bd27e51a794301f5 150bb60299f343d598f5f790ea4073e4 - - - -] Invoking get_volume using GET url: /api/v2/projects/default/volumes/40cd8050-01d2-4aa8-955d-fd48a9bca66f             request.body: {} ssl_verify: False
2026-09-29 16:23:59.431 77 WARNING py.warnings [None req-ed417752-74cf-478c-b7ff-07889cee0d74 245e62e89eac4867bd27e51a794301f5 150bb60299f343d598f5f790ea4073e4 - - - -] /var/lib/kolla/venv/lib/python3.12/site-packages/urllib3/connectionpool.py:1110: InsecureRequestWarning: Unverified HTTPS request is being made to host '[LB_IP_ADDRESS]'. Adding certificate verification is strongly advised. See: https://urllib3.readthedocs.io/en/latest/advanced-usage.html#tls-warnings
  warnings.warn(

2026-09-29 16:23:59.476 77 INFO cinder.volume.flows.manager.create_volume [None req-ed417752-74cf-478c-b7ff-07889cee0d74 245e62e89eac4867bd27e51a794301f5 150bb60299f343d598f5f790ea4073e4 - - - -] Volume vol_8ade2be6-166f-46f9-bf74-fbcb0d5442b5 (8ade2be6-166f-46f9-bf74-fbcb0d5442b5): created successfully
2026-09-29 16:23:59.485 77 INFO cinder.volume.manager [None req-ed417752-74cf-478c-b7ff-07889cee0d74 245e62e89eac4867bd27e51a794301f5 150bb60299f343d598f5f790ea4073e4 - - - -] Created volume successfully.
2026-09-29 16:24:00.074 77 INFO cinder.image.image_utils [None req-31238492-f13d-424d-b74a-1b3e5ec6e7f0 465e5e1ca82e486aa1b66d2d17f9e9c9 a8f53a34de244884951ba52b4f23cfb5 - - - -] Converted 44.00 MB image at 44.00 MB/s
2026-09-29 16:24:00.076 77 INFO os_brick.initiator.connectors.lightos [None req-31238492-f13d-424d-b74a-1b3e5ec6e7f0 465e5e1ca82e486aa1b66d2d17f9e9c9 a8f53a34de244884951ba52b4f23cfb5 - - - -] LIGHTOS: devpath /dev/nvme0n1 detected for uuid 78ee4d84-ae4c-4b1b-8f2a-4427e0c620ed
2026-09-29 16:24:00.091 77 INFO cinder.volume.drivers.lightos [None req-31238492-f13d-424d-b74a-1b3e5ec6e7f0 465e5e1ca82e486aa1b66d2d17f9e9c9 a8f53a34de244884951ba52b4f23cfb5 - - - -] Invoking get_volume_by_name using GET url: /api/v2/projects/default/volumes/?name=vol_cff6fed9-cd0b-4eb1-8011-05d61f618aa9             request.body: {} ssl_verify: False
2026-09-29 16:24:00.142 77 WARNING py.warnings [None req-31238492-f13d-424d-b74a-1b3e5ec6e7f0 465e5e1ca82e486aa1b66d2d17f9e9c9 a8f53a34de244884951ba52b4f23cfb5 - - - -] /var/lib/kolla/venv/lib/python3.12/site-packages/urllib3/connectionpool.py:1110: InsecureRequestWarning: Unverified HTTPS request is being made to host '[LB_IP_ADDRESS]'. Adding certificate verification is strongly advised. See: https://urllib3.readthedocs.io/en/latest/advanced-usage.html#tls-warnings
  warnings.warn(

2026-09-29 16:24:00.158 77 INFO cinder.volume.drivers.lightos [None req-31238492-f13d-424d-b74a-1b3e5ec6e7f0 465e5e1ca82e486aa1b66d2d17f9e9c9 a8f53a34de244884951ba52b4f23cfb5 - - - -] Invoking get_volume_by_name using GET url: /api/v2/projects/default/volumes/?name=vol_cff6fed9-cd0b-4eb1-8011-05d61f618aa9             request.body: {} ssl_verify: False
2026-09-29 16:24:00.219 77 WARNING py.warnings [None req-31238492-f13d-424d-b74a-1b3e5ec6e7f0 465e5e1ca82e486aa1b66d2d17f9e9c9 a8f53a34de244884951ba52b4f23cfb5 - - - -] /var/lib/kolla/venv/lib/python3.12/site-packages/urllib3/connectionpool.py:1110: InsecureRequestWarning: Unverified HTTPS request is being made to host '[LB_IP_ADDRESS]'. Adding certificate verification is strongly advised. See: https://urllib3.readthedocs.io/en/latest/advanced-usage.html#tls-warnings
  warnings.warn(

2026-09-29 16:24:00.236 77 INFO cinder.volume.drivers.lightos [None req-31238492-f13d-424d-b74a-1b3e5ec6e7f0 465e5e1ca82e486aa1b66d2d17f9e9c9 a8f53a34de244884951ba52b4f23cfb5 - - - -] Invoking update_volume using PUT url: /api/v2/projects/default/volumes/78ee4d84-ae4c-4b1b-8f2a-4427e0c620ed             request.body: {'acl': {'values': ['ALLOW_NONE']}, 'IPAcl': {'values': ['ALLOW_NONE']}} ssl_verify: False
2026-09-29 16:24:00.280 77 WARNING py.warnings [None req-31238492-f13d-424d-b74a-1b3e5ec6e7f0 465e5e1ca82e486aa1b66d2d17f9e9c9 a8f53a34de244884951ba52b4f23cfb5 - - - -] /var/lib/kolla/venv/lib/python3.12/site-packages/urllib3/connectionpool.py:1110: InsecureRequestWarning: Unverified HTTPS request is being made to host '[LB_IP_ADDRESS]'. Adding certificate verification is strongly advised. See: https://urllib3.readthedocs.io/en/latest/advanced-usage.html#tls-warnings
  warnings.warn(

2026-09-29 16:24:00.300 77 INFO cinder.volume.drivers.lightos [None req-31238492-f13d-424d-b74a-1b3e5ec6e7f0 465e5e1ca82e486aa1b66d2d17f9e9c9 a8f53a34de244884951ba52b4f23cfb5 - - - -] Invoking get_volume_by_name using GET url: /api/v2/projects/default/volumes/?name=vol_cff6fed9-cd0b-4eb1-8011-05d61f618aa9             request.body: {} ssl_verify: False
2026-09-29 16:24:00.345 77 WARNING py.warnings [None req-31238492-f13d-424d-b74a-1b3e5ec6e7f0 465e5e1ca82e486aa1b66d2d17f9e9c9 a8f53a34de244884951ba52b4f23cfb5 - - - -] /var/lib/kolla/venv/lib/python3.12/site-packages/urllib3/connectionpool.py:1110: InsecureRequestWarning: Unverified HTTPS request is being made to host '[LB_IP_ADDRESS]'. Adding certificate verification is strongly advised. See: https://urllib3.readthedocs.io/en/latest/advanced-usage.html#tls-warnings
  warnings.warn(

2026-09-29 16:24:00.985 77 INFO cinder.volume.manager [None req-60caa4d9-31d5-4ace-b27b-8a22633143c6 175a7126ba094395835ca1c8d5b92c30 0e0bc2ad8bf14997b1e1edec60c369ae - - default default] Transfer volume completed successfully.
2026-09-29 16:24:01.374 77 INFO cinder.volume.drivers.lightos [None req-31238492-f13d-424d-b74a-1b3e5ec6e7f0 465e5e1ca82e486aa1b66d2d17f9e9c9 a8f53a34de244884951ba52b4f23cfb5 - - - -] Invoking get_volume_by_name using GET url: /api/v2/projects/default/volumes/?name=vol_cff6fed9-cd0b-4eb1-8011-05d61f618aa9             request.body: {} ssl_verify: False
2026-09-29 16:24:01.421 77 WARNING py.warnings [None req-31238492-f13d-424d-b74a-1b3e5ec6e7f0 465e5e1ca82e486aa1b66d2d17f9e9c9 a8f53a34de244884951ba52b4f23cfb5 - - - -] /var/lib/kolla/venv/lib/python3.12/site-packages/urllib3/connectionpool.py:1110: InsecureRequestWarning: Unverified HTTPS request is being made to host '[LB_IP_ADDRESS]'. Adding certificate verification is strongly advised. See: https://urllib3.readthedocs.io/en/latest/advanced-usage.html#tls-warnings
  warnings.warn(

2026-09-29 16:24:01.435 77 INFO cinder.volume.drivers.lightos [None req-31238492-f13d-424d-b74a-1b3e5ec6e7f0 465e5e1ca82e486aa1b66d2d17f9e9c9 a8f53a34de244884951ba52b4f23cfb5 - - - -] Invoking get_volume_by_name using GET url: /api/v2/projects/default/volumes/?name=vol_cff6fed9-cd0b-4eb1-8011-05d61f618aa9             request.body: {} ssl_verify: False
2026-09-29 16:24:01.486 77 WARNING py.warnings [None req-31238492-f13d-424d-b74a-1b3e5ec6e7f0 465e5e1ca82e486aa1b66d2d17f9e9c9 a8f53a34de244884951ba52b4f23cfb5 - - - -] /var/lib/kolla/venv/lib/python3.12/site-packages/urllib3/connectionpool.py:1110: InsecureRequestWarning: Unverified HTTPS request is being made to host '[LB_IP_ADDRESS]'. Adding certificate verification is strongly advised. See: https://urllib3.readthedocs.io/en/latest/advanced-usage.html#tls-warnings
  warnings.warn(

2026-09-29 16:24:01.578 77 INFO cinder.volume.flows.manager.create_volume [None req-31238492-f13d-424d-b74a-1b3e5ec6e7f0 465e5e1ca82e486aa1b66d2d17f9e9c9 a8f53a34de244884951ba52b4f23cfb5 - - - -] Volume vol_cff6fed9-cd0b-4eb1-8011-05d61f618aa9 (cff6fed9-cd0b-4eb1-8011-05d61f618aa9): created successfully
2026-09-29 16:24:01.587 77 INFO cinder.volume.manager [None req-31238492-f13d-424d-b74a-1b3e5ec6e7f0 465e5e1ca82e486aa1b66d2d17f9e9c9 a8f53a34de244884951ba52b4f23cfb5 - - - -] Created volume successfully.
2026-09-29 16:24:01.924 77 INFO cinder.volume.drivers.lightos [None req-fd4173a3-0d07-4195-8866-eedfb4e69bb0 4aea5001758941b085b23aeb732916d6 4dd5259b24d946c8944f0cdb0ded6381 - - default default] Invoking delete_volume using DELETE url: /api/v2/projects/default/volumes/40cd8050-01d2-4aa8-955d-fd48a9bca66f?             request.body:  ssl_verify: False
2026-09-29 16:24:01.962 77 WARNING py.warnings [None req-fd4173a3-0d07-4195-8866-eedfb4e69bb0 4aea5001758941b085b23aeb732916d6 4dd5259b24d946c8944f0cdb0ded6381 - - default default] /var/lib/kolla/venv/lib/python3.12/site-packages/urllib3/connectionpool.py:1110: InsecureRequestWarning: Unverified HTTPS request is being made to host '[LB_IP_ADDRESS]'. Adding certificate verification is strongly advised. See: https://urllib3.readthedocs.io/en/latest/advanced-usage.html#tls-warnings
  warnings.warn(

2026-09-29 16:24:01.989 77 INFO cinder.volume.drivers.lightos [None req-fd4173a3-0d07-4195-8866-eedfb4e69bb0 4aea5001758941b085b23aeb732916d6 4dd5259b24d946c8944f0cdb0ded6381 - - default default] Invoking get_volume using GET url: /api/v2/projects/default/volumes/40cd8050-01d2-4aa8-955d-fd48a9bca66f             request.body: {} ssl_verify: False
2026-09-29 16:24:02.037 77 WARNING py.warnings [None req-fd4173a3-0d07-4195-8866-eedfb4e69bb0 4aea5001758941b085b23aeb732916d6 4dd5259b24d946c8944f0cdb0ded6381 - - default default] /var/lib/kolla/venv/lib/python3.12/site-packages/urllib3/connectionpool.py:1110: InsecureRequestWarning: Unverified HTTPS request is being made to host '[LB_IP_ADDRESS]'. Adding certificate verification is strongly advised. See: https://urllib3.readthedocs.io/en/latest/advanced-usage.html#tls-warnings
  warnings.warn(

2026-09-29 16:24:02.164 77 INFO cinder.volume.manager [None req-fd4173a3-0d07-4195-8866-eedfb4e69bb0 4aea5001758941b085b23aeb732916d6 4dd5259b24d946c8944f0cdb0ded6381 - - default default] Deleted volume successfully.
2026-09-29 16:24:02.636 77 INFO cinder.volume.drivers.lightos [None req-12bd6654-27ef-4863-a73c-b37846d8f196 465e5e1ca82e486aa1b66d2d17f9e9c9 a8f53a34de244884951ba52b4f23cfb5 - - default default] Invoking delete_volume using DELETE url: /api/v2/projects/default/volumes/78ee4d84-ae4c-4b1b-8f2a-4427e0c620ed?             request.body:  ssl_verify: False
2026-09-29 16:24:02.671 77 WARNING py.warnings [None req-12bd6654-27ef-4863-a73c-b37846d8f196 465e5e1ca82e486aa1b66d2d17f9e9c9 a8f53a34de244884951ba52b4f23cfb5 - - default default] /var/lib/kolla/venv/lib/python3.12/site-packages/urllib3/connectionpool.py:1110: InsecureRequestWarning: Unverified HTTPS request is being made to host '[LB_IP_ADDRESS]'. Adding certificate verification is strongly advised. See: https://urllib3.readthedocs.io/en/latest/advanced-usage.html#tls-warnings
  warnings.warn(

2026-09-29 16:24:02.694 77 INFO cinder.volume.drivers.lightos [None req-12bd6654-27ef-4863-a73c-b37846d8f196 465e5e1ca82e486aa1b66d2d17f9e9c9 a8f53a34de244884951ba52b4f23cfb5 - - default default] Invoking get_volume using GET url: /api/v2/projects/default/volumes/78ee4d84-ae4c-4b1b-8f2a-4427e0c620ed             request.body: {} ssl_verify: False
2026-09-29 16:24:02.741 77 WARNING py.warnings [None req-12bd6654-27ef-4863-a73c-b37846d8f196 465e5e1ca82e486aa1b66d2d17f9e9c9 a8f53a34de244884951ba52b4f23cfb5 - - default default] /var/lib/kolla/venv/lib/python3.12/site-packages/urllib3/connectionpool.py:1110: InsecureRequestWarning: Unverified HTTPS request is being made to host '[LB_IP_ADDRESS]'. Adding certificate verification is strongly advised. See: https://urllib3.readthedocs.io/en/latest/advanced-usage.html#tls-warnings
  warnings.warn(

2026-09-29 16:24:02.864 77 INFO cinder.volume.manager [None req-12bd6654-27ef-4863-a73c-b37846d8f196 465e5e1ca82e486aa1b66d2d17f9e9c9 a8f53a34de244884951ba52b4f23cfb5 - - default default] Deleted volume successfully.
2026-09-29 16:24:03.615 77 INFO cinder.volume.flows.manager.create_volume [None req-8cafd756-c3fe-43c5-abbd-414e0d28a615 245e62e89eac4867bd27e51a794301f5 150bb60299f343d598f5f790ea4073e4 - - - -] Volume d23834c9-1487-4ec1-88b5-9d49d60859b5: being created as raw with specification: {'status': 'creating', 'volume_name': 'vol_d23834c9-1487-4ec1-88b5-9d49d60859b5', 'volume_size': 1}
2026-09-29 16:24:03.616 77 INFO cinder.volume.drivers.lightos [None req-8cafd756-c3fe-43c5-abbd-414e0d28a615 245e62e89eac4867bd27e51a794301f5 150bb60299f343d598f5f790ea4073e4 - - - -] Invoking get_volume_by_name using GET url: /api/v2/projects/default/volumes/?name=vol_d23834c9-1487-4ec1-88b5-9d49d60859b5             request.body: {} ssl_verify: False
2026-09-29 16:24:03.651 77 WARNING py.warnings [None req-8cafd756-c3fe-43c5-abbd-414e0d28a615 245e62e89eac4867bd27e51a794301f5 150bb60299f343d598f5f790ea4073e4 - - - -] /var/lib/kolla/venv/lib/python3.12/site-packages/urllib3/connectionpool.py:1110: InsecureRequestWarning: Unverified HTTPS request is being made to host '[LB_IP_ADDRESS]'. Adding certificate verification is strongly advised. See: https://urllib3.readthedocs.io/en/latest/advanced-usage.html#tls-warnings
  warnings.warn(

2026-09-29 16:24:03.660 77 INFO cinder.volume.drivers.lightos [None req-8cafd756-c3fe-43c5-abbd-414e0d28a615 245e62e89eac4867bd27e51a794301f5 150bb60299f343d598f5f790ea4073e4 - - - -] Invoking create_volume using POST url: /api/v2/projects/default/volumes             request.body: {'name': 'vol_d23834c9-1487-4ec1-88b5-9d49d60859b5', 'size': '1 gib', 'replicaCount': '3', 'compression': 'False', 'acl': {'values': ['ALLOW_NONE']}, 'IPAcl': {'values': ['ALLOW_NONE']}, 'sourceSnapshotUUID': None, 'sourceSnapshotName': None} ssl_verify: False
2026-09-29 16:24:03.698 77 WARNING py.warnings [None req-8cafd756-c3fe-43c5-abbd-414e0d28a615 245e62e89eac4867bd27e51a794301f5 150bb60299f343d598f5f790ea4073e4 - - - -] /var/lib/kolla/venv/lib/python3.12/site-packages/urllib3/connectionpool.py:1110: InsecureRequestWarning: Unverified HTTPS request is being made to host '[LB_IP_ADDRESS]'. Adding certificate verification is strongly advised. See: https://urllib3.readthedocs.io/en/latest/advanced-usage.html#tls-warnings
  warnings.warn(

2026-09-29 16:24:03.730 77 INFO cinder.volume.drivers.lightos [None req-8cafd756-c3fe-43c5-abbd-414e0d28a615 245e62e89eac4867bd27e51a794301f5 150bb60299f343d598f5f790ea4073e4 - - - -] Invoking get_volume using GET url: /api/v2/projects/default/volumes/230b2e8e-71cf-4f3c-a198-3514e64a2091             request.body: {} ssl_verify: False
2026-09-29 16:24:03.780 77 WARNING py.warnings [None req-8cafd756-c3fe-43c5-abbd-414e0d28a615 245e62e89eac4867bd27e51a794301f5 150bb60299f343d598f5f790ea4073e4 - - - -] /var/lib/kolla/venv/lib/python3.12/site-packages/urllib3/connectionpool.py:1110: InsecureRequestWarning: Unverified HTTPS request is being made to host '[LB_IP_ADDRESS]'. Adding certificate verification is strongly advised. See: https://urllib3.readthedocs.io/en/latest/advanced-usage.html#tls-warnings
  warnings.warn(

2026-09-29 16:24:04.198 77 INFO cinder.volume.flows.manager.create_volume [None req-11828501-9c9d-425d-9a95-f23d6147b16f b16efa6f77614215a42c8deccd9e5016 b19b5d82bc4441d9b04e11c34f6d52df - - - -] Volume 6a645f72-797c-40a8-a8fc-85358429a397: being created as raw with specification: {'status': 'creating', 'volume_name': 'vol_6a645f72-797c-40a8-a8fc-85358429a397', 'volume_size': 2}
2026-09-29 16:24:04.199 77 INFO cinder.volume.drivers.lightos [None req-11828501-9c9d-425d-9a95-f23d6147b16f b16efa6f77614215a42c8deccd9e5016 b19b5d82bc4441d9b04e11c34f6d52df - - - -] Invoking get_volume_by_name using GET url: /api/v2/projects/default/volumes/?name=vol_6a645f72-797c-40a8-a8fc-85358429a397             request.body: {} ssl_verify: False
2026-09-29 16:24:04.234 77 WARNING py.warnings [None req-11828501-9c9d-425d-9a95-f23d6147b16f b16efa6f77614215a42c8deccd9e5016 b19b5d82bc4441d9b04e11c34f6d52df - - - -] /var/lib/kolla/venv/lib/python3.12/site-packages/urllib3/connectionpool.py:1110: InsecureRequestWarning: Unverified HTTPS request is being made to host '[LB_IP_ADDRESS]'. Adding certificate verification is strongly advised. See: https://urllib3.readthedocs.io/en/latest/advanced-usage.html#tls-warnings
  warnings.warn(

2026-09-29 16:24:04.243 77 INFO cinder.volume.drivers.lightos [None req-11828501-9c9d-425d-9a95-f23d6147b16f b16efa6f77614215a42c8deccd9e5016 b19b5d82bc4441d9b04e11c34f6d52df - - - -] Invoking create_volume using POST url: /api/v2/projects/default/volumes             request.body: {'name': 'vol_6a645f72-797c-40a8-a8fc-85358429a397', 'size': '2 gib', 'replicaCount': '3', 'compression': 'False', 'acl': {'values': ['ALLOW_NONE']}, 'IPAcl': {'values': ['ALLOW_NONE']}, 'sourceSnapshotUUID': None, 'sourceSnapshotName': None} ssl_verify: False
2026-09-29 16:24:04.283 77 WARNING py.warnings [None req-11828501-9c9d-425d-9a95-f23d6147b16f b16efa6f77614215a42c8deccd9e5016 b19b5d82bc4441d9b04e11c34f6d52df - - - -] /var/lib/kolla/venv/lib/python3.12/site-packages/urllib3/connectionpool.py:1110: InsecureRequestWarning: Unverified HTTPS request is being made to host '[LB_IP_ADDRESS]'. Adding certificate verification is strongly advised. See: https://urllib3.readthedocs.io/en/latest/advanced-usage.html#tls-warnings
  warnings.warn(

2026-09-29 16:24:04.310 77 INFO cinder.volume.drivers.lightos [None req-11828501-9c9d-425d-9a95-f23d6147b16f b16efa6f77614215a42c8deccd9e5016 b19b5d82bc4441d9b04e11c34f6d52df - - - -] Invoking get_volume using GET url: /api/v2/projects/default/volumes/b8c96241-624c-4e67-b6b8-2de68145a691             request.body: {} ssl_verify: False
2026-09-29 16:24:04.363 77 WARNING py.warnings [None req-11828501-9c9d-425d-9a95-f23d6147b16f b16efa6f77614215a42c8deccd9e5016 b19b5d82bc4441d9b04e11c34f6d52df - - - -] /var/lib/kolla/venv/lib/python3.12/site-packages/urllib3/connectionpool.py:1110: InsecureRequestWarning: Unverified HTTPS request is being made to host '[LB_IP_ADDRESS]'. Adding certificate verification is strongly advised. See: https://urllib3.readthedocs.io/en/latest/advanced-usage.html#tls-warnings
  warnings.warn(

2026-09-29 16:24:04.405 77 INFO cinder.volume.flows.manager.create_volume [None req-11828501-9c9d-425d-9a95-f23d6147b16f b16efa6f77614215a42c8deccd9e5016 b19b5d82bc4441d9b04e11c34f6d52df - - - -] Volume vol_6a645f72-797c-40a8-a8fc-85358429a397 (6a645f72-797c-40a8-a8fc-85358429a397): created successfully
2026-09-29 16:24:04.413 77 INFO cinder.volume.manager [None req-11828501-9c9d-425d-9a95-f23d6147b16f b16efa6f77614215a42c8deccd9e5016 b19b5d82bc4441d9b04e11c34f6d52df - - - -] Created volume successfully.
2026-09-29 16:24:04.807 77 INFO cinder.volume.drivers.lightos [None req-8cafd756-c3fe-43c5-abbd-414e0d28a615 245e62e89eac4867bd27e51a794301f5 150bb60299f343d598f5f790ea4073e4 - - - -] Invoking get_volume using GET url: /api/v2/projects/default/volumes/230b2e8e-71cf-4f3c-a198-3514e64a2091             request.body: {} ssl_verify: False
2026-09-29 16:24:04.854 77 WARNING py.warnings [None req-8cafd756-c3fe-43c5-abbd-414e0d28a615 245e62e89eac4867bd27e51a794301f5 150bb60299f343d598f5f790ea4073e4 - - - -] /var/lib/kolla/venv/lib/python3.12/site-packages/urllib3/connectionpool.py:1110: InsecureRequestWarning: Unverified HTTPS request is being made to host '[LB_IP_ADDRESS]'. Adding certificate verification is strongly advised. See: https://urllib3.readthedocs.io/en/latest/advanced-usage.html#tls-warnings
  warnings.warn(

2026-09-29 16:24:04.889 77 INFO cinder.volume.flows.manager.create_volume [None req-8cafd756-c3fe-43c5-abbd-414e0d28a615 245e62e89eac4867bd27e51a794301f5 150bb60299f343d598f5f790ea4073e4 - - - -] Volume vol_d23834c9-1487-4ec1-88b5-9d49d60859b5 (d23834c9-1487-4ec1-88b5-9d49d60859b5): created successfully
2026-09-29 16:24:04.899 77 INFO cinder.volume.manager [None req-8cafd756-c3fe-43c5-abbd-414e0d28a615 245e62e89eac4867bd27e51a794301f5 150bb60299f343d598f5f790ea4073e4 - - - -] Created volume successfully.
2026-09-29 16:24:05.404 77 INFO cinder.volume.drivers.lightos [None req-72bd7d9b-33df-4c4a-9b75-d542f0cab75d b16efa6f77614215a42c8deccd9e5016 b19b5d82bc4441d9b04e11c34f6d52df - - default default] Invoking delete_volume using DELETE url: /api/v2/projects/default/volumes/b8c96241-624c-4e67-b6b8-2de68145a691?             request.body:  ssl_verify: False
2026-09-29 16:24:05.441 77 WARNING py.warnings [None req-72bd7d9b-33df-4c4a-9b75-d542f0cab75d b16efa6f77614215a42c8deccd9e5016 b19b5d82bc4441d9b04e11c34f6d52df - - default default] /var/lib/kolla/venv/lib/python3.12/site-packages/urllib3/connectionpool.py:1110: InsecureRequestWarning: Unverified HTTPS request is being made to host '[LB_IP_ADDRESS]'. Adding certificate verification is strongly advised. See: https://urllib3.readthedocs.io/en/latest/advanced-usage.html#tls-warnings
  warnings.warn(

2026-09-29 16:24:05.526 77 INFO cinder.volume.drivers.lightos [None req-72bd7d9b-33df-4c4a-9b75-d542f0cab75d b16efa6f77614215a42c8deccd9e5016 b19b5d82bc4441d9b04e11c34f6d52df - - default default] Invoking get_volume using GET url: /api/v2/projects/default/volumes/b8c96241-624c-4e67-b6b8-2de68145a691             request.body: {} ssl_verify: False
2026-09-29 16:24:05.569 77 WARNING py.warnings [None req-72bd7d9b-33df-4c4a-9b75-d542f0cab75d b16efa6f77614215a42c8deccd9e5016 b19b5d82bc4441d9b04e11c34f6d52df - - default default] /var/lib/kolla/venv/lib/python3.12/site-packages/urllib3/connectionpool.py:1110: InsecureRequestWarning: Unverified HTTPS request is being made to host '[LB_IP_ADDRESS]'. Adding certificate verification is strongly advised. See: https://urllib3.readthedocs.io/en/latest/advanced-usage.html#tls-warnings
  warnings.warn(

2026-09-29 16:24:05.697 77 INFO cinder.volume.manager [None req-72bd7d9b-33df-4c4a-9b75-d542f0cab75d b16efa6f77614215a42c8deccd9e5016 b19b5d82bc4441d9b04e11c34f6d52df - - default default] Deleted volume successfully.
2026-09-29 16:24:05.889 77 INFO cinder.volume.drivers.lightos [None req-a7647069-5234-42bb-87cf-43c141a7d74a 4aea5001758941b085b23aeb732916d6 4dd5259b24d946c8944f0cdb0ded6381 - - default default] Invoking delete_volume using DELETE url: /api/v2/projects/default/volumes/230b2e8e-71cf-4f3c-a198-3514e64a2091?             request.body:  ssl_verify: False
2026-09-29 16:24:05.923 77 WARNING py.warnings [None req-a7647069-5234-42bb-87cf-43c141a7d74a 4aea5001758941b085b23aeb732916d6 4dd5259b24d946c8944f0cdb0ded6381 - - default default] /var/lib/kolla/venv/lib/python3.12/site-packages/urllib3/connectionpool.py:1110: InsecureRequestWarning: Unverified HTTPS request is being made to host '[LB_IP_ADDRESS]'. Adding certificate verification is strongly advised. See: https://urllib3.readthedocs.io/en/latest/advanced-usage.html#tls-warnings
  warnings.warn(

2026-09-29 16:24:05.946 77 INFO cinder.volume.drivers.lightos [None req-a7647069-5234-42bb-87cf-43c141a7d74a 4aea5001758941b085b23aeb732916d6 4dd5259b24d946c8944f0cdb0ded6381 - - default default] Invoking get_volume using GET url: /api/v2/projects/default/volumes/230b2e8e-71cf-4f3c-a198-3514e64a2091             request.body: {} ssl_verify: False
2026-09-29 16:24:05.991 77 WARNING py.warnings [None req-a7647069-5234-42bb-87cf-43c141a7d74a 4aea5001758941b085b23aeb732916d6 4dd5259b24d946c8944f0cdb0ded6381 - - default default] /var/lib/kolla/venv/lib/python3.12/site-packages/urllib3/connectionpool.py:1110: InsecureRequestWarning: Unverified HTTPS request is being made to host '[LB_IP_ADDRESS]'. Adding certificate verification is strongly advised. See: https://urllib3.readthedocs.io/en/latest/advanced-usage.html#tls-warnings
  warnings.warn(

2026-09-29 16:24:06.119 77 INFO cinder.volume.manager [None req-a7647069-5234-42bb-87cf-43c141a7d74a 4aea5001758941b085b23aeb732916d6 4dd5259b24d946c8944f0cdb0ded6381 - - default default] Deleted volume successfully.
2026-09-29 16:24:09.589 77 INFO cinder.volume.flows.manager.create_volume [None req-ccc80ad8-4c05-43ca-ada6-efff39cc9645 5674c79008c249ad922d0759aa19046d 011f7c31852f41898637e09bafa17cd1 - - - -] Volume 76aa2517-3537-4e50-855e-b9d771a0f9ca: being created as raw with specification: {'status': 'creating', 'volume_name': 'vol_76aa2517-3537-4e50-855e-b9d771a0f9ca', 'volume_size': 1}
2026-09-29 16:24:09.590 77 INFO cinder.volume.drivers.lightos [None req-ccc80ad8-4c05-43ca-ada6-efff39cc9645 5674c79008c249ad922d0759aa19046d 011f7c31852f41898637e09bafa17cd1 - - - -] Invoking get_volume_by_name using GET url: /api/v2/projects/default/volumes/?name=vol_76aa2517-3537-4e50-855e-b9d771a0f9ca             request.body: {} ssl_verify: False
2026-09-29 16:24:09.623 77 WARNING py.warnings [None req-ccc80ad8-4c05-43ca-ada6-efff39cc9645 5674c79008c249ad922d0759aa19046d 011f7c31852f41898637e09bafa17cd1 - - - -] /var/lib/kolla/venv/lib/python3.12/site-packages/urllib3/connectionpool.py:1110: InsecureRequestWarning: Unverified HTTPS request is being made to host '[LB_IP_ADDRESS]'. Adding certificate verification is strongly advised. See: https://urllib3.readthedocs.io/en/latest/advanced-usage.html#tls-warnings
  warnings.warn(

2026-09-29 16:24:09.631 77 INFO cinder.volume.drivers.lightos [None req-ccc80ad8-4c05-43ca-ada6-efff39cc9645 5674c79008c249ad922d0759aa19046d 011f7c31852f41898637e09bafa17cd1 - - - -] Invoking create_volume using POST url: /api/v2/projects/default/volumes             request.body: {'name': 'vol_76aa2517-3537-4e50-855e-b9d771a0f9ca', 'size': '1 gib', 'replicaCount': '3', 'compression': 'False', 'acl': {'values': ['ALLOW_NONE']}, 'IPAcl': {'values': ['ALLOW_NONE']}, 'sourceSnapshotUUID': None, 'sourceSnapshotName': None} ssl_verify: False
2026-09-29 16:24:09.665 77 WARNING py.warnings [None req-ccc80ad8-4c05-43ca-ada6-efff39cc9645 5674c79008c249ad922d0759aa19046d 011f7c31852f41898637e09bafa17cd1 - - - -] /var/lib/kolla/venv/lib/python3.12/site-packages/urllib3/connectionpool.py:1110: InsecureRequestWarning: Unverified HTTPS request is being made to host '[LB_IP_ADDRESS]'. Adding certificate verification is strongly advised. See: https://urllib3.readthedocs.io/en/latest/advanced-usage.html#tls-warnings
  warnings.warn(

2026-09-29 16:24:09.689 77 INFO cinder.volume.drivers.lightos [None req-ccc80ad8-4c05-43ca-ada6-efff39cc9645 5674c79008c249ad922d0759aa19046d 011f7c31852f41898637e09bafa17cd1 - - - -] Invoking get_volume using GET url: /api/v2/projects/default/volumes/73072354-785f-4ead-a13c-3d8e0d9300d7             request.body: {} ssl_verify: False
2026-09-29 16:24:09.728 77 INFO cinder.volume.flows.manager.create_volume [None req-eda4b653-6bdf-4fb7-bc7e-87814bb6a98a 7828bbaeb08840ba97244d3bb2b89be2 518289ab58d544e2be4026a47880b1f6 - - - -] Volume ca5406a7-13da-4da3-ad62-0afb2dfc039e: being created as raw with specification: {'status': 'creating', 'volume_name': 'vol_ca5406a7-13da-4da3-ad62-0afb2dfc039e', 'volume_size': 1}
2026-09-29 16:24:09.728 77 INFO cinder.volume.drivers.lightos [None req-eda4b653-6bdf-4fb7-bc7e-87814bb6a98a 7828bbaeb08840ba97244d3bb2b89be2 518289ab58d544e2be4026a47880b1f6 - - - -] Invoking get_volume_by_name using GET url: /api/v2/projects/default/volumes/?name=vol_ca5406a7-13da-4da3-ad62-0afb2dfc039e             request.body: {} ssl_verify: False
2026-09-29 16:24:09.730 77 WARNING py.warnings [None req-ccc80ad8-4c05-43ca-ada6-efff39cc9645 5674c79008c249ad922d0759aa19046d 011f7c31852f41898637e09bafa17cd1 - - - -] /var/lib/kolla/venv/lib/python3.12/site-packages/urllib3/connectionpool.py:1110: InsecureRequestWarning: Unverified HTTPS request is being made to host '[LB_IP_ADDRESS]'. Adding certificate verification is strongly advised. See: https://urllib3.readthedocs.io/en/latest/advanced-usage.html#tls-warnings
  warnings.warn(

2026-09-29 16:24:09.767 77 WARNING py.warnings [None req-eda4b653-6bdf-4fb7-bc7e-87814bb6a98a 7828bbaeb08840ba97244d3bb2b89be2 518289ab58d544e2be4026a47880b1f6 - - - -] /var/lib/kolla/venv/lib/python3.12/site-packages/urllib3/connectionpool.py:1110: InsecureRequestWarning: Unverified HTTPS request is being made to host '[LB_IP_ADDRESS]'. Adding certificate verification is strongly advised. See: https://urllib3.readthedocs.io/en/latest/advanced-usage.html#tls-warnings
  warnings.warn(

2026-09-29 16:24:09.777 77 INFO cinder.volume.drivers.lightos [None req-eda4b653-6bdf-4fb7-bc7e-87814bb6a98a 7828bbaeb08840ba97244d3bb2b89be2 518289ab58d544e2be4026a47880b1f6 - - - -] Invoking create_volume using POST url: /api/v2/projects/default/volumes             request.body: {'name': 'vol_ca5406a7-13da-4da3-ad62-0afb2dfc039e', 'size': '1 gib', 'replicaCount': '3', 'compression': 'False', 'acl': {'values': ['ALLOW_NONE']}, 'IPAcl': {'values': ['ALLOW_NONE']}, 'sourceSnapshotUUID': None, 'sourceSnapshotName': None} ssl_verify: False
2026-09-29 16:24:09.812 77 WARNING py.warnings [None req-eda4b653-6bdf-4fb7-bc7e-87814bb6a98a 7828bbaeb08840ba97244d3bb2b89be2 518289ab58d544e2be4026a47880b1f6 - - - -] /var/lib/kolla/venv/lib/python3.12/site-packages/urllib3/connectionpool.py:1110: InsecureRequestWarning: Unverified HTTPS request is being made to host '[LB_IP_ADDRESS]'. Adding certificate verification is strongly advised. See: https://urllib3.readthedocs.io/en/latest/advanced-usage.html#tls-warnings
  warnings.warn(

2026-09-29 16:24:09.888 77 INFO cinder.volume.drivers.lightos [None req-eda4b653-6bdf-4fb7-bc7e-87814bb6a98a 7828bbaeb08840ba97244d3bb2b89be2 518289ab58d544e2be4026a47880b1f6 - - - -] Invoking get_volume using GET url: /api/v2/projects/default/volumes/e20e3047-a557-48e4-8a2b-e0a91352694f             request.body: {} ssl_verify: False
2026-09-29 16:24:09.930 77 WARNING py.warnings [None req-eda4b653-6bdf-4fb7-bc7e-87814bb6a98a 7828bbaeb08840ba97244d3bb2b89be2 518289ab58d544e2be4026a47880b1f6 - - - -] /var/lib/kolla/venv/lib/python3.12/site-packages/urllib3/connectionpool.py:1110: InsecureRequestWarning: Unverified HTTPS request is being made to host '[LB_IP_ADDRESS]'. Adding certificate verification is strongly advised. See: https://urllib3.readthedocs.io/en/latest/advanced-usage.html#tls-warnings
  warnings.warn(

2026-09-29 16:24:10.683 77 WARNING cinder.image.glance [None req-a0836cd6-7ac3-4898-84fe-4ace1ad25a48 4cc2cab720554994b919c29d7edf9583 502d10e426984b30919a804eeef8cbfe - - - -] Glance method get_image_locations is available but a dedicated [glance] section is required in the cinder configuration file to allow service-to-service communication.: glanceclient.exc.HTTPForbidden: HTTP 403 Forbidden: You are not authorized to complete fetch_image_location action.
2026-09-29 16:24:10.756 77 INFO cinder.volume.flows.manager.create_volume [None req-a0836cd6-7ac3-4898-84fe-4ace1ad25a48 4cc2cab720554994b919c29d7edf9583 502d10e426984b30919a804eeef8cbfe - - - -] Volume d848d42e-0dec-4a78-8ab5-90adaee36ba0: being created as image with specification: {'status': 'creating', 'volume_name': 'vol_d848d42e-0dec-4a78-8ab5-90adaee36ba0', 'volume_size': 1, 'image_id': '545c8ea5-cae4-4d3e-b3ff-02364f54bc85', 'image_location': (None, []), 'image_meta': {'name': 'cirros', 'disk_format': 'qcow2', 'container_format': 'bare', 'visibility': 'public', 'size': 12716032, 'virtual_size': 46137344, 'status': 'active', 'checksum': '443b7623e27ecf03dc9e01ee93f67afe', 'protected': False, 'min_ram': 0, 'min_disk': 0, 'owner': 'fa83639000624d7785ca4a397a2ed070', 'os_hidden': False, 'os_hash_algo': 'sha512', 'os_hash_value': '6513f21e44aa3da349f248188a44bc304a3653a04122d8fb4535423c8e1d14cd6a153f735bb0982e2161b5b5186106570c17a9e58b64dd39390617cd5a350f78', 'id': '545c8ea5-cae4-4d3e-b3ff-02364f54bc85', 'created_at': datetime.datetime(2026, 9, 6, 8, 21, 35, tzinfo=datetime.timezone.utc), 'updated_at': datetime.datetime(2026, 9, 6, 8, 21, 35, tzinfo=datetime.timezone.utc), 'tags': [], 'file': '/v2/images/545c8ea5-cae4-4d3e-b3ff-02364f54bc85/file', 'stores': 'file', 'properties': {'owner_specified.openstack.md5': '', 'owner_specified.openstack.object': 'images/cirros', 'owner_specified.openstack.sha256': ''}}, 'image_service': <cinder.image.glance.GlanceImageService object at 0x7fc00e6cb140>}
2026-09-29 16:24:10.772 77 INFO cinder.volume.drivers.lightos [None req-ccc80ad8-4c05-43ca-ada6-efff39cc9645 5674c79008c249ad922d0759aa19046d 011f7c31852f41898637e09bafa17cd1 - - - -] Invoking get_volume using GET url: /api/v2/projects/default/volumes/73072354-785f-4ead-a13c-3d8e0d9300d7             request.body: {} ssl_verify: False
2026-09-29 16:24:10.819 77 WARNING py.warnings [None req-ccc80ad8-4c05-43ca-ada6-efff39cc9645 5674c79008c249ad922d0759aa19046d 011f7c31852f41898637e09bafa17cd1 - - - -] /var/lib/kolla/venv/lib/python3.12/site-packages/urllib3/connectionpool.py:1110: InsecureRequestWarning: Unverified HTTPS request is being made to host '[LB_IP_ADDRESS]'. Adding certificate verification is strongly advised. See: https://urllib3.readthedocs.io/en/latest/advanced-usage.html#tls-warnings
  warnings.warn(

2026-09-29 16:24:10.853 77 INFO cinder.volume.flows.manager.create_volume [None req-ccc80ad8-4c05-43ca-ada6-efff39cc9645 5674c79008c249ad922d0759aa19046d 011f7c31852f41898637e09bafa17cd1 - - - -] Volume vol_76aa2517-3537-4e50-855e-b9d771a0f9ca (76aa2517-3537-4e50-855e-b9d771a0f9ca): created successfully
2026-09-29 16:24:10.863 77 INFO cinder.volume.manager [None req-ccc80ad8-4c05-43ca-ada6-efff39cc9645 5674c79008c249ad922d0759aa19046d 011f7c31852f41898637e09bafa17cd1 - - - -] Created volume successfully.
2026-09-29 16:24:10.945 77 INFO cinder.volume.drivers.lightos [None req-eda4b653-6bdf-4fb7-bc7e-87814bb6a98a 7828bbaeb08840ba97244d3bb2b89be2 518289ab58d544e2be4026a47880b1f6 - - - -] Invoking get_volume using GET url: /api/v2/projects/default/volumes/e20e3047-a557-48e4-8a2b-e0a91352694f             request.body: {} ssl_verify: False
2026-09-29 16:24:10.982 77 WARNING py.warnings [None req-eda4b653-6bdf-4fb7-bc7e-87814bb6a98a 7828bbaeb08840ba97244d3bb2b89be2 518289ab58d544e2be4026a47880b1f6 - - - -] /var/lib/kolla/venv/lib/python3.12/site-packages/urllib3/connectionpool.py:1110: InsecureRequestWarning: Unverified HTTPS request is being made to host '[LB_IP_ADDRESS]'. Adding certificate verification is strongly advised. See: https://urllib3.readthedocs.io/en/latest/advanced-usage.html#tls-warnings
  warnings.warn(

2026-09-29 16:24:11.013 77 INFO cinder.volume.flows.manager.create_volume [None req-eda4b653-6bdf-4fb7-bc7e-87814bb6a98a 7828bbaeb08840ba97244d3bb2b89be2 518289ab58d544e2be4026a47880b1f6 - - - -] Volume vol_ca5406a7-13da-4da3-ad62-0afb2dfc039e (ca5406a7-13da-4da3-ad62-0afb2dfc039e): created successfully
2026-09-29 16:24:11.023 77 INFO cinder.volume.manager [None req-eda4b653-6bdf-4fb7-bc7e-87814bb6a98a 7828bbaeb08840ba97244d3bb2b89be2 518289ab58d544e2be4026a47880b1f6 - - - -] Created volume successfully.
2026-09-29 16:24:11.051 77 INFO cinder.image.image_utils [None req-a0836cd6-7ac3-4898-84fe-4ace1ad25a48 4cc2cab720554994b919c29d7edf9583 502d10e426984b30919a804eeef8cbfe - - - -] Image download 12.13 MB at 12.13 MB/s
2026-09-29 16:24:11.843 77 INFO cinder.volume.drivers.lightos [None req-cc8deced-96d3-4786-be20-dc73fb8bc215 5674c79008c249ad922d0759aa19046d 011f7c31852f41898637e09bafa17cd1 - - - -] Invoking get_snapshot_by_name using GET url: /api/v2/projects/default/snapshots/?Name=snapshot-67e9e19a-3ca7-4936-b8d9-d66462b02d4b             request.body: {} ssl_verify: False
2026-09-29 16:24:11.875 77 INFO cinder.volume.drivers.lightos [None req-a0836cd6-7ac3-4898-84fe-4ace1ad25a48 4cc2cab720554994b919c29d7edf9583 502d10e426984b30919a804eeef8cbfe - - - -] Invoking get_volume_by_name using GET url: /api/v2/projects/default/volumes/?name=vol_d848d42e-0dec-4a78-8ab5-90adaee36ba0             request.body: {} ssl_verify: False
2026-09-29 16:24:11.905 77 WARNING py.warnings [None req-cc8deced-96d3-4786-be20-dc73fb8bc215 5674c79008c249ad922d0759aa19046d 011f7c31852f41898637e09bafa17cd1 - - - -] /var/lib/kolla/venv/lib/python3.12/site-packages/urllib3/connectionpool.py:1110: InsecureRequestWarning: Unverified HTTPS request is being made to host '[LB_IP_ADDRESS]'. Adding certificate verification is strongly advised. See: https://urllib3.readthedocs.io/en/latest/advanced-usage.html#tls-warnings
  warnings.warn(

2026-09-29 16:24:11.910 77 WARNING py.warnings [None req-a0836cd6-7ac3-4898-84fe-4ace1ad25a48 4cc2cab720554994b919c29d7edf9583 502d10e426984b30919a804eeef8cbfe - - - -] /var/lib/kolla/venv/lib/python3.12/site-packages/urllib3/connectionpool.py:1110: InsecureRequestWarning: Unverified HTTPS request is being made to host '[LB_IP_ADDRESS]'. Adding certificate verification is strongly advised. See: https://urllib3.readthedocs.io/en/latest/advanced-usage.html#tls-warnings
  warnings.warn(

2026-09-29 16:24:11.916 77 INFO cinder.volume.drivers.lightos [None req-cc8deced-96d3-4786-be20-dc73fb8bc215 5674c79008c249ad922d0759aa19046d 011f7c31852f41898637e09bafa17cd1 - - - -] Invoking create_snapshot using POST url: /api/v2/projects/default/snapshots             request.body: {'name': 'snapshot-67e9e19a-3ca7-4936-b8d9-d66462b02d4b', 'sourceVolumeUUID': None, 'sourceVolumeName': 'vol_76aa2517-3537-4e50-855e-b9d771a0f9ca'} ssl_verify: False
2026-09-29 16:24:11.919 77 INFO cinder.volume.drivers.lightos [None req-a0836cd6-7ac3-4898-84fe-4ace1ad25a48 4cc2cab720554994b919c29d7edf9583 502d10e426984b30919a804eeef8cbfe - - - -] Invoking create_volume using POST url: /api/v2/projects/default/volumes             request.body: {'name': 'vol_d848d42e-0dec-4a78-8ab5-90adaee36ba0', 'size': '1 gib', 'replicaCount': '3', 'compression': 'False', 'acl': {'values': ['ALLOW_NONE']}, 'IPAcl': {'values': ['ALLOW_NONE']}, 'sourceSnapshotUUID': None, 'sourceSnapshotName': None} ssl_verify: False
2026-09-29 16:24:11.974 77 WARNING py.warnings [None req-cc8deced-96d3-4786-be20-dc73fb8bc215 5674c79008c249ad922d0759aa19046d 011f7c31852f41898637e09bafa17cd1 - - - -] /var/lib/kolla/venv/lib/python3.12/site-packages/urllib3/connectionpool.py:1110: InsecureRequestWarning: Unverified HTTPS request is being made to host '[LB_IP_ADDRESS]'. Adding certificate verification is strongly advised. See: https://urllib3.readthedocs.io/en/latest/advanced-usage.html#tls-warnings
  warnings.warn(

2026-09-29 16:24:11.978 77 WARNING py.warnings [None req-a0836cd6-7ac3-4898-84fe-4ace1ad25a48 4cc2cab720554994b919c29d7edf9583 502d10e426984b30919a804eeef8cbfe - - - -] /var/lib/kolla/venv/lib/python3.12/site-packages/urllib3/connectionpool.py:1110: InsecureRequestWarning: Unverified HTTPS request is being made to host '[LB_IP_ADDRESS]'. Adding certificate verification is strongly advised. See: https://urllib3.readthedocs.io/en/latest/advanced-usage.html#tls-warnings
  warnings.warn(

2026-09-29 16:24:12.007 77 INFO cinder.volume.drivers.lightos [None req-a0836cd6-7ac3-4898-84fe-4ace1ad25a48 4cc2cab720554994b919c29d7edf9583 502d10e426984b30919a804eeef8cbfe - - - -] Invoking get_volume using GET url: /api/v2/projects/default/volumes/aec197d7-c80b-4a3d-939b-b64576041211             request.body: {} ssl_verify: False
2026-09-29 16:24:12.046 77 INFO cinder.volume.drivers.lightos [None req-cc8deced-96d3-4786-be20-dc73fb8bc215 5674c79008c249ad922d0759aa19046d 011f7c31852f41898637e09bafa17cd1 - - - -] Invoking get_snapshot_by_name using GET url: /api/v2/projects/default/snapshots/?Name=snapshot-67e9e19a-3ca7-4936-b8d9-d66462b02d4b             request.body: {} ssl_verify: False
2026-09-29 16:24:12.075 77 WARNING py.warnings [None req-a0836cd6-7ac3-4898-84fe-4ace1ad25a48 4cc2cab720554994b919c29d7edf9583 502d10e426984b30919a804eeef8cbfe - - - -] /var/lib/kolla/venv/lib/python3.12/site-packages/urllib3/connectionpool.py:1110: InsecureRequestWarning: Unverified HTTPS request is being made to host '[LB_IP_ADDRESS]'. Adding certificate verification is strongly advised. See: https://urllib3.readthedocs.io/en/latest/advanced-usage.html#tls-warnings
  warnings.warn(

2026-09-29 16:24:12.080 77 WARNING py.warnings [None req-cc8deced-96d3-4786-be20-dc73fb8bc215 5674c79008c249ad922d0759aa19046d 011f7c31852f41898637e09bafa17cd1 - - - -] /var/lib/kolla/venv/lib/python3.12/site-packages/urllib3/connectionpool.py:1110: InsecureRequestWarning: Unverified HTTPS request is being made to host '[LB_IP_ADDRESS]'. Adding certificate verification is strongly advised. See: https://urllib3.readthedocs.io/en/latest/advanced-usage.html#tls-warnings
  warnings.warn(

2026-09-29 16:24:12.358 77 INFO cinder.volume.flows.manager.create_volume [None req-83510d22-61d2-44a6-89f0-67c3aba9e53f 7828bbaeb08840ba97244d3bb2b89be2 518289ab58d544e2be4026a47880b1f6 - - - -] Volume 58c05e1f-e472-4c97-a585-451809dc01f1: being created as raw with specification: {'status': 'creating', 'volume_name': 'vol_58c05e1f-e472-4c97-a585-451809dc01f1', 'volume_size': 1}
2026-09-29 16:24:12.358 77 INFO cinder.volume.drivers.lightos [None req-83510d22-61d2-44a6-89f0-67c3aba9e53f 7828bbaeb08840ba97244d3bb2b89be2 518289ab58d544e2be4026a47880b1f6 - - - -] Invoking get_volume_by_name using GET url: /api/v2/projects/default/volumes/?name=vol_58c05e1f-e472-4c97-a585-451809dc01f1             request.body: {} ssl_verify: False
2026-09-29 16:24:12.395 77 WARNING py.warnings [None req-83510d22-61d2-44a6-89f0-67c3aba9e53f 7828bbaeb08840ba97244d3bb2b89be2 518289ab58d544e2be4026a47880b1f6 - - - -] /var/lib/kolla/venv/lib/python3.12/site-packages/urllib3/connectionpool.py:1110: InsecureRequestWarning: Unverified HTTPS request is being made to host '[LB_IP_ADDRESS]'. Adding certificate verification is strongly advised. See: https://urllib3.readthedocs.io/en/latest/advanced-usage.html#tls-warnings
  warnings.warn(

2026-09-29 16:24:12.403 77 INFO cinder.volume.drivers.lightos [None req-83510d22-61d2-44a6-89f0-67c3aba9e53f 7828bbaeb08840ba97244d3bb2b89be2 518289ab58d544e2be4026a47880b1f6 - - - -] Invoking create_volume using POST url: /api/v2/projects/default/volumes             request.body: {'name': 'vol_58c05e1f-e472-4c97-a585-451809dc01f1', 'size': '1 gib', 'replicaCount': '3', 'compression': 'False', 'acl': {'values': ['ALLOW_NONE']}, 'IPAcl': {'values': ['ALLOW_NONE']}, 'sourceSnapshotUUID': None, 'sourceSnapshotName': None} ssl_verify: False
2026-09-29 16:24:12.440 77 WARNING py.warnings [None req-83510d22-61d2-44a6-89f0-67c3aba9e53f 7828bbaeb08840ba97244d3bb2b89be2 518289ab58d544e2be4026a47880b1f6 - - - -] /var/lib/kolla/venv/lib/python3.12/site-packages/urllib3/connectionpool.py:1110: InsecureRequestWarning: Unverified HTTPS request is being made to host '[LB_IP_ADDRESS]'. Adding certificate verification is strongly advised. See: https://urllib3.readthedocs.io/en/latest/advanced-usage.html#tls-warnings
  warnings.warn(

2026-09-29 16:24:12.464 77 INFO cinder.volume.drivers.lightos [None req-83510d22-61d2-44a6-89f0-67c3aba9e53f 7828bbaeb08840ba97244d3bb2b89be2 518289ab58d544e2be4026a47880b1f6 - - - -] Invoking get_volume using GET url: /api/v2/projects/default/volumes/09edea73-0488-4a97-afc2-79dcc8c95404             request.body: {} ssl_verify: False
2026-09-29 16:24:12.524 77 WARNING py.warnings [None req-83510d22-61d2-44a6-89f0-67c3aba9e53f 7828bbaeb08840ba97244d3bb2b89be2 518289ab58d544e2be4026a47880b1f6 - - - -] /var/lib/kolla/venv/lib/python3.12/site-packages/urllib3/connectionpool.py:1110: InsecureRequestWarning: Unverified HTTPS request is being made to host '[LB_IP_ADDRESS]'. Adding certificate verification is strongly advised. See: https://urllib3.readthedocs.io/en/latest/advanced-usage.html#tls-warnings
  warnings.warn(

2026-09-29 16:24:13.097 77 INFO cinder.volume.drivers.lightos [None req-a0836cd6-7ac3-4898-84fe-4ace1ad25a48 4cc2cab720554994b919c29d7edf9583 502d10e426984b30919a804eeef8cbfe - - - -] Invoking get_volume using GET url: /api/v2/projects/default/volumes/aec197d7-c80b-4a3d-939b-b64576041211             request.body: {} ssl_verify: False
2026-09-29 16:24:13.141 77 INFO cinder.volume.drivers.lightos [None req-cc8deced-96d3-4786-be20-dc73fb8bc215 5674c79008c249ad922d0759aa19046d 011f7c31852f41898637e09bafa17cd1 - - - -] Invoking get_snapshot_by_name using GET url: /api/v2/projects/default/snapshots/?Name=snapshot-67e9e19a-3ca7-4936-b8d9-d66462b02d4b             request.body: {} ssl_verify: False
2026-09-29 16:24:13.143 77 WARNING py.warnings [None req-a0836cd6-7ac3-4898-84fe-4ace1ad25a48 4cc2cab720554994b919c29d7edf9583 502d10e426984b30919a804eeef8cbfe - - - -] /var/lib/kolla/venv/lib/python3.12/site-packages/urllib3/connectionpool.py:1110: InsecureRequestWarning: Unverified HTTPS request is being made to host '[LB_IP_ADDRESS]'. Adding certificate verification is strongly advised. See: https://urllib3.readthedocs.io/en/latest/advanced-usage.html#tls-warnings
  warnings.warn(

2026-09-29 16:24:13.181 77 WARNING py.warnings [None req-cc8deced-96d3-4786-be20-dc73fb8bc215 5674c79008c249ad922d0759aa19046d 011f7c31852f41898637e09bafa17cd1 - - - -] /var/lib/kolla/venv/lib/python3.12/site-packages/urllib3/connectionpool.py:1110: InsecureRequestWarning: Unverified HTTPS request is being made to host '[LB_IP_ADDRESS]'. Adding certificate verification is strongly advised. See: https://urllib3.readthedocs.io/en/latest/advanced-usage.html#tls-warnings
  warnings.warn(

2026-09-29 16:24:13.206 77 INFO cinder.volume.manager [None req-cc8deced-96d3-4786-be20-dc73fb8bc215 5674c79008c249ad922d0759aa19046d 011f7c31852f41898637e09bafa17cd1 - - - -] Create snapshot completed successfully
2026-09-29 16:24:13.248 77 INFO os_brick.initiator.connectors.lightos [None req-a0836cd6-7ac3-4898-84fe-4ace1ad25a48 4cc2cab720554994b919c29d7edf9583 502d10e426984b30919a804eeef8cbfe - - - -] Current host hostNQN nqn.2014-08.org.nvmexpress:uuid:1136ecdd-b326-5080-93cd-b4d75d7810d9 and IP(s) are ['[LB_IP_ADDRESS]', 'fe80::3e47:9a62:83ae:42f6', '[LB_IP_ADDRESS]', 'fe80::1527:3e78:1ef1:1fe7', '[LB_IP_ADDRESS]', 'fd00::a:13:1a:6', 'fe80::5fef:b54a:d77d:fcd4'] 
2026-09-29 16:24:13.249 77 INFO cinder.volume.drivers.lightos [None req-a0836cd6-7ac3-4898-84fe-4ace1ad25a48 4cc2cab720554994b919c29d7edf9583 502d10e426984b30919a804eeef8cbfe - - - -] Current host hostNQN is nqn.2014-08.org.nvmexpress:uuid:1136ecdd-b326-5080-93cd-b4d75d7810d9 and IP(s) are ['[LB_IP_ADDRESS]', 'fe80::3e47:9a62:83ae:42f6', '[LB_IP_ADDRESS]', 'fe80::1527:3e78:1ef1:1fe7', '[LB_IP_ADDRESS]', 'fd00::a:13:1a:6', 'fe80::5fef:b54a:d77d:fcd4']
2026-09-29 16:24:13.249 77 INFO cinder.volume.drivers.lightos [None req-a0836cd6-7ac3-4898-84fe-4ace1ad25a48 4cc2cab720554994b919c29d7edf9583 502d10e426984b30919a804eeef8cbfe - - - -] Invoking get_volume_by_name using GET url: /api/v2/projects/default/volumes/?name=vol_d848d42e-0dec-4a78-8ab5-90adaee36ba0             request.body: {} ssl_verify: False
2026-09-29 16:24:13.301 77 WARNING py.warnings [None req-a0836cd6-7ac3-4898-84fe-4ace1ad25a48 4cc2cab720554994b919c29d7edf9583 502d10e426984b30919a804eeef8cbfe - - - -] /var/lib/kolla/venv/lib/python3.12/site-packages/urllib3/connectionpool.py:1110: InsecureRequestWarning: Unverified HTTPS request is being made to host '[LB_IP_ADDRESS]'. Adding certificate verification is strongly advised. See: https://urllib3.readthedocs.io/en/latest/advanced-usage.html#tls-warnings
  warnings.warn(

2026-09-29 16:24:13.318 77 INFO cinder.volume.drivers.lightos [None req-a0836cd6-7ac3-4898-84fe-4ace1ad25a48 4cc2cab720554994b919c29d7edf9583 502d10e426984b30919a804eeef8cbfe - - - -] Invoking update_volume using PUT url: /api/v2/projects/default/volumes/aec197d7-c80b-4a3d-939b-b64576041211             request.body: {'acl': {'values': ['nqn.2014-08.org.nvmexpress:uuid:1136ecdd-b326-5080-93cd-b4d75d7810d9']}, 'IPAcl': {'values': ['fe80::3e47:9a62:83ae:42f6', 'fe80::1527:3e78:1ef1:1fe7', '[LB_IP_ADDRESS]', 'fd00::a:13:1a:6', '[LB_IP_ADDRESS]', 'fe80::5fef:b54a:d77d:fcd4', '[LB_IP_ADDRESS]']}} ssl_verify: False
2026-09-29 16:24:13.365 77 WARNING py.warnings [None req-a0836cd6-7ac3-4898-84fe-4ace1ad25a48 4cc2cab720554994b919c29d7edf9583 502d10e426984b30919a804eeef8cbfe - - - -] /var/lib/kolla/venv/lib/python3.12/site-packages/urllib3/connectionpool.py:1110: InsecureRequestWarning: Unverified HTTPS request is being made to host '[LB_IP_ADDRESS]'. Adding certificate verification is strongly advised. See: https://urllib3.readthedocs.io/en/latest/advanced-usage.html#tls-warnings
  warnings.warn(

2026-09-29 16:24:13.430 77 INFO cinder.volume.drivers.lightos [None req-a0836cd6-7ac3-4898-84fe-4ace1ad25a48 4cc2cab720554994b919c29d7edf9583 502d10e426984b30919a804eeef8cbfe - - - -] Invoking get_volume_by_name using GET url: /api/v2/projects/default/volumes/?name=vol_d848d42e-0dec-4a78-8ab5-90adaee36ba0             request.body: {} ssl_verify: False
2026-09-29 16:24:13.484 77 WARNING py.warnings [None req-a0836cd6-7ac3-4898-84fe-4ace1ad25a48 4cc2cab720554994b919c29d7edf9583 502d10e426984b30919a804eeef8cbfe - - - -] /var/lib/kolla/venv/lib/python3.12/site-packages/urllib3/connectionpool.py:1110: InsecureRequestWarning: Unverified HTTPS request is being made to host '[LB_IP_ADDRESS]'. Adding certificate verification is strongly advised. See: https://urllib3.readthedocs.io/en/latest/advanced-usage.html#tls-warnings
  warnings.warn(

2026-09-29 16:24:13.584 77 INFO cinder.volume.drivers.lightos [None req-83510d22-61d2-44a6-89f0-67c3aba9e53f 7828bbaeb08840ba97244d3bb2b89be2 518289ab58d544e2be4026a47880b1f6 - - - -] Invoking get_volume using GET url: /api/v2/projects/default/volumes/09edea73-0488-4a97-afc2-79dcc8c95404             request.body: {} ssl_verify: False
2026-09-29 16:24:13.628 77 WARNING py.warnings [None req-83510d22-61d2-44a6-89f0-67c3aba9e53f 7828bbaeb08840ba97244d3bb2b89be2 518289ab58d544e2be4026a47880b1f6 - - - -] /var/lib/kolla/venv/lib/python3.12/site-packages/urllib3/connectionpool.py:1110: InsecureRequestWarning: Unverified HTTPS request is being made to host '[LB_IP_ADDRESS]'. Adding certificate verification is strongly advised. See: https://urllib3.readthedocs.io/en/latest/advanced-usage.html#tls-warnings
  warnings.warn(

2026-09-29 16:24:13.660 77 INFO cinder.volume.flows.manager.create_volume [None req-83510d22-61d2-44a6-89f0-67c3aba9e53f 7828bbaeb08840ba97244d3bb2b89be2 518289ab58d544e2be4026a47880b1f6 - - - -] Volume vol_58c05e1f-e472-4c97-a585-451809dc01f1 (58c05e1f-e472-4c97-a585-451809dc01f1): created successfully
2026-09-29 16:24:13.669 77 INFO cinder.volume.manager [None req-83510d22-61d2-44a6-89f0-67c3aba9e53f 7828bbaeb08840ba97244d3bb2b89be2 518289ab58d544e2be4026a47880b1f6 - - - -] Created volume successfully.
2026-09-29 16:24:14.107 77 INFO cinder.volume.drivers.lightos [None req-889ead0f-36c7-4d0f-8cea-b8b0c534cfd0 5674c79008c249ad922d0759aa19046d 011f7c31852f41898637e09bafa17cd1 - - - -] Invoking get_snapshot_by_name using GET url: /api/v2/projects/default/snapshots/?Name=snapshot-29572028-6b40-478d-8a6d-bef6652da24b             request.body: {} ssl_verify: False
2026-09-29 16:24:14.148 77 WARNING py.warnings [None req-889ead0f-36c7-4d0f-8cea-b8b0c534cfd0 5674c79008c249ad922d0759aa19046d 011f7c31852f41898637e09bafa17cd1 - - - -] /var/lib/kolla/venv/lib/python3.12/site-packages/urllib3/connectionpool.py:1110: InsecureRequestWarning: Unverified HTTPS request is being made to host '[LB_IP_ADDRESS]'. Adding certificate verification is strongly advised. See: https://urllib3.readthedocs.io/en/latest/advanced-usage.html#tls-warnings
  warnings.warn(

2026-09-29 16:24:14.160 77 INFO cinder.volume.drivers.lightos [None req-889ead0f-36c7-4d0f-8cea-b8b0c534cfd0 5674c79008c249ad922d0759aa19046d 011f7c31852f41898637e09bafa17cd1 - - - -] Invoking create_snapshot using POST url: /api/v2/projects/default/snapshots             request.body: {'name': 'snapshot-29572028-6b40-478d-8a6d-bef6652da24b', 'sourceVolumeUUID': None, 'sourceVolumeName': 'vol_76aa2517-3537-4e50-855e-b9d771a0f9ca'} ssl_verify: False
2026-09-29 16:24:14.204 77 WARNING py.warnings [None req-889ead0f-36c7-4d0f-8cea-b8b0c534cfd0 5674c79008c249ad922d0759aa19046d 011f7c31852f41898637e09bafa17cd1 - - - -] /var/lib/kolla/venv/lib/python3.12/site-packages/urllib3/connectionpool.py:1110: InsecureRequestWarning: Unverified HTTPS request is being made to host '[LB_IP_ADDRESS]'. Adding certificate verification is strongly advised. See: https://urllib3.readthedocs.io/en/latest/advanced-usage.html#tls-warnings
  warnings.warn(

2026-09-29 16:24:14.235 77 INFO cinder.volume.drivers.lightos [None req-889ead0f-36c7-4d0f-8cea-b8b0c534cfd0 5674c79008c249ad922d0759aa19046d 011f7c31852f41898637e09bafa17cd1 - - - -] Invoking get_snapshot_by_name using GET url: /api/v2/projects/default/snapshots/?Name=snapshot-29572028-6b40-478d-8a6d-bef6652da24b             request.body: {} ssl_verify: False
2026-09-29 16:24:14.286 77 WARNING py.warnings [None req-889ead0f-36c7-4d0f-8cea-b8b0c534cfd0 5674c79008c249ad922d0759aa19046d 011f7c31852f41898637e09bafa17cd1 - - - -] /var/lib/kolla/venv/lib/python3.12/site-packages/urllib3/connectionpool.py:1110: InsecureRequestWarning: Unverified HTTPS request is being made to host '[LB_IP_ADDRESS]'. Adding certificate verification is strongly advised. See: https://urllib3.readthedocs.io/en/latest/advanced-usage.html#tls-warnings
  warnings.warn(

2026-09-29 16:24:14.506 77 INFO cinder.volume.drivers.lightos [None req-a0836cd6-7ac3-4898-84fe-4ace1ad25a48 4cc2cab720554994b919c29d7edf9583 502d10e426984b30919a804eeef8cbfe - - - -] Invoking get_volume_by_name using GET url: /api/v2/projects/default/volumes/?name=vol_d848d42e-0dec-4a78-8ab5-90adaee36ba0             request.body: {} ssl_verify: False
2026-09-29 16:24:14.549 77 WARNING py.warnings [None req-a0836cd6-7ac3-4898-84fe-4ace1ad25a48 4cc2cab720554994b919c29d7edf9583 502d10e426984b30919a804eeef8cbfe - - - -] /var/lib/kolla/venv/lib/python3.12/site-packages/urllib3/connectionpool.py:1110: InsecureRequestWarning: Unverified HTTPS request is being made to host '[LB_IP_ADDRESS]'. Adding certificate verification is strongly advised. See: https://urllib3.readthedocs.io/en/latest/advanced-usage.html#tls-warnings
  warnings.warn(

2026-09-29 16:24:14.566 77 INFO cinder.volume.drivers.lightos [None req-55a2154c-2d49-4e12-9938-6b3a46526951 7828bbaeb08840ba97244d3bb2b89be2 518289ab58d544e2be4026a47880b1f6 - - default default] Invoking delete_volume using DELETE url: /api/v2/projects/default/volumes/09edea73-0488-4a97-afc2-79dcc8c95404?             request.body:  ssl_verify: False
2026-09-29 16:24:14.595 77 INFO cinder.volume.drivers.lightos [None req-a0836cd6-7ac3-4898-84fe-4ace1ad25a48 4cc2cab720554994b919c29d7edf9583 502d10e426984b30919a804eeef8cbfe - - - -] Invoking get_volume_by_name using GET url: /api/v2/projects/default/volumes/?name=vol_d848d42e-0dec-4a78-8ab5-90adaee36ba0             request.body: {} ssl_verify: False
2026-09-29 16:24:14.624 77 WARNING py.warnings [None req-55a2154c-2d49-4e12-9938-6b3a46526951 7828bbaeb08840ba97244d3bb2b89be2 518289ab58d544e2be4026a47880b1f6 - - default default] /var/lib/kolla/venv/lib/python3.12/site-packages/urllib3/connectionpool.py:1110: InsecureRequestWarning: Unverified HTTPS request is being made to host '[LB_IP_ADDRESS]'. Adding certificate verification is strongly advised. See: https://urllib3.readthedocs.io/en/latest/advanced-usage.html#tls-warnings
  warnings.warn(

2026-09-29 16:24:14.629 77 WARNING py.warnings [None req-a0836cd6-7ac3-4898-84fe-4ace1ad25a48 4cc2cab720554994b919c29d7edf9583 502d10e426984b30919a804eeef8cbfe - - - -] /var/lib/kolla/venv/lib/python3.12/site-packages/urllib3/connectionpool.py:1110: InsecureRequestWarning: Unverified HTTPS request is being made to host '[LB_IP_ADDRESS]'. Adding certificate verification is strongly advised. See: https://urllib3.readthedocs.io/en/latest/advanced-usage.html#tls-warnings
  warnings.warn(

2026-09-29 16:24:14.648 77 INFO os_brick.initiator.connectors.lightos [None req-a0836cd6-7ac3-4898-84fe-4ace1ad25a48 4cc2cab720554994b919c29d7edf9583 502d10e426984b30919a804eeef8cbfe - - - -] LIGHTOS: connect_volume called for volume aec197d7-c80b-4a3d-939b-b64576041211, connection properties: {'lightos_nodes': {'[LB_IP_ADDRESS]': {'target_portal': '[LB_IP_ADDRESS]', 'target_port': 8009, 'transport_type': 'tcp'}, '[LB_IP_ADDRESS]': {'target_portal': '[LB_IP_ADDRESS]', 'target_port': 8009, 'transport_type': 'tcp'}, '[LB_IP_ADDRESS]': {'target_portal': '[LB_IP_ADDRESS]', 'target_port': 8009, 'transport_type': 'tcp'}}, 'uuid': 'aec197d7-c80b-4a3d-939b-b64576041211', 'subsysnqn': 'nqn.2016-01.com.lightbitslabs:uuid:023e92f0-1271-4fe0-9397-657649be716c:suffix', 'encrypted': False, 'enforce_multipath': False}
2026-09-29 16:24:14.653 77 INFO os_brick.initiator.connectors.lightos [None req-a0836cd6-7ac3-4898-84fe-4ace1ad25a48 4cc2cab720554994b919c29d7edf9583 502d10e426984b30919a804eeef8cbfe - - - -] LIGHTOS: devpath /dev/nvme0n1 detected for uuid aec197d7-c80b-4a3d-939b-b64576041211
2026-09-29 16:24:14.658 77 INFO cinder.volume.drivers.lightos [None req-55a2154c-2d49-4e12-9938-6b3a46526951 7828bbaeb08840ba97244d3bb2b89be2 518289ab58d544e2be4026a47880b1f6 - - default default] Invoking get_volume using GET url: /api/v2/projects/default/volumes/09edea73-0488-4a97-afc2-79dcc8c95404             request.body: {} ssl_verify: False
2026-09-29 16:24:14.705 77 WARNING py.warnings [None req-55a2154c-2d49-4e12-9938-6b3a46526951 7828bbaeb08840ba97244d3bb2b89be2 518289ab58d544e2be4026a47880b1f6 - - default default] /var/lib/kolla/venv/lib/python3.12/site-packages/urllib3/connectionpool.py:1110: InsecureRequestWarning: Unverified HTTPS request is being made to host '[LB_IP_ADDRESS]'. Adding certificate verification is strongly advised. See: https://urllib3.readthedocs.io/en/latest/advanced-usage.html#tls-warnings
  warnings.warn(

2026-09-29 16:24:14.824 77 INFO cinder.volume.manager [None req-55a2154c-2d49-4e12-9938-6b3a46526951 7828bbaeb08840ba97244d3bb2b89be2 518289ab58d544e2be4026a47880b1f6 - - default default] Deleted volume successfully.
2026-09-29 16:24:15.340 77 INFO cinder.volume.drivers.lightos [None req-889ead0f-36c7-4d0f-8cea-b8b0c534cfd0 5674c79008c249ad922d0759aa19046d 011f7c31852f41898637e09bafa17cd1 - - - -] Invoking get_snapshot_by_name using GET url: /api/v2/projects/default/snapshots/?Name=snapshot-29572028-6b40-478d-8a6d-bef6652da24b             request.body: {} ssl_verify: False
2026-09-29 16:24:15.390 77 WARNING py.warnings [None req-889ead0f-36c7-4d0f-8cea-b8b0c534cfd0 5674c79008c249ad922d0759aa19046d 011f7c31852f41898637e09bafa17cd1 - - - -] /var/lib/kolla/venv/lib/python3.12/site-packages/urllib3/connectionpool.py:1110: InsecureRequestWarning: Unverified HTTPS request is being made to host '[LB_IP_ADDRESS]'. Adding certificate verification is strongly advised. See: https://urllib3.readthedocs.io/en/latest/advanced-usage.html#tls-warnings
  warnings.warn(

2026-09-29 16:24:15.426 77 INFO cinder.volume.manager [None req-889ead0f-36c7-4d0f-8cea-b8b0c534cfd0 5674c79008c249ad922d0759aa19046d 011f7c31852f41898637e09bafa17cd1 - - - -] Create snapshot completed successfully
2026-09-29 16:24:15.700 77 INFO cinder.volume.drivers.lightos [None req-19451d50-a731-41ae-966f-672c9906fa36 7828bbaeb08840ba97244d3bb2b89be2 518289ab58d544e2be4026a47880b1f6 - - default default] Invoking delete_volume using DELETE url: /api/v2/projects/default/volumes/e20e3047-a557-48e4-8a2b-e0a91352694f?             request.body:  ssl_verify: False
2026-09-29 16:24:15.739 77 WARNING py.warnings [None req-19451d50-a731-41ae-966f-672c9906fa36 7828bbaeb08840ba97244d3bb2b89be2 518289ab58d544e2be4026a47880b1f6 - - default default] /var/lib/kolla/venv/lib/python3.12/site-packages/urllib3/connectionpool.py:1110: InsecureRequestWarning: Unverified HTTPS request is being made to host '[LB_IP_ADDRESS]'. Adding certificate verification is strongly advised. See: https://urllib3.readthedocs.io/en/latest/advanced-usage.html#tls-warnings
  warnings.warn(

2026-09-29 16:24:15.770 77 INFO cinder.volume.drivers.lightos [None req-19451d50-a731-41ae-966f-672c9906fa36 7828bbaeb08840ba97244d3bb2b89be2 518289ab58d544e2be4026a47880b1f6 - - default default] Invoking get_volume using GET url: /api/v2/projects/default/volumes/e20e3047-a557-48e4-8a2b-e0a91352694f             request.body: {} ssl_verify: False
2026-09-29 16:24:15.816 77 WARNING py.warnings [None req-19451d50-a731-41ae-966f-672c9906fa36 7828bbaeb08840ba97244d3bb2b89be2 518289ab58d544e2be4026a47880b1f6 - - default default] /var/lib/kolla/venv/lib/python3.12/site-packages/urllib3/connectionpool.py:1110: InsecureRequestWarning: Unverified HTTPS request is being made to host '[LB_IP_ADDRESS]'. Adding certificate verification is strongly advised. See: https://urllib3.readthedocs.io/en/latest/advanced-usage.html#tls-warnings
  warnings.warn(

2026-09-29 16:24:15.941 77 INFO cinder.volume.manager [None req-19451d50-a731-41ae-966f-672c9906fa36 7828bbaeb08840ba97244d3bb2b89be2 518289ab58d544e2be4026a47880b1f6 - - default default] Deleted volume successfully.
2026-09-29 16:24:16.273 77 INFO cinder.volume.drivers.lightos [None req-f57dd5c0-5809-46c3-ab07-71258a3a7a08 5674c79008c249ad922d0759aa19046d 011f7c31852f41898637e09bafa17cd1 - - default default] Invoking get_snapshot_by_name using GET url: /api/v2/projects/default/snapshots/?Name=snapshot-29572028-6b40-478d-8a6d-bef6652da24b             request.body: {} ssl_verify: False
2026-09-29 16:24:16.313 77 WARNING py.warnings [None req-f57dd5c0-5809-46c3-ab07-71258a3a7a08 5674c79008c249ad922d0759aa19046d 011f7c31852f41898637e09bafa17cd1 - - default default] /var/lib/kolla/venv/lib/python3.12/site-packages/urllib3/connectionpool.py:1110: InsecureRequestWarning: Unverified HTTPS request is being made to host '[LB_IP_ADDRESS]'. Adding certificate verification is strongly advised. See: https://urllib3.readthedocs.io/en/latest/advanced-usage.html#tls-warnings
  warnings.warn(

2026-09-29 16:24:16.335 77 INFO cinder.volume.drivers.lightos [None req-f57dd5c0-5809-46c3-ab07-71258a3a7a08 5674c79008c249ad922d0759aa19046d 011f7c31852f41898637e09bafa17cd1 - - default default] Invoking delete_snapshot using DELETE url: /api/v2/projects/default/snapshots/96f319c0-ed79-44b7-91bb-93f217e5f4db?             request.body:  ssl_verify: False
2026-09-29 16:24:16.377 77 WARNING py.warnings [None req-f57dd5c0-5809-46c3-ab07-71258a3a7a08 5674c79008c249ad922d0759aa19046d 011f7c31852f41898637e09bafa17cd1 - - default default] /var/lib/kolla/venv/lib/python3.12/site-packages/urllib3/connectionpool.py:1110: InsecureRequestWarning: Unverified HTTPS request is being made to host '[LB_IP_ADDRESS]'. Adding certificate verification is strongly advised. See: https://urllib3.readthedocs.io/en/latest/advanced-usage.html#tls-warnings
  warnings.warn(

2026-09-29 16:24:16.397 77 INFO cinder.volume.drivers.lightos [None req-f57dd5c0-5809-46c3-ab07-71258a3a7a08 5674c79008c249ad922d0759aa19046d 011f7c31852f41898637e09bafa17cd1 - - default default] Invoking get_snapshot using GET url: /api/v2/projects/default/snapshots/96f319c0-ed79-44b7-91bb-93f217e5f4db             request.body: {} ssl_verify: False
2026-09-29 16:24:16.441 77 WARNING py.warnings [None req-f57dd5c0-5809-46c3-ab07-71258a3a7a08 5674c79008c249ad922d0759aa19046d 011f7c31852f41898637e09bafa17cd1 - - default default] /var/lib/kolla/venv/lib/python3.12/site-packages/urllib3/connectionpool.py:1110: InsecureRequestWarning: Unverified HTTPS request is being made to host '[LB_IP_ADDRESS]'. Adding certificate verification is strongly advised. See: https://urllib3.readthedocs.io/en/latest/advanced-usage.html#tls-warnings
  warnings.warn(

2026-09-29 16:24:16.550 77 INFO cinder.volume.manager [None req-f57dd5c0-5809-46c3-ab07-71258a3a7a08 5674c79008c249ad922d0759aa19046d 011f7c31852f41898637e09bafa17cd1 - - default default] Delete snapshot completed successfully.
2026-09-29 16:24:16.562 77 INFO cinder.volume.drivers.lightos [None req-f57dd5c0-5809-46c3-ab07-71258a3a7a08 5674c79008c249ad922d0759aa19046d 011f7c31852f41898637e09bafa17cd1 - - default default] Invoking get_snapshot_by_name using GET url: /api/v2/projects/default/snapshots/?Name=snapshot-67e9e19a-3ca7-4936-b8d9-d66462b02d4b             request.body: {} ssl_verify: False
2026-09-29 16:24:16.602 77 WARNING py.warnings [None req-f57dd5c0-5809-46c3-ab07-71258a3a7a08 5674c79008c249ad922d0759aa19046d 011f7c31852f41898637e09bafa17cd1 - - default default] /var/lib/kolla/venv/lib/python3.12/site-packages/urllib3/connectionpool.py:1110: InsecureRequestWarning: Unverified HTTPS request is being made to host '[LB_IP_ADDRESS]'. Adding certificate verification is strongly advised. See: https://urllib3.readthedocs.io/en/latest/advanced-usage.html#tls-warnings
  warnings.warn(

2026-09-29 16:24:16.614 77 INFO cinder.volume.drivers.lightos [None req-f57dd5c0-5809-46c3-ab07-71258a3a7a08 5674c79008c249ad922d0759aa19046d 011f7c31852f41898637e09bafa17cd1 - - default default] Invoking delete_snapshot using DELETE url: /api/v2/projects/default/snapshots/b9948341-7006-484b-bef5-11331357ca59?             request.body:  ssl_verify: False
2026-09-29 16:24:16.659 77 WARNING py.warnings [None req-f57dd5c0-5809-46c3-ab07-71258a3a7a08 5674c79008c249ad922d0759aa19046d 011f7c31852f41898637e09bafa17cd1 - - default default] /var/lib/kolla/venv/lib/python3.12/site-packages/urllib3/connectionpool.py:1110: InsecureRequestWarning: Unverified HTTPS request is being made to host '[LB_IP_ADDRESS]'. Adding certificate verification is strongly advised. See: https://urllib3.readthedocs.io/en/latest/advanced-usage.html#tls-warnings
  warnings.warn(

2026-09-29 16:24:16.677 77 INFO cinder.volume.drivers.lightos [None req-f57dd5c0-5809-46c3-ab07-71258a3a7a08 5674c79008c249ad922d0759aa19046d 011f7c31852f41898637e09bafa17cd1 - - default default] Invoking get_snapshot using GET url: /api/v2/projects/default/snapshots/b9948341-7006-484b-bef5-11331357ca59             request.body: {} ssl_verify: False
2026-09-29 16:24:16.713 77 INFO cinder.image.image_utils [None req-a0836cd6-7ac3-4898-84fe-4ace1ad25a48 4cc2cab720554994b919c29d7edf9583 502d10e426984b30919a804eeef8cbfe - - - -] Converted 44.00 MB image at 44.00 MB/s
2026-09-29 16:24:16.713 77 INFO os_brick.initiator.connectors.lightos [None req-a0836cd6-7ac3-4898-84fe-4ace1ad25a48 4cc2cab720554994b919c29d7edf9583 502d10e426984b30919a804eeef8cbfe - - - -] LIGHTOS: devpath /dev/nvme0n1 detected for uuid aec197d7-c80b-4a3d-939b-b64576041211
2026-09-29 16:24:16.718 77 WARNING py.warnings [None req-f57dd5c0-5809-46c3-ab07-71258a3a7a08 5674c79008c249ad922d0759aa19046d 011f7c31852f41898637e09bafa17cd1 - - default default] /var/lib/kolla/venv/lib/python3.12/site-packages/urllib3/connectionpool.py:1110: InsecureRequestWarning: Unverified HTTPS request is being made to host '[LB_IP_ADDRESS]'. Adding certificate verification is strongly advised. See: https://urllib3.readthedocs.io/en/latest/advanced-usage.html#tls-warnings
  warnings.warn(

2026-09-29 16:24:16.727 77 INFO cinder.volume.drivers.lightos [None req-a0836cd6-7ac3-4898-84fe-4ace1ad25a48 4cc2cab720554994b919c29d7edf9583 502d10e426984b30919a804eeef8cbfe - - - -] Invoking get_volume_by_name using GET url: /api/v2/projects/default/volumes/?name=vol_d848d42e-0dec-4a78-8ab5-90adaee36ba0             request.body: {} ssl_verify: False
2026-09-29 16:24:16.768 77 WARNING py.warnings [None req-a0836cd6-7ac3-4898-84fe-4ace1ad25a48 4cc2cab720554994b919c29d7edf9583 502d10e426984b30919a804eeef8cbfe - - - -] /var/lib/kolla/venv/lib/python3.12/site-packages/urllib3/connectionpool.py:1110: InsecureRequestWarning: Unverified HTTPS request is being made to host '[LB_IP_ADDRESS]'. Adding certificate verification is strongly advised. See: https://urllib3.readthedocs.io/en/latest/advanced-usage.html#tls-warnings
  warnings.warn(

2026-09-29 16:24:16.779 77 INFO cinder.volume.drivers.lightos [None req-a0836cd6-7ac3-4898-84fe-4ace1ad25a48 4cc2cab720554994b919c29d7edf9583 502d10e426984b30919a804eeef8cbfe - - - -] Invoking get_volume_by_name using GET url: /api/v2/projects/default/volumes/?name=vol_d848d42e-0dec-4a78-8ab5-90adaee36ba0             request.body: {} ssl_verify: False
2026-09-29 16:24:16.815 77 WARNING py.warnings [None req-a0836cd6-7ac3-4898-84fe-4ace1ad25a48 4cc2cab720554994b919c29d7edf9583 502d10e426984b30919a804eeef8cbfe - - - -] /var/lib/kolla/venv/lib/python3.12/site-packages/urllib3/connectionpool.py:1110: InsecureRequestWarning: Unverified HTTPS request is being made to host '[LB_IP_ADDRESS]'. Adding certificate verification is strongly advised. See: https://urllib3.readthedocs.io/en/latest/advanced-usage.html#tls-warnings
  warnings.warn(

2026-09-29 16:24:16.838 77 INFO cinder.volume.drivers.lightos [None req-a0836cd6-7ac3-4898-84fe-4ace1ad25a48 4cc2cab720554994b919c29d7edf9583 502d10e426984b30919a804eeef8cbfe - - - -] Invoking update_volume using PUT url: /api/v2/projects/default/volumes/aec197d7-c80b-4a3d-939b-b64576041211             request.body: {'acl': {'values': ['ALLOW_NONE']}, 'IPAcl': {'values': ['ALLOW_NONE']}} ssl_verify: False
2026-09-29 16:24:16.876 77 WARNING py.warnings [None req-a0836cd6-7ac3-4898-84fe-4ace1ad25a48 4cc2cab720554994b919c29d7edf9583 502d10e426984b30919a804eeef8cbfe - - - -] /var/lib/kolla/venv/lib/python3.12/site-packages/urllib3/connectionpool.py:1110: InsecureRequestWarning: Unverified HTTPS request is being made to host '[LB_IP_ADDRESS]'. Adding certificate verification is strongly advised. See: https://urllib3.readthedocs.io/en/latest/advanced-usage.html#tls-warnings
  warnings.warn(

2026-09-29 16:24:16.911 77 INFO cinder.volume.manager [None req-f57dd5c0-5809-46c3-ab07-71258a3a7a08 5674c79008c249ad922d0759aa19046d 011f7c31852f41898637e09bafa17cd1 - - default default] Delete snapshot completed successfully.
2026-09-29 16:24:16.913 77 INFO cinder.volume.drivers.lightos [None req-f57dd5c0-5809-46c3-ab07-71258a3a7a08 5674c79008c249ad922d0759aa19046d 011f7c31852f41898637e09bafa17cd1 - - default default] Invoking delete_volume using DELETE url: /api/v2/projects/default/volumes/73072354-785f-4ead-a13c-3d8e0d9300d7?             request.body:  ssl_verify: False
2026-09-29 16:24:16.918 77 INFO cinder.volume.drivers.lightos [None req-a0836cd6-7ac3-4898-84fe-4ace1ad25a48 4cc2cab720554994b919c29d7edf9583 502d10e426984b30919a804eeef8cbfe - - - -] Invoking get_volume_by_name using GET url: /api/v2/projects/default/volumes/?name=vol_d848d42e-0dec-4a78-8ab5-90adaee36ba0             request.body: {} ssl_verify: False
2026-09-29 16:24:16.977 77 WARNING py.warnings [None req-f57dd5c0-5809-46c3-ab07-71258a3a7a08 5674c79008c249ad922d0759aa19046d 011f7c31852f41898637e09bafa17cd1 - - default default] /var/lib/kolla/venv/lib/python3.12/site-packages/urllib3/connectionpool.py:1110: InsecureRequestWarning: Unverified HTTPS request is being made to host '[LB_IP_ADDRESS]'. Adding certificate verification is strongly advised. See: https://urllib3.readthedocs.io/en/latest/advanced-usage.html#tls-warnings
  warnings.warn(

2026-09-29 16:24:16.984 77 WARNING py.warnings [None req-a0836cd6-7ac3-4898-84fe-4ace1ad25a48 4cc2cab720554994b919c29d7edf9583 502d10e426984b30919a804eeef8cbfe - - - -] /var/lib/kolla/venv/lib/python3.12/site-packages/urllib3/connectionpool.py:1110: InsecureRequestWarning: Unverified HTTPS request is being made to host '[LB_IP_ADDRESS]'. Adding certificate verification is strongly advised. See: https://urllib3.readthedocs.io/en/latest/advanced-usage.html#tls-warnings
  warnings.warn(

2026-09-29 16:24:17.023 77 INFO cinder.volume.drivers.lightos [None req-f57dd5c0-5809-46c3-ab07-71258a3a7a08 5674c79008c249ad922d0759aa19046d 011f7c31852f41898637e09bafa17cd1 - - default default] Invoking get_volume using GET url: /api/v2/projects/default/volumes/73072354-785f-4ead-a13c-3d8e0d9300d7             request.body: {} ssl_verify: False
2026-09-29 16:24:17.066 77 WARNING py.warnings [None req-f57dd5c0-5809-46c3-ab07-71258a3a7a08 5674c79008c249ad922d0759aa19046d 011f7c31852f41898637e09bafa17cd1 - - default default] /var/lib/kolla/venv/lib/python3.12/site-packages/urllib3/connectionpool.py:1110: InsecureRequestWarning: Unverified HTTPS request is being made to host '[LB_IP_ADDRESS]'. Adding certificate verification is strongly advised. See: https://urllib3.readthedocs.io/en/latest/advanced-usage.html#tls-warnings
  warnings.warn(

2026-09-29 16:24:17.228 77 INFO cinder.volume.manager [None req-f57dd5c0-5809-46c3-ab07-71258a3a7a08 5674c79008c249ad922d0759aa19046d 011f7c31852f41898637e09bafa17cd1 - - default default] Deleted volume successfully.
2026-09-29 16:24:17.262 77 INFO cinder.volume.flows.manager.create_volume [None req-d406e90f-fdc4-4eb6-b8ff-b1753c612463 7828bbaeb08840ba97244d3bb2b89be2 518289ab58d544e2be4026a47880b1f6 - - - -] Volume 598067ef-ff6d-4d94-80ce-0e5cb97af5db: being created as raw with specification: {'status': 'creating', 'volume_name': 'vol_598067ef-ff6d-4d94-80ce-0e5cb97af5db', 'volume_size': 1}
2026-09-29 16:24:17.262 77 INFO cinder.volume.drivers.lightos [None req-d406e90f-fdc4-4eb6-b8ff-b1753c612463 7828bbaeb08840ba97244d3bb2b89be2 518289ab58d544e2be4026a47880b1f6 - - - -] Invoking get_volume_by_name using GET url: /api/v2/projects/default/volumes/?name=vol_598067ef-ff6d-4d94-80ce-0e5cb97af5db             request.body: {} ssl_verify: False
2026-09-29 16:24:17.301 77 WARNING py.warnings [None req-d406e90f-fdc4-4eb6-b8ff-b1753c612463 7828bbaeb08840ba97244d3bb2b89be2 518289ab58d544e2be4026a47880b1f6 - - - -] /var/lib/kolla/venv/lib/python3.12/site-packages/urllib3/connectionpool.py:1110: InsecureRequestWarning: Unverified HTTPS request is being made to host '[LB_IP_ADDRESS]'. Adding certificate verification is strongly advised. See: https://urllib3.readthedocs.io/en/latest/advanced-usage.html#tls-warnings
  warnings.warn(

2026-09-29 16:24:17.312 77 INFO cinder.volume.drivers.lightos [None req-d406e90f-fdc4-4eb6-b8ff-b1753c612463 7828bbaeb08840ba97244d3bb2b89be2 518289ab58d544e2be4026a47880b1f6 - - - -] Invoking create_volume using POST url: /api/v2/projects/default/volumes             request.body: {'name': 'vol_598067ef-ff6d-4d94-80ce-0e5cb97af5db', 'size': '1 gib', 'replicaCount': '3', 'compression': 'False', 'acl': {'values': ['ALLOW_NONE']}, 'IPAcl': {'values': ['ALLOW_NONE']}, 'sourceSnapshotUUID': None, 'sourceSnapshotName': None} ssl_verify: False
2026-09-29 16:24:17.354 77 WARNING py.warnings [None req-d406e90f-fdc4-4eb6-b8ff-b1753c612463 7828bbaeb08840ba97244d3bb2b89be2 518289ab58d544e2be4026a47880b1f6 - - - -] /var/lib/kolla/venv/lib/python3.12/site-packages/urllib3/connectionpool.py:1110: InsecureRequestWarning: Unverified HTTPS request is being made to host '[LB_IP_ADDRESS]'. Adding certificate verification is strongly advised. See: https://urllib3.readthedocs.io/en/latest/advanced-usage.html#tls-warnings
  warnings.warn(

2026-09-29 16:24:17.420 77 INFO cinder.volume.drivers.lightos [None req-d406e90f-fdc4-4eb6-b8ff-b1753c612463 7828bbaeb08840ba97244d3bb2b89be2 518289ab58d544e2be4026a47880b1f6 - - - -] Invoking get_volume using GET url: /api/v2/projects/default/volumes/50c0c545-585c-4071-800c-f460a515f276             request.body: {} ssl_verify: False
2026-09-29 16:24:17.476 77 WARNING py.warnings [None req-d406e90f-fdc4-4eb6-b8ff-b1753c612463 7828bbaeb08840ba97244d3bb2b89be2 518289ab58d544e2be4026a47880b1f6 - - - -] /var/lib/kolla/venv/lib/python3.12/site-packages/urllib3/connectionpool.py:1110: InsecureRequestWarning: Unverified HTTPS request is being made to host '[LB_IP_ADDRESS]'. Adding certificate verification is strongly advised. See: https://urllib3.readthedocs.io/en/latest/advanced-usage.html#tls-warnings
  warnings.warn(

2026-09-29 16:24:17.919 77 INFO cinder.volume.flows.manager.create_volume [None req-c031409d-4f34-4736-a8a9-9481bfbf2d4e 5674c79008c249ad922d0759aa19046d 011f7c31852f41898637e09bafa17cd1 - - - -] Volume 27c679d6-0015-43d7-b27c-15dff1a9d13b: being created as raw with specification: {'status': 'creating', 'volume_name': 'vol_27c679d6-0015-43d7-b27c-15dff1a9d13b', 'volume_size': 1}
2026-09-29 16:24:17.919 77 INFO cinder.volume.drivers.lightos [None req-c031409d-4f34-4736-a8a9-9481bfbf2d4e 5674c79008c249ad922d0759aa19046d 011f7c31852f41898637e09bafa17cd1 - - - -] Invoking get_volume_by_name using GET url: /api/v2/projects/default/volumes/?name=vol_27c679d6-0015-43d7-b27c-15dff1a9d13b             request.body: {} ssl_verify: False
2026-09-29 16:24:17.954 77 WARNING py.warnings [None req-c031409d-4f34-4736-a8a9-9481bfbf2d4e 5674c79008c249ad922d0759aa19046d 011f7c31852f41898637e09bafa17cd1 - - - -] /var/lib/kolla/venv/lib/python3.12/site-packages/urllib3/connectionpool.py:1110: InsecureRequestWarning: Unverified HTTPS request is being made to host '[LB_IP_ADDRESS]'. Adding certificate verification is strongly advised. See: https://urllib3.readthedocs.io/en/latest/advanced-usage.html#tls-warnings
  warnings.warn(

2026-09-29 16:24:17.967 77 INFO cinder.volume.drivers.lightos [None req-c031409d-4f34-4736-a8a9-9481bfbf2d4e 5674c79008c249ad922d0759aa19046d 011f7c31852f41898637e09bafa17cd1 - - - -] Invoking create_volume using POST url: /api/v2/projects/default/volumes             request.body: {'name': 'vol_27c679d6-0015-43d7-b27c-15dff1a9d13b', 'size': '1 gib', 'replicaCount': '3', 'compression': 'False', 'acl': {'values': ['ALLOW_NONE']}, 'IPAcl': {'values': ['ALLOW_NONE']}, 'sourceSnapshotUUID': None, 'sourceSnapshotName': None} ssl_verify: False
2026-09-29 16:24:18.014 77 WARNING py.warnings [None req-c031409d-4f34-4736-a8a9-9481bfbf2d4e 5674c79008c249ad922d0759aa19046d 011f7c31852f41898637e09bafa17cd1 - - - -] /var/lib/kolla/venv/lib/python3.12/site-packages/urllib3/connectionpool.py:1110: InsecureRequestWarning: Unverified HTTPS request is being made to host '[LB_IP_ADDRESS]'. Adding certificate verification is strongly advised. See: https://urllib3.readthedocs.io/en/latest/advanced-usage.html#tls-warnings
  warnings.warn(

2026-09-29 16:24:18.018 77 INFO cinder.volume.drivers.lightos [None req-a0836cd6-7ac3-4898-84fe-4ace1ad25a48 4cc2cab720554994b919c29d7edf9583 502d10e426984b30919a804eeef8cbfe - - - -] Invoking get_volume_by_name using GET url: /api/v2/projects/default/volumes/?name=vol_d848d42e-0dec-4a78-8ab5-90adaee36ba0             request.body: {} ssl_verify: False
2026-09-29 16:24:18.052 77 INFO cinder.volume.drivers.lightos [None req-c031409d-4f34-4736-a8a9-9481bfbf2d4e 5674c79008c249ad922d0759aa19046d 011f7c31852f41898637e09bafa17cd1 - - - -] Invoking get_volume using GET url: /api/v2/projects/default/volumes/f114b2b6-92da-4d4f-ae31-47a7affedbfa             request.body: {} ssl_verify: False
2026-09-29 16:24:18.080 77 WARNING py.warnings [None req-a0836cd6-7ac3-4898-84fe-4ace1ad25a48 4cc2cab720554994b919c29d7edf9583 502d10e426984b30919a804eeef8cbfe - - - -] /var/lib/kolla/venv/lib/python3.12/site-packages/urllib3/connectionpool.py:1110: InsecureRequestWarning: Unverified HTTPS request is being made to host '[LB_IP_ADDRESS]'. Adding certificate verification is strongly advised. See: https://urllib3.readthedocs.io/en/latest/advanced-usage.html#tls-warnings
  warnings.warn(

2026-09-29 16:24:18.091 77 WARNING py.warnings [None req-c031409d-4f34-4736-a8a9-9481bfbf2d4e 5674c79008c249ad922d0759aa19046d 011f7c31852f41898637e09bafa17cd1 - - - -] /var/lib/kolla/venv/lib/python3.12/site-packages/urllib3/connectionpool.py:1110: InsecureRequestWarning: Unverified HTTPS request is being made to host '[LB_IP_ADDRESS]'. Adding certificate verification is strongly advised. See: https://urllib3.readthedocs.io/en/latest/advanced-usage.html#tls-warnings
  warnings.warn(

2026-09-29 16:24:18.103 77 INFO cinder.volume.drivers.lightos [None req-a0836cd6-7ac3-4898-84fe-4ace1ad25a48 4cc2cab720554994b919c29d7edf9583 502d10e426984b30919a804eeef8cbfe - - - -] Invoking get_volume_by_name using GET url: /api/v2/projects/default/volumes/?name=vol_d848d42e-0dec-4a78-8ab5-90adaee36ba0             request.body: {} ssl_verify: False
2026-09-29 16:24:18.143 77 WARNING py.warnings [None req-a0836cd6-7ac3-4898-84fe-4ace1ad25a48 4cc2cab720554994b919c29d7edf9583 502d10e426984b30919a804eeef8cbfe - - - -] /var/lib/kolla/venv/lib/python3.12/site-packages/urllib3/connectionpool.py:1110: InsecureRequestWarning: Unverified HTTPS request is being made to host '[LB_IP_ADDRESS]'. Adding certificate verification is strongly advised. See: https://urllib3.readthedocs.io/en/latest/advanced-usage.html#tls-warnings
  warnings.warn(

2026-09-29 16:24:18.214 77 INFO cinder.volume.flows.manager.create_volume [None req-a0836cd6-7ac3-4898-84fe-4ace1ad25a48 4cc2cab720554994b919c29d7edf9583 502d10e426984b30919a804eeef8cbfe - - - -] Volume vol_d848d42e-0dec-4a78-8ab5-90adaee36ba0 (d848d42e-0dec-4a78-8ab5-90adaee36ba0): created successfully
2026-09-29 16:24:18.222 77 INFO cinder.volume.manager [None req-a0836cd6-7ac3-4898-84fe-4ace1ad25a48 4cc2cab720554994b919c29d7edf9583 502d10e426984b30919a804eeef8cbfe - - - -] Created volume successfully.
2026-09-29 16:24:18.501 77 INFO cinder.volume.drivers.lightos [None req-d406e90f-fdc4-4eb6-b8ff-b1753c612463 7828bbaeb08840ba97244d3bb2b89be2 518289ab58d544e2be4026a47880b1f6 - - - -] Invoking get_volume using GET url: /api/v2/projects/default/volumes/50c0c545-585c-4071-800c-f460a515f276             request.body: {} ssl_verify: False
2026-09-29 16:24:18.547 77 WARNING py.warnings [None req-d406e90f-fdc4-4eb6-b8ff-b1753c612463 7828bbaeb08840ba97244d3bb2b89be2 518289ab58d544e2be4026a47880b1f6 - - - -] /var/lib/kolla/venv/lib/python3.12/site-packages/urllib3/connectionpool.py:1110: InsecureRequestWarning: Unverified HTTPS request is being made to host '[LB_IP_ADDRESS]'. Adding certificate verification is strongly advised. See: https://urllib3.readthedocs.io/en/latest/advanced-usage.html#tls-warnings
  warnings.warn(

2026-09-29 16:24:18.580 77 INFO cinder.volume.flows.manager.create_volume [None req-d406e90f-fdc4-4eb6-b8ff-b1753c612463 7828bbaeb08840ba97244d3bb2b89be2 518289ab58d544e2be4026a47880b1f6 - - - -] Volume vol_598067ef-ff6d-4d94-80ce-0e5cb97af5db (598067ef-ff6d-4d94-80ce-0e5cb97af5db): created successfully
2026-09-29 16:24:18.588 77 INFO cinder.volume.manager [None req-d406e90f-fdc4-4eb6-b8ff-b1753c612463 7828bbaeb08840ba97244d3bb2b89be2 518289ab58d544e2be4026a47880b1f6 - - - -] Created volume successfully.
2026-09-29 16:24:19.139 77 INFO cinder.volume.drivers.lightos [None req-c031409d-4f34-4736-a8a9-9481bfbf2d4e 5674c79008c249ad922d0759aa19046d 011f7c31852f41898637e09bafa17cd1 - - - -] Invoking get_volume using GET url: /api/v2/projects/default/volumes/f114b2b6-92da-4d4f-ae31-47a7affedbfa             request.body: {} ssl_verify: False
2026-09-29 16:24:19.185 77 WARNING py.warnings [None req-c031409d-4f34-4736-a8a9-9481bfbf2d4e 5674c79008c249ad922d0759aa19046d 011f7c31852f41898637e09bafa17cd1 - - - -] /var/lib/kolla/venv/lib/python3.12/site-packages/urllib3/connectionpool.py:1110: InsecureRequestWarning: Unverified HTTPS request is being made to host '[LB_IP_ADDRESS]'. Adding certificate verification is strongly advised. See: https://urllib3.readthedocs.io/en/latest/advanced-usage.html#tls-warnings
  warnings.warn(

2026-09-29 16:24:19.212 77 INFO cinder.volume.flows.manager.create_volume [None req-c031409d-4f34-4736-a8a9-9481bfbf2d4e 5674c79008c249ad922d0759aa19046d 011f7c31852f41898637e09bafa17cd1 - - - -] Volume vol_27c679d6-0015-43d7-b27c-15dff1a9d13b (27c679d6-0015-43d7-b27c-15dff1a9d13b): created successfully
2026-09-29 16:24:19.219 77 INFO cinder.volume.manager [None req-c031409d-4f34-4736-a8a9-9481bfbf2d4e 5674c79008c249ad922d0759aa19046d 011f7c31852f41898637e09bafa17cd1 - - - -] Created volume successfully.
2026-09-29 16:24:19.545 77 INFO cinder.volume.flows.manager.create_volume [None req-c11d0060-2464-41bb-af99-12ebdeea6123 4cc2cab720554994b919c29d7edf9583 502d10e426984b30919a804eeef8cbfe - - - -] Volume a55dc098-6ef1-4fb1-bf9f-33c692e52e25: being created as source_vol with specification: {'status': 'creating', 'volume_name': 'vol_a55dc098-6ef1-4fb1-bf9f-33c692e52e25', 'volume_size': 1, 'source_volid': 'd848d42e-0dec-4a78-8ab5-90adaee36ba0', 'source_volstatus': 'available'}
2026-09-29 16:24:19.553 77 INFO cinder.volume.drivers.lightos [None req-c11d0060-2464-41bb-af99-12ebdeea6123 4cc2cab720554994b919c29d7edf9583 502d10e426984b30919a804eeef8cbfe - - - -] Invoking get_snapshot_by_name using GET url: /api/v2/projects/default/snapshots/?Name=for_clone_a55dc098-6ef1-4fb1-bf9f-33c692e52e25             request.body: {} ssl_verify: False
2026-09-29 16:24:19.589 77 WARNING py.warnings [None req-c11d0060-2464-41bb-af99-12ebdeea6123 4cc2cab720554994b919c29d7edf9583 502d10e426984b30919a804eeef8cbfe - - - -] /var/lib/kolla/venv/lib/python3.12/site-packages/urllib3/connectionpool.py:1110: InsecureRequestWarning: Unverified HTTPS request is being made to host '[LB_IP_ADDRESS]'. Adding certificate verification is strongly advised. See: https://urllib3.readthedocs.io/en/latest/advanced-usage.html#tls-warnings
  warnings.warn(

2026-09-29 16:24:19.598 77 INFO cinder.volume.drivers.lightos [None req-c11d0060-2464-41bb-af99-12ebdeea6123 4cc2cab720554994b919c29d7edf9583 502d10e426984b30919a804eeef8cbfe - - - -] Invoking create_snapshot using POST url: /api/v2/projects/default/snapshots             request.body: {'name': 'for_clone_a55dc098-6ef1-4fb1-bf9f-33c692e52e25', 'sourceVolumeUUID': None, 'sourceVolumeName': 'vol_d848d42e-0dec-4a78-8ab5-90adaee36ba0'} ssl_verify: False
2026-09-29 16:24:19.636 77 WARNING py.warnings [None req-c11d0060-2464-41bb-af99-12ebdeea6123 4cc2cab720554994b919c29d7edf9583 502d10e426984b30919a804eeef8cbfe - - - -] /var/lib/kolla/venv/lib/python3.12/site-packages/urllib3/connectionpool.py:1110: InsecureRequestWarning: Unverified HTTPS request is being made to host '[LB_IP_ADDRESS]'. Adding certificate verification is strongly advised. See: https://urllib3.readthedocs.io/en/latest/advanced-usage.html#tls-warnings
  warnings.warn(

2026-09-29 16:24:19.682 77 INFO cinder.volume.drivers.lightos [None req-c11d0060-2464-41bb-af99-12ebdeea6123 4cc2cab720554994b919c29d7edf9583 502d10e426984b30919a804eeef8cbfe - - - -] Invoking get_snapshot_by_name using GET url: /api/v2/projects/default/snapshots/?Name=for_clone_a55dc098-6ef1-4fb1-bf9f-33c692e52e25             request.body: {} ssl_verify: False
2026-09-29 16:24:19.732 77 WARNING py.warnings [None req-c11d0060-2464-41bb-af99-12ebdeea6123 4cc2cab720554994b919c29d7edf9583 502d10e426984b30919a804eeef8cbfe - - - -] /var/lib/kolla/venv/lib/python3.12/site-packages/urllib3/connectionpool.py:1110: InsecureRequestWarning: Unverified HTTPS request is being made to host '[LB_IP_ADDRESS]'. Adding certificate verification is strongly advised. See: https://urllib3.readthedocs.io/en/latest/advanced-usage.html#tls-warnings
  warnings.warn(

2026-09-29 16:24:19.780 77 INFO cinder.volume.flows.manager.create_volume [None req-bf2a28f7-c22b-4f89-9a8e-aa4904fa906f 7828bbaeb08840ba97244d3bb2b89be2 518289ab58d544e2be4026a47880b1f6 - - - -] Volume 9ff0bf26-4f6c-488d-a0f2-35c18e6ac9e1: being created as source_vol with specification: {'status': 'creating', 'volume_name': 'vol_9ff0bf26-4f6c-488d-a0f2-35c18e6ac9e1', 'volume_size': 1, 'source_volid': '598067ef-ff6d-4d94-80ce-0e5cb97af5db', 'source_volstatus': 'available'}
2026-09-29 16:24:19.787 77 INFO cinder.volume.drivers.lightos [None req-bf2a28f7-c22b-4f89-9a8e-aa4904fa906f 7828bbaeb08840ba97244d3bb2b89be2 518289ab58d544e2be4026a47880b1f6 - - - -] Invoking get_snapshot_by_name using GET url: /api/v2/projects/default/snapshots/?Name=for_clone_9ff0bf26-4f6c-488d-a0f2-35c18e6ac9e1             request.body: {} ssl_verify: False
2026-09-29 16:24:19.825 77 WARNING py.warnings [None req-bf2a28f7-c22b-4f89-9a8e-aa4904fa906f 7828bbaeb08840ba97244d3bb2b89be2 518289ab58d544e2be4026a47880b1f6 - - - -] /var/lib/kolla/venv/lib/python3.12/site-packages/urllib3/connectionpool.py:1110: InsecureRequestWarning: Unverified HTTPS request is being made to host '[LB_IP_ADDRESS]'. Adding certificate verification is strongly advised. See: https://urllib3.readthedocs.io/en/latest/advanced-usage.html#tls-warnings
  warnings.warn(

2026-09-29 16:24:19.839 77 INFO cinder.volume.drivers.lightos [None req-bf2a28f7-c22b-4f89-9a8e-aa4904fa906f 7828bbaeb08840ba97244d3bb2b89be2 518289ab58d544e2be4026a47880b1f6 - - - -] Invoking create_snapshot using POST url: /api/v2/projects/default/snapshots             request.body: {'name': 'for_clone_9ff0bf26-4f6c-488d-a0f2-35c18e6ac9e1', 'sourceVolumeUUID': None, 'sourceVolumeName': 'vol_598067ef-ff6d-4d94-80ce-0e5cb97af5db'} ssl_verify: False
2026-09-29 16:24:19.881 77 WARNING py.warnings [None req-bf2a28f7-c22b-4f89-9a8e-aa4904fa906f 7828bbaeb08840ba97244d3bb2b89be2 518289ab58d544e2be4026a47880b1f6 - - - -] /var/lib/kolla/venv/lib/python3.12/site-packages/urllib3/connectionpool.py:1110: InsecureRequestWarning: Unverified HTTPS request is being made to host '[LB_IP_ADDRESS]'. Adding certificate verification is strongly advised. See: https://urllib3.readthedocs.io/en/latest/advanced-usage.html#tls-warnings
  warnings.warn(

2026-09-29 16:24:19.905 77 INFO cinder.volume.drivers.lightos [None req-bf2a28f7-c22b-4f89-9a8e-aa4904fa906f 7828bbaeb08840ba97244d3bb2b89be2 518289ab58d544e2be4026a47880b1f6 - - - -] Invoking get_snapshot_by_name using GET url: /api/v2/projects/default/snapshots/?Name=for_clone_9ff0bf26-4f6c-488d-a0f2-35c18e6ac9e1             request.body: {} ssl_verify: False
2026-09-29 16:24:19.957 77 WARNING py.warnings [None req-bf2a28f7-c22b-4f89-9a8e-aa4904fa906f 7828bbaeb08840ba97244d3bb2b89be2 518289ab58d544e2be4026a47880b1f6 - - - -] /var/lib/kolla/venv/lib/python3.12/site-packages/urllib3/connectionpool.py:1110: InsecureRequestWarning: Unverified HTTPS request is being made to host '[LB_IP_ADDRESS]'. Adding certificate verification is strongly advised. See: https://urllib3.readthedocs.io/en/latest/advanced-usage.html#tls-warnings
  warnings.warn(

2026-09-29 16:24:20.198 77 INFO cinder.volume.drivers.lightos [None req-23aa693f-9678-4d9f-836b-40b15d1beafe 5674c79008c249ad922d0759aa19046d 011f7c31852f41898637e09bafa17cd1 - - - -] Invoking get_snapshot_by_name using GET url: /api/v2/projects/default/snapshots/?Name=snapshot-cb4669a1-a32f-481e-827a-1455d8ebf486             request.body: {} ssl_verify: False
2026-09-29 16:24:20.236 77 WARNING py.warnings [None req-23aa693f-9678-4d9f-836b-40b15d1beafe 5674c79008c249ad922d0759aa19046d 011f7c31852f41898637e09bafa17cd1 - - - -] /var/lib/kolla/venv/lib/python3.12/site-packages/urllib3/connectionpool.py:1110: InsecureRequestWarning: Unverified HTTPS request is being made to host '[LB_IP_ADDRESS]'. Adding certificate verification is strongly advised. See: https://urllib3.readthedocs.io/en/latest/advanced-usage.html#tls-warnings
  warnings.warn(

2026-09-29 16:24:20.249 77 INFO cinder.volume.drivers.lightos [None req-23aa693f-9678-4d9f-836b-40b15d1beafe 5674c79008c249ad922d0759aa19046d 011f7c31852f41898637e09bafa17cd1 - - - -] Invoking create_snapshot using POST url: /api/v2/projects/default/snapshots             request.body: {'name': 'snapshot-cb4669a1-a32f-481e-827a-1455d8ebf486', 'sourceVolumeUUID': None, 'sourceVolumeName': 'vol_27c679d6-0015-43d7-b27c-15dff1a9d13b'} ssl_verify: False
2026-09-29 16:24:20.292 77 WARNING py.warnings [None req-23aa693f-9678-4d9f-836b-40b15d1beafe 5674c79008c249ad922d0759aa19046d 011f7c31852f41898637e09bafa17cd1 - - - -] /var/lib/kolla/venv/lib/python3.12/site-packages/urllib3/connectionpool.py:1110: InsecureRequestWarning: Unverified HTTPS request is being made to host '[LB_IP_ADDRESS]'. Adding certificate verification is strongly advised. See: https://urllib3.readthedocs.io/en/latest/advanced-usage.html#tls-warnings
  warnings.warn(

2026-09-29 16:24:20.342 77 INFO cinder.volume.drivers.lightos [None req-23aa693f-9678-4d9f-836b-40b15d1beafe 5674c79008c249ad922d0759aa19046d 011f7c31852f41898637e09bafa17cd1 - - - -] Invoking get_snapshot_by_name using GET url: /api/v2/projects/default/snapshots/?Name=snapshot-cb4669a1-a32f-481e-827a-1455d8ebf486             request.body: {} ssl_verify: False
2026-09-29 16:24:20.390 77 WARNING py.warnings [None req-23aa693f-9678-4d9f-836b-40b15d1beafe 5674c79008c249ad922d0759aa19046d 011f7c31852f41898637e09bafa17cd1 - - - -] /var/lib/kolla/venv/lib/python3.12/site-packages/urllib3/connectionpool.py:1110: InsecureRequestWarning: Unverified HTTPS request is being made to host '[LB_IP_ADDRESS]'. Adding certificate verification is strongly advised. See: https://urllib3.readthedocs.io/en/latest/advanced-usage.html#tls-warnings
  warnings.warn(

2026-09-29 16:24:20.745 77 INFO cinder.volume.drivers.lightos [None req-c11d0060-2464-41bb-af99-12ebdeea6123 4cc2cab720554994b919c29d7edf9583 502d10e426984b30919a804eeef8cbfe - - - -] Invoking get_snapshot_by_name using GET url: /api/v2/projects/default/snapshots/?Name=for_clone_a55dc098-6ef1-4fb1-bf9f-33c692e52e25             request.body: {} ssl_verify: False
2026-09-29 16:24:20.792 77 WARNING py.warnings [None req-c11d0060-2464-41bb-af99-12ebdeea6123 4cc2cab720554994b919c29d7edf9583 502d10e426984b30919a804eeef8cbfe - - - -] /var/lib/kolla/venv/lib/python3.12/site-packages/urllib3/connectionpool.py:1110: InsecureRequestWarning: Unverified HTTPS request is being made to host '[LB_IP_ADDRESS]'. Adding certificate verification is strongly advised. See: https://urllib3.readthedocs.io/en/latest/advanced-usage.html#tls-warnings
  warnings.warn(

2026-09-29 16:24:20.809 77 INFO cinder.volume.drivers.lightos [None req-c11d0060-2464-41bb-af99-12ebdeea6123 4cc2cab720554994b919c29d7edf9583 502d10e426984b30919a804eeef8cbfe - - - -] Invoking get_volume_by_name using GET url: /api/v2/projects/default/volumes/?name=vol_a55dc098-6ef1-4fb1-bf9f-33c692e52e25             request.body: {} ssl_verify: False
2026-09-29 16:24:20.856 77 WARNING py.warnings [None req-c11d0060-2464-41bb-af99-12ebdeea6123 4cc2cab720554994b919c29d7edf9583 502d10e426984b30919a804eeef8cbfe - - - -] /var/lib/kolla/venv/lib/python3.12/site-packages/urllib3/connectionpool.py:1110: InsecureRequestWarning: Unverified HTTPS request is being made to host '[LB_IP_ADDRESS]'. Adding certificate verification is strongly advised. See: https://urllib3.readthedocs.io/en/latest/advanced-usage.html#tls-warnings
  warnings.warn(

2026-09-29 16:24:20.867 77 INFO cinder.volume.drivers.lightos [None req-c11d0060-2464-41bb-af99-12ebdeea6123 4cc2cab720554994b919c29d7edf9583 502d10e426984b30919a804eeef8cbfe - - - -] Invoking create_volume using POST url: /api/v2/projects/default/volumes             request.body: {'name': 'vol_a55dc098-6ef1-4fb1-bf9f-33c692e52e25', 'size': '1 gib', 'replicaCount': '3', 'compression': 'False', 'acl': {'values': ['ALLOW_NONE']}, 'IPAcl': {'values': ['ALLOW_NONE']}, 'sourceSnapshotUUID': None, 'sourceSnapshotName': 'for_clone_a55dc098-6ef1-4fb1-bf9f-33c692e52e25'} ssl_verify: False
2026-09-29 16:24:20.914 77 WARNING py.warnings [None req-c11d0060-2464-41bb-af99-12ebdeea6123 4cc2cab720554994b919c29d7edf9583 502d10e426984b30919a804eeef8cbfe - - - -] /var/lib/kolla/venv/lib/python3.12/site-packages/urllib3/connectionpool.py:1110: InsecureRequestWarning: Unverified HTTPS request is being made to host '[LB_IP_ADDRESS]'. Adding certificate verification is strongly advised. See: https://urllib3.readthedocs.io/en/latest/advanced-usage.html#tls-warnings
  warnings.warn(

2026-09-29 16:24:20.938 77 INFO cinder.volume.drivers.lightos [None req-c11d0060-2464-41bb-af99-12ebdeea6123 4cc2cab720554994b919c29d7edf9583 502d10e426984b30919a804eeef8cbfe - - - -] Invoking get_volume using GET url: /api/v2/projects/default/volumes/2677617d-6c9a-4d2d-9830-da6d9f100027             request.body: {} ssl_verify: False
2026-09-29 16:24:20.983 77 WARNING py.warnings [None req-c11d0060-2464-41bb-af99-12ebdeea6123 4cc2cab720554994b919c29d7edf9583 502d10e426984b30919a804eeef8cbfe - - - -] /var/lib/kolla/venv/lib/python3.12/site-packages/urllib3/connectionpool.py:1110: InsecureRequestWarning: Unverified HTTPS request is being made to host '[LB_IP_ADDRESS]'. Adding certificate verification is strongly advised. See: https://urllib3.readthedocs.io/en/latest/advanced-usage.html#tls-warnings
  warnings.warn(

2026-09-29 16:24:20.995 77 INFO cinder.volume.drivers.lightos [None req-c11d0060-2464-41bb-af99-12ebdeea6123 4cc2cab720554994b919c29d7edf9583 502d10e426984b30919a804eeef8cbfe - - - -] Invoking get_snapshot_by_name using GET url: /api/v2/projects/default/snapshots/?Name=for_clone_a55dc098-6ef1-4fb1-bf9f-33c692e52e25             request.body: {} ssl_verify: False
2026-09-29 16:24:20.998 77 INFO cinder.volume.drivers.lightos [None req-bf2a28f7-c22b-4f89-9a8e-aa4904fa906f 7828bbaeb08840ba97244d3bb2b89be2 518289ab58d544e2be4026a47880b1f6 - - - -] Invoking get_snapshot_by_name using GET url: /api/v2/projects/default/snapshots/?Name=for_clone_9ff0bf26-4f6c-488d-a0f2-35c18e6ac9e1             request.body: {} ssl_verify: False
2026-09-29 16:24:21.057 77 WARNING py.warnings [None req-c11d0060-2464-41bb-af99-12ebdeea6123 4cc2cab720554994b919c29d7edf9583 502d10e426984b30919a804eeef8cbfe - - - -] /var/lib/kolla/venv/lib/python3.12/site-packages/urllib3/connectionpool.py:1110: InsecureRequestWarning: Unverified HTTPS request is being made to host '[LB_IP_ADDRESS]'. Adding certificate verification is strongly advised. See: https://urllib3.readthedocs.io/en/latest/advanced-usage.html#tls-warnings
  warnings.warn(

2026-09-29 16:24:21.063 77 WARNING py.warnings [None req-bf2a28f7-c22b-4f89-9a8e-aa4904fa906f 7828bbaeb08840ba97244d3bb2b89be2 518289ab58d544e2be4026a47880b1f6 - - - -] /var/lib/kolla/venv/lib/python3.12/site-packages/urllib3/connectionpool.py:1110: InsecureRequestWarning: Unverified HTTPS request is being made to host '[LB_IP_ADDRESS]'. Adding certificate verification is strongly advised. See: https://urllib3.readthedocs.io/en/latest/advanced-usage.html#tls-warnings
  warnings.warn(

2026-09-29 16:24:21.070 77 INFO cinder.volume.drivers.lightos [None req-c11d0060-2464-41bb-af99-12ebdeea6123 4cc2cab720554994b919c29d7edf9583 502d10e426984b30919a804eeef8cbfe - - - -] Invoking delete_snapshot using DELETE url: /api/v2/projects/default/snapshots/6fe73d0c-e22e-4ffa-b8e4-dd7d8f55dac8?             request.body:  ssl_verify: False
2026-09-29 16:24:21.102 77 INFO cinder.volume.drivers.lightos [None req-bf2a28f7-c22b-4f89-9a8e-aa4904fa906f 7828bbaeb08840ba97244d3bb2b89be2 518289ab58d544e2be4026a47880b1f6 - - - -] Invoking get_volume_by_name using GET url: /api/v2/projects/default/volumes/?name=vol_9ff0bf26-4f6c-488d-a0f2-35c18e6ac9e1             request.body: {} ssl_verify: False
2026-09-29 16:24:21.131 77 WARNING py.warnings [None req-c11d0060-2464-41bb-af99-12ebdeea6123 4cc2cab720554994b919c29d7edf9583 502d10e426984b30919a804eeef8cbfe - - - -] /var/lib/kolla/venv/lib/python3.12/site-packages/urllib3/connectionpool.py:1110: InsecureRequestWarning: Unverified HTTPS request is being made to host '[LB_IP_ADDRESS]'. Adding certificate verification is strongly advised. See: https://urllib3.readthedocs.io/en/latest/advanced-usage.html#tls-warnings
  warnings.warn(

2026-09-29 16:24:21.140 77 WARNING py.warnings [None req-bf2a28f7-c22b-4f89-9a8e-aa4904fa906f 7828bbaeb08840ba97244d3bb2b89be2 518289ab58d544e2be4026a47880b1f6 - - - -] /var/lib/kolla/venv/lib/python3.12/site-packages/urllib3/connectionpool.py:1110: InsecureRequestWarning: Unverified HTTPS request is being made to host '[LB_IP_ADDRESS]'. Adding certificate verification is strongly advised. See: https://urllib3.readthedocs.io/en/latest/advanced-usage.html#tls-warnings
  warnings.warn(

2026-09-29 16:24:21.150 77 INFO cinder.volume.drivers.lightos [None req-bf2a28f7-c22b-4f89-9a8e-aa4904fa906f 7828bbaeb08840ba97244d3bb2b89be2 518289ab58d544e2be4026a47880b1f6 - - - -] Invoking create_volume using POST url: /api/v2/projects/default/volumes             request.body: {'name': 'vol_9ff0bf26-4f6c-488d-a0f2-35c18e6ac9e1', 'size': '1 gib', 'replicaCount': '3', 'compression': 'False', 'acl': {'values': ['ALLOW_NONE']}, 'IPAcl': {'values': ['ALLOW_NONE']}, 'sourceSnapshotUUID': None, 'sourceSnapshotName': 'for_clone_9ff0bf26-4f6c-488d-a0f2-35c18e6ac9e1'} ssl_verify: False
2026-09-29 16:24:21.183 77 INFO cinder.volume.drivers.lightos [None req-c11d0060-2464-41bb-af99-12ebdeea6123 4cc2cab720554994b919c29d7edf9583 502d10e426984b30919a804eeef8cbfe - - - -] Invoking get_snapshot using GET url: /api/v2/projects/default/snapshots/6fe73d0c-e22e-4ffa-b8e4-dd7d8f55dac8             request.body: {} ssl_verify: False
2026-09-29 16:24:21.212 77 WARNING py.warnings [None req-bf2a28f7-c22b-4f89-9a8e-aa4904fa906f 7828bbaeb08840ba97244d3bb2b89be2 518289ab58d544e2be4026a47880b1f6 - - - -] /var/lib/kolla/venv/lib/python3.12/site-packages/urllib3/connectionpool.py:1110: InsecureRequestWarning: Unverified HTTPS request is being made to host '[LB_IP_ADDRESS]'. Adding certificate verification is strongly advised. See: https://urllib3.readthedocs.io/en/latest/advanced-usage.html#tls-warnings
  warnings.warn(

2026-09-29 16:24:21.217 77 WARNING py.warnings [None req-c11d0060-2464-41bb-af99-12ebdeea6123 4cc2cab720554994b919c29d7edf9583 502d10e426984b30919a804eeef8cbfe - - - -] /var/lib/kolla/venv/lib/python3.12/site-packages/urllib3/connectionpool.py:1110: InsecureRequestWarning: Unverified HTTPS request is being made to host '[LB_IP_ADDRESS]'. Adding certificate verification is strongly advised. See: https://urllib3.readthedocs.io/en/latest/advanced-usage.html#tls-warnings
  warnings.warn(

2026-09-29 16:24:21.242 77 INFO cinder.volume.drivers.lightos [None req-bf2a28f7-c22b-4f89-9a8e-aa4904fa906f 7828bbaeb08840ba97244d3bb2b89be2 518289ab58d544e2be4026a47880b1f6 - - - -] Invoking get_volume using GET url: /api/v2/projects/default/volumes/6808ed35-93a7-4995-98eb-1d6578b1ddf4             request.body: {} ssl_verify: False
2026-09-29 16:24:21.286 77 WARNING py.warnings [None req-bf2a28f7-c22b-4f89-9a8e-aa4904fa906f 7828bbaeb08840ba97244d3bb2b89be2 518289ab58d544e2be4026a47880b1f6 - - - -] /var/lib/kolla/venv/lib/python3.12/site-packages/urllib3/connectionpool.py:1110: InsecureRequestWarning: Unverified HTTPS request is being made to host '[LB_IP_ADDRESS]'. Adding certificate verification is strongly advised. See: https://urllib3.readthedocs.io/en/latest/advanced-usage.html#tls-warnings
  warnings.warn(

2026-09-29 16:24:21.314 77 INFO cinder.volume.flows.manager.create_volume [None req-c11d0060-2464-41bb-af99-12ebdeea6123 4cc2cab720554994b919c29d7edf9583 502d10e426984b30919a804eeef8cbfe - - - -] Volume vol_a55dc098-6ef1-4fb1-bf9f-33c692e52e25 (a55dc098-6ef1-4fb1-bf9f-33c692e52e25): created successfully
2026-09-29 16:24:21.322 77 INFO cinder.volume.manager [None req-c11d0060-2464-41bb-af99-12ebdeea6123 4cc2cab720554994b919c29d7edf9583 502d10e426984b30919a804eeef8cbfe - - - -] Created volume successfully.
2026-09-29 16:24:21.515 77 INFO cinder.volume.drivers.lightos [None req-23aa693f-9678-4d9f-836b-40b15d1beafe 5674c79008c249ad922d0759aa19046d 011f7c31852f41898637e09bafa17cd1 - - - -] Invoking get_snapshot_by_name using GET url: /api/v2/projects/default/snapshots/?Name=snapshot-cb4669a1-a32f-481e-827a-1455d8ebf486             request.body: {} ssl_verify: False
2026-09-29 16:24:21.559 77 WARNING py.warnings [None req-23aa693f-9678-4d9f-836b-40b15d1beafe 5674c79008c249ad922d0759aa19046d 011f7c31852f41898637e09bafa17cd1 - - - -] /var/lib/kolla/venv/lib/python3.12/site-packages/urllib3/connectionpool.py:1110: InsecureRequestWarning: Unverified HTTPS request is being made to host '[LB_IP_ADDRESS]'. Adding certificate verification is strongly advised. See: https://urllib3.readthedocs.io/en/latest/advanced-usage.html#tls-warnings
  warnings.warn(

2026-09-29 16:24:21.586 77 INFO cinder.volume.manager [None req-23aa693f-9678-4d9f-836b-40b15d1beafe 5674c79008c249ad922d0759aa19046d 011f7c31852f41898637e09bafa17cd1 - - - -] Create snapshot completed successfully
2026-09-29 16:24:21.790 77 INFO cinder.volume.drivers.lightos [None req-bbcdc13a-170c-416d-9c7d-4b2b8a71b1bf 4cc2cab720554994b919c29d7edf9583 502d10e426984b30919a804eeef8cbfe - - default default] Invoking delete_volume using DELETE url: /api/v2/projects/default/volumes/2677617d-6c9a-4d2d-9830-da6d9f100027?             request.body:  ssl_verify: False
2026-09-29 16:24:21.824 77 WARNING py.warnings [None req-bbcdc13a-170c-416d-9c7d-4b2b8a71b1bf 4cc2cab720554994b919c29d7edf9583 502d10e426984b30919a804eeef8cbfe - - default default] /var/lib/kolla/venv/lib/python3.12/site-packages/urllib3/connectionpool.py:1110: InsecureRequestWarning: Unverified HTTPS request is being made to host '[LB_IP_ADDRESS]'. Adding certificate verification is strongly advised. See: https://urllib3.readthedocs.io/en/latest/advanced-usage.html#tls-warnings
  warnings.warn(

2026-09-29 16:24:21.847 77 INFO cinder.volume.drivers.lightos [None req-bbcdc13a-170c-416d-9c7d-4b2b8a71b1bf 4cc2cab720554994b919c29d7edf9583 502d10e426984b30919a804eeef8cbfe - - default default] Invoking get_volume using GET url: /api/v2/projects/default/volumes/2677617d-6c9a-4d2d-9830-da6d9f100027             request.body: {} ssl_verify: False
2026-09-29 16:24:21.888 77 WARNING py.warnings [None req-bbcdc13a-170c-416d-9c7d-4b2b8a71b1bf 4cc2cab720554994b919c29d7edf9583 502d10e426984b30919a804eeef8cbfe - - default default] /var/lib/kolla/venv/lib/python3.12/site-packages/urllib3/connectionpool.py:1110: InsecureRequestWarning: Unverified HTTPS request is being made to host '[LB_IP_ADDRESS]'. Adding certificate verification is strongly advised. See: https://urllib3.readthedocs.io/en/latest/advanced-usage.html#tls-warnings
  warnings.warn(

2026-09-29 16:24:22.023 77 INFO cinder.volume.manager [None req-bbcdc13a-170c-416d-9c7d-4b2b8a71b1bf 4cc2cab720554994b919c29d7edf9583 502d10e426984b30919a804eeef8cbfe - - default default] Deleted volume successfully.
2026-09-29 16:24:22.337 77 INFO cinder.volume.drivers.lightos [None req-bf2a28f7-c22b-4f89-9a8e-aa4904fa906f 7828bbaeb08840ba97244d3bb2b89be2 518289ab58d544e2be4026a47880b1f6 - - - -] Invoking get_volume using GET url: /api/v2/projects/default/volumes/6808ed35-93a7-4995-98eb-1d6578b1ddf4             request.body: {} ssl_verify: False
2026-09-29 16:24:22.381 77 WARNING py.warnings [None req-bf2a28f7-c22b-4f89-9a8e-aa4904fa906f 7828bbaeb08840ba97244d3bb2b89be2 518289ab58d544e2be4026a47880b1f6 - - - -] /var/lib/kolla/venv/lib/python3.12/site-packages/urllib3/connectionpool.py:1110: InsecureRequestWarning: Unverified HTTPS request is being made to host '[LB_IP_ADDRESS]'. Adding certificate verification is strongly advised. See: https://urllib3.readthedocs.io/en/latest/advanced-usage.html#tls-warnings
  warnings.warn(

2026-09-29 16:24:22.394 77 INFO cinder.volume.drivers.lightos [None req-bf2a28f7-c22b-4f89-9a8e-aa4904fa906f 7828bbaeb08840ba97244d3bb2b89be2 518289ab58d544e2be4026a47880b1f6 - - - -] Invoking get_snapshot_by_name using GET url: /api/v2/projects/default/snapshots/?Name=for_clone_9ff0bf26-4f6c-488d-a0f2-35c18e6ac9e1             request.body: {} ssl_verify: False
2026-09-29 16:24:22.431 77 WARNING py.warnings [None req-bf2a28f7-c22b-4f89-9a8e-aa4904fa906f 7828bbaeb08840ba97244d3bb2b89be2 518289ab58d544e2be4026a47880b1f6 - - - -] /var/lib/kolla/venv/lib/python3.12/site-packages/urllib3/connectionpool.py:1110: InsecureRequestWarning: Unverified HTTPS request is being made to host '[LB_IP_ADDRESS]'. Adding certificate verification is strongly advised. See: https://urllib3.readthedocs.io/en/latest/advanced-usage.html#tls-warnings
  warnings.warn(

2026-09-29 16:24:22.444 77 INFO cinder.volume.drivers.lightos [None req-bf2a28f7-c22b-4f89-9a8e-aa4904fa906f 7828bbaeb08840ba97244d3bb2b89be2 518289ab58d544e2be4026a47880b1f6 - - - -] Invoking delete_snapshot using DELETE url: /api/v2/projects/default/snapshots/2e174428-4b18-40ba-ae3c-6b7cf968d116?             request.body:  ssl_verify: False
2026-09-29 16:24:22.486 77 WARNING py.warnings [None req-bf2a28f7-c22b-4f89-9a8e-aa4904fa906f 7828bbaeb08840ba97244d3bb2b89be2 518289ab58d544e2be4026a47880b1f6 - - - -] /var/lib/kolla/venv/lib/python3.12/site-packages/urllib3/connectionpool.py:1110: InsecureRequestWarning: Unverified HTTPS request is being made to host '[LB_IP_ADDRESS]'. Adding certificate verification is strongly advised. See: https://urllib3.readthedocs.io/en/latest/advanced-usage.html#tls-warnings
  warnings.warn(

2026-09-29 16:24:22.513 77 INFO cinder.volume.drivers.lightos [None req-bf2a28f7-c22b-4f89-9a8e-aa4904fa906f 7828bbaeb08840ba97244d3bb2b89be2 518289ab58d544e2be4026a47880b1f6 - - - -] Invoking get_snapshot using GET url: /api/v2/projects/default/snapshots/2e174428-4b18-40ba-ae3c-6b7cf968d116             request.body: {} ssl_verify: False
2026-09-29 16:24:22.553 77 WARNING py.warnings [None req-bf2a28f7-c22b-4f89-9a8e-aa4904fa906f 7828bbaeb08840ba97244d3bb2b89be2 518289ab58d544e2be4026a47880b1f6 - - - -] /var/lib/kolla/venv/lib/python3.12/site-packages/urllib3/connectionpool.py:1110: InsecureRequestWarning: Unverified HTTPS request is being made to host '[LB_IP_ADDRESS]'. Adding certificate verification is strongly advised. See: https://urllib3.readthedocs.io/en/latest/advanced-usage.html#tls-warnings
  warnings.warn(

2026-09-29 16:24:22.585 77 INFO cinder.volume.flows.manager.create_volume [None req-bf2a28f7-c22b-4f89-9a8e-aa4904fa906f 7828bbaeb08840ba97244d3bb2b89be2 518289ab58d544e2be4026a47880b1f6 - - - -] Volume vol_9ff0bf26-4f6c-488d-a0f2-35c18e6ac9e1 (9ff0bf26-4f6c-488d-a0f2-35c18e6ac9e1): created successfully
2026-09-29 16:24:22.592 77 INFO cinder.volume.manager [None req-bf2a28f7-c22b-4f89-9a8e-aa4904fa906f 7828bbaeb08840ba97244d3bb2b89be2 518289ab58d544e2be4026a47880b1f6 - - - -] Created volume successfully.
2026-09-29 16:24:22.695 77 INFO cinder.volume.flows.manager.create_volume [None req-38a80fb2-b54a-4369-9ab7-30019ea4ab6b 5674c79008c249ad922d0759aa19046d 011f7c31852f41898637e09bafa17cd1 - - - -] Volume e464582c-83c9-4f29-a8ea-4c2089fea2eb: being created as snap with specification: {'status': 'creating', 'volume_name': 'vol_e464582c-83c9-4f29-a8ea-4c2089fea2eb', 'volume_size': 1, 'snapshot_id': 'cb4669a1-a32f-481e-827a-1455d8ebf486'}
2026-09-29 16:24:22.701 77 INFO cinder.volume.drivers.lightos [None req-38a80fb2-b54a-4369-9ab7-30019ea4ab6b 5674c79008c249ad922d0759aa19046d 011f7c31852f41898637e09bafa17cd1 - - - -] Invoking get_volume_by_name using GET url: /api/v2/projects/default/volumes/?name=vol_e464582c-83c9-4f29-a8ea-4c2089fea2eb             request.body: {} ssl_verify: False
2026-09-29 16:24:22.738 77 WARNING py.warnings [None req-38a80fb2-b54a-4369-9ab7-30019ea4ab6b 5674c79008c249ad922d0759aa19046d 011f7c31852f41898637e09bafa17cd1 - - - -] /var/lib/kolla/venv/lib/python3.12/site-packages/urllib3/connectionpool.py:1110: InsecureRequestWarning: Unverified HTTPS request is being made to host '[LB_IP_ADDRESS]'. Adding certificate verification is strongly advised. See: https://urllib3.readthedocs.io/en/latest/advanced-usage.html#tls-warnings
  warnings.warn(

2026-09-29 16:24:22.747 77 INFO cinder.volume.drivers.lightos [None req-38a80fb2-b54a-4369-9ab7-30019ea4ab6b 5674c79008c249ad922d0759aa19046d 011f7c31852f41898637e09bafa17cd1 - - - -] Invoking create_volume using POST url: /api/v2/projects/default/volumes             request.body: {'name': 'vol_e464582c-83c9-4f29-a8ea-4c2089fea2eb', 'size': '1 gib', 'replicaCount': '3', 'compression': 'False', 'acl': {'values': ['ALLOW_NONE']}, 'IPAcl': {'values': ['ALLOW_NONE']}, 'sourceSnapshotUUID': None, 'sourceSnapshotName': 'snapshot-cb4669a1-a32f-481e-827a-1455d8ebf486'} ssl_verify: False
2026-09-29 16:24:22.787 77 WARNING py.warnings [None req-38a80fb2-b54a-4369-9ab7-30019ea4ab6b 5674c79008c249ad922d0759aa19046d 011f7c31852f41898637e09bafa17cd1 - - - -] /var/lib/kolla/venv/lib/python3.12/site-packages/urllib3/connectionpool.py:1110: InsecureRequestWarning: Unverified HTTPS request is being made to host '[LB_IP_ADDRESS]'. Adding certificate verification is strongly advised. See: https://urllib3.readthedocs.io/en/latest/advanced-usage.html#tls-warnings
  warnings.warn(

2026-09-29 16:24:22.813 77 INFO cinder.volume.drivers.lightos [None req-38a80fb2-b54a-4369-9ab7-30019ea4ab6b 5674c79008c249ad922d0759aa19046d 011f7c31852f41898637e09bafa17cd1 - - - -] Invoking get_volume using GET url: /api/v2/projects/default/volumes/0756fa86-1598-4587-8086-a021a3dd76e6             request.body: {} ssl_verify: False
2026-09-29 16:24:22.856 77 WARNING py.warnings [None req-38a80fb2-b54a-4369-9ab7-30019ea4ab6b 5674c79008c249ad922d0759aa19046d 011f7c31852f41898637e09bafa17cd1 - - - -] /var/lib/kolla/venv/lib/python3.12/site-packages/urllib3/connectionpool.py:1110: InsecureRequestWarning: Unverified HTTPS request is being made to host '[LB_IP_ADDRESS]'. Adding certificate verification is strongly advised. See: https://urllib3.readthedocs.io/en/latest/advanced-usage.html#tls-warnings
  warnings.warn(

2026-09-29 16:24:22.997 77 INFO cinder.volume.drivers.lightos [None req-885ba89f-20cd-4aeb-b227-e2d6eacfd917 4cc2cab720554994b919c29d7edf9583 502d10e426984b30919a804eeef8cbfe - - default default] Invoking delete_volume using DELETE url: /api/v2/projects/default/volumes/aec197d7-c80b-4a3d-939b-b64576041211?             request.body:  ssl_verify: False
2026-09-29 16:24:23.036 77 WARNING py.warnings [None req-885ba89f-20cd-4aeb-b227-e2d6eacfd917 4cc2cab720554994b919c29d7edf9583 502d10e426984b30919a804eeef8cbfe - - default default] /var/lib/kolla/venv/lib/python3.12/site-packages/urllib3/connectionpool.py:1110: InsecureRequestWarning: Unverified HTTPS request is being made to host '[LB_IP_ADDRESS]'. Adding certificate verification is strongly advised. See: https://urllib3.readthedocs.io/en/latest/advanced-usage.html#tls-warnings
  warnings.warn(

2026-09-29 16:24:23.074 77 INFO cinder.volume.drivers.lightos [None req-885ba89f-20cd-4aeb-b227-e2d6eacfd917 4cc2cab720554994b919c29d7edf9583 502d10e426984b30919a804eeef8cbfe - - default default] Invoking get_volume using GET url: /api/v2/projects/default/volumes/aec197d7-c80b-4a3d-939b-b64576041211             request.body: {} ssl_verify: False
2026-09-29 16:24:23.117 77 WARNING py.warnings [None req-885ba89f-20cd-4aeb-b227-e2d6eacfd917 4cc2cab720554994b919c29d7edf9583 502d10e426984b30919a804eeef8cbfe - - default default] /var/lib/kolla/venv/lib/python3.12/site-packages/urllib3/connectionpool.py:1110: InsecureRequestWarning: Unverified HTTPS request is being made to host '[LB_IP_ADDRESS]'. Adding certificate verification is strongly advised. See: https://urllib3.readthedocs.io/en/latest/advanced-usage.html#tls-warnings
  warnings.warn(

2026-09-29 16:24:23.241 77 INFO cinder.volume.manager [None req-885ba89f-20cd-4aeb-b227-e2d6eacfd917 4cc2cab720554994b919c29d7edf9583 502d10e426984b30919a804eeef8cbfe - - default default] Deleted volume successfully.
2026-09-29 16:24:23.577 77 INFO cinder.volume.flows.manager.create_volume [None req-880deac7-0870-4c0d-b16c-652d1412b367 7828bbaeb08840ba97244d3bb2b89be2 518289ab58d544e2be4026a47880b1f6 - - - -] Volume 6feebc6b-4226-42a4-9bde-f0aab625c073: being created as raw with specification: {'status': 'creating', 'volume_name': 'vol_6feebc6b-4226-42a4-9bde-f0aab625c073', 'volume_size': 1}
2026-09-29 16:24:23.578 77 INFO cinder.volume.drivers.lightos [None req-880deac7-0870-4c0d-b16c-652d1412b367 7828bbaeb08840ba97244d3bb2b89be2 518289ab58d544e2be4026a47880b1f6 - - - -] Invoking get_volume_by_name using GET url: /api/v2/projects/default/volumes/?name=vol_6feebc6b-4226-42a4-9bde-f0aab625c073             request.body: {} ssl_verify: False
2026-09-29 16:24:23.613 77 WARNING py.warnings [None req-880deac7-0870-4c0d-b16c-652d1412b367 7828bbaeb08840ba97244d3bb2b89be2 518289ab58d544e2be4026a47880b1f6 - - - -] /var/lib/kolla/venv/lib/python3.12/site-packages/urllib3/connectionpool.py:1110: InsecureRequestWarning: Unverified HTTPS request is being made to host '[LB_IP_ADDRESS]'. Adding certificate verification is strongly advised. See: https://urllib3.readthedocs.io/en/latest/advanced-usage.html#tls-warnings
  warnings.warn(

2026-09-29 16:24:23.625 77 INFO cinder.volume.drivers.lightos [None req-880deac7-0870-4c0d-b16c-652d1412b367 7828bbaeb08840ba97244d3bb2b89be2 518289ab58d544e2be4026a47880b1f6 - - - -] Invoking create_volume using POST url: /api/v2/projects/default/volumes             request.body: {'name': 'vol_6feebc6b-4226-42a4-9bde-f0aab625c073', 'size': '1 gib', 'replicaCount': '3', 'compression': 'False', 'acl': {'values': ['ALLOW_NONE']}, 'IPAcl': {'values': ['ALLOW_NONE']}, 'sourceSnapshotUUID': None, 'sourceSnapshotName': None} ssl_verify: False
2026-09-29 16:24:23.672 77 WARNING py.warnings [None req-880deac7-0870-4c0d-b16c-652d1412b367 7828bbaeb08840ba97244d3bb2b89be2 518289ab58d544e2be4026a47880b1f6 - - - -] /var/lib/kolla/venv/lib/python3.12/site-packages/urllib3/connectionpool.py:1110: InsecureRequestWarning: Unverified HTTPS request is being made to host '[LB_IP_ADDRESS]'. Adding certificate verification is strongly advised. See: https://urllib3.readthedocs.io/en/latest/advanced-usage.html#tls-warnings
  warnings.warn(

2026-09-29 16:24:23.698 77 INFO cinder.volume.drivers.lightos [None req-880deac7-0870-4c0d-b16c-652d1412b367 7828bbaeb08840ba97244d3bb2b89be2 518289ab58d544e2be4026a47880b1f6 - - - -] Invoking get_volume using GET url: /api/v2/projects/default/volumes/f70c00f1-9812-4fb5-ab8f-df6400b1302d             request.body: {} ssl_verify: False
2026-09-29 16:24:23.758 77 WARNING py.warnings [None req-880deac7-0870-4c0d-b16c-652d1412b367 7828bbaeb08840ba97244d3bb2b89be2 518289ab58d544e2be4026a47880b1f6 - - - -] /var/lib/kolla/venv/lib/python3.12/site-packages/urllib3/connectionpool.py:1110: InsecureRequestWarning: Unverified HTTPS request is being made to host '[LB_IP_ADDRESS]'. Adding certificate verification is strongly advised. See: https://urllib3.readthedocs.io/en/latest/advanced-usage.html#tls-warnings
  warnings.warn(

2026-09-29 16:24:23.869 77 INFO cinder.volume.drivers.lightos [None req-38a80fb2-b54a-4369-9ab7-30019ea4ab6b 5674c79008c249ad922d0759aa19046d 011f7c31852f41898637e09bafa17cd1 - - - -] Invoking get_volume using GET url: /api/v2/projects/default/volumes/0756fa86-1598-4587-8086-a021a3dd76e6             request.body: {} ssl_verify: False
2026-09-29 16:24:23.915 77 WARNING py.warnings [None req-38a80fb2-b54a-4369-9ab7-30019ea4ab6b 5674c79008c249ad922d0759aa19046d 011f7c31852f41898637e09bafa17cd1 - - - -] /var/lib/kolla/venv/lib/python3.12/site-packages/urllib3/connectionpool.py:1110: InsecureRequestWarning: Unverified HTTPS request is being made to host '[LB_IP_ADDRESS]'. Adding certificate verification is strongly advised. See: https://urllib3.readthedocs.io/en/latest/advanced-usage.html#tls-warnings
  warnings.warn(

2026-09-29 16:24:23.959 77 INFO cinder.volume.flows.manager.create_volume [None req-38a80fb2-b54a-4369-9ab7-30019ea4ab6b 5674c79008c249ad922d0759aa19046d 011f7c31852f41898637e09bafa17cd1 - - - -] Volume vol_e464582c-83c9-4f29-a8ea-4c2089fea2eb (e464582c-83c9-4f29-a8ea-4c2089fea2eb): created successfully
2026-09-29 16:24:23.969 77 INFO cinder.volume.manager [None req-38a80fb2-b54a-4369-9ab7-30019ea4ab6b 5674c79008c249ad922d0759aa19046d 011f7c31852f41898637e09bafa17cd1 - - - -] Created volume successfully.
2026-09-29 16:24:24.514 77 INFO cinder.volume.flows.manager.create_volume [None req-332f1368-a71a-4c01-ade9-65b7fdfd613a 4cc2cab720554994b919c29d7edf9583 502d10e426984b30919a804eeef8cbfe - - - -] Volume ab90f60b-59fe-41a1-8321-d148257d63d7: being created as raw with specification: {'status': 'creating', 'volume_name': 'vol_ab90f60b-59fe-41a1-8321-d148257d63d7', 'volume_size': 1}
2026-09-29 16:24:24.514 77 INFO cinder.volume.drivers.lightos [None req-332f1368-a71a-4c01-ade9-65b7fdfd613a 4cc2cab720554994b919c29d7edf9583 502d10e426984b30919a804eeef8cbfe - - - -] Invoking get_volume_by_name using GET url: /api/v2/projects/default/volumes/?name=vol_ab90f60b-59fe-41a1-8321-d148257d63d7             request.body: {} ssl_verify: False
2026-09-29 16:24:24.549 77 WARNING py.warnings [None req-332f1368-a71a-4c01-ade9-65b7fdfd613a 4cc2cab720554994b919c29d7edf9583 502d10e426984b30919a804eeef8cbfe - - - -] /var/lib/kolla/venv/lib/python3.12/site-packages/urllib3/connectionpool.py:1110: InsecureRequestWarning: Unverified HTTPS request is being made to host '[LB_IP_ADDRESS]'. Adding certificate verification is strongly advised. See: https://urllib3.readthedocs.io/en/latest/advanced-usage.html#tls-warnings
  warnings.warn(

2026-09-29 16:24:24.560 77 INFO cinder.volume.drivers.lightos [None req-332f1368-a71a-4c01-ade9-65b7fdfd613a 4cc2cab720554994b919c29d7edf9583 502d10e426984b30919a804eeef8cbfe - - - -] Invoking create_volume using POST url: /api/v2/projects/default/volumes             request.body: {'name': 'vol_ab90f60b-59fe-41a1-8321-d148257d63d7', 'size': '1 gib', 'replicaCount': '3', 'compression': 'False', 'acl': {'values': ['ALLOW_NONE']}, 'IPAcl': {'values': ['ALLOW_NONE']}, 'sourceSnapshotUUID': None, 'sourceSnapshotName': None} ssl_verify: False
2026-09-29 16:24:24.603 77 WARNING py.warnings [None req-332f1368-a71a-4c01-ade9-65b7fdfd613a 4cc2cab720554994b919c29d7edf9583 502d10e426984b30919a804eeef8cbfe - - - -] /var/lib/kolla/venv/lib/python3.12/site-packages/urllib3/connectionpool.py:1110: InsecureRequestWarning: Unverified HTTPS request is being made to host '[LB_IP_ADDRESS]'. Adding certificate verification is strongly advised. See: https://urllib3.readthedocs.io/en/latest/advanced-usage.html#tls-warnings
  warnings.warn(

2026-09-29 16:24:24.635 77 INFO cinder.volume.drivers.lightos [None req-332f1368-a71a-4c01-ade9-65b7fdfd613a 4cc2cab720554994b919c29d7edf9583 502d10e426984b30919a804eeef8cbfe - - - -] Invoking get_volume using GET url: /api/v2/projects/default/volumes/aa05adf1-bff7-4672-8ad0-c1cbb8b28dbf             request.body: {} ssl_verify: False
2026-09-29 16:24:24.686 77 WARNING py.warnings [None req-332f1368-a71a-4c01-ade9-65b7fdfd613a 4cc2cab720554994b919c29d7edf9583 502d10e426984b30919a804eeef8cbfe - - - -] /var/lib/kolla/venv/lib/python3.12/site-packages/urllib3/connectionpool.py:1110: InsecureRequestWarning: Unverified HTTPS request is being made to host '[LB_IP_ADDRESS]'. Adding certificate verification is strongly advised. See: https://urllib3.readthedocs.io/en/latest/advanced-usage.html#tls-warnings
  warnings.warn(

2026-09-29 16:24:24.790 77 INFO cinder.volume.drivers.lightos [None req-880deac7-0870-4c0d-b16c-652d1412b367 7828bbaeb08840ba97244d3bb2b89be2 518289ab58d544e2be4026a47880b1f6 - - - -] Invoking get_volume using GET url: /api/v2/projects/default/volumes/f70c00f1-9812-4fb5-ab8f-df6400b1302d             request.body: {} ssl_verify: False
2026-09-29 16:24:24.841 77 WARNING py.warnings [None req-880deac7-0870-4c0d-b16c-652d1412b367 7828bbaeb08840ba97244d3bb2b89be2 518289ab58d544e2be4026a47880b1f6 - - - -] /var/lib/kolla/venv/lib/python3.12/site-packages/urllib3/connectionpool.py:1110: InsecureRequestWarning: Unverified HTTPS request is being made to host '[LB_IP_ADDRESS]'. Adding certificate verification is strongly advised. See: https://urllib3.readthedocs.io/en/latest/advanced-usage.html#tls-warnings
  warnings.warn(

2026-09-29 16:24:24.889 77 INFO cinder.volume.flows.manager.create_volume [None req-880deac7-0870-4c0d-b16c-652d1412b367 7828bbaeb08840ba97244d3bb2b89be2 518289ab58d544e2be4026a47880b1f6 - - - -] Volume vol_6feebc6b-4226-42a4-9bde-f0aab625c073 (6feebc6b-4226-42a4-9bde-f0aab625c073): created successfully
2026-09-29 16:24:24.897 77 INFO cinder.volume.manager [None req-880deac7-0870-4c0d-b16c-652d1412b367 7828bbaeb08840ba97244d3bb2b89be2 518289ab58d544e2be4026a47880b1f6 - - - -] Created volume successfully.
2026-09-29 16:24:24.919 77 INFO cinder.volume.drivers.lightos [None req-dab7ce7d-f10f-404c-bfbe-1d8f331bde4c 5674c79008c249ad922d0759aa19046d 011f7c31852f41898637e09bafa17cd1 - - default default] Invoking get_snapshot_by_name using GET url: /api/v2/projects/default/snapshots/?Name=snapshot-cb4669a1-a32f-481e-827a-1455d8ebf486             request.body: {} ssl_verify: False
2026-09-29 16:24:24.957 77 WARNING py.warnings [None req-dab7ce7d-f10f-404c-bfbe-1d8f331bde4c 5674c79008c249ad922d0759aa19046d 011f7c31852f41898637e09bafa17cd1 - - default default] /var/lib/kolla/venv/lib/python3.12/site-packages/urllib3/connectionpool.py:1110: InsecureRequestWarning: Unverified HTTPS request is being made to host '[LB_IP_ADDRESS]'. Adding certificate verification is strongly advised. See: https://urllib3.readthedocs.io/en/latest/advanced-usage.html#tls-warnings
  warnings.warn(

2026-09-29 16:24:24.971 77 INFO cinder.volume.drivers.lightos [None req-dab7ce7d-f10f-404c-bfbe-1d8f331bde4c 5674c79008c249ad922d0759aa19046d 011f7c31852f41898637e09bafa17cd1 - - default default] Invoking delete_snapshot using DELETE url: /api/v2/projects/default/snapshots/47ec463c-2ec8-435b-aaac-a931c63d5709?             request.body:  ssl_verify: False
2026-09-29 16:24:25.014 77 WARNING py.warnings [None req-dab7ce7d-f10f-404c-bfbe-1d8f331bde4c 5674c79008c249ad922d0759aa19046d 011f7c31852f41898637e09bafa17cd1 - - default default] /var/lib/kolla/venv/lib/python3.12/site-packages/urllib3/connectionpool.py:1110: InsecureRequestWarning: Unverified HTTPS request is being made to host '[LB_IP_ADDRESS]'. Adding certificate verification is strongly advised. See: https://urllib3.readthedocs.io/en/latest/advanced-usage.html#tls-warnings
  warnings.warn(

2026-09-29 16:24:25.048 77 INFO cinder.volume.drivers.lightos [None req-dab7ce7d-f10f-404c-bfbe-1d8f331bde4c 5674c79008c249ad922d0759aa19046d 011f7c31852f41898637e09bafa17cd1 - - default default] Invoking get_snapshot using GET url: /api/v2/projects/default/snapshots/47ec463c-2ec8-435b-aaac-a931c63d5709             request.body: {} ssl_verify: False
2026-09-29 16:24:25.091 77 WARNING py.warnings [None req-dab7ce7d-f10f-404c-bfbe-1d8f331bde4c 5674c79008c249ad922d0759aa19046d 011f7c31852f41898637e09bafa17cd1 - - default default] /var/lib/kolla/venv/lib/python3.12/site-packages/urllib3/connectionpool.py:1110: InsecureRequestWarning: Unverified HTTPS request is being made to host '[LB_IP_ADDRESS]'. Adding certificate verification is strongly advised. See: https://urllib3.readthedocs.io/en/latest/advanced-usage.html#tls-warnings
  warnings.warn(

2026-09-29 16:24:25.220 77 INFO cinder.volume.manager [None req-dab7ce7d-f10f-404c-bfbe-1d8f331bde4c 5674c79008c249ad922d0759aa19046d 011f7c31852f41898637e09bafa17cd1 - - default default] Delete snapshot completed successfully.
2026-09-29 16:24:25.221 77 INFO cinder.volume.drivers.lightos [None req-dab7ce7d-f10f-404c-bfbe-1d8f331bde4c 5674c79008c249ad922d0759aa19046d 011f7c31852f41898637e09bafa17cd1 - - default default] Invoking delete_volume using DELETE url: /api/v2/projects/default/volumes/f114b2b6-92da-4d4f-ae31-47a7affedbfa?             request.body:  ssl_verify: False
2026-09-29 16:24:25.258 77 WARNING py.warnings [None req-dab7ce7d-f10f-404c-bfbe-1d8f331bde4c 5674c79008c249ad922d0759aa19046d 011f7c31852f41898637e09bafa17cd1 - - default default] /var/lib/kolla/venv/lib/python3.12/site-packages/urllib3/connectionpool.py:1110: InsecureRequestWarning: Unverified HTTPS request is being made to host '[LB_IP_ADDRESS]'. Adding certificate verification is strongly advised. See: https://urllib3.readthedocs.io/en/latest/advanced-usage.html#tls-warnings
  warnings.warn(

2026-09-29 16:24:25.297 77 INFO cinder.volume.drivers.lightos [None req-dab7ce7d-f10f-404c-bfbe-1d8f331bde4c 5674c79008c249ad922d0759aa19046d 011f7c31852f41898637e09bafa17cd1 - - default default] Invoking get_volume using GET url: /api/v2/projects/default/volumes/f114b2b6-92da-4d4f-ae31-47a7affedbfa             request.body: {} ssl_verify: False
2026-09-29 16:24:25.349 77 WARNING py.warnings [None req-dab7ce7d-f10f-404c-bfbe-1d8f331bde4c 5674c79008c249ad922d0759aa19046d 011f7c31852f41898637e09bafa17cd1 - - default default] /var/lib/kolla/venv/lib/python3.12/site-packages/urllib3/connectionpool.py:1110: InsecureRequestWarning: Unverified HTTPS request is being made to host '[LB_IP_ADDRESS]'. Adding certificate verification is strongly advised. See: https://urllib3.readthedocs.io/en/latest/advanced-usage.html#tls-warnings
  warnings.warn(

2026-09-29 16:24:25.475 77 INFO cinder.volume.manager [None req-dab7ce7d-f10f-404c-bfbe-1d8f331bde4c 5674c79008c249ad922d0759aa19046d 011f7c31852f41898637e09bafa17cd1 - - default default] Deleted volume successfully.
2026-09-29 16:24:25.706 77 INFO cinder.volume.drivers.lightos [None req-332f1368-a71a-4c01-ade9-65b7fdfd613a 4cc2cab720554994b919c29d7edf9583 502d10e426984b30919a804eeef8cbfe - - - -] Invoking get_volume using GET url: /api/v2/projects/default/volumes/aa05adf1-bff7-4672-8ad0-c1cbb8b28dbf             request.body: {} ssl_verify: False
2026-09-29 16:24:25.754 77 WARNING py.warnings [None req-332f1368-a71a-4c01-ade9-65b7fdfd613a 4cc2cab720554994b919c29d7edf9583 502d10e426984b30919a804eeef8cbfe - - - -] /var/lib/kolla/venv/lib/python3.12/site-packages/urllib3/connectionpool.py:1110: InsecureRequestWarning: Unverified HTTPS request is being made to host '[LB_IP_ADDRESS]'. Adding certificate verification is strongly advised. See: https://urllib3.readthedocs.io/en/latest/advanced-usage.html#tls-warnings
  warnings.warn(

2026-09-29 16:24:25.791 77 INFO cinder.volume.flows.manager.create_volume [None req-332f1368-a71a-4c01-ade9-65b7fdfd613a 4cc2cab720554994b919c29d7edf9583 502d10e426984b30919a804eeef8cbfe - - - -] Volume vol_ab90f60b-59fe-41a1-8321-d148257d63d7 (ab90f60b-59fe-41a1-8321-d148257d63d7): created successfully
2026-09-29 16:24:25.798 77 INFO cinder.volume.manager [None req-332f1368-a71a-4c01-ade9-65b7fdfd613a 4cc2cab720554994b919c29d7edf9583 502d10e426984b30919a804eeef8cbfe - - - -] Created volume successfully.
2026-09-29 16:24:25.975 77 INFO cinder.volume.drivers.lightos [None req-db0ed922-d950-4664-9bb9-05cf998eb0a1 7828bbaeb08840ba97244d3bb2b89be2 518289ab58d544e2be4026a47880b1f6 - - default default] Invoking delete_volume using DELETE url: /api/v2/projects/default/volumes/f70c00f1-9812-4fb5-ab8f-df6400b1302d?             request.body:  ssl_verify: False
2026-09-29 16:24:26.011 77 WARNING py.warnings [None req-db0ed922-d950-4664-9bb9-05cf998eb0a1 7828bbaeb08840ba97244d3bb2b89be2 518289ab58d544e2be4026a47880b1f6 - - default default] /var/lib/kolla/venv/lib/python3.12/site-packages/urllib3/connectionpool.py:1110: InsecureRequestWarning: Unverified HTTPS request is being made to host '[LB_IP_ADDRESS]'. Adding certificate verification is strongly advised. See: https://urllib3.readthedocs.io/en/latest/advanced-usage.html#tls-warnings
  warnings.warn(

2026-09-29 16:24:26.039 77 INFO cinder.volume.drivers.lightos [None req-db0ed922-d950-4664-9bb9-05cf998eb0a1 7828bbaeb08840ba97244d3bb2b89be2 518289ab58d544e2be4026a47880b1f6 - - default default] Invoking get_volume using GET url: /api/v2/projects/default/volumes/f70c00f1-9812-4fb5-ab8f-df6400b1302d             request.body: {} ssl_verify: False
2026-09-29 16:24:26.083 77 WARNING py.warnings [None req-db0ed922-d950-4664-9bb9-05cf998eb0a1 7828bbaeb08840ba97244d3bb2b89be2 518289ab58d544e2be4026a47880b1f6 - - default default] /var/lib/kolla/venv/lib/python3.12/site-packages/urllib3/connectionpool.py:1110: InsecureRequestWarning: Unverified HTTPS request is being made to host '[LB_IP_ADDRESS]'. Adding certificate verification is strongly advised. See: https://urllib3.readthedocs.io/en/latest/advanced-usage.html#tls-warnings
  warnings.warn(

2026-09-29 16:24:26.149 77 INFO cinder.volume.drivers.lightos [None req-7cbbcb61-e08d-4dc6-941e-a18e1e6777ec 5674c79008c249ad922d0759aa19046d 011f7c31852f41898637e09bafa17cd1 - - default default] Invoking delete_volume using DELETE url: /api/v2/projects/default/volumes/0756fa86-1598-4587-8086-a021a3dd76e6?             request.body:  ssl_verify: False
2026-09-29 16:24:26.197 77 WARNING py.warnings [None req-7cbbcb61-e08d-4dc6-941e-a18e1e6777ec 5674c79008c249ad922d0759aa19046d 011f7c31852f41898637e09bafa17cd1 - - default default] /var/lib/kolla/venv/lib/python3.12/site-packages/urllib3/connectionpool.py:1110: InsecureRequestWarning: Unverified HTTPS request is being made to host '[LB_IP_ADDRESS]'. Adding certificate verification is strongly advised. See: https://urllib3.readthedocs.io/en/latest/advanced-usage.html#tls-warnings
  warnings.warn(

2026-09-29 16:24:26.220 77 INFO cinder.volume.drivers.lightos [None req-7cbbcb61-e08d-4dc6-941e-a18e1e6777ec 5674c79008c249ad922d0759aa19046d 011f7c31852f41898637e09bafa17cd1 - - default default] Invoking get_volume using GET url: /api/v2/projects/default/volumes/0756fa86-1598-4587-8086-a021a3dd76e6             request.body: {} ssl_verify: False
2026-09-29 16:24:26.258 77 WARNING py.warnings [None req-7cbbcb61-e08d-4dc6-941e-a18e1e6777ec 5674c79008c249ad922d0759aa19046d 011f7c31852f41898637e09bafa17cd1 - - default default] /var/lib/kolla/venv/lib/python3.12/site-packages/urllib3/connectionpool.py:1110: InsecureRequestWarning: Unverified HTTPS request is being made to host '[LB_IP_ADDRESS]'. Adding certificate verification is strongly advised. See: https://urllib3.readthedocs.io/en/latest/advanced-usage.html#tls-warnings
  warnings.warn(

2026-09-29 16:24:26.289 77 INFO cinder.volume.manager [None req-db0ed922-d950-4664-9bb9-05cf998eb0a1 7828bbaeb08840ba97244d3bb2b89be2 518289ab58d544e2be4026a47880b1f6 - - default default] Deleted volume successfully.
2026-09-29 16:24:26.380 77 INFO cinder.volume.manager [None req-7cbbcb61-e08d-4dc6-941e-a18e1e6777ec 5674c79008c249ad922d0759aa19046d 011f7c31852f41898637e09bafa17cd1 - - default default] Deleted volume successfully.
2026-09-29 16:24:27.085 77 INFO cinder.volume.flows.manager.create_volume [None req-ecb1ee9c-de49-48a5-a134-461a041315ce 4cc2cab720554994b919c29d7edf9583 502d10e426984b30919a804eeef8cbfe - - - -] Volume 82b8213e-5717-42b1-9c6c-0a0cb4709a84: being created as source_vol with specification: {'status': 'creating', 'volume_name': 'vol_82b8213e-5717-42b1-9c6c-0a0cb4709a84', 'volume_size': 2, 'source_volid': 'ab90f60b-59fe-41a1-8321-d148257d63d7', 'source_volstatus': 'available'}
2026-09-29 16:24:27.093 77 INFO cinder.volume.drivers.lightos [None req-ecb1ee9c-de49-48a5-a134-461a041315ce 4cc2cab720554994b919c29d7edf9583 502d10e426984b30919a804eeef8cbfe - - - -] Invoking get_snapshot_by_name using GET url: /api/v2/projects/default/snapshots/?Name=for_clone_82b8213e-5717-42b1-9c6c-0a0cb4709a84             request.body: {} ssl_verify: False
2026-09-29 16:24:27.129 77 WARNING py.warnings [None req-ecb1ee9c-de49-48a5-a134-461a041315ce 4cc2cab720554994b919c29d7edf9583 502d10e426984b30919a804eeef8cbfe - - - -] /var/lib/kolla/venv/lib/python3.12/site-packages/urllib3/connectionpool.py:1110: InsecureRequestWarning: Unverified HTTPS request is being made to host '[LB_IP_ADDRESS]'. Adding certificate verification is strongly advised. See: https://urllib3.readthedocs.io/en/latest/advanced-usage.html#tls-warnings
  warnings.warn(

2026-09-29 16:24:27.139 77 INFO cinder.volume.drivers.lightos [None req-ecb1ee9c-de49-48a5-a134-461a041315ce 4cc2cab720554994b919c29d7edf9583 502d10e426984b30919a804eeef8cbfe - - - -] Invoking create_snapshot using POST url: /api/v2/projects/default/snapshots             request.body: {'name': 'for_clone_82b8213e-5717-42b1-9c6c-0a0cb4709a84', 'sourceVolumeUUID': None, 'sourceVolumeName': 'vol_ab90f60b-59fe-41a1-8321-d148257d63d7'} ssl_verify: False
2026-09-29 16:24:27.171 77 INFO cinder.volume.drivers.lightos [None req-50bac263-0af6-4cbd-8b96-7666856fa9f1 7828bbaeb08840ba97244d3bb2b89be2 518289ab58d544e2be4026a47880b1f6 - - default default] Invoking delete_volume using DELETE url: /api/v2/projects/default/volumes/6808ed35-93a7-4995-98eb-1d6578b1ddf4?             request.body:  ssl_verify: False
2026-09-29 16:24:27.200 77 WARNING py.warnings [None req-ecb1ee9c-de49-48a5-a134-461a041315ce 4cc2cab720554994b919c29d7edf9583 502d10e426984b30919a804eeef8cbfe - - - -] /var/lib/kolla/venv/lib/python3.12/site-packages/urllib3/connectionpool.py:1110: InsecureRequestWarning: Unverified HTTPS request is being made to host '[LB_IP_ADDRESS]'. Adding certificate verification is strongly advised. See: https://urllib3.readthedocs.io/en/latest/advanced-usage.html#tls-warnings
  warnings.warn(

2026-09-29 16:24:27.216 77 WARNING py.warnings [None req-50bac263-0af6-4cbd-8b96-7666856fa9f1 7828bbaeb08840ba97244d3bb2b89be2 518289ab58d544e2be4026a47880b1f6 - - default default] /var/lib/kolla/venv/lib/python3.12/site-packages/urllib3/connectionpool.py:1110: InsecureRequestWarning: Unverified HTTPS request is being made to host '[LB_IP_ADDRESS]'. Adding certificate verification is strongly advised. See: https://urllib3.readthedocs.io/en/latest/advanced-usage.html#tls-warnings
  warnings.warn(

2026-09-29 16:24:27.267 77 INFO cinder.volume.drivers.lightos [None req-50bac263-0af6-4cbd-8b96-7666856fa9f1 7828bbaeb08840ba97244d3bb2b89be2 518289ab58d544e2be4026a47880b1f6 - - default default] Invoking get_volume using GET url: /api/v2/projects/default/volumes/6808ed35-93a7-4995-98eb-1d6578b1ddf4             request.body: {} ssl_verify: False
2026-09-29 16:24:27.304 77 INFO cinder.volume.drivers.lightos [None req-ecb1ee9c-de49-48a5-a134-461a041315ce 4cc2cab720554994b919c29d7edf9583 502d10e426984b30919a804eeef8cbfe - - - -] Invoking get_snapshot_by_name using GET url: /api/v2/projects/default/snapshots/?Name=for_clone_82b8213e-5717-42b1-9c6c-0a0cb4709a84             request.body: {} ssl_verify: False
2026-09-29 16:24:27.333 77 WARNING py.warnings [None req-50bac263-0af6-4cbd-8b96-7666856fa9f1 7828bbaeb08840ba97244d3bb2b89be2 518289ab58d544e2be4026a47880b1f6 - - default default] /var/lib/kolla/venv/lib/python3.12/site-packages/urllib3/connectionpool.py:1110: InsecureRequestWarning: Unverified HTTPS request is being made to host '[LB_IP_ADDRESS]'. Adding certificate verification is strongly advised. See: https://urllib3.readthedocs.io/en/latest/advanced-usage.html#tls-warnings
  warnings.warn(

2026-09-29 16:24:27.339 77 WARNING py.warnings [None req-ecb1ee9c-de49-48a5-a134-461a041315ce 4cc2cab720554994b919c29d7edf9583 502d10e426984b30919a804eeef8cbfe - - - -] /var/lib/kolla/venv/lib/python3.12/site-packages/urllib3/connectionpool.py:1110: InsecureRequestWarning: Unverified HTTPS request is being made to host '[LB_IP_ADDRESS]'. Adding certificate verification is strongly advised. See: https://urllib3.readthedocs.io/en/latest/advanced-usage.html#tls-warnings
  warnings.warn(

2026-09-29 16:24:27.515 77 INFO cinder.volume.manager [None req-50bac263-0af6-4cbd-8b96-7666856fa9f1 7828bbaeb08840ba97244d3bb2b89be2 518289ab58d544e2be4026a47880b1f6 - - default default] Deleted volume successfully.
2026-09-29 16:24:28.303 77 INFO cinder.volume.drivers.lightos [None req-92ad01d8-a17d-4d02-8ffd-a185bdd78389 7828bbaeb08840ba97244d3bb2b89be2 518289ab58d544e2be4026a47880b1f6 - - default default] Invoking delete_volume using DELETE url: /api/v2/projects/default/volumes/50c0c545-585c-4071-800c-f460a515f276?             request.body:  ssl_verify: False
2026-09-29 16:24:28.339 77 WARNING py.warnings [None req-92ad01d8-a17d-4d02-8ffd-a185bdd78389 7828bbaeb08840ba97244d3bb2b89be2 518289ab58d544e2be4026a47880b1f6 - - default default] /var/lib/kolla/venv/lib/python3.12/site-packages/urllib3/connectionpool.py:1110: InsecureRequestWarning: Unverified HTTPS request is being made to host '[LB_IP_ADDRESS]'. Adding certificate verification is strongly advised. See: https://urllib3.readthedocs.io/en/latest/advanced-usage.html#tls-warnings
  warnings.warn(

2026-09-29 16:24:28.366 77 INFO cinder.volume.drivers.lightos [None req-92ad01d8-a17d-4d02-8ffd-a185bdd78389 7828bbaeb08840ba97244d3bb2b89be2 518289ab58d544e2be4026a47880b1f6 - - default default] Invoking get_volume using GET url: /api/v2/projects/default/volumes/50c0c545-585c-4071-800c-f460a515f276             request.body: {} ssl_verify: False
2026-09-29 16:24:28.407 77 INFO cinder.volume.drivers.lightos [None req-ecb1ee9c-de49-48a5-a134-461a041315ce 4cc2cab720554994b919c29d7edf9583 502d10e426984b30919a804eeef8cbfe - - - -] Invoking get_snapshot_by_name using GET url: /api/v2/projects/default/snapshots/?Name=for_clone_82b8213e-5717-42b1-9c6c-0a0cb4709a84             request.body: {} ssl_verify: False
2026-09-29 16:24:28.435 77 WARNING py.warnings [None req-92ad01d8-a17d-4d02-8ffd-a185bdd78389 7828bbaeb08840ba97244d3bb2b89be2 518289ab58d544e2be4026a47880b1f6 - - default default] /var/lib/kolla/venv/lib/python3.12/site-packages/urllib3/connectionpool.py:1110: InsecureRequestWarning: Unverified HTTPS request is being made to host '[LB_IP_ADDRESS]'. Adding certificate verification is strongly advised. See: https://urllib3.readthedocs.io/en/latest/advanced-usage.html#tls-warnings
  warnings.warn(

2026-09-29 16:24:28.441 77 WARNING py.warnings [None req-ecb1ee9c-de49-48a5-a134-461a041315ce 4cc2cab720554994b919c29d7edf9583 502d10e426984b30919a804eeef8cbfe - - - -] /var/lib/kolla/venv/lib/python3.12/site-packages/urllib3/connectionpool.py:1110: InsecureRequestWarning: Unverified HTTPS request is being made to host '[LB_IP_ADDRESS]'. Adding certificate verification is strongly advised. See: https://urllib3.readthedocs.io/en/latest/advanced-usage.html#tls-warnings
  warnings.warn(

2026-09-29 16:24:28.463 77 INFO cinder.volume.drivers.lightos [None req-ecb1ee9c-de49-48a5-a134-461a041315ce 4cc2cab720554994b919c29d7edf9583 502d10e426984b30919a804eeef8cbfe - - - -] Invoking get_volume_by_name using GET url: /api/v2/projects/default/volumes/?name=vol_82b8213e-5717-42b1-9c6c-0a0cb4709a84             request.body: {} ssl_verify: False
2026-09-29 16:24:28.501 77 WARNING py.warnings [None req-ecb1ee9c-de49-48a5-a134-461a041315ce 4cc2cab720554994b919c29d7edf9583 502d10e426984b30919a804eeef8cbfe - - - -] /var/lib/kolla/venv/lib/python3.12/site-packages/urllib3/connectionpool.py:1110: InsecureRequestWarning: Unverified HTTPS request is being made to host '[LB_IP_ADDRESS]'. Adding certificate verification is strongly advised. See: https://urllib3.readthedocs.io/en/latest/advanced-usage.html#tls-warnings
  warnings.warn(

2026-09-29 16:24:28.511 77 INFO cinder.volume.drivers.lightos [None req-ecb1ee9c-de49-48a5-a134-461a041315ce 4cc2cab720554994b919c29d7edf9583 502d10e426984b30919a804eeef8cbfe - - - -] Invoking create_volume using POST url: /api/v2/projects/default/volumes             request.body: {'name': 'vol_82b8213e-5717-42b1-9c6c-0a0cb4709a84', 'size': '2 gib', 'replicaCount': '3', 'compression': 'False', 'acl': {'values': ['ALLOW_NONE']}, 'IPAcl': {'values': ['ALLOW_NONE']}, 'sourceSnapshotUUID': None, 'sourceSnapshotName': 'for_clone_82b8213e-5717-42b1-9c6c-0a0cb4709a84'} ssl_verify: False
2026-09-29 16:24:28.561 77 WARNING py.warnings [None req-ecb1ee9c-de49-48a5-a134-461a041315ce 4cc2cab720554994b919c29d7edf9583 502d10e426984b30919a804eeef8cbfe - - - -] /var/lib/kolla/venv/lib/python3.12/site-packages/urllib3/connectionpool.py:1110: InsecureRequestWarning: Unverified HTTPS request is being made to host '[LB_IP_ADDRESS]'. Adding certificate verification is strongly advised. See: https://urllib3.readthedocs.io/en/latest/advanced-usage.html#tls-warnings
  warnings.warn(

2026-09-29 16:24:28.582 77 INFO cinder.volume.drivers.lightos [None req-ecb1ee9c-de49-48a5-a134-461a041315ce 4cc2cab720554994b919c29d7edf9583 502d10e426984b30919a804eeef8cbfe - - - -] Invoking get_volume using GET url: /api/v2/projects/default/volumes/683e81b8-fdd9-4b1c-8052-8137067e1f8e             request.body: {} ssl_verify: False
2026-09-29 16:24:28.620 77 WARNING py.warnings [None req-ecb1ee9c-de49-48a5-a134-461a041315ce 4cc2cab720554994b919c29d7edf9583 502d10e426984b30919a804eeef8cbfe - - - -] /var/lib/kolla/venv/lib/python3.12/site-packages/urllib3/connectionpool.py:1110: InsecureRequestWarning: Unverified HTTPS request is being made to host '[LB_IP_ADDRESS]'. Adding certificate verification is strongly advised. See: https://urllib3.readthedocs.io/en/latest/advanced-usage.html#tls-warnings
  warnings.warn(

2026-09-29 16:24:28.642 77 INFO cinder.volume.manager [None req-92ad01d8-a17d-4d02-8ffd-a185bdd78389 7828bbaeb08840ba97244d3bb2b89be2 518289ab58d544e2be4026a47880b1f6 - - default default] Deleted volume successfully.
2026-09-29 16:24:29.647 77 INFO cinder.volume.drivers.lightos [None req-ecb1ee9c-de49-48a5-a134-461a041315ce 4cc2cab720554994b919c29d7edf9583 502d10e426984b30919a804eeef8cbfe - - - -] Invoking get_volume using GET url: /api/v2/projects/default/volumes/683e81b8-fdd9-4b1c-8052-8137067e1f8e             request.body: {} ssl_verify: False
2026-09-29 16:24:29.695 77 WARNING py.warnings [None req-ecb1ee9c-de49-48a5-a134-461a041315ce 4cc2cab720554994b919c29d7edf9583 502d10e426984b30919a804eeef8cbfe - - - -] /var/lib/kolla/venv/lib/python3.12/site-packages/urllib3/connectionpool.py:1110: InsecureRequestWarning: Unverified HTTPS request is being made to host '[LB_IP_ADDRESS]'. Adding certificate verification is strongly advised. See: https://urllib3.readthedocs.io/en/latest/advanced-usage.html#tls-warnings
  warnings.warn(

2026-09-29 16:24:29.712 77 INFO cinder.volume.drivers.lightos [None req-ecb1ee9c-de49-48a5-a134-461a041315ce 4cc2cab720554994b919c29d7edf9583 502d10e426984b30919a804eeef8cbfe - - - -] Invoking get_snapshot_by_name using GET url: /api/v2/projects/default/snapshots/?Name=for_clone_82b8213e-5717-42b1-9c6c-0a0cb4709a84             request.body: {} ssl_verify: False
2026-09-29 16:24:29.757 77 WARNING py.warnings [None req-ecb1ee9c-de49-48a5-a134-461a041315ce 4cc2cab720554994b919c29d7edf9583 502d10e426984b30919a804eeef8cbfe - - - -] /var/lib/kolla/venv/lib/python3.12/site-packages/urllib3/connectionpool.py:1110: InsecureRequestWarning: Unverified HTTPS request is being made to host '[LB_IP_ADDRESS]'. Adding certificate verification is strongly advised. See: https://urllib3.readthedocs.io/en/latest/advanced-usage.html#tls-warnings
  warnings.warn(

2026-09-29 16:24:29.772 77 INFO cinder.volume.drivers.lightos [None req-ecb1ee9c-de49-48a5-a134-461a041315ce 4cc2cab720554994b919c29d7edf9583 502d10e426984b30919a804eeef8cbfe - - - -] Invoking delete_snapshot using DELETE url: /api/v2/projects/default/snapshots/ebaadb66-81de-4e48-846e-2995c590b150?             request.body:  ssl_verify: False
2026-09-29 16:24:29.817 77 WARNING py.warnings [None req-ecb1ee9c-de49-48a5-a134-461a041315ce 4cc2cab720554994b919c29d7edf9583 502d10e426984b30919a804eeef8cbfe - - - -] /var/lib/kolla/venv/lib/python3.12/site-packages/urllib3/connectionpool.py:1110: InsecureRequestWarning: Unverified HTTPS request is being made to host '[LB_IP_ADDRESS]'. Adding certificate verification is strongly advised. See: https://urllib3.readthedocs.io/en/latest/advanced-usage.html#tls-warnings
  warnings.warn(

2026-09-29 16:24:29.856 77 INFO cinder.volume.drivers.lightos [None req-ecb1ee9c-de49-48a5-a134-461a041315ce 4cc2cab720554994b919c29d7edf9583 502d10e426984b30919a804eeef8cbfe - - - -] Invoking get_snapshot using GET url: /api/v2/projects/default/snapshots/ebaadb66-81de-4e48-846e-2995c590b150             request.body: {} ssl_verify: False
2026-09-29 16:24:29.911 77 WARNING py.warnings [None req-ecb1ee9c-de49-48a5-a134-461a041315ce 4cc2cab720554994b919c29d7edf9583 502d10e426984b30919a804eeef8cbfe - - - -] /var/lib/kolla/venv/lib/python3.12/site-packages/urllib3/connectionpool.py:1110: InsecureRequestWarning: Unverified HTTPS request is being made to host '[LB_IP_ADDRESS]'. Adding certificate verification is strongly advised. See: https://urllib3.readthedocs.io/en/latest/advanced-usage.html#tls-warnings
  warnings.warn(

2026-09-29 16:24:29.945 77 INFO cinder.volume.flows.manager.create_volume [None req-ecb1ee9c-de49-48a5-a134-461a041315ce 4cc2cab720554994b919c29d7edf9583 502d10e426984b30919a804eeef8cbfe - - - -] Volume vol_82b8213e-5717-42b1-9c6c-0a0cb4709a84 (82b8213e-5717-42b1-9c6c-0a0cb4709a84): created successfully
2026-09-29 16:24:29.953 77 INFO cinder.volume.manager [None req-ecb1ee9c-de49-48a5-a134-461a041315ce 4cc2cab720554994b919c29d7edf9583 502d10e426984b30919a804eeef8cbfe - - - -] Created volume successfully.
2026-09-29 16:24:30.360 77 INFO cinder.volume.drivers.lightos [None req-68657983-a623-4dfb-af02-96820d5cf428 4cc2cab720554994b919c29d7edf9583 502d10e426984b30919a804eeef8cbfe - - default default] Invoking delete_volume using DELETE url: /api/v2/projects/default/volumes/683e81b8-fdd9-4b1c-8052-8137067e1f8e?             request.body:  ssl_verify: False
2026-09-29 16:24:30.400 77 WARNING py.warnings [None req-68657983-a623-4dfb-af02-96820d5cf428 4cc2cab720554994b919c29d7edf9583 502d10e426984b30919a804eeef8cbfe - - default default] /var/lib/kolla/venv/lib/python3.12/site-packages/urllib3/connectionpool.py:1110: InsecureRequestWarning: Unverified HTTPS request is being made to host '[LB_IP_ADDRESS]'. Adding certificate verification is strongly advised. See: https://urllib3.readthedocs.io/en/latest/advanced-usage.html#tls-warnings
  warnings.warn(

2026-09-29 16:24:30.429 77 INFO cinder.volume.drivers.lightos [None req-68657983-a623-4dfb-af02-96820d5cf428 4cc2cab720554994b919c29d7edf9583 502d10e426984b30919a804eeef8cbfe - - default default] Invoking get_volume using GET url: /api/v2/projects/default/volumes/683e81b8-fdd9-4b1c-8052-8137067e1f8e             request.body: {} ssl_verify: False
2026-09-29 16:24:30.493 77 WARNING py.warnings [None req-68657983-a623-4dfb-af02-96820d5cf428 4cc2cab720554994b919c29d7edf9583 502d10e426984b30919a804eeef8cbfe - - default default] /var/lib/kolla/venv/lib/python3.12/site-packages/urllib3/connectionpool.py:1110: InsecureRequestWarning: Unverified HTTPS request is being made to host '[LB_IP_ADDRESS]'. Adding certificate verification is strongly advised. See: https://urllib3.readthedocs.io/en/latest/advanced-usage.html#tls-warnings
  warnings.warn(

2026-09-29 16:24:30.633 77 INFO cinder.volume.manager [None req-68657983-a623-4dfb-af02-96820d5cf428 4cc2cab720554994b919c29d7edf9583 502d10e426984b30919a804eeef8cbfe - - default default] Deleted volume successfully.
2026-09-29 16:24:31.549 77 INFO cinder.volume.drivers.lightos [None req-da309495-1889-4e06-b9cc-bc11e1417d40 4cc2cab720554994b919c29d7edf9583 502d10e426984b30919a804eeef8cbfe - - default default] Invoking delete_volume using DELETE url: /api/v2/projects/default/volumes/aa05adf1-bff7-4672-8ad0-c1cbb8b28dbf?             request.body:  ssl_verify: False
2026-09-29 16:24:31.586 77 WARNING py.warnings [None req-da309495-1889-4e06-b9cc-bc11e1417d40 4cc2cab720554994b919c29d7edf9583 502d10e426984b30919a804eeef8cbfe - - default default] /var/lib/kolla/venv/lib/python3.12/site-packages/urllib3/connectionpool.py:1110: InsecureRequestWarning: Unverified HTTPS request is being made to host '[LB_IP_ADDRESS]'. Adding certificate verification is strongly advised. See: https://urllib3.readthedocs.io/en/latest/advanced-usage.html#tls-warnings
  warnings.warn(

2026-09-29 16:24:31.608 77 INFO cinder.volume.drivers.lightos [None req-da309495-1889-4e06-b9cc-bc11e1417d40 4cc2cab720554994b919c29d7edf9583 502d10e426984b30919a804eeef8cbfe - - default default] Invoking get_volume using GET url: /api/v2/projects/default/volumes/aa05adf1-bff7-4672-8ad0-c1cbb8b28dbf             request.body: {} ssl_verify: False
2026-09-29 16:24:31.649 77 WARNING py.warnings [None req-da309495-1889-4e06-b9cc-bc11e1417d40 4cc2cab720554994b919c29d7edf9583 502d10e426984b30919a804eeef8cbfe - - default default] /var/lib/kolla/venv/lib/python3.12/site-packages/urllib3/connectionpool.py:1110: InsecureRequestWarning: Unverified HTTPS request is being made to host '[LB_IP_ADDRESS]'. Adding certificate verification is strongly advised. See: https://urllib3.readthedocs.io/en/latest/advanced-usage.html#tls-warnings
  warnings.warn(

2026-09-29 16:24:31.767 77 INFO cinder.volume.manager [None req-da309495-1889-4e06-b9cc-bc11e1417d40 4cc2cab720554994b919c29d7edf9583 502d10e426984b30919a804eeef8cbfe - - default default] Deleted volume successfully.
2026-09-29 16:24:33.533 77 INFO cinder.volume.flows.manager.create_volume [None req-40f66358-d786-4d92-bf38-7a165b6c6cbf f27356ee9151455e87659fddba23fdfa 799f8b379ee840aa96a78e1de23376a7 - - - -] Volume 743f4002-7ac4-4cd3-832d-6c4757d6a4f5: being created as raw with specification: {'status': 'creating', 'volume_name': 'vol_743f4002-7ac4-4cd3-832d-6c4757d6a4f5', 'volume_size': 1}
2026-09-29 16:24:33.533 77 INFO cinder.volume.drivers.lightos [None req-40f66358-d786-4d92-bf38-7a165b6c6cbf f27356ee9151455e87659fddba23fdfa 799f8b379ee840aa96a78e1de23376a7 - - - -] Invoking get_volume_by_name using GET url: /api/v2/projects/default/volumes/?name=vol_743f4002-7ac4-4cd3-832d-6c4757d6a4f5             request.body: {} ssl_verify: False
2026-09-29 16:24:33.569 77 WARNING py.warnings [None req-40f66358-d786-4d92-bf38-7a165b6c6cbf f27356ee9151455e87659fddba23fdfa 799f8b379ee840aa96a78e1de23376a7 - - - -] /var/lib/kolla/venv/lib/python3.12/site-packages/urllib3/connectionpool.py:1110: InsecureRequestWarning: Unverified HTTPS request is being made to host '[LB_IP_ADDRESS]'. Adding certificate verification is strongly advised. See: https://urllib3.readthedocs.io/en/latest/advanced-usage.html#tls-warnings
  warnings.warn(

2026-09-29 16:24:33.578 77 INFO cinder.volume.drivers.lightos [None req-40f66358-d786-4d92-bf38-7a165b6c6cbf f27356ee9151455e87659fddba23fdfa 799f8b379ee840aa96a78e1de23376a7 - - - -] Invoking create_volume using POST url: /api/v2/projects/default/volumes             request.body: {'name': 'vol_743f4002-7ac4-4cd3-832d-6c4757d6a4f5', 'size': '1 gib', 'replicaCount': '3', 'compression': 'False', 'acl': {'values': ['ALLOW_NONE']}, 'IPAcl': {'values': ['ALLOW_NONE']}, 'sourceSnapshotUUID': None, 'sourceSnapshotName': None} ssl_verify: False
2026-09-29 16:24:33.616 77 WARNING py.warnings [None req-40f66358-d786-4d92-bf38-7a165b6c6cbf f27356ee9151455e87659fddba23fdfa 799f8b379ee840aa96a78e1de23376a7 - - - -] /var/lib/kolla/venv/lib/python3.12/site-packages/urllib3/connectionpool.py:1110: InsecureRequestWarning: Unverified HTTPS request is being made to host '[LB_IP_ADDRESS]'. Adding certificate verification is strongly advised. See: https://urllib3.readthedocs.io/en/latest/advanced-usage.html#tls-warnings
  warnings.warn(

2026-09-29 16:24:33.647 77 INFO cinder.volume.drivers.lightos [None req-40f66358-d786-4d92-bf38-7a165b6c6cbf f27356ee9151455e87659fddba23fdfa 799f8b379ee840aa96a78e1de23376a7 - - - -] Invoking get_volume using GET url: /api/v2/projects/default/volumes/48e555d9-949b-4f74-a36c-c202fd53b9db             request.body: {} ssl_verify: False
2026-09-29 16:24:33.703 77 WARNING py.warnings [None req-40f66358-d786-4d92-bf38-7a165b6c6cbf f27356ee9151455e87659fddba23fdfa 799f8b379ee840aa96a78e1de23376a7 - - - -] /var/lib/kolla/venv/lib/python3.12/site-packages/urllib3/connectionpool.py:1110: InsecureRequestWarning: Unverified HTTPS request is being made to host '[LB_IP_ADDRESS]'. Adding certificate verification is strongly advised. See: https://urllib3.readthedocs.io/en/latest/advanced-usage.html#tls-warnings
  warnings.warn(

2026-09-29 16:24:34.726 77 INFO cinder.volume.drivers.lightos [None req-40f66358-d786-4d92-bf38-7a165b6c6cbf f27356ee9151455e87659fddba23fdfa 799f8b379ee840aa96a78e1de23376a7 - - - -] Invoking get_volume using GET url: /api/v2/projects/default/volumes/48e555d9-949b-4f74-a36c-c202fd53b9db             request.body: {} ssl_verify: False
2026-09-29 16:24:34.770 77 WARNING py.warnings [None req-40f66358-d786-4d92-bf38-7a165b6c6cbf f27356ee9151455e87659fddba23fdfa 799f8b379ee840aa96a78e1de23376a7 - - - -] /var/lib/kolla/venv/lib/python3.12/site-packages/urllib3/connectionpool.py:1110: InsecureRequestWarning: Unverified HTTPS request is being made to host '[LB_IP_ADDRESS]'. Adding certificate verification is strongly advised. See: https://urllib3.readthedocs.io/en/latest/advanced-usage.html#tls-warnings
  warnings.warn(

2026-09-29 16:24:34.802 77 INFO cinder.volume.flows.manager.create_volume [None req-40f66358-d786-4d92-bf38-7a165b6c6cbf f27356ee9151455e87659fddba23fdfa 799f8b379ee840aa96a78e1de23376a7 - - - -] Volume vol_743f4002-7ac4-4cd3-832d-6c4757d6a4f5 (743f4002-7ac4-4cd3-832d-6c4757d6a4f5): created successfully
2026-09-29 16:24:34.811 77 INFO cinder.volume.manager [None req-40f66358-d786-4d92-bf38-7a165b6c6cbf f27356ee9151455e87659fddba23fdfa 799f8b379ee840aa96a78e1de23376a7 - - - -] Created volume successfully.
2026-09-29 16:24:35.317 77 INFO cinder.volume.flows.manager.create_volume [None req-56fe2b53-d6eb-4261-b48e-5aa850101fac 0e79020f33a44137937a0e4b77a7a34c fa4071513bd8439e96ceb7c1b0b584f9 - - - -] Volume e363e5e1-25e2-4115-afda-b0527dfd1180: being created as raw with specification: {'status': 'creating', 'volume_name': 'vol_e363e5e1-25e2-4115-afda-b0527dfd1180', 'volume_size': 1}
2026-09-29 16:24:35.317 77 INFO cinder.volume.drivers.lightos [None req-56fe2b53-d6eb-4261-b48e-5aa850101fac 0e79020f33a44137937a0e4b77a7a34c fa4071513bd8439e96ceb7c1b0b584f9 - - - -] Invoking get_volume_by_name using GET url: /api/v2/projects/default/volumes/?name=vol_e363e5e1-25e2-4115-afda-b0527dfd1180             request.body: {} ssl_verify: False
2026-09-29 16:24:35.355 77 WARNING py.warnings [None req-56fe2b53-d6eb-4261-b48e-5aa850101fac 0e79020f33a44137937a0e4b77a7a34c fa4071513bd8439e96ceb7c1b0b584f9 - - - -] /var/lib/kolla/venv/lib/python3.12/site-packages/urllib3/connectionpool.py:1110: InsecureRequestWarning: Unverified HTTPS request is being made to host '[LB_IP_ADDRESS]'. Adding certificate verification is strongly advised. See: https://urllib3.readthedocs.io/en/latest/advanced-usage.html#tls-warnings
  warnings.warn(

2026-09-29 16:24:35.369 77 INFO cinder.volume.drivers.lightos [None req-56fe2b53-d6eb-4261-b48e-5aa850101fac 0e79020f33a44137937a0e4b77a7a34c fa4071513bd8439e96ceb7c1b0b584f9 - - - -] Invoking create_volume using POST url: /api/v2/projects/default/volumes             request.body: {'name': 'vol_e363e5e1-25e2-4115-afda-b0527dfd1180', 'size': '1 gib', 'replicaCount': '3', 'compression': 'False', 'acl': {'values': ['ALLOW_NONE']}, 'IPAcl': {'values': ['ALLOW_NONE']}, 'sourceSnapshotUUID': None, 'sourceSnapshotName': None} ssl_verify: False
2026-09-29 16:24:35.414 77 WARNING py.warnings [None req-56fe2b53-d6eb-4261-b48e-5aa850101fac 0e79020f33a44137937a0e4b77a7a34c fa4071513bd8439e96ceb7c1b0b584f9 - - - -] /var/lib/kolla/venv/lib/python3.12/site-packages/urllib3/connectionpool.py:1110: InsecureRequestWarning: Unverified HTTPS request is being made to host '[LB_IP_ADDRESS]'. Adding certificate verification is strongly advised. See: https://urllib3.readthedocs.io/en/latest/advanced-usage.html#tls-warnings
  warnings.warn(

2026-09-29 16:24:35.441 77 INFO cinder.volume.drivers.lightos [None req-56fe2b53-d6eb-4261-b48e-5aa850101fac 0e79020f33a44137937a0e4b77a7a34c fa4071513bd8439e96ceb7c1b0b584f9 - - - -] Invoking get_volume using GET url: /api/v2/projects/default/volumes/978b4526-1e78-45a7-9a9b-e51cbb08ea7f             request.body: {} ssl_verify: False
2026-09-29 16:24:35.487 77 WARNING py.warnings [None req-56fe2b53-d6eb-4261-b48e-5aa850101fac 0e79020f33a44137937a0e4b77a7a34c fa4071513bd8439e96ceb7c1b0b584f9 - - - -] /var/lib/kolla/venv/lib/python3.12/site-packages/urllib3/connectionpool.py:1110: InsecureRequestWarning: Unverified HTTPS request is being made to host '[LB_IP_ADDRESS]'. Adding certificate verification is strongly advised. See: https://urllib3.readthedocs.io/en/latest/advanced-usage.html#tls-warnings
  warnings.warn(

2026-09-29 16:24:35.882 77 WARNING cinder.image.glance [None req-b1f95213-18b5-48b0-a6b8-f794371d1aaf a704b5d224a74b058293b1ea1f30001a 755400e5a90249818c57374329898b54 - - - -] Glance method get_image_locations is available but a dedicated [glance] section is required in the cinder configuration file to allow service-to-service communication.: glanceclient.exc.HTTPForbidden: HTTP 403 Forbidden: You are not authorized to complete fetch_image_location action.
2026-09-29 16:24:35.956 77 INFO cinder.volume.flows.manager.create_volume [None req-b1f95213-18b5-48b0-a6b8-f794371d1aaf a704b5d224a74b058293b1ea1f30001a 755400e5a90249818c57374329898b54 - - - -] Volume 59ac43be-136a-4125-99a9-b9f1ea564d37: being created as image with specification: {'status': 'creating', 'volume_name': 'vol_59ac43be-136a-4125-99a9-b9f1ea564d37', 'volume_size': 1, 'image_id': '545c8ea5-cae4-4d3e-b3ff-02364f54bc85', 'image_location': (None, []), 'image_meta': {'name': 'cirros', 'disk_format': 'qcow2', 'container_format': 'bare', 'visibility': 'public', 'size': 12716032, 'virtual_size': 46137344, 'status': 'active', 'checksum': '443b7623e27ecf03dc9e01ee93f67afe', 'protected': False, 'min_ram': 0, 'min_disk': 0, 'owner': 'fa83639000624d7785ca4a397a2ed070', 'os_hidden': False, 'os_hash_algo': 'sha512', 'os_hash_value': '6513f21e44aa3da349f248188a44bc304a3653a04122d8fb4535423c8e1d14cd6a153f735bb0982e2161b5b5186106570c17a9e58b64dd39390617cd5a350f78', 'id': '545c8ea5-cae4-4d3e-b3ff-02364f54bc85', 'created_at': datetime.datetime(2026, 9, 6, 8, 21, 35, tzinfo=datetime.timezone.utc), 'updated_at': datetime.datetime(2026, 9, 6, 8, 21, 35, tzinfo=datetime.timezone.utc), 'tags': [], 'file': '/v2/images/545c8ea5-cae4-4d3e-b3ff-02364f54bc85/file', 'stores': 'file', 'properties': {'owner_specified.openstack.md5': '', 'owner_specified.openstack.object': 'images/cirros', 'owner_specified.openstack.sha256': ''}}, 'image_service': <cinder.image.glance.GlanceImageService object at 0x7fc00e38d490>}
2026-09-29 16:24:36.163 77 INFO cinder.image.image_utils [None req-b1f95213-18b5-48b0-a6b8-f794371d1aaf a704b5d224a74b058293b1ea1f30001a 755400e5a90249818c57374329898b54 - - - -] Image download 12.13 MB at 12.13 MB/s
2026-09-29 16:24:36.292 77 INFO cinder.volume.manager [None req-d15b676e-1ffb-4362-9239-5e42dc153667 475a1b97b7a344068f657d7c653a5bd0 4f88a36a861b45d0a68824283d90acb1 - - default default] Transfer volume completed successfully.
2026-09-29 16:24:36.517 77 INFO cinder.volume.drivers.lightos [None req-56fe2b53-d6eb-4261-b48e-5aa850101fac 0e79020f33a44137937a0e4b77a7a34c fa4071513bd8439e96ceb7c1b0b584f9 - - - -] Invoking get_volume using GET url: /api/v2/projects/default/volumes/978b4526-1e78-45a7-9a9b-e51cbb08ea7f             request.body: {} ssl_verify: False
2026-09-29 16:24:36.563 77 WARNING py.warnings [None req-56fe2b53-d6eb-4261-b48e-5aa850101fac 0e79020f33a44137937a0e4b77a7a34c fa4071513bd8439e96ceb7c1b0b584f9 - - - -] /var/lib/kolla/venv/lib/python3.12/site-packages/urllib3/connectionpool.py:1110: InsecureRequestWarning: Unverified HTTPS request is being made to host '[LB_IP_ADDRESS]'. Adding certificate verification is strongly advised. See: https://urllib3.readthedocs.io/en/latest/advanced-usage.html#tls-warnings
  warnings.warn(

2026-09-29 16:24:36.596 77 INFO cinder.volume.flows.manager.create_volume [None req-56fe2b53-d6eb-4261-b48e-5aa850101fac 0e79020f33a44137937a0e4b77a7a34c fa4071513bd8439e96ceb7c1b0b584f9 - - - -] Volume vol_e363e5e1-25e2-4115-afda-b0527dfd1180 (e363e5e1-25e2-4115-afda-b0527dfd1180): created successfully
2026-09-29 16:24:36.604 77 INFO cinder.volume.manager [None req-56fe2b53-d6eb-4261-b48e-5aa850101fac 0e79020f33a44137937a0e4b77a7a34c fa4071513bd8439e96ceb7c1b0b584f9 - - - -] Created volume successfully.
2026-09-29 16:24:36.963 77 INFO cinder.volume.drivers.lightos [None req-b1f95213-18b5-48b0-a6b8-f794371d1aaf a704b5d224a74b058293b1ea1f30001a 755400e5a90249818c57374329898b54 - - - -] Invoking get_volume_by_name using GET url: /api/v2/projects/default/volumes/?name=vol_59ac43be-136a-4125-99a9-b9f1ea564d37             request.body: {} ssl_verify: False
2026-09-29 16:24:37.008 77 WARNING py.warnings [None req-b1f95213-18b5-48b0-a6b8-f794371d1aaf a704b5d224a74b058293b1ea1f30001a 755400e5a90249818c57374329898b54 - - - -] /var/lib/kolla/venv/lib/python3.12/site-packages/urllib3/connectionpool.py:1110: InsecureRequestWarning: Unverified HTTPS request is being made to host '[LB_IP_ADDRESS]'. Adding certificate verification is strongly advised. See: https://urllib3.readthedocs.io/en/latest/advanced-usage.html#tls-warnings
  warnings.warn(

2026-09-29 16:24:37.017 77 INFO cinder.volume.drivers.lightos [None req-b1f95213-18b5-48b0-a6b8-f794371d1aaf a704b5d224a74b058293b1ea1f30001a 755400e5a90249818c57374329898b54 - - - -] Invoking create_volume using POST url: /api/v2/projects/default/volumes             request.body: {'name': 'vol_59ac43be-136a-4125-99a9-b9f1ea564d37', 'size': '1 gib', 'replicaCount': '3', 'compression': 'False', 'acl': {'values': ['ALLOW_NONE']}, 'IPAcl': {'values': ['ALLOW_NONE']}, 'sourceSnapshotUUID': None, 'sourceSnapshotName': None} ssl_verify: False
2026-09-29 16:24:37.049 77 WARNING py.warnings [None req-b1f95213-18b5-48b0-a6b8-f794371d1aaf a704b5d224a74b058293b1ea1f30001a 755400e5a90249818c57374329898b54 - - - -] /var/lib/kolla/venv/lib/python3.12/site-packages/urllib3/connectionpool.py:1110: InsecureRequestWarning: Unverified HTTPS request is being made to host '[LB_IP_ADDRESS]'. Adding certificate verification is strongly advised. See: https://urllib3.readthedocs.io/en/latest/advanced-usage.html#tls-warnings
  warnings.warn(

2026-09-29 16:24:37.070 77 INFO cinder.volume.drivers.lightos [None req-b1f95213-18b5-48b0-a6b8-f794371d1aaf a704b5d224a74b058293b1ea1f30001a 755400e5a90249818c57374329898b54 - - - -] Invoking get_volume using GET url: /api/v2/projects/default/volumes/de1ac305-4fd0-4703-b98e-cfe3e88a65c5             request.body: {} ssl_verify: False
2026-09-29 16:24:37.114 77 WARNING py.warnings [None req-b1f95213-18b5-48b0-a6b8-f794371d1aaf a704b5d224a74b058293b1ea1f30001a 755400e5a90249818c57374329898b54 - - - -] /var/lib/kolla/venv/lib/python3.12/site-packages/urllib3/connectionpool.py:1110: InsecureRequestWarning: Unverified HTTPS request is being made to host '[LB_IP_ADDRESS]'. Adding certificate verification is strongly advised. See: https://urllib3.readthedocs.io/en/latest/advanced-usage.html#tls-warnings
  warnings.warn(

2026-09-29 16:24:37.198 77 INFO cinder.volume.drivers.lightos [None req-73db7036-c647-4b28-8a5e-4e9ae3ad5e78 efb45db074c74d248951c1a5c09d1193 e145851419414a0bb1a6d4116feeef37 - - default default] Invoking delete_volume using DELETE url: /api/v2/projects/default/volumes/48e555d9-949b-4f74-a36c-c202fd53b9db?             request.body:  ssl_verify: False
2026-09-29 16:24:37.230 77 WARNING py.warnings [None req-73db7036-c647-4b28-8a5e-4e9ae3ad5e78 efb45db074c74d248951c1a5c09d1193 e145851419414a0bb1a6d4116feeef37 - - default default] /var/lib/kolla/venv/lib/python3.12/site-packages/urllib3/connectionpool.py:1110: InsecureRequestWarning: Unverified HTTPS request is being made to host '[LB_IP_ADDRESS]'. Adding certificate verification is strongly advised. See: https://urllib3.readthedocs.io/en/latest/advanced-usage.html#tls-warnings
  warnings.warn(

2026-09-29 16:24:37.250 77 INFO cinder.volume.drivers.lightos [None req-73db7036-c647-4b28-8a5e-4e9ae3ad5e78 efb45db074c74d248951c1a5c09d1193 e145851419414a0bb1a6d4116feeef37 - - default default] Invoking get_volume using GET url: /api/v2/projects/default/volumes/48e555d9-949b-4f74-a36c-c202fd53b9db             request.body: {} ssl_verify: False
2026-09-29 16:24:37.294 77 WARNING py.warnings [None req-73db7036-c647-4b28-8a5e-4e9ae3ad5e78 efb45db074c74d248951c1a5c09d1193 e145851419414a0bb1a6d4116feeef37 - - default default] /var/lib/kolla/venv/lib/python3.12/site-packages/urllib3/connectionpool.py:1110: InsecureRequestWarning: Unverified HTTPS request is being made to host '[LB_IP_ADDRESS]'. Adding certificate verification is strongly advised. See: https://urllib3.readthedocs.io/en/latest/advanced-usage.html#tls-warnings
  warnings.warn(

2026-09-29 16:24:37.412 77 INFO cinder.volume.manager [None req-73db7036-c647-4b28-8a5e-4e9ae3ad5e78 efb45db074c74d248951c1a5c09d1193 e145851419414a0bb1a6d4116feeef37 - - default default] Deleted volume successfully.
2026-09-29 16:24:38.129 77 INFO cinder.volume.drivers.lightos [None req-b1f95213-18b5-48b0-a6b8-f794371d1aaf a704b5d224a74b058293b1ea1f30001a 755400e5a90249818c57374329898b54 - - - -] Invoking get_volume using GET url: /api/v2/projects/default/volumes/de1ac305-4fd0-4703-b98e-cfe3e88a65c5             request.body: {} ssl_verify: False
2026-09-29 16:24:38.176 77 WARNING py.warnings [None req-b1f95213-18b5-48b0-a6b8-f794371d1aaf a704b5d224a74b058293b1ea1f30001a 755400e5a90249818c57374329898b54 - - - -] /var/lib/kolla/venv/lib/python3.12/site-packages/urllib3/connectionpool.py:1110: InsecureRequestWarning: Unverified HTTPS request is being made to host '[LB_IP_ADDRESS]'. Adding certificate verification is strongly advised. See: https://urllib3.readthedocs.io/en/latest/advanced-usage.html#tls-warnings
  warnings.warn(

2026-09-29 16:24:38.255 77 INFO os_brick.initiator.connectors.lightos [None req-b1f95213-18b5-48b0-a6b8-f794371d1aaf a704b5d224a74b058293b1ea1f30001a 755400e5a90249818c57374329898b54 - - - -] Current host hostNQN nqn.2014-08.org.nvmexpress:uuid:1136ecdd-b326-5080-93cd-b4d75d7810d9 and IP(s) are ['[LB_IP_ADDRESS]', 'fe80::3e47:9a62:83ae:42f6', '[LB_IP_ADDRESS]', 'fe80::1527:3e78:1ef1:1fe7', '[LB_IP_ADDRESS]', 'fd00::a:13:1a:6', 'fe80::5fef:b54a:d77d:fcd4'] 
2026-09-29 16:24:38.256 77 INFO cinder.volume.drivers.lightos [None req-b1f95213-18b5-48b0-a6b8-f794371d1aaf a704b5d224a74b058293b1ea1f30001a 755400e5a90249818c57374329898b54 - - - -] Current host hostNQN is nqn.2014-08.org.nvmexpress:uuid:1136ecdd-b326-5080-93cd-b4d75d7810d9 and IP(s) are ['[LB_IP_ADDRESS]', 'fe80::3e47:9a62:83ae:42f6', '[LB_IP_ADDRESS]', 'fe80::1527:3e78:1ef1:1fe7', '[LB_IP_ADDRESS]', 'fd00::a:13:1a:6', 'fe80::5fef:b54a:d77d:fcd4']
2026-09-29 16:24:38.256 77 INFO cinder.volume.drivers.lightos [None req-b1f95213-18b5-48b0-a6b8-f794371d1aaf a704b5d224a74b058293b1ea1f30001a 755400e5a90249818c57374329898b54 - - - -] Invoking get_volume_by_name using GET url: /api/v2/projects/default/volumes/?name=vol_59ac43be-136a-4125-99a9-b9f1ea564d37             request.body: {} ssl_verify: False
2026-09-29 16:24:38.297 77 WARNING py.warnings [None req-b1f95213-18b5-48b0-a6b8-f794371d1aaf a704b5d224a74b058293b1ea1f30001a 755400e5a90249818c57374329898b54 - - - -] /var/lib/kolla/venv/lib/python3.12/site-packages/urllib3/connectionpool.py:1110: InsecureRequestWarning: Unverified HTTPS request is being made to host '[LB_IP_ADDRESS]'. Adding certificate verification is strongly advised. See: https://urllib3.readthedocs.io/en/latest/advanced-usage.html#tls-warnings
  warnings.warn(

2026-09-29 16:24:38.313 77 INFO cinder.volume.drivers.lightos [None req-b1f95213-18b5-48b0-a6b8-f794371d1aaf a704b5d224a74b058293b1ea1f30001a 755400e5a90249818c57374329898b54 - - - -] Invoking update_volume using PUT url: /api/v2/projects/default/volumes/de1ac305-4fd0-4703-b98e-cfe3e88a65c5             request.body: {'acl': {'values': ['nqn.2014-08.org.nvmexpress:uuid:1136ecdd-b326-5080-93cd-b4d75d7810d9']}, 'IPAcl': {'values': ['fe80::3e47:9a62:83ae:42f6', 'fe80::1527:3e78:1ef1:1fe7', '[LB_IP_ADDRESS]', 'fd00::a:13:1a:6', '[LB_IP_ADDRESS]', 'fe80::5fef:b54a:d77d:fcd4', '[LB_IP_ADDRESS]']}} ssl_verify: False
2026-09-29 16:24:38.357 77 WARNING py.warnings [None req-b1f95213-18b5-48b0-a6b8-f794371d1aaf a704b5d224a74b058293b1ea1f30001a 755400e5a90249818c57374329898b54 - - - -] /var/lib/kolla/venv/lib/python3.12/site-packages/urllib3/connectionpool.py:1110: InsecureRequestWarning: Unverified HTTPS request is being made to host '[LB_IP_ADDRESS]'. Adding certificate verification is strongly advised. See: https://urllib3.readthedocs.io/en/latest/advanced-usage.html#tls-warnings
  warnings.warn(

2026-09-29 16:24:38.386 77 INFO cinder.volume.drivers.lightos [None req-b1f95213-18b5-48b0-a6b8-f794371d1aaf a704b5d224a74b058293b1ea1f30001a 755400e5a90249818c57374329898b54 - - - -] Invoking get_volume_by_name using GET url: /api/v2/projects/default/volumes/?name=vol_59ac43be-136a-4125-99a9-b9f1ea564d37             request.body: {} ssl_verify: False
2026-09-29 16:24:38.436 77 WARNING py.warnings [None req-b1f95213-18b5-48b0-a6b8-f794371d1aaf a704b5d224a74b058293b1ea1f30001a 755400e5a90249818c57374329898b54 - - - -] /var/lib/kolla/venv/lib/python3.12/site-packages/urllib3/connectionpool.py:1110: InsecureRequestWarning: Unverified HTTPS request is being made to host '[LB_IP_ADDRESS]'. Adding certificate verification is strongly advised. See: https://urllib3.readthedocs.io/en/latest/advanced-usage.html#tls-warnings
  warnings.warn(

2026-09-29 16:24:38.775 77 INFO cinder.volume.flows.manager.create_volume [None req-77dc07f8-7d4f-4239-9b64-0d9f49ccb9a1 f27356ee9151455e87659fddba23fdfa 799f8b379ee840aa96a78e1de23376a7 - - - -] Volume 65330291-b260-4e1d-9f8d-863660fb55db: being created as raw with specification: {'status': 'creating', 'volume_name': 'vol_65330291-b260-4e1d-9f8d-863660fb55db', 'volume_size': 1}
2026-09-29 16:24:38.775 77 INFO cinder.volume.drivers.lightos [None req-77dc07f8-7d4f-4239-9b64-0d9f49ccb9a1 f27356ee9151455e87659fddba23fdfa 799f8b379ee840aa96a78e1de23376a7 - - - -] Invoking get_volume_by_name using GET url: /api/v2/projects/default/volumes/?name=vol_65330291-b260-4e1d-9f8d-863660fb55db             request.body: {} ssl_verify: False
2026-09-29 16:24:38.810 77 WARNING py.warnings [None req-77dc07f8-7d4f-4239-9b64-0d9f49ccb9a1 f27356ee9151455e87659fddba23fdfa 799f8b379ee840aa96a78e1de23376a7 - - - -] /var/lib/kolla/venv/lib/python3.12/site-packages/urllib3/connectionpool.py:1110: InsecureRequestWarning: Unverified HTTPS request is being made to host '[LB_IP_ADDRESS]'. Adding certificate verification is strongly advised. See: https://urllib3.readthedocs.io/en/latest/advanced-usage.html#tls-warnings
  warnings.warn(

2026-09-29 16:24:38.825 77 INFO cinder.volume.drivers.lightos [None req-77dc07f8-7d4f-4239-9b64-0d9f49ccb9a1 f27356ee9151455e87659fddba23fdfa 799f8b379ee840aa96a78e1de23376a7 - - - -] Invoking create_volume using POST url: /api/v2/projects/default/volumes             request.body: {'name': 'vol_65330291-b260-4e1d-9f8d-863660fb55db', 'size': '1 gib', 'replicaCount': '3', 'compression': 'False', 'acl': {'values': ['ALLOW_NONE']}, 'IPAcl': {'values': ['ALLOW_NONE']}, 'sourceSnapshotUUID': None, 'sourceSnapshotName': None} ssl_verify: False
2026-09-29 16:24:38.870 77 WARNING py.warnings [None req-77dc07f8-7d4f-4239-9b64-0d9f49ccb9a1 f27356ee9151455e87659fddba23fdfa 799f8b379ee840aa96a78e1de23376a7 - - - -] /var/lib/kolla/venv/lib/python3.12/site-packages/urllib3/connectionpool.py:1110: InsecureRequestWarning: Unverified HTTPS request is being made to host '[LB_IP_ADDRESS]'. Adding certificate verification is strongly advised. See: https://urllib3.readthedocs.io/en/latest/advanced-usage.html#tls-warnings
  warnings.warn(

2026-09-29 16:24:38.904 77 INFO cinder.volume.drivers.lightos [None req-77dc07f8-7d4f-4239-9b64-0d9f49ccb9a1 f27356ee9151455e87659fddba23fdfa 799f8b379ee840aa96a78e1de23376a7 - - - -] Invoking get_volume using GET url: /api/v2/projects/default/volumes/4717b3b2-4446-41f0-a2f6-0d3d9beda0af             request.body: {} ssl_verify: False
2026-09-29 16:24:38.963 77 WARNING py.warnings [None req-77dc07f8-7d4f-4239-9b64-0d9f49ccb9a1 f27356ee9151455e87659fddba23fdfa 799f8b379ee840aa96a78e1de23376a7 - - - -] /var/lib/kolla/venv/lib/python3.12/site-packages/urllib3/connectionpool.py:1110: InsecureRequestWarning: Unverified HTTPS request is being made to host '[LB_IP_ADDRESS]'. Adding certificate verification is strongly advised. See: https://urllib3.readthedocs.io/en/latest/advanced-usage.html#tls-warnings
  warnings.warn(

2026-09-29 16:24:39.452 77 INFO cinder.volume.drivers.lightos [None req-b1f95213-18b5-48b0-a6b8-f794371d1aaf a704b5d224a74b058293b1ea1f30001a 755400e5a90249818c57374329898b54 - - - -] Invoking get_volume_by_name using GET url: /api/v2/projects/default/volumes/?name=vol_59ac43be-136a-4125-99a9-b9f1ea564d37             request.body: {} ssl_verify: False
2026-09-29 16:24:39.500 77 WARNING py.warnings [None req-b1f95213-18b5-48b0-a6b8-f794371d1aaf a704b5d224a74b058293b1ea1f30001a 755400e5a90249818c57374329898b54 - - - -] /var/lib/kolla/venv/lib/python3.12/site-packages/urllib3/connectionpool.py:1110: InsecureRequestWarning: Unverified HTTPS request is being made to host '[LB_IP_ADDRESS]'. Adding certificate verification is strongly advised. See: https://urllib3.readthedocs.io/en/latest/advanced-usage.html#tls-warnings
  warnings.warn(

2026-09-29 16:24:39.513 77 INFO cinder.volume.drivers.lightos [None req-b1f95213-18b5-48b0-a6b8-f794371d1aaf a704b5d224a74b058293b1ea1f30001a 755400e5a90249818c57374329898b54 - - - -] Invoking get_volume_by_name using GET url: /api/v2/projects/default/volumes/?name=vol_59ac43be-136a-4125-99a9-b9f1ea564d37             request.body: {} ssl_verify: False
2026-09-29 16:24:39.555 77 WARNING py.warnings [None req-b1f95213-18b5-48b0-a6b8-f794371d1aaf a704b5d224a74b058293b1ea1f30001a 755400e5a90249818c57374329898b54 - - - -] /var/lib/kolla/venv/lib/python3.12/site-packages/urllib3/connectionpool.py:1110: InsecureRequestWarning: Unverified HTTPS request is being made to host '[LB_IP_ADDRESS]'. Adding certificate verification is strongly advised. See: https://urllib3.readthedocs.io/en/latest/advanced-usage.html#tls-warnings
  warnings.warn(

2026-09-29 16:24:39.565 77 INFO os_brick.initiator.connectors.lightos [None req-b1f95213-18b5-48b0-a6b8-f794371d1aaf a704b5d224a74b058293b1ea1f30001a 755400e5a90249818c57374329898b54 - - - -] LIGHTOS: connect_volume called for volume de1ac305-4fd0-4703-b98e-cfe3e88a65c5, connection properties: {'lightos_nodes': {'[LB_IP_ADDRESS]': {'target_portal': '[LB_IP_ADDRESS]', 'target_port': 8009, 'transport_type': 'tcp'}, '[LB_IP_ADDRESS]': {'target_portal': '[LB_IP_ADDRESS]', 'target_port': 8009, 'transport_type': 'tcp'}, '[LB_IP_ADDRESS]': {'target_portal': '[LB_IP_ADDRESS]', 'target_port': 8009, 'transport_type': 'tcp'}}, 'uuid': 'de1ac305-4fd0-4703-b98e-cfe3e88a65c5', 'subsysnqn': 'nqn.2016-01.com.lightbitslabs:uuid:023e92f0-1271-4fe0-9397-657649be716c:suffix', 'encrypted': False, 'enforce_multipath': False}
2026-09-29 16:24:39.567 77 INFO os_brick.initiator.connectors.lightos [None req-b1f95213-18b5-48b0-a6b8-f794371d1aaf a704b5d224a74b058293b1ea1f30001a 755400e5a90249818c57374329898b54 - - - -] LIGHTOS: devpath /dev/nvme0n1 detected for uuid de1ac305-4fd0-4703-b98e-cfe3e88a65c5
2026-09-29 16:24:40.011 77 INFO cinder.volume.drivers.lightos [None req-77dc07f8-7d4f-4239-9b64-0d9f49ccb9a1 f27356ee9151455e87659fddba23fdfa 799f8b379ee840aa96a78e1de23376a7 - - - -] Invoking get_volume using GET url: /api/v2/projects/default/volumes/4717b3b2-4446-41f0-a2f6-0d3d9beda0af             request.body: {} ssl_verify: False
2026-09-29 16:24:40.061 77 WARNING py.warnings [None req-77dc07f8-7d4f-4239-9b64-0d9f49ccb9a1 f27356ee9151455e87659fddba23fdfa 799f8b379ee840aa96a78e1de23376a7 - - - -] /var/lib/kolla/venv/lib/python3.12/site-packages/urllib3/connectionpool.py:1110: InsecureRequestWarning: Unverified HTTPS request is being made to host '[LB_IP_ADDRESS]'. Adding certificate verification is strongly advised. See: https://urllib3.readthedocs.io/en/latest/advanced-usage.html#tls-warnings
  warnings.warn(

2026-09-29 16:24:40.096 77 INFO cinder.volume.flows.manager.create_volume [None req-77dc07f8-7d4f-4239-9b64-0d9f49ccb9a1 f27356ee9151455e87659fddba23fdfa 799f8b379ee840aa96a78e1de23376a7 - - - -] Volume vol_65330291-b260-4e1d-9f8d-863660fb55db (65330291-b260-4e1d-9f8d-863660fb55db): created successfully
2026-09-29 16:24:40.104 77 INFO cinder.volume.manager [None req-77dc07f8-7d4f-4239-9b64-0d9f49ccb9a1 f27356ee9151455e87659fddba23fdfa 799f8b379ee840aa96a78e1de23376a7 - - - -] Created volume successfully.
2026-09-29 16:24:41.189 77 INFO cinder.volume.drivers.lightos [None req-e5ede980-8f19-4901-b5b7-f71f38d931cc efb45db074c74d248951c1a5c09d1193 e145851419414a0bb1a6d4116feeef37 - - default default] Invoking delete_volume using DELETE url: /api/v2/projects/default/volumes/4717b3b2-4446-41f0-a2f6-0d3d9beda0af?             request.body:  ssl_verify: False
2026-09-29 16:24:41.229 77 WARNING py.warnings [None req-e5ede980-8f19-4901-b5b7-f71f38d931cc efb45db074c74d248951c1a5c09d1193 e145851419414a0bb1a6d4116feeef37 - - default default] /var/lib/kolla/venv/lib/python3.12/site-packages/urllib3/connectionpool.py:1110: InsecureRequestWarning: Unverified HTTPS request is being made to host '[LB_IP_ADDRESS]'. Adding certificate verification is strongly advised. See: https://urllib3.readthedocs.io/en/latest/advanced-usage.html#tls-warnings
  warnings.warn(

2026-09-29 16:24:41.262 77 INFO cinder.volume.drivers.lightos [None req-e5ede980-8f19-4901-b5b7-f71f38d931cc efb45db074c74d248951c1a5c09d1193 e145851419414a0bb1a6d4116feeef37 - - default default] Invoking get_volume using GET url: /api/v2/projects/default/volumes/4717b3b2-4446-41f0-a2f6-0d3d9beda0af             request.body: {} ssl_verify: False
2026-09-29 16:24:41.309 77 WARNING py.warnings [None req-e5ede980-8f19-4901-b5b7-f71f38d931cc efb45db074c74d248951c1a5c09d1193 e145851419414a0bb1a6d4116feeef37 - - default default] /var/lib/kolla/venv/lib/python3.12/site-packages/urllib3/connectionpool.py:1110: InsecureRequestWarning: Unverified HTTPS request is being made to host '[LB_IP_ADDRESS]'. Adding certificate verification is strongly advised. See: https://urllib3.readthedocs.io/en/latest/advanced-usage.html#tls-warnings
  warnings.warn(

2026-09-29 16:24:41.446 77 INFO cinder.volume.manager [None req-e5ede980-8f19-4901-b5b7-f71f38d931cc efb45db074c74d248951c1a5c09d1193 e145851419414a0bb1a6d4116feeef37 - - default default] Deleted volume successfully.
2026-09-29 16:24:41.598 77 INFO cinder.image.image_utils [None req-b1f95213-18b5-48b0-a6b8-f794371d1aaf a704b5d224a74b058293b1ea1f30001a 755400e5a90249818c57374329898b54 - - - -] Converted 44.00 MB image at 44.00 MB/s
2026-09-29 16:24:41.599 77 INFO os_brick.initiator.connectors.lightos [None req-b1f95213-18b5-48b0-a6b8-f794371d1aaf a704b5d224a74b058293b1ea1f30001a 755400e5a90249818c57374329898b54 - - - -] LIGHTOS: devpath /dev/nvme0n1 detected for uuid de1ac305-4fd0-4703-b98e-cfe3e88a65c5
2026-09-29 16:24:41.614 77 INFO cinder.volume.drivers.lightos [None req-b1f95213-18b5-48b0-a6b8-f794371d1aaf a704b5d224a74b058293b1ea1f30001a 755400e5a90249818c57374329898b54 - - - -] Invoking get_volume_by_name using GET url: /api/v2/projects/default/volumes/?name=vol_59ac43be-136a-4125-99a9-b9f1ea564d37             request.body: {} ssl_verify: False
2026-09-29 16:24:41.654 77 WARNING py.warnings [None req-b1f95213-18b5-48b0-a6b8-f794371d1aaf a704b5d224a74b058293b1ea1f30001a 755400e5a90249818c57374329898b54 - - - -] /var/lib/kolla/venv/lib/python3.12/site-packages/urllib3/connectionpool.py:1110: InsecureRequestWarning: Unverified HTTPS request is being made to host '[LB_IP_ADDRESS]'. Adding certificate verification is strongly advised. See: https://urllib3.readthedocs.io/en/latest/advanced-usage.html#tls-warnings
  warnings.warn(

2026-09-29 16:24:41.667 77 INFO cinder.volume.drivers.lightos [None req-b1f95213-18b5-48b0-a6b8-f794371d1aaf a704b5d224a74b058293b1ea1f30001a 755400e5a90249818c57374329898b54 - - - -] Invoking get_volume_by_name using GET url: /api/v2/projects/default/volumes/?name=vol_59ac43be-136a-4125-99a9-b9f1ea564d37             request.body: {} ssl_verify: False
2026-09-29 16:24:41.708 77 WARNING py.warnings [None req-b1f95213-18b5-48b0-a6b8-f794371d1aaf a704b5d224a74b058293b1ea1f30001a 755400e5a90249818c57374329898b54 - - - -] /var/lib/kolla/venv/lib/python3.12/site-packages/urllib3/connectionpool.py:1110: InsecureRequestWarning: Unverified HTTPS request is being made to host '[LB_IP_ADDRESS]'. Adding certificate verification is strongly advised. See: https://urllib3.readthedocs.io/en/latest/advanced-usage.html#tls-warnings
  warnings.warn(

2026-09-29 16:24:41.720 77 INFO cinder.volume.drivers.lightos [None req-b1f95213-18b5-48b0-a6b8-f794371d1aaf a704b5d224a74b058293b1ea1f30001a 755400e5a90249818c57374329898b54 - - - -] Invoking update_volume using PUT url: /api/v2/projects/default/volumes/de1ac305-4fd0-4703-b98e-cfe3e88a65c5             request.body: {'acl': {'values': ['ALLOW_NONE']}, 'IPAcl': {'values': ['ALLOW_NONE']}} ssl_verify: False
2026-09-29 16:24:41.770 77 WARNING py.warnings [None req-b1f95213-18b5-48b0-a6b8-f794371d1aaf a704b5d224a74b058293b1ea1f30001a 755400e5a90249818c57374329898b54 - - - -] /var/lib/kolla/venv/lib/python3.12/site-packages/urllib3/connectionpool.py:1110: InsecureRequestWarning: Unverified HTTPS request is being made to host '[LB_IP_ADDRESS]'. Adding certificate verification is strongly advised. See: https://urllib3.readthedocs.io/en/latest/advanced-usage.html#tls-warnings
  warnings.warn(

2026-09-29 16:24:41.797 77 INFO cinder.volume.drivers.lightos [None req-b1f95213-18b5-48b0-a6b8-f794371d1aaf a704b5d224a74b058293b1ea1f30001a 755400e5a90249818c57374329898b54 - - - -] Invoking get_volume_by_name using GET url: /api/v2/projects/default/volumes/?name=vol_59ac43be-136a-4125-99a9-b9f1ea564d37             request.body: {} ssl_verify: False
2026-09-29 16:24:41.840 77 WARNING py.warnings [None req-b1f95213-18b5-48b0-a6b8-f794371d1aaf a704b5d224a74b058293b1ea1f30001a 755400e5a90249818c57374329898b54 - - - -] /var/lib/kolla/venv/lib/python3.12/site-packages/urllib3/connectionpool.py:1110: InsecureRequestWarning: Unverified HTTPS request is being made to host '[LB_IP_ADDRESS]'. Adding certificate verification is strongly advised. See: https://urllib3.readthedocs.io/en/latest/advanced-usage.html#tls-warnings
  warnings.warn(

2026-09-29 16:24:42.852 77 INFO cinder.volume.drivers.lightos [None req-b1f95213-18b5-48b0-a6b8-f794371d1aaf a704b5d224a74b058293b1ea1f30001a 755400e5a90249818c57374329898b54 - - - -] Invoking get_volume_by_name using GET url: /api/v2/projects/default/volumes/?name=vol_59ac43be-136a-4125-99a9-b9f1ea564d37             request.body: {} ssl_verify: False
2026-09-29 16:24:42.898 77 WARNING py.warnings [None req-b1f95213-18b5-48b0-a6b8-f794371d1aaf a704b5d224a74b058293b1ea1f30001a 755400e5a90249818c57374329898b54 - - - -] /var/lib/kolla/venv/lib/python3.12/site-packages/urllib3/connectionpool.py:1110: InsecureRequestWarning: Unverified HTTPS request is being made to host '[LB_IP_ADDRESS]'. Adding certificate verification is strongly advised. See: https://urllib3.readthedocs.io/en/latest/advanced-usage.html#tls-warnings
  warnings.warn(

2026-09-29 16:24:42.915 77 INFO cinder.volume.drivers.lightos [None req-b1f95213-18b5-48b0-a6b8-f794371d1aaf a704b5d224a74b058293b1ea1f30001a 755400e5a90249818c57374329898b54 - - - -] Invoking get_volume_by_name using GET url: /api/v2/projects/default/volumes/?name=vol_59ac43be-136a-4125-99a9-b9f1ea564d37             request.body: {} ssl_verify: False
2026-09-29 16:24:42.958 77 WARNING py.warnings [None req-b1f95213-18b5-48b0-a6b8-f794371d1aaf a704b5d224a74b058293b1ea1f30001a 755400e5a90249818c57374329898b54 - - - -] /var/lib/kolla/venv/lib/python3.12/site-packages/urllib3/connectionpool.py:1110: InsecureRequestWarning: Unverified HTTPS request is being made to host '[LB_IP_ADDRESS]'. Adding certificate verification is strongly advised. See: https://urllib3.readthedocs.io/en/latest/advanced-usage.html#tls-warnings
  warnings.warn(

2026-09-29 16:24:43.063 77 INFO cinder.volume.flows.manager.create_volume [None req-b1f95213-18b5-48b0-a6b8-f794371d1aaf a704b5d224a74b058293b1ea1f30001a 755400e5a90249818c57374329898b54 - - - -] Volume vol_59ac43be-136a-4125-99a9-b9f1ea564d37 (59ac43be-136a-4125-99a9-b9f1ea564d37): created successfully
2026-09-29 16:24:43.070 77 INFO cinder.volume.manager [None req-b1f95213-18b5-48b0-a6b8-f794371d1aaf a704b5d224a74b058293b1ea1f30001a 755400e5a90249818c57374329898b54 - - - -] Created volume successfully.
2026-09-29 16:24:43.602 77 INFO cinder.volume.drivers.lightos [None req-fb23f4a2-eac0-43a2-a995-93deeba365c8 a704b5d224a74b058293b1ea1f30001a 755400e5a90249818c57374329898b54 - - - -] Invoking get_volume_by_name using GET url: /api/v2/projects/default/volumes/?name=vol_59ac43be-136a-4125-99a9-b9f1ea564d37             request.body: {} ssl_verify: False
2026-09-29 16:24:43.647 77 WARNING py.warnings [None req-fb23f4a2-eac0-43a2-a995-93deeba365c8 a704b5d224a74b058293b1ea1f30001a 755400e5a90249818c57374329898b54 - - - -] /var/lib/kolla/venv/lib/python3.12/site-packages/urllib3/connectionpool.py:1110: InsecureRequestWarning: Unverified HTTPS request is being made to host '[LB_IP_ADDRESS]'. Adding certificate verification is strongly advised. See: https://urllib3.readthedocs.io/en/latest/advanced-usage.html#tls-warnings
  warnings.warn(

2026-09-29 16:24:43.663 77 INFO cinder.volume.drivers.lightos [None req-fb23f4a2-eac0-43a2-a995-93deeba365c8 a704b5d224a74b058293b1ea1f30001a 755400e5a90249818c57374329898b54 - - - -] Invoking extend_volume using PUT url: /api/v2/projects/default/volumes/de1ac305-4fd0-4703-b98e-cfe3e88a65c5             request.body: {'UUID': 'de1ac305-4fd0-4703-b98e-cfe3e88a65c5', 'size': '2 gib'} ssl_verify: False
2026-09-29 16:24:43.706 77 WARNING py.warnings [None req-fb23f4a2-eac0-43a2-a995-93deeba365c8 a704b5d224a74b058293b1ea1f30001a 755400e5a90249818c57374329898b54 - - - -] /var/lib/kolla/venv/lib/python3.12/site-packages/urllib3/connectionpool.py:1110: InsecureRequestWarning: Unverified HTTPS request is being made to host '[LB_IP_ADDRESS]'. Adding certificate verification is strongly advised. See: https://urllib3.readthedocs.io/en/latest/advanced-usage.html#tls-warnings
  warnings.warn(

2026-09-29 16:24:43.735 77 INFO cinder.volume.drivers.lightos [None req-fb23f4a2-eac0-43a2-a995-93deeba365c8 a704b5d224a74b058293b1ea1f30001a 755400e5a90249818c57374329898b54 - - - -] Successfully extended volume Volume(_name_id=None,admin_metadata={},attach_status='detached',availability_zone='nova',bootable=True,cluster=<?>,cluster_name=None,consistencygroup=<?>,consistencygroup_id=None,created_at=2026-09-29T16:24:35Z,deleted=False,deleted_at=None,display_description=None,display_name='tempest-VolumesExtendTest-Volume-1010333829',ec2_id=None,encryption_key_id=None,glance_metadata={checksum='443b7623e27ecf03dc9e01ee93f67afe',container_format='bare',disk_format='qcow2',image_id='545c8ea5-cae4-4d3e-b3ff-02364f54bc85',image_name='cirros',min_disk='0',min_ram='0',owner_specified.openstack.md5='',owner_specified.openstack.object='images/cirros',owner_specified.openstack.sha256='',signature_verified='False',size='12716032'},group=<?>,group_id=None,host='rack11-server81@LIGHTOSvemhmp#vemhmp',id=59ac43be-136a-4125-99a9-b9f1ea564d37,launched_at=2026-09-29T16:24:43Z,metadata={},migration_status=None,multiattach=False,previous_status='available',project_id='755400e5a90249818c57374329898b54',provider_auth=None,provider_geometry=None,provider_id='default de1ac305-4fd0-4703-b98e-cfe3e88a65c5',provider_location=None,replication_driver_data=None,replication_extended_status=None,replication_status=None,scheduled_at=2026-09-29T16:24:35Z,service_uuid='a94f8f8b-b6eb-4baa-8155-8e7f9daed813',shared_targets=False,size=1,snapshot_id=None,snapshots=<?>,source_volid=None,status='extending',terminated_at=None,updated_at=2026-09-29T16:24:43Z,use_quota=True,user_id='a704b5d224a74b058293b1ea1f30001a',volume_attachment=VolumeAttachmentList,volume_type=VolumeType(9e33a27f-87a7-47ac-9d72-59abacd63e10),volume_type_id=9e33a27f-87a7-47ac-9d72-59abacd63e10) project default size:2
2026-09-29 16:24:43.763 77 INFO cinder.volume.manager [None req-fb23f4a2-eac0-43a2-a995-93deeba365c8 a704b5d224a74b058293b1ea1f30001a 755400e5a90249818c57374329898b54 - - - -] Extend volume completed successfully.
2026-09-29 16:24:44.860 77 INFO cinder.volume.drivers.lightos [None req-22261ccd-16c5-4858-afa1-985f2c2ec790 a704b5d224a74b058293b1ea1f30001a 755400e5a90249818c57374329898b54 - - default default] Invoking delete_volume using DELETE url: /api/v2/projects/default/volumes/de1ac305-4fd0-4703-b98e-cfe3e88a65c5?             request.body:  ssl_verify: False
2026-09-29 16:24:44.897 77 WARNING py.warnings [None req-22261ccd-16c5-4858-afa1-985f2c2ec790 a704b5d224a74b058293b1ea1f30001a 755400e5a90249818c57374329898b54 - - default default] /var/lib/kolla/venv/lib/python3.12/site-packages/urllib3/connectionpool.py:1110: InsecureRequestWarning: Unverified HTTPS request is being made to host '[LB_IP_ADDRESS]'. Adding certificate verification is strongly advised. See: https://urllib3.readthedocs.io/en/latest/advanced-usage.html#tls-warnings
  warnings.warn(

2026-09-29 16:24:44.926 77 INFO cinder.volume.drivers.lightos [None req-22261ccd-16c5-4858-afa1-985f2c2ec790 a704b5d224a74b058293b1ea1f30001a 755400e5a90249818c57374329898b54 - - default default] Invoking get_volume using GET url: /api/v2/projects/default/volumes/de1ac305-4fd0-4703-b98e-cfe3e88a65c5             request.body: {} ssl_verify: False
2026-09-29 16:24:44.972 77 WARNING py.warnings [None req-22261ccd-16c5-4858-afa1-985f2c2ec790 a704b5d224a74b058293b1ea1f30001a 755400e5a90249818c57374329898b54 - - default default] /var/lib/kolla/venv/lib/python3.12/site-packages/urllib3/connectionpool.py:1110: InsecureRequestWarning: Unverified HTTPS request is being made to host '[LB_IP_ADDRESS]'. Adding certificate verification is strongly advised. See: https://urllib3.readthedocs.io/en/latest/advanced-usage.html#tls-warnings
  warnings.warn(

2026-09-29 16:24:45.099 77 INFO cinder.volume.manager [None req-22261ccd-16c5-4858-afa1-985f2c2ec790 a704b5d224a74b058293b1ea1f30001a 755400e5a90249818c57374329898b54 - - default default] Deleted volume successfully.
2026-09-29 16:24:45.905 77 INFO cinder.volume.flows.manager.create_volume [None req-eeb59c4d-5e7a-4c46-8cbe-33da584ce6c4 29a568ee9e914c9caf95405cbc2ee177 07e6ed960b624810ab350c1ca491226b - - - -] Volume 6ccc81df-5649-4c0a-a3a2-ced28286bfea: being created as raw with specification: {'status': 'creating', 'volume_name': 'vol_6ccc81df-5649-4c0a-a3a2-ced28286bfea', 'volume_size': 1}
2026-09-29 16:24:45.906 77 INFO cinder.volume.drivers.lightos [None req-eeb59c4d-5e7a-4c46-8cbe-33da584ce6c4 29a568ee9e914c9caf95405cbc2ee177 07e6ed960b624810ab350c1ca491226b - - - -] Invoking get_volume_by_name using GET url: /api/v2/projects/default/volumes/?name=vol_6ccc81df-5649-4c0a-a3a2-ced28286bfea             request.body: {} ssl_verify: False
2026-09-29 16:24:45.943 77 WARNING py.warnings [None req-eeb59c4d-5e7a-4c46-8cbe-33da584ce6c4 29a568ee9e914c9caf95405cbc2ee177 07e6ed960b624810ab350c1ca491226b - - - -] /var/lib/kolla/venv/lib/python3.12/site-packages/urllib3/connectionpool.py:1110: InsecureRequestWarning: Unverified HTTPS request is being made to host '[LB_IP_ADDRESS]'. Adding certificate verification is strongly advised. See: https://urllib3.readthedocs.io/en/latest/advanced-usage.html#tls-warnings
  warnings.warn(

2026-09-29 16:24:45.955 77 INFO cinder.volume.drivers.lightos [None req-eeb59c4d-5e7a-4c46-8cbe-33da584ce6c4 29a568ee9e914c9caf95405cbc2ee177 07e6ed960b624810ab350c1ca491226b - - - -] Invoking create_volume using POST url: /api/v2/projects/default/volumes             request.body: {'name': 'vol_6ccc81df-5649-4c0a-a3a2-ced28286bfea', 'size': '1 gib', 'replicaCount': '3', 'compression': 'False', 'acl': {'values': ['ALLOW_NONE']}, 'IPAcl': {'values': ['ALLOW_NONE']}, 'sourceSnapshotUUID': None, 'sourceSnapshotName': None} ssl_verify: False
2026-09-29 16:24:45.999 77 WARNING py.warnings [None req-eeb59c4d-5e7a-4c46-8cbe-33da584ce6c4 29a568ee9e914c9caf95405cbc2ee177 07e6ed960b624810ab350c1ca491226b - - - -] /var/lib/kolla/venv/lib/python3.12/site-packages/urllib3/connectionpool.py:1110: InsecureRequestWarning: Unverified HTTPS request is being made to host '[LB_IP_ADDRESS]'. Adding certificate verification is strongly advised. See: https://urllib3.readthedocs.io/en/latest/advanced-usage.html#tls-warnings
  warnings.warn(

2026-09-29 16:24:46.027 77 INFO cinder.volume.drivers.lightos [None req-eeb59c4d-5e7a-4c46-8cbe-33da584ce6c4 29a568ee9e914c9caf95405cbc2ee177 07e6ed960b624810ab350c1ca491226b - - - -] Invoking get_volume using GET url: /api/v2/projects/default/volumes/1da51803-c09b-4b26-b8ae-a839dcb02362             request.body: {} ssl_verify: False
2026-09-29 16:24:46.080 77 WARNING py.warnings [None req-eeb59c4d-5e7a-4c46-8cbe-33da584ce6c4 29a568ee9e914c9caf95405cbc2ee177 07e6ed960b624810ab350c1ca491226b - - - -] /var/lib/kolla/venv/lib/python3.12/site-packages/urllib3/connectionpool.py:1110: InsecureRequestWarning: Unverified HTTPS request is being made to host '[LB_IP_ADDRESS]'. Adding certificate verification is strongly advised. See: https://urllib3.readthedocs.io/en/latest/advanced-usage.html#tls-warnings
  warnings.warn(

2026-09-29 16:24:46.113 77 INFO cinder.volume.flows.manager.create_volume [None req-eeb59c4d-5e7a-4c46-8cbe-33da584ce6c4 29a568ee9e914c9caf95405cbc2ee177 07e6ed960b624810ab350c1ca491226b - - - -] Volume vol_6ccc81df-5649-4c0a-a3a2-ced28286bfea (6ccc81df-5649-4c0a-a3a2-ced28286bfea): created successfully
2026-09-29 16:24:46.120 77 INFO cinder.volume.manager [None req-eeb59c4d-5e7a-4c46-8cbe-33da584ce6c4 29a568ee9e914c9caf95405cbc2ee177 07e6ed960b624810ab350c1ca491226b - - - -] Created volume successfully.
2026-09-29 16:24:46.365 77 INFO cinder.volume.flows.manager.create_volume [None req-d446ad1e-00a1-46a2-a3c6-0f0fb551f2eb a704b5d224a74b058293b1ea1f30001a 755400e5a90249818c57374329898b54 - - - -] Volume 7b7a84c6-de8c-4160-893a-18b4d5616da5: being created as raw with specification: {'status': 'creating', 'volume_name': 'vol_7b7a84c6-de8c-4160-893a-18b4d5616da5', 'volume_size': 1}
2026-09-29 16:24:46.365 77 INFO cinder.volume.drivers.lightos [None req-d446ad1e-00a1-46a2-a3c6-0f0fb551f2eb a704b5d224a74b058293b1ea1f30001a 755400e5a90249818c57374329898b54 - - - -] Invoking get_volume_by_name using GET url: /api/v2/projects/default/volumes/?name=vol_7b7a84c6-de8c-4160-893a-18b4d5616da5             request.body: {} ssl_verify: False
2026-09-29 16:24:46.400 77 WARNING py.warnings [None req-d446ad1e-00a1-46a2-a3c6-0f0fb551f2eb a704b5d224a74b058293b1ea1f30001a 755400e5a90249818c57374329898b54 - - - -] /var/lib/kolla/venv/lib/python3.12/site-packages/urllib3/connectionpool.py:1110: InsecureRequestWarning: Unverified HTTPS request is being made to host '[LB_IP_ADDRESS]'. Adding certificate verification is strongly advised. See: https://urllib3.readthedocs.io/en/latest/advanced-usage.html#tls-warnings
  warnings.warn(

2026-09-29 16:24:46.411 77 INFO cinder.volume.drivers.lightos [None req-d446ad1e-00a1-46a2-a3c6-0f0fb551f2eb a704b5d224a74b058293b1ea1f30001a 755400e5a90249818c57374329898b54 - - - -] Invoking create_volume using POST url: /api/v2/projects/default/volumes             request.body: {'name': 'vol_7b7a84c6-de8c-4160-893a-18b4d5616da5', 'size': '1 gib', 'replicaCount': '3', 'compression': 'False', 'acl': {'values': ['ALLOW_NONE']}, 'IPAcl': {'values': ['ALLOW_NONE']}, 'sourceSnapshotUUID': None, 'sourceSnapshotName': None} ssl_verify: False
2026-09-29 16:24:46.455 77 WARNING py.warnings [None req-d446ad1e-00a1-46a2-a3c6-0f0fb551f2eb a704b5d224a74b058293b1ea1f30001a 755400e5a90249818c57374329898b54 - - - -] /var/lib/kolla/venv/lib/python3.12/site-packages/urllib3/connectionpool.py:1110: InsecureRequestWarning: Unverified HTTPS request is being made to host '[LB_IP_ADDRESS]'. Adding certificate verification is strongly advised. See: https://urllib3.readthedocs.io/en/latest/advanced-usage.html#tls-warnings
  warnings.warn(

2026-09-29 16:24:46.504 77 INFO cinder.volume.drivers.lightos [None req-d446ad1e-00a1-46a2-a3c6-0f0fb551f2eb a704b5d224a74b058293b1ea1f30001a 755400e5a90249818c57374329898b54 - - - -] Invoking get_volume using GET url: /api/v2/projects/default/volumes/c109b64f-0a2d-4e6a-bc34-d30ebb0a90d9             request.body: {} ssl_verify: False
2026-09-29 16:24:46.563 77 WARNING py.warnings [None req-d446ad1e-00a1-46a2-a3c6-0f0fb551f2eb a704b5d224a74b058293b1ea1f30001a 755400e5a90249818c57374329898b54 - - - -] /var/lib/kolla/venv/lib/python3.12/site-packages/urllib3/connectionpool.py:1110: InsecureRequestWarning: Unverified HTTPS request is being made to host '[LB_IP_ADDRESS]'. Adding certificate verification is strongly advised. See: https://urllib3.readthedocs.io/en/latest/advanced-usage.html#tls-warnings
  warnings.warn(

2026-09-29 16:24:46.620 77 INFO cinder.volume.flows.manager.create_volume [None req-d446ad1e-00a1-46a2-a3c6-0f0fb551f2eb a704b5d224a74b058293b1ea1f30001a 755400e5a90249818c57374329898b54 - - - -] Volume vol_7b7a84c6-de8c-4160-893a-18b4d5616da5 (7b7a84c6-de8c-4160-893a-18b4d5616da5): created successfully
2026-09-29 16:24:46.628 77 INFO cinder.volume.manager [None req-d446ad1e-00a1-46a2-a3c6-0f0fb551f2eb a704b5d224a74b058293b1ea1f30001a 755400e5a90249818c57374329898b54 - - - -] Created volume successfully.
2026-09-29 16:24:47.126 77 INFO cinder.volume.drivers.lightos [None req-30f7c32e-dbea-48bf-a0ca-aea96a923850 29a568ee9e914c9caf95405cbc2ee177 07e6ed960b624810ab350c1ca491226b - - - -] Invoking get_snapshot_by_name using GET url: /api/v2/projects/default/snapshots/?Name=snapshot-3f3f0bab-7795-40f4-a053-b432651dbde5             request.body: {} ssl_verify: False
2026-09-29 16:24:47.164 77 WARNING py.warnings [None req-30f7c32e-dbea-48bf-a0ca-aea96a923850 29a568ee9e914c9caf95405cbc2ee177 07e6ed960b624810ab350c1ca491226b - - - -] /var/lib/kolla/venv/lib/python3.12/site-packages/urllib3/connectionpool.py:1110: InsecureRequestWarning: Unverified HTTPS request is being made to host '[LB_IP_ADDRESS]'. Adding certificate verification is strongly advised. See: https://urllib3.readthedocs.io/en/latest/advanced-usage.html#tls-warnings
  warnings.warn(

2026-09-29 16:24:47.176 77 INFO cinder.volume.drivers.lightos [None req-30f7c32e-dbea-48bf-a0ca-aea96a923850 29a568ee9e914c9caf95405cbc2ee177 07e6ed960b624810ab350c1ca491226b - - - -] Invoking create_snapshot using POST url: /api/v2/projects/default/snapshots             request.body: {'name': 'snapshot-3f3f0bab-7795-40f4-a053-b432651dbde5', 'sourceVolumeUUID': None, 'sourceVolumeName': 'vol_6ccc81df-5649-4c0a-a3a2-ced28286bfea'} ssl_verify: False
2026-09-29 16:24:47.220 77 WARNING py.warnings [None req-30f7c32e-dbea-48bf-a0ca-aea96a923850 29a568ee9e914c9caf95405cbc2ee177 07e6ed960b624810ab350c1ca491226b - - - -] /var/lib/kolla/venv/lib/python3.12/site-packages/urllib3/connectionpool.py:1110: InsecureRequestWarning: Unverified HTTPS request is being made to host '[LB_IP_ADDRESS]'. Adding certificate verification is strongly advised. See: https://urllib3.readthedocs.io/en/latest/advanced-usage.html#tls-warnings
  warnings.warn(

2026-09-29 16:24:47.255 77 INFO cinder.volume.drivers.lightos [None req-30f7c32e-dbea-48bf-a0ca-aea96a923850 29a568ee9e914c9caf95405cbc2ee177 07e6ed960b624810ab350c1ca491226b - - - -] Invoking get_snapshot_by_name using GET url: /api/v2/projects/default/snapshots/?Name=snapshot-3f3f0bab-7795-40f4-a053-b432651dbde5             request.body: {} ssl_verify: False
2026-09-29 16:24:47.304 77 WARNING py.warnings [None req-30f7c32e-dbea-48bf-a0ca-aea96a923850 29a568ee9e914c9caf95405cbc2ee177 07e6ed960b624810ab350c1ca491226b - - - -] /var/lib/kolla/venv/lib/python3.12/site-packages/urllib3/connectionpool.py:1110: InsecureRequestWarning: Unverified HTTPS request is being made to host '[LB_IP_ADDRESS]'. Adding certificate verification is strongly advised. See: https://urllib3.readthedocs.io/en/latest/advanced-usage.html#tls-warnings
  warnings.warn(

2026-09-29 16:24:47.572 77 INFO cinder.volume.drivers.lightos [None req-f050be60-2e20-4a80-97a1-0e9b5046f812 a704b5d224a74b058293b1ea1f30001a 755400e5a90249818c57374329898b54 - - - -] Invoking get_snapshot_by_name using GET url: /api/v2/projects/default/snapshots/?Name=snapshot-cf56f8dc-7db7-470a-b829-e9268cc8aa1c             request.body: {} ssl_verify: False
2026-09-29 16:24:47.606 77 WARNING py.warnings [None req-f050be60-2e20-4a80-97a1-0e9b5046f812 a704b5d224a74b058293b1ea1f30001a 755400e5a90249818c57374329898b54 - - - -] /var/lib/kolla/venv/lib/python3.12/site-packages/urllib3/connectionpool.py:1110: InsecureRequestWarning: Unverified HTTPS request is being made to host '[LB_IP_ADDRESS]'. Adding certificate verification is strongly advised. See: https://urllib3.readthedocs.io/en/latest/advanced-usage.html#tls-warnings
  warnings.warn(

2026-09-29 16:24:47.613 77 INFO cinder.volume.drivers.lightos [None req-f050be60-2e20-4a80-97a1-0e9b5046f812 a704b5d224a74b058293b1ea1f30001a 755400e5a90249818c57374329898b54 - - - -] Invoking create_snapshot using POST url: /api/v2/projects/default/snapshots             request.body: {'name': 'snapshot-cf56f8dc-7db7-470a-b829-e9268cc8aa1c', 'sourceVolumeUUID': None, 'sourceVolumeName': 'vol_7b7a84c6-de8c-4160-893a-18b4d5616da5'} ssl_verify: False
2026-09-29 16:24:47.649 77 WARNING py.warnings [None req-f050be60-2e20-4a80-97a1-0e9b5046f812 a704b5d224a74b058293b1ea1f30001a 755400e5a90249818c57374329898b54 - - - -] /var/lib/kolla/venv/lib/python3.12/site-packages/urllib3/connectionpool.py:1110: InsecureRequestWarning: Unverified HTTPS request is being made to host '[LB_IP_ADDRESS]'. Adding certificate verification is strongly advised. See: https://urllib3.readthedocs.io/en/latest/advanced-usage.html#tls-warnings
  warnings.warn(

2026-09-29 16:24:47.679 77 INFO cinder.volume.drivers.lightos [None req-f050be60-2e20-4a80-97a1-0e9b5046f812 a704b5d224a74b058293b1ea1f30001a 755400e5a90249818c57374329898b54 - - - -] Invoking get_snapshot_by_name using GET url: /api/v2/projects/default/snapshots/?Name=snapshot-cf56f8dc-7db7-470a-b829-e9268cc8aa1c             request.body: {} ssl_verify: False
2026-09-29 16:24:47.726 77 WARNING py.warnings [None req-f050be60-2e20-4a80-97a1-0e9b5046f812 a704b5d224a74b058293b1ea1f30001a 755400e5a90249818c57374329898b54 - - - -] /var/lib/kolla/venv/lib/python3.12/site-packages/urllib3/connectionpool.py:1110: InsecureRequestWarning: Unverified HTTPS request is being made to host '[LB_IP_ADDRESS]'. Adding certificate verification is strongly advised. See: https://urllib3.readthedocs.io/en/latest/advanced-usage.html#tls-warnings
  warnings.warn(

2026-09-29 16:24:48.350 77 INFO cinder.volume.drivers.lightos [None req-30f7c32e-dbea-48bf-a0ca-aea96a923850 29a568ee9e914c9caf95405cbc2ee177 07e6ed960b624810ab350c1ca491226b - - - -] Invoking get_snapshot_by_name using GET url: /api/v2/projects/default/snapshots/?Name=snapshot-3f3f0bab-7795-40f4-a053-b432651dbde5             request.body: {} ssl_verify: False
2026-09-29 16:24:48.397 77 WARNING py.warnings [None req-30f7c32e-dbea-48bf-a0ca-aea96a923850 29a568ee9e914c9caf95405cbc2ee177 07e6ed960b624810ab350c1ca491226b - - - -] /var/lib/kolla/venv/lib/python3.12/site-packages/urllib3/connectionpool.py:1110: InsecureRequestWarning: Unverified HTTPS request is being made to host '[LB_IP_ADDRESS]'. Adding certificate verification is strongly advised. See: https://urllib3.readthedocs.io/en/latest/advanced-usage.html#tls-warnings
  warnings.warn(

2026-09-29 16:24:48.433 77 INFO cinder.volume.manager [None req-30f7c32e-dbea-48bf-a0ca-aea96a923850 29a568ee9e914c9caf95405cbc2ee177 07e6ed960b624810ab350c1ca491226b - - - -] Create snapshot completed successfully
2026-09-29 16:24:48.749 77 INFO cinder.volume.drivers.lightos [None req-f050be60-2e20-4a80-97a1-0e9b5046f812 a704b5d224a74b058293b1ea1f30001a 755400e5a90249818c57374329898b54 - - - -] Invoking get_snapshot_by_name using GET url: /api/v2/projects/default/snapshots/?Name=snapshot-cf56f8dc-7db7-470a-b829-e9268cc8aa1c             request.body: {} ssl_verify: False
2026-09-29 16:24:48.797 77 WARNING py.warnings [None req-f050be60-2e20-4a80-97a1-0e9b5046f812 a704b5d224a74b058293b1ea1f30001a 755400e5a90249818c57374329898b54 - - - -] /var/lib/kolla/venv/lib/python3.12/site-packages/urllib3/connectionpool.py:1110: InsecureRequestWarning: Unverified HTTPS request is being made to host '[LB_IP_ADDRESS]'. Adding certificate verification is strongly advised. See: https://urllib3.readthedocs.io/en/latest/advanced-usage.html#tls-warnings
  warnings.warn(

2026-09-29 16:24:48.830 77 INFO cinder.volume.manager [None req-f050be60-2e20-4a80-97a1-0e9b5046f812 a704b5d224a74b058293b1ea1f30001a 755400e5a90249818c57374329898b54 - - - -] Create snapshot completed successfully
2026-09-29 16:24:49.380 77 INFO cinder.volume.drivers.lightos [None req-51fc32e7-1dd0-427a-b3ec-0580bb0aea3d 29a568ee9e914c9caf95405cbc2ee177 07e6ed960b624810ab350c1ca491226b - - - -] Invoking get_snapshot_by_name using GET url: /api/v2/projects/default/snapshots/?Name=snapshot-8514fe0c-e576-4e7f-b29a-e1f48b9c6b08             request.body: {} ssl_verify: False
2026-09-29 16:24:49.416 77 WARNING py.warnings [None req-51fc32e7-1dd0-427a-b3ec-0580bb0aea3d 29a568ee9e914c9caf95405cbc2ee177 07e6ed960b624810ab350c1ca491226b - - - -] /var/lib/kolla/venv/lib/python3.12/site-packages/urllib3/connectionpool.py:1110: InsecureRequestWarning: Unverified HTTPS request is being made to host '[LB_IP_ADDRESS]'. Adding certificate verification is strongly advised. See: https://urllib3.readthedocs.io/en/latest/advanced-usage.html#tls-warnings
  warnings.warn(

2026-09-29 16:24:49.425 77 INFO cinder.volume.drivers.lightos [None req-51fc32e7-1dd0-427a-b3ec-0580bb0aea3d 29a568ee9e914c9caf95405cbc2ee177 07e6ed960b624810ab350c1ca491226b - - - -] Invoking create_snapshot using POST url: /api/v2/projects/default/snapshots             request.body: {'name': 'snapshot-8514fe0c-e576-4e7f-b29a-e1f48b9c6b08', 'sourceVolumeUUID': None, 'sourceVolumeName': 'vol_6ccc81df-5649-4c0a-a3a2-ced28286bfea'} ssl_verify: False
2026-09-29 16:24:49.494 77 WARNING py.warnings [None req-51fc32e7-1dd0-427a-b3ec-0580bb0aea3d 29a568ee9e914c9caf95405cbc2ee177 07e6ed960b624810ab350c1ca491226b - - - -] /var/lib/kolla/venv/lib/python3.12/site-packages/urllib3/connectionpool.py:1110: InsecureRequestWarning: Unverified HTTPS request is being made to host '[LB_IP_ADDRESS]'. Adding certificate verification is strongly advised. See: https://urllib3.readthedocs.io/en/latest/advanced-usage.html#tls-warnings
  warnings.warn(

2026-09-29 16:24:49.545 77 INFO cinder.volume.drivers.lightos [None req-51fc32e7-1dd0-427a-b3ec-0580bb0aea3d 29a568ee9e914c9caf95405cbc2ee177 07e6ed960b624810ab350c1ca491226b - - - -] Invoking get_snapshot_by_name using GET url: /api/v2/projects/default/snapshots/?Name=snapshot-8514fe0c-e576-4e7f-b29a-e1f48b9c6b08             request.body: {} ssl_verify: False
2026-09-29 16:24:49.591 77 WARNING py.warnings [None req-51fc32e7-1dd0-427a-b3ec-0580bb0aea3d 29a568ee9e914c9caf95405cbc2ee177 07e6ed960b624810ab350c1ca491226b - - - -] /var/lib/kolla/venv/lib/python3.12/site-packages/urllib3/connectionpool.py:1110: InsecureRequestWarning: Unverified HTTPS request is being made to host '[LB_IP_ADDRESS]'. Adding certificate verification is strongly advised. See: https://urllib3.readthedocs.io/en/latest/advanced-usage.html#tls-warnings
  warnings.warn(

2026-09-29 16:24:49.820 77 INFO cinder.volume.drivers.lightos [None req-c4293455-3f30-4f0f-abbb-305ba9abb495 a704b5d224a74b058293b1ea1f30001a 755400e5a90249818c57374329898b54 - - - -] Invoking get_volume_by_name using GET url: /api/v2/projects/default/volumes/?name=vol_7b7a84c6-de8c-4160-893a-18b4d5616da5             request.body: {} ssl_verify: False
2026-09-29 16:24:49.863 77 WARNING py.warnings [None req-c4293455-3f30-4f0f-abbb-305ba9abb495 a704b5d224a74b058293b1ea1f30001a 755400e5a90249818c57374329898b54 - - - -] /var/lib/kolla/venv/lib/python3.12/site-packages/urllib3/connectionpool.py:1110: InsecureRequestWarning: Unverified HTTPS request is being made to host '[LB_IP_ADDRESS]'. Adding certificate verification is strongly advised. See: https://urllib3.readthedocs.io/en/latest/advanced-usage.html#tls-warnings
  warnings.warn(

2026-09-29 16:24:49.874 77 INFO cinder.volume.drivers.lightos [None req-c4293455-3f30-4f0f-abbb-305ba9abb495 a704b5d224a74b058293b1ea1f30001a 755400e5a90249818c57374329898b54 - - - -] Invoking extend_volume using PUT url: /api/v2/projects/default/volumes/c109b64f-0a2d-4e6a-bc34-d30ebb0a90d9             request.body: {'UUID': 'c109b64f-0a2d-4e6a-bc34-d30ebb0a90d9', 'size': '2 gib'} ssl_verify: False
2026-09-29 16:24:49.910 77 WARNING py.warnings [None req-c4293455-3f30-4f0f-abbb-305ba9abb495 a704b5d224a74b058293b1ea1f30001a 755400e5a90249818c57374329898b54 - - - -] /var/lib/kolla/venv/lib/python3.12/site-packages/urllib3/connectionpool.py:1110: InsecureRequestWarning: Unverified HTTPS request is being made to host '[LB_IP_ADDRESS]'. Adding certificate verification is strongly advised. See: https://urllib3.readthedocs.io/en/latest/advanced-usage.html#tls-warnings
  warnings.warn(

2026-09-29 16:24:49.928 77 INFO cinder.volume.drivers.lightos [None req-c4293455-3f30-4f0f-abbb-305ba9abb495 a704b5d224a74b058293b1ea1f30001a 755400e5a90249818c57374329898b54 - - - -] Successfully extended volume Volume(_name_id=None,admin_metadata={},attach_status='detached',availability_zone='nova',bootable=False,cluster=<?>,cluster_name=None,consistencygroup=<?>,consistencygroup_id=None,created_at=2026-09-29T16:24:46Z,deleted=False,deleted_at=None,display_description=None,display_name='tempest-VolumesExtendTest-Volume-779924836',ec2_id=None,encryption_key_id=None,glance_metadata={},group=<?>,group_id=None,host='rack11-server81@LIGHTOSvemhmp#vemhmp',id=7b7a84c6-de8c-4160-893a-18b4d5616da5,launched_at=2026-09-29T16:24:46Z,metadata={},migration_status=None,multiattach=False,previous_status='available',project_id='755400e5a90249818c57374329898b54',provider_auth=None,provider_geometry=None,provider_id='default c109b64f-0a2d-4e6a-bc34-d30ebb0a90d9',provider_location=None,replication_driver_data=None,replication_extended_status=None,replication_status=None,scheduled_at=2026-09-29T16:24:46Z,service_uuid='a94f8f8b-b6eb-4baa-8155-8e7f9daed813',shared_targets=False,size=1,snapshot_id=None,snapshots=<?>,source_volid=None,status='extending',terminated_at=None,updated_at=2026-09-29T16:24:46Z,use_quota=True,user_id='a704b5d224a74b058293b1ea1f30001a',volume_attachment=VolumeAttachmentList,volume_type=VolumeType(9e33a27f-87a7-47ac-9d72-59abacd63e10),volume_type_id=9e33a27f-87a7-47ac-9d72-59abacd63e10) project default size:2
2026-09-29 16:24:49.953 77 INFO cinder.volume.manager [None req-c4293455-3f30-4f0f-abbb-305ba9abb495 a704b5d224a74b058293b1ea1f30001a 755400e5a90249818c57374329898b54 - - - -] Extend volume completed successfully.
2026-09-29 16:24:50.632 77 INFO cinder.volume.drivers.lightos [None req-51fc32e7-1dd0-427a-b3ec-0580bb0aea3d 29a568ee9e914c9caf95405cbc2ee177 07e6ed960b624810ab350c1ca491226b - - - -] Invoking get_snapshot_by_name using GET url: /api/v2/projects/default/snapshots/?Name=snapshot-8514fe0c-e576-4e7f-b29a-e1f48b9c6b08             request.body: {} ssl_verify: False
2026-09-29 16:24:50.680 77 WARNING py.warnings [None req-51fc32e7-1dd0-427a-b3ec-0580bb0aea3d 29a568ee9e914c9caf95405cbc2ee177 07e6ed960b624810ab350c1ca491226b - - - -] /var/lib/kolla/venv/lib/python3.12/site-packages/urllib3/connectionpool.py:1110: InsecureRequestWarning: Unverified HTTPS request is being made to host '[LB_IP_ADDRESS]'. Adding certificate verification is strongly advised. See: https://urllib3.readthedocs.io/en/latest/advanced-usage.html#tls-warnings
  warnings.warn(

2026-09-29 16:24:50.713 77 INFO cinder.volume.manager [None req-51fc32e7-1dd0-427a-b3ec-0580bb0aea3d 29a568ee9e914c9caf95405cbc2ee177 07e6ed960b624810ab350c1ca491226b - - - -] Create snapshot completed successfully
2026-09-29 16:24:51.028 77 INFO cinder.volume.drivers.lightos [None req-e1353ecd-464c-43eb-805e-6592774fd8b4 a704b5d224a74b058293b1ea1f30001a 755400e5a90249818c57374329898b54 - - default default] Invoking get_snapshot_by_name using GET url: /api/v2/projects/default/snapshots/?Name=snapshot-cf56f8dc-7db7-470a-b829-e9268cc8aa1c             request.body: {} ssl_verify: False
2026-09-29 16:24:51.072 77 WARNING py.warnings [None req-e1353ecd-464c-43eb-805e-6592774fd8b4 a704b5d224a74b058293b1ea1f30001a 755400e5a90249818c57374329898b54 - - default default] /var/lib/kolla/venv/lib/python3.12/site-packages/urllib3/connectionpool.py:1110: InsecureRequestWarning: Unverified HTTPS request is being made to host '[LB_IP_ADDRESS]'. Adding certificate verification is strongly advised. See: https://urllib3.readthedocs.io/en/latest/advanced-usage.html#tls-warnings
  warnings.warn(

2026-09-29 16:24:51.086 77 INFO cinder.volume.drivers.lightos [None req-e1353ecd-464c-43eb-805e-6592774fd8b4 a704b5d224a74b058293b1ea1f30001a 755400e5a90249818c57374329898b54 - - default default] Invoking delete_snapshot using DELETE url: /api/v2/projects/default/snapshots/e9e199b9-53ff-4c38-b396-bb195fb73195?             request.body:  ssl_verify: False
2026-09-29 16:24:51.130 77 WARNING py.warnings [None req-e1353ecd-464c-43eb-805e-6592774fd8b4 a704b5d224a74b058293b1ea1f30001a 755400e5a90249818c57374329898b54 - - default default] /var/lib/kolla/venv/lib/python3.12/site-packages/urllib3/connectionpool.py:1110: InsecureRequestWarning: Unverified HTTPS request is being made to host '[LB_IP_ADDRESS]'. Adding certificate verification is strongly advised. See: https://urllib3.readthedocs.io/en/latest/advanced-usage.html#tls-warnings
  warnings.warn(

2026-09-29 16:24:51.166 77 INFO cinder.volume.drivers.lightos [None req-e1353ecd-464c-43eb-805e-6592774fd8b4 a704b5d224a74b058293b1ea1f30001a 755400e5a90249818c57374329898b54 - - default default] Invoking get_snapshot using GET url: /api/v2/projects/default/snapshots/e9e199b9-53ff-4c38-b396-bb195fb73195             request.body: {} ssl_verify: False
2026-09-29 16:24:51.212 77 WARNING py.warnings [None req-e1353ecd-464c-43eb-805e-6592774fd8b4 a704b5d224a74b058293b1ea1f30001a 755400e5a90249818c57374329898b54 - - default default] /var/lib/kolla/venv/lib/python3.12/site-packages/urllib3/connectionpool.py:1110: InsecureRequestWarning: Unverified HTTPS request is being made to host '[LB_IP_ADDRESS]'. Adding certificate verification is strongly advised. See: https://urllib3.readthedocs.io/en/latest/advanced-usage.html#tls-warnings
  warnings.warn(

2026-09-29 16:24:51.335 77 INFO cinder.volume.manager [None req-e1353ecd-464c-43eb-805e-6592774fd8b4 a704b5d224a74b058293b1ea1f30001a 755400e5a90249818c57374329898b54 - - default default] Delete snapshot completed successfully.
2026-09-29 16:24:51.627 77 INFO cinder.volume.drivers.lightos [None req-d96f48fb-e477-4ae3-b58e-bd56ad6b25bb 29a568ee9e914c9caf95405cbc2ee177 07e6ed960b624810ab350c1ca491226b - - - -] Invoking get_snapshot_by_name using GET url: /api/v2/projects/default/snapshots/?Name=snapshot-ab0c827b-4c55-4486-882c-37f2a23d8e24             request.body: {} ssl_verify: False
2026-09-29 16:24:51.661 77 WARNING py.warnings [None req-d96f48fb-e477-4ae3-b58e-bd56ad6b25bb 29a568ee9e914c9caf95405cbc2ee177 07e6ed960b624810ab350c1ca491226b - - - -] /var/lib/kolla/venv/lib/python3.12/site-packages/urllib3/connectionpool.py:1110: InsecureRequestWarning: Unverified HTTPS request is being made to host '[LB_IP_ADDRESS]'. Adding certificate verification is strongly advised. See: https://urllib3.readthedocs.io/en/latest/advanced-usage.html#tls-warnings
  warnings.warn(

2026-09-29 16:24:51.669 77 INFO cinder.volume.drivers.lightos [None req-d96f48fb-e477-4ae3-b58e-bd56ad6b25bb 29a568ee9e914c9caf95405cbc2ee177 07e6ed960b624810ab350c1ca491226b - - - -] Invoking create_snapshot using POST url: /api/v2/projects/default/snapshots             request.body: {'name': 'snapshot-ab0c827b-4c55-4486-882c-37f2a23d8e24', 'sourceVolumeUUID': None, 'sourceVolumeName': 'vol_6ccc81df-5649-4c0a-a3a2-ced28286bfea'} ssl_verify: False
2026-09-29 16:24:51.703 77 WARNING py.warnings [None req-d96f48fb-e477-4ae3-b58e-bd56ad6b25bb 29a568ee9e914c9caf95405cbc2ee177 07e6ed960b624810ab350c1ca491226b - - - -] /var/lib/kolla/venv/lib/python3.12/site-packages/urllib3/connectionpool.py:1110: InsecureRequestWarning: Unverified HTTPS request is being made to host '[LB_IP_ADDRESS]'. Adding certificate verification is strongly advised. See: https://urllib3.readthedocs.io/en/latest/advanced-usage.html#tls-warnings
  warnings.warn(

2026-09-29 16:24:51.736 77 INFO cinder.volume.drivers.lightos [None req-d96f48fb-e477-4ae3-b58e-bd56ad6b25bb 29a568ee9e914c9caf95405cbc2ee177 07e6ed960b624810ab350c1ca491226b - - - -] Invoking get_snapshot_by_name using GET url: /api/v2/projects/default/snapshots/?Name=snapshot-ab0c827b-4c55-4486-882c-37f2a23d8e24             request.body: {} ssl_verify: False
2026-09-29 16:24:51.778 77 WARNING py.warnings [None req-d96f48fb-e477-4ae3-b58e-bd56ad6b25bb 29a568ee9e914c9caf95405cbc2ee177 07e6ed960b624810ab350c1ca491226b - - - -] /var/lib/kolla/venv/lib/python3.12/site-packages/urllib3/connectionpool.py:1110: InsecureRequestWarning: Unverified HTTPS request is being made to host '[LB_IP_ADDRESS]'. Adding certificate verification is strongly advised. See: https://urllib3.readthedocs.io/en/latest/advanced-usage.html#tls-warnings
  warnings.warn(

2026-09-29 16:24:52.210 77 INFO cinder.volume.drivers.lightos [None req-832e7310-5c5a-48ac-9f2b-1b1e487b5a97 a704b5d224a74b058293b1ea1f30001a 755400e5a90249818c57374329898b54 - - default default] Invoking delete_volume using DELETE url: /api/v2/projects/default/volumes/c109b64f-0a2d-4e6a-bc34-d30ebb0a90d9?             request.body:  ssl_verify: False
2026-09-29 16:24:52.244 77 WARNING py.warnings [None req-832e7310-5c5a-48ac-9f2b-1b1e487b5a97 a704b5d224a74b058293b1ea1f30001a 755400e5a90249818c57374329898b54 - - default default] /var/lib/kolla/venv/lib/python3.12/site-packages/urllib3/connectionpool.py:1110: InsecureRequestWarning: Unverified HTTPS request is being made to host '[LB_IP_ADDRESS]'. Adding certificate verification is strongly advised. See: https://urllib3.readthedocs.io/en/latest/advanced-usage.html#tls-warnings
  warnings.warn(

2026-09-29 16:24:52.278 77 INFO cinder.volume.drivers.lightos [None req-832e7310-5c5a-48ac-9f2b-1b1e487b5a97 a704b5d224a74b058293b1ea1f30001a 755400e5a90249818c57374329898b54 - - default default] Invoking get_volume using GET url: /api/v2/projects/default/volumes/c109b64f-0a2d-4e6a-bc34-d30ebb0a90d9             request.body: {} ssl_verify: False
2026-09-29 16:24:52.321 77 WARNING py.warnings [None req-832e7310-5c5a-48ac-9f2b-1b1e487b5a97 a704b5d224a74b058293b1ea1f30001a 755400e5a90249818c57374329898b54 - - default default] /var/lib/kolla/venv/lib/python3.12/site-packages/urllib3/connectionpool.py:1110: InsecureRequestWarning: Unverified HTTPS request is being made to host '[LB_IP_ADDRESS]'. Adding certificate verification is strongly advised. See: https://urllib3.readthedocs.io/en/latest/advanced-usage.html#tls-warnings
  warnings.warn(

2026-09-29 16:24:52.504 77 INFO cinder.volume.manager [None req-832e7310-5c5a-48ac-9f2b-1b1e487b5a97 a704b5d224a74b058293b1ea1f30001a 755400e5a90249818c57374329898b54 - - default default] Deleted volume successfully.
2026-09-29 16:24:52.811 77 INFO cinder.volume.drivers.lightos [None req-d96f48fb-e477-4ae3-b58e-bd56ad6b25bb 29a568ee9e914c9caf95405cbc2ee177 07e6ed960b624810ab350c1ca491226b - - - -] Invoking get_snapshot_by_name using GET url: /api/v2/projects/default/snapshots/?Name=snapshot-ab0c827b-4c55-4486-882c-37f2a23d8e24             request.body: {} ssl_verify: False
2026-09-29 16:24:52.857 77 WARNING py.warnings [None req-d96f48fb-e477-4ae3-b58e-bd56ad6b25bb 29a568ee9e914c9caf95405cbc2ee177 07e6ed960b624810ab350c1ca491226b - - - -] /var/lib/kolla/venv/lib/python3.12/site-packages/urllib3/connectionpool.py:1110: InsecureRequestWarning: Unverified HTTPS request is being made to host '[LB_IP_ADDRESS]'. Adding certificate verification is strongly advised. See: https://urllib3.readthedocs.io/en/latest/advanced-usage.html#tls-warnings
  warnings.warn(

2026-09-29 16:24:52.891 77 INFO cinder.volume.manager [None req-d96f48fb-e477-4ae3-b58e-bd56ad6b25bb 29a568ee9e914c9caf95405cbc2ee177 07e6ed960b624810ab350c1ca491226b - - - -] Create snapshot completed successfully
2026-09-29 16:24:54.291 77 INFO cinder.volume.drivers.lightos [None req-d08c3a1e-1a15-40c3-ac0a-9d5837889e94 29a568ee9e914c9caf95405cbc2ee177 07e6ed960b624810ab350c1ca491226b - - default default] Invoking get_snapshot_by_name using GET url: /api/v2/projects/default/snapshots/?Name=snapshot-ab0c827b-4c55-4486-882c-37f2a23d8e24             request.body: {} ssl_verify: False
2026-09-29 16:24:54.335 77 WARNING py.warnings [None req-d08c3a1e-1a15-40c3-ac0a-9d5837889e94 29a568ee9e914c9caf95405cbc2ee177 07e6ed960b624810ab350c1ca491226b - - default default] /var/lib/kolla/venv/lib/python3.12/site-packages/urllib3/connectionpool.py:1110: InsecureRequestWarning: Unverified HTTPS request is being made to host '[LB_IP_ADDRESS]'. Adding certificate verification is strongly advised. See: https://urllib3.readthedocs.io/en/latest/advanced-usage.html#tls-warnings
  warnings.warn(

2026-09-29 16:24:54.352 77 INFO cinder.volume.drivers.lightos [None req-d08c3a1e-1a15-40c3-ac0a-9d5837889e94 29a568ee9e914c9caf95405cbc2ee177 07e6ed960b624810ab350c1ca491226b - - default default] Invoking delete_snapshot using DELETE url: /api/v2/projects/default/snapshots/6b594422-425b-4234-8bbd-8b82ac522b82?             request.body:  ssl_verify: False
2026-09-29 16:24:54.413 77 WARNING py.warnings [None req-d08c3a1e-1a15-40c3-ac0a-9d5837889e94 29a568ee9e914c9caf95405cbc2ee177 07e6ed960b624810ab350c1ca491226b - - default default] /var/lib/kolla/venv/lib/python3.12/site-packages/urllib3/connectionpool.py:1110: InsecureRequestWarning: Unverified HTTPS request is being made to host '[LB_IP_ADDRESS]'. Adding certificate verification is strongly advised. See: https://urllib3.readthedocs.io/en/latest/advanced-usage.html#tls-warnings
  warnings.warn(

2026-09-29 16:24:54.437 77 INFO cinder.volume.drivers.lightos [None req-d08c3a1e-1a15-40c3-ac0a-9d5837889e94 29a568ee9e914c9caf95405cbc2ee177 07e6ed960b624810ab350c1ca491226b - - default default] Invoking get_snapshot using GET url: /api/v2/projects/default/snapshots/6b594422-425b-4234-8bbd-8b82ac522b82             request.body: {} ssl_verify: False
2026-09-29 16:24:54.490 77 WARNING py.warnings [None req-d08c3a1e-1a15-40c3-ac0a-9d5837889e94 29a568ee9e914c9caf95405cbc2ee177 07e6ed960b624810ab350c1ca491226b - - default default] /var/lib/kolla/venv/lib/python3.12/site-packages/urllib3/connectionpool.py:1110: InsecureRequestWarning: Unverified HTTPS request is being made to host '[LB_IP_ADDRESS]'. Adding certificate verification is strongly advised. See: https://urllib3.readthedocs.io/en/latest/advanced-usage.html#tls-warnings
  warnings.warn(

2026-09-29 16:24:54.622 77 INFO cinder.volume.manager [None req-d08c3a1e-1a15-40c3-ac0a-9d5837889e94 29a568ee9e914c9caf95405cbc2ee177 07e6ed960b624810ab350c1ca491226b - - default default] Delete snapshot completed successfully.
2026-09-29 16:24:55.397 77 INFO cinder.volume.drivers.lightos [None req-15e9cc0b-1eed-45bb-9941-60b5e8cb51c8 29a568ee9e914c9caf95405cbc2ee177 07e6ed960b624810ab350c1ca491226b - - default default] Invoking get_snapshot_by_name using GET url: /api/v2/projects/default/snapshots/?Name=snapshot-8514fe0c-e576-4e7f-b29a-e1f48b9c6b08             request.body: {} ssl_verify: False
2026-09-29 16:24:55.444 77 WARNING py.warnings [None req-15e9cc0b-1eed-45bb-9941-60b5e8cb51c8 29a568ee9e914c9caf95405cbc2ee177 07e6ed960b624810ab350c1ca491226b - - default default] /var/lib/kolla/venv/lib/python3.12/site-packages/urllib3/connectionpool.py:1110: InsecureRequestWarning: Unverified HTTPS request is being made to host '[LB_IP_ADDRESS]'. Adding certificate verification is strongly advised. See: https://urllib3.readthedocs.io/en/latest/advanced-usage.html#tls-warnings
  warnings.warn(

2026-09-29 16:24:55.456 77 INFO cinder.volume.drivers.lightos [None req-15e9cc0b-1eed-45bb-9941-60b5e8cb51c8 29a568ee9e914c9caf95405cbc2ee177 07e6ed960b624810ab350c1ca491226b - - default default] Invoking delete_snapshot using DELETE url: /api/v2/projects/default/snapshots/6e4fb34c-2f16-44a1-903f-765e03868d94?             request.body:  ssl_verify: False
2026-09-29 16:24:55.494 77 WARNING py.warnings [None req-15e9cc0b-1eed-45bb-9941-60b5e8cb51c8 29a568ee9e914c9caf95405cbc2ee177 07e6ed960b624810ab350c1ca491226b - - default default] /var/lib/kolla/venv/lib/python3.12/site-packages/urllib3/connectionpool.py:1110: InsecureRequestWarning: Unverified HTTPS request is being made to host '[LB_IP_ADDRESS]'. Adding certificate verification is strongly advised. See: https://urllib3.readthedocs.io/en/latest/advanced-usage.html#tls-warnings
  warnings.warn(

2026-09-29 16:24:55.516 77 INFO cinder.volume.drivers.lightos [None req-15e9cc0b-1eed-45bb-9941-60b5e8cb51c8 29a568ee9e914c9caf95405cbc2ee177 07e6ed960b624810ab350c1ca491226b - - default default] Invoking get_snapshot using GET url: /api/v2/projects/default/snapshots/6e4fb34c-2f16-44a1-903f-765e03868d94             request.body: {} ssl_verify: False
2026-09-29 16:24:55.560 77 WARNING py.warnings [None req-15e9cc0b-1eed-45bb-9941-60b5e8cb51c8 29a568ee9e914c9caf95405cbc2ee177 07e6ed960b624810ab350c1ca491226b - - default default] /var/lib/kolla/venv/lib/python3.12/site-packages/urllib3/connectionpool.py:1110: InsecureRequestWarning: Unverified HTTPS request is being made to host '[LB_IP_ADDRESS]'. Adding certificate verification is strongly advised. See: https://urllib3.readthedocs.io/en/latest/advanced-usage.html#tls-warnings
  warnings.warn(

2026-09-29 16:24:55.667 77 INFO cinder.volume.manager [None req-15e9cc0b-1eed-45bb-9941-60b5e8cb51c8 29a568ee9e914c9caf95405cbc2ee177 07e6ed960b624810ab350c1ca491226b - - default default] Delete snapshot completed successfully.
2026-09-29 16:24:56.501 77 INFO cinder.volume.flows.manager.create_volume [None req-8b399c7f-85e7-48ee-a282-4dfda9076600 b656d227501742e0814bc0e6009afcd8 5613b05cf5b447bea40eb32022840bcb - - - -] Volume 181e798b-e625-4e38-9dce-bf4fbc605167: being created as raw with specification: {'status': 'creating', 'volume_name': 'vol_181e798b-e625-4e38-9dce-bf4fbc605167', 'volume_size': 1}
2026-09-29 16:24:56.502 77 INFO cinder.volume.drivers.lightos [None req-8b399c7f-85e7-48ee-a282-4dfda9076600 b656d227501742e0814bc0e6009afcd8 5613b05cf5b447bea40eb32022840bcb - - - -] Invoking get_volume_by_name using GET url: /api/v2/projects/default/volumes/?name=vol_181e798b-e625-4e38-9dce-bf4fbc605167             request.body: {} ssl_verify: False
2026-09-29 16:24:56.505 77 INFO cinder.volume.drivers.lightos [None req-6a2f3d4f-2ed7-468a-a6e7-8dc68bff416a 29a568ee9e914c9caf95405cbc2ee177 07e6ed960b624810ab350c1ca491226b - - default default] Invoking get_snapshot_by_name using GET url: /api/v2/projects/default/snapshots/?Name=snapshot-3f3f0bab-7795-40f4-a053-b432651dbde5             request.body: {} ssl_verify: False
2026-09-29 16:24:56.559 77 WARNING py.warnings [None req-8b399c7f-85e7-48ee-a282-4dfda9076600 b656d227501742e0814bc0e6009afcd8 5613b05cf5b447bea40eb32022840bcb - - - -] /var/lib/kolla/venv/lib/python3.12/site-packages/urllib3/connectionpool.py:1110: InsecureRequestWarning: Unverified HTTPS request is being made to host '[LB_IP_ADDRESS]'. Adding certificate verification is strongly advised. See: https://urllib3.readthedocs.io/en/latest/advanced-usage.html#tls-warnings
  warnings.warn(

2026-09-29 16:24:56.564 77 WARNING py.warnings [None req-6a2f3d4f-2ed7-468a-a6e7-8dc68bff416a 29a568ee9e914c9caf95405cbc2ee177 07e6ed960b624810ab350c1ca491226b - - default default] /var/lib/kolla/venv/lib/python3.12/site-packages/urllib3/connectionpool.py:1110: InsecureRequestWarning: Unverified HTTPS request is being made to host '[LB_IP_ADDRESS]'. Adding certificate verification is strongly advised. See: https://urllib3.readthedocs.io/en/latest/advanced-usage.html#tls-warnings
  warnings.warn(

2026-09-29 16:24:56.569 77 INFO cinder.volume.drivers.lightos [None req-8b399c7f-85e7-48ee-a282-4dfda9076600 b656d227501742e0814bc0e6009afcd8 5613b05cf5b447bea40eb32022840bcb - - - -] Invoking create_volume using POST url: /api/v2/projects/default/volumes             request.body: {'name': 'vol_181e798b-e625-4e38-9dce-bf4fbc605167', 'size': '1 gib', 'replicaCount': '3', 'compression': 'False', 'acl': {'values': ['ALLOW_NONE']}, 'IPAcl': {'values': ['ALLOW_NONE']}, 'sourceSnapshotUUID': None, 'sourceSnapshotName': None} ssl_verify: False
2026-09-29 16:24:56.597 77 INFO cinder.volume.drivers.lightos [None req-6a2f3d4f-2ed7-468a-a6e7-8dc68bff416a 29a568ee9e914c9caf95405cbc2ee177 07e6ed960b624810ab350c1ca491226b - - default default] Invoking delete_snapshot using DELETE url: /api/v2/projects/default/snapshots/c1a3ec66-371b-4729-ad2e-58ed84d218cb?             request.body:  ssl_verify: False
2026-09-29 16:24:56.625 77 WARNING py.warnings [None req-8b399c7f-85e7-48ee-a282-4dfda9076600 b656d227501742e0814bc0e6009afcd8 5613b05cf5b447bea40eb32022840bcb - - - -] /var/lib/kolla/venv/lib/python3.12/site-packages/urllib3/connectionpool.py:1110: InsecureRequestWarning: Unverified HTTPS request is being made to host '[LB_IP_ADDRESS]'. Adding certificate verification is strongly advised. See: https://urllib3.readthedocs.io/en/latest/advanced-usage.html#tls-warnings
  warnings.warn(

2026-09-29 16:24:56.630 77 WARNING py.warnings [None req-6a2f3d4f-2ed7-468a-a6e7-8dc68bff416a 29a568ee9e914c9caf95405cbc2ee177 07e6ed960b624810ab350c1ca491226b - - default default] /var/lib/kolla/venv/lib/python3.12/site-packages/urllib3/connectionpool.py:1110: InsecureRequestWarning: Unverified HTTPS request is being made to host '[LB_IP_ADDRESS]'. Adding certificate verification is strongly advised. See: https://urllib3.readthedocs.io/en/latest/advanced-usage.html#tls-warnings
  warnings.warn(

2026-09-29 16:24:56.648 77 INFO cinder.volume.drivers.lightos [None req-8b399c7f-85e7-48ee-a282-4dfda9076600 b656d227501742e0814bc0e6009afcd8 5613b05cf5b447bea40eb32022840bcb - - - -] Invoking get_volume using GET url: /api/v2/projects/default/volumes/f983d88d-db59-432e-b798-bb8979deda8b             request.body: {} ssl_verify: False
2026-09-29 16:24:56.685 77 INFO cinder.volume.drivers.lightos [None req-6a2f3d4f-2ed7-468a-a6e7-8dc68bff416a 29a568ee9e914c9caf95405cbc2ee177 07e6ed960b624810ab350c1ca491226b - - default default] Invoking get_snapshot using GET url: /api/v2/projects/default/snapshots/c1a3ec66-371b-4729-ad2e-58ed84d218cb             request.body: {} ssl_verify: False
2026-09-29 16:24:56.717 77 WARNING py.warnings [None req-8b399c7f-85e7-48ee-a282-4dfda9076600 b656d227501742e0814bc0e6009afcd8 5613b05cf5b447bea40eb32022840bcb - - - -] /var/lib/kolla/venv/lib/python3.12/site-packages/urllib3/connectionpool.py:1110: InsecureRequestWarning: Unverified HTTPS request is being made to host '[LB_IP_ADDRESS]'. Adding certificate verification is strongly advised. See: https://urllib3.readthedocs.io/en/latest/advanced-usage.html#tls-warnings
  warnings.warn(

2026-09-29 16:24:56.739 77 WARNING py.warnings [None req-6a2f3d4f-2ed7-468a-a6e7-8dc68bff416a 29a568ee9e914c9caf95405cbc2ee177 07e6ed960b624810ab350c1ca491226b - - default default] /var/lib/kolla/venv/lib/python3.12/site-packages/urllib3/connectionpool.py:1110: InsecureRequestWarning: Unverified HTTPS request is being made to host '[LB_IP_ADDRESS]'. Adding certificate verification is strongly advised. See: https://urllib3.readthedocs.io/en/latest/advanced-usage.html#tls-warnings
  warnings.warn(

2026-09-29 16:24:56.956 77 INFO cinder.volume.manager [None req-6a2f3d4f-2ed7-468a-a6e7-8dc68bff416a 29a568ee9e914c9caf95405cbc2ee177 07e6ed960b624810ab350c1ca491226b - - default default] Delete snapshot completed successfully.
2026-09-29 16:24:57.693 77 INFO cinder.volume.drivers.lightos [None req-7f61d881-476c-4905-a1f9-0b4615a4fbaf 29a568ee9e914c9caf95405cbc2ee177 07e6ed960b624810ab350c1ca491226b - - default default] Invoking delete_volume using DELETE url: /api/v2/projects/default/volumes/1da51803-c09b-4b26-b8ae-a839dcb02362?             request.body:  ssl_verify: False
2026-09-29 16:24:57.728 77 WARNING py.warnings [None req-7f61d881-476c-4905-a1f9-0b4615a4fbaf 29a568ee9e914c9caf95405cbc2ee177 07e6ed960b624810ab350c1ca491226b - - default default] /var/lib/kolla/venv/lib/python3.12/site-packages/urllib3/connectionpool.py:1110: InsecureRequestWarning: Unverified HTTPS request is being made to host '[LB_IP_ADDRESS]'. Adding certificate verification is strongly advised. See: https://urllib3.readthedocs.io/en/latest/advanced-usage.html#tls-warnings
  warnings.warn(

2026-09-29 16:24:57.750 77 INFO cinder.volume.drivers.lightos [None req-7f61d881-476c-4905-a1f9-0b4615a4fbaf 29a568ee9e914c9caf95405cbc2ee177 07e6ed960b624810ab350c1ca491226b - - default default] Invoking get_volume using GET url: /api/v2/projects/default/volumes/1da51803-c09b-4b26-b8ae-a839dcb02362             request.body: {} ssl_verify: False
2026-09-29 16:24:57.793 77 WARNING py.warnings [None req-7f61d881-476c-4905-a1f9-0b4615a4fbaf 29a568ee9e914c9caf95405cbc2ee177 07e6ed960b624810ab350c1ca491226b - - default default] /var/lib/kolla/venv/lib/python3.12/site-packages/urllib3/connectionpool.py:1110: InsecureRequestWarning: Unverified HTTPS request is being made to host '[LB_IP_ADDRESS]'. Adding certificate verification is strongly advised. See: https://urllib3.readthedocs.io/en/latest/advanced-usage.html#tls-warnings
  warnings.warn(

2026-09-29 16:24:57.805 77 INFO cinder.volume.drivers.lightos [None req-8b399c7f-85e7-48ee-a282-4dfda9076600 b656d227501742e0814bc0e6009afcd8 5613b05cf5b447bea40eb32022840bcb - - - -] Invoking get_volume using GET url: /api/v2/projects/default/volumes/f983d88d-db59-432e-b798-bb8979deda8b             request.body: {} ssl_verify: False
2026-09-29 16:24:57.849 77 WARNING py.warnings [None req-8b399c7f-85e7-48ee-a282-4dfda9076600 b656d227501742e0814bc0e6009afcd8 5613b05cf5b447bea40eb32022840bcb - - - -] /var/lib/kolla/venv/lib/python3.12/site-packages/urllib3/connectionpool.py:1110: InsecureRequestWarning: Unverified HTTPS request is being made to host '[LB_IP_ADDRESS]'. Adding certificate verification is strongly advised. See: https://urllib3.readthedocs.io/en/latest/advanced-usage.html#tls-warnings
  warnings.warn(

2026-09-29 16:24:57.893 77 INFO cinder.volume.flows.manager.create_volume [None req-8b399c7f-85e7-48ee-a282-4dfda9076600 b656d227501742e0814bc0e6009afcd8 5613b05cf5b447bea40eb32022840bcb - - - -] Volume vol_181e798b-e625-4e38-9dce-bf4fbc605167 (181e798b-e625-4e38-9dce-bf4fbc605167): created successfully
2026-09-29 16:24:57.902 77 INFO cinder.volume.manager [None req-8b399c7f-85e7-48ee-a282-4dfda9076600 b656d227501742e0814bc0e6009afcd8 5613b05cf5b447bea40eb32022840bcb - - - -] Created volume successfully.
2026-09-29 16:24:57.947 77 INFO cinder.volume.manager [None req-7f61d881-476c-4905-a1f9-0b4615a4fbaf 29a568ee9e914c9caf95405cbc2ee177 07e6ed960b624810ab350c1ca491226b - - default default] Deleted volume successfully.
2026-09-29 16:24:59.084 77 INFO cinder.volume.flows.manager.create_volume [None req-17bf7d70-1ae4-404d-95d2-09551b688b79 b656d227501742e0814bc0e6009afcd8 5613b05cf5b447bea40eb32022840bcb - - - -] Volume a2826539-ca0b-40c4-9392-3343d43efe13: being created as raw with specification: {'status': 'creating', 'volume_name': 'vol_a2826539-ca0b-40c4-9392-3343d43efe13', 'volume_size': 1}
2026-09-29 16:24:59.085 77 INFO cinder.volume.drivers.lightos [None req-17bf7d70-1ae4-404d-95d2-09551b688b79 b656d227501742e0814bc0e6009afcd8 5613b05cf5b447bea40eb32022840bcb - - - -] Invoking get_volume_by_name using GET url: /api/v2/projects/default/volumes/?name=vol_a2826539-ca0b-40c4-9392-3343d43efe13             request.body: {} ssl_verify: False
2026-09-29 16:24:59.121 77 WARNING py.warnings [None req-17bf7d70-1ae4-404d-95d2-09551b688b79 b656d227501742e0814bc0e6009afcd8 5613b05cf5b447bea40eb32022840bcb - - - -] /var/lib/kolla/venv/lib/python3.12/site-packages/urllib3/connectionpool.py:1110: InsecureRequestWarning: Unverified HTTPS request is being made to host '[LB_IP_ADDRESS]'. Adding certificate verification is strongly advised. See: https://urllib3.readthedocs.io/en/latest/advanced-usage.html#tls-warnings
  warnings.warn(

2026-09-29 16:24:59.130 77 INFO cinder.volume.drivers.lightos [None req-17bf7d70-1ae4-404d-95d2-09551b688b79 b656d227501742e0814bc0e6009afcd8 5613b05cf5b447bea40eb32022840bcb - - - -] Invoking create_volume using POST url: /api/v2/projects/default/volumes             request.body: {'name': 'vol_a2826539-ca0b-40c4-9392-3343d43efe13', 'size': '1 gib', 'replicaCount': '3', 'compression': 'False', 'acl': {'values': ['ALLOW_NONE']}, 'IPAcl': {'values': ['ALLOW_NONE']}, 'sourceSnapshotUUID': None, 'sourceSnapshotName': None} ssl_verify: False
2026-09-29 16:24:59.168 77 WARNING py.warnings [None req-17bf7d70-1ae4-404d-95d2-09551b688b79 b656d227501742e0814bc0e6009afcd8 5613b05cf5b447bea40eb32022840bcb - - - -] /var/lib/kolla/venv/lib/python3.12/site-packages/urllib3/connectionpool.py:1110: InsecureRequestWarning: Unverified HTTPS request is being made to host '[LB_IP_ADDRESS]'. Adding certificate verification is strongly advised. See: https://urllib3.readthedocs.io/en/latest/advanced-usage.html#tls-warnings
  warnings.warn(

2026-09-29 16:24:59.247 77 INFO cinder.volume.drivers.lightos [None req-17bf7d70-1ae4-404d-95d2-09551b688b79 b656d227501742e0814bc0e6009afcd8 5613b05cf5b447bea40eb32022840bcb - - - -] Invoking get_volume using GET url: /api/v2/projects/default/volumes/26295b6f-2226-4a4a-942a-4928ebfc2096             request.body: {} ssl_verify: False
2026-09-29 16:24:59.301 77 WARNING py.warnings [None req-17bf7d70-1ae4-404d-95d2-09551b688b79 b656d227501742e0814bc0e6009afcd8 5613b05cf5b447bea40eb32022840bcb - - - -] /var/lib/kolla/venv/lib/python3.12/site-packages/urllib3/connectionpool.py:1110: InsecureRequestWarning: Unverified HTTPS request is being made to host '[LB_IP_ADDRESS]'. Adding certificate verification is strongly advised. See: https://urllib3.readthedocs.io/en/latest/advanced-usage.html#tls-warnings
  warnings.warn(

2026-09-29 16:24:59.348 77 INFO cinder.volume.flows.manager.create_volume [None req-17bf7d70-1ae4-404d-95d2-09551b688b79 b656d227501742e0814bc0e6009afcd8 5613b05cf5b447bea40eb32022840bcb - - - -] Volume vol_a2826539-ca0b-40c4-9392-3343d43efe13 (a2826539-ca0b-40c4-9392-3343d43efe13): created successfully
2026-09-29 16:24:59.356 77 INFO cinder.volume.manager [None req-17bf7d70-1ae4-404d-95d2-09551b688b79 b656d227501742e0814bc0e6009afcd8 5613b05cf5b447bea40eb32022840bcb - - - -] Created volume successfully.
2026-09-29 16:25:00.627 77 INFO cinder.volume.flows.manager.create_volume [None req-1f7e74eb-4518-4d98-9a68-aa4cd0a9707e b656d227501742e0814bc0e6009afcd8 5613b05cf5b447bea40eb32022840bcb - - - -] Volume 29b8cd06-dfed-4a49-a26f-5eabbebef2eb: being created as raw with specification: {'status': 'creating', 'volume_name': 'vol_29b8cd06-dfed-4a49-a26f-5eabbebef2eb', 'volume_size': 1}
2026-09-29 16:25:00.627 77 INFO cinder.volume.drivers.lightos [None req-1f7e74eb-4518-4d98-9a68-aa4cd0a9707e b656d227501742e0814bc0e6009afcd8 5613b05cf5b447bea40eb32022840bcb - - - -] Invoking get_volume_by_name using GET url: /api/v2/projects/default/volumes/?name=vol_29b8cd06-dfed-4a49-a26f-5eabbebef2eb             request.body: {} ssl_verify: False
2026-09-29 16:25:00.663 77 WARNING py.warnings [None req-1f7e74eb-4518-4d98-9a68-aa4cd0a9707e b656d227501742e0814bc0e6009afcd8 5613b05cf5b447bea40eb32022840bcb - - - -] /var/lib/kolla/venv/lib/python3.12/site-packages/urllib3/connectionpool.py:1110: InsecureRequestWarning: Unverified HTTPS request is being made to host '[LB_IP_ADDRESS]'. Adding certificate verification is strongly advised. See: https://urllib3.readthedocs.io/en/latest/advanced-usage.html#tls-warnings
  warnings.warn(

2026-09-29 16:25:00.672 77 INFO cinder.volume.drivers.lightos [None req-1f7e74eb-4518-4d98-9a68-aa4cd0a9707e b656d227501742e0814bc0e6009afcd8 5613b05cf5b447bea40eb32022840bcb - - - -] Invoking create_volume using POST url: /api/v2/projects/default/volumes             request.body: {'name': 'vol_29b8cd06-dfed-4a49-a26f-5eabbebef2eb', 'size': '1 gib', 'replicaCount': '3', 'compression': 'False', 'acl': {'values': ['ALLOW_NONE']}, 'IPAcl': {'values': ['ALLOW_NONE']}, 'sourceSnapshotUUID': None, 'sourceSnapshotName': None} ssl_verify: False
2026-09-29 16:25:00.709 77 WARNING py.warnings [None req-1f7e74eb-4518-4d98-9a68-aa4cd0a9707e b656d227501742e0814bc0e6009afcd8 5613b05cf5b447bea40eb32022840bcb - - - -] /var/lib/kolla/venv/lib/python3.12/site-packages/urllib3/connectionpool.py:1110: InsecureRequestWarning: Unverified HTTPS request is being made to host '[LB_IP_ADDRESS]'. Adding certificate verification is strongly advised. See: https://urllib3.readthedocs.io/en/latest/advanced-usage.html#tls-warnings
  warnings.warn(

2026-09-29 16:25:00.744 77 INFO cinder.volume.drivers.lightos [None req-1f7e74eb-4518-4d98-9a68-aa4cd0a9707e b656d227501742e0814bc0e6009afcd8 5613b05cf5b447bea40eb32022840bcb - - - -] Invoking get_volume using GET url: /api/v2/projects/default/volumes/071f2044-a688-43a1-861b-7ce2fb2f8a59             request.body: {} ssl_verify: False
2026-09-29 16:25:00.806 77 WARNING py.warnings [None req-1f7e74eb-4518-4d98-9a68-aa4cd0a9707e b656d227501742e0814bc0e6009afcd8 5613b05cf5b447bea40eb32022840bcb - - - -] /var/lib/kolla/venv/lib/python3.12/site-packages/urllib3/connectionpool.py:1110: InsecureRequestWarning: Unverified HTTPS request is being made to host '[LB_IP_ADDRESS]'. Adding certificate verification is strongly advised. See: https://urllib3.readthedocs.io/en/latest/advanced-usage.html#tls-warnings
  warnings.warn(

2026-09-29 16:25:00.851 77 INFO cinder.volume.flows.manager.create_volume [None req-1f7e74eb-4518-4d98-9a68-aa4cd0a9707e b656d227501742e0814bc0e6009afcd8 5613b05cf5b447bea40eb32022840bcb - - - -] Volume vol_29b8cd06-dfed-4a49-a26f-5eabbebef2eb (29b8cd06-dfed-4a49-a26f-5eabbebef2eb): created successfully
2026-09-29 16:25:00.859 77 INFO cinder.volume.manager [None req-1f7e74eb-4518-4d98-9a68-aa4cd0a9707e b656d227501742e0814bc0e6009afcd8 5613b05cf5b447bea40eb32022840bcb - - - -] Created volume successfully.
2026-09-29 16:25:01.077 77 INFO cinder.volume.drivers.lightos [None req-5214e6b1-434c-4905-82d8-43db9343bca9 0e79020f33a44137937a0e4b77a7a34c fa4071513bd8439e96ceb7c1b0b584f9 - - default default] Invoking delete_volume using DELETE url: /api/v2/projects/default/volumes/978b4526-1e78-45a7-9a9b-e51cbb08ea7f?             request.body:  ssl_verify: False
2026-09-29 16:25:01.114 77 WARNING py.warnings [None req-5214e6b1-434c-4905-82d8-43db9343bca9 0e79020f33a44137937a0e4b77a7a34c fa4071513bd8439e96ceb7c1b0b584f9 - - default default] /var/lib/kolla/venv/lib/python3.12/site-packages/urllib3/connectionpool.py:1110: InsecureRequestWarning: Unverified HTTPS request is being made to host '[LB_IP_ADDRESS]'. Adding certificate verification is strongly advised. See: https://urllib3.readthedocs.io/en/latest/advanced-usage.html#tls-warnings
  warnings.warn(

2026-09-29 16:25:01.145 77 INFO cinder.volume.drivers.lightos [None req-5214e6b1-434c-4905-82d8-43db9343bca9 0e79020f33a44137937a0e4b77a7a34c fa4071513bd8439e96ceb7c1b0b584f9 - - default default] Invoking get_volume using GET url: /api/v2/projects/default/volumes/978b4526-1e78-45a7-9a9b-e51cbb08ea7f             request.body: {} ssl_verify: False
2026-09-29 16:25:01.191 77 WARNING py.warnings [None req-5214e6b1-434c-4905-82d8-43db9343bca9 0e79020f33a44137937a0e4b77a7a34c fa4071513bd8439e96ceb7c1b0b584f9 - - default default] /var/lib/kolla/venv/lib/python3.12/site-packages/urllib3/connectionpool.py:1110: InsecureRequestWarning: Unverified HTTPS request is being made to host '[LB_IP_ADDRESS]'. Adding certificate verification is strongly advised. See: https://urllib3.readthedocs.io/en/latest/advanced-usage.html#tls-warnings
  warnings.warn(

2026-09-29 16:25:01.320 77 INFO cinder.volume.manager [None req-5214e6b1-434c-4905-82d8-43db9343bca9 0e79020f33a44137937a0e4b77a7a34c fa4071513bd8439e96ceb7c1b0b584f9 - - default default] Deleted volume successfully.
2026-09-29 16:25:02.225 77 INFO cinder.volume.flows.manager.create_volume [None req-c455f568-dddf-4b5c-b953-856c8749f498 8a6df75559d64fc59fbc92e61ce03459 0e8b1c0548fa40959cb3425a5f322220 - - - -] Volume 9eae049a-458c-4d41-ba68-1ae499c40df5: being created as raw with specification: {'status': 'creating', 'volume_name': 'vol_9eae049a-458c-4d41-ba68-1ae499c40df5', 'volume_size': 2}
2026-09-29 16:25:02.225 77 INFO cinder.volume.drivers.lightos [None req-c455f568-dddf-4b5c-b953-856c8749f498 8a6df75559d64fc59fbc92e61ce03459 0e8b1c0548fa40959cb3425a5f322220 - - - -] Invoking get_volume_by_name using GET url: /api/v2/projects/default/volumes/?name=vol_9eae049a-458c-4d41-ba68-1ae499c40df5             request.body: {} ssl_verify: False
2026-09-29 16:25:02.262 77 WARNING py.warnings [None req-c455f568-dddf-4b5c-b953-856c8749f498 8a6df75559d64fc59fbc92e61ce03459 0e8b1c0548fa40959cb3425a5f322220 - - - -] /var/lib/kolla/venv/lib/python3.12/site-packages/urllib3/connectionpool.py:1110: InsecureRequestWarning: Unverified HTTPS request is being made to host '[LB_IP_ADDRESS]'. Adding certificate verification is strongly advised. See: https://urllib3.readthedocs.io/en/latest/advanced-usage.html#tls-warnings
  warnings.warn(

2026-09-29 16:25:02.274 77 INFO cinder.volume.drivers.lightos [None req-c455f568-dddf-4b5c-b953-856c8749f498 8a6df75559d64fc59fbc92e61ce03459 0e8b1c0548fa40959cb3425a5f322220 - - - -] Invoking create_volume using POST url: /api/v2/projects/default/volumes             request.body: {'name': 'vol_9eae049a-458c-4d41-ba68-1ae499c40df5', 'size': '2 gib', 'replicaCount': '3', 'compression': 'False', 'acl': {'values': ['ALLOW_NONE']}, 'IPAcl': {'values': ['ALLOW_NONE']}, 'sourceSnapshotUUID': None, 'sourceSnapshotName': None} ssl_verify: False
2026-09-29 16:25:02.320 77 WARNING py.warnings [None req-c455f568-dddf-4b5c-b953-856c8749f498 8a6df75559d64fc59fbc92e61ce03459 0e8b1c0548fa40959cb3425a5f322220 - - - -] /var/lib/kolla/venv/lib/python3.12/site-packages/urllib3/connectionpool.py:1110: InsecureRequestWarning: Unverified HTTPS request is being made to host '[LB_IP_ADDRESS]'. Adding certificate verification is strongly advised. See: https://urllib3.readthedocs.io/en/latest/advanced-usage.html#tls-warnings
  warnings.warn(

2026-09-29 16:25:02.348 77 INFO cinder.volume.drivers.lightos [None req-c455f568-dddf-4b5c-b953-856c8749f498 8a6df75559d64fc59fbc92e61ce03459 0e8b1c0548fa40959cb3425a5f322220 - - - -] Invoking get_volume using GET url: /api/v2/projects/default/volumes/a5bcdba2-0802-4960-ab23-034846234421             request.body: {} ssl_verify: False
2026-09-29 16:25:02.403 77 WARNING py.warnings [None req-c455f568-dddf-4b5c-b953-856c8749f498 8a6df75559d64fc59fbc92e61ce03459 0e8b1c0548fa40959cb3425a5f322220 - - - -] /var/lib/kolla/venv/lib/python3.12/site-packages/urllib3/connectionpool.py:1110: InsecureRequestWarning: Unverified HTTPS request is being made to host '[LB_IP_ADDRESS]'. Adding certificate verification is strongly advised. See: https://urllib3.readthedocs.io/en/latest/advanced-usage.html#tls-warnings
  warnings.warn(

2026-09-29 16:25:02.440 77 INFO cinder.volume.flows.manager.create_volume [None req-c455f568-dddf-4b5c-b953-856c8749f498 8a6df75559d64fc59fbc92e61ce03459 0e8b1c0548fa40959cb3425a5f322220 - - - -] Volume vol_9eae049a-458c-4d41-ba68-1ae499c40df5 (9eae049a-458c-4d41-ba68-1ae499c40df5): created successfully
2026-09-29 16:25:02.448 77 INFO cinder.volume.manager [None req-c455f568-dddf-4b5c-b953-856c8749f498 8a6df75559d64fc59fbc92e61ce03459 0e8b1c0548fa40959cb3425a5f322220 - - - -] Created volume successfully.
2026-09-29 16:25:03.088 77 INFO cinder.volume.drivers.lightos [None req-08d577b3-650d-4c88-af7e-fc47d2b8789b b656d227501742e0814bc0e6009afcd8 5613b05cf5b447bea40eb32022840bcb - - default default] Invoking delete_volume using DELETE url: /api/v2/projects/default/volumes/071f2044-a688-43a1-861b-7ce2fb2f8a59?             request.body:  ssl_verify: False
2026-09-29 16:25:03.124 77 WARNING py.warnings [None req-08d577b3-650d-4c88-af7e-fc47d2b8789b b656d227501742e0814bc0e6009afcd8 5613b05cf5b447bea40eb32022840bcb - - default default] /var/lib/kolla/venv/lib/python3.12/site-packages/urllib3/connectionpool.py:1110: InsecureRequestWarning: Unverified HTTPS request is being made to host '[LB_IP_ADDRESS]'. Adding certificate verification is strongly advised. See: https://urllib3.readthedocs.io/en/latest/advanced-usage.html#tls-warnings
  warnings.warn(

2026-09-29 16:25:03.153 77 INFO cinder.volume.drivers.lightos [None req-08d577b3-650d-4c88-af7e-fc47d2b8789b b656d227501742e0814bc0e6009afcd8 5613b05cf5b447bea40eb32022840bcb - - default default] Invoking get_volume using GET url: /api/v2/projects/default/volumes/071f2044-a688-43a1-861b-7ce2fb2f8a59             request.body: {} ssl_verify: False
2026-09-29 16:25:03.198 77 WARNING py.warnings [None req-08d577b3-650d-4c88-af7e-fc47d2b8789b b656d227501742e0814bc0e6009afcd8 5613b05cf5b447bea40eb32022840bcb - - default default] /var/lib/kolla/venv/lib/python3.12/site-packages/urllib3/connectionpool.py:1110: InsecureRequestWarning: Unverified HTTPS request is being made to host '[LB_IP_ADDRESS]'. Adding certificate verification is strongly advised. See: https://urllib3.readthedocs.io/en/latest/advanced-usage.html#tls-warnings
  warnings.warn(

2026-09-29 16:25:03.315 77 INFO cinder.volume.manager [None req-08d577b3-650d-4c88-af7e-fc47d2b8789b b656d227501742e0814bc0e6009afcd8 5613b05cf5b447bea40eb32022840bcb - - default default] Deleted volume successfully.
2026-09-29 16:25:03.421 77 INFO cinder.volume.drivers.lightos [None req-2709cb8b-7065-4a39-86b2-652932f2609f 8a6df75559d64fc59fbc92e61ce03459 0e8b1c0548fa40959cb3425a5f322220 - - - -] Invoking get_snapshot_by_name using GET url: /api/v2/projects/default/snapshots/?Name=snapshot-edb803b1-1efd-4849-9363-f1c1d31d1f2e             request.body: {} ssl_verify: False
2026-09-29 16:25:03.459 77 WARNING py.warnings [None req-2709cb8b-7065-4a39-86b2-652932f2609f 8a6df75559d64fc59fbc92e61ce03459 0e8b1c0548fa40959cb3425a5f322220 - - - -] /var/lib/kolla/venv/lib/python3.12/site-packages/urllib3/connectionpool.py:1110: InsecureRequestWarning: Unverified HTTPS request is being made to host '[LB_IP_ADDRESS]'. Adding certificate verification is strongly advised. See: https://urllib3.readthedocs.io/en/latest/advanced-usage.html#tls-warnings
  warnings.warn(

2026-09-29 16:25:03.507 77 INFO cinder.volume.drivers.lightos [None req-2709cb8b-7065-4a39-86b2-652932f2609f 8a6df75559d64fc59fbc92e61ce03459 0e8b1c0548fa40959cb3425a5f322220 - - - -] Invoking create_snapshot using POST url: /api/v2/projects/default/snapshots             request.body: {'name': 'snapshot-edb803b1-1efd-4849-9363-f1c1d31d1f2e', 'sourceVolumeUUID': None, 'sourceVolumeName': 'vol_9eae049a-458c-4d41-ba68-1ae499c40df5'} ssl_verify: False
2026-09-29 16:25:03.549 77 WARNING py.warnings [None req-2709cb8b-7065-4a39-86b2-652932f2609f 8a6df75559d64fc59fbc92e61ce03459 0e8b1c0548fa40959cb3425a5f322220 - - - -] /var/lib/kolla/venv/lib/python3.12/site-packages/urllib3/connectionpool.py:1110: InsecureRequestWarning: Unverified HTTPS request is being made to host '[LB_IP_ADDRESS]'. Adding certificate verification is strongly advised. See: https://urllib3.readthedocs.io/en/latest/advanced-usage.html#tls-warnings
  warnings.warn(

2026-09-29 16:25:03.579 77 INFO cinder.volume.drivers.lightos [None req-2709cb8b-7065-4a39-86b2-652932f2609f 8a6df75559d64fc59fbc92e61ce03459 0e8b1c0548fa40959cb3425a5f322220 - - - -] Invoking get_snapshot_by_name using GET url: /api/v2/projects/default/snapshots/?Name=snapshot-edb803b1-1efd-4849-9363-f1c1d31d1f2e             request.body: {} ssl_verify: False
2026-09-29 16:25:03.623 77 WARNING py.warnings [None req-2709cb8b-7065-4a39-86b2-652932f2609f 8a6df75559d64fc59fbc92e61ce03459 0e8b1c0548fa40959cb3425a5f322220 - - - -] /var/lib/kolla/venv/lib/python3.12/site-packages/urllib3/connectionpool.py:1110: InsecureRequestWarning: Unverified HTTPS request is being made to host '[LB_IP_ADDRESS]'. Adding certificate verification is strongly advised. See: https://urllib3.readthedocs.io/en/latest/advanced-usage.html#tls-warnings
  warnings.warn(

2026-09-29 16:25:04.372 77 INFO cinder.volume.drivers.lightos [None req-93db5acc-d21e-4e42-b57e-07c3a5427427 b656d227501742e0814bc0e6009afcd8 5613b05cf5b447bea40eb32022840bcb - - default default] Invoking delete_volume using DELETE url: /api/v2/projects/default/volumes/26295b6f-2226-4a4a-942a-4928ebfc2096?             request.body:  ssl_verify: False
2026-09-29 16:25:04.408 77 WARNING py.warnings [None req-93db5acc-d21e-4e42-b57e-07c3a5427427 b656d227501742e0814bc0e6009afcd8 5613b05cf5b447bea40eb32022840bcb - - default default] /var/lib/kolla/venv/lib/python3.12/site-packages/urllib3/connectionpool.py:1110: InsecureRequestWarning: Unverified HTTPS request is being made to host '[LB_IP_ADDRESS]'. Adding certificate verification is strongly advised. See: https://urllib3.readthedocs.io/en/latest/advanced-usage.html#tls-warnings
  warnings.warn(

2026-09-29 16:25:04.436 77 INFO cinder.volume.drivers.lightos [None req-93db5acc-d21e-4e42-b57e-07c3a5427427 b656d227501742e0814bc0e6009afcd8 5613b05cf5b447bea40eb32022840bcb - - default default] Invoking get_volume using GET url: /api/v2/projects/default/volumes/26295b6f-2226-4a4a-942a-4928ebfc2096             request.body: {} ssl_verify: False
2026-09-29 16:25:04.493 77 WARNING py.warnings [None req-93db5acc-d21e-4e42-b57e-07c3a5427427 b656d227501742e0814bc0e6009afcd8 5613b05cf5b447bea40eb32022840bcb - - default default] /var/lib/kolla/venv/lib/python3.12/site-packages/urllib3/connectionpool.py:1110: InsecureRequestWarning: Unverified HTTPS request is being made to host '[LB_IP_ADDRESS]'. Adding certificate verification is strongly advised. See: https://urllib3.readthedocs.io/en/latest/advanced-usage.html#tls-warnings
  warnings.warn(

2026-09-29 16:25:04.628 77 INFO cinder.volume.manager [None req-93db5acc-d21e-4e42-b57e-07c3a5427427 b656d227501742e0814bc0e6009afcd8 5613b05cf5b447bea40eb32022840bcb - - default default] Deleted volume successfully.
2026-09-29 16:25:04.686 77 INFO cinder.volume.drivers.lightos [None req-2709cb8b-7065-4a39-86b2-652932f2609f 8a6df75559d64fc59fbc92e61ce03459 0e8b1c0548fa40959cb3425a5f322220 - - - -] Invoking get_snapshot_by_name using GET url: /api/v2/projects/default/snapshots/?Name=snapshot-edb803b1-1efd-4849-9363-f1c1d31d1f2e             request.body: {} ssl_verify: False
2026-09-29 16:25:04.729 77 WARNING py.warnings [None req-2709cb8b-7065-4a39-86b2-652932f2609f 8a6df75559d64fc59fbc92e61ce03459 0e8b1c0548fa40959cb3425a5f322220 - - - -] /var/lib/kolla/venv/lib/python3.12/site-packages/urllib3/connectionpool.py:1110: InsecureRequestWarning: Unverified HTTPS request is being made to host '[LB_IP_ADDRESS]'. Adding certificate verification is strongly advised. See: https://urllib3.readthedocs.io/en/latest/advanced-usage.html#tls-warnings
  warnings.warn(

2026-09-29 16:25:04.759 77 INFO cinder.volume.manager [None req-2709cb8b-7065-4a39-86b2-652932f2609f 8a6df75559d64fc59fbc92e61ce03459 0e8b1c0548fa40959cb3425a5f322220 - - - -] Create snapshot completed successfully
2026-09-29 16:25:05.564 77 INFO cinder.volume.drivers.lightos [None req-b686cae1-4b46-4f33-bba4-79485926a70a b656d227501742e0814bc0e6009afcd8 5613b05cf5b447bea40eb32022840bcb - - default default] Invoking delete_volume using DELETE url: /api/v2/projects/default/volumes/f983d88d-db59-432e-b798-bb8979deda8b?             request.body:  ssl_verify: False
2026-09-29 16:25:05.595 77 INFO cinder.volume.drivers.lightos [None req-64328a09-28f3-48ac-87dd-d0136936290c 8a6df75559d64fc59fbc92e61ce03459 0e8b1c0548fa40959cb3425a5f322220 - - default default] Invoking get_snapshot_by_name using GET url: /api/v2/projects/default/snapshots/?Name=snapshot-edb803b1-1efd-4849-9363-f1c1d31d1f2e             request.body: {} ssl_verify: False
2026-09-29 16:25:05.623 77 WARNING py.warnings [None req-b686cae1-4b46-4f33-bba4-79485926a70a b656d227501742e0814bc0e6009afcd8 5613b05cf5b447bea40eb32022840bcb - - default default] /var/lib/kolla/venv/lib/python3.12/site-packages/urllib3/connectionpool.py:1110: InsecureRequestWarning: Unverified HTTPS request is being made to host '[LB_IP_ADDRESS]'. Adding certificate verification is strongly advised. See: https://urllib3.readthedocs.io/en/latest/advanced-usage.html#tls-warnings
  warnings.warn(

2026-09-29 16:25:05.628 77 WARNING py.warnings [None req-64328a09-28f3-48ac-87dd-d0136936290c 8a6df75559d64fc59fbc92e61ce03459 0e8b1c0548fa40959cb3425a5f322220 - - default default] /var/lib/kolla/venv/lib/python3.12/site-packages/urllib3/connectionpool.py:1110: InsecureRequestWarning: Unverified HTTPS request is being made to host '[LB_IP_ADDRESS]'. Adding certificate verification is strongly advised. See: https://urllib3.readthedocs.io/en/latest/advanced-usage.html#tls-warnings
  warnings.warn(

2026-09-29 16:25:05.674 77 INFO cinder.volume.drivers.lightos [None req-b686cae1-4b46-4f33-bba4-79485926a70a b656d227501742e0814bc0e6009afcd8 5613b05cf5b447bea40eb32022840bcb - - default default] Invoking get_volume using GET url: /api/v2/projects/default/volumes/f983d88d-db59-432e-b798-bb8979deda8b             request.body: {} ssl_verify: False
2026-09-29 16:25:05.680 77 INFO cinder.volume.drivers.lightos [None req-64328a09-28f3-48ac-87dd-d0136936290c 8a6df75559d64fc59fbc92e61ce03459 0e8b1c0548fa40959cb3425a5f322220 - - default default] Invoking delete_snapshot using DELETE url: /api/v2/projects/default/snapshots/787c2406-464e-4951-b76c-9a4aa723412f?             request.body:  ssl_verify: False
2026-09-29 16:25:05.739 77 WARNING py.warnings [None req-b686cae1-4b46-4f33-bba4-79485926a70a b656d227501742e0814bc0e6009afcd8 5613b05cf5b447bea40eb32022840bcb - - default default] /var/lib/kolla/venv/lib/python3.12/site-packages/urllib3/connectionpool.py:1110: InsecureRequestWarning: Unverified HTTPS request is being made to host '[LB_IP_ADDRESS]'. Adding certificate verification is strongly advised. See: https://urllib3.readthedocs.io/en/latest/advanced-usage.html#tls-warnings
  warnings.warn(

2026-09-29 16:25:05.746 77 WARNING py.warnings [None req-64328a09-28f3-48ac-87dd-d0136936290c 8a6df75559d64fc59fbc92e61ce03459 0e8b1c0548fa40959cb3425a5f322220 - - default default] /var/lib/kolla/venv/lib/python3.12/site-packages/urllib3/connectionpool.py:1110: InsecureRequestWarning: Unverified HTTPS request is being made to host '[LB_IP_ADDRESS]'. Adding certificate verification is strongly advised. See: https://urllib3.readthedocs.io/en/latest/advanced-usage.html#tls-warnings
  warnings.warn(

2026-09-29 16:25:05.856 77 INFO cinder.volume.drivers.lightos [None req-64328a09-28f3-48ac-87dd-d0136936290c 8a6df75559d64fc59fbc92e61ce03459 0e8b1c0548fa40959cb3425a5f322220 - - default default] Invoking get_snapshot using GET url: /api/v2/projects/default/snapshots/787c2406-464e-4951-b76c-9a4aa723412f             request.body: {} ssl_verify: False
2026-09-29 16:25:05.890 77 WARNING py.warnings [None req-64328a09-28f3-48ac-87dd-d0136936290c 8a6df75559d64fc59fbc92e61ce03459 0e8b1c0548fa40959cb3425a5f322220 - - default default] /var/lib/kolla/venv/lib/python3.12/site-packages/urllib3/connectionpool.py:1110: InsecureRequestWarning: Unverified HTTPS request is being made to host '[LB_IP_ADDRESS]'. Adding certificate verification is strongly advised. See: https://urllib3.readthedocs.io/en/latest/advanced-usage.html#tls-warnings
  warnings.warn(

2026-09-29 16:25:05.952 77 INFO cinder.volume.manager [None req-b686cae1-4b46-4f33-bba4-79485926a70a b656d227501742e0814bc0e6009afcd8 5613b05cf5b447bea40eb32022840bcb - - default default] Deleted volume successfully.
2026-09-29 16:25:05.994 77 INFO cinder.volume.manager [None req-64328a09-28f3-48ac-87dd-d0136936290c 8a6df75559d64fc59fbc92e61ce03459 0e8b1c0548fa40959cb3425a5f322220 - - default default] Delete snapshot completed successfully.
2026-09-29 16:25:06.797 77 INFO cinder.volume.drivers.lightos [None req-2a5fa961-e725-4c0e-8a13-daaa90421fe6 8a6df75559d64fc59fbc92e61ce03459 0e8b1c0548fa40959cb3425a5f322220 - - default default] Invoking delete_volume using DELETE url: /api/v2/projects/default/volumes/a5bcdba2-0802-4960-ab23-034846234421?             request.body:  ssl_verify: False
2026-09-29 16:25:06.832 77 WARNING py.warnings [None req-2a5fa961-e725-4c0e-8a13-daaa90421fe6 8a6df75559d64fc59fbc92e61ce03459 0e8b1c0548fa40959cb3425a5f322220 - - default default] /var/lib/kolla/venv/lib/python3.12/site-packages/urllib3/connectionpool.py:1110: InsecureRequestWarning: Unverified HTTPS request is being made to host '[LB_IP_ADDRESS]'. Adding certificate verification is strongly advised. See: https://urllib3.readthedocs.io/en/latest/advanced-usage.html#tls-warnings
  warnings.warn(

2026-09-29 16:25:06.856 77 INFO cinder.volume.drivers.lightos [None req-2a5fa961-e725-4c0e-8a13-daaa90421fe6 8a6df75559d64fc59fbc92e61ce03459 0e8b1c0548fa40959cb3425a5f322220 - - default default] Invoking get_volume using GET url: /api/v2/projects/default/volumes/a5bcdba2-0802-4960-ab23-034846234421             request.body: {} ssl_verify: False
2026-09-29 16:25:06.902 77 WARNING py.warnings [None req-2a5fa961-e725-4c0e-8a13-daaa90421fe6 8a6df75559d64fc59fbc92e61ce03459 0e8b1c0548fa40959cb3425a5f322220 - - default default] /var/lib/kolla/venv/lib/python3.12/site-packages/urllib3/connectionpool.py:1110: InsecureRequestWarning: Unverified HTTPS request is being made to host '[LB_IP_ADDRESS]'. Adding certificate verification is strongly advised. See: https://urllib3.readthedocs.io/en/latest/advanced-usage.html#tls-warnings
  warnings.warn(

2026-09-29 16:25:07.030 77 INFO cinder.volume.manager [None req-2a5fa961-e725-4c0e-8a13-daaa90421fe6 8a6df75559d64fc59fbc92e61ce03459 0e8b1c0548fa40959cb3425a5f322220 - - default default] Deleted volume successfully.
2026-09-29 16:25:14.262 77 INFO cinder.volume.flows.manager.create_volume [None req-c2b33fed-5b16-4945-a3b7-a888e381e692 d6c26d6d79d74ecfa0120f5f25074c29 a259990b88f34ba0bde0236293d45cbd - - - -] Volume c7be2e83-0cb6-4ae5-ab76-a8d0beffffbe: being created as raw with specification: {'status': 'creating', 'volume_name': 'vol_c7be2e83-0cb6-4ae5-ab76-a8d0beffffbe', 'volume_size': 1}
2026-09-29 16:25:14.263 77 INFO cinder.volume.drivers.lightos [None req-c2b33fed-5b16-4945-a3b7-a888e381e692 d6c26d6d79d74ecfa0120f5f25074c29 a259990b88f34ba0bde0236293d45cbd - - - -] Invoking get_volume_by_name using GET url: /api/v2/projects/default/volumes/?name=vol_c7be2e83-0cb6-4ae5-ab76-a8d0beffffbe             request.body: {} ssl_verify: False
2026-09-29 16:25:14.305 77 WARNING py.warnings [None req-c2b33fed-5b16-4945-a3b7-a888e381e692 d6c26d6d79d74ecfa0120f5f25074c29 a259990b88f34ba0bde0236293d45cbd - - - -] /var/lib/kolla/venv/lib/python3.12/site-packages/urllib3/connectionpool.py:1110: InsecureRequestWarning: Unverified HTTPS request is being made to host '[LB_IP_ADDRESS]'. Adding certificate verification is strongly advised. See: https://urllib3.readthedocs.io/en/latest/advanced-usage.html#tls-warnings
  warnings.warn(

2026-09-29 16:25:14.321 77 INFO cinder.volume.flows.manager.create_volume [None req-4afe804f-65df-417a-ade2-9d0ec518d735 37236b99d58d4dbf998a6dd273b691b7 06e2fa12018f4ab084498afca9ef819b - - - -] Volume e7475f80-d5a2-4876-9f3f-75df41155f5f: being created as raw with specification: {'status': 'creating', 'volume_name': 'vol_e7475f80-d5a2-4876-9f3f-75df41155f5f', 'volume_size': 1}
2026-09-29 16:25:14.321 77 INFO cinder.volume.drivers.lightos [None req-4afe804f-65df-417a-ade2-9d0ec518d735 37236b99d58d4dbf998a6dd273b691b7 06e2fa12018f4ab084498afca9ef819b - - - -] Invoking get_volume_by_name using GET url: /api/v2/projects/default/volumes/?name=vol_e7475f80-d5a2-4876-9f3f-75df41155f5f             request.body: {} ssl_verify: False
2026-09-29 16:25:14.324 77 INFO cinder.volume.drivers.lightos [None req-c2b33fed-5b16-4945-a3b7-a888e381e692 d6c26d6d79d74ecfa0120f5f25074c29 a259990b88f34ba0bde0236293d45cbd - - - -] Invoking create_volume using POST url: /api/v2/projects/default/volumes             request.body: {'name': 'vol_c7be2e83-0cb6-4ae5-ab76-a8d0beffffbe', 'size': '1 gib', 'replicaCount': '3', 'compression': 'False', 'acl': {'values': ['ALLOW_NONE']}, 'IPAcl': {'values': ['ALLOW_NONE']}, 'sourceSnapshotUUID': None, 'sourceSnapshotName': None} ssl_verify: False
2026-09-29 16:25:14.378 77 WARNING py.warnings [None req-4afe804f-65df-417a-ade2-9d0ec518d735 37236b99d58d4dbf998a6dd273b691b7 06e2fa12018f4ab084498afca9ef819b - - - -] /var/lib/kolla/venv/lib/python3.12/site-packages/urllib3/connectionpool.py:1110: InsecureRequestWarning: Unverified HTTPS request is being made to host '[LB_IP_ADDRESS]'. Adding certificate verification is strongly advised. See: https://urllib3.readthedocs.io/en/latest/advanced-usage.html#tls-warnings
  warnings.warn(

2026-09-29 16:25:14.385 77 WARNING py.warnings [None req-c2b33fed-5b16-4945-a3b7-a888e381e692 d6c26d6d79d74ecfa0120f5f25074c29 a259990b88f34ba0bde0236293d45cbd - - - -] /var/lib/kolla/venv/lib/python3.12/site-packages/urllib3/connectionpool.py:1110: InsecureRequestWarning: Unverified HTTPS request is being made to host '[LB_IP_ADDRESS]'. Adding certificate verification is strongly advised. See: https://urllib3.readthedocs.io/en/latest/advanced-usage.html#tls-warnings
  warnings.warn(

2026-09-29 16:25:14.392 77 INFO cinder.volume.drivers.lightos [None req-4afe804f-65df-417a-ade2-9d0ec518d735 37236b99d58d4dbf998a6dd273b691b7 06e2fa12018f4ab084498afca9ef819b - - - -] Invoking create_volume using POST url: /api/v2/projects/default/volumes             request.body: {'name': 'vol_e7475f80-d5a2-4876-9f3f-75df41155f5f', 'size': '1 gib', 'replicaCount': '3', 'compression': 'False', 'acl': {'values': ['ALLOW_NONE']}, 'IPAcl': {'values': ['ALLOW_NONE']}, 'sourceSnapshotUUID': None, 'sourceSnapshotName': None} ssl_verify: False
2026-09-29 16:25:14.424 77 INFO cinder.volume.drivers.lightos [None req-c2b33fed-5b16-4945-a3b7-a888e381e692 d6c26d6d79d74ecfa0120f5f25074c29 a259990b88f34ba0bde0236293d45cbd - - - -] Invoking get_volume using GET url: /api/v2/projects/default/volumes/a5f9ef14-fbc9-433e-955f-5674727bbcbc             request.body: {} ssl_verify: False
2026-09-29 16:25:14.452 77 WARNING py.warnings [None req-4afe804f-65df-417a-ade2-9d0ec518d735 37236b99d58d4dbf998a6dd273b691b7 06e2fa12018f4ab084498afca9ef819b - - - -] /var/lib/kolla/venv/lib/python3.12/site-packages/urllib3/connectionpool.py:1110: InsecureRequestWarning: Unverified HTTPS request is being made to host '[LB_IP_ADDRESS]'. Adding certificate verification is strongly advised. See: https://urllib3.readthedocs.io/en/latest/advanced-usage.html#tls-warnings
  warnings.warn(

2026-09-29 16:25:14.462 77 WARNING py.warnings [None req-c2b33fed-5b16-4945-a3b7-a888e381e692 d6c26d6d79d74ecfa0120f5f25074c29 a259990b88f34ba0bde0236293d45cbd - - - -] /var/lib/kolla/venv/lib/python3.12/site-packages/urllib3/connectionpool.py:1110: InsecureRequestWarning: Unverified HTTPS request is being made to host '[LB_IP_ADDRESS]'. Adding certificate verification is strongly advised. See: https://urllib3.readthedocs.io/en/latest/advanced-usage.html#tls-warnings
  warnings.warn(

2026-09-29 16:25:14.487 77 INFO cinder.volume.flows.manager.create_volume [None req-f903b116-b7e1-4922-8a3a-8a3a5a6832a6 c54c3a060c2147deb44a50d17a18afd5 25d9fe2baee44a44a051bb8fdcf72e0e - - - -] Volume 6692da2d-53ac-49f0-8e5a-73325c1be2be: being created as raw with specification: {'status': 'creating', 'volume_name': 'vol_6692da2d-53ac-49f0-8e5a-73325c1be2be', 'volume_size': 1}
2026-09-29 16:25:14.488 77 INFO cinder.volume.drivers.lightos [None req-f903b116-b7e1-4922-8a3a-8a3a5a6832a6 c54c3a060c2147deb44a50d17a18afd5 25d9fe2baee44a44a051bb8fdcf72e0e - - - -] Invoking get_volume_by_name using GET url: /api/v2/projects/default/volumes/?name=vol_6692da2d-53ac-49f0-8e5a-73325c1be2be             request.body: {} ssl_verify: False
2026-09-29 16:25:14.524 77 WARNING py.warnings [None req-f903b116-b7e1-4922-8a3a-8a3a5a6832a6 c54c3a060c2147deb44a50d17a18afd5 25d9fe2baee44a44a051bb8fdcf72e0e - - - -] /var/lib/kolla/venv/lib/python3.12/site-packages/urllib3/connectionpool.py:1110: InsecureRequestWarning: Unverified HTTPS request is being made to host '[LB_IP_ADDRESS]'. Adding certificate verification is strongly advised. See: https://urllib3.readthedocs.io/en/latest/advanced-usage.html#tls-warnings
  warnings.warn(

2026-09-29 16:25:14.526 77 INFO cinder.volume.drivers.lightos [None req-4afe804f-65df-417a-ade2-9d0ec518d735 37236b99d58d4dbf998a6dd273b691b7 06e2fa12018f4ab084498afca9ef819b - - - -] Invoking get_volume using GET url: /api/v2/projects/default/volumes/fd34e40c-7a8c-46cd-8254-60dcd79699a2             request.body: {} ssl_verify: False
2026-09-29 16:25:14.556 77 INFO cinder.volume.drivers.lightos [None req-f903b116-b7e1-4922-8a3a-8a3a5a6832a6 c54c3a060c2147deb44a50d17a18afd5 25d9fe2baee44a44a051bb8fdcf72e0e - - - -] Invoking create_volume using POST url: /api/v2/projects/default/volumes             request.body: {'name': 'vol_6692da2d-53ac-49f0-8e5a-73325c1be2be', 'size': '1 gib', 'replicaCount': '3', 'compression': 'False', 'acl': {'values': ['ALLOW_NONE']}, 'IPAcl': {'values': ['ALLOW_NONE']}, 'sourceSnapshotUUID': None, 'sourceSnapshotName': None} ssl_verify: False
2026-09-29 16:25:14.560 77 INFO cinder.volume.flows.manager.create_volume [None req-c2b33fed-5b16-4945-a3b7-a888e381e692 d6c26d6d79d74ecfa0120f5f25074c29 a259990b88f34ba0bde0236293d45cbd - - - -] Volume vol_c7be2e83-0cb6-4ae5-ab76-a8d0beffffbe (c7be2e83-0cb6-4ae5-ab76-a8d0beffffbe): created successfully
2026-09-29 16:25:14.590 77 WARNING py.warnings [None req-4afe804f-65df-417a-ade2-9d0ec518d735 37236b99d58d4dbf998a6dd273b691b7 06e2fa12018f4ab084498afca9ef819b - - - -] /var/lib/kolla/venv/lib/python3.12/site-packages/urllib3/connectionpool.py:1110: InsecureRequestWarning: Unverified HTTPS request is being made to host '[LB_IP_ADDRESS]'. Adding certificate verification is strongly advised. See: https://urllib3.readthedocs.io/en/latest/advanced-usage.html#tls-warnings
  warnings.warn(

2026-09-29 16:25:14.595 77 INFO cinder.volume.manager [None req-c2b33fed-5b16-4945-a3b7-a888e381e692 d6c26d6d79d74ecfa0120f5f25074c29 a259990b88f34ba0bde0236293d45cbd - - - -] Created volume successfully.
2026-09-29 16:25:14.597 77 WARNING py.warnings [None req-f903b116-b7e1-4922-8a3a-8a3a5a6832a6 c54c3a060c2147deb44a50d17a18afd5 25d9fe2baee44a44a051bb8fdcf72e0e - - - -] /var/lib/kolla/venv/lib/python3.12/site-packages/urllib3/connectionpool.py:1110: InsecureRequestWarning: Unverified HTTPS request is being made to host '[LB_IP_ADDRESS]'. Adding certificate verification is strongly advised. See: https://urllib3.readthedocs.io/en/latest/advanced-usage.html#tls-warnings
  warnings.warn(

2026-09-29 16:25:14.634 77 INFO cinder.volume.flows.manager.create_volume [None req-69639452-3150-4a2b-a54f-053a56f20911 d6c26d6d79d74ecfa0120f5f25074c29 a259990b88f34ba0bde0236293d45cbd - - - -] Volume 5bd0d19d-2412-4aab-82b6-639589bad513: being created as raw with specification: {'status': 'creating', 'volume_name': 'vol_5bd0d19d-2412-4aab-82b6-639589bad513', 'volume_size': 1}
2026-09-29 16:25:14.634 77 INFO cinder.volume.drivers.lightos [None req-69639452-3150-4a2b-a54f-053a56f20911 d6c26d6d79d74ecfa0120f5f25074c29 a259990b88f34ba0bde0236293d45cbd - - - -] Invoking get_volume_by_name using GET url: /api/v2/projects/default/volumes/?name=vol_5bd0d19d-2412-4aab-82b6-639589bad513             request.body: {} ssl_verify: False
2026-09-29 16:25:14.637 77 INFO cinder.volume.drivers.lightos [None req-f903b116-b7e1-4922-8a3a-8a3a5a6832a6 c54c3a060c2147deb44a50d17a18afd5 25d9fe2baee44a44a051bb8fdcf72e0e - - - -] Invoking get_volume using GET url: /api/v2/projects/default/volumes/10da537a-92c1-4ef9-b32a-dac421d39c4f             request.body: {} ssl_verify: False
2026-09-29 16:25:14.695 77 WARNING py.warnings [None req-69639452-3150-4a2b-a54f-053a56f20911 d6c26d6d79d74ecfa0120f5f25074c29 a259990b88f34ba0bde0236293d45cbd - - - -] /var/lib/kolla/venv/lib/python3.12/site-packages/urllib3/connectionpool.py:1110: InsecureRequestWarning: Unverified HTTPS request is being made to host '[LB_IP_ADDRESS]'. Adding certificate verification is strongly advised. See: https://urllib3.readthedocs.io/en/latest/advanced-usage.html#tls-warnings
  warnings.warn(

2026-09-29 16:25:14.697 77 WARNING py.warnings [None req-f903b116-b7e1-4922-8a3a-8a3a5a6832a6 c54c3a060c2147deb44a50d17a18afd5 25d9fe2baee44a44a051bb8fdcf72e0e - - - -] /var/lib/kolla/venv/lib/python3.12/site-packages/urllib3/connectionpool.py:1110: InsecureRequestWarning: Unverified HTTPS request is being made to host '[LB_IP_ADDRESS]'. Adding certificate verification is strongly advised. See: https://urllib3.readthedocs.io/en/latest/advanced-usage.html#tls-warnings
  warnings.warn(

2026-09-29 16:25:14.700 77 INFO cinder.volume.flows.manager.create_volume [None req-4afe804f-65df-417a-ade2-9d0ec518d735 37236b99d58d4dbf998a6dd273b691b7 06e2fa12018f4ab084498afca9ef819b - - - -] Volume vol_e7475f80-d5a2-4876-9f3f-75df41155f5f (e7475f80-d5a2-4876-9f3f-75df41155f5f): created successfully
2026-09-29 16:25:14.704 77 INFO cinder.volume.drivers.lightos [None req-69639452-3150-4a2b-a54f-053a56f20911 d6c26d6d79d74ecfa0120f5f25074c29 a259990b88f34ba0bde0236293d45cbd - - - -] Invoking create_volume using POST url: /api/v2/projects/default/volumes             request.body: {'name': 'vol_5bd0d19d-2412-4aab-82b6-639589bad513', 'size': '1 gib', 'replicaCount': '3', 'compression': 'False', 'acl': {'values': ['ALLOW_NONE']}, 'IPAcl': {'values': ['ALLOW_NONE']}, 'sourceSnapshotUUID': None, 'sourceSnapshotName': None} ssl_verify: False
2026-09-29 16:25:14.736 77 INFO cinder.volume.manager [None req-4afe804f-65df-417a-ade2-9d0ec518d735 37236b99d58d4dbf998a6dd273b691b7 06e2fa12018f4ab084498afca9ef819b - - - -] Created volume successfully.
2026-09-29 16:25:14.738 77 WARNING py.warnings [None req-69639452-3150-4a2b-a54f-053a56f20911 d6c26d6d79d74ecfa0120f5f25074c29 a259990b88f34ba0bde0236293d45cbd - - - -] /var/lib/kolla/venv/lib/python3.12/site-packages/urllib3/connectionpool.py:1110: InsecureRequestWarning: Unverified HTTPS request is being made to host '[LB_IP_ADDRESS]'. Adding certificate verification is strongly advised. See: https://urllib3.readthedocs.io/en/latest/advanced-usage.html#tls-warnings
  warnings.warn(

2026-09-29 16:25:14.749 77 INFO cinder.volume.flows.manager.create_volume [None req-f903b116-b7e1-4922-8a3a-8a3a5a6832a6 c54c3a060c2147deb44a50d17a18afd5 25d9fe2baee44a44a051bb8fdcf72e0e - - - -] Volume vol_6692da2d-53ac-49f0-8e5a-73325c1be2be (6692da2d-53ac-49f0-8e5a-73325c1be2be): created successfully
2026-09-29 16:25:14.756 77 INFO cinder.volume.drivers.lightos [None req-69639452-3150-4a2b-a54f-053a56f20911 d6c26d6d79d74ecfa0120f5f25074c29 a259990b88f34ba0bde0236293d45cbd - - - -] Invoking get_volume using GET url: /api/v2/projects/default/volumes/68a3bd77-8bc4-4bbe-ba5f-928d309408a3             request.body: {} ssl_verify: False
2026-09-29 16:25:14.784 77 INFO cinder.volume.manager [None req-f903b116-b7e1-4922-8a3a-8a3a5a6832a6 c54c3a060c2147deb44a50d17a18afd5 25d9fe2baee44a44a051bb8fdcf72e0e - - - -] Created volume successfully.
2026-09-29 16:25:14.804 77 WARNING py.warnings [None req-69639452-3150-4a2b-a54f-053a56f20911 d6c26d6d79d74ecfa0120f5f25074c29 a259990b88f34ba0bde0236293d45cbd - - - -] /var/lib/kolla/venv/lib/python3.12/site-packages/urllib3/connectionpool.py:1110: InsecureRequestWarning: Unverified HTTPS request is being made to host '[LB_IP_ADDRESS]'. Adding certificate verification is strongly advised. See: https://urllib3.readthedocs.io/en/latest/advanced-usage.html#tls-warnings
  warnings.warn(

2026-09-29 16:25:14.844 77 INFO cinder.volume.flows.manager.create_volume [None req-69639452-3150-4a2b-a54f-053a56f20911 d6c26d6d79d74ecfa0120f5f25074c29 a259990b88f34ba0bde0236293d45cbd - - - -] Volume vol_5bd0d19d-2412-4aab-82b6-639589bad513 (5bd0d19d-2412-4aab-82b6-639589bad513): created successfully
2026-09-29 16:25:14.852 77 INFO cinder.volume.manager [None req-69639452-3150-4a2b-a54f-053a56f20911 d6c26d6d79d74ecfa0120f5f25074c29 a259990b88f34ba0bde0236293d45cbd - - - -] Created volume successfully.
2026-09-29 16:25:14.937 77 INFO cinder.volume.flows.manager.create_volume [None req-8c0c19ba-fbed-4f3e-8419-c91e9196d712 d6c26d6d79d74ecfa0120f5f25074c29 a259990b88f34ba0bde0236293d45cbd - - - -] Volume 4ce01598-cb4e-494c-8dcd-37a3e697000d: being created as raw with specification: {'status': 'creating', 'volume_name': 'vol_4ce01598-cb4e-494c-8dcd-37a3e697000d', 'volume_size': 1}
2026-09-29 16:25:14.937 77 INFO cinder.volume.drivers.lightos [None req-8c0c19ba-fbed-4f3e-8419-c91e9196d712 d6c26d6d79d74ecfa0120f5f25074c29 a259990b88f34ba0bde0236293d45cbd - - - -] Invoking get_volume_by_name using GET url: /api/v2/projects/default/volumes/?name=vol_4ce01598-cb4e-494c-8dcd-37a3e697000d             request.body: {} ssl_verify: False
2026-09-29 16:25:14.973 77 WARNING py.warnings [None req-8c0c19ba-fbed-4f3e-8419-c91e9196d712 d6c26d6d79d74ecfa0120f5f25074c29 a259990b88f34ba0bde0236293d45cbd - - - -] /var/lib/kolla/venv/lib/python3.12/site-packages/urllib3/connectionpool.py:1110: InsecureRequestWarning: Unverified HTTPS request is being made to host '[LB_IP_ADDRESS]'. Adding certificate verification is strongly advised. See: https://urllib3.readthedocs.io/en/latest/advanced-usage.html#tls-warnings
  warnings.warn(

2026-09-29 16:25:14.985 77 INFO cinder.volume.drivers.lightos [None req-8c0c19ba-fbed-4f3e-8419-c91e9196d712 d6c26d6d79d74ecfa0120f5f25074c29 a259990b88f34ba0bde0236293d45cbd - - - -] Invoking create_volume using POST url: /api/v2/projects/default/volumes             request.body: {'name': 'vol_4ce01598-cb4e-494c-8dcd-37a3e697000d', 'size': '1 gib', 'replicaCount': '3', 'compression': 'False', 'acl': {'values': ['ALLOW_NONE']}, 'IPAcl': {'values': ['ALLOW_NONE']}, 'sourceSnapshotUUID': None, 'sourceSnapshotName': None} ssl_verify: False
2026-09-29 16:25:15.030 77 WARNING py.warnings [None req-8c0c19ba-fbed-4f3e-8419-c91e9196d712 d6c26d6d79d74ecfa0120f5f25074c29 a259990b88f34ba0bde0236293d45cbd - - - -] /var/lib/kolla/venv/lib/python3.12/site-packages/urllib3/connectionpool.py:1110: InsecureRequestWarning: Unverified HTTPS request is being made to host '[LB_IP_ADDRESS]'. Adding certificate verification is strongly advised. See: https://urllib3.readthedocs.io/en/latest/advanced-usage.html#tls-warnings
  warnings.warn(

2026-09-29 16:25:15.060 77 INFO cinder.volume.drivers.lightos [None req-8c0c19ba-fbed-4f3e-8419-c91e9196d712 d6c26d6d79d74ecfa0120f5f25074c29 a259990b88f34ba0bde0236293d45cbd - - - -] Invoking get_volume using GET url: /api/v2/projects/default/volumes/4f9594b9-a609-406c-8f59-a0ccff5e3a56             request.body: {} ssl_verify: False
2026-09-29 16:25:15.106 77 WARNING py.warnings [None req-8c0c19ba-fbed-4f3e-8419-c91e9196d712 d6c26d6d79d74ecfa0120f5f25074c29 a259990b88f34ba0bde0236293d45cbd - - - -] /var/lib/kolla/venv/lib/python3.12/site-packages/urllib3/connectionpool.py:1110: InsecureRequestWarning: Unverified HTTPS request is being made to host '[LB_IP_ADDRESS]'. Adding certificate verification is strongly advised. See: https://urllib3.readthedocs.io/en/latest/advanced-usage.html#tls-warnings
  warnings.warn(

2026-09-29 16:25:15.308 77 INFO cinder.volume.flows.manager.create_volume [None req-b69e662e-036c-40ca-8298-6883dd54ac2a d6c26d6d79d74ecfa0120f5f25074c29 a259990b88f34ba0bde0236293d45cbd - - - -] Volume 10079bee-107f-4677-aa6c-e9a5a3eb9f7c: being created as raw with specification: {'status': 'creating', 'volume_name': 'vol_10079bee-107f-4677-aa6c-e9a5a3eb9f7c', 'volume_size': 1}
2026-09-29 16:25:15.309 77 INFO cinder.volume.drivers.lightos [None req-b69e662e-036c-40ca-8298-6883dd54ac2a d6c26d6d79d74ecfa0120f5f25074c29 a259990b88f34ba0bde0236293d45cbd - - - -] Invoking get_volume_by_name using GET url: /api/v2/projects/default/volumes/?name=vol_10079bee-107f-4677-aa6c-e9a5a3eb9f7c             request.body: {} ssl_verify: False
2026-09-29 16:25:15.344 77 WARNING py.warnings [None req-b69e662e-036c-40ca-8298-6883dd54ac2a d6c26d6d79d74ecfa0120f5f25074c29 a259990b88f34ba0bde0236293d45cbd - - - -] /var/lib/kolla/venv/lib/python3.12/site-packages/urllib3/connectionpool.py:1110: InsecureRequestWarning: Unverified HTTPS request is being made to host '[LB_IP_ADDRESS]'. Adding certificate verification is strongly advised. See: https://urllib3.readthedocs.io/en/latest/advanced-usage.html#tls-warnings
  warnings.warn(

2026-09-29 16:25:15.356 77 INFO cinder.volume.drivers.lightos [None req-b69e662e-036c-40ca-8298-6883dd54ac2a d6c26d6d79d74ecfa0120f5f25074c29 a259990b88f34ba0bde0236293d45cbd - - - -] Invoking create_volume using POST url: /api/v2/projects/default/volumes             request.body: {'name': 'vol_10079bee-107f-4677-aa6c-e9a5a3eb9f7c', 'size': '1 gib', 'replicaCount': '3', 'compression': 'False', 'acl': {'values': ['ALLOW_NONE']}, 'IPAcl': {'values': ['ALLOW_NONE']}, 'sourceSnapshotUUID': None, 'sourceSnapshotName': None} ssl_verify: False
2026-09-29 16:25:15.402 77 WARNING py.warnings [None req-b69e662e-036c-40ca-8298-6883dd54ac2a d6c26d6d79d74ecfa0120f5f25074c29 a259990b88f34ba0bde0236293d45cbd - - - -] /var/lib/kolla/venv/lib/python3.12/site-packages/urllib3/connectionpool.py:1110: InsecureRequestWarning: Unverified HTTPS request is being made to host '[LB_IP_ADDRESS]'. Adding certificate verification is strongly advised. See: https://urllib3.readthedocs.io/en/latest/advanced-usage.html#tls-warnings
  warnings.warn(

2026-09-29 16:25:15.427 77 INFO cinder.volume.drivers.lightos [None req-b69e662e-036c-40ca-8298-6883dd54ac2a d6c26d6d79d74ecfa0120f5f25074c29 a259990b88f34ba0bde0236293d45cbd - - - -] Invoking get_volume using GET url: /api/v2/projects/default/volumes/dacf4d49-0b72-4fa2-859b-9cab1f68b616             request.body: {} ssl_verify: False
2026-09-29 16:25:15.491 77 WARNING py.warnings [None req-b69e662e-036c-40ca-8298-6883dd54ac2a d6c26d6d79d74ecfa0120f5f25074c29 a259990b88f34ba0bde0236293d45cbd - - - -] /var/lib/kolla/venv/lib/python3.12/site-packages/urllib3/connectionpool.py:1110: InsecureRequestWarning: Unverified HTTPS request is being made to host '[LB_IP_ADDRESS]'. Adding certificate verification is strongly advised. See: https://urllib3.readthedocs.io/en/latest/advanced-usage.html#tls-warnings
  warnings.warn(

2026-09-29 16:25:15.674 77 INFO cinder.volume.flows.manager.create_volume [None req-59c8f364-2d71-46fd-8564-4a5eb7ef5327 d6c26d6d79d74ecfa0120f5f25074c29 a259990b88f34ba0bde0236293d45cbd - - - -] Volume 5bac5bbc-f3fc-44fb-856d-520091d6aa05: being created as raw with specification: {'status': 'creating', 'volume_name': 'vol_5bac5bbc-f3fc-44fb-856d-520091d6aa05', 'volume_size': 1}
2026-09-29 16:25:15.674 77 INFO cinder.volume.drivers.lightos [None req-59c8f364-2d71-46fd-8564-4a5eb7ef5327 d6c26d6d79d74ecfa0120f5f25074c29 a259990b88f34ba0bde0236293d45cbd - - - -] Invoking get_volume_by_name using GET url: /api/v2/projects/default/volumes/?name=vol_5bac5bbc-f3fc-44fb-856d-520091d6aa05             request.body: {} ssl_verify: False
2026-09-29 16:25:15.723 77 WARNING py.warnings [None req-59c8f364-2d71-46fd-8564-4a5eb7ef5327 d6c26d6d79d74ecfa0120f5f25074c29 a259990b88f34ba0bde0236293d45cbd - - - -] /var/lib/kolla/venv/lib/python3.12/site-packages/urllib3/connectionpool.py:1110: InsecureRequestWarning: Unverified HTTPS request is being made to host '[LB_IP_ADDRESS]'. Adding certificate verification is strongly advised. See: https://urllib3.readthedocs.io/en/latest/advanced-usage.html#tls-warnings
  warnings.warn(

2026-09-29 16:25:15.740 77 INFO cinder.volume.flows.manager.create_volume [None req-4063239c-1741-4af7-ac42-d341fcbe8e38 37236b99d58d4dbf998a6dd273b691b7 06e2fa12018f4ab084498afca9ef819b - - - -] Volume 9475ce6a-ffb0-420f-9be1-9cca9c3b13c7: being created as raw with specification: {'status': 'creating', 'volume_name': 'vol_9475ce6a-ffb0-420f-9be1-9cca9c3b13c7', 'volume_size': 1}
2026-09-29 16:25:15.741 77 INFO cinder.volume.drivers.lightos [None req-4063239c-1741-4af7-ac42-d341fcbe8e38 37236b99d58d4dbf998a6dd273b691b7 06e2fa12018f4ab084498afca9ef819b - - - -] Invoking get_volume_by_name using GET url: /api/v2/projects/default/volumes/?name=vol_9475ce6a-ffb0-420f-9be1-9cca9c3b13c7             request.body: {} ssl_verify: False
2026-09-29 16:25:15.743 77 INFO cinder.volume.drivers.lightos [None req-59c8f364-2d71-46fd-8564-4a5eb7ef5327 d6c26d6d79d74ecfa0120f5f25074c29 a259990b88f34ba0bde0236293d45cbd - - - -] Invoking create_volume using POST url: /api/v2/projects/default/volumes             request.body: {'name': 'vol_5bac5bbc-f3fc-44fb-856d-520091d6aa05', 'size': '1 gib', 'replicaCount': '3', 'compression': 'False', 'acl': {'values': ['ALLOW_NONE']}, 'IPAcl': {'values': ['ALLOW_NONE']}, 'sourceSnapshotUUID': None, 'sourceSnapshotName': None} ssl_verify: False
2026-09-29 16:25:15.745 77 INFO cinder.volume.drivers.lightos [None req-5aa2e432-d83f-426a-b86f-591d1c4a7a28 c54c3a060c2147deb44a50d17a18afd5 25d9fe2baee44a44a051bb8fdcf72e0e - - - -] Invoking get_snapshot_by_name using GET url: /api/v2/projects/default/snapshots/?Name=snapshot-fbb9e15f-e3c1-4eb1-afab-c80a5ab441f6             request.body: {} ssl_verify: False
2026-09-29 16:25:15.800 77 WARNING py.warnings [None req-59c8f364-2d71-46fd-8564-4a5eb7ef5327 d6c26d6d79d74ecfa0120f5f25074c29 a259990b88f34ba0bde0236293d45cbd - - - -] /var/lib/kolla/venv/lib/python3.12/site-packages/urllib3/connectionpool.py:1110: InsecureRequestWarning: Unverified HTTPS request is being made to host '[LB_IP_ADDRESS]'. Adding certificate verification is strongly advised. See: https://urllib3.readthedocs.io/en/latest/advanced-usage.html#tls-warnings
  warnings.warn(

2026-09-29 16:25:15.827 77 WARNING py.warnings [None req-4063239c-1741-4af7-ac42-d341fcbe8e38 37236b99d58d4dbf998a6dd273b691b7 06e2fa12018f4ab084498afca9ef819b - - - -] /var/lib/kolla/venv/lib/python3.12/site-packages/urllib3/connectionpool.py:1110: InsecureRequestWarning: Unverified HTTPS request is being made to host '[LB_IP_ADDRESS]'. Adding certificate verification is strongly advised. See: https://urllib3.readthedocs.io/en/latest/advanced-usage.html#tls-warnings
  warnings.warn(

2026-09-29 16:25:15.839 77 WARNING py.warnings [None req-5aa2e432-d83f-426a-b86f-591d1c4a7a28 c54c3a060c2147deb44a50d17a18afd5 25d9fe2baee44a44a051bb8fdcf72e0e - - - -] /var/lib/kolla/venv/lib/python3.12/site-packages/urllib3/connectionpool.py:1110: InsecureRequestWarning: Unverified HTTPS request is being made to host '[LB_IP_ADDRESS]'. Adding certificate verification is strongly advised. See: https://urllib3.readthedocs.io/en/latest/advanced-usage.html#tls-warnings
  warnings.warn(

2026-09-29 16:25:15.848 77 INFO cinder.volume.drivers.lightos [None req-59c8f364-2d71-46fd-8564-4a5eb7ef5327 d6c26d6d79d74ecfa0120f5f25074c29 a259990b88f34ba0bde0236293d45cbd - - - -] Invoking get_volume using GET url: /api/v2/projects/default/volumes/5efbac4e-461c-4409-b53f-135b73222c5f             request.body: {} ssl_verify: False
2026-09-29 16:25:15.884 77 INFO cinder.volume.drivers.lightos [None req-5aa2e432-d83f-426a-b86f-591d1c4a7a28 c54c3a060c2147deb44a50d17a18afd5 25d9fe2baee44a44a051bb8fdcf72e0e - - - -] Invoking create_snapshot using POST url: /api/v2/projects/default/snapshots             request.body: {'name': 'snapshot-fbb9e15f-e3c1-4eb1-afab-c80a5ab441f6', 'sourceVolumeUUID': None, 'sourceVolumeName': 'vol_6692da2d-53ac-49f0-8e5a-73325c1be2be'} ssl_verify: False
2026-09-29 16:25:15.886 77 INFO cinder.volume.drivers.lightos [None req-4063239c-1741-4af7-ac42-d341fcbe8e38 37236b99d58d4dbf998a6dd273b691b7 06e2fa12018f4ab084498afca9ef819b - - - -] Invoking create_volume using POST url: /api/v2/projects/default/volumes             request.body: {'name': 'vol_9475ce6a-ffb0-420f-9be1-9cca9c3b13c7', 'size': '1 gib', 'replicaCount': '3', 'compression': 'False', 'acl': {'values': ['ALLOW_NONE']}, 'IPAcl': {'values': ['ALLOW_NONE']}, 'sourceSnapshotUUID': None, 'sourceSnapshotName': None} ssl_verify: False
2026-09-29 16:25:15.942 77 WARNING py.warnings [None req-59c8f364-2d71-46fd-8564-4a5eb7ef5327 d6c26d6d79d74ecfa0120f5f25074c29 a259990b88f34ba0bde0236293d45cbd - - - -] /var/lib/kolla/venv/lib/python3.12/site-packages/urllib3/connectionpool.py:1110: InsecureRequestWarning: Unverified HTTPS request is being made to host '[LB_IP_ADDRESS]'. Adding certificate verification is strongly advised. See: https://urllib3.readthedocs.io/en/latest/advanced-usage.html#tls-warnings
  warnings.warn(

2026-09-29 16:25:15.943 77 WARNING py.warnings [None req-5aa2e432-d83f-426a-b86f-591d1c4a7a28 c54c3a060c2147deb44a50d17a18afd5 25d9fe2baee44a44a051bb8fdcf72e0e - - - -] /var/lib/kolla/venv/lib/python3.12/site-packages/urllib3/connectionpool.py:1110: InsecureRequestWarning: Unverified HTTPS request is being made to host '[LB_IP_ADDRESS]'. Adding certificate verification is strongly advised. See: https://urllib3.readthedocs.io/en/latest/advanced-usage.html#tls-warnings
  warnings.warn(

2026-09-29 16:25:15.946 77 WARNING py.warnings [None req-4063239c-1741-4af7-ac42-d341fcbe8e38 37236b99d58d4dbf998a6dd273b691b7 06e2fa12018f4ab084498afca9ef819b - - - -] /var/lib/kolla/venv/lib/python3.12/site-packages/urllib3/connectionpool.py:1110: InsecureRequestWarning: Unverified HTTPS request is being made to host '[LB_IP_ADDRESS]'. Adding certificate verification is strongly advised. See: https://urllib3.readthedocs.io/en/latest/advanced-usage.html#tls-warnings
  warnings.warn(

2026-09-29 16:25:15.983 77 INFO cinder.volume.flows.manager.create_volume [None req-59c8f364-2d71-46fd-8564-4a5eb7ef5327 d6c26d6d79d74ecfa0120f5f25074c29 a259990b88f34ba0bde0236293d45cbd - - - -] Volume vol_5bac5bbc-f3fc-44fb-856d-520091d6aa05 (5bac5bbc-f3fc-44fb-856d-520091d6aa05): created successfully
2026-09-29 16:25:15.991 77 INFO cinder.volume.drivers.lightos [None req-4063239c-1741-4af7-ac42-d341fcbe8e38 37236b99d58d4dbf998a6dd273b691b7 06e2fa12018f4ab084498afca9ef819b - - - -] Invoking get_volume using GET url: /api/v2/projects/default/volumes/53318a28-3529-4514-bea9-6e57bdd708d8             request.body: {} ssl_verify: False
2026-09-29 16:25:16.020 77 INFO cinder.volume.drivers.lightos [None req-5aa2e432-d83f-426a-b86f-591d1c4a7a28 c54c3a060c2147deb44a50d17a18afd5 25d9fe2baee44a44a051bb8fdcf72e0e - - - -] Invoking get_snapshot_by_name using GET url: /api/v2/projects/default/snapshots/?Name=snapshot-fbb9e15f-e3c1-4eb1-afab-c80a5ab441f6             request.body: {} ssl_verify: False
2026-09-29 16:25:16.049 77 WARNING py.warnings [None req-4063239c-1741-4af7-ac42-d341fcbe8e38 37236b99d58d4dbf998a6dd273b691b7 06e2fa12018f4ab084498afca9ef819b - - - -] /var/lib/kolla/venv/lib/python3.12/site-packages/urllib3/connectionpool.py:1110: InsecureRequestWarning: Unverified HTTPS request is being made to host '[LB_IP_ADDRESS]'. Adding certificate verification is strongly advised. See: https://urllib3.readthedocs.io/en/latest/advanced-usage.html#tls-warnings
  warnings.warn(

2026-09-29 16:25:16.052 77 INFO cinder.volume.manager [None req-59c8f364-2d71-46fd-8564-4a5eb7ef5327 d6c26d6d79d74ecfa0120f5f25074c29 a259990b88f34ba0bde0236293d45cbd - - - -] Created volume successfully.
2026-09-29 16:25:16.055 77 WARNING py.warnings [None req-5aa2e432-d83f-426a-b86f-591d1c4a7a28 c54c3a060c2147deb44a50d17a18afd5 25d9fe2baee44a44a051bb8fdcf72e0e - - - -] /var/lib/kolla/venv/lib/python3.12/site-packages/urllib3/connectionpool.py:1110: InsecureRequestWarning: Unverified HTTPS request is being made to host '[LB_IP_ADDRESS]'. Adding certificate verification is strongly advised. See: https://urllib3.readthedocs.io/en/latest/advanced-usage.html#tls-warnings
  warnings.warn(

2026-09-29 16:25:16.093 77 INFO cinder.volume.flows.manager.create_volume [None req-ac1116de-d06b-4a06-aafa-47130e08986c 37236b99d58d4dbf998a6dd273b691b7 06e2fa12018f4ab084498afca9ef819b - - - -] Volume f2507df0-044a-43a4-aacc-d1ecf7a8869c: being created as raw with specification: {'status': 'creating', 'volume_name': 'vol_f2507df0-044a-43a4-aacc-d1ecf7a8869c', 'volume_size': 1}
2026-09-29 16:25:16.094 77 INFO cinder.volume.drivers.lightos [None req-ac1116de-d06b-4a06-aafa-47130e08986c 37236b99d58d4dbf998a6dd273b691b7 06e2fa12018f4ab084498afca9ef819b - - - -] Invoking get_volume_by_name using GET url: /api/v2/projects/default/volumes/?name=vol_f2507df0-044a-43a4-aacc-d1ecf7a8869c             request.body: {} ssl_verify: False
2026-09-29 16:25:16.127 77 INFO cinder.volume.drivers.lightos [None req-8c0c19ba-fbed-4f3e-8419-c91e9196d712 d6c26d6d79d74ecfa0120f5f25074c29 a259990b88f34ba0bde0236293d45cbd - - - -] Invoking get_volume using GET url: /api/v2/projects/default/volumes/4f9594b9-a609-406c-8f59-a0ccff5e3a56             request.body: {} ssl_verify: False
2026-09-29 16:25:16.158 77 WARNING py.warnings [None req-ac1116de-d06b-4a06-aafa-47130e08986c 37236b99d58d4dbf998a6dd273b691b7 06e2fa12018f4ab084498afca9ef819b - - - -] /var/lib/kolla/venv/lib/python3.12/site-packages/urllib3/connectionpool.py:1110: InsecureRequestWarning: Unverified HTTPS request is being made to host '[LB_IP_ADDRESS]'. Adding certificate verification is strongly advised. See: https://urllib3.readthedocs.io/en/latest/advanced-usage.html#tls-warnings
  warnings.warn(

2026-09-29 16:25:16.166 77 WARNING py.warnings [None req-8c0c19ba-fbed-4f3e-8419-c91e9196d712 d6c26d6d79d74ecfa0120f5f25074c29 a259990b88f34ba0bde0236293d45cbd - - - -] /var/lib/kolla/venv/lib/python3.12/site-packages/urllib3/connectionpool.py:1110: InsecureRequestWarning: Unverified HTTPS request is being made to host '[LB_IP_ADDRESS]'. Adding certificate verification is strongly advised. See: https://urllib3.readthedocs.io/en/latest/advanced-usage.html#tls-warnings
  warnings.warn(

2026-09-29 16:25:16.172 77 INFO cinder.volume.drivers.lightos [None req-ac1116de-d06b-4a06-aafa-47130e08986c 37236b99d58d4dbf998a6dd273b691b7 06e2fa12018f4ab084498afca9ef819b - - - -] Invoking create_volume using POST url: /api/v2/projects/default/volumes             request.body: {'name': 'vol_f2507df0-044a-43a4-aacc-d1ecf7a8869c', 'size': '1 gib', 'replicaCount': '3', 'compression': 'False', 'acl': {'values': ['ALLOW_NONE']}, 'IPAcl': {'values': ['ALLOW_NONE']}, 'sourceSnapshotUUID': None, 'sourceSnapshotName': None} ssl_verify: False
2026-09-29 16:25:16.205 77 WARNING py.warnings [None req-ac1116de-d06b-4a06-aafa-47130e08986c 37236b99d58d4dbf998a6dd273b691b7 06e2fa12018f4ab084498afca9ef819b - - - -] /var/lib/kolla/venv/lib/python3.12/site-packages/urllib3/connectionpool.py:1110: InsecureRequestWarning: Unverified HTTPS request is being made to host '[LB_IP_ADDRESS]'. Adding certificate verification is strongly advised. See: https://urllib3.readthedocs.io/en/latest/advanced-usage.html#tls-warnings
  warnings.warn(

2026-09-29 16:25:16.212 77 INFO cinder.volume.flows.manager.create_volume [None req-8c0c19ba-fbed-4f3e-8419-c91e9196d712 d6c26d6d79d74ecfa0120f5f25074c29 a259990b88f34ba0bde0236293d45cbd - - - -] Volume vol_4ce01598-cb4e-494c-8dcd-37a3e697000d (4ce01598-cb4e-494c-8dcd-37a3e697000d): created successfully
2026-09-29 16:25:16.219 77 INFO cinder.volume.manager [None req-8c0c19ba-fbed-4f3e-8419-c91e9196d712 d6c26d6d79d74ecfa0120f5f25074c29 a259990b88f34ba0bde0236293d45cbd - - - -] Created volume successfully.
2026-09-29 16:25:16.223 77 INFO cinder.volume.drivers.lightos [None req-ac1116de-d06b-4a06-aafa-47130e08986c 37236b99d58d4dbf998a6dd273b691b7 06e2fa12018f4ab084498afca9ef819b - - - -] Invoking get_volume using GET url: /api/v2/projects/default/volumes/3b2b6fe4-2c88-4ac1-a056-7a3e3dc52067             request.body: {} ssl_verify: False
2026-09-29 16:25:16.264 77 WARNING py.warnings [None req-ac1116de-d06b-4a06-aafa-47130e08986c 37236b99d58d4dbf998a6dd273b691b7 06e2fa12018f4ab084498afca9ef819b - - - -] /var/lib/kolla/venv/lib/python3.12/site-packages/urllib3/connectionpool.py:1110: InsecureRequestWarning: Unverified HTTPS request is being made to host '[LB_IP_ADDRESS]'. Adding certificate verification is strongly advised. See: https://urllib3.readthedocs.io/en/latest/advanced-usage.html#tls-warnings
  warnings.warn(

2026-09-29 16:25:16.380 77 INFO cinder.volume.flows.manager.create_volume [None req-ac1116de-d06b-4a06-aafa-47130e08986c 37236b99d58d4dbf998a6dd273b691b7 06e2fa12018f4ab084498afca9ef819b - - - -] Volume vol_f2507df0-044a-43a4-aacc-d1ecf7a8869c (f2507df0-044a-43a4-aacc-d1ecf7a8869c): created successfully
2026-09-29 16:25:16.395 77 INFO cinder.volume.manager [None req-ac1116de-d06b-4a06-aafa-47130e08986c 37236b99d58d4dbf998a6dd273b691b7 06e2fa12018f4ab084498afca9ef819b - - - -] Created volume successfully.
2026-09-29 16:25:16.412 77 INFO cinder.volume.flows.manager.create_volume [None req-3cfffb1c-50f7-4079-921b-878f071fd88a 37236b99d58d4dbf998a6dd273b691b7 06e2fa12018f4ab084498afca9ef819b - - - -] Volume d9cc6431-99ec-4b07-9bd9-02323809d8db: being created as raw with specification: {'status': 'creating', 'volume_name': 'vol_d9cc6431-99ec-4b07-9bd9-02323809d8db', 'volume_size': 1}
2026-09-29 16:25:16.412 77 INFO cinder.volume.drivers.lightos [None req-3cfffb1c-50f7-4079-921b-878f071fd88a 37236b99d58d4dbf998a6dd273b691b7 06e2fa12018f4ab084498afca9ef819b - - - -] Invoking get_volume_by_name using GET url: /api/v2/projects/default/volumes/?name=vol_d9cc6431-99ec-4b07-9bd9-02323809d8db             request.body: {} ssl_verify: False
2026-09-29 16:25:16.445 77 WARNING py.warnings [None req-3cfffb1c-50f7-4079-921b-878f071fd88a 37236b99d58d4dbf998a6dd273b691b7 06e2fa12018f4ab084498afca9ef819b - - - -] /var/lib/kolla/venv/lib/python3.12/site-packages/urllib3/connectionpool.py:1110: InsecureRequestWarning: Unverified HTTPS request is being made to host '[LB_IP_ADDRESS]'. Adding certificate verification is strongly advised. See: https://urllib3.readthedocs.io/en/latest/advanced-usage.html#tls-warnings
  warnings.warn(

2026-09-29 16:25:16.452 77 INFO cinder.volume.drivers.lightos [None req-3cfffb1c-50f7-4079-921b-878f071fd88a 37236b99d58d4dbf998a6dd273b691b7 06e2fa12018f4ab084498afca9ef819b - - - -] Invoking create_volume using POST url: /api/v2/projects/default/volumes             request.body: {'name': 'vol_d9cc6431-99ec-4b07-9bd9-02323809d8db', 'size': '1 gib', 'replicaCount': '3', 'compression': 'False', 'acl': {'values': ['ALLOW_NONE']}, 'IPAcl': {'values': ['ALLOW_NONE']}, 'sourceSnapshotUUID': None, 'sourceSnapshotName': None} ssl_verify: False
2026-09-29 16:25:16.493 77 WARNING py.warnings [None req-3cfffb1c-50f7-4079-921b-878f071fd88a 37236b99d58d4dbf998a6dd273b691b7 06e2fa12018f4ab084498afca9ef819b - - - -] /var/lib/kolla/venv/lib/python3.12/site-packages/urllib3/connectionpool.py:1110: InsecureRequestWarning: Unverified HTTPS request is being made to host '[LB_IP_ADDRESS]'. Adding certificate verification is strongly advised. See: https://urllib3.readthedocs.io/en/latest/advanced-usage.html#tls-warnings
  warnings.warn(

2026-09-29 16:25:16.528 77 INFO cinder.volume.drivers.lightos [None req-3cfffb1c-50f7-4079-921b-878f071fd88a 37236b99d58d4dbf998a6dd273b691b7 06e2fa12018f4ab084498afca9ef819b - - - -] Invoking get_volume using GET url: /api/v2/projects/default/volumes/00db3e0c-39b4-4410-9a91-bcc1c5d647ef             request.body: {} ssl_verify: False
2026-09-29 16:25:16.564 77 INFO cinder.volume.drivers.lightos [None req-b69e662e-036c-40ca-8298-6883dd54ac2a d6c26d6d79d74ecfa0120f5f25074c29 a259990b88f34ba0bde0236293d45cbd - - - -] Invoking get_volume using GET url: /api/v2/projects/default/volumes/dacf4d49-0b72-4fa2-859b-9cab1f68b616             request.body: {} ssl_verify: False
2026-09-29 16:25:16.594 77 WARNING py.warnings [None req-3cfffb1c-50f7-4079-921b-878f071fd88a 37236b99d58d4dbf998a6dd273b691b7 06e2fa12018f4ab084498afca9ef819b - - - -] /var/lib/kolla/venv/lib/python3.12/site-packages/urllib3/connectionpool.py:1110: InsecureRequestWarning: Unverified HTTPS request is being made to host '[LB_IP_ADDRESS]'. Adding certificate verification is strongly advised. See: https://urllib3.readthedocs.io/en/latest/advanced-usage.html#tls-warnings
  warnings.warn(

2026-09-29 16:25:16.598 77 WARNING py.warnings [None req-b69e662e-036c-40ca-8298-6883dd54ac2a d6c26d6d79d74ecfa0120f5f25074c29 a259990b88f34ba0bde0236293d45cbd - - - -] /var/lib/kolla/venv/lib/python3.12/site-packages/urllib3/connectionpool.py:1110: InsecureRequestWarning: Unverified HTTPS request is being made to host '[LB_IP_ADDRESS]'. Adding certificate verification is strongly advised. See: https://urllib3.readthedocs.io/en/latest/advanced-usage.html#tls-warnings
  warnings.warn(

2026-09-29 16:25:16.625 77 INFO cinder.volume.flows.manager.create_volume [None req-3cfffb1c-50f7-4079-921b-878f071fd88a 37236b99d58d4dbf998a6dd273b691b7 06e2fa12018f4ab084498afca9ef819b - - - -] Volume vol_d9cc6431-99ec-4b07-9bd9-02323809d8db (d9cc6431-99ec-4b07-9bd9-02323809d8db): created successfully
2026-09-29 16:25:16.631 77 INFO cinder.volume.flows.manager.create_volume [None req-b69e662e-036c-40ca-8298-6883dd54ac2a d6c26d6d79d74ecfa0120f5f25074c29 a259990b88f34ba0bde0236293d45cbd - - - -] Volume vol_10079bee-107f-4677-aa6c-e9a5a3eb9f7c (10079bee-107f-4677-aa6c-e9a5a3eb9f7c): created successfully
2026-09-29 16:25:16.636 77 INFO cinder.volume.manager [None req-3cfffb1c-50f7-4079-921b-878f071fd88a 37236b99d58d4dbf998a6dd273b691b7 06e2fa12018f4ab084498afca9ef819b - - - -] Created volume successfully.
2026-09-29 16:25:16.639 77 INFO cinder.volume.manager [None req-b69e662e-036c-40ca-8298-6883dd54ac2a d6c26d6d79d74ecfa0120f5f25074c29 a259990b88f34ba0bde0236293d45cbd - - - -] Created volume successfully.
2026-09-29 16:25:16.960 77 INFO cinder.volume.drivers.lightos [None req-2e205a43-3922-4adf-a4a8-fbdefd2df4f4 d6c26d6d79d74ecfa0120f5f25074c29 a259990b88f34ba0bde0236293d45cbd - - default default] Invoking delete_volume using DELETE url: /api/v2/projects/default/volumes/5efbac4e-461c-4409-b53f-135b73222c5f?             request.body:  ssl_verify: False
2026-09-29 16:25:16.996 77 WARNING py.warnings [None req-2e205a43-3922-4adf-a4a8-fbdefd2df4f4 d6c26d6d79d74ecfa0120f5f25074c29 a259990b88f34ba0bde0236293d45cbd - - default default] /var/lib/kolla/venv/lib/python3.12/site-packages/urllib3/connectionpool.py:1110: InsecureRequestWarning: Unverified HTTPS request is being made to host '[LB_IP_ADDRESS]'. Adding certificate verification is strongly advised. See: https://urllib3.readthedocs.io/en/latest/advanced-usage.html#tls-warnings
  warnings.warn(

2026-09-29 16:25:17.022 77 INFO cinder.volume.drivers.lightos [None req-2e205a43-3922-4adf-a4a8-fbdefd2df4f4 d6c26d6d79d74ecfa0120f5f25074c29 a259990b88f34ba0bde0236293d45cbd - - default default] Invoking get_volume using GET url: /api/v2/projects/default/volumes/5efbac4e-461c-4409-b53f-135b73222c5f             request.body: {} ssl_verify: False
2026-09-29 16:25:17.069 77 WARNING py.warnings [None req-2e205a43-3922-4adf-a4a8-fbdefd2df4f4 d6c26d6d79d74ecfa0120f5f25074c29 a259990b88f34ba0bde0236293d45cbd - - default default] /var/lib/kolla/venv/lib/python3.12/site-packages/urllib3/connectionpool.py:1110: InsecureRequestWarning: Unverified HTTPS request is being made to host '[LB_IP_ADDRESS]'. Adding certificate verification is strongly advised. See: https://urllib3.readthedocs.io/en/latest/advanced-usage.html#tls-warnings
  warnings.warn(

2026-09-29 16:25:17.079 77 INFO cinder.volume.drivers.lightos [None req-4063239c-1741-4af7-ac42-d341fcbe8e38 37236b99d58d4dbf998a6dd273b691b7 06e2fa12018f4ab084498afca9ef819b - - - -] Invoking get_volume using GET url: /api/v2/projects/default/volumes/53318a28-3529-4514-bea9-6e57bdd708d8             request.body: {} ssl_verify: False
2026-09-29 16:25:17.107 77 INFO cinder.volume.drivers.lightos [None req-5aa2e432-d83f-426a-b86f-591d1c4a7a28 c54c3a060c2147deb44a50d17a18afd5 25d9fe2baee44a44a051bb8fdcf72e0e - - - -] Invoking get_snapshot_by_name using GET url: /api/v2/projects/default/snapshots/?Name=snapshot-fbb9e15f-e3c1-4eb1-afab-c80a5ab441f6             request.body: {} ssl_verify: False
2026-09-29 16:25:17.135 77 WARNING py.warnings [None req-4063239c-1741-4af7-ac42-d341fcbe8e38 37236b99d58d4dbf998a6dd273b691b7 06e2fa12018f4ab084498afca9ef819b - - - -] /var/lib/kolla/venv/lib/python3.12/site-packages/urllib3/connectionpool.py:1110: InsecureRequestWarning: Unverified HTTPS request is being made to host '[LB_IP_ADDRESS]'. Adding certificate verification is strongly advised. See: https://urllib3.readthedocs.io/en/latest/advanced-usage.html#tls-warnings
  warnings.warn(

2026-09-29 16:25:17.141 77 WARNING py.warnings [None req-5aa2e432-d83f-426a-b86f-591d1c4a7a28 c54c3a060c2147deb44a50d17a18afd5 25d9fe2baee44a44a051bb8fdcf72e0e - - - -] /var/lib/kolla/venv/lib/python3.12/site-packages/urllib3/connectionpool.py:1110: InsecureRequestWarning: Unverified HTTPS request is being made to host '[LB_IP_ADDRESS]'. Adding certificate verification is strongly advised. See: https://urllib3.readthedocs.io/en/latest/advanced-usage.html#tls-warnings
  warnings.warn(

2026-09-29 16:25:17.172 77 INFO cinder.volume.flows.manager.create_volume [None req-fcc1c092-6ced-4161-8f0c-3e55116c2082 37236b99d58d4dbf998a6dd273b691b7 06e2fa12018f4ab084498afca9ef819b - - - -] Volume 3cb50eb8-0cd1-4b3e-be6e-fe0f86ff76ac: being created as raw with specification: {'status': 'creating', 'volume_name': 'vol_3cb50eb8-0cd1-4b3e-be6e-fe0f86ff76ac', 'volume_size': 1}
2026-09-29 16:25:17.172 77 INFO cinder.volume.drivers.lightos [None req-fcc1c092-6ced-4161-8f0c-3e55116c2082 37236b99d58d4dbf998a6dd273b691b7 06e2fa12018f4ab084498afca9ef819b - - - -] Invoking get_volume_by_name using GET url: /api/v2/projects/default/volumes/?name=vol_3cb50eb8-0cd1-4b3e-be6e-fe0f86ff76ac             request.body: {} ssl_verify: False
2026-09-29 16:25:17.208 77 INFO cinder.volume.flows.manager.create_volume [None req-4063239c-1741-4af7-ac42-d341fcbe8e38 37236b99d58d4dbf998a6dd273b691b7 06e2fa12018f4ab084498afca9ef819b - - - -] Volume vol_9475ce6a-ffb0-420f-9be1-9cca9c3b13c7 (9475ce6a-ffb0-420f-9be1-9cca9c3b13c7): created successfully
2026-09-29 16:25:17.216 77 WARNING py.warnings [None req-fcc1c092-6ced-4161-8f0c-3e55116c2082 37236b99d58d4dbf998a6dd273b691b7 06e2fa12018f4ab084498afca9ef819b - - - -] /var/lib/kolla/venv/lib/python3.12/site-packages/urllib3/connectionpool.py:1110: InsecureRequestWarning: Unverified HTTPS request is being made to host '[LB_IP_ADDRESS]'. Adding certificate verification is strongly advised. See: https://urllib3.readthedocs.io/en/latest/advanced-usage.html#tls-warnings
  warnings.warn(

2026-09-29 16:25:17.237 77 INFO cinder.volume.drivers.lightos [None req-fcc1c092-6ced-4161-8f0c-3e55116c2082 37236b99d58d4dbf998a6dd273b691b7 06e2fa12018f4ab084498afca9ef819b - - - -] Invoking create_volume using POST url: /api/v2/projects/default/volumes             request.body: {'name': 'vol_3cb50eb8-0cd1-4b3e-be6e-fe0f86ff76ac', 'size': '1 gib', 'replicaCount': '3', 'compression': 'False', 'acl': {'values': ['ALLOW_NONE']}, 'IPAcl': {'values': ['ALLOW_NONE']}, 'sourceSnapshotUUID': None, 'sourceSnapshotName': None} ssl_verify: False
2026-09-29 16:25:17.238 77 INFO cinder.volume.manager [None req-4063239c-1741-4af7-ac42-d341fcbe8e38 37236b99d58d4dbf998a6dd273b691b7 06e2fa12018f4ab084498afca9ef819b - - - -] Created volume successfully.
2026-09-29 16:25:17.266 77 INFO cinder.volume.manager [None req-5aa2e432-d83f-426a-b86f-591d1c4a7a28 c54c3a060c2147deb44a50d17a18afd5 25d9fe2baee44a44a051bb8fdcf72e0e - - - -] Create snapshot completed successfully
2026-09-29 16:25:17.272 77 WARNING py.warnings [None req-fcc1c092-6ced-4161-8f0c-3e55116c2082 37236b99d58d4dbf998a6dd273b691b7 06e2fa12018f4ab084498afca9ef819b - - - -] /var/lib/kolla/venv/lib/python3.12/site-packages/urllib3/connectionpool.py:1110: InsecureRequestWarning: Unverified HTTPS request is being made to host '[LB_IP_ADDRESS]'. Adding certificate verification is strongly advised. See: https://urllib3.readthedocs.io/en/latest/advanced-usage.html#tls-warnings
  warnings.warn(

2026-09-29 16:25:17.312 77 INFO cinder.volume.drivers.lightos [None req-fcc1c092-6ced-4161-8f0c-3e55116c2082 37236b99d58d4dbf998a6dd273b691b7 06e2fa12018f4ab084498afca9ef819b - - - -] Invoking get_volume using GET url: /api/v2/projects/default/volumes/3c63e35e-f542-4f65-b5ee-afa0636eb6a2             request.body: {} ssl_verify: False
2026-09-29 16:25:17.314 77 INFO cinder.volume.manager [None req-2e205a43-3922-4adf-a4a8-fbdefd2df4f4 d6c26d6d79d74ecfa0120f5f25074c29 a259990b88f34ba0bde0236293d45cbd - - default default] Deleted volume successfully.
2026-09-29 16:25:17.361 77 WARNING py.warnings [None req-fcc1c092-6ced-4161-8f0c-3e55116c2082 37236b99d58d4dbf998a6dd273b691b7 06e2fa12018f4ab084498afca9ef819b - - - -] /var/lib/kolla/venv/lib/python3.12/site-packages/urllib3/connectionpool.py:1110: InsecureRequestWarning: Unverified HTTPS request is being made to host '[LB_IP_ADDRESS]'. Adding certificate verification is strongly advised. See: https://urllib3.readthedocs.io/en/latest/advanced-usage.html#tls-warnings
  warnings.warn(

2026-09-29 16:25:17.490 77 INFO cinder.volume.flows.manager.create_volume [None req-0e9c65d0-44be-4de0-9c26-fd21570cbba7 37236b99d58d4dbf998a6dd273b691b7 06e2fa12018f4ab084498afca9ef819b - - - -] Volume 89f1bcab-d0af-4ef3-b9ab-e62a7d9af350: being created as raw with specification: {'status': 'creating', 'volume_name': 'vol_89f1bcab-d0af-4ef3-b9ab-e62a7d9af350', 'volume_size': 1}
2026-09-29 16:25:17.491 77 INFO cinder.volume.drivers.lightos [None req-0e9c65d0-44be-4de0-9c26-fd21570cbba7 37236b99d58d4dbf998a6dd273b691b7 06e2fa12018f4ab084498afca9ef819b - - - -] Invoking get_volume_by_name using GET url: /api/v2/projects/default/volumes/?name=vol_89f1bcab-d0af-4ef3-b9ab-e62a7d9af350             request.body: {} ssl_verify: False
2026-09-29 16:25:17.528 77 WARNING py.warnings [None req-0e9c65d0-44be-4de0-9c26-fd21570cbba7 37236b99d58d4dbf998a6dd273b691b7 06e2fa12018f4ab084498afca9ef819b - - - -] /var/lib/kolla/venv/lib/python3.12/site-packages/urllib3/connectionpool.py:1110: InsecureRequestWarning: Unverified HTTPS request is being made to host '[LB_IP_ADDRESS]'. Adding certificate verification is strongly advised. See: https://urllib3.readthedocs.io/en/latest/advanced-usage.html#tls-warnings
  warnings.warn(

2026-09-29 16:25:17.556 77 INFO cinder.volume.drivers.lightos [None req-0e9c65d0-44be-4de0-9c26-fd21570cbba7 37236b99d58d4dbf998a6dd273b691b7 06e2fa12018f4ab084498afca9ef819b - - - -] Invoking create_volume using POST url: /api/v2/projects/default/volumes             request.body: {'name': 'vol_89f1bcab-d0af-4ef3-b9ab-e62a7d9af350', 'size': '1 gib', 'replicaCount': '3', 'compression': 'False', 'acl': {'values': ['ALLOW_NONE']}, 'IPAcl': {'values': ['ALLOW_NONE']}, 'sourceSnapshotUUID': None, 'sourceSnapshotName': None} ssl_verify: False
2026-09-29 16:25:17.608 77 WARNING py.warnings [None req-0e9c65d0-44be-4de0-9c26-fd21570cbba7 37236b99d58d4dbf998a6dd273b691b7 06e2fa12018f4ab084498afca9ef819b - - - -] /var/lib/kolla/venv/lib/python3.12/site-packages/urllib3/connectionpool.py:1110: InsecureRequestWarning: Unverified HTTPS request is being made to host '[LB_IP_ADDRESS]'. Adding certificate verification is strongly advised. See: https://urllib3.readthedocs.io/en/latest/advanced-usage.html#tls-warnings
  warnings.warn(

2026-09-29 16:25:17.633 77 INFO cinder.volume.drivers.lightos [None req-0e9c65d0-44be-4de0-9c26-fd21570cbba7 37236b99d58d4dbf998a6dd273b691b7 06e2fa12018f4ab084498afca9ef819b - - - -] Invoking get_volume using GET url: /api/v2/projects/default/volumes/bfd06d86-8f5e-4422-bb1f-84ec9d84ea11             request.body: {} ssl_verify: False
2026-09-29 16:25:17.681 77 WARNING py.warnings [None req-0e9c65d0-44be-4de0-9c26-fd21570cbba7 37236b99d58d4dbf998a6dd273b691b7 06e2fa12018f4ab084498afca9ef819b - - - -] /var/lib/kolla/venv/lib/python3.12/site-packages/urllib3/connectionpool.py:1110: InsecureRequestWarning: Unverified HTTPS request is being made to host '[LB_IP_ADDRESS]'. Adding certificate verification is strongly advised. See: https://urllib3.readthedocs.io/en/latest/advanced-usage.html#tls-warnings
  warnings.warn(

2026-09-29 16:25:17.710 77 INFO cinder.volume.flows.manager.create_volume [None req-0e9c65d0-44be-4de0-9c26-fd21570cbba7 37236b99d58d4dbf998a6dd273b691b7 06e2fa12018f4ab084498afca9ef819b - - - -] Volume vol_89f1bcab-d0af-4ef3-b9ab-e62a7d9af350 (89f1bcab-d0af-4ef3-b9ab-e62a7d9af350): created successfully
2026-09-29 16:25:17.718 77 INFO cinder.volume.manager [None req-0e9c65d0-44be-4de0-9c26-fd21570cbba7 37236b99d58d4dbf998a6dd273b691b7 06e2fa12018f4ab084498afca9ef819b - - - -] Created volume successfully.
2026-09-29 16:25:18.085 77 INFO cinder.volume.drivers.lightos [None req-2b82d1f6-49a8-4e6f-a3ea-01c0106dfbce d6c26d6d79d74ecfa0120f5f25074c29 a259990b88f34ba0bde0236293d45cbd - - default default] Invoking delete_volume using DELETE url: /api/v2/projects/default/volumes/dacf4d49-0b72-4fa2-859b-9cab1f68b616?             request.body:  ssl_verify: False
2026-09-29 16:25:18.122 77 WARNING py.warnings [None req-2b82d1f6-49a8-4e6f-a3ea-01c0106dfbce d6c26d6d79d74ecfa0120f5f25074c29 a259990b88f34ba0bde0236293d45cbd - - default default] /var/lib/kolla/venv/lib/python3.12/site-packages/urllib3/connectionpool.py:1110: InsecureRequestWarning: Unverified HTTPS request is being made to host '[LB_IP_ADDRESS]'. Adding certificate verification is strongly advised. See: https://urllib3.readthedocs.io/en/latest/advanced-usage.html#tls-warnings
  warnings.warn(

2026-09-29 16:25:18.151 77 INFO cinder.volume.drivers.lightos [None req-2b82d1f6-49a8-4e6f-a3ea-01c0106dfbce d6c26d6d79d74ecfa0120f5f25074c29 a259990b88f34ba0bde0236293d45cbd - - default default] Invoking get_volume using GET url: /api/v2/projects/default/volumes/dacf4d49-0b72-4fa2-859b-9cab1f68b616             request.body: {} ssl_verify: False
2026-09-29 16:25:18.195 77 WARNING py.warnings [None req-2b82d1f6-49a8-4e6f-a3ea-01c0106dfbce d6c26d6d79d74ecfa0120f5f25074c29 a259990b88f34ba0bde0236293d45cbd - - default default] /var/lib/kolla/venv/lib/python3.12/site-packages/urllib3/connectionpool.py:1110: InsecureRequestWarning: Unverified HTTPS request is being made to host '[LB_IP_ADDRESS]'. Adding certificate verification is strongly advised. See: https://urllib3.readthedocs.io/en/latest/advanced-usage.html#tls-warnings
  warnings.warn(

2026-09-29 16:25:18.223 77 INFO cinder.volume.flows.manager.create_volume [None req-c4393994-9b1d-44f3-bbf8-d198b34b73a7 c54c3a060c2147deb44a50d17a18afd5 25d9fe2baee44a44a051bb8fdcf72e0e - - - -] Volume 0fb10654-d269-4ea8-981c-93ca60e42ffd: being created as raw with specification: {'status': 'creating', 'volume_name': 'vol_0fb10654-d269-4ea8-981c-93ca60e42ffd', 'volume_size': 1}
2026-09-29 16:25:18.223 77 INFO cinder.volume.drivers.lightos [None req-c4393994-9b1d-44f3-bbf8-d198b34b73a7 c54c3a060c2147deb44a50d17a18afd5 25d9fe2baee44a44a051bb8fdcf72e0e - - - -] Invoking get_volume_by_name using GET url: /api/v2/projects/default/volumes/?name=vol_0fb10654-d269-4ea8-981c-93ca60e42ffd             request.body: {} ssl_verify: False
2026-09-29 16:25:18.256 77 WARNING py.warnings [None req-c4393994-9b1d-44f3-bbf8-d198b34b73a7 c54c3a060c2147deb44a50d17a18afd5 25d9fe2baee44a44a051bb8fdcf72e0e - - - -] /var/lib/kolla/venv/lib/python3.12/site-packages/urllib3/connectionpool.py:1110: InsecureRequestWarning: Unverified HTTPS request is being made to host '[LB_IP_ADDRESS]'. Adding certificate verification is strongly advised. See: https://urllib3.readthedocs.io/en/latest/advanced-usage.html#tls-warnings
  warnings.warn(

2026-09-29 16:25:18.263 77 INFO cinder.volume.drivers.lightos [None req-c4393994-9b1d-44f3-bbf8-d198b34b73a7 c54c3a060c2147deb44a50d17a18afd5 25d9fe2baee44a44a051bb8fdcf72e0e - - - -] Invoking create_volume using POST url: /api/v2/projects/default/volumes             request.body: {'name': 'vol_0fb10654-d269-4ea8-981c-93ca60e42ffd', 'size': '1 gib', 'replicaCount': '3', 'compression': 'False', 'acl': {'values': ['ALLOW_NONE']}, 'IPAcl': {'values': ['ALLOW_NONE']}, 'sourceSnapshotUUID': None, 'sourceSnapshotName': None} ssl_verify: False
2026-09-29 16:25:18.298 77 WARNING py.warnings [None req-c4393994-9b1d-44f3-bbf8-d198b34b73a7 c54c3a060c2147deb44a50d17a18afd5 25d9fe2baee44a44a051bb8fdcf72e0e - - - -] /var/lib/kolla/venv/lib/python3.12/site-packages/urllib3/connectionpool.py:1110: InsecureRequestWarning: Unverified HTTPS request is being made to host '[LB_IP_ADDRESS]'. Adding certificate verification is strongly advised. See: https://urllib3.readthedocs.io/en/latest/advanced-usage.html#tls-warnings
  warnings.warn(

2026-09-29 16:25:18.322 77 INFO cinder.volume.drivers.lightos [None req-c4393994-9b1d-44f3-bbf8-d198b34b73a7 c54c3a060c2147deb44a50d17a18afd5 25d9fe2baee44a44a051bb8fdcf72e0e - - - -] Invoking get_volume using GET url: /api/v2/projects/default/volumes/c08d8a4b-c869-4134-a71c-3491645f94b7             request.body: {} ssl_verify: False
2026-09-29 16:25:18.357 77 WARNING py.warnings [None req-c4393994-9b1d-44f3-bbf8-d198b34b73a7 c54c3a060c2147deb44a50d17a18afd5 25d9fe2baee44a44a051bb8fdcf72e0e - - - -] /var/lib/kolla/venv/lib/python3.12/site-packages/urllib3/connectionpool.py:1110: InsecureRequestWarning: Unverified HTTPS request is being made to host '[LB_IP_ADDRESS]'. Adding certificate verification is strongly advised. See: https://urllib3.readthedocs.io/en/latest/advanced-usage.html#tls-warnings
  warnings.warn(

2026-09-29 16:25:18.398 77 INFO cinder.volume.drivers.lightos [None req-fcc1c092-6ced-4161-8f0c-3e55116c2082 37236b99d58d4dbf998a6dd273b691b7 06e2fa12018f4ab084498afca9ef819b - - - -] Invoking get_volume using GET url: /api/v2/projects/default/volumes/3c63e35e-f542-4f65-b5ee-afa0636eb6a2             request.body: {} ssl_verify: False
2026-09-29 16:25:18.400 77 INFO cinder.volume.manager [None req-2b82d1f6-49a8-4e6f-a3ea-01c0106dfbce d6c26d6d79d74ecfa0120f5f25074c29 a259990b88f34ba0bde0236293d45cbd - - default default] Deleted volume successfully.
2026-09-29 16:25:18.436 77 WARNING py.warnings [None req-fcc1c092-6ced-4161-8f0c-3e55116c2082 37236b99d58d4dbf998a6dd273b691b7 06e2fa12018f4ab084498afca9ef819b - - - -] /var/lib/kolla/venv/lib/python3.12/site-packages/urllib3/connectionpool.py:1110: InsecureRequestWarning: Unverified HTTPS request is being made to host '[LB_IP_ADDRESS]'. Adding certificate verification is strongly advised. See: https://urllib3.readthedocs.io/en/latest/advanced-usage.html#tls-warnings
  warnings.warn(

2026-09-29 16:25:18.464 77 INFO cinder.volume.flows.manager.create_volume [None req-fcc1c092-6ced-4161-8f0c-3e55116c2082 37236b99d58d4dbf998a6dd273b691b7 06e2fa12018f4ab084498afca9ef819b - - - -] Volume vol_3cb50eb8-0cd1-4b3e-be6e-fe0f86ff76ac (3cb50eb8-0cd1-4b3e-be6e-fe0f86ff76ac): created successfully
2026-09-29 16:25:18.472 77 INFO cinder.volume.manager [None req-fcc1c092-6ced-4161-8f0c-3e55116c2082 37236b99d58d4dbf998a6dd273b691b7 06e2fa12018f4ab084498afca9ef819b - - - -] Created volume successfully.
2026-09-29 16:25:18.599 77 INFO cinder.volume.flows.manager.create_volume [None req-ec47574d-d6bd-4e61-afd4-3f3fc0177821 c54c3a060c2147deb44a50d17a18afd5 25d9fe2baee44a44a051bb8fdcf72e0e - - - -] Volume eb397693-7f60-4c2a-99b2-4d46a062aa2e: being created as raw with specification: {'status': 'creating', 'volume_name': 'vol_eb397693-7f60-4c2a-99b2-4d46a062aa2e', 'volume_size': 1}
2026-09-29 16:25:18.600 77 INFO cinder.volume.drivers.lightos [None req-ec47574d-d6bd-4e61-afd4-3f3fc0177821 c54c3a060c2147deb44a50d17a18afd5 25d9fe2baee44a44a051bb8fdcf72e0e - - - -] Invoking get_volume_by_name using GET url: /api/v2/projects/default/volumes/?name=vol_eb397693-7f60-4c2a-99b2-4d46a062aa2e             request.body: {} ssl_verify: False
2026-09-29 16:25:18.634 77 WARNING py.warnings [None req-ec47574d-d6bd-4e61-afd4-3f3fc0177821 c54c3a060c2147deb44a50d17a18afd5 25d9fe2baee44a44a051bb8fdcf72e0e - - - -] /var/lib/kolla/venv/lib/python3.12/site-packages/urllib3/connectionpool.py:1110: InsecureRequestWarning: Unverified HTTPS request is being made to host '[LB_IP_ADDRESS]'. Adding certificate verification is strongly advised. See: https://urllib3.readthedocs.io/en/latest/advanced-usage.html#tls-warnings
  warnings.warn(

2026-09-29 16:25:18.642 77 INFO cinder.volume.drivers.lightos [None req-ec47574d-d6bd-4e61-afd4-3f3fc0177821 c54c3a060c2147deb44a50d17a18afd5 25d9fe2baee44a44a051bb8fdcf72e0e - - - -] Invoking create_volume using POST url: /api/v2/projects/default/volumes             request.body: {'name': 'vol_eb397693-7f60-4c2a-99b2-4d46a062aa2e', 'size': '1 gib', 'replicaCount': '3', 'compression': 'False', 'acl': {'values': ['ALLOW_NONE']}, 'IPAcl': {'values': ['ALLOW_NONE']}, 'sourceSnapshotUUID': None, 'sourceSnapshotName': None} ssl_verify: False
2026-09-29 16:25:18.678 77 WARNING py.warnings [None req-ec47574d-d6bd-4e61-afd4-3f3fc0177821 c54c3a060c2147deb44a50d17a18afd5 25d9fe2baee44a44a051bb8fdcf72e0e - - - -] /var/lib/kolla/venv/lib/python3.12/site-packages/urllib3/connectionpool.py:1110: InsecureRequestWarning: Unverified HTTPS request is being made to host '[LB_IP_ADDRESS]'. Adding certificate verification is strongly advised. See: https://urllib3.readthedocs.io/en/latest/advanced-usage.html#tls-warnings
  warnings.warn(

2026-09-29 16:25:18.702 77 INFO cinder.volume.drivers.lightos [None req-ec47574d-d6bd-4e61-afd4-3f3fc0177821 c54c3a060c2147deb44a50d17a18afd5 25d9fe2baee44a44a051bb8fdcf72e0e - - - -] Invoking get_volume using GET url: /api/v2/projects/default/volumes/e821af34-f9b3-4f6e-936f-71d111c20d71             request.body: {} ssl_verify: False
2026-09-29 16:25:18.750 77 WARNING py.warnings [None req-ec47574d-d6bd-4e61-afd4-3f3fc0177821 c54c3a060c2147deb44a50d17a18afd5 25d9fe2baee44a44a051bb8fdcf72e0e - - - -] /var/lib/kolla/venv/lib/python3.12/site-packages/urllib3/connectionpool.py:1110: InsecureRequestWarning: Unverified HTTPS request is being made to host '[LB_IP_ADDRESS]'. Adding certificate verification is strongly advised. See: https://urllib3.readthedocs.io/en/latest/advanced-usage.html#tls-warnings
  warnings.warn(

2026-09-29 16:25:18.776 77 INFO cinder.volume.drivers.lightos [None req-d22a4a15-4732-4ea2-bcf9-0f6d6c04a748 37236b99d58d4dbf998a6dd273b691b7 06e2fa12018f4ab084498afca9ef819b - - default default] Invoking delete_volume using DELETE url: /api/v2/projects/default/volumes/bfd06d86-8f5e-4422-bb1f-84ec9d84ea11?             request.body:  ssl_verify: False
2026-09-29 16:25:18.810 77 WARNING py.warnings [None req-d22a4a15-4732-4ea2-bcf9-0f6d6c04a748 37236b99d58d4dbf998a6dd273b691b7 06e2fa12018f4ab084498afca9ef819b - - default default] /var/lib/kolla/venv/lib/python3.12/site-packages/urllib3/connectionpool.py:1110: InsecureRequestWarning: Unverified HTTPS request is being made to host '[LB_IP_ADDRESS]'. Adding certificate verification is strongly advised. See: https://urllib3.readthedocs.io/en/latest/advanced-usage.html#tls-warnings
  warnings.warn(

2026-09-29 16:25:18.846 77 INFO cinder.volume.drivers.lightos [None req-d22a4a15-4732-4ea2-bcf9-0f6d6c04a748 37236b99d58d4dbf998a6dd273b691b7 06e2fa12018f4ab084498afca9ef819b - - default default] Invoking get_volume using GET url: /api/v2/projects/default/volumes/bfd06d86-8f5e-4422-bb1f-84ec9d84ea11             request.body: {} ssl_verify: False
2026-09-29 16:25:18.888 77 WARNING py.warnings [None req-d22a4a15-4732-4ea2-bcf9-0f6d6c04a748 37236b99d58d4dbf998a6dd273b691b7 06e2fa12018f4ab084498afca9ef819b - - default default] /var/lib/kolla/venv/lib/python3.12/site-packages/urllib3/connectionpool.py:1110: InsecureRequestWarning: Unverified HTTPS request is being made to host '[LB_IP_ADDRESS]'. Adding certificate verification is strongly advised. See: https://urllib3.readthedocs.io/en/latest/advanced-usage.html#tls-warnings
  warnings.warn(

2026-09-29 16:25:18.955 77 INFO cinder.volume.flows.manager.create_volume [None req-25698a15-5883-4638-931d-b9b228c7a14b c54c3a060c2147deb44a50d17a18afd5 25d9fe2baee44a44a051bb8fdcf72e0e - - - -] Volume 759f6cd1-cc45-4bbb-9289-7de875dfbbad: being created as raw with specification: {'status': 'creating', 'volume_name': 'vol_759f6cd1-cc45-4bbb-9289-7de875dfbbad', 'volume_size': 1}
2026-09-29 16:25:18.955 77 INFO cinder.volume.drivers.lightos [None req-25698a15-5883-4638-931d-b9b228c7a14b c54c3a060c2147deb44a50d17a18afd5 25d9fe2baee44a44a051bb8fdcf72e0e - - - -] Invoking get_volume_by_name using GET url: /api/v2/projects/default/volumes/?name=vol_759f6cd1-cc45-4bbb-9289-7de875dfbbad             request.body: {} ssl_verify: False
2026-09-29 16:25:18.988 77 WARNING py.warnings [None req-25698a15-5883-4638-931d-b9b228c7a14b c54c3a060c2147deb44a50d17a18afd5 25d9fe2baee44a44a051bb8fdcf72e0e - - - -] /var/lib/kolla/venv/lib/python3.12/site-packages/urllib3/connectionpool.py:1110: InsecureRequestWarning: Unverified HTTPS request is being made to host '[LB_IP_ADDRESS]'. Adding certificate verification is strongly advised. See: https://urllib3.readthedocs.io/en/latest/advanced-usage.html#tls-warnings
  warnings.warn(

2026-09-29 16:25:18.996 77 INFO cinder.volume.drivers.lightos [None req-25698a15-5883-4638-931d-b9b228c7a14b c54c3a060c2147deb44a50d17a18afd5 25d9fe2baee44a44a051bb8fdcf72e0e - - - -] Invoking create_volume using POST url: /api/v2/projects/default/volumes             request.body: {'name': 'vol_759f6cd1-cc45-4bbb-9289-7de875dfbbad', 'size': '1 gib', 'replicaCount': '3', 'compression': 'False', 'acl': {'values': ['ALLOW_NONE']}, 'IPAcl': {'values': ['ALLOW_NONE']}, 'sourceSnapshotUUID': None, 'sourceSnapshotName': None} ssl_verify: False
2026-09-29 16:25:19.050 77 WARNING py.warnings [None req-25698a15-5883-4638-931d-b9b228c7a14b c54c3a060c2147deb44a50d17a18afd5 25d9fe2baee44a44a051bb8fdcf72e0e - - - -] /var/lib/kolla/venv/lib/python3.12/site-packages/urllib3/connectionpool.py:1110: InsecureRequestWarning: Unverified HTTPS request is being made to host '[LB_IP_ADDRESS]'. Adding certificate verification is strongly advised. See: https://urllib3.readthedocs.io/en/latest/advanced-usage.html#tls-warnings
  warnings.warn(

2026-09-29 16:25:19.097 77 INFO cinder.volume.drivers.lightos [None req-25698a15-5883-4638-931d-b9b228c7a14b c54c3a060c2147deb44a50d17a18afd5 25d9fe2baee44a44a051bb8fdcf72e0e - - - -] Invoking get_volume using GET url: /api/v2/projects/default/volumes/5d3fe3d9-6d6c-40cf-a347-83e4fc14466b             request.body: {} ssl_verify: False
2026-09-29 16:25:19.126 77 INFO cinder.volume.manager [None req-d22a4a15-4732-4ea2-bcf9-0f6d6c04a748 37236b99d58d4dbf998a6dd273b691b7 06e2fa12018f4ab084498afca9ef819b - - default default] Deleted volume successfully.
2026-09-29 16:25:19.136 77 WARNING py.warnings [None req-25698a15-5883-4638-931d-b9b228c7a14b c54c3a060c2147deb44a50d17a18afd5 25d9fe2baee44a44a051bb8fdcf72e0e - - - -] /var/lib/kolla/venv/lib/python3.12/site-packages/urllib3/connectionpool.py:1110: InsecureRequestWarning: Unverified HTTPS request is being made to host '[LB_IP_ADDRESS]'. Adding certificate verification is strongly advised. See: https://urllib3.readthedocs.io/en/latest/advanced-usage.html#tls-warnings
  warnings.warn(

2026-09-29 16:25:19.217 77 INFO cinder.volume.drivers.lightos [None req-e900c923-2633-4ba8-a929-a0096e67600b d6c26d6d79d74ecfa0120f5f25074c29 a259990b88f34ba0bde0236293d45cbd - - default default] Invoking delete_volume using DELETE url: /api/v2/projects/default/volumes/4f9594b9-a609-406c-8f59-a0ccff5e3a56?             request.body:  ssl_verify: False
2026-09-29 16:25:19.253 77 WARNING py.warnings [None req-e900c923-2633-4ba8-a929-a0096e67600b d6c26d6d79d74ecfa0120f5f25074c29 a259990b88f34ba0bde0236293d45cbd - - default default] /var/lib/kolla/venv/lib/python3.12/site-packages/urllib3/connectionpool.py:1110: InsecureRequestWarning: Unverified HTTPS request is being made to host '[LB_IP_ADDRESS]'. Adding certificate verification is strongly advised. See: https://urllib3.readthedocs.io/en/latest/advanced-usage.html#tls-warnings
  warnings.warn(

2026-09-29 16:25:19.282 77 INFO cinder.volume.drivers.lightos [None req-e900c923-2633-4ba8-a929-a0096e67600b d6c26d6d79d74ecfa0120f5f25074c29 a259990b88f34ba0bde0236293d45cbd - - default default] Invoking get_volume using GET url: /api/v2/projects/default/volumes/4f9594b9-a609-406c-8f59-a0ccff5e3a56             request.body: {} ssl_verify: False
2026-09-29 16:25:19.329 77 WARNING py.warnings [None req-e900c923-2633-4ba8-a929-a0096e67600b d6c26d6d79d74ecfa0120f5f25074c29 a259990b88f34ba0bde0236293d45cbd - - default default] /var/lib/kolla/venv/lib/python3.12/site-packages/urllib3/connectionpool.py:1110: InsecureRequestWarning: Unverified HTTPS request is being made to host '[LB_IP_ADDRESS]'. Adding certificate verification is strongly advised. See: https://urllib3.readthedocs.io/en/latest/advanced-usage.html#tls-warnings
  warnings.warn(

2026-09-29 16:25:19.356 77 INFO cinder.volume.flows.manager.create_volume [None req-8e283759-fd0a-488f-9fad-4631fe424723 c54c3a060c2147deb44a50d17a18afd5 25d9fe2baee44a44a051bb8fdcf72e0e - - - -] Volume 3102dea0-807b-41c4-84c9-eabdab885b22: being created as raw with specification: {'status': 'creating', 'volume_name': 'vol_3102dea0-807b-41c4-84c9-eabdab885b22', 'volume_size': 1}
2026-09-29 16:25:19.356 77 INFO cinder.volume.drivers.lightos [None req-8e283759-fd0a-488f-9fad-4631fe424723 c54c3a060c2147deb44a50d17a18afd5 25d9fe2baee44a44a051bb8fdcf72e0e - - - -] Invoking get_volume_by_name using GET url: /api/v2/projects/default/volumes/?name=vol_3102dea0-807b-41c4-84c9-eabdab885b22             request.body: {} ssl_verify: False
2026-09-29 16:25:19.387 77 INFO cinder.volume.drivers.lightos [None req-c4393994-9b1d-44f3-bbf8-d198b34b73a7 c54c3a060c2147deb44a50d17a18afd5 25d9fe2baee44a44a051bb8fdcf72e0e - - - -] Invoking get_volume using GET url: /api/v2/projects/default/volumes/c08d8a4b-c869-4134-a71c-3491645f94b7             request.body: {} ssl_verify: False
2026-09-29 16:25:19.389 77 WARNING py.warnings [None req-8e283759-fd0a-488f-9fad-4631fe424723 c54c3a060c2147deb44a50d17a18afd5 25d9fe2baee44a44a051bb8fdcf72e0e - - - -] /var/lib/kolla/venv/lib/python3.12/site-packages/urllib3/connectionpool.py:1110: InsecureRequestWarning: Unverified HTTPS request is being made to host '[LB_IP_ADDRESS]'. Adding certificate verification is strongly advised. See: https://urllib3.readthedocs.io/en/latest/advanced-usage.html#tls-warnings
  warnings.warn(

2026-09-29 16:25:19.420 77 INFO cinder.volume.drivers.lightos [None req-8e283759-fd0a-488f-9fad-4631fe424723 c54c3a060c2147deb44a50d17a18afd5 25d9fe2baee44a44a051bb8fdcf72e0e - - - -] Invoking create_volume using POST url: /api/v2/projects/default/volumes             request.body: {'name': 'vol_3102dea0-807b-41c4-84c9-eabdab885b22', 'size': '1 gib', 'replicaCount': '3', 'compression': 'False', 'acl': {'values': ['ALLOW_NONE']}, 'IPAcl': {'values': ['ALLOW_NONE']}, 'sourceSnapshotUUID': None, 'sourceSnapshotName': None} ssl_verify: False
2026-09-29 16:25:19.449 77 WARNING py.warnings [None req-c4393994-9b1d-44f3-bbf8-d198b34b73a7 c54c3a060c2147deb44a50d17a18afd5 25d9fe2baee44a44a051bb8fdcf72e0e - - - -] /var/lib/kolla/venv/lib/python3.12/site-packages/urllib3/connectionpool.py:1110: InsecureRequestWarning: Unverified HTTPS request is being made to host '[LB_IP_ADDRESS]'. Adding certificate verification is strongly advised. See: https://urllib3.readthedocs.io/en/latest/advanced-usage.html#tls-warnings
  warnings.warn(

2026-09-29 16:25:19.455 77 WARNING py.warnings [None req-8e283759-fd0a-488f-9fad-4631fe424723 c54c3a060c2147deb44a50d17a18afd5 25d9fe2baee44a44a051bb8fdcf72e0e - - - -] /var/lib/kolla/venv/lib/python3.12/site-packages/urllib3/connectionpool.py:1110: InsecureRequestWarning: Unverified HTTPS request is being made to host '[LB_IP_ADDRESS]'. Adding certificate verification is strongly advised. See: https://urllib3.readthedocs.io/en/latest/advanced-usage.html#tls-warnings
  warnings.warn(

2026-09-29 16:25:19.512 77 INFO cinder.volume.flows.manager.create_volume [None req-c4393994-9b1d-44f3-bbf8-d198b34b73a7 c54c3a060c2147deb44a50d17a18afd5 25d9fe2baee44a44a051bb8fdcf72e0e - - - -] Volume vol_0fb10654-d269-4ea8-981c-93ca60e42ffd (0fb10654-d269-4ea8-981c-93ca60e42ffd): created successfully
2026-09-29 16:25:19.518 77 INFO cinder.volume.drivers.lightos [None req-8e283759-fd0a-488f-9fad-4631fe424723 c54c3a060c2147deb44a50d17a18afd5 25d9fe2baee44a44a051bb8fdcf72e0e - - - -] Invoking get_volume using GET url: /api/v2/projects/default/volumes/bcca56dc-c2be-45ff-8295-fec77761c1cf             request.body: {} ssl_verify: False
2026-09-29 16:25:19.550 77 WARNING py.warnings [None req-8e283759-fd0a-488f-9fad-4631fe424723 c54c3a060c2147deb44a50d17a18afd5 25d9fe2baee44a44a051bb8fdcf72e0e - - - -] /var/lib/kolla/venv/lib/python3.12/site-packages/urllib3/connectionpool.py:1110: InsecureRequestWarning: Unverified HTTPS request is being made to host '[LB_IP_ADDRESS]'. Adding certificate verification is strongly advised. See: https://urllib3.readthedocs.io/en/latest/advanced-usage.html#tls-warnings
  warnings.warn(

2026-09-29 16:25:19.552 77 INFO cinder.volume.manager [None req-c4393994-9b1d-44f3-bbf8-d198b34b73a7 c54c3a060c2147deb44a50d17a18afd5 25d9fe2baee44a44a051bb8fdcf72e0e - - - -] Created volume successfully.
2026-09-29 16:25:19.555 77 INFO cinder.volume.manager [None req-e900c923-2633-4ba8-a929-a0096e67600b d6c26d6d79d74ecfa0120f5f25074c29 a259990b88f34ba0bde0236293d45cbd - - default default] Deleted volume successfully.
2026-09-29 16:25:19.653 77 INFO cinder.volume.flows.manager.create_volume [None req-c549dab5-4de0-4777-b766-3f7890ba28a8 c54c3a060c2147deb44a50d17a18afd5 25d9fe2baee44a44a051bb8fdcf72e0e - - - -] Volume 3200a0e5-59d6-499e-99d1-9fa4a10b12d6: being created as raw with specification: {'status': 'creating', 'volume_name': 'vol_3200a0e5-59d6-499e-99d1-9fa4a10b12d6', 'volume_size': 1}
2026-09-29 16:25:19.653 77 INFO cinder.volume.drivers.lightos [None req-c549dab5-4de0-4777-b766-3f7890ba28a8 c54c3a060c2147deb44a50d17a18afd5 25d9fe2baee44a44a051bb8fdcf72e0e - - - -] Invoking get_volume_by_name using GET url: /api/v2/projects/default/volumes/?name=vol_3200a0e5-59d6-499e-99d1-9fa4a10b12d6             request.body: {} ssl_verify: False
2026-09-29 16:25:19.688 77 WARNING py.warnings [None req-c549dab5-4de0-4777-b766-3f7890ba28a8 c54c3a060c2147deb44a50d17a18afd5 25d9fe2baee44a44a051bb8fdcf72e0e - - - -] /var/lib/kolla/venv/lib/python3.12/site-packages/urllib3/connectionpool.py:1110: InsecureRequestWarning: Unverified HTTPS request is being made to host '[LB_IP_ADDRESS]'. Adding certificate verification is strongly advised. See: https://urllib3.readthedocs.io/en/latest/advanced-usage.html#tls-warnings
  warnings.warn(

2026-09-29 16:25:19.696 77 INFO cinder.volume.drivers.lightos [None req-c549dab5-4de0-4777-b766-3f7890ba28a8 c54c3a060c2147deb44a50d17a18afd5 25d9fe2baee44a44a051bb8fdcf72e0e - - - -] Invoking create_volume using POST url: /api/v2/projects/default/volumes             request.body: {'name': 'vol_3200a0e5-59d6-499e-99d1-9fa4a10b12d6', 'size': '1 gib', 'replicaCount': '3', 'compression': 'False', 'acl': {'values': ['ALLOW_NONE']}, 'IPAcl': {'values': ['ALLOW_NONE']}, 'sourceSnapshotUUID': None, 'sourceSnapshotName': None} ssl_verify: False
2026-09-29 16:25:19.733 77 WARNING py.warnings [None req-c549dab5-4de0-4777-b766-3f7890ba28a8 c54c3a060c2147deb44a50d17a18afd5 25d9fe2baee44a44a051bb8fdcf72e0e - - - -] /var/lib/kolla/venv/lib/python3.12/site-packages/urllib3/connectionpool.py:1110: InsecureRequestWarning: Unverified HTTPS request is being made to host '[LB_IP_ADDRESS]'. Adding certificate verification is strongly advised. See: https://urllib3.readthedocs.io/en/latest/advanced-usage.html#tls-warnings
  warnings.warn(

2026-09-29 16:25:19.759 77 INFO cinder.volume.drivers.lightos [None req-c549dab5-4de0-4777-b766-3f7890ba28a8 c54c3a060c2147deb44a50d17a18afd5 25d9fe2baee44a44a051bb8fdcf72e0e - - - -] Invoking get_volume using GET url: /api/v2/projects/default/volumes/c53f5523-e3dd-406f-aec2-d8c3bb39349f             request.body: {} ssl_verify: False
2026-09-29 16:25:19.796 77 INFO cinder.volume.drivers.lightos [None req-ec47574d-d6bd-4e61-afd4-3f3fc0177821 c54c3a060c2147deb44a50d17a18afd5 25d9fe2baee44a44a051bb8fdcf72e0e - - - -] Invoking get_volume using GET url: /api/v2/projects/default/volumes/e821af34-f9b3-4f6e-936f-71d111c20d71             request.body: {} ssl_verify: False
2026-09-29 16:25:19.825 77 WARNING py.warnings [None req-c549dab5-4de0-4777-b766-3f7890ba28a8 c54c3a060c2147deb44a50d17a18afd5 25d9fe2baee44a44a051bb8fdcf72e0e - - - -] /var/lib/kolla/venv/lib/python3.12/site-packages/urllib3/connectionpool.py:1110: InsecureRequestWarning: Unverified HTTPS request is being made to host '[LB_IP_ADDRESS]'. Adding certificate verification is strongly advised. See: https://urllib3.readthedocs.io/en/latest/advanced-usage.html#tls-warnings
  warnings.warn(

2026-09-29 16:25:19.834 77 WARNING py.warnings [None req-ec47574d-d6bd-4e61-afd4-3f3fc0177821 c54c3a060c2147deb44a50d17a18afd5 25d9fe2baee44a44a051bb8fdcf72e0e - - - -] /var/lib/kolla/venv/lib/python3.12/site-packages/urllib3/connectionpool.py:1110: InsecureRequestWarning: Unverified HTTPS request is being made to host '[LB_IP_ADDRESS]'. Adding certificate verification is strongly advised. See: https://urllib3.readthedocs.io/en/latest/advanced-usage.html#tls-warnings
  warnings.warn(

2026-09-29 16:25:19.868 77 INFO cinder.volume.flows.manager.create_volume [None req-c549dab5-4de0-4777-b766-3f7890ba28a8 c54c3a060c2147deb44a50d17a18afd5 25d9fe2baee44a44a051bb8fdcf72e0e - - - -] Volume vol_3200a0e5-59d6-499e-99d1-9fa4a10b12d6 (3200a0e5-59d6-499e-99d1-9fa4a10b12d6): created successfully
2026-09-29 16:25:19.876 77 INFO cinder.volume.flows.manager.create_volume [None req-ec47574d-d6bd-4e61-afd4-3f3fc0177821 c54c3a060c2147deb44a50d17a18afd5 25d9fe2baee44a44a051bb8fdcf72e0e - - - -] Volume vol_eb397693-7f60-4c2a-99b2-4d46a062aa2e (eb397693-7f60-4c2a-99b2-4d46a062aa2e): created successfully
2026-09-29 16:25:19.880 77 INFO cinder.volume.manager [None req-c549dab5-4de0-4777-b766-3f7890ba28a8 c54c3a060c2147deb44a50d17a18afd5 25d9fe2baee44a44a051bb8fdcf72e0e - - - -] Created volume successfully.
2026-09-29 16:25:19.885 77 INFO cinder.volume.manager [None req-ec47574d-d6bd-4e61-afd4-3f3fc0177821 c54c3a060c2147deb44a50d17a18afd5 25d9fe2baee44a44a051bb8fdcf72e0e - - - -] Created volume successfully.
2026-09-29 16:25:19.899 77 INFO cinder.volume.drivers.lightos [None req-f4ddd214-7dc9-4427-a8f6-336761ee4e77 37236b99d58d4dbf998a6dd273b691b7 06e2fa12018f4ab084498afca9ef819b - - default default] Invoking delete_volume using DELETE url: /api/v2/projects/default/volumes/3c63e35e-f542-4f65-b5ee-afa0636eb6a2?             request.body:  ssl_verify: False
2026-09-29 16:25:19.936 77 WARNING py.warnings [None req-f4ddd214-7dc9-4427-a8f6-336761ee4e77 37236b99d58d4dbf998a6dd273b691b7 06e2fa12018f4ab084498afca9ef819b - - default default] /var/lib/kolla/venv/lib/python3.12/site-packages/urllib3/connectionpool.py:1110: InsecureRequestWarning: Unverified HTTPS request is being made to host '[LB_IP_ADDRESS]'. Adding certificate verification is strongly advised. See: https://urllib3.readthedocs.io/en/latest/advanced-usage.html#tls-warnings
  warnings.warn(

2026-09-29 16:25:19.957 77 INFO cinder.volume.drivers.lightos [None req-f4ddd214-7dc9-4427-a8f6-336761ee4e77 37236b99d58d4dbf998a6dd273b691b7 06e2fa12018f4ab084498afca9ef819b - - default default] Invoking get_volume using GET url: /api/v2/projects/default/volumes/3c63e35e-f542-4f65-b5ee-afa0636eb6a2             request.body: {} ssl_verify: False
2026-09-29 16:25:20.009 77 WARNING py.warnings [None req-f4ddd214-7dc9-4427-a8f6-336761ee4e77 37236b99d58d4dbf998a6dd273b691b7 06e2fa12018f4ab084498afca9ef819b - - default default] /var/lib/kolla/venv/lib/python3.12/site-packages/urllib3/connectionpool.py:1110: InsecureRequestWarning: Unverified HTTPS request is being made to host '[LB_IP_ADDRESS]'. Adding certificate verification is strongly advised. See: https://urllib3.readthedocs.io/en/latest/advanced-usage.html#tls-warnings
  warnings.warn(

2026-09-29 16:25:20.152 77 INFO cinder.volume.drivers.lightos [None req-25698a15-5883-4638-931d-b9b228c7a14b c54c3a060c2147deb44a50d17a18afd5 25d9fe2baee44a44a051bb8fdcf72e0e - - - -] Invoking get_volume using GET url: /api/v2/projects/default/volumes/5d3fe3d9-6d6c-40cf-a347-83e4fc14466b             request.body: {} ssl_verify: False
2026-09-29 16:25:20.192 77 WARNING py.warnings [None req-25698a15-5883-4638-931d-b9b228c7a14b c54c3a060c2147deb44a50d17a18afd5 25d9fe2baee44a44a051bb8fdcf72e0e - - - -] /var/lib/kolla/venv/lib/python3.12/site-packages/urllib3/connectionpool.py:1110: InsecureRequestWarning: Unverified HTTPS request is being made to host '[LB_IP_ADDRESS]'. Adding certificate verification is strongly advised. See: https://urllib3.readthedocs.io/en/latest/advanced-usage.html#tls-warnings
  warnings.warn(

2026-09-29 16:25:20.201 77 INFO cinder.volume.manager [None req-f4ddd214-7dc9-4427-a8f6-336761ee4e77 37236b99d58d4dbf998a6dd273b691b7 06e2fa12018f4ab084498afca9ef819b - - default default] Deleted volume successfully.
2026-09-29 16:25:20.223 77 INFO cinder.volume.flows.manager.create_volume [None req-25698a15-5883-4638-931d-b9b228c7a14b c54c3a060c2147deb44a50d17a18afd5 25d9fe2baee44a44a051bb8fdcf72e0e - - - -] Volume vol_759f6cd1-cc45-4bbb-9289-7de875dfbbad (759f6cd1-cc45-4bbb-9289-7de875dfbbad): created successfully
2026-09-29 16:25:20.230 77 INFO cinder.volume.manager [None req-25698a15-5883-4638-931d-b9b228c7a14b c54c3a060c2147deb44a50d17a18afd5 25d9fe2baee44a44a051bb8fdcf72e0e - - - -] Created volume successfully.
2026-09-29 16:25:20.352 77 INFO cinder.volume.drivers.lightos [None req-b102c45a-625e-43cf-ac66-3660a3829ff1 d6c26d6d79d74ecfa0120f5f25074c29 a259990b88f34ba0bde0236293d45cbd - - default default] Invoking delete_volume using DELETE url: /api/v2/projects/default/volumes/68a3bd77-8bc4-4bbe-ba5f-928d309408a3?             request.body:  ssl_verify: False
2026-09-29 16:25:20.388 77 WARNING py.warnings [None req-b102c45a-625e-43cf-ac66-3660a3829ff1 d6c26d6d79d74ecfa0120f5f25074c29 a259990b88f34ba0bde0236293d45cbd - - default default] /var/lib/kolla/venv/lib/python3.12/site-packages/urllib3/connectionpool.py:1110: InsecureRequestWarning: Unverified HTTPS request is being made to host '[LB_IP_ADDRESS]'. Adding certificate verification is strongly advised. See: https://urllib3.readthedocs.io/en/latest/advanced-usage.html#tls-warnings
  warnings.warn(

2026-09-29 16:25:20.420 77 INFO cinder.volume.drivers.lightos [None req-b102c45a-625e-43cf-ac66-3660a3829ff1 d6c26d6d79d74ecfa0120f5f25074c29 a259990b88f34ba0bde0236293d45cbd - - default default] Invoking get_volume using GET url: /api/v2/projects/default/volumes/68a3bd77-8bc4-4bbe-ba5f-928d309408a3             request.body: {} ssl_verify: False
2026-09-29 16:25:20.484 77 WARNING py.warnings [None req-b102c45a-625e-43cf-ac66-3660a3829ff1 d6c26d6d79d74ecfa0120f5f25074c29 a259990b88f34ba0bde0236293d45cbd - - default default] /var/lib/kolla/venv/lib/python3.12/site-packages/urllib3/connectionpool.py:1110: InsecureRequestWarning: Unverified HTTPS request is being made to host '[LB_IP_ADDRESS]'. Adding certificate verification is strongly advised. See: https://urllib3.readthedocs.io/en/latest/advanced-usage.html#tls-warnings
  warnings.warn(

2026-09-29 16:25:20.582 77 INFO cinder.volume.drivers.lightos [None req-8e283759-fd0a-488f-9fad-4631fe424723 c54c3a060c2147deb44a50d17a18afd5 25d9fe2baee44a44a051bb8fdcf72e0e - - - -] Invoking get_volume using GET url: /api/v2/projects/default/volumes/bcca56dc-c2be-45ff-8295-fec77761c1cf             request.body: {} ssl_verify: False
2026-09-29 16:25:20.617 77 WARNING py.warnings [None req-8e283759-fd0a-488f-9fad-4631fe424723 c54c3a060c2147deb44a50d17a18afd5 25d9fe2baee44a44a051bb8fdcf72e0e - - - -] /var/lib/kolla/venv/lib/python3.12/site-packages/urllib3/connectionpool.py:1110: InsecureRequestWarning: Unverified HTTPS request is being made to host '[LB_IP_ADDRESS]'. Adding certificate verification is strongly advised. See: https://urllib3.readthedocs.io/en/latest/advanced-usage.html#tls-warnings
  warnings.warn(

2026-09-29 16:25:20.641 77 INFO cinder.volume.flows.manager.create_volume [None req-8e283759-fd0a-488f-9fad-4631fe424723 c54c3a060c2147deb44a50d17a18afd5 25d9fe2baee44a44a051bb8fdcf72e0e - - - -] Volume vol_3102dea0-807b-41c4-84c9-eabdab885b22 (3102dea0-807b-41c4-84c9-eabdab885b22): created successfully
2026-09-29 16:25:20.649 77 INFO cinder.volume.manager [None req-8e283759-fd0a-488f-9fad-4631fe424723 c54c3a060c2147deb44a50d17a18afd5 25d9fe2baee44a44a051bb8fdcf72e0e - - - -] Created volume successfully.
2026-09-29 16:25:20.654 77 INFO cinder.volume.manager [None req-b102c45a-625e-43cf-ac66-3660a3829ff1 d6c26d6d79d74ecfa0120f5f25074c29 a259990b88f34ba0bde0236293d45cbd - - default default] Deleted volume successfully.
2026-09-29 16:25:20.958 77 INFO cinder.volume.drivers.lightos [None req-103de113-4905-4731-b692-c34cdd9e3e1c c54c3a060c2147deb44a50d17a18afd5 25d9fe2baee44a44a051bb8fdcf72e0e - - default default] Invoking delete_volume using DELETE url: /api/v2/projects/default/volumes/c53f5523-e3dd-406f-aec2-d8c3bb39349f?             request.body:  ssl_verify: False
2026-09-29 16:25:20.992 77 WARNING py.warnings [None req-103de113-4905-4731-b692-c34cdd9e3e1c c54c3a060c2147deb44a50d17a18afd5 25d9fe2baee44a44a051bb8fdcf72e0e - - default default] /var/lib/kolla/venv/lib/python3.12/site-packages/urllib3/connectionpool.py:1110: InsecureRequestWarning: Unverified HTTPS request is being made to host '[LB_IP_ADDRESS]'. Adding certificate verification is strongly advised. See: https://urllib3.readthedocs.io/en/latest/advanced-usage.html#tls-warnings
  warnings.warn(

2026-09-29 16:25:21.012 77 INFO cinder.volume.drivers.lightos [None req-c193b0b9-4dc3-4bc6-8f5c-c3b302c842e6 37236b99d58d4dbf998a6dd273b691b7 06e2fa12018f4ab084498afca9ef819b - - default default] Invoking delete_volume using DELETE url: /api/v2/projects/default/volumes/00db3e0c-39b4-4410-9a91-bcc1c5d647ef?             request.body:  ssl_verify: False
2026-09-29 16:25:21.042 77 INFO cinder.volume.drivers.lightos [None req-103de113-4905-4731-b692-c34cdd9e3e1c c54c3a060c2147deb44a50d17a18afd5 25d9fe2baee44a44a051bb8fdcf72e0e - - default default] Invoking get_volume using GET url: /api/v2/projects/default/volumes/c53f5523-e3dd-406f-aec2-d8c3bb39349f             request.body: {} ssl_verify: False
2026-09-29 16:25:21.072 77 WARNING py.warnings [None req-c193b0b9-4dc3-4bc6-8f5c-c3b302c842e6 37236b99d58d4dbf998a6dd273b691b7 06e2fa12018f4ab084498afca9ef819b - - default default] /var/lib/kolla/venv/lib/python3.12/site-packages/urllib3/connectionpool.py:1110: InsecureRequestWarning: Unverified HTTPS request is being made to host '[LB_IP_ADDRESS]'. Adding certificate verification is strongly advised. See: https://urllib3.readthedocs.io/en/latest/advanced-usage.html#tls-warnings
  warnings.warn(

2026-09-29 16:25:21.077 77 WARNING py.warnings [None req-103de113-4905-4731-b692-c34cdd9e3e1c c54c3a060c2147deb44a50d17a18afd5 25d9fe2baee44a44a051bb8fdcf72e0e - - default default] /var/lib/kolla/venv/lib/python3.12/site-packages/urllib3/connectionpool.py:1110: InsecureRequestWarning: Unverified HTTPS request is being made to host '[LB_IP_ADDRESS]'. Adding certificate verification is strongly advised. See: https://urllib3.readthedocs.io/en/latest/advanced-usage.html#tls-warnings
  warnings.warn(

2026-09-29 16:25:21.126 77 INFO cinder.volume.drivers.lightos [None req-c193b0b9-4dc3-4bc6-8f5c-c3b302c842e6 37236b99d58d4dbf998a6dd273b691b7 06e2fa12018f4ab084498afca9ef819b - - default default] Invoking get_volume using GET url: /api/v2/projects/default/volumes/00db3e0c-39b4-4410-9a91-bcc1c5d647ef             request.body: {} ssl_verify: False
2026-09-29 16:25:21.164 77 WARNING py.warnings [None req-c193b0b9-4dc3-4bc6-8f5c-c3b302c842e6 37236b99d58d4dbf998a6dd273b691b7 06e2fa12018f4ab084498afca9ef819b - - default default] /var/lib/kolla/venv/lib/python3.12/site-packages/urllib3/connectionpool.py:1110: InsecureRequestWarning: Unverified HTTPS request is being made to host '[LB_IP_ADDRESS]'. Adding certificate verification is strongly advised. See: https://urllib3.readthedocs.io/en/latest/advanced-usage.html#tls-warnings
  warnings.warn(

2026-09-29 16:25:21.249 77 INFO cinder.volume.manager [None req-103de113-4905-4731-b692-c34cdd9e3e1c c54c3a060c2147deb44a50d17a18afd5 25d9fe2baee44a44a051bb8fdcf72e0e - - default default] Deleted volume successfully.
2026-09-29 16:25:21.285 77 INFO cinder.volume.manager [None req-c193b0b9-4dc3-4bc6-8f5c-c3b302c842e6 37236b99d58d4dbf998a6dd273b691b7 06e2fa12018f4ab084498afca9ef819b - - default default] Deleted volume successfully.
2026-09-29 16:25:21.491 77 INFO cinder.volume.drivers.lightos [None req-4bae30ec-a81b-4def-b5cf-6c7d23d97a30 d6c26d6d79d74ecfa0120f5f25074c29 a259990b88f34ba0bde0236293d45cbd - - default default] Invoking delete_volume using DELETE url: /api/v2/projects/default/volumes/a5f9ef14-fbc9-433e-955f-5674727bbcbc?             request.body:  ssl_verify: False
2026-09-29 16:25:21.525 77 WARNING py.warnings [None req-4bae30ec-a81b-4def-b5cf-6c7d23d97a30 d6c26d6d79d74ecfa0120f5f25074c29 a259990b88f34ba0bde0236293d45cbd - - default default] /var/lib/kolla/venv/lib/python3.12/site-packages/urllib3/connectionpool.py:1110: InsecureRequestWarning: Unverified HTTPS request is being made to host '[LB_IP_ADDRESS]'. Adding certificate verification is strongly advised. See: https://urllib3.readthedocs.io/en/latest/advanced-usage.html#tls-warnings
  warnings.warn(

2026-09-29 16:25:21.549 77 INFO cinder.volume.drivers.lightos [None req-4bae30ec-a81b-4def-b5cf-6c7d23d97a30 d6c26d6d79d74ecfa0120f5f25074c29 a259990b88f34ba0bde0236293d45cbd - - default default] Invoking get_volume using GET url: /api/v2/projects/default/volumes/a5f9ef14-fbc9-433e-955f-5674727bbcbc             request.body: {} ssl_verify: False
2026-09-29 16:25:21.593 77 WARNING py.warnings [None req-4bae30ec-a81b-4def-b5cf-6c7d23d97a30 d6c26d6d79d74ecfa0120f5f25074c29 a259990b88f34ba0bde0236293d45cbd - - default default] /var/lib/kolla/venv/lib/python3.12/site-packages/urllib3/connectionpool.py:1110: InsecureRequestWarning: Unverified HTTPS request is being made to host '[LB_IP_ADDRESS]'. Adding certificate verification is strongly advised. See: https://urllib3.readthedocs.io/en/latest/advanced-usage.html#tls-warnings
  warnings.warn(

2026-09-29 16:25:21.735 77 INFO cinder.volume.manager [None req-4bae30ec-a81b-4def-b5cf-6c7d23d97a30 d6c26d6d79d74ecfa0120f5f25074c29 a259990b88f34ba0bde0236293d45cbd - - default default] Deleted volume successfully.
2026-09-29 16:25:22.090 77 INFO cinder.volume.drivers.lightos [None req-a731184f-22f0-472c-87a1-2713c0c1d087 c54c3a060c2147deb44a50d17a18afd5 25d9fe2baee44a44a051bb8fdcf72e0e - - default default] Invoking delete_volume using DELETE url: /api/v2/projects/default/volumes/bcca56dc-c2be-45ff-8295-fec77761c1cf?             request.body:  ssl_verify: False
2026-09-29 16:25:22.124 77 WARNING py.warnings [None req-a731184f-22f0-472c-87a1-2713c0c1d087 c54c3a060c2147deb44a50d17a18afd5 25d9fe2baee44a44a051bb8fdcf72e0e - - default default] /var/lib/kolla/venv/lib/python3.12/site-packages/urllib3/connectionpool.py:1110: InsecureRequestWarning: Unverified HTTPS request is being made to host '[LB_IP_ADDRESS]'. Adding certificate verification is strongly advised. See: https://urllib3.readthedocs.io/en/latest/advanced-usage.html#tls-warnings
  warnings.warn(

2026-09-29 16:25:22.135 77 INFO cinder.volume.drivers.lightos [None req-735a7854-fbf1-4f32-9fb0-5fee9de36795 37236b99d58d4dbf998a6dd273b691b7 06e2fa12018f4ab084498afca9ef819b - - default default] Invoking delete_volume using DELETE url: /api/v2/projects/default/volumes/3b2b6fe4-2c88-4ac1-a056-7a3e3dc52067?             request.body:  ssl_verify: False
2026-09-29 16:25:22.164 77 INFO cinder.volume.drivers.lightos [None req-a731184f-22f0-472c-87a1-2713c0c1d087 c54c3a060c2147deb44a50d17a18afd5 25d9fe2baee44a44a051bb8fdcf72e0e - - default default] Invoking get_volume using GET url: /api/v2/projects/default/volumes/bcca56dc-c2be-45ff-8295-fec77761c1cf             request.body: {} ssl_verify: False
2026-09-29 16:25:22.194 77 WARNING py.warnings [None req-735a7854-fbf1-4f32-9fb0-5fee9de36795 37236b99d58d4dbf998a6dd273b691b7 06e2fa12018f4ab084498afca9ef819b - - default default] /var/lib/kolla/venv/lib/python3.12/site-packages/urllib3/connectionpool.py:1110: InsecureRequestWarning: Unverified HTTPS request is being made to host '[LB_IP_ADDRESS]'. Adding certificate verification is strongly advised. See: https://urllib3.readthedocs.io/en/latest/advanced-usage.html#tls-warnings
  warnings.warn(

2026-09-29 16:25:22.210 77 WARNING py.warnings [None req-a731184f-22f0-472c-87a1-2713c0c1d087 c54c3a060c2147deb44a50d17a18afd5 25d9fe2baee44a44a051bb8fdcf72e0e - - default default] /var/lib/kolla/venv/lib/python3.12/site-packages/urllib3/connectionpool.py:1110: InsecureRequestWarning: Unverified HTTPS request is being made to host '[LB_IP_ADDRESS]'. Adding certificate verification is strongly advised. See: https://urllib3.readthedocs.io/en/latest/advanced-usage.html#tls-warnings
  warnings.warn(

2026-09-29 16:25:22.259 77 INFO cinder.volume.drivers.lightos [None req-735a7854-fbf1-4f32-9fb0-5fee9de36795 37236b99d58d4dbf998a6dd273b691b7 06e2fa12018f4ab084498afca9ef819b - - default default] Invoking get_volume using GET url: /api/v2/projects/default/volumes/3b2b6fe4-2c88-4ac1-a056-7a3e3dc52067             request.body: {} ssl_verify: False
2026-09-29 16:25:22.299 77 WARNING py.warnings [None req-735a7854-fbf1-4f32-9fb0-5fee9de36795 37236b99d58d4dbf998a6dd273b691b7 06e2fa12018f4ab084498afca9ef819b - - default default] /var/lib/kolla/venv/lib/python3.12/site-packages/urllib3/connectionpool.py:1110: InsecureRequestWarning: Unverified HTTPS request is being made to host '[LB_IP_ADDRESS]'. Adding certificate verification is strongly advised. See: https://urllib3.readthedocs.io/en/latest/advanced-usage.html#tls-warnings
  warnings.warn(

2026-09-29 16:25:22.413 77 INFO cinder.volume.manager [None req-a731184f-22f0-472c-87a1-2713c0c1d087 c54c3a060c2147deb44a50d17a18afd5 25d9fe2baee44a44a051bb8fdcf72e0e - - default default] Deleted volume successfully.
2026-09-29 16:25:22.448 77 INFO cinder.volume.manager [None req-735a7854-fbf1-4f32-9fb0-5fee9de36795 37236b99d58d4dbf998a6dd273b691b7 06e2fa12018f4ab084498afca9ef819b - - default default] Deleted volume successfully.
2026-09-29 16:25:23.217 77 INFO cinder.volume.drivers.lightos [None req-f0e1cf41-8dfa-4eb4-aa34-760d2910a966 c54c3a060c2147deb44a50d17a18afd5 25d9fe2baee44a44a051bb8fdcf72e0e - - default default] Invoking delete_volume using DELETE url: /api/v2/projects/default/volumes/5d3fe3d9-6d6c-40cf-a347-83e4fc14466b?             request.body:  ssl_verify: False
2026-09-29 16:25:23.254 77 WARNING py.warnings [None req-f0e1cf41-8dfa-4eb4-aa34-760d2910a966 c54c3a060c2147deb44a50d17a18afd5 25d9fe2baee44a44a051bb8fdcf72e0e - - default default] /var/lib/kolla/venv/lib/python3.12/site-packages/urllib3/connectionpool.py:1110: InsecureRequestWarning: Unverified HTTPS request is being made to host '[LB_IP_ADDRESS]'. Adding certificate verification is strongly advised. See: https://urllib3.readthedocs.io/en/latest/advanced-usage.html#tls-warnings
  warnings.warn(

2026-09-29 16:25:23.264 77 INFO cinder.volume.drivers.lightos [None req-16c4d176-3276-4ff9-8e92-da9004d0df59 37236b99d58d4dbf998a6dd273b691b7 06e2fa12018f4ab084498afca9ef819b - - default default] Invoking delete_volume using DELETE url: /api/v2/projects/default/volumes/53318a28-3529-4514-bea9-6e57bdd708d8?             request.body:  ssl_verify: False
2026-09-29 16:25:23.294 77 INFO cinder.volume.drivers.lightos [None req-f0e1cf41-8dfa-4eb4-aa34-760d2910a966 c54c3a060c2147deb44a50d17a18afd5 25d9fe2baee44a44a051bb8fdcf72e0e - - default default] Invoking get_volume using GET url: /api/v2/projects/default/volumes/5d3fe3d9-6d6c-40cf-a347-83e4fc14466b             request.body: {} ssl_verify: False
2026-09-29 16:25:23.323 77 WARNING py.warnings [None req-16c4d176-3276-4ff9-8e92-da9004d0df59 37236b99d58d4dbf998a6dd273b691b7 06e2fa12018f4ab084498afca9ef819b - - default default] /var/lib/kolla/venv/lib/python3.12/site-packages/urllib3/connectionpool.py:1110: InsecureRequestWarning: Unverified HTTPS request is being made to host '[LB_IP_ADDRESS]'. Adding certificate verification is strongly advised. See: https://urllib3.readthedocs.io/en/latest/advanced-usage.html#tls-warnings
  warnings.warn(

2026-09-29 16:25:23.340 77 WARNING py.warnings [None req-f0e1cf41-8dfa-4eb4-aa34-760d2910a966 c54c3a060c2147deb44a50d17a18afd5 25d9fe2baee44a44a051bb8fdcf72e0e - - default default] /var/lib/kolla/venv/lib/python3.12/site-packages/urllib3/connectionpool.py:1110: InsecureRequestWarning: Unverified HTTPS request is being made to host '[LB_IP_ADDRESS]'. Adding certificate verification is strongly advised. See: https://urllib3.readthedocs.io/en/latest/advanced-usage.html#tls-warnings
  warnings.warn(

2026-09-29 16:25:23.382 77 INFO cinder.volume.drivers.lightos [None req-16c4d176-3276-4ff9-8e92-da9004d0df59 37236b99d58d4dbf998a6dd273b691b7 06e2fa12018f4ab084498afca9ef819b - - default default] Invoking get_volume using GET url: /api/v2/projects/default/volumes/53318a28-3529-4514-bea9-6e57bdd708d8             request.body: {} ssl_verify: False
2026-09-29 16:25:23.452 77 WARNING py.warnings [None req-16c4d176-3276-4ff9-8e92-da9004d0df59 37236b99d58d4dbf998a6dd273b691b7 06e2fa12018f4ab084498afca9ef819b - - default default] /var/lib/kolla/venv/lib/python3.12/site-packages/urllib3/connectionpool.py:1110: InsecureRequestWarning: Unverified HTTPS request is being made to host '[LB_IP_ADDRESS]'. Adding certificate verification is strongly advised. See: https://urllib3.readthedocs.io/en/latest/advanced-usage.html#tls-warnings
  warnings.warn(

2026-09-29 16:25:23.509 77 INFO cinder.volume.manager [None req-f0e1cf41-8dfa-4eb4-aa34-760d2910a966 c54c3a060c2147deb44a50d17a18afd5 25d9fe2baee44a44a051bb8fdcf72e0e - - default default] Deleted volume successfully.
2026-09-29 16:25:23.555 77 INFO cinder.volume.manager [None req-16c4d176-3276-4ff9-8e92-da9004d0df59 37236b99d58d4dbf998a6dd273b691b7 06e2fa12018f4ab084498afca9ef819b - - default default] Deleted volume successfully.
2026-09-29 16:25:24.343 77 INFO cinder.volume.drivers.lightos [None req-31acd7ee-de48-4401-9384-4d43d22f8db8 c54c3a060c2147deb44a50d17a18afd5 25d9fe2baee44a44a051bb8fdcf72e0e - - default default] Invoking delete_volume using DELETE url: /api/v2/projects/default/volumes/e821af34-f9b3-4f6e-936f-71d111c20d71?             request.body:  ssl_verify: False
2026-09-29 16:25:24.379 77 WARNING py.warnings [None req-31acd7ee-de48-4401-9384-4d43d22f8db8 c54c3a060c2147deb44a50d17a18afd5 25d9fe2baee44a44a051bb8fdcf72e0e - - default default] /var/lib/kolla/venv/lib/python3.12/site-packages/urllib3/connectionpool.py:1110: InsecureRequestWarning: Unverified HTTPS request is being made to host '[LB_IP_ADDRESS]'. Adding certificate verification is strongly advised. See: https://urllib3.readthedocs.io/en/latest/advanced-usage.html#tls-warnings
  warnings.warn(

2026-09-29 16:25:24.395 77 INFO cinder.volume.drivers.lightos [None req-80d482a9-88dd-46a9-9a92-416eb6186338 37236b99d58d4dbf998a6dd273b691b7 06e2fa12018f4ab084498afca9ef819b - - default default] Invoking delete_volume using DELETE url: /api/v2/projects/default/volumes/fd34e40c-7a8c-46cd-8254-60dcd79699a2?             request.body:  ssl_verify: False
2026-09-29 16:25:24.424 77 INFO cinder.volume.drivers.lightos [None req-31acd7ee-de48-4401-9384-4d43d22f8db8 c54c3a060c2147deb44a50d17a18afd5 25d9fe2baee44a44a051bb8fdcf72e0e - - default default] Invoking get_volume using GET url: /api/v2/projects/default/volumes/e821af34-f9b3-4f6e-936f-71d111c20d71             request.body: {} ssl_verify: False
2026-09-29 16:25:24.454 77 WARNING py.warnings [None req-80d482a9-88dd-46a9-9a92-416eb6186338 37236b99d58d4dbf998a6dd273b691b7 06e2fa12018f4ab084498afca9ef819b - - default default] /var/lib/kolla/venv/lib/python3.12/site-packages/urllib3/connectionpool.py:1110: InsecureRequestWarning: Unverified HTTPS request is being made to host '[LB_IP_ADDRESS]'. Adding certificate verification is strongly advised. See: https://urllib3.readthedocs.io/en/latest/advanced-usage.html#tls-warnings
  warnings.warn(

2026-09-29 16:25:24.460 77 WARNING py.warnings [None req-31acd7ee-de48-4401-9384-4d43d22f8db8 c54c3a060c2147deb44a50d17a18afd5 25d9fe2baee44a44a051bb8fdcf72e0e - - default default] /var/lib/kolla/venv/lib/python3.12/site-packages/urllib3/connectionpool.py:1110: InsecureRequestWarning: Unverified HTTPS request is being made to host '[LB_IP_ADDRESS]'. Adding certificate verification is strongly advised. See: https://urllib3.readthedocs.io/en/latest/advanced-usage.html#tls-warnings
  warnings.warn(

2026-09-29 16:25:24.523 77 INFO cinder.volume.drivers.lightos [None req-80d482a9-88dd-46a9-9a92-416eb6186338 37236b99d58d4dbf998a6dd273b691b7 06e2fa12018f4ab084498afca9ef819b - - default default] Invoking get_volume using GET url: /api/v2/projects/default/volumes/fd34e40c-7a8c-46cd-8254-60dcd79699a2             request.body: {} ssl_verify: False
2026-09-29 16:25:24.560 77 WARNING py.warnings [None req-80d482a9-88dd-46a9-9a92-416eb6186338 37236b99d58d4dbf998a6dd273b691b7 06e2fa12018f4ab084498afca9ef819b - - default default] /var/lib/kolla/venv/lib/python3.12/site-packages/urllib3/connectionpool.py:1110: InsecureRequestWarning: Unverified HTTPS request is being made to host '[LB_IP_ADDRESS]'. Adding certificate verification is strongly advised. See: https://urllib3.readthedocs.io/en/latest/advanced-usage.html#tls-warnings
  warnings.warn(

2026-09-29 16:25:24.642 77 INFO cinder.volume.manager [None req-31acd7ee-de48-4401-9384-4d43d22f8db8 c54c3a060c2147deb44a50d17a18afd5 25d9fe2baee44a44a051bb8fdcf72e0e - - default default] Deleted volume successfully.
2026-09-29 16:25:24.672 77 INFO cinder.volume.manager [None req-80d482a9-88dd-46a9-9a92-416eb6186338 37236b99d58d4dbf998a6dd273b691b7 06e2fa12018f4ab084498afca9ef819b - - default default] Deleted volume successfully.
2026-09-29 16:25:25.483 77 INFO cinder.volume.drivers.lightos [None req-029a9145-fb18-4793-acfb-a65e861a2cf4 c54c3a060c2147deb44a50d17a18afd5 25d9fe2baee44a44a051bb8fdcf72e0e - - default default] Invoking delete_volume using DELETE url: /api/v2/projects/default/volumes/c08d8a4b-c869-4134-a71c-3491645f94b7?             request.body:  ssl_verify: False
2026-09-29 16:25:25.520 77 WARNING py.warnings [None req-029a9145-fb18-4793-acfb-a65e861a2cf4 c54c3a060c2147deb44a50d17a18afd5 25d9fe2baee44a44a051bb8fdcf72e0e - - default default] /var/lib/kolla/venv/lib/python3.12/site-packages/urllib3/connectionpool.py:1110: InsecureRequestWarning: Unverified HTTPS request is being made to host '[LB_IP_ADDRESS]'. Adding certificate verification is strongly advised. See: https://urllib3.readthedocs.io/en/latest/advanced-usage.html#tls-warnings
  warnings.warn(

2026-09-29 16:25:25.552 77 INFO cinder.volume.drivers.lightos [None req-029a9145-fb18-4793-acfb-a65e861a2cf4 c54c3a060c2147deb44a50d17a18afd5 25d9fe2baee44a44a051bb8fdcf72e0e - - default default] Invoking get_volume using GET url: /api/v2/projects/default/volumes/c08d8a4b-c869-4134-a71c-3491645f94b7             request.body: {} ssl_verify: False
2026-09-29 16:25:25.593 77 WARNING py.warnings [None req-029a9145-fb18-4793-acfb-a65e861a2cf4 c54c3a060c2147deb44a50d17a18afd5 25d9fe2baee44a44a051bb8fdcf72e0e - - default default] /var/lib/kolla/venv/lib/python3.12/site-packages/urllib3/connectionpool.py:1110: InsecureRequestWarning: Unverified HTTPS request is being made to host '[LB_IP_ADDRESS]'. Adding certificate verification is strongly advised. See: https://urllib3.readthedocs.io/en/latest/advanced-usage.html#tls-warnings
  warnings.warn(

2026-09-29 16:25:25.740 77 INFO cinder.volume.flows.manager.create_volume [None req-6384fea3-4a6e-429a-bb40-e2d8727e9875 00ba5f8952a942fc8d1d13cb8ebcbc3b af642493e14f4aef917ea0e5c343a3d4 - - - -] Volume 4296083a-7ecf-48b8-8590-d17f43e824e9: being created as raw with specification: {'status': 'creating', 'volume_name': 'vol_4296083a-7ecf-48b8-8590-d17f43e824e9', 'volume_size': 1}
2026-09-29 16:25:25.741 77 INFO cinder.volume.drivers.lightos [None req-6384fea3-4a6e-429a-bb40-e2d8727e9875 00ba5f8952a942fc8d1d13cb8ebcbc3b af642493e14f4aef917ea0e5c343a3d4 - - - -] Invoking get_volume_by_name using GET url: /api/v2/projects/default/volumes/?name=vol_4296083a-7ecf-48b8-8590-d17f43e824e9             request.body: {} ssl_verify: False
2026-09-29 16:25:25.779 77 WARNING py.warnings [None req-6384fea3-4a6e-429a-bb40-e2d8727e9875 00ba5f8952a942fc8d1d13cb8ebcbc3b af642493e14f4aef917ea0e5c343a3d4 - - - -] /var/lib/kolla/venv/lib/python3.12/site-packages/urllib3/connectionpool.py:1110: InsecureRequestWarning: Unverified HTTPS request is being made to host '[LB_IP_ADDRESS]'. Adding certificate verification is strongly advised. See: https://urllib3.readthedocs.io/en/latest/advanced-usage.html#tls-warnings
  warnings.warn(

2026-09-29 16:25:25.790 77 INFO cinder.volume.drivers.lightos [None req-6384fea3-4a6e-429a-bb40-e2d8727e9875 00ba5f8952a942fc8d1d13cb8ebcbc3b af642493e14f4aef917ea0e5c343a3d4 - - - -] Invoking create_volume using POST url: /api/v2/projects/default/volumes             request.body: {'name': 'vol_4296083a-7ecf-48b8-8590-d17f43e824e9', 'size': '1 gib', 'replicaCount': '3', 'compression': 'False', 'acl': {'values': ['ALLOW_NONE']}, 'IPAcl': {'values': ['ALLOW_NONE']}, 'sourceSnapshotUUID': None, 'sourceSnapshotName': None} ssl_verify: False
2026-09-29 16:25:25.827 77 WARNING py.warnings [None req-6384fea3-4a6e-429a-bb40-e2d8727e9875 00ba5f8952a942fc8d1d13cb8ebcbc3b af642493e14f4aef917ea0e5c343a3d4 - - - -] /var/lib/kolla/venv/lib/python3.12/site-packages/urllib3/connectionpool.py:1110: InsecureRequestWarning: Unverified HTTPS request is being made to host '[LB_IP_ADDRESS]'. Adding certificate verification is strongly advised. See: https://urllib3.readthedocs.io/en/latest/advanced-usage.html#tls-warnings
  warnings.warn(

2026-09-29 16:25:25.828 77 INFO cinder.volume.manager [None req-029a9145-fb18-4793-acfb-a65e861a2cf4 c54c3a060c2147deb44a50d17a18afd5 25d9fe2baee44a44a051bb8fdcf72e0e - - default default] Deleted volume successfully.
2026-09-29 16:25:25.855 77 INFO cinder.volume.drivers.lightos [None req-6384fea3-4a6e-429a-bb40-e2d8727e9875 00ba5f8952a942fc8d1d13cb8ebcbc3b af642493e14f4aef917ea0e5c343a3d4 - - - -] Invoking get_volume using GET url: /api/v2/projects/default/volumes/d16facb3-7e88-469e-9781-26755022b45f             request.body: {} ssl_verify: False
2026-09-29 16:25:25.926 77 WARNING py.warnings [None req-6384fea3-4a6e-429a-bb40-e2d8727e9875 00ba5f8952a942fc8d1d13cb8ebcbc3b af642493e14f4aef917ea0e5c343a3d4 - - - -] /var/lib/kolla/venv/lib/python3.12/site-packages/urllib3/connectionpool.py:1110: InsecureRequestWarning: Unverified HTTPS request is being made to host '[LB_IP_ADDRESS]'. Adding certificate verification is strongly advised. See: https://urllib3.readthedocs.io/en/latest/advanced-usage.html#tls-warnings
  warnings.warn(

2026-09-29 16:25:26.599 77 INFO cinder.volume.drivers.lightos [None req-e31d70e3-81e5-4c52-813f-889b18622af3 c54c3a060c2147deb44a50d17a18afd5 25d9fe2baee44a44a051bb8fdcf72e0e - - default default] Invoking get_snapshot_by_name using GET url: /api/v2/projects/default/snapshots/?Name=snapshot-fbb9e15f-e3c1-4eb1-afab-c80a5ab441f6             request.body: {} ssl_verify: False
2026-09-29 16:25:26.643 77 WARNING py.warnings [None req-e31d70e3-81e5-4c52-813f-889b18622af3 c54c3a060c2147deb44a50d17a18afd5 25d9fe2baee44a44a051bb8fdcf72e0e - - default default] /var/lib/kolla/venv/lib/python3.12/site-packages/urllib3/connectionpool.py:1110: InsecureRequestWarning: Unverified HTTPS request is being made to host '[LB_IP_ADDRESS]'. Adding certificate verification is strongly advised. See: https://urllib3.readthedocs.io/en/latest/advanced-usage.html#tls-warnings
  warnings.warn(

2026-09-29 16:25:26.658 77 INFO cinder.volume.drivers.lightos [None req-e31d70e3-81e5-4c52-813f-889b18622af3 c54c3a060c2147deb44a50d17a18afd5 25d9fe2baee44a44a051bb8fdcf72e0e - - default default] Invoking delete_snapshot using DELETE url: /api/v2/projects/default/snapshots/a988aff7-9b98-48ef-b12c-4f6ef8abccdb?             request.body:  ssl_verify: False
2026-09-29 16:25:26.704 77 WARNING py.warnings [None req-e31d70e3-81e5-4c52-813f-889b18622af3 c54c3a060c2147deb44a50d17a18afd5 25d9fe2baee44a44a051bb8fdcf72e0e - - default default] /var/lib/kolla/venv/lib/python3.12/site-packages/urllib3/connectionpool.py:1110: InsecureRequestWarning: Unverified HTTPS request is being made to host '[LB_IP_ADDRESS]'. Adding certificate verification is strongly advised. See: https://urllib3.readthedocs.io/en/latest/advanced-usage.html#tls-warnings
  warnings.warn(

2026-09-29 16:25:26.728 77 INFO cinder.volume.drivers.lightos [None req-e31d70e3-81e5-4c52-813f-889b18622af3 c54c3a060c2147deb44a50d17a18afd5 25d9fe2baee44a44a051bb8fdcf72e0e - - default default] Invoking get_snapshot using GET url: /api/v2/projects/default/snapshots/a988aff7-9b98-48ef-b12c-4f6ef8abccdb             request.body: {} ssl_verify: False
2026-09-29 16:25:26.780 77 WARNING py.warnings [None req-e31d70e3-81e5-4c52-813f-889b18622af3 c54c3a060c2147deb44a50d17a18afd5 25d9fe2baee44a44a051bb8fdcf72e0e - - default default] /var/lib/kolla/venv/lib/python3.12/site-packages/urllib3/connectionpool.py:1110: InsecureRequestWarning: Unverified HTTPS request is being made to host '[LB_IP_ADDRESS]'. Adding certificate verification is strongly advised. See: https://urllib3.readthedocs.io/en/latest/advanced-usage.html#tls-warnings
  warnings.warn(

2026-09-29 16:25:26.903 77 INFO cinder.volume.manager [None req-e31d70e3-81e5-4c52-813f-889b18622af3 c54c3a060c2147deb44a50d17a18afd5 25d9fe2baee44a44a051bb8fdcf72e0e - - default default] Delete snapshot completed successfully.
2026-09-29 16:25:26.959 77 INFO cinder.volume.drivers.lightos [None req-6384fea3-4a6e-429a-bb40-e2d8727e9875 00ba5f8952a942fc8d1d13cb8ebcbc3b af642493e14f4aef917ea0e5c343a3d4 - - - -] Invoking get_volume using GET url: /api/v2/projects/default/volumes/d16facb3-7e88-469e-9781-26755022b45f             request.body: {} ssl_verify: False
2026-09-29 16:25:27.003 77 WARNING py.warnings [None req-6384fea3-4a6e-429a-bb40-e2d8727e9875 00ba5f8952a942fc8d1d13cb8ebcbc3b af642493e14f4aef917ea0e5c343a3d4 - - - -] /var/lib/kolla/venv/lib/python3.12/site-packages/urllib3/connectionpool.py:1110: InsecureRequestWarning: Unverified HTTPS request is being made to host '[LB_IP_ADDRESS]'. Adding certificate verification is strongly advised. See: https://urllib3.readthedocs.io/en/latest/advanced-usage.html#tls-warnings
  warnings.warn(

2026-09-29 16:25:27.034 77 INFO cinder.volume.flows.manager.create_volume [None req-6384fea3-4a6e-429a-bb40-e2d8727e9875 00ba5f8952a942fc8d1d13cb8ebcbc3b af642493e14f4aef917ea0e5c343a3d4 - - - -] Volume vol_4296083a-7ecf-48b8-8590-d17f43e824e9 (4296083a-7ecf-48b8-8590-d17f43e824e9): created successfully
2026-09-29 16:25:27.042 77 INFO cinder.volume.manager [None req-6384fea3-4a6e-429a-bb40-e2d8727e9875 00ba5f8952a942fc8d1d13cb8ebcbc3b af642493e14f4aef917ea0e5c343a3d4 - - - -] Created volume successfully.
2026-09-29 16:25:27.728 77 INFO cinder.volume.drivers.lightos [None req-9754415a-662d-4c82-92ad-a06ec6f86b3d c54c3a060c2147deb44a50d17a18afd5 25d9fe2baee44a44a051bb8fdcf72e0e - - default default] Invoking delete_volume using DELETE url: /api/v2/projects/default/volumes/10da537a-92c1-4ef9-b32a-dac421d39c4f?             request.body:  ssl_verify: False
2026-09-29 16:25:27.764 77 WARNING py.warnings [None req-9754415a-662d-4c82-92ad-a06ec6f86b3d c54c3a060c2147deb44a50d17a18afd5 25d9fe2baee44a44a051bb8fdcf72e0e - - default default] /var/lib/kolla/venv/lib/python3.12/site-packages/urllib3/connectionpool.py:1110: InsecureRequestWarning: Unverified HTTPS request is being made to host '[LB_IP_ADDRESS]'. Adding certificate verification is strongly advised. See: https://urllib3.readthedocs.io/en/latest/advanced-usage.html#tls-warnings
  warnings.warn(

2026-09-29 16:25:27.801 77 INFO cinder.volume.drivers.lightos [None req-9754415a-662d-4c82-92ad-a06ec6f86b3d c54c3a060c2147deb44a50d17a18afd5 25d9fe2baee44a44a051bb8fdcf72e0e - - default default] Invoking get_volume using GET url: /api/v2/projects/default/volumes/10da537a-92c1-4ef9-b32a-dac421d39c4f             request.body: {} ssl_verify: False
2026-09-29 16:25:27.841 77 WARNING py.warnings [None req-9754415a-662d-4c82-92ad-a06ec6f86b3d c54c3a060c2147deb44a50d17a18afd5 25d9fe2baee44a44a051bb8fdcf72e0e - - default default] /var/lib/kolla/venv/lib/python3.12/site-packages/urllib3/connectionpool.py:1110: InsecureRequestWarning: Unverified HTTPS request is being made to host '[LB_IP_ADDRESS]'. Adding certificate verification is strongly advised. See: https://urllib3.readthedocs.io/en/latest/advanced-usage.html#tls-warnings
  warnings.warn(

2026-09-29 16:25:27.989 77 INFO cinder.volume.manager [None req-9754415a-662d-4c82-92ad-a06ec6f86b3d c54c3a060c2147deb44a50d17a18afd5 25d9fe2baee44a44a051bb8fdcf72e0e - - default default] Deleted volume successfully.
2026-09-29 16:25:28.606 77 INFO cinder.volume.flows.manager.create_volume [None req-caca7208-d51f-47c0-a96c-4049569a830c 00ba5f8952a942fc8d1d13cb8ebcbc3b af642493e14f4aef917ea0e5c343a3d4 - - - -] Volume ca743823-ef3a-42f5-82a8-8e753c54666f: being created as raw with specification: {'status': 'creating', 'volume_name': 'vol_ca743823-ef3a-42f5-82a8-8e753c54666f', 'volume_size': 1}
2026-09-29 16:25:28.606 77 INFO cinder.volume.drivers.lightos [None req-caca7208-d51f-47c0-a96c-4049569a830c 00ba5f8952a942fc8d1d13cb8ebcbc3b af642493e14f4aef917ea0e5c343a3d4 - - - -] Invoking get_volume_by_name using GET url: /api/v2/projects/default/volumes/?name=vol_ca743823-ef3a-42f5-82a8-8e753c54666f             request.body: {} ssl_verify: False
2026-09-29 16:25:28.642 77 WARNING py.warnings [None req-caca7208-d51f-47c0-a96c-4049569a830c 00ba5f8952a942fc8d1d13cb8ebcbc3b af642493e14f4aef917ea0e5c343a3d4 - - - -] /var/lib/kolla/venv/lib/python3.12/site-packages/urllib3/connectionpool.py:1110: InsecureRequestWarning: Unverified HTTPS request is being made to host '[LB_IP_ADDRESS]'. Adding certificate verification is strongly advised. See: https://urllib3.readthedocs.io/en/latest/advanced-usage.html#tls-warnings
  warnings.warn(

2026-09-29 16:25:28.654 77 INFO cinder.volume.drivers.lightos [None req-caca7208-d51f-47c0-a96c-4049569a830c 00ba5f8952a942fc8d1d13cb8ebcbc3b af642493e14f4aef917ea0e5c343a3d4 - - - -] Invoking create_volume using POST url: /api/v2/projects/default/volumes             request.body: {'name': 'vol_ca743823-ef3a-42f5-82a8-8e753c54666f', 'size': '1 gib', 'replicaCount': '3', 'compression': 'False', 'acl': {'values': ['ALLOW_NONE']}, 'IPAcl': {'values': ['ALLOW_NONE']}, 'sourceSnapshotUUID': None, 'sourceSnapshotName': None} ssl_verify: False
2026-09-29 16:25:28.699 77 WARNING py.warnings [None req-caca7208-d51f-47c0-a96c-4049569a830c 00ba5f8952a942fc8d1d13cb8ebcbc3b af642493e14f4aef917ea0e5c343a3d4 - - - -] /var/lib/kolla/venv/lib/python3.12/site-packages/urllib3/connectionpool.py:1110: InsecureRequestWarning: Unverified HTTPS request is being made to host '[LB_IP_ADDRESS]'. Adding certificate verification is strongly advised. See: https://urllib3.readthedocs.io/en/latest/advanced-usage.html#tls-warnings
  warnings.warn(

2026-09-29 16:25:28.730 77 INFO cinder.volume.drivers.lightos [None req-caca7208-d51f-47c0-a96c-4049569a830c 00ba5f8952a942fc8d1d13cb8ebcbc3b af642493e14f4aef917ea0e5c343a3d4 - - - -] Invoking get_volume using GET url: /api/v2/projects/default/volumes/0e1298c7-ec6b-4ebb-8ef6-91a711103d9d             request.body: {} ssl_verify: False
2026-09-29 16:25:28.785 77 WARNING py.warnings [None req-caca7208-d51f-47c0-a96c-4049569a830c 00ba5f8952a942fc8d1d13cb8ebcbc3b af642493e14f4aef917ea0e5c343a3d4 - - - -] /var/lib/kolla/venv/lib/python3.12/site-packages/urllib3/connectionpool.py:1110: InsecureRequestWarning: Unverified HTTPS request is being made to host '[LB_IP_ADDRESS]'. Adding certificate verification is strongly advised. See: https://urllib3.readthedocs.io/en/latest/advanced-usage.html#tls-warnings
  warnings.warn(

2026-09-29 16:25:28.831 77 INFO cinder.volume.flows.manager.create_volume [None req-caca7208-d51f-47c0-a96c-4049569a830c 00ba5f8952a942fc8d1d13cb8ebcbc3b af642493e14f4aef917ea0e5c343a3d4 - - - -] Volume vol_ca743823-ef3a-42f5-82a8-8e753c54666f (ca743823-ef3a-42f5-82a8-8e753c54666f): created successfully
2026-09-29 16:25:28.842 77 INFO cinder.volume.manager [None req-caca7208-d51f-47c0-a96c-4049569a830c 00ba5f8952a942fc8d1d13cb8ebcbc3b af642493e14f4aef917ea0e5c343a3d4 - - - -] Created volume successfully.
2026-09-29 16:25:29.892 77 INFO cinder.volume.drivers.lightos [None req-14b4092e-4352-46da-95ab-264ca14dffbd 00ba5f8952a942fc8d1d13cb8ebcbc3b af642493e14f4aef917ea0e5c343a3d4 - - - -] Invoking get_snapshot_by_name using GET url: /api/v2/projects/default/snapshots/?Name=snapshot-106095aa-de7b-4a6b-960d-bdb22b2c988c             request.body: {} ssl_verify: False
2026-09-29 16:25:29.928 77 WARNING py.warnings [None req-14b4092e-4352-46da-95ab-264ca14dffbd 00ba5f8952a942fc8d1d13cb8ebcbc3b af642493e14f4aef917ea0e5c343a3d4 - - - -] /var/lib/kolla/venv/lib/python3.12/site-packages/urllib3/connectionpool.py:1110: InsecureRequestWarning: Unverified HTTPS request is being made to host '[LB_IP_ADDRESS]'. Adding certificate verification is strongly advised. See: https://urllib3.readthedocs.io/en/latest/advanced-usage.html#tls-warnings
  warnings.warn(

2026-09-29 16:25:29.937 77 INFO cinder.volume.drivers.lightos [None req-14b4092e-4352-46da-95ab-264ca14dffbd 00ba5f8952a942fc8d1d13cb8ebcbc3b af642493e14f4aef917ea0e5c343a3d4 - - - -] Invoking create_snapshot using POST url: /api/v2/projects/default/snapshots             request.body: {'name': 'snapshot-106095aa-de7b-4a6b-960d-bdb22b2c988c', 'sourceVolumeUUID': None, 'sourceVolumeName': 'vol_ca743823-ef3a-42f5-82a8-8e753c54666f'} ssl_verify: False
2026-09-29 16:25:29.976 77 WARNING py.warnings [None req-14b4092e-4352-46da-95ab-264ca14dffbd 00ba5f8952a942fc8d1d13cb8ebcbc3b af642493e14f4aef917ea0e5c343a3d4 - - - -] /var/lib/kolla/venv/lib/python3.12/site-packages/urllib3/connectionpool.py:1110: InsecureRequestWarning: Unverified HTTPS request is being made to host '[LB_IP_ADDRESS]'. Adding certificate verification is strongly advised. See: https://urllib3.readthedocs.io/en/latest/advanced-usage.html#tls-warnings
  warnings.warn(

2026-09-29 16:25:30.006 77 INFO cinder.volume.drivers.lightos [None req-14b4092e-4352-46da-95ab-264ca14dffbd 00ba5f8952a942fc8d1d13cb8ebcbc3b af642493e14f4aef917ea0e5c343a3d4 - - - -] Invoking get_snapshot_by_name using GET url: /api/v2/projects/default/snapshots/?Name=snapshot-106095aa-de7b-4a6b-960d-bdb22b2c988c             request.body: {} ssl_verify: False
2026-09-29 16:25:30.059 77 WARNING py.warnings [None req-14b4092e-4352-46da-95ab-264ca14dffbd 00ba5f8952a942fc8d1d13cb8ebcbc3b af642493e14f4aef917ea0e5c343a3d4 - - - -] /var/lib/kolla/venv/lib/python3.12/site-packages/urllib3/connectionpool.py:1110: InsecureRequestWarning: Unverified HTTPS request is being made to host '[LB_IP_ADDRESS]'. Adding certificate verification is strongly advised. See: https://urllib3.readthedocs.io/en/latest/advanced-usage.html#tls-warnings
  warnings.warn(

2026-09-29 16:25:31.137 77 INFO cinder.volume.drivers.lightos [None req-14b4092e-4352-46da-95ab-264ca14dffbd 00ba5f8952a942fc8d1d13cb8ebcbc3b af642493e14f4aef917ea0e5c343a3d4 - - - -] Invoking get_snapshot_by_name using GET url: /api/v2/projects/default/snapshots/?Name=snapshot-106095aa-de7b-4a6b-960d-bdb22b2c988c             request.body: {} ssl_verify: False
2026-09-29 16:25:31.185 77 WARNING py.warnings [None req-14b4092e-4352-46da-95ab-264ca14dffbd 00ba5f8952a942fc8d1d13cb8ebcbc3b af642493e14f4aef917ea0e5c343a3d4 - - - -] /var/lib/kolla/venv/lib/python3.12/site-packages/urllib3/connectionpool.py:1110: InsecureRequestWarning: Unverified HTTPS request is being made to host '[LB_IP_ADDRESS]'. Adding certificate verification is strongly advised. See: https://urllib3.readthedocs.io/en/latest/advanced-usage.html#tls-warnings
  warnings.warn(

2026-09-29 16:25:31.218 77 INFO cinder.volume.manager [None req-14b4092e-4352-46da-95ab-264ca14dffbd 00ba5f8952a942fc8d1d13cb8ebcbc3b af642493e14f4aef917ea0e5c343a3d4 - - - -] Create snapshot completed successfully
2026-09-29 16:25:32.035 77 INFO cinder.volume.drivers.lightos [None req-1607dc79-809b-4d18-ac66-00eba4008965 00ba5f8952a942fc8d1d13cb8ebcbc3b af642493e14f4aef917ea0e5c343a3d4 - - default default] Invoking get_snapshot_by_name using GET url: /api/v2/projects/default/snapshots/?Name=snapshot-106095aa-de7b-4a6b-960d-bdb22b2c988c             request.body: {} ssl_verify: False
2026-09-29 16:25:32.076 77 WARNING py.warnings [None req-1607dc79-809b-4d18-ac66-00eba4008965 00ba5f8952a942fc8d1d13cb8ebcbc3b af642493e14f4aef917ea0e5c343a3d4 - - default default] /var/lib/kolla/venv/lib/python3.12/site-packages/urllib3/connectionpool.py:1110: InsecureRequestWarning: Unverified HTTPS request is being made to host '[LB_IP_ADDRESS]'. Adding certificate verification is strongly advised. See: https://urllib3.readthedocs.io/en/latest/advanced-usage.html#tls-warnings
  warnings.warn(

2026-09-29 16:25:32.094 77 INFO cinder.volume.drivers.lightos [None req-1607dc79-809b-4d18-ac66-00eba4008965 00ba5f8952a942fc8d1d13cb8ebcbc3b af642493e14f4aef917ea0e5c343a3d4 - - default default] Invoking delete_snapshot using DELETE url: /api/v2/projects/default/snapshots/61a5b71b-50b8-4694-8a7d-01b776e16a05?             request.body:  ssl_verify: False
2026-09-29 16:25:32.139 77 WARNING py.warnings [None req-1607dc79-809b-4d18-ac66-00eba4008965 00ba5f8952a942fc8d1d13cb8ebcbc3b af642493e14f4aef917ea0e5c343a3d4 - - default default] /var/lib/kolla/venv/lib/python3.12/site-packages/urllib3/connectionpool.py:1110: InsecureRequestWarning: Unverified HTTPS request is being made to host '[LB_IP_ADDRESS]'. Adding certificate verification is strongly advised. See: https://urllib3.readthedocs.io/en/latest/advanced-usage.html#tls-warnings
  warnings.warn(

2026-09-29 16:25:32.163 77 INFO cinder.volume.drivers.lightos [None req-1607dc79-809b-4d18-ac66-00eba4008965 00ba5f8952a942fc8d1d13cb8ebcbc3b af642493e14f4aef917ea0e5c343a3d4 - - default default] Invoking get_snapshot using GET url: /api/v2/projects/default/snapshots/61a5b71b-50b8-4694-8a7d-01b776e16a05             request.body: {} ssl_verify: False
2026-09-29 16:25:32.205 77 WARNING py.warnings [None req-1607dc79-809b-4d18-ac66-00eba4008965 00ba5f8952a942fc8d1d13cb8ebcbc3b af642493e14f4aef917ea0e5c343a3d4 - - default default] /var/lib/kolla/venv/lib/python3.12/site-packages/urllib3/connectionpool.py:1110: InsecureRequestWarning: Unverified HTTPS request is being made to host '[LB_IP_ADDRESS]'. Adding certificate verification is strongly advised. See: https://urllib3.readthedocs.io/en/latest/advanced-usage.html#tls-warnings
  warnings.warn(

2026-09-29 16:25:32.324 77 INFO cinder.volume.manager [None req-1607dc79-809b-4d18-ac66-00eba4008965 00ba5f8952a942fc8d1d13cb8ebcbc3b af642493e14f4aef917ea0e5c343a3d4 - - default default] Delete snapshot completed successfully.
2026-09-29 16:25:33.168 77 INFO cinder.volume.drivers.lightos [None req-f8a6781a-13c4-4541-a4d5-af24614f6eb1 00ba5f8952a942fc8d1d13cb8ebcbc3b af642493e14f4aef917ea0e5c343a3d4 - - default default] Invoking delete_volume using DELETE url: /api/v2/projects/default/volumes/0e1298c7-ec6b-4ebb-8ef6-91a711103d9d?             request.body:  ssl_verify: False
2026-09-29 16:25:33.208 77 WARNING py.warnings [None req-f8a6781a-13c4-4541-a4d5-af24614f6eb1 00ba5f8952a942fc8d1d13cb8ebcbc3b af642493e14f4aef917ea0e5c343a3d4 - - default default] /var/lib/kolla/venv/lib/python3.12/site-packages/urllib3/connectionpool.py:1110: InsecureRequestWarning: Unverified HTTPS request is being made to host '[LB_IP_ADDRESS]'. Adding certificate verification is strongly advised. See: https://urllib3.readthedocs.io/en/latest/advanced-usage.html#tls-warnings
  warnings.warn(

2026-09-29 16:25:33.257 77 INFO cinder.volume.drivers.lightos [None req-f8a6781a-13c4-4541-a4d5-af24614f6eb1 00ba5f8952a942fc8d1d13cb8ebcbc3b af642493e14f4aef917ea0e5c343a3d4 - - default default] Invoking get_volume using GET url: /api/v2/projects/default/volumes/0e1298c7-ec6b-4ebb-8ef6-91a711103d9d             request.body: {} ssl_verify: False
2026-09-29 16:25:33.301 77 WARNING py.warnings [None req-f8a6781a-13c4-4541-a4d5-af24614f6eb1 00ba5f8952a942fc8d1d13cb8ebcbc3b af642493e14f4aef917ea0e5c343a3d4 - - default default] /var/lib/kolla/venv/lib/python3.12/site-packages/urllib3/connectionpool.py:1110: InsecureRequestWarning: Unverified HTTPS request is being made to host '[LB_IP_ADDRESS]'. Adding certificate verification is strongly advised. See: https://urllib3.readthedocs.io/en/latest/advanced-usage.html#tls-warnings
  warnings.warn(

2026-09-29 16:25:33.438 77 INFO cinder.volume.manager [None req-f8a6781a-13c4-4541-a4d5-af24614f6eb1 00ba5f8952a942fc8d1d13cb8ebcbc3b af642493e14f4aef917ea0e5c343a3d4 - - default default] Deleted volume successfully.
2026-09-29 16:25:34.306 77 INFO cinder.volume.drivers.lightos [None req-8708fc26-b496-4305-b045-cfdced078c17 00ba5f8952a942fc8d1d13cb8ebcbc3b af642493e14f4aef917ea0e5c343a3d4 - - default default] Invoking delete_volume using DELETE url: /api/v2/projects/default/volumes/d16facb3-7e88-469e-9781-26755022b45f?             request.body:  ssl_verify: False
2026-09-29 16:25:34.345 77 WARNING py.warnings [None req-8708fc26-b496-4305-b045-cfdced078c17 00ba5f8952a942fc8d1d13cb8ebcbc3b af642493e14f4aef917ea0e5c343a3d4 - - default default] /var/lib/kolla/venv/lib/python3.12/site-packages/urllib3/connectionpool.py:1110: InsecureRequestWarning: Unverified HTTPS request is being made to host '[LB_IP_ADDRESS]'. Adding certificate verification is strongly advised. See: https://urllib3.readthedocs.io/en/latest/advanced-usage.html#tls-warnings
  warnings.warn(

2026-09-29 16:25:34.377 77 INFO cinder.volume.drivers.lightos [None req-8708fc26-b496-4305-b045-cfdced078c17 00ba5f8952a942fc8d1d13cb8ebcbc3b af642493e14f4aef917ea0e5c343a3d4 - - default default] Invoking get_volume using GET url: /api/v2/projects/default/volumes/d16facb3-7e88-469e-9781-26755022b45f             request.body: {} ssl_verify: False
2026-09-29 16:25:34.421 77 WARNING py.warnings [None req-8708fc26-b496-4305-b045-cfdced078c17 00ba5f8952a942fc8d1d13cb8ebcbc3b af642493e14f4aef917ea0e5c343a3d4 - - default default] /var/lib/kolla/venv/lib/python3.12/site-packages/urllib3/connectionpool.py:1110: InsecureRequestWarning: Unverified HTTPS request is being made to host '[LB_IP_ADDRESS]'. Adding certificate verification is strongly advised. See: https://urllib3.readthedocs.io/en/latest/advanced-usage.html#tls-warnings
  warnings.warn(

2026-09-29 16:25:34.555 77 INFO cinder.volume.manager [None req-8708fc26-b496-4305-b045-cfdced078c17 00ba5f8952a942fc8d1d13cb8ebcbc3b af642493e14f4aef917ea0e5c343a3d4 - - default default] Deleted volume successfully.
