Build Started 10_10_2026_03_52_09
2026-10-10 03:52:21.051 7 INFO oslo_service.backend._eventlet.service [None req-b8a0cc70-1add-49fc-8b1c-76c663b62a28 - - - - - -] Caught SIGTERM, stopping children
2026-10-10 03:52:21.054 7 INFO oslo_service.backend._eventlet.service [None req-b8a0cc70-1add-49fc-8b1c-76c663b62a28 - - - - - -] Waiting on 1 children to exit
2026-10-10 03:52:26.062 7 INFO oslo_service.backend._eventlet.service [None req-b8a0cc70-1add-49fc-8b1c-76c663b62a28 - - - - - -] Child 87 exited with status 0
2026-10-10 03:52:55.291 7 INFO cinder.rpc [None req-0cfe38f0-5803-4a1a-b2f3-1351905842d3 - - - - - -] Automatically selected cinder-scheduler objects version 1.39 as minimum service version.
2026-10-10 03:52:55.296 7 INFO cinder.rpc [None req-0cfe38f0-5803-4a1a-b2f3-1351905842d3 - - - - - -] Automatically selected cinder-scheduler RPC version 3.12 as minimum service version.
2026-10-10 03:52:55.330 7 INFO cinder.volume.manager [None req-0cfe38f0-5803-4a1a-b2f3-1351905842d3 - - - - - -] Determined volume DB was empty at startup.
2026-10-10 03:52:55.339 7 INFO cinder.volume.manager [None req-0cfe38f0-5803-4a1a-b2f3-1351905842d3 - - - - - -] Image-volume cache disabled for host rack11-server81@LIGHTOSvemhmp.
2026-10-10 03:52:55.356 7 INFO oslo_service.backend._eventlet.service [None req-0cfe38f0-5803-4a1a-b2f3-1351905842d3 - - - - - -] Starting 1 workers
2026-10-10 03:52:55.370 87 INFO cinder.service [-] Starting cinder-volume node (version 29.1.0)
2026-10-10 03:52:55.372 7 WARNING oslo_config.cfg [None req-0cfe38f0-5803-4a1a-b2f3-1351905842d3 - - - - - -] Deprecated: Option "heartbeat_in_pthread" from group "oslo_messaging_rabbit" is deprecated for removal (The option is related to Eventlet which will be removed. In addition this has never worked as expected with services using eventlet for core service framework.).  Its value may be silently ignored in the future.
2026-10-10 03:52:55.387 87 INFO cinder.volume.manager [None req-6ff700c5-1cd4-4a9d-9bce-0e8a109ce166 - - - - - -] Starting volume driver LightOSVolumeDriver (2.3.12)
2026-10-10 03:52:55.387 87 INFO cinder.volume.drivers.lightos [None req-6ff700c5-1cd4-4a9d-9bce-0e8a109ce166 - - - - - -] Invoking get_cluster_info using GET url: /api/v2/clusterinfo             request.body: {} ssl_verify: False
2026-10-10 03:52:55.428 87 WARNING py.warnings [None req-6ff700c5-1cd4-4a9d-9bce-0e8a109ce166 - - - - - -] /var/lib/kolla/venv/lib/python3.12/site-packages/urllib3/connectionpool.py:1110: InsecureRequestWarning: Unverified HTTPS request is being made to host '[LB_IP_ADDRESS]'. Adding certificate verification is strongly advised. See: https://urllib3.readthedocs.io/en/latest/advanced-usage.html#tls-warnings
  warnings.warn(

2026-10-10 03:52:55.498 87 INFO cinder.volume.drivers.lightos [None req-6ff700c5-1cd4-4a9d-9bce-0e8a109ce166 - - - - - -] Connected to LightOS cluster 01a075ac-5f50-7ded-b878-53b360bb9ca3 subsysnqn nqn.2016-01.com.lightbitslabs:uuid:023e92f0-1271-4fe0-9397-657649be716c:suffix
2026-10-10 03:52:55.499 87 INFO cinder.volume.drivers.lightos [None req-6ff700c5-1cd4-4a9d-9bce-0e8a109ce166 - - - - - -] Invoking get_nodes using GET url: /api/v2/nodes             request.body: {} ssl_verify: False
2026-10-10 03:52:55.539 87 WARNING py.warnings [None req-6ff700c5-1cd4-4a9d-9bce-0e8a109ce166 - - - - - -] /var/lib/kolla/venv/lib/python3.12/site-packages/urllib3/connectionpool.py:1110: InsecureRequestWarning: Unverified HTTPS request is being made to host '[LB_IP_ADDRESS]'. Adding certificate verification is strongly advised. See: https://urllib3.readthedocs.io/en/latest/advanced-usage.html#tls-warnings
  warnings.warn(

2026-10-10 03:52:55.569 87 INFO os_brick.initiator.connectors.lightos [None req-6ff700c5-1cd4-4a9d-9bce-0e8a109ce166 - - - - - -] Current host hostNQN nqn.2014-08.org.nvmexpress:uuid:1136ecdd-b326-5080-93cd-b4d75d7810d9 and IP(s) are ['[LB_IP_ADDRESS]', 'fe80::3e47:9a62:83ae:42f6', '[LB_IP_ADDRESS]', 'fe80::1527:3e78:1ef1:1fe7', '[LB_IP_ADDRESS]', 'fd00::a:13:1a:6', 'fe80::5fef:b54a:d77d:fcd4'] 
2026-10-10 03:52:55.620 87 WARNING oslo_config.cfg [None req-6ff700c5-1cd4-4a9d-9bce-0e8a109ce166 - - - - - -] Deprecated: Option "heartbeat_in_pthread" from group "oslo_messaging_rabbit" is deprecated for removal (The option is related to Eventlet which will be removed. In addition this has never worked as expected with services using eventlet for core service framework.).  Its value may be silently ignored in the future.
2026-10-10 03:52:55.628 87 INFO cinder.keymgr.migration [None req-0f30e1ef-b196-4652-bd77-b9b6d28dcdac - - - - - -] Not migrating encryption keys because the ConfKeyManager's fixed_key is not in use.
2026-10-10 03:52:55.652 87 INFO cinder.volume.manager [None req-6ff700c5-1cd4-4a9d-9bce-0e8a109ce166 - - - - - -] Driver initialization completed successfully.
2026-10-10 03:52:55.653 87 INFO cinder.manager [None req-6ff700c5-1cd4-4a9d-9bce-0e8a109ce166 - - - - - -] Initiating service 2 cleanup
2026-10-10 03:52:55.662 87 INFO cinder.manager [None req-6ff700c5-1cd4-4a9d-9bce-0e8a109ce166 - - - - - -] Service 2 cleanup completed.
2026-10-10 03:52:55.683 87 INFO oslo.messaging._drivers.impl_rabbit [None req-6ff700c5-1cd4-4a9d-9bce-0e8a109ce166 - - - - - -] [89425589-d94c-431e-a875-9e894f508d70] Stream Queue.declare: cinder-volume_fanout after offset last
2026-10-10 03:52:55.704 87 INFO oslo.messaging._drivers.impl_rabbit [None req-6ff700c5-1cd4-4a9d-9bce-0e8a109ce166 - - - - - -] [f587e219-f2d3-461d-bafb-5a136f47b5ab] Stream Queue.declare: cinder-volume.rack11-server81@LIGHTOSvemhmp_fanout after offset last
2026-10-10 03:52:55.708 87 INFO cinder.volume.manager [None req-6ff700c5-1cd4-4a9d-9bce-0e8a109ce166 - - - - - -] Initializing RPC dependent components of volume driver LightOSVolumeDriver (2.3.12)
2026-10-10 03:52:55.714 87 INFO cinder.volume.manager [None req-6ff700c5-1cd4-4a9d-9bce-0e8a109ce166 - - - - - -] Driver post RPC initialization completed successfully.
2026-10-10 03:54:06.755 87 INFO cinder.volume.flows.manager.create_volume [req-f85a9704-f24f-41fd-9dd3-26b67d2cb66a req-9997c95f-a450-4f29-8ee7-ac38b04284fb 8ddd6e57289b48b4a7cf80135d72f02b 167eabccb87e4d44b334a2d6bb9f09c4 - - - -] Volume 3fa4049b-1d14-4a03-b5c4-e295a3b64134: being created as raw with specification: {'status': 'creating', 'volume_name': 'vol_3fa4049b-1d14-4a03-b5c4-e295a3b64134', 'volume_size': 1}
2026-10-10 03:54:06.755 87 INFO cinder.volume.drivers.lightos [req-f85a9704-f24f-41fd-9dd3-26b67d2cb66a req-9997c95f-a450-4f29-8ee7-ac38b04284fb 8ddd6e57289b48b4a7cf80135d72f02b 167eabccb87e4d44b334a2d6bb9f09c4 - - - -] Invoking get_volume_by_name using GET url: /api/v2/projects/default/volumes/?name=vol_3fa4049b-1d14-4a03-b5c4-e295a3b64134             request.body: {} ssl_verify: False
2026-10-10 03:54:06.791 87 WARNING py.warnings [req-f85a9704-f24f-41fd-9dd3-26b67d2cb66a req-9997c95f-a450-4f29-8ee7-ac38b04284fb 8ddd6e57289b48b4a7cf80135d72f02b 167eabccb87e4d44b334a2d6bb9f09c4 - - - -] /var/lib/kolla/venv/lib/python3.12/site-packages/urllib3/connectionpool.py:1110: InsecureRequestWarning: Unverified HTTPS request is being made to host '[LB_IP_ADDRESS]'. Adding certificate verification is strongly advised. See: https://urllib3.readthedocs.io/en/latest/advanced-usage.html#tls-warnings
  warnings.warn(

2026-10-10 03:54:06.815 87 INFO cinder.volume.flows.manager.create_volume [req-fdeab32a-ebcb-4dd1-ba43-185ca850e16c req-fd6ef81c-0601-4e5f-9d08-14ad0c208404 c960d2caa0c94ad89d6a8745df5b7131 60053d4fff324b0fb1d9a6b32d190b4f - - - -] Volume 5bfdd92c-0b06-4842-bb65-fe4318846900: being created as raw with specification: {'status': 'creating', 'volume_name': 'vol_5bfdd92c-0b06-4842-bb65-fe4318846900', 'volume_size': 1}
2026-10-10 03:54:06.815 87 INFO cinder.volume.drivers.lightos [req-fdeab32a-ebcb-4dd1-ba43-185ca850e16c req-fd6ef81c-0601-4e5f-9d08-14ad0c208404 c960d2caa0c94ad89d6a8745df5b7131 60053d4fff324b0fb1d9a6b32d190b4f - - - -] Invoking get_volume_by_name using GET url: /api/v2/projects/default/volumes/?name=vol_5bfdd92c-0b06-4842-bb65-fe4318846900             request.body: {} ssl_verify: False
2026-10-10 03:54:06.818 87 INFO cinder.volume.drivers.lightos [req-f85a9704-f24f-41fd-9dd3-26b67d2cb66a req-9997c95f-a450-4f29-8ee7-ac38b04284fb 8ddd6e57289b48b4a7cf80135d72f02b 167eabccb87e4d44b334a2d6bb9f09c4 - - - -] Invoking create_volume using POST url: /api/v2/projects/default/volumes             request.body: {'name': 'vol_3fa4049b-1d14-4a03-b5c4-e295a3b64134', 'size': '1 gib', 'replicaCount': '3', 'compression': 'False', 'acl': {'values': ['ALLOW_NONE']}, 'IPAcl': {'values': ['ALLOW_NONE']}, 'sourceSnapshotUUID': None, 'sourceSnapshotName': None} ssl_verify: False
2026-10-10 03:54:06.872 87 WARNING py.warnings [req-fdeab32a-ebcb-4dd1-ba43-185ca850e16c req-fd6ef81c-0601-4e5f-9d08-14ad0c208404 c960d2caa0c94ad89d6a8745df5b7131 60053d4fff324b0fb1d9a6b32d190b4f - - - -] /var/lib/kolla/venv/lib/python3.12/site-packages/urllib3/connectionpool.py:1110: InsecureRequestWarning: Unverified HTTPS request is being made to host '[LB_IP_ADDRESS]'. Adding certificate verification is strongly advised. See: https://urllib3.readthedocs.io/en/latest/advanced-usage.html#tls-warnings
  warnings.warn(

2026-10-10 03:54:06.879 87 WARNING py.warnings [req-f85a9704-f24f-41fd-9dd3-26b67d2cb66a req-9997c95f-a450-4f29-8ee7-ac38b04284fb 8ddd6e57289b48b4a7cf80135d72f02b 167eabccb87e4d44b334a2d6bb9f09c4 - - - -] /var/lib/kolla/venv/lib/python3.12/site-packages/urllib3/connectionpool.py:1110: InsecureRequestWarning: Unverified HTTPS request is being made to host '[LB_IP_ADDRESS]'. Adding certificate verification is strongly advised. See: https://urllib3.readthedocs.io/en/latest/advanced-usage.html#tls-warnings
  warnings.warn(

2026-10-10 03:54:06.886 87 INFO cinder.volume.drivers.lightos [req-fdeab32a-ebcb-4dd1-ba43-185ca850e16c req-fd6ef81c-0601-4e5f-9d08-14ad0c208404 c960d2caa0c94ad89d6a8745df5b7131 60053d4fff324b0fb1d9a6b32d190b4f - - - -] Invoking create_volume using POST url: /api/v2/projects/default/volumes             request.body: {'name': 'vol_5bfdd92c-0b06-4842-bb65-fe4318846900', 'size': '1 gib', 'replicaCount': '3', 'compression': 'False', 'acl': {'values': ['ALLOW_NONE']}, 'IPAcl': {'values': ['ALLOW_NONE']}, 'sourceSnapshotUUID': None, 'sourceSnapshotName': None} ssl_verify: False
2026-10-10 03:54:06.918 87 INFO cinder.volume.drivers.lightos [req-f85a9704-f24f-41fd-9dd3-26b67d2cb66a req-9997c95f-a450-4f29-8ee7-ac38b04284fb 8ddd6e57289b48b4a7cf80135d72f02b 167eabccb87e4d44b334a2d6bb9f09c4 - - - -] Invoking get_volume using GET url: /api/v2/projects/default/volumes/30e681e2-08bd-4c12-bee5-31f6deadef39             request.body: {} ssl_verify: False
2026-10-10 03:54:06.949 87 WARNING py.warnings [req-fdeab32a-ebcb-4dd1-ba43-185ca850e16c req-fd6ef81c-0601-4e5f-9d08-14ad0c208404 c960d2caa0c94ad89d6a8745df5b7131 60053d4fff324b0fb1d9a6b32d190b4f - - - -] /var/lib/kolla/venv/lib/python3.12/site-packages/urllib3/connectionpool.py:1110: InsecureRequestWarning: Unverified HTTPS request is being made to host '[LB_IP_ADDRESS]'. Adding certificate verification is strongly advised. See: https://urllib3.readthedocs.io/en/latest/advanced-usage.html#tls-warnings
  warnings.warn(

2026-10-10 03:54:06.952 87 WARNING py.warnings [req-f85a9704-f24f-41fd-9dd3-26b67d2cb66a req-9997c95f-a450-4f29-8ee7-ac38b04284fb 8ddd6e57289b48b4a7cf80135d72f02b 167eabccb87e4d44b334a2d6bb9f09c4 - - - -] /var/lib/kolla/venv/lib/python3.12/site-packages/urllib3/connectionpool.py:1110: InsecureRequestWarning: Unverified HTTPS request is being made to host '[LB_IP_ADDRESS]'. Adding certificate verification is strongly advised. See: https://urllib3.readthedocs.io/en/latest/advanced-usage.html#tls-warnings
  warnings.warn(

2026-10-10 03:54:06.974 87 INFO cinder.volume.drivers.lightos [req-fdeab32a-ebcb-4dd1-ba43-185ca850e16c req-fd6ef81c-0601-4e5f-9d08-14ad0c208404 c960d2caa0c94ad89d6a8745df5b7131 60053d4fff324b0fb1d9a6b32d190b4f - - - -] Invoking get_volume using GET url: /api/v2/projects/default/volumes/287674e0-eea3-42e1-aad2-a59386b7d0df             request.body: {} ssl_verify: False
2026-10-10 03:54:07.023 87 WARNING py.warnings [req-fdeab32a-ebcb-4dd1-ba43-185ca850e16c req-fd6ef81c-0601-4e5f-9d08-14ad0c208404 c960d2caa0c94ad89d6a8745df5b7131 60053d4fff324b0fb1d9a6b32d190b4f - - - -] /var/lib/kolla/venv/lib/python3.12/site-packages/urllib3/connectionpool.py:1110: InsecureRequestWarning: Unverified HTTPS request is being made to host '[LB_IP_ADDRESS]'. Adding certificate verification is strongly advised. See: https://urllib3.readthedocs.io/en/latest/advanced-usage.html#tls-warnings
  warnings.warn(

2026-10-10 03:54:07.061 87 INFO cinder.volume.flows.manager.create_volume [req-fdeab32a-ebcb-4dd1-ba43-185ca850e16c req-fd6ef81c-0601-4e5f-9d08-14ad0c208404 c960d2caa0c94ad89d6a8745df5b7131 60053d4fff324b0fb1d9a6b32d190b4f - - - -] Volume vol_5bfdd92c-0b06-4842-bb65-fe4318846900 (5bfdd92c-0b06-4842-bb65-fe4318846900): created successfully
2026-10-10 03:54:07.069 87 INFO cinder.volume.manager [req-fdeab32a-ebcb-4dd1-ba43-185ca850e16c req-fd6ef81c-0601-4e5f-9d08-14ad0c208404 c960d2caa0c94ad89d6a8745df5b7131 60053d4fff324b0fb1d9a6b32d190b4f - - - -] Created volume successfully.
2026-10-10 03:54:07.965 87 INFO cinder.volume.drivers.lightos [req-f85a9704-f24f-41fd-9dd3-26b67d2cb66a req-9997c95f-a450-4f29-8ee7-ac38b04284fb 8ddd6e57289b48b4a7cf80135d72f02b 167eabccb87e4d44b334a2d6bb9f09c4 - - - -] Invoking get_volume using GET url: /api/v2/projects/default/volumes/30e681e2-08bd-4c12-bee5-31f6deadef39             request.body: {} ssl_verify: False
2026-10-10 03:54:08.011 87 WARNING py.warnings [req-f85a9704-f24f-41fd-9dd3-26b67d2cb66a req-9997c95f-a450-4f29-8ee7-ac38b04284fb 8ddd6e57289b48b4a7cf80135d72f02b 167eabccb87e4d44b334a2d6bb9f09c4 - - - -] /var/lib/kolla/venv/lib/python3.12/site-packages/urllib3/connectionpool.py:1110: InsecureRequestWarning: Unverified HTTPS request is being made to host '[LB_IP_ADDRESS]'. Adding certificate verification is strongly advised. See: https://urllib3.readthedocs.io/en/latest/advanced-usage.html#tls-warnings
  warnings.warn(

2026-10-10 03:54:08.044 87 INFO cinder.volume.flows.manager.create_volume [req-f85a9704-f24f-41fd-9dd3-26b67d2cb66a req-9997c95f-a450-4f29-8ee7-ac38b04284fb 8ddd6e57289b48b4a7cf80135d72f02b 167eabccb87e4d44b334a2d6bb9f09c4 - - - -] Volume vol_3fa4049b-1d14-4a03-b5c4-e295a3b64134 (3fa4049b-1d14-4a03-b5c4-e295a3b64134): created successfully
2026-10-10 03:54:08.052 87 INFO cinder.volume.manager [req-f85a9704-f24f-41fd-9dd3-26b67d2cb66a req-9997c95f-a450-4f29-8ee7-ac38b04284fb 8ddd6e57289b48b4a7cf80135d72f02b 167eabccb87e4d44b334a2d6bb9f09c4 - - - -] Created volume successfully.
2026-10-10 03:54:08.320 87 INFO cinder.volume.drivers.lightos [req-bca1983a-2f6b-4b9f-8b69-e70ba78f64ba req-5ce10b18-b22a-4f7b-8433-f24dae31d92e c960d2caa0c94ad89d6a8745df5b7131 60053d4fff324b0fb1d9a6b32d190b4f - - - -] Invoking get_snapshot_by_name using GET url: /api/v2/projects/default/snapshots/?Name=snapshot-9c6e19be-35f9-47d6-acb0-6fc9e6575649             request.body: {} ssl_verify: False
2026-10-10 03:54:08.357 87 WARNING py.warnings [req-bca1983a-2f6b-4b9f-8b69-e70ba78f64ba req-5ce10b18-b22a-4f7b-8433-f24dae31d92e c960d2caa0c94ad89d6a8745df5b7131 60053d4fff324b0fb1d9a6b32d190b4f - - - -] /var/lib/kolla/venv/lib/python3.12/site-packages/urllib3/connectionpool.py:1110: InsecureRequestWarning: Unverified HTTPS request is being made to host '[LB_IP_ADDRESS]'. Adding certificate verification is strongly advised. See: https://urllib3.readthedocs.io/en/latest/advanced-usage.html#tls-warnings
  warnings.warn(

2026-10-10 03:54:08.368 87 INFO cinder.volume.drivers.lightos [req-bca1983a-2f6b-4b9f-8b69-e70ba78f64ba req-5ce10b18-b22a-4f7b-8433-f24dae31d92e c960d2caa0c94ad89d6a8745df5b7131 60053d4fff324b0fb1d9a6b32d190b4f - - - -] Invoking create_snapshot using POST url: /api/v2/projects/default/snapshots             request.body: {'name': 'snapshot-9c6e19be-35f9-47d6-acb0-6fc9e6575649', 'sourceVolumeUUID': None, 'sourceVolumeName': 'vol_5bfdd92c-0b06-4842-bb65-fe4318846900'} ssl_verify: False
2026-10-10 03:54:08.407 87 WARNING py.warnings [req-bca1983a-2f6b-4b9f-8b69-e70ba78f64ba req-5ce10b18-b22a-4f7b-8433-f24dae31d92e c960d2caa0c94ad89d6a8745df5b7131 60053d4fff324b0fb1d9a6b32d190b4f - - - -] /var/lib/kolla/venv/lib/python3.12/site-packages/urllib3/connectionpool.py:1110: InsecureRequestWarning: Unverified HTTPS request is being made to host '[LB_IP_ADDRESS]'. Adding certificate verification is strongly advised. See: https://urllib3.readthedocs.io/en/latest/advanced-usage.html#tls-warnings
  warnings.warn(

2026-10-10 03:54:08.438 87 INFO cinder.volume.drivers.lightos [req-bca1983a-2f6b-4b9f-8b69-e70ba78f64ba req-5ce10b18-b22a-4f7b-8433-f24dae31d92e c960d2caa0c94ad89d6a8745df5b7131 60053d4fff324b0fb1d9a6b32d190b4f - - - -] Invoking get_snapshot_by_name using GET url: /api/v2/projects/default/snapshots/?Name=snapshot-9c6e19be-35f9-47d6-acb0-6fc9e6575649             request.body: {} ssl_verify: False
2026-10-10 03:54:08.488 87 WARNING py.warnings [req-bca1983a-2f6b-4b9f-8b69-e70ba78f64ba req-5ce10b18-b22a-4f7b-8433-f24dae31d92e c960d2caa0c94ad89d6a8745df5b7131 60053d4fff324b0fb1d9a6b32d190b4f - - - -] /var/lib/kolla/venv/lib/python3.12/site-packages/urllib3/connectionpool.py:1110: InsecureRequestWarning: Unverified HTTPS request is being made to host '[LB_IP_ADDRESS]'. Adding certificate verification is strongly advised. See: https://urllib3.readthedocs.io/en/latest/advanced-usage.html#tls-warnings
  warnings.warn(

2026-10-10 03:54:09.311 87 INFO cinder.volume.drivers.lightos [req-c384318a-bb38-4e86-b5c3-66a1ac36ebe5 req-3fbfbf97-d4cd-401e-83b3-4397a521eafa 8ddd6e57289b48b4a7cf80135d72f02b 167eabccb87e4d44b334a2d6bb9f09c4 - - default default] Invoking delete_volume using DELETE url: /api/v2/projects/default/volumes/30e681e2-08bd-4c12-bee5-31f6deadef39?             request.body:  ssl_verify: False
2026-10-10 03:54:09.349 87 WARNING py.warnings [req-c384318a-bb38-4e86-b5c3-66a1ac36ebe5 req-3fbfbf97-d4cd-401e-83b3-4397a521eafa 8ddd6e57289b48b4a7cf80135d72f02b 167eabccb87e4d44b334a2d6bb9f09c4 - - default default] /var/lib/kolla/venv/lib/python3.12/site-packages/urllib3/connectionpool.py:1110: InsecureRequestWarning: Unverified HTTPS request is being made to host '[LB_IP_ADDRESS]'. Adding certificate verification is strongly advised. See: https://urllib3.readthedocs.io/en/latest/advanced-usage.html#tls-warnings
  warnings.warn(

2026-10-10 03:54:09.384 87 INFO cinder.volume.drivers.lightos [req-c384318a-bb38-4e86-b5c3-66a1ac36ebe5 req-3fbfbf97-d4cd-401e-83b3-4397a521eafa 8ddd6e57289b48b4a7cf80135d72f02b 167eabccb87e4d44b334a2d6bb9f09c4 - - default default] Invoking get_volume using GET url: /api/v2/projects/default/volumes/30e681e2-08bd-4c12-bee5-31f6deadef39             request.body: {} ssl_verify: False
2026-10-10 03:54:09.437 87 WARNING py.warnings [req-c384318a-bb38-4e86-b5c3-66a1ac36ebe5 req-3fbfbf97-d4cd-401e-83b3-4397a521eafa 8ddd6e57289b48b4a7cf80135d72f02b 167eabccb87e4d44b334a2d6bb9f09c4 - - default default] /var/lib/kolla/venv/lib/python3.12/site-packages/urllib3/connectionpool.py:1110: InsecureRequestWarning: Unverified HTTPS request is being made to host '[LB_IP_ADDRESS]'. Adding certificate verification is strongly advised. See: https://urllib3.readthedocs.io/en/latest/advanced-usage.html#tls-warnings
  warnings.warn(

2026-10-10 03:54:09.548 87 WARNING cinder.quota [req-c384318a-bb38-4e86-b5c3-66a1ac36ebe5 req-3fbfbf97-d4cd-401e-83b3-4397a521eafa 8ddd6e57289b48b4a7cf80135d72f02b 167eabccb87e4d44b334a2d6bb9f09c4 - - default default] Deprecated: Default quota for resource: volumes___DEFAULT__ is set by the default quota flag: quota_volumes___DEFAULT__, it is now deprecated. Please use the default quota class for default quota.
2026-10-10 03:54:09.548 87 WARNING cinder.quota [req-c384318a-bb38-4e86-b5c3-66a1ac36ebe5 req-3fbfbf97-d4cd-401e-83b3-4397a521eafa 8ddd6e57289b48b4a7cf80135d72f02b 167eabccb87e4d44b334a2d6bb9f09c4 - - default default] Deprecated: Default quota for resource: gigabytes___DEFAULT__ is set by the default quota flag: quota_gigabytes___DEFAULT__, it is now deprecated. Please use the default quota class for default quota.
2026-10-10 03:54:09.572 87 INFO cinder.volume.drivers.lightos [req-bca1983a-2f6b-4b9f-8b69-e70ba78f64ba req-5ce10b18-b22a-4f7b-8433-f24dae31d92e c960d2caa0c94ad89d6a8745df5b7131 60053d4fff324b0fb1d9a6b32d190b4f - - - -] Invoking get_snapshot_by_name using GET url: /api/v2/projects/default/snapshots/?Name=snapshot-9c6e19be-35f9-47d6-acb0-6fc9e6575649             request.body: {} ssl_verify: False
2026-10-10 03:54:09.607 87 WARNING py.warnings [req-bca1983a-2f6b-4b9f-8b69-e70ba78f64ba req-5ce10b18-b22a-4f7b-8433-f24dae31d92e c960d2caa0c94ad89d6a8745df5b7131 60053d4fff324b0fb1d9a6b32d190b4f - - - -] /var/lib/kolla/venv/lib/python3.12/site-packages/urllib3/connectionpool.py:1110: InsecureRequestWarning: Unverified HTTPS request is being made to host '[LB_IP_ADDRESS]'. Adding certificate verification is strongly advised. See: https://urllib3.readthedocs.io/en/latest/advanced-usage.html#tls-warnings
  warnings.warn(

2026-10-10 03:54:09.639 87 INFO cinder.volume.manager [req-bca1983a-2f6b-4b9f-8b69-e70ba78f64ba req-5ce10b18-b22a-4f7b-8433-f24dae31d92e c960d2caa0c94ad89d6a8745df5b7131 60053d4fff324b0fb1d9a6b32d190b4f - - - -] Create snapshot completed successfully
2026-10-10 03:54:09.649 87 INFO cinder.volume.manager [req-c384318a-bb38-4e86-b5c3-66a1ac36ebe5 req-3fbfbf97-d4cd-401e-83b3-4397a521eafa 8ddd6e57289b48b4a7cf80135d72f02b 167eabccb87e4d44b334a2d6bb9f09c4 - - default default] Deleted volume successfully.
2026-10-10 03:54:10.565 87 INFO cinder.volume.drivers.lightos [req-5346388c-caee-48bb-94fa-53d2734a81dd req-64308515-3060-440b-9df3-156bc7d8cf06 c960d2caa0c94ad89d6a8745df5b7131 60053d4fff324b0fb1d9a6b32d190b4f - - default default] Invoking get_snapshot_by_name using GET url: /api/v2/projects/default/snapshots/?Name=snapshot-9c6e19be-35f9-47d6-acb0-6fc9e6575649             request.body: {} ssl_verify: False
2026-10-10 03:54:10.607 87 WARNING py.warnings [req-5346388c-caee-48bb-94fa-53d2734a81dd req-64308515-3060-440b-9df3-156bc7d8cf06 c960d2caa0c94ad89d6a8745df5b7131 60053d4fff324b0fb1d9a6b32d190b4f - - default default] /var/lib/kolla/venv/lib/python3.12/site-packages/urllib3/connectionpool.py:1110: InsecureRequestWarning: Unverified HTTPS request is being made to host '[LB_IP_ADDRESS]'. Adding certificate verification is strongly advised. See: https://urllib3.readthedocs.io/en/latest/advanced-usage.html#tls-warnings
  warnings.warn(

2026-10-10 03:54:10.621 87 INFO cinder.volume.drivers.lightos [req-5346388c-caee-48bb-94fa-53d2734a81dd req-64308515-3060-440b-9df3-156bc7d8cf06 c960d2caa0c94ad89d6a8745df5b7131 60053d4fff324b0fb1d9a6b32d190b4f - - default default] Invoking delete_snapshot using DELETE url: /api/v2/projects/default/snapshots/2c0157ae-192c-4cfd-89cf-a864f312150e?             request.body:  ssl_verify: False
2026-10-10 03:54:10.664 87 WARNING py.warnings [req-5346388c-caee-48bb-94fa-53d2734a81dd req-64308515-3060-440b-9df3-156bc7d8cf06 c960d2caa0c94ad89d6a8745df5b7131 60053d4fff324b0fb1d9a6b32d190b4f - - default default] /var/lib/kolla/venv/lib/python3.12/site-packages/urllib3/connectionpool.py:1110: InsecureRequestWarning: Unverified HTTPS request is being made to host '[LB_IP_ADDRESS]'. Adding certificate verification is strongly advised. See: https://urllib3.readthedocs.io/en/latest/advanced-usage.html#tls-warnings
  warnings.warn(

2026-10-10 03:54:10.690 87 INFO cinder.volume.drivers.lightos [req-5346388c-caee-48bb-94fa-53d2734a81dd req-64308515-3060-440b-9df3-156bc7d8cf06 c960d2caa0c94ad89d6a8745df5b7131 60053d4fff324b0fb1d9a6b32d190b4f - - default default] Invoking get_snapshot using GET url: /api/v2/projects/default/snapshots/2c0157ae-192c-4cfd-89cf-a864f312150e             request.body: {} ssl_verify: False
2026-10-10 03:54:10.742 87 WARNING py.warnings [req-5346388c-caee-48bb-94fa-53d2734a81dd req-64308515-3060-440b-9df3-156bc7d8cf06 c960d2caa0c94ad89d6a8745df5b7131 60053d4fff324b0fb1d9a6b32d190b4f - - default default] /var/lib/kolla/venv/lib/python3.12/site-packages/urllib3/connectionpool.py:1110: InsecureRequestWarning: Unverified HTTPS request is being made to host '[LB_IP_ADDRESS]'. Adding certificate verification is strongly advised. See: https://urllib3.readthedocs.io/en/latest/advanced-usage.html#tls-warnings
  warnings.warn(

2026-10-10 03:54:10.840 87 WARNING cinder.quota [req-5346388c-caee-48bb-94fa-53d2734a81dd req-64308515-3060-440b-9df3-156bc7d8cf06 c960d2caa0c94ad89d6a8745df5b7131 60053d4fff324b0fb1d9a6b32d190b4f - - default default] Deprecated: Default quota for resource: snapshots___DEFAULT__ is set by the default quota flag: quota_snapshots___DEFAULT__, it is now deprecated. Please use the default quota class for default quota.
2026-10-10 03:54:10.885 87 INFO cinder.volume.manager [req-5346388c-caee-48bb-94fa-53d2734a81dd req-64308515-3060-440b-9df3-156bc7d8cf06 c960d2caa0c94ad89d6a8745df5b7131 60053d4fff324b0fb1d9a6b32d190b4f - - default default] Delete snapshot completed successfully.
2026-10-10 03:54:11.739 87 INFO cinder.volume.drivers.lightos [req-2e285ac3-1b43-4b02-b01e-ba58845af844 req-49213cfe-7949-428a-b237-bf340e1c578d c960d2caa0c94ad89d6a8745df5b7131 60053d4fff324b0fb1d9a6b32d190b4f - - default default] Invoking delete_volume using DELETE url: /api/v2/projects/default/volumes/287674e0-eea3-42e1-aad2-a59386b7d0df?             request.body:  ssl_verify: False
2026-10-10 03:54:11.776 87 WARNING py.warnings [req-2e285ac3-1b43-4b02-b01e-ba58845af844 req-49213cfe-7949-428a-b237-bf340e1c578d c960d2caa0c94ad89d6a8745df5b7131 60053d4fff324b0fb1d9a6b32d190b4f - - default default] /var/lib/kolla/venv/lib/python3.12/site-packages/urllib3/connectionpool.py:1110: InsecureRequestWarning: Unverified HTTPS request is being made to host '[LB_IP_ADDRESS]'. Adding certificate verification is strongly advised. See: https://urllib3.readthedocs.io/en/latest/advanced-usage.html#tls-warnings
  warnings.warn(

2026-10-10 03:54:11.808 87 INFO cinder.volume.drivers.lightos [req-2e285ac3-1b43-4b02-b01e-ba58845af844 req-49213cfe-7949-428a-b237-bf340e1c578d c960d2caa0c94ad89d6a8745df5b7131 60053d4fff324b0fb1d9a6b32d190b4f - - default default] Invoking get_volume using GET url: /api/v2/projects/default/volumes/287674e0-eea3-42e1-aad2-a59386b7d0df             request.body: {} ssl_verify: False
2026-10-10 03:54:11.861 87 WARNING py.warnings [req-2e285ac3-1b43-4b02-b01e-ba58845af844 req-49213cfe-7949-428a-b237-bf340e1c578d c960d2caa0c94ad89d6a8745df5b7131 60053d4fff324b0fb1d9a6b32d190b4f - - default default] /var/lib/kolla/venv/lib/python3.12/site-packages/urllib3/connectionpool.py:1110: InsecureRequestWarning: Unverified HTTPS request is being made to host '[LB_IP_ADDRESS]'. Adding certificate verification is strongly advised. See: https://urllib3.readthedocs.io/en/latest/advanced-usage.html#tls-warnings
  warnings.warn(

2026-10-10 03:54:12.022 87 INFO cinder.volume.manager [req-2e285ac3-1b43-4b02-b01e-ba58845af844 req-49213cfe-7949-428a-b237-bf340e1c578d c960d2caa0c94ad89d6a8745df5b7131 60053d4fff324b0fb1d9a6b32d190b4f - - default default] Deleted volume successfully.
2026-10-10 03:54:14.557 87 INFO cinder.volume.manager [None req-a74b2711-2709-4d33-88b7-237de4468963 d44e3d263871440b921481f5114c6564 895e16afd2a04ed08c682e2927d1c694 - - - -] Group tempest-GroupSnapshotsTest-Group-291928280: creating
2026-10-10 03:54:14.578 87 INFO cinder.volume.manager [None req-a74b2711-2709-4d33-88b7-237de4468963 d44e3d263871440b921481f5114c6564 895e16afd2a04ed08c682e2927d1c694 - - - -] Group tempest-GroupSnapshotsTest-Group-291928280: created successfully
2026-10-10 03:54:14.585 87 INFO cinder.volume.manager [None req-a74b2711-2709-4d33-88b7-237de4468963 d44e3d263871440b921481f5114c6564 895e16afd2a04ed08c682e2927d1c694 - - - -] Create group completed successfully.
2026-10-10 03:54:16.176 87 INFO cinder.volume.flows.manager.create_volume [None req-f91d0e5d-de08-4b7b-b4c1-a8c4eeb1c358 d44e3d263871440b921481f5114c6564 895e16afd2a04ed08c682e2927d1c694 - - - -] Volume ce2d8714-305e-4609-991f-0bdddddfd8e0: being created as raw with specification: {'status': 'creating', 'volume_name': 'vol_ce2d8714-305e-4609-991f-0bdddddfd8e0', 'volume_size': 1}
2026-10-10 03:54:16.176 87 INFO cinder.volume.drivers.lightos [None req-f91d0e5d-de08-4b7b-b4c1-a8c4eeb1c358 d44e3d263871440b921481f5114c6564 895e16afd2a04ed08c682e2927d1c694 - - - -] Invoking get_volume_by_name using GET url: /api/v2/projects/default/volumes/?name=vol_ce2d8714-305e-4609-991f-0bdddddfd8e0             request.body: {} ssl_verify: False
2026-10-10 03:54:16.216 87 WARNING py.warnings [None req-f91d0e5d-de08-4b7b-b4c1-a8c4eeb1c358 d44e3d263871440b921481f5114c6564 895e16afd2a04ed08c682e2927d1c694 - - - -] /var/lib/kolla/venv/lib/python3.12/site-packages/urllib3/connectionpool.py:1110: InsecureRequestWarning: Unverified HTTPS request is being made to host '[LB_IP_ADDRESS]'. Adding certificate verification is strongly advised. See: https://urllib3.readthedocs.io/en/latest/advanced-usage.html#tls-warnings
  warnings.warn(

2026-10-10 03:54:16.235 87 INFO cinder.volume.flows.manager.create_volume [None req-ffb6bec6-fd42-4043-9b99-fe0597489caf e46a0d84da19492c94d07801ee93ec6b b2a32c3b5931421d86cc2e6c19f937f2 - - - -] Volume 490e0776-1e70-41cb-bda2-4aa1d5c999f5: being created as raw with specification: {'status': 'creating', 'volume_name': 'vol_490e0776-1e70-41cb-bda2-4aa1d5c999f5', 'volume_size': 1}
2026-10-10 03:54:16.235 87 INFO cinder.volume.drivers.lightos [None req-ffb6bec6-fd42-4043-9b99-fe0597489caf e46a0d84da19492c94d07801ee93ec6b b2a32c3b5931421d86cc2e6c19f937f2 - - - -] Invoking get_volume_by_name using GET url: /api/v2/projects/default/volumes/?name=vol_490e0776-1e70-41cb-bda2-4aa1d5c999f5             request.body: {} ssl_verify: False
2026-10-10 03:54:16.238 87 INFO cinder.volume.drivers.lightos [None req-f91d0e5d-de08-4b7b-b4c1-a8c4eeb1c358 d44e3d263871440b921481f5114c6564 895e16afd2a04ed08c682e2927d1c694 - - - -] Invoking create_volume using POST url: /api/v2/projects/default/volumes             request.body: {'name': 'vol_ce2d8714-305e-4609-991f-0bdddddfd8e0', 'size': '1 gib', 'replicaCount': '3', 'compression': 'False', 'acl': {'values': ['ALLOW_NONE']}, 'IPAcl': {'values': ['ALLOW_NONE']}, 'sourceSnapshotUUID': None, 'sourceSnapshotName': None} ssl_verify: False
2026-10-10 03:54:16.292 87 WARNING py.warnings [None req-ffb6bec6-fd42-4043-9b99-fe0597489caf e46a0d84da19492c94d07801ee93ec6b b2a32c3b5931421d86cc2e6c19f937f2 - - - -] /var/lib/kolla/venv/lib/python3.12/site-packages/urllib3/connectionpool.py:1110: InsecureRequestWarning: Unverified HTTPS request is being made to host '[LB_IP_ADDRESS]'. Adding certificate verification is strongly advised. See: https://urllib3.readthedocs.io/en/latest/advanced-usage.html#tls-warnings
  warnings.warn(

2026-10-10 03:54:16.301 87 WARNING py.warnings [None req-f91d0e5d-de08-4b7b-b4c1-a8c4eeb1c358 d44e3d263871440b921481f5114c6564 895e16afd2a04ed08c682e2927d1c694 - - - -] /var/lib/kolla/venv/lib/python3.12/site-packages/urllib3/connectionpool.py:1110: InsecureRequestWarning: Unverified HTTPS request is being made to host '[LB_IP_ADDRESS]'. Adding certificate verification is strongly advised. See: https://urllib3.readthedocs.io/en/latest/advanced-usage.html#tls-warnings
  warnings.warn(

2026-10-10 03:54:16.307 87 INFO cinder.volume.drivers.lightos [None req-ffb6bec6-fd42-4043-9b99-fe0597489caf e46a0d84da19492c94d07801ee93ec6b b2a32c3b5931421d86cc2e6c19f937f2 - - - -] Invoking create_volume using POST url: /api/v2/projects/default/volumes             request.body: {'name': 'vol_490e0776-1e70-41cb-bda2-4aa1d5c999f5', 'size': '1 gib', 'replicaCount': '3', 'compression': 'False', 'acl': {'values': ['ALLOW_NONE']}, 'IPAcl': {'values': ['ALLOW_NONE']}, 'sourceSnapshotUUID': None, 'sourceSnapshotName': None} ssl_verify: False
2026-10-10 03:54:16.343 87 WARNING py.warnings [None req-ffb6bec6-fd42-4043-9b99-fe0597489caf e46a0d84da19492c94d07801ee93ec6b b2a32c3b5931421d86cc2e6c19f937f2 - - - -] /var/lib/kolla/venv/lib/python3.12/site-packages/urllib3/connectionpool.py:1110: InsecureRequestWarning: Unverified HTTPS request is being made to host '[LB_IP_ADDRESS]'. Adding certificate verification is strongly advised. See: https://urllib3.readthedocs.io/en/latest/advanced-usage.html#tls-warnings
  warnings.warn(

2026-10-10 03:54:16.344 87 INFO cinder.volume.drivers.lightos [None req-f91d0e5d-de08-4b7b-b4c1-a8c4eeb1c358 d44e3d263871440b921481f5114c6564 895e16afd2a04ed08c682e2927d1c694 - - - -] Invoking get_volume using GET url: /api/v2/projects/default/volumes/a6466222-2bd1-46d7-8aa5-8f8aca24acb1             request.body: {} ssl_verify: False
2026-10-10 03:54:16.389 87 WARNING py.warnings [None req-f91d0e5d-de08-4b7b-b4c1-a8c4eeb1c358 d44e3d263871440b921481f5114c6564 895e16afd2a04ed08c682e2927d1c694 - - - -] /var/lib/kolla/venv/lib/python3.12/site-packages/urllib3/connectionpool.py:1110: InsecureRequestWarning: Unverified HTTPS request is being made to host '[LB_IP_ADDRESS]'. Adding certificate verification is strongly advised. See: https://urllib3.readthedocs.io/en/latest/advanced-usage.html#tls-warnings
  warnings.warn(

2026-10-10 03:54:16.401 87 INFO cinder.volume.drivers.lightos [None req-ffb6bec6-fd42-4043-9b99-fe0597489caf e46a0d84da19492c94d07801ee93ec6b b2a32c3b5931421d86cc2e6c19f937f2 - - - -] Invoking get_volume using GET url: /api/v2/projects/default/volumes/152bd3b6-4a36-4660-9c08-9d1ae8b3ad93             request.body: {} ssl_verify: False
2026-10-10 03:54:16.450 87 WARNING py.warnings [None req-ffb6bec6-fd42-4043-9b99-fe0597489caf e46a0d84da19492c94d07801ee93ec6b b2a32c3b5931421d86cc2e6c19f937f2 - - - -] /var/lib/kolla/venv/lib/python3.12/site-packages/urllib3/connectionpool.py:1110: InsecureRequestWarning: Unverified HTTPS request is being made to host '[LB_IP_ADDRESS]'. Adding certificate verification is strongly advised. See: https://urllib3.readthedocs.io/en/latest/advanced-usage.html#tls-warnings
  warnings.warn(

2026-10-10 03:54:16.451 87 INFO cinder.volume.flows.manager.create_volume [None req-f91d0e5d-de08-4b7b-b4c1-a8c4eeb1c358 d44e3d263871440b921481f5114c6564 895e16afd2a04ed08c682e2927d1c694 - - - -] Volume vol_ce2d8714-305e-4609-991f-0bdddddfd8e0 (ce2d8714-305e-4609-991f-0bdddddfd8e0): created successfully
2026-10-10 03:54:16.460 87 INFO cinder.volume.manager [None req-f91d0e5d-de08-4b7b-b4c1-a8c4eeb1c358 d44e3d263871440b921481f5114c6564 895e16afd2a04ed08c682e2927d1c694 - - - -] Created volume successfully.
2026-10-10 03:54:16.474 87 INFO cinder.volume.flows.manager.create_volume [None req-ffb6bec6-fd42-4043-9b99-fe0597489caf e46a0d84da19492c94d07801ee93ec6b b2a32c3b5931421d86cc2e6c19f937f2 - - - -] Volume vol_490e0776-1e70-41cb-bda2-4aa1d5c999f5 (490e0776-1e70-41cb-bda2-4aa1d5c999f5): created successfully
2026-10-10 03:54:16.484 87 INFO cinder.volume.manager [None req-ffb6bec6-fd42-4043-9b99-fe0597489caf e46a0d84da19492c94d07801ee93ec6b b2a32c3b5931421d86cc2e6c19f937f2 - - - -] Created volume successfully.
2026-10-10 03:54:17.650 87 INFO cinder.volume.manager [None req-fa9d65c8-e6c8-4dae-8ef2-5fe1c60f2bb9 d44e3d263871440b921481f5114c6564 895e16afd2a04ed08c682e2927d1c694 - - default default] GroupSnapshot d8f08a15-d1f6-4637-885d-914b5b741608: creating.
2026-10-10 03:54:17.695 87 INFO cinder.volume.drivers.lightos [None req-fa9d65c8-e6c8-4dae-8ef2-5fe1c60f2bb9 d44e3d263871440b921481f5114c6564 895e16afd2a04ed08c682e2927d1c694 - - default default] Invoking get_snapshot_by_name using GET url: /api/v2/projects/default/snapshots/?Name=snapshot-25c344d9-629a-4c6b-9584-cbafe6b6f40b             request.body: {} ssl_verify: False
2026-10-10 03:54:17.735 87 WARNING py.warnings [None req-fa9d65c8-e6c8-4dae-8ef2-5fe1c60f2bb9 d44e3d263871440b921481f5114c6564 895e16afd2a04ed08c682e2927d1c694 - - default default] /var/lib/kolla/venv/lib/python3.12/site-packages/urllib3/connectionpool.py:1110: InsecureRequestWarning: Unverified HTTPS request is being made to host '[LB_IP_ADDRESS]'. Adding certificate verification is strongly advised. See: https://urllib3.readthedocs.io/en/latest/advanced-usage.html#tls-warnings
  warnings.warn(
: NotImplementedError
2026-10-10 03:54:17.760 87 INFO cinder.volume.drivers.lightos [None req-fa9d65c8-e6c8-4dae-8ef2-5fe1c60f2bb9 d44e3d263871440b921481f5114c6564 895e16afd2a04ed08c682e2927d1c694 - - default default] Invoking create_snapshot using POST url: /api/v2/projects/default/snapshots             request.body: {'name': 'snapshot-25c344d9-629a-4c6b-9584-cbafe6b6f40b', 'sourceVolumeUUID': None, 'sourceVolumeName': 'vol_ce2d8714-305e-4609-991f-0bdddddfd8e0'} ssl_verify: False
2026-10-10 03:54:17.802 87 WARNING py.warnings [None req-fa9d65c8-e6c8-4dae-8ef2-5fe1c60f2bb9 d44e3d263871440b921481f5114c6564 895e16afd2a04ed08c682e2927d1c694 - - default default] /var/lib/kolla/venv/lib/python3.12/site-packages/urllib3/connectionpool.py:1110: InsecureRequestWarning: Unverified HTTPS request is being made to host '[LB_IP_ADDRESS]'. Adding certificate verification is strongly advised. See: https://urllib3.readthedocs.io/en/latest/advanced-usage.html#tls-warnings
  warnings.warn(
: NotImplementedError
2026-10-10 03:54:17.832 87 INFO cinder.volume.flows.manager.create_volume [None req-e1a0ec7c-5d4e-4e0d-b3a0-23b8ee305d3e e46a0d84da19492c94d07801ee93ec6b b2a32c3b5931421d86cc2e6c19f937f2 - - - -] Volume a0239206-a09a-47ea-9af5-769a2f9a8f22: being created as raw with specification: {'status': 'creating', 'volume_name': 'vol_a0239206-a09a-47ea-9af5-769a2f9a8f22', 'volume_size': 1}
2026-10-10 03:54:17.832 87 INFO cinder.volume.drivers.lightos [None req-e1a0ec7c-5d4e-4e0d-b3a0-23b8ee305d3e e46a0d84da19492c94d07801ee93ec6b b2a32c3b5931421d86cc2e6c19f937f2 - - - -] Invoking get_volume_by_name using GET url: /api/v2/projects/default/volumes/?name=vol_a0239206-a09a-47ea-9af5-769a2f9a8f22             request.body: {} ssl_verify: False
2026-10-10 03:54:17.834 87 INFO cinder.volume.drivers.lightos [None req-fa9d65c8-e6c8-4dae-8ef2-5fe1c60f2bb9 d44e3d263871440b921481f5114c6564 895e16afd2a04ed08c682e2927d1c694 - - default default] Invoking get_snapshot_by_name using GET url: /api/v2/projects/default/snapshots/?Name=snapshot-25c344d9-629a-4c6b-9584-cbafe6b6f40b             request.body: {} ssl_verify: False
2026-10-10 03:54:17.889 87 WARNING py.warnings [None req-e1a0ec7c-5d4e-4e0d-b3a0-23b8ee305d3e e46a0d84da19492c94d07801ee93ec6b b2a32c3b5931421d86cc2e6c19f937f2 - - - -] /var/lib/kolla/venv/lib/python3.12/site-packages/urllib3/connectionpool.py:1110: InsecureRequestWarning: Unverified HTTPS request is being made to host '[LB_IP_ADDRESS]'. Adding certificate verification is strongly advised. See: https://urllib3.readthedocs.io/en/latest/advanced-usage.html#tls-warnings
  warnings.warn(

2026-10-10 03:54:17.895 87 WARNING py.warnings [None req-fa9d65c8-e6c8-4dae-8ef2-5fe1c60f2bb9 d44e3d263871440b921481f5114c6564 895e16afd2a04ed08c682e2927d1c694 - - default default] /var/lib/kolla/venv/lib/python3.12/site-packages/urllib3/connectionpool.py:1110: InsecureRequestWarning: Unverified HTTPS request is being made to host '[LB_IP_ADDRESS]'. Adding certificate verification is strongly advised. See: https://urllib3.readthedocs.io/en/latest/advanced-usage.html#tls-warnings
  warnings.warn(
: NotImplementedError
2026-10-10 03:54:17.909 87 INFO cinder.volume.drivers.lightos [None req-e1a0ec7c-5d4e-4e0d-b3a0-23b8ee305d3e e46a0d84da19492c94d07801ee93ec6b b2a32c3b5931421d86cc2e6c19f937f2 - - - -] Invoking create_volume using POST url: /api/v2/projects/default/volumes             request.body: {'name': 'vol_a0239206-a09a-47ea-9af5-769a2f9a8f22', 'size': '1 gib', 'replicaCount': '3', 'compression': 'False', 'acl': {'values': ['ALLOW_NONE']}, 'IPAcl': {'values': ['ALLOW_NONE']}, 'sourceSnapshotUUID': None, 'sourceSnapshotName': None} ssl_verify: False
2026-10-10 03:54:17.950 87 WARNING py.warnings [None req-e1a0ec7c-5d4e-4e0d-b3a0-23b8ee305d3e e46a0d84da19492c94d07801ee93ec6b b2a32c3b5931421d86cc2e6c19f937f2 - - - -] /var/lib/kolla/venv/lib/python3.12/site-packages/urllib3/connectionpool.py:1110: InsecureRequestWarning: Unverified HTTPS request is being made to host '[LB_IP_ADDRESS]'. Adding certificate verification is strongly advised. See: https://urllib3.readthedocs.io/en/latest/advanced-usage.html#tls-warnings
  warnings.warn(

2026-10-10 03:54:17.989 87 INFO cinder.volume.drivers.lightos [None req-e1a0ec7c-5d4e-4e0d-b3a0-23b8ee305d3e e46a0d84da19492c94d07801ee93ec6b b2a32c3b5931421d86cc2e6c19f937f2 - - - -] Invoking get_volume using GET url: /api/v2/projects/default/volumes/c72c3e8f-27b8-45b0-8ebd-89ce969b374d             request.body: {} ssl_verify: False
2026-10-10 03:54:18.038 87 WARNING py.warnings [None req-e1a0ec7c-5d4e-4e0d-b3a0-23b8ee305d3e e46a0d84da19492c94d07801ee93ec6b b2a32c3b5931421d86cc2e6c19f937f2 - - - -] /var/lib/kolla/venv/lib/python3.12/site-packages/urllib3/connectionpool.py:1110: InsecureRequestWarning: Unverified HTTPS request is being made to host '[LB_IP_ADDRESS]'. Adding certificate verification is strongly advised. See: https://urllib3.readthedocs.io/en/latest/advanced-usage.html#tls-warnings
  warnings.warn(

2026-10-10 03:54:18.090 87 INFO cinder.volume.flows.manager.create_volume [None req-e1a0ec7c-5d4e-4e0d-b3a0-23b8ee305d3e e46a0d84da19492c94d07801ee93ec6b b2a32c3b5931421d86cc2e6c19f937f2 - - - -] Volume vol_a0239206-a09a-47ea-9af5-769a2f9a8f22 (a0239206-a09a-47ea-9af5-769a2f9a8f22): created successfully
2026-10-10 03:54:18.098 87 INFO cinder.volume.manager [None req-e1a0ec7c-5d4e-4e0d-b3a0-23b8ee305d3e e46a0d84da19492c94d07801ee93ec6b b2a32c3b5931421d86cc2e6c19f937f2 - - - -] Created volume successfully.
2026-10-10 03:54:18.975 87 INFO cinder.volume.drivers.lightos [None req-fa9d65c8-e6c8-4dae-8ef2-5fe1c60f2bb9 d44e3d263871440b921481f5114c6564 895e16afd2a04ed08c682e2927d1c694 - - default default] Invoking get_snapshot_by_name using GET url: /api/v2/projects/default/snapshots/?Name=snapshot-25c344d9-629a-4c6b-9584-cbafe6b6f40b             request.body: {} ssl_verify: False
2026-10-10 03:54:19.024 87 WARNING py.warnings [None req-fa9d65c8-e6c8-4dae-8ef2-5fe1c60f2bb9 d44e3d263871440b921481f5114c6564 895e16afd2a04ed08c682e2927d1c694 - - default default] /var/lib/kolla/venv/lib/python3.12/site-packages/urllib3/connectionpool.py:1110: InsecureRequestWarning: Unverified HTTPS request is being made to host '[LB_IP_ADDRESS]'. Adding certificate verification is strongly advised. See: https://urllib3.readthedocs.io/en/latest/advanced-usage.html#tls-warnings
  warnings.warn(
: NotImplementedError
2026-10-10 03:54:19.090 87 INFO cinder.volume.manager [None req-fa9d65c8-e6c8-4dae-8ef2-5fe1c60f2bb9 d44e3d263871440b921481f5114c6564 895e16afd2a04ed08c682e2927d1c694 - - default default] group_snapshot d8f08a15-d1f6-4637-885d-914b5b741608: created successfully
2026-10-10 03:54:19.448 87 INFO cinder.volume.flows.manager.create_volume [None req-ee9fe2c4-cbc0-47e4-9b74-809e828e762f e46a0d84da19492c94d07801ee93ec6b b2a32c3b5931421d86cc2e6c19f937f2 - - - -] Volume bb9c1547-52ec-4c03-be0a-93ab368a80dd: being created as raw with specification: {'status': 'creating', 'volume_name': 'vol_bb9c1547-52ec-4c03-be0a-93ab368a80dd', 'volume_size': 1}
2026-10-10 03:54:19.448 87 INFO cinder.volume.drivers.lightos [None req-ee9fe2c4-cbc0-47e4-9b74-809e828e762f e46a0d84da19492c94d07801ee93ec6b b2a32c3b5931421d86cc2e6c19f937f2 - - - -] Invoking get_volume_by_name using GET url: /api/v2/projects/default/volumes/?name=vol_bb9c1547-52ec-4c03-be0a-93ab368a80dd             request.body: {} ssl_verify: False
2026-10-10 03:54:19.484 87 WARNING py.warnings [None req-ee9fe2c4-cbc0-47e4-9b74-809e828e762f e46a0d84da19492c94d07801ee93ec6b b2a32c3b5931421d86cc2e6c19f937f2 - - - -] /var/lib/kolla/venv/lib/python3.12/site-packages/urllib3/connectionpool.py:1110: InsecureRequestWarning: Unverified HTTPS request is being made to host '[LB_IP_ADDRESS]'. Adding certificate verification is strongly advised. See: https://urllib3.readthedocs.io/en/latest/advanced-usage.html#tls-warnings
  warnings.warn(

2026-10-10 03:54:19.493 87 INFO cinder.volume.drivers.lightos [None req-ee9fe2c4-cbc0-47e4-9b74-809e828e762f e46a0d84da19492c94d07801ee93ec6b b2a32c3b5931421d86cc2e6c19f937f2 - - - -] Invoking create_volume using POST url: /api/v2/projects/default/volumes             request.body: {'name': 'vol_bb9c1547-52ec-4c03-be0a-93ab368a80dd', 'size': '1 gib', 'replicaCount': '3', 'compression': 'False', 'acl': {'values': ['ALLOW_NONE']}, 'IPAcl': {'values': ['ALLOW_NONE']}, 'sourceSnapshotUUID': None, 'sourceSnapshotName': None} ssl_verify: False
2026-10-10 03:54:19.530 87 WARNING py.warnings [None req-ee9fe2c4-cbc0-47e4-9b74-809e828e762f e46a0d84da19492c94d07801ee93ec6b b2a32c3b5931421d86cc2e6c19f937f2 - - - -] /var/lib/kolla/venv/lib/python3.12/site-packages/urllib3/connectionpool.py:1110: InsecureRequestWarning: Unverified HTTPS request is being made to host '[LB_IP_ADDRESS]'. Adding certificate verification is strongly advised. See: https://urllib3.readthedocs.io/en/latest/advanced-usage.html#tls-warnings
  warnings.warn(

2026-10-10 03:54:19.561 87 INFO cinder.volume.drivers.lightos [None req-ee9fe2c4-cbc0-47e4-9b74-809e828e762f e46a0d84da19492c94d07801ee93ec6b b2a32c3b5931421d86cc2e6c19f937f2 - - - -] Invoking get_volume using GET url: /api/v2/projects/default/volumes/56400ccf-8b34-401b-972a-5777bfefd0c2             request.body: {} ssl_verify: False
2026-10-10 03:54:19.625 87 WARNING py.warnings [None req-ee9fe2c4-cbc0-47e4-9b74-809e828e762f e46a0d84da19492c94d07801ee93ec6b b2a32c3b5931421d86cc2e6c19f937f2 - - - -] /var/lib/kolla/venv/lib/python3.12/site-packages/urllib3/connectionpool.py:1110: InsecureRequestWarning: Unverified HTTPS request is being made to host '[LB_IP_ADDRESS]'. Adding certificate verification is strongly advised. See: https://urllib3.readthedocs.io/en/latest/advanced-usage.html#tls-warnings
  warnings.warn(

2026-10-10 03:54:19.655 87 INFO cinder.volume.flows.manager.create_volume [None req-ee9fe2c4-cbc0-47e4-9b74-809e828e762f e46a0d84da19492c94d07801ee93ec6b b2a32c3b5931421d86cc2e6c19f937f2 - - - -] Volume vol_bb9c1547-52ec-4c03-be0a-93ab368a80dd (bb9c1547-52ec-4c03-be0a-93ab368a80dd): created successfully
2026-10-10 03:54:19.665 87 INFO cinder.volume.manager [None req-ee9fe2c4-cbc0-47e4-9b74-809e828e762f e46a0d84da19492c94d07801ee93ec6b b2a32c3b5931421d86cc2e6c19f937f2 - - - -] Created volume successfully.
2026-10-10 03:54:20.825 87 INFO cinder.volume.drivers.lightos [None req-0ad62a6c-3298-49ce-a0dc-a2885ae86fe7 d44e3d263871440b921481f5114c6564 895e16afd2a04ed08c682e2927d1c694 - - default default] Invoking get_volume_by_name using GET url: /api/v2/projects/default/volumes/?name=vol_bc7e16ef-a6a9-40dc-ad7d-ecf7de2c91ff             request.body: {} ssl_verify: False
2026-10-10 03:54:20.860 87 WARNING py.warnings [None req-0ad62a6c-3298-49ce-a0dc-a2885ae86fe7 d44e3d263871440b921481f5114c6564 895e16afd2a04ed08c682e2927d1c694 - - default default] /var/lib/kolla/venv/lib/python3.12/site-packages/urllib3/connectionpool.py:1110: InsecureRequestWarning: Unverified HTTPS request is being made to host '[LB_IP_ADDRESS]'. Adding certificate verification is strongly advised. See: https://urllib3.readthedocs.io/en/latest/advanced-usage.html#tls-warnings
  warnings.warn(
: NotImplementedError
2026-10-10 03:54:20.870 87 INFO cinder.volume.drivers.lightos [None req-0ad62a6c-3298-49ce-a0dc-a2885ae86fe7 d44e3d263871440b921481f5114c6564 895e16afd2a04ed08c682e2927d1c694 - - default default] Invoking create_volume using POST url: /api/v2/projects/default/volumes             request.body: {'name': 'vol_bc7e16ef-a6a9-40dc-ad7d-ecf7de2c91ff', 'size': '1 gib', 'replicaCount': '3', 'compression': 'False', 'acl': {'values': ['ALLOW_NONE']}, 'IPAcl': {'values': ['ALLOW_NONE']}, 'sourceSnapshotUUID': None, 'sourceSnapshotName': 'snapshot-25c344d9-629a-4c6b-9584-cbafe6b6f40b'} ssl_verify: False
2026-10-10 03:54:20.912 87 WARNING py.warnings [None req-0ad62a6c-3298-49ce-a0dc-a2885ae86fe7 d44e3d263871440b921481f5114c6564 895e16afd2a04ed08c682e2927d1c694 - - default default] /var/lib/kolla/venv/lib/python3.12/site-packages/urllib3/connectionpool.py:1110: InsecureRequestWarning: Unverified HTTPS request is being made to host '[LB_IP_ADDRESS]'. Adding certificate verification is strongly advised. See: https://urllib3.readthedocs.io/en/latest/advanced-usage.html#tls-warnings
  warnings.warn(
: NotImplementedError
2026-10-10 03:54:20.932 87 INFO cinder.volume.drivers.lightos [None req-0ad62a6c-3298-49ce-a0dc-a2885ae86fe7 d44e3d263871440b921481f5114c6564 895e16afd2a04ed08c682e2927d1c694 - - default default] Invoking get_volume using GET url: /api/v2/projects/default/volumes/e0c44af4-abf6-4a28-af9f-475737b5621a             request.body: {} ssl_verify: False
2026-10-10 03:54:20.976 87 WARNING py.warnings [None req-0ad62a6c-3298-49ce-a0dc-a2885ae86fe7 d44e3d263871440b921481f5114c6564 895e16afd2a04ed08c682e2927d1c694 - - default default] /var/lib/kolla/venv/lib/python3.12/site-packages/urllib3/connectionpool.py:1110: InsecureRequestWarning: Unverified HTTPS request is being made to host '[LB_IP_ADDRESS]'. Adding certificate verification is strongly advised. See: https://urllib3.readthedocs.io/en/latest/advanced-usage.html#tls-warnings
  warnings.warn(
: NotImplementedError
2026-10-10 03:54:21.029 87 INFO cinder.volume.manager [None req-0ad62a6c-3298-49ce-a0dc-a2885ae86fe7 d44e3d263871440b921481f5114c6564 895e16afd2a04ed08c682e2927d1c694 - - default default] Create group from source-snapshot-d8f08a15-d1f6-4637-885d-914b5b741608 completed successfully.
2026-10-10 03:54:21.049 87 INFO cinder.volume.drivers.lightos [None req-0cd9fe17-4c8a-4128-a387-3529c359bf50 e46a0d84da19492c94d07801ee93ec6b b2a32c3b5931421d86cc2e6c19f937f2 - - default default] Invoking delete_volume using DELETE url: /api/v2/projects/default/volumes/56400ccf-8b34-401b-972a-5777bfefd0c2?             request.body:  ssl_verify: False
2026-10-10 03:54:21.095 87 WARNING py.warnings [None req-0cd9fe17-4c8a-4128-a387-3529c359bf50 e46a0d84da19492c94d07801ee93ec6b b2a32c3b5931421d86cc2e6c19f937f2 - - default default] /var/lib/kolla/venv/lib/python3.12/site-packages/urllib3/connectionpool.py:1110: InsecureRequestWarning: Unverified HTTPS request is being made to host '[LB_IP_ADDRESS]'. Adding certificate verification is strongly advised. See: https://urllib3.readthedocs.io/en/latest/advanced-usage.html#tls-warnings
  warnings.warn(

2026-10-10 03:54:21.149 87 INFO cinder.volume.drivers.lightos [None req-0cd9fe17-4c8a-4128-a387-3529c359bf50 e46a0d84da19492c94d07801ee93ec6b b2a32c3b5931421d86cc2e6c19f937f2 - - default default] Invoking get_volume using GET url: /api/v2/projects/default/volumes/56400ccf-8b34-401b-972a-5777bfefd0c2             request.body: {} ssl_verify: False
2026-10-10 03:54:21.191 87 WARNING py.warnings [None req-0cd9fe17-4c8a-4128-a387-3529c359bf50 e46a0d84da19492c94d07801ee93ec6b b2a32c3b5931421d86cc2e6c19f937f2 - - default default] /var/lib/kolla/venv/lib/python3.12/site-packages/urllib3/connectionpool.py:1110: InsecureRequestWarning: Unverified HTTPS request is being made to host '[LB_IP_ADDRESS]'. Adding certificate verification is strongly advised. See: https://urllib3.readthedocs.io/en/latest/advanced-usage.html#tls-warnings
  warnings.warn(

2026-10-10 03:54:21.368 87 INFO cinder.volume.manager [None req-0cd9fe17-4c8a-4128-a387-3529c359bf50 e46a0d84da19492c94d07801ee93ec6b b2a32c3b5931421d86cc2e6c19f937f2 - - default default] Deleted volume successfully.
2026-10-10 03:54:22.190 87 INFO cinder.volume.drivers.lightos [None req-14a3eeae-6e69-4691-be50-154b37df42ee e46a0d84da19492c94d07801ee93ec6b b2a32c3b5931421d86cc2e6c19f937f2 - - default default] Invoking delete_volume using DELETE url: /api/v2/projects/default/volumes/c72c3e8f-27b8-45b0-8ebd-89ce969b374d?             request.body:  ssl_verify: False
2026-10-10 03:54:22.222 87 WARNING py.warnings [None req-14a3eeae-6e69-4691-be50-154b37df42ee e46a0d84da19492c94d07801ee93ec6b b2a32c3b5931421d86cc2e6c19f937f2 - - default default] /var/lib/kolla/venv/lib/python3.12/site-packages/urllib3/connectionpool.py:1110: InsecureRequestWarning: Unverified HTTPS request is being made to host '[LB_IP_ADDRESS]'. Adding certificate verification is strongly advised. See: https://urllib3.readthedocs.io/en/latest/advanced-usage.html#tls-warnings
  warnings.warn(

2026-10-10 03:54:22.240 87 INFO cinder.volume.drivers.lightos [None req-14a3eeae-6e69-4691-be50-154b37df42ee e46a0d84da19492c94d07801ee93ec6b b2a32c3b5931421d86cc2e6c19f937f2 - - default default] Invoking get_volume using GET url: /api/v2/projects/default/volumes/c72c3e8f-27b8-45b0-8ebd-89ce969b374d             request.body: {} ssl_verify: False
2026-10-10 03:54:22.274 87 INFO cinder.volume.drivers.lightos [None req-8e77cc6d-ded5-4e26-b915-2170dbc1b801 d44e3d263871440b921481f5114c6564 895e16afd2a04ed08c682e2927d1c694 - - default default] Invoking delete_volume using DELETE url: /api/v2/projects/default/volumes/e0c44af4-abf6-4a28-af9f-475737b5621a?             request.body:  ssl_verify: False
2026-10-10 03:54:22.302 87 WARNING py.warnings [None req-14a3eeae-6e69-4691-be50-154b37df42ee e46a0d84da19492c94d07801ee93ec6b b2a32c3b5931421d86cc2e6c19f937f2 - - default default] /var/lib/kolla/venv/lib/python3.12/site-packages/urllib3/connectionpool.py:1110: InsecureRequestWarning: Unverified HTTPS request is being made to host '[LB_IP_ADDRESS]'. Adding certificate verification is strongly advised. See: https://urllib3.readthedocs.io/en/latest/advanced-usage.html#tls-warnings
  warnings.warn(

2026-10-10 03:54:22.306 87 WARNING py.warnings [None req-8e77cc6d-ded5-4e26-b915-2170dbc1b801 d44e3d263871440b921481f5114c6564 895e16afd2a04ed08c682e2927d1c694 - - default default] /var/lib/kolla/venv/lib/python3.12/site-packages/urllib3/connectionpool.py:1110: InsecureRequestWarning: Unverified HTTPS request is being made to host '[LB_IP_ADDRESS]'. Adding certificate verification is strongly advised. See: https://urllib3.readthedocs.io/en/latest/advanced-usage.html#tls-warnings
  warnings.warn(
: NotImplementedError
2026-10-10 03:54:22.331 87 INFO cinder.volume.drivers.lightos [None req-8e77cc6d-ded5-4e26-b915-2170dbc1b801 d44e3d263871440b921481f5114c6564 895e16afd2a04ed08c682e2927d1c694 - - default default] Invoking get_volume using GET url: /api/v2/projects/default/volumes/e0c44af4-abf6-4a28-af9f-475737b5621a             request.body: {} ssl_verify: False
2026-10-10 03:54:22.404 87 WARNING py.warnings [None req-8e77cc6d-ded5-4e26-b915-2170dbc1b801 d44e3d263871440b921481f5114c6564 895e16afd2a04ed08c682e2927d1c694 - - default default] /var/lib/kolla/venv/lib/python3.12/site-packages/urllib3/connectionpool.py:1110: InsecureRequestWarning: Unverified HTTPS request is being made to host '[LB_IP_ADDRESS]'. Adding certificate verification is strongly advised. See: https://urllib3.readthedocs.io/en/latest/advanced-usage.html#tls-warnings
  warnings.warn(
: NotImplementedError
2026-10-10 03:54:22.481 87 INFO cinder.volume.manager [None req-14a3eeae-6e69-4691-be50-154b37df42ee e46a0d84da19492c94d07801ee93ec6b b2a32c3b5931421d86cc2e6c19f937f2 - - default default] Deleted volume successfully.
2026-10-10 03:54:22.542 87 WARNING cinder.quota [None req-8e77cc6d-ded5-4e26-b915-2170dbc1b801 d44e3d263871440b921481f5114c6564 895e16afd2a04ed08c682e2927d1c694 - - default default] Deprecated: Default quota for resource: volumes_tempest-GroupSnapshotsTest-volume-type-1605976263 is set by the default quota flag: quota_volumes_tempest-GroupSnapshotsTest-volume-type-1605976263, it is now deprecated. Please use the default quota class for default quota.
2026-10-10 03:54:22.542 87 WARNING cinder.quota [None req-8e77cc6d-ded5-4e26-b915-2170dbc1b801 d44e3d263871440b921481f5114c6564 895e16afd2a04ed08c682e2927d1c694 - - default default] Deprecated: Default quota for resource: gigabytes_tempest-GroupSnapshotsTest-volume-type-1605976263 is set by the default quota flag: quota_gigabytes_tempest-GroupSnapshotsTest-volume-type-1605976263, it is now deprecated. Please use the default quota class for default quota.
2026-10-10 03:54:22.612 87 INFO cinder.volume.manager [None req-8e77cc6d-ded5-4e26-b915-2170dbc1b801 d44e3d263871440b921481f5114c6564 895e16afd2a04ed08c682e2927d1c694 - - default default] Delete group completed successfully.
2026-10-10 03:54:23.331 87 INFO cinder.volume.drivers.lightos [None req-317da456-91a8-4005-995d-5486a7f8b270 e46a0d84da19492c94d07801ee93ec6b b2a32c3b5931421d86cc2e6c19f937f2 - - default default] Invoking delete_volume using DELETE url: /api/v2/projects/default/volumes/152bd3b6-4a36-4660-9c08-9d1ae8b3ad93?             request.body:  ssl_verify: False
2026-10-10 03:54:23.372 87 WARNING py.warnings [None req-317da456-91a8-4005-995d-5486a7f8b270 e46a0d84da19492c94d07801ee93ec6b b2a32c3b5931421d86cc2e6c19f937f2 - - default default] /var/lib/kolla/venv/lib/python3.12/site-packages/urllib3/connectionpool.py:1110: InsecureRequestWarning: Unverified HTTPS request is being made to host '[LB_IP_ADDRESS]'. Adding certificate verification is strongly advised. See: https://urllib3.readthedocs.io/en/latest/advanced-usage.html#tls-warnings
  warnings.warn(

2026-10-10 03:54:23.405 87 INFO cinder.volume.drivers.lightos [None req-317da456-91a8-4005-995d-5486a7f8b270 e46a0d84da19492c94d07801ee93ec6b b2a32c3b5931421d86cc2e6c19f937f2 - - default default] Invoking get_volume using GET url: /api/v2/projects/default/volumes/152bd3b6-4a36-4660-9c08-9d1ae8b3ad93             request.body: {} ssl_verify: False
2026-10-10 03:54:23.411 87 INFO cinder.volume.manager [None req-14a06c1a-a5ae-4a7c-8d73-20b0ec196d86 d44e3d263871440b921481f5114c6564 895e16afd2a04ed08c682e2927d1c694 - - default default] group_snapshot d8f08a15-d1f6-4637-885d-914b5b741608: deleting
2026-10-10 03:54:23.451 87 WARNING py.warnings [None req-317da456-91a8-4005-995d-5486a7f8b270 e46a0d84da19492c94d07801ee93ec6b b2a32c3b5931421d86cc2e6c19f937f2 - - default default] /var/lib/kolla/venv/lib/python3.12/site-packages/urllib3/connectionpool.py:1110: InsecureRequestWarning: Unverified HTTPS request is being made to host '[LB_IP_ADDRESS]'. Adding certificate verification is strongly advised. See: https://urllib3.readthedocs.io/en/latest/advanced-usage.html#tls-warnings
  warnings.warn(

2026-10-10 03:54:23.472 87 INFO cinder.volume.drivers.lightos [None req-14a06c1a-a5ae-4a7c-8d73-20b0ec196d86 d44e3d263871440b921481f5114c6564 895e16afd2a04ed08c682e2927d1c694 - - default default] Invoking get_snapshot_by_name using GET url: /api/v2/projects/default/snapshots/?Name=snapshot-25c344d9-629a-4c6b-9584-cbafe6b6f40b             request.body: {} ssl_verify: False
2026-10-10 03:54:23.507 87 WARNING py.warnings [None req-14a06c1a-a5ae-4a7c-8d73-20b0ec196d86 d44e3d263871440b921481f5114c6564 895e16afd2a04ed08c682e2927d1c694 - - default default] /var/lib/kolla/venv/lib/python3.12/site-packages/urllib3/connectionpool.py:1110: InsecureRequestWarning: Unverified HTTPS request is being made to host '[LB_IP_ADDRESS]'. Adding certificate verification is strongly advised. See: https://urllib3.readthedocs.io/en/latest/advanced-usage.html#tls-warnings
  warnings.warn(
: NotImplementedError
2026-10-10 03:54:23.531 87 INFO cinder.volume.drivers.lightos [None req-14a06c1a-a5ae-4a7c-8d73-20b0ec196d86 d44e3d263871440b921481f5114c6564 895e16afd2a04ed08c682e2927d1c694 - - default default] Invoking delete_snapshot using DELETE url: /api/v2/projects/default/snapshots/fb564713-c10b-4e2f-adcd-f4b971220422?             request.body:  ssl_verify: False
2026-10-10 03:54:23.591 87 WARNING py.warnings [None req-14a06c1a-a5ae-4a7c-8d73-20b0ec196d86 d44e3d263871440b921481f5114c6564 895e16afd2a04ed08c682e2927d1c694 - - default default] /var/lib/kolla/venv/lib/python3.12/site-packages/urllib3/connectionpool.py:1110: InsecureRequestWarning: Unverified HTTPS request is being made to host '[LB_IP_ADDRESS]'. Adding certificate verification is strongly advised. See: https://urllib3.readthedocs.io/en/latest/advanced-usage.html#tls-warnings
  warnings.warn(
: NotImplementedError
2026-10-10 03:54:23.609 87 INFO cinder.volume.drivers.lightos [None req-14a06c1a-a5ae-4a7c-8d73-20b0ec196d86 d44e3d263871440b921481f5114c6564 895e16afd2a04ed08c682e2927d1c694 - - default default] Invoking get_snapshot using GET url: /api/v2/projects/default/snapshots/fb564713-c10b-4e2f-adcd-f4b971220422             request.body: {} ssl_verify: False
2026-10-10 03:54:23.646 87 WARNING py.warnings [None req-14a06c1a-a5ae-4a7c-8d73-20b0ec196d86 d44e3d263871440b921481f5114c6564 895e16afd2a04ed08c682e2927d1c694 - - default default] /var/lib/kolla/venv/lib/python3.12/site-packages/urllib3/connectionpool.py:1110: InsecureRequestWarning: Unverified HTTPS request is being made to host '[LB_IP_ADDRESS]'. Adding certificate verification is strongly advised. See: https://urllib3.readthedocs.io/en/latest/advanced-usage.html#tls-warnings
  warnings.warn(
: NotImplementedError
2026-10-10 03:54:23.679 87 INFO cinder.volume.manager [None req-317da456-91a8-4005-995d-5486a7f8b270 e46a0d84da19492c94d07801ee93ec6b b2a32c3b5931421d86cc2e6c19f937f2 - - default default] Deleted volume successfully.
2026-10-10 03:54:23.757 87 WARNING cinder.quota [None req-14a06c1a-a5ae-4a7c-8d73-20b0ec196d86 d44e3d263871440b921481f5114c6564 895e16afd2a04ed08c682e2927d1c694 - - default default] Deprecated: Default quota for resource: snapshots_tempest-GroupSnapshotsTest-volume-type-1605976263 is set by the default quota flag: quota_snapshots_tempest-GroupSnapshotsTest-volume-type-1605976263, it is now deprecated. Please use the default quota class for default quota.
2026-10-10 03:54:23.802 87 INFO cinder.volume.manager [None req-14a06c1a-a5ae-4a7c-8d73-20b0ec196d86 d44e3d263871440b921481f5114c6564 895e16afd2a04ed08c682e2927d1c694 - - default default] group_snapshot d8f08a15-d1f6-4637-885d-914b5b741608: deleted successfully
2026-10-10 03:54:24.761 87 INFO cinder.volume.drivers.lightos [None req-98e18dcd-4293-4ac9-b936-08abeb9d470d d44e3d263871440b921481f5114c6564 895e16afd2a04ed08c682e2927d1c694 - - default default] Invoking delete_volume using DELETE url: /api/v2/projects/default/volumes/a6466222-2bd1-46d7-8aa5-8f8aca24acb1?             request.body:  ssl_verify: False
2026-10-10 03:54:24.803 87 WARNING py.warnings [None req-98e18dcd-4293-4ac9-b936-08abeb9d470d d44e3d263871440b921481f5114c6564 895e16afd2a04ed08c682e2927d1c694 - - default default] /var/lib/kolla/venv/lib/python3.12/site-packages/urllib3/connectionpool.py:1110: InsecureRequestWarning: Unverified HTTPS request is being made to host '[LB_IP_ADDRESS]'. Adding certificate verification is strongly advised. See: https://urllib3.readthedocs.io/en/latest/advanced-usage.html#tls-warnings
  warnings.warn(
: NotImplementedError
2026-10-10 03:54:24.835 87 INFO cinder.volume.drivers.lightos [None req-98e18dcd-4293-4ac9-b936-08abeb9d470d d44e3d263871440b921481f5114c6564 895e16afd2a04ed08c682e2927d1c694 - - default default] Invoking get_volume using GET url: /api/v2/projects/default/volumes/a6466222-2bd1-46d7-8aa5-8f8aca24acb1             request.body: {} ssl_verify: False
2026-10-10 03:54:24.878 87 WARNING py.warnings [None req-98e18dcd-4293-4ac9-b936-08abeb9d470d d44e3d263871440b921481f5114c6564 895e16afd2a04ed08c682e2927d1c694 - - default default] /var/lib/kolla/venv/lib/python3.12/site-packages/urllib3/connectionpool.py:1110: InsecureRequestWarning: Unverified HTTPS request is being made to host '[LB_IP_ADDRESS]'. Adding certificate verification is strongly advised. See: https://urllib3.readthedocs.io/en/latest/advanced-usage.html#tls-warnings
  warnings.warn(
: NotImplementedError
2026-10-10 03:54:25.083 87 WARNING cinder.db.api [None req-98e18dcd-4293-4ac9-b936-08abeb9d470d d44e3d263871440b921481f5114c6564 895e16afd2a04ed08c682e2927d1c694 - - default default] Reservation would make usage less than 0 for the following resources, so on commit they will be limited to prevent going below 0: ['gigabytes', 'gigabytes_tempest-GroupSnapshotsTest-volume-type-1605976263']
2026-10-10 03:54:25.136 87 INFO cinder.volume.manager [None req-98e18dcd-4293-4ac9-b936-08abeb9d470d d44e3d263871440b921481f5114c6564 895e16afd2a04ed08c682e2927d1c694 - - default default] Delete group completed successfully.
2026-10-10 03:54:26.279 87 INFO cinder.volume.manager [None req-fae44755-4618-4e41-b4b5-bb03d43eaa68 d44e3d263871440b921481f5114c6564 895e16afd2a04ed08c682e2927d1c694 - - - -] Group tempest-GroupSnapshotsTest-Group-253701413: creating
2026-10-10 03:54:26.295 87 INFO cinder.volume.manager [None req-fae44755-4618-4e41-b4b5-bb03d43eaa68 d44e3d263871440b921481f5114c6564 895e16afd2a04ed08c682e2927d1c694 - - - -] Group tempest-GroupSnapshotsTest-Group-253701413: created successfully
2026-10-10 03:54:26.301 87 INFO cinder.volume.manager [None req-fae44755-4618-4e41-b4b5-bb03d43eaa68 d44e3d263871440b921481f5114c6564 895e16afd2a04ed08c682e2927d1c694 - - - -] Create group completed successfully.
2026-10-10 03:54:27.857 87 INFO cinder.volume.flows.manager.create_volume [None req-90f2055d-2907-4cd6-80fe-844a65921919 d44e3d263871440b921481f5114c6564 895e16afd2a04ed08c682e2927d1c694 - - - -] Volume 9b9ee30b-0134-409c-b7b7-d8893c2a55af: being created as raw with specification: {'status': 'creating', 'volume_name': 'vol_9b9ee30b-0134-409c-b7b7-d8893c2a55af', 'volume_size': 1}
2026-10-10 03:54:27.857 87 INFO cinder.volume.drivers.lightos [None req-90f2055d-2907-4cd6-80fe-844a65921919 d44e3d263871440b921481f5114c6564 895e16afd2a04ed08c682e2927d1c694 - - - -] Invoking get_volume_by_name using GET url: /api/v2/projects/default/volumes/?name=vol_9b9ee30b-0134-409c-b7b7-d8893c2a55af             request.body: {} ssl_verify: False
2026-10-10 03:54:27.893 87 WARNING py.warnings [None req-90f2055d-2907-4cd6-80fe-844a65921919 d44e3d263871440b921481f5114c6564 895e16afd2a04ed08c682e2927d1c694 - - - -] /var/lib/kolla/venv/lib/python3.12/site-packages/urllib3/connectionpool.py:1110: InsecureRequestWarning: Unverified HTTPS request is being made to host '[LB_IP_ADDRESS]'. Adding certificate verification is strongly advised. See: https://urllib3.readthedocs.io/en/latest/advanced-usage.html#tls-warnings
  warnings.warn(

2026-10-10 03:54:27.903 87 INFO cinder.volume.drivers.lightos [None req-90f2055d-2907-4cd6-80fe-844a65921919 d44e3d263871440b921481f5114c6564 895e16afd2a04ed08c682e2927d1c694 - - - -] Invoking create_volume using POST url: /api/v2/projects/default/volumes             request.body: {'name': 'vol_9b9ee30b-0134-409c-b7b7-d8893c2a55af', 'size': '1 gib', 'replicaCount': '3', 'compression': 'False', 'acl': {'values': ['ALLOW_NONE']}, 'IPAcl': {'values': ['ALLOW_NONE']}, 'sourceSnapshotUUID': None, 'sourceSnapshotName': None} ssl_verify: False
2026-10-10 03:54:27.941 87 WARNING py.warnings [None req-90f2055d-2907-4cd6-80fe-844a65921919 d44e3d263871440b921481f5114c6564 895e16afd2a04ed08c682e2927d1c694 - - - -] /var/lib/kolla/venv/lib/python3.12/site-packages/urllib3/connectionpool.py:1110: InsecureRequestWarning: Unverified HTTPS request is being made to host '[LB_IP_ADDRESS]'. Adding certificate verification is strongly advised. See: https://urllib3.readthedocs.io/en/latest/advanced-usage.html#tls-warnings
  warnings.warn(

2026-10-10 03:54:27.970 87 INFO cinder.volume.drivers.lightos [None req-90f2055d-2907-4cd6-80fe-844a65921919 d44e3d263871440b921481f5114c6564 895e16afd2a04ed08c682e2927d1c694 - - - -] Invoking get_volume using GET url: /api/v2/projects/default/volumes/469f44e0-da68-4607-964f-d02ff45b7d8e             request.body: {} ssl_verify: False
2026-10-10 03:54:28.025 87 WARNING py.warnings [None req-90f2055d-2907-4cd6-80fe-844a65921919 d44e3d263871440b921481f5114c6564 895e16afd2a04ed08c682e2927d1c694 - - - -] /var/lib/kolla/venv/lib/python3.12/site-packages/urllib3/connectionpool.py:1110: InsecureRequestWarning: Unverified HTTPS request is being made to host '[LB_IP_ADDRESS]'. Adding certificate verification is strongly advised. See: https://urllib3.readthedocs.io/en/latest/advanced-usage.html#tls-warnings
  warnings.warn(

2026-10-10 03:54:28.062 87 INFO cinder.volume.flows.manager.create_volume [None req-90f2055d-2907-4cd6-80fe-844a65921919 d44e3d263871440b921481f5114c6564 895e16afd2a04ed08c682e2927d1c694 - - - -] Volume vol_9b9ee30b-0134-409c-b7b7-d8893c2a55af (9b9ee30b-0134-409c-b7b7-d8893c2a55af): created successfully
2026-10-10 03:54:28.070 87 INFO cinder.volume.manager [None req-90f2055d-2907-4cd6-80fe-844a65921919 d44e3d263871440b921481f5114c6564 895e16afd2a04ed08c682e2927d1c694 - - - -] Created volume successfully.
2026-10-10 03:54:28.941 87 INFO cinder.volume.manager [None req-e3074e75-e060-4720-b6d5-37175079f032 6c1fd0ada6114f18ab65cfbd894cdbd9 b465485366204b3dafc698ec00b48e81 - - - -] Group tempest-GroupSnapshotsV319Test-Group-911882373: creating
2026-10-10 03:54:28.956 87 INFO cinder.volume.manager [None req-e3074e75-e060-4720-b6d5-37175079f032 6c1fd0ada6114f18ab65cfbd894cdbd9 b465485366204b3dafc698ec00b48e81 - - - -] Group tempest-GroupSnapshotsV319Test-Group-911882373: created successfully
2026-10-10 03:54:28.962 87 INFO cinder.volume.manager [None req-e3074e75-e060-4720-b6d5-37175079f032 6c1fd0ada6114f18ab65cfbd894cdbd9 b465485366204b3dafc698ec00b48e81 - - - -] Create group completed successfully.
2026-10-10 03:54:29.804 87 INFO cinder.volume.flows.manager.create_volume [None req-a36a7c30-5e91-41e4-8563-31f703067e48 d44e3d263871440b921481f5114c6564 895e16afd2a04ed08c682e2927d1c694 - - - -] Volume 1dfee0f7-0f6e-418d-9bac-ad7e6754cde2: being created as raw with specification: {'status': 'creating', 'volume_name': 'vol_1dfee0f7-0f6e-418d-9bac-ad7e6754cde2', 'volume_size': 1}
2026-10-10 03:54:29.805 87 INFO cinder.volume.drivers.lightos [None req-a36a7c30-5e91-41e4-8563-31f703067e48 d44e3d263871440b921481f5114c6564 895e16afd2a04ed08c682e2927d1c694 - - - -] Invoking get_volume_by_name using GET url: /api/v2/projects/default/volumes/?name=vol_1dfee0f7-0f6e-418d-9bac-ad7e6754cde2             request.body: {} ssl_verify: False
2026-10-10 03:54:29.841 87 WARNING py.warnings [None req-a36a7c30-5e91-41e4-8563-31f703067e48 d44e3d263871440b921481f5114c6564 895e16afd2a04ed08c682e2927d1c694 - - - -] /var/lib/kolla/venv/lib/python3.12/site-packages/urllib3/connectionpool.py:1110: InsecureRequestWarning: Unverified HTTPS request is being made to host '[LB_IP_ADDRESS]'. Adding certificate verification is strongly advised. See: https://urllib3.readthedocs.io/en/latest/advanced-usage.html#tls-warnings
  warnings.warn(

2026-10-10 03:54:29.852 87 INFO cinder.volume.drivers.lightos [None req-a36a7c30-5e91-41e4-8563-31f703067e48 d44e3d263871440b921481f5114c6564 895e16afd2a04ed08c682e2927d1c694 - - - -] Invoking create_volume using POST url: /api/v2/projects/default/volumes             request.body: {'name': 'vol_1dfee0f7-0f6e-418d-9bac-ad7e6754cde2', 'size': '1 gib', 'replicaCount': '3', 'compression': 'False', 'acl': {'values': ['ALLOW_NONE']}, 'IPAcl': {'values': ['ALLOW_NONE']}, 'sourceSnapshotUUID': None, 'sourceSnapshotName': None} ssl_verify: False
2026-10-10 03:54:29.896 87 WARNING py.warnings [None req-a36a7c30-5e91-41e4-8563-31f703067e48 d44e3d263871440b921481f5114c6564 895e16afd2a04ed08c682e2927d1c694 - - - -] /var/lib/kolla/venv/lib/python3.12/site-packages/urllib3/connectionpool.py:1110: InsecureRequestWarning: Unverified HTTPS request is being made to host '[LB_IP_ADDRESS]'. Adding certificate verification is strongly advised. See: https://urllib3.readthedocs.io/en/latest/advanced-usage.html#tls-warnings
  warnings.warn(

2026-10-10 03:54:29.923 87 INFO cinder.volume.drivers.lightos [None req-a36a7c30-5e91-41e4-8563-31f703067e48 d44e3d263871440b921481f5114c6564 895e16afd2a04ed08c682e2927d1c694 - - - -] Invoking get_volume using GET url: /api/v2/projects/default/volumes/b5f57914-b4ac-436e-99ec-1c772d740614             request.body: {} ssl_verify: False
2026-10-10 03:54:29.979 87 WARNING py.warnings [None req-a36a7c30-5e91-41e4-8563-31f703067e48 d44e3d263871440b921481f5114c6564 895e16afd2a04ed08c682e2927d1c694 - - - -] /var/lib/kolla/venv/lib/python3.12/site-packages/urllib3/connectionpool.py:1110: InsecureRequestWarning: Unverified HTTPS request is being made to host '[LB_IP_ADDRESS]'. Adding certificate verification is strongly advised. See: https://urllib3.readthedocs.io/en/latest/advanced-usage.html#tls-warnings
  warnings.warn(

2026-10-10 03:54:30.012 87 INFO cinder.volume.flows.manager.create_volume [None req-a36a7c30-5e91-41e4-8563-31f703067e48 d44e3d263871440b921481f5114c6564 895e16afd2a04ed08c682e2927d1c694 - - - -] Volume vol_1dfee0f7-0f6e-418d-9bac-ad7e6754cde2 (1dfee0f7-0f6e-418d-9bac-ad7e6754cde2): created successfully
2026-10-10 03:54:30.020 87 INFO cinder.volume.manager [None req-a36a7c30-5e91-41e4-8563-31f703067e48 d44e3d263871440b921481f5114c6564 895e16afd2a04ed08c682e2927d1c694 - - - -] Created volume successfully.
2026-10-10 03:54:30.523 87 INFO cinder.volume.flows.manager.create_volume [None req-ed316c10-85d2-4891-9f2e-3cf770bb2002 6c1fd0ada6114f18ab65cfbd894cdbd9 b465485366204b3dafc698ec00b48e81 - - - -] Volume 8d0ed748-ddf8-47cb-9023-79c0ebfff52f: being created as raw with specification: {'status': 'creating', 'volume_name': 'vol_8d0ed748-ddf8-47cb-9023-79c0ebfff52f', 'volume_size': 1}
2026-10-10 03:54:30.523 87 INFO cinder.volume.drivers.lightos [None req-ed316c10-85d2-4891-9f2e-3cf770bb2002 6c1fd0ada6114f18ab65cfbd894cdbd9 b465485366204b3dafc698ec00b48e81 - - - -] Invoking get_volume_by_name using GET url: /api/v2/projects/default/volumes/?name=vol_8d0ed748-ddf8-47cb-9023-79c0ebfff52f             request.body: {} ssl_verify: False
2026-10-10 03:54:30.559 87 WARNING py.warnings [None req-ed316c10-85d2-4891-9f2e-3cf770bb2002 6c1fd0ada6114f18ab65cfbd894cdbd9 b465485366204b3dafc698ec00b48e81 - - - -] /var/lib/kolla/venv/lib/python3.12/site-packages/urllib3/connectionpool.py:1110: InsecureRequestWarning: Unverified HTTPS request is being made to host '[LB_IP_ADDRESS]'. Adding certificate verification is strongly advised. See: https://urllib3.readthedocs.io/en/latest/advanced-usage.html#tls-warnings
  warnings.warn(

2026-10-10 03:54:30.568 87 INFO cinder.volume.drivers.lightos [None req-ed316c10-85d2-4891-9f2e-3cf770bb2002 6c1fd0ada6114f18ab65cfbd894cdbd9 b465485366204b3dafc698ec00b48e81 - - - -] Invoking create_volume using POST url: /api/v2/projects/default/volumes             request.body: {'name': 'vol_8d0ed748-ddf8-47cb-9023-79c0ebfff52f', 'size': '1 gib', 'replicaCount': '3', 'compression': 'False', 'acl': {'values': ['ALLOW_NONE']}, 'IPAcl': {'values': ['ALLOW_NONE']}, 'sourceSnapshotUUID': None, 'sourceSnapshotName': None} ssl_verify: False
2026-10-10 03:54:30.605 87 WARNING py.warnings [None req-ed316c10-85d2-4891-9f2e-3cf770bb2002 6c1fd0ada6114f18ab65cfbd894cdbd9 b465485366204b3dafc698ec00b48e81 - - - -] /var/lib/kolla/venv/lib/python3.12/site-packages/urllib3/connectionpool.py:1110: InsecureRequestWarning: Unverified HTTPS request is being made to host '[LB_IP_ADDRESS]'. Adding certificate verification is strongly advised. See: https://urllib3.readthedocs.io/en/latest/advanced-usage.html#tls-warnings
  warnings.warn(

2026-10-10 03:54:30.634 87 INFO cinder.volume.drivers.lightos [None req-ed316c10-85d2-4891-9f2e-3cf770bb2002 6c1fd0ada6114f18ab65cfbd894cdbd9 b465485366204b3dafc698ec00b48e81 - - - -] Invoking get_volume using GET url: /api/v2/projects/default/volumes/9897f389-ac07-48cb-9562-f573c775ed2b             request.body: {} ssl_verify: False
2026-10-10 03:54:30.690 87 WARNING py.warnings [None req-ed316c10-85d2-4891-9f2e-3cf770bb2002 6c1fd0ada6114f18ab65cfbd894cdbd9 b465485366204b3dafc698ec00b48e81 - - - -] /var/lib/kolla/venv/lib/python3.12/site-packages/urllib3/connectionpool.py:1110: InsecureRequestWarning: Unverified HTTPS request is being made to host '[LB_IP_ADDRESS]'. Adding certificate verification is strongly advised. See: https://urllib3.readthedocs.io/en/latest/advanced-usage.html#tls-warnings
  warnings.warn(

2026-10-10 03:54:30.734 87 INFO cinder.volume.flows.manager.create_volume [None req-ed316c10-85d2-4891-9f2e-3cf770bb2002 6c1fd0ada6114f18ab65cfbd894cdbd9 b465485366204b3dafc698ec00b48e81 - - - -] Volume vol_8d0ed748-ddf8-47cb-9023-79c0ebfff52f (8d0ed748-ddf8-47cb-9023-79c0ebfff52f): created successfully
2026-10-10 03:54:30.742 87 INFO cinder.volume.manager [None req-ed316c10-85d2-4891-9f2e-3cf770bb2002 6c1fd0ada6114f18ab65cfbd894cdbd9 b465485366204b3dafc698ec00b48e81 - - - -] Created volume successfully.
2026-10-10 03:54:30.955 87 INFO cinder.volume.manager [None req-e0c55cc7-1927-4cec-b579-20a4a3da6aa0 d44e3d263871440b921481f5114c6564 895e16afd2a04ed08c682e2927d1c694 - - default default] Update group completed successfully.
2026-10-10 03:54:31.800 87 INFO cinder.volume.manager [None req-48da9ce6-8211-4f63-a4eb-ffa8bc5d1d85 6c1fd0ada6114f18ab65cfbd894cdbd9 b465485366204b3dafc698ec00b48e81 - - default default] GroupSnapshot dd011601-7f2d-4b5e-b16f-79684f5371ba: creating.
2026-10-10 03:54:31.837 87 INFO cinder.volume.drivers.lightos [None req-48da9ce6-8211-4f63-a4eb-ffa8bc5d1d85 6c1fd0ada6114f18ab65cfbd894cdbd9 b465485366204b3dafc698ec00b48e81 - - default default] Invoking get_snapshot_by_name using GET url: /api/v2/projects/default/snapshots/?Name=snapshot-4bd028ee-2828-4df8-b47e-771e35a32cee             request.body: {} ssl_verify: False
2026-10-10 03:54:31.874 87 WARNING py.warnings [None req-48da9ce6-8211-4f63-a4eb-ffa8bc5d1d85 6c1fd0ada6114f18ab65cfbd894cdbd9 b465485366204b3dafc698ec00b48e81 - - default default] /var/lib/kolla/venv/lib/python3.12/site-packages/urllib3/connectionpool.py:1110: InsecureRequestWarning: Unverified HTTPS request is being made to host '[LB_IP_ADDRESS]'. Adding certificate verification is strongly advised. See: https://urllib3.readthedocs.io/en/latest/advanced-usage.html#tls-warnings
  warnings.warn(
: NotImplementedError
2026-10-10 03:54:31.883 87 INFO cinder.volume.drivers.lightos [None req-48da9ce6-8211-4f63-a4eb-ffa8bc5d1d85 6c1fd0ada6114f18ab65cfbd894cdbd9 b465485366204b3dafc698ec00b48e81 - - default default] Invoking create_snapshot using POST url: /api/v2/projects/default/snapshots             request.body: {'name': 'snapshot-4bd028ee-2828-4df8-b47e-771e35a32cee', 'sourceVolumeUUID': None, 'sourceVolumeName': 'vol_8d0ed748-ddf8-47cb-9023-79c0ebfff52f'} ssl_verify: False
2026-10-10 03:54:31.924 87 WARNING py.warnings [None req-48da9ce6-8211-4f63-a4eb-ffa8bc5d1d85 6c1fd0ada6114f18ab65cfbd894cdbd9 b465485366204b3dafc698ec00b48e81 - - default default] /var/lib/kolla/venv/lib/python3.12/site-packages/urllib3/connectionpool.py:1110: InsecureRequestWarning: Unverified HTTPS request is being made to host '[LB_IP_ADDRESS]'. Adding certificate verification is strongly advised. See: https://urllib3.readthedocs.io/en/latest/advanced-usage.html#tls-warnings
  warnings.warn(
: NotImplementedError
2026-10-10 03:54:31.945 87 INFO cinder.volume.drivers.lightos [None req-48da9ce6-8211-4f63-a4eb-ffa8bc5d1d85 6c1fd0ada6114f18ab65cfbd894cdbd9 b465485366204b3dafc698ec00b48e81 - - default default] Invoking get_snapshot_by_name using GET url: /api/v2/projects/default/snapshots/?Name=snapshot-4bd028ee-2828-4df8-b47e-771e35a32cee             request.body: {} ssl_verify: False
2026-10-10 03:54:31.986 87 WARNING py.warnings [None req-48da9ce6-8211-4f63-a4eb-ffa8bc5d1d85 6c1fd0ada6114f18ab65cfbd894cdbd9 b465485366204b3dafc698ec00b48e81 - - default default] /var/lib/kolla/venv/lib/python3.12/site-packages/urllib3/connectionpool.py:1110: InsecureRequestWarning: Unverified HTTPS request is being made to host '[LB_IP_ADDRESS]'. Adding certificate verification is strongly advised. See: https://urllib3.readthedocs.io/en/latest/advanced-usage.html#tls-warnings
  warnings.warn(
: NotImplementedError
2026-10-10 03:54:32.108 87 INFO cinder.volume.manager [None req-3e4ec692-9d73-41bb-8253-b7a97fca506e d44e3d263871440b921481f5114c6564 895e16afd2a04ed08c682e2927d1c694 - - default default] Update group completed successfully.
2026-10-10 03:54:33.030 87 INFO cinder.volume.drivers.lightos [None req-48da9ce6-8211-4f63-a4eb-ffa8bc5d1d85 6c1fd0ada6114f18ab65cfbd894cdbd9 b465485366204b3dafc698ec00b48e81 - - default default] Invoking get_snapshot_by_name using GET url: /api/v2/projects/default/snapshots/?Name=snapshot-4bd028ee-2828-4df8-b47e-771e35a32cee             request.body: {} ssl_verify: False
2026-10-10 03:54:33.077 87 WARNING py.warnings [None req-48da9ce6-8211-4f63-a4eb-ffa8bc5d1d85 6c1fd0ada6114f18ab65cfbd894cdbd9 b465485366204b3dafc698ec00b48e81 - - default default] /var/lib/kolla/venv/lib/python3.12/site-packages/urllib3/connectionpool.py:1110: InsecureRequestWarning: Unverified HTTPS request is being made to host '[LB_IP_ADDRESS]'. Adding certificate verification is strongly advised. See: https://urllib3.readthedocs.io/en/latest/advanced-usage.html#tls-warnings
  warnings.warn(
: NotImplementedError
2026-10-10 03:54:33.138 87 INFO cinder.volume.manager [None req-48da9ce6-8211-4f63-a4eb-ffa8bc5d1d85 6c1fd0ada6114f18ab65cfbd894cdbd9 b465485366204b3dafc698ec00b48e81 - - default default] group_snapshot dd011601-7f2d-4b5e-b16f-79684f5371ba: created successfully
2026-10-10 03:54:33.242 87 INFO cinder.volume.manager [None req-98771f25-0c37-47c7-948b-dc96f7c7b415 d44e3d263871440b921481f5114c6564 895e16afd2a04ed08c682e2927d1c694 - - default default] Update group completed successfully.
2026-10-10 03:54:34.251 87 INFO cinder.volume.manager [None req-41ded097-7644-46e7-b71a-4ca326d1ab36 6c1fd0ada6114f18ab65cfbd894cdbd9 b465485366204b3dafc698ec00b48e81 - - default default] group_snapshot dd011601-7f2d-4b5e-b16f-79684f5371ba: deleting
2026-10-10 03:54:34.279 87 INFO cinder.volume.drivers.lightos [None req-41ded097-7644-46e7-b71a-4ca326d1ab36 6c1fd0ada6114f18ab65cfbd894cdbd9 b465485366204b3dafc698ec00b48e81 - - default default] Invoking get_snapshot_by_name using GET url: /api/v2/projects/default/snapshots/?Name=snapshot-4bd028ee-2828-4df8-b47e-771e35a32cee             request.body: {} ssl_verify: False
2026-10-10 03:54:34.315 87 WARNING py.warnings [None req-41ded097-7644-46e7-b71a-4ca326d1ab36 6c1fd0ada6114f18ab65cfbd894cdbd9 b465485366204b3dafc698ec00b48e81 - - default default] /var/lib/kolla/venv/lib/python3.12/site-packages/urllib3/connectionpool.py:1110: InsecureRequestWarning: Unverified HTTPS request is being made to host '[LB_IP_ADDRESS]'. Adding certificate verification is strongly advised. See: https://urllib3.readthedocs.io/en/latest/advanced-usage.html#tls-warnings
  warnings.warn(
: NotImplementedError
2026-10-10 03:54:34.339 87 INFO cinder.volume.drivers.lightos [None req-41ded097-7644-46e7-b71a-4ca326d1ab36 6c1fd0ada6114f18ab65cfbd894cdbd9 b465485366204b3dafc698ec00b48e81 - - default default] Invoking delete_snapshot using DELETE url: /api/v2/projects/default/snapshots/667fd602-a5a7-4bc1-8bf1-f21e808c7cf2?             request.body:  ssl_verify: False
2026-10-10 03:54:34.382 87 WARNING py.warnings [None req-41ded097-7644-46e7-b71a-4ca326d1ab36 6c1fd0ada6114f18ab65cfbd894cdbd9 b465485366204b3dafc698ec00b48e81 - - default default] /var/lib/kolla/venv/lib/python3.12/site-packages/urllib3/connectionpool.py:1110: InsecureRequestWarning: Unverified HTTPS request is being made to host '[LB_IP_ADDRESS]'. Adding certificate verification is strongly advised. See: https://urllib3.readthedocs.io/en/latest/advanced-usage.html#tls-warnings
  warnings.warn(
: NotImplementedError
2026-10-10 03:54:34.405 87 INFO cinder.volume.drivers.lightos [None req-41ded097-7644-46e7-b71a-4ca326d1ab36 6c1fd0ada6114f18ab65cfbd894cdbd9 b465485366204b3dafc698ec00b48e81 - - default default] Invoking get_snapshot using GET url: /api/v2/projects/default/snapshots/667fd602-a5a7-4bc1-8bf1-f21e808c7cf2             request.body: {} ssl_verify: False
2026-10-10 03:54:34.445 87 WARNING py.warnings [None req-41ded097-7644-46e7-b71a-4ca326d1ab36 6c1fd0ada6114f18ab65cfbd894cdbd9 b465485366204b3dafc698ec00b48e81 - - default default] /var/lib/kolla/venv/lib/python3.12/site-packages/urllib3/connectionpool.py:1110: InsecureRequestWarning: Unverified HTTPS request is being made to host '[LB_IP_ADDRESS]'. Adding certificate verification is strongly advised. See: https://urllib3.readthedocs.io/en/latest/advanced-usage.html#tls-warnings
  warnings.warn(
: NotImplementedError
2026-10-10 03:54:34.449 87 INFO cinder.volume.manager [None req-387a69b8-f147-44ee-a522-b1d678e13df7 d44e3d263871440b921481f5114c6564 895e16afd2a04ed08c682e2927d1c694 - - default default] Update group completed successfully.
2026-10-10 03:54:34.546 87 WARNING cinder.quota [None req-41ded097-7644-46e7-b71a-4ca326d1ab36 6c1fd0ada6114f18ab65cfbd894cdbd9 b465485366204b3dafc698ec00b48e81 - - default default] Deprecated: Default quota for resource: gigabytes_tempest-GroupSnapshotsV319Test-volume-type-1584123716 is set by the default quota flag: quota_gigabytes_tempest-GroupSnapshotsV319Test-volume-type-1584123716, it is now deprecated. Please use the default quota class for default quota.
2026-10-10 03:54:34.547 87 WARNING cinder.quota [None req-41ded097-7644-46e7-b71a-4ca326d1ab36 6c1fd0ada6114f18ab65cfbd894cdbd9 b465485366204b3dafc698ec00b48e81 - - default default] Deprecated: Default quota for resource: snapshots_tempest-GroupSnapshotsV319Test-volume-type-1584123716 is set by the default quota flag: quota_snapshots_tempest-GroupSnapshotsV319Test-volume-type-1584123716, it is now deprecated. Please use the default quota class for default quota.
2026-10-10 03:54:34.595 87 INFO cinder.volume.manager [None req-41ded097-7644-46e7-b71a-4ca326d1ab36 6c1fd0ada6114f18ab65cfbd894cdbd9 b465485366204b3dafc698ec00b48e81 - - default default] group_snapshot dd011601-7f2d-4b5e-b16f-79684f5371ba: deleted successfully
2026-10-10 03:54:35.612 87 INFO cinder.volume.drivers.lightos [None req-f3a54136-9617-49fc-aa7e-f6d3c776215d 6c1fd0ada6114f18ab65cfbd894cdbd9 b465485366204b3dafc698ec00b48e81 - - default default] Invoking delete_volume using DELETE url: /api/v2/projects/default/volumes/9897f389-ac07-48cb-9562-f573c775ed2b?             request.body:  ssl_verify: False
2026-10-10 03:54:35.653 87 WARNING py.warnings [None req-f3a54136-9617-49fc-aa7e-f6d3c776215d 6c1fd0ada6114f18ab65cfbd894cdbd9 b465485366204b3dafc698ec00b48e81 - - default default] /var/lib/kolla/venv/lib/python3.12/site-packages/urllib3/connectionpool.py:1110: InsecureRequestWarning: Unverified HTTPS request is being made to host '[LB_IP_ADDRESS]'. Adding certificate verification is strongly advised. See: https://urllib3.readthedocs.io/en/latest/advanced-usage.html#tls-warnings
  warnings.warn(
: NotImplementedError
2026-10-10 03:54:35.687 87 INFO cinder.volume.drivers.lightos [None req-f3a54136-9617-49fc-aa7e-f6d3c776215d 6c1fd0ada6114f18ab65cfbd894cdbd9 b465485366204b3dafc698ec00b48e81 - - default default] Invoking get_volume using GET url: /api/v2/projects/default/volumes/9897f389-ac07-48cb-9562-f573c775ed2b             request.body: {} ssl_verify: False
2026-10-10 03:54:35.732 87 WARNING py.warnings [None req-f3a54136-9617-49fc-aa7e-f6d3c776215d 6c1fd0ada6114f18ab65cfbd894cdbd9 b465485366204b3dafc698ec00b48e81 - - default default] /var/lib/kolla/venv/lib/python3.12/site-packages/urllib3/connectionpool.py:1110: InsecureRequestWarning: Unverified HTTPS request is being made to host '[LB_IP_ADDRESS]'. Adding certificate verification is strongly advised. See: https://urllib3.readthedocs.io/en/latest/advanced-usage.html#tls-warnings
  warnings.warn(
: NotImplementedError
2026-10-10 03:54:35.760 87 INFO cinder.volume.manager [None req-12377b80-c2e4-4a6b-8bae-86571897508c d44e3d263871440b921481f5114c6564 895e16afd2a04ed08c682e2927d1c694 - - default default] GroupSnapshot 02d52573-672e-4a71-8aaa-d9d6f6806d07: creating.
2026-10-10 03:54:35.817 87 INFO cinder.volume.drivers.lightos [None req-12377b80-c2e4-4a6b-8bae-86571897508c d44e3d263871440b921481f5114c6564 895e16afd2a04ed08c682e2927d1c694 - - default default] Invoking get_snapshot_by_name using GET url: /api/v2/projects/default/snapshots/?Name=snapshot-739ef399-149b-4746-add5-6bb196e5dce4             request.body: {} ssl_verify: False
2026-10-10 03:54:35.857 87 WARNING py.warnings [None req-12377b80-c2e4-4a6b-8bae-86571897508c d44e3d263871440b921481f5114c6564 895e16afd2a04ed08c682e2927d1c694 - - default default] /var/lib/kolla/venv/lib/python3.12/site-packages/urllib3/connectionpool.py:1110: InsecureRequestWarning: Unverified HTTPS request is being made to host '[LB_IP_ADDRESS]'. Adding certificate verification is strongly advised. See: https://urllib3.readthedocs.io/en/latest/advanced-usage.html#tls-warnings
  warnings.warn(
: NotImplementedError
2026-10-10 03:54:35.869 87 INFO cinder.volume.drivers.lightos [None req-12377b80-c2e4-4a6b-8bae-86571897508c d44e3d263871440b921481f5114c6564 895e16afd2a04ed08c682e2927d1c694 - - default default] Invoking create_snapshot using POST url: /api/v2/projects/default/snapshots             request.body: {'name': 'snapshot-739ef399-149b-4746-add5-6bb196e5dce4', 'sourceVolumeUUID': None, 'sourceVolumeName': 'vol_9b9ee30b-0134-409c-b7b7-d8893c2a55af'} ssl_verify: False
2026-10-10 03:54:35.909 87 WARNING py.warnings [None req-12377b80-c2e4-4a6b-8bae-86571897508c d44e3d263871440b921481f5114c6564 895e16afd2a04ed08c682e2927d1c694 - - default default] /var/lib/kolla/venv/lib/python3.12/site-packages/urllib3/connectionpool.py:1110: InsecureRequestWarning: Unverified HTTPS request is being made to host '[LB_IP_ADDRESS]'. Adding certificate verification is strongly advised. See: https://urllib3.readthedocs.io/en/latest/advanced-usage.html#tls-warnings
  warnings.warn(
: NotImplementedError
2026-10-10 03:54:35.951 87 INFO cinder.volume.drivers.lightos [None req-12377b80-c2e4-4a6b-8bae-86571897508c d44e3d263871440b921481f5114c6564 895e16afd2a04ed08c682e2927d1c694 - - default default] Invoking get_snapshot_by_name using GET url: /api/v2/projects/default/snapshots/?Name=snapshot-739ef399-149b-4746-add5-6bb196e5dce4             request.body: {} ssl_verify: False
2026-10-10 03:54:35.979 87 WARNING cinder.quota [None req-f3a54136-9617-49fc-aa7e-f6d3c776215d 6c1fd0ada6114f18ab65cfbd894cdbd9 b465485366204b3dafc698ec00b48e81 - - default default] Deprecated: Default quota for resource: volumes_tempest-GroupSnapshotsV319Test-volume-type-1584123716 is set by the default quota flag: quota_volumes_tempest-GroupSnapshotsV319Test-volume-type-1584123716, it is now deprecated. Please use the default quota class for default quota.
2026-10-10 03:54:35.985 87 WARNING py.warnings [None req-12377b80-c2e4-4a6b-8bae-86571897508c d44e3d263871440b921481f5114c6564 895e16afd2a04ed08c682e2927d1c694 - - default default] /var/lib/kolla/venv/lib/python3.12/site-packages/urllib3/connectionpool.py:1110: InsecureRequestWarning: Unverified HTTPS request is being made to host '[LB_IP_ADDRESS]'. Adding certificate verification is strongly advised. See: https://urllib3.readthedocs.io/en/latest/advanced-usage.html#tls-warnings
  warnings.warn(
: NotImplementedError
2026-10-10 03:54:36.057 87 INFO cinder.volume.manager [None req-f3a54136-9617-49fc-aa7e-f6d3c776215d 6c1fd0ada6114f18ab65cfbd894cdbd9 b465485366204b3dafc698ec00b48e81 - - default default] Delete group completed successfully.
2026-10-10 03:54:37.023 87 INFO cinder.volume.drivers.lightos [None req-12377b80-c2e4-4a6b-8bae-86571897508c d44e3d263871440b921481f5114c6564 895e16afd2a04ed08c682e2927d1c694 - - default default] Invoking get_snapshot_by_name using GET url: /api/v2/projects/default/snapshots/?Name=snapshot-739ef399-149b-4746-add5-6bb196e5dce4             request.body: {} ssl_verify: False
2026-10-10 03:54:37.072 87 WARNING py.warnings [None req-12377b80-c2e4-4a6b-8bae-86571897508c d44e3d263871440b921481f5114c6564 895e16afd2a04ed08c682e2927d1c694 - - default default] /var/lib/kolla/venv/lib/python3.12/site-packages/urllib3/connectionpool.py:1110: InsecureRequestWarning: Unverified HTTPS request is being made to host '[LB_IP_ADDRESS]'. Adding certificate verification is strongly advised. See: https://urllib3.readthedocs.io/en/latest/advanced-usage.html#tls-warnings
  warnings.warn(
: NotImplementedError
2026-10-10 03:54:37.104 87 INFO cinder.volume.flows.manager.create_volume [None req-c7fcec23-80b7-4b44-b49a-ae2fcee96b54 fae1255cf3ae42eb9b918c386aa7904f 8b391c064886487f909725a222bbc565 - - - -] Volume fccb6fc9-1ea9-4ee5-ad9d-a494cd367fef: being created as raw with specification: {'status': 'creating', 'volume_name': 'vol_fccb6fc9-1ea9-4ee5-ad9d-a494cd367fef', 'volume_size': 1}
2026-10-10 03:54:37.105 87 INFO cinder.volume.drivers.lightos [None req-c7fcec23-80b7-4b44-b49a-ae2fcee96b54 fae1255cf3ae42eb9b918c386aa7904f 8b391c064886487f909725a222bbc565 - - - -] Invoking get_volume_by_name using GET url: /api/v2/projects/default/volumes/?name=vol_fccb6fc9-1ea9-4ee5-ad9d-a494cd367fef             request.body: {} ssl_verify: False
2026-10-10 03:54:37.137 87 WARNING py.warnings [None req-c7fcec23-80b7-4b44-b49a-ae2fcee96b54 fae1255cf3ae42eb9b918c386aa7904f 8b391c064886487f909725a222bbc565 - - - -] /var/lib/kolla/venv/lib/python3.12/site-packages/urllib3/connectionpool.py:1110: InsecureRequestWarning: Unverified HTTPS request is being made to host '[LB_IP_ADDRESS]'. Adding certificate verification is strongly advised. See: https://urllib3.readthedocs.io/en/latest/advanced-usage.html#tls-warnings
  warnings.warn(

2026-10-10 03:54:37.142 87 INFO cinder.volume.drivers.lightos [None req-12377b80-c2e4-4a6b-8bae-86571897508c d44e3d263871440b921481f5114c6564 895e16afd2a04ed08c682e2927d1c694 - - default default] Invoking get_snapshot_by_name using GET url: /api/v2/projects/default/snapshots/?Name=snapshot-7dc80a63-5a0d-4797-8822-096256cf37b2             request.body: {} ssl_verify: False
2026-10-10 03:54:37.144 87 INFO cinder.volume.drivers.lightos [None req-c7fcec23-80b7-4b44-b49a-ae2fcee96b54 fae1255cf3ae42eb9b918c386aa7904f 8b391c064886487f909725a222bbc565 - - - -] Invoking create_volume using POST url: /api/v2/projects/default/volumes             request.body: {'name': 'vol_fccb6fc9-1ea9-4ee5-ad9d-a494cd367fef', 'size': '1 gib', 'replicaCount': '3', 'compression': 'False', 'acl': {'values': ['ALLOW_NONE']}, 'IPAcl': {'values': ['ALLOW_NONE']}, 'sourceSnapshotUUID': None, 'sourceSnapshotName': None} ssl_verify: False
2026-10-10 03:54:37.197 87 WARNING py.warnings [None req-12377b80-c2e4-4a6b-8bae-86571897508c d44e3d263871440b921481f5114c6564 895e16afd2a04ed08c682e2927d1c694 - - default default] /var/lib/kolla/venv/lib/python3.12/site-packages/urllib3/connectionpool.py:1110: InsecureRequestWarning: Unverified HTTPS request is being made to host '[LB_IP_ADDRESS]'. Adding certificate verification is strongly advised. See: https://urllib3.readthedocs.io/en/latest/advanced-usage.html#tls-warnings
  warnings.warn(
: NotImplementedError
2026-10-10 03:54:37.202 87 WARNING py.warnings [None req-c7fcec23-80b7-4b44-b49a-ae2fcee96b54 fae1255cf3ae42eb9b918c386aa7904f 8b391c064886487f909725a222bbc565 - - - -] /var/lib/kolla/venv/lib/python3.12/site-packages/urllib3/connectionpool.py:1110: InsecureRequestWarning: Unverified HTTPS request is being made to host '[LB_IP_ADDRESS]'. Adding certificate verification is strongly advised. See: https://urllib3.readthedocs.io/en/latest/advanced-usage.html#tls-warnings
  warnings.warn(

2026-10-10 03:54:37.205 87 INFO cinder.volume.drivers.lightos [None req-12377b80-c2e4-4a6b-8bae-86571897508c d44e3d263871440b921481f5114c6564 895e16afd2a04ed08c682e2927d1c694 - - default default] Invoking create_snapshot using POST url: /api/v2/projects/default/snapshots             request.body: {'name': 'snapshot-7dc80a63-5a0d-4797-8822-096256cf37b2', 'sourceVolumeUUID': None, 'sourceVolumeName': 'vol_1dfee0f7-0f6e-418d-9bac-ad7e6754cde2'} ssl_verify: False
2026-10-10 03:54:37.233 87 INFO cinder.volume.drivers.lightos [None req-c7fcec23-80b7-4b44-b49a-ae2fcee96b54 fae1255cf3ae42eb9b918c386aa7904f 8b391c064886487f909725a222bbc565 - - - -] Invoking get_volume using GET url: /api/v2/projects/default/volumes/2a760890-407d-46fc-bc3a-c73955eb807f             request.body: {} ssl_verify: False
2026-10-10 03:54:37.261 87 WARNING py.warnings [None req-12377b80-c2e4-4a6b-8bae-86571897508c d44e3d263871440b921481f5114c6564 895e16afd2a04ed08c682e2927d1c694 - - default default] /var/lib/kolla/venv/lib/python3.12/site-packages/urllib3/connectionpool.py:1110: InsecureRequestWarning: Unverified HTTPS request is being made to host '[LB_IP_ADDRESS]'. Adding certificate verification is strongly advised. See: https://urllib3.readthedocs.io/en/latest/advanced-usage.html#tls-warnings
  warnings.warn(
: NotImplementedError
2026-10-10 03:54:37.265 87 WARNING py.warnings [None req-c7fcec23-80b7-4b44-b49a-ae2fcee96b54 fae1255cf3ae42eb9b918c386aa7904f 8b391c064886487f909725a222bbc565 - - - -] /var/lib/kolla/venv/lib/python3.12/site-packages/urllib3/connectionpool.py:1110: InsecureRequestWarning: Unverified HTTPS request is being made to host '[LB_IP_ADDRESS]'. Adding certificate verification is strongly advised. See: https://urllib3.readthedocs.io/en/latest/advanced-usage.html#tls-warnings
  warnings.warn(

2026-10-10 03:54:37.342 87 INFO cinder.volume.drivers.lightos [None req-12377b80-c2e4-4a6b-8bae-86571897508c d44e3d263871440b921481f5114c6564 895e16afd2a04ed08c682e2927d1c694 - - default default] Invoking get_snapshot_by_name using GET url: /api/v2/projects/default/snapshots/?Name=snapshot-7dc80a63-5a0d-4797-8822-096256cf37b2             request.body: {} ssl_verify: False
2026-10-10 03:54:37.388 87 WARNING py.warnings [None req-12377b80-c2e4-4a6b-8bae-86571897508c d44e3d263871440b921481f5114c6564 895e16afd2a04ed08c682e2927d1c694 - - default default] /var/lib/kolla/venv/lib/python3.12/site-packages/urllib3/connectionpool.py:1110: InsecureRequestWarning: Unverified HTTPS request is being made to host '[LB_IP_ADDRESS]'. Adding certificate verification is strongly advised. See: https://urllib3.readthedocs.io/en/latest/advanced-usage.html#tls-warnings
  warnings.warn(
: NotImplementedError
2026-10-10 03:54:38.295 87 INFO cinder.volume.drivers.lightos [None req-c7fcec23-80b7-4b44-b49a-ae2fcee96b54 fae1255cf3ae42eb9b918c386aa7904f 8b391c064886487f909725a222bbc565 - - - -] Invoking get_volume using GET url: /api/v2/projects/default/volumes/2a760890-407d-46fc-bc3a-c73955eb807f             request.body: {} ssl_verify: False
2026-10-10 03:54:38.342 87 WARNING py.warnings [None req-c7fcec23-80b7-4b44-b49a-ae2fcee96b54 fae1255cf3ae42eb9b918c386aa7904f 8b391c064886487f909725a222bbc565 - - - -] /var/lib/kolla/venv/lib/python3.12/site-packages/urllib3/connectionpool.py:1110: InsecureRequestWarning: Unverified HTTPS request is being made to host '[LB_IP_ADDRESS]'. Adding certificate verification is strongly advised. See: https://urllib3.readthedocs.io/en/latest/advanced-usage.html#tls-warnings
  warnings.warn(

2026-10-10 03:54:38.377 87 INFO cinder.volume.flows.manager.create_volume [None req-c7fcec23-80b7-4b44-b49a-ae2fcee96b54 fae1255cf3ae42eb9b918c386aa7904f 8b391c064886487f909725a222bbc565 - - - -] Volume vol_fccb6fc9-1ea9-4ee5-ad9d-a494cd367fef (fccb6fc9-1ea9-4ee5-ad9d-a494cd367fef): created successfully
2026-10-10 03:54:38.385 87 INFO cinder.volume.manager [None req-c7fcec23-80b7-4b44-b49a-ae2fcee96b54 fae1255cf3ae42eb9b918c386aa7904f 8b391c064886487f909725a222bbc565 - - - -] Created volume successfully.
2026-10-10 03:54:38.435 87 INFO cinder.volume.drivers.lightos [None req-12377b80-c2e4-4a6b-8bae-86571897508c d44e3d263871440b921481f5114c6564 895e16afd2a04ed08c682e2927d1c694 - - default default] Invoking get_snapshot_by_name using GET url: /api/v2/projects/default/snapshots/?Name=snapshot-7dc80a63-5a0d-4797-8822-096256cf37b2             request.body: {} ssl_verify: False
2026-10-10 03:54:38.484 87 WARNING py.warnings [None req-12377b80-c2e4-4a6b-8bae-86571897508c d44e3d263871440b921481f5114c6564 895e16afd2a04ed08c682e2927d1c694 - - default default] /var/lib/kolla/venv/lib/python3.12/site-packages/urllib3/connectionpool.py:1110: InsecureRequestWarning: Unverified HTTPS request is being made to host '[LB_IP_ADDRESS]'. Adding certificate verification is strongly advised. See: https://urllib3.readthedocs.io/en/latest/advanced-usage.html#tls-warnings
  warnings.warn(
: NotImplementedError
2026-10-10 03:54:38.563 87 INFO cinder.volume.manager [None req-12377b80-c2e4-4a6b-8bae-86571897508c d44e3d263871440b921481f5114c6564 895e16afd2a04ed08c682e2927d1c694 - - default default] group_snapshot 02d52573-672e-4a71-8aaa-d9d6f6806d07: created successfully
2026-10-10 03:54:39.055 87 INFO cinder.volume.manager [None req-9d2efd54-b979-4fa6-9783-498003fc49bd d44e3d263871440b921481f5114c6564 895e16afd2a04ed08c682e2927d1c694 - - default default] group_snapshot 02d52573-672e-4a71-8aaa-d9d6f6806d07: deleting
2026-10-10 03:54:39.088 87 INFO cinder.volume.drivers.lightos [None req-9d2efd54-b979-4fa6-9783-498003fc49bd d44e3d263871440b921481f5114c6564 895e16afd2a04ed08c682e2927d1c694 - - default default] Invoking get_snapshot_by_name using GET url: /api/v2/projects/default/snapshots/?Name=snapshot-739ef399-149b-4746-add5-6bb196e5dce4             request.body: {} ssl_verify: False
2026-10-10 03:54:39.122 87 WARNING py.warnings [None req-9d2efd54-b979-4fa6-9783-498003fc49bd d44e3d263871440b921481f5114c6564 895e16afd2a04ed08c682e2927d1c694 - - default default] /var/lib/kolla/venv/lib/python3.12/site-packages/urllib3/connectionpool.py:1110: InsecureRequestWarning: Unverified HTTPS request is being made to host '[LB_IP_ADDRESS]'. Adding certificate verification is strongly advised. See: https://urllib3.readthedocs.io/en/latest/advanced-usage.html#tls-warnings
  warnings.warn(
: NotImplementedError
2026-10-10 03:54:39.132 87 INFO cinder.volume.drivers.lightos [None req-9d2efd54-b979-4fa6-9783-498003fc49bd d44e3d263871440b921481f5114c6564 895e16afd2a04ed08c682e2927d1c694 - - default default] Invoking delete_snapshot using DELETE url: /api/v2/projects/default/snapshots/398d2022-7e68-4dc3-882f-90867f1e41e2?             request.body:  ssl_verify: False
2026-10-10 03:54:39.166 87 WARNING py.warnings [None req-9d2efd54-b979-4fa6-9783-498003fc49bd d44e3d263871440b921481f5114c6564 895e16afd2a04ed08c682e2927d1c694 - - default default] /var/lib/kolla/venv/lib/python3.12/site-packages/urllib3/connectionpool.py:1110: InsecureRequestWarning: Unverified HTTPS request is being made to host '[LB_IP_ADDRESS]'. Adding certificate verification is strongly advised. See: https://urllib3.readthedocs.io/en/latest/advanced-usage.html#tls-warnings
  warnings.warn(
: NotImplementedError
2026-10-10 03:54:39.186 87 INFO cinder.volume.drivers.lightos [None req-9d2efd54-b979-4fa6-9783-498003fc49bd d44e3d263871440b921481f5114c6564 895e16afd2a04ed08c682e2927d1c694 - - default default] Invoking get_snapshot using GET url: /api/v2/projects/default/snapshots/398d2022-7e68-4dc3-882f-90867f1e41e2             request.body: {} ssl_verify: False
2026-10-10 03:54:39.228 87 WARNING py.warnings [None req-9d2efd54-b979-4fa6-9783-498003fc49bd d44e3d263871440b921481f5114c6564 895e16afd2a04ed08c682e2927d1c694 - - default default] /var/lib/kolla/venv/lib/python3.12/site-packages/urllib3/connectionpool.py:1110: InsecureRequestWarning: Unverified HTTPS request is being made to host '[LB_IP_ADDRESS]'. Adding certificate verification is strongly advised. See: https://urllib3.readthedocs.io/en/latest/advanced-usage.html#tls-warnings
  warnings.warn(
: NotImplementedError
2026-10-10 03:54:39.252 87 INFO cinder.volume.drivers.lightos [None req-9d2efd54-b979-4fa6-9783-498003fc49bd d44e3d263871440b921481f5114c6564 895e16afd2a04ed08c682e2927d1c694 - - default default] Invoking get_snapshot_by_name using GET url: /api/v2/projects/default/snapshots/?Name=snapshot-7dc80a63-5a0d-4797-8822-096256cf37b2             request.body: {} ssl_verify: False
2026-10-10 03:54:39.286 87 WARNING py.warnings [None req-9d2efd54-b979-4fa6-9783-498003fc49bd d44e3d263871440b921481f5114c6564 895e16afd2a04ed08c682e2927d1c694 - - default default] /var/lib/kolla/venv/lib/python3.12/site-packages/urllib3/connectionpool.py:1110: InsecureRequestWarning: Unverified HTTPS request is being made to host '[LB_IP_ADDRESS]'. Adding certificate verification is strongly advised. See: https://urllib3.readthedocs.io/en/latest/advanced-usage.html#tls-warnings
  warnings.warn(
: NotImplementedError
2026-10-10 03:54:39.297 87 INFO cinder.volume.drivers.lightos [None req-9d2efd54-b979-4fa6-9783-498003fc49bd d44e3d263871440b921481f5114c6564 895e16afd2a04ed08c682e2927d1c694 - - default default] Invoking delete_snapshot using DELETE url: /api/v2/projects/default/snapshots/e59eaf46-2846-4798-83db-efac70093897?             request.body:  ssl_verify: False
2026-10-10 03:54:39.337 87 WARNING py.warnings [None req-9d2efd54-b979-4fa6-9783-498003fc49bd d44e3d263871440b921481f5114c6564 895e16afd2a04ed08c682e2927d1c694 - - default default] /var/lib/kolla/venv/lib/python3.12/site-packages/urllib3/connectionpool.py:1110: InsecureRequestWarning: Unverified HTTPS request is being made to host '[LB_IP_ADDRESS]'. Adding certificate verification is strongly advised. See: https://urllib3.readthedocs.io/en/latest/advanced-usage.html#tls-warnings
  warnings.warn(
: NotImplementedError
2026-10-10 03:54:39.362 87 INFO cinder.volume.drivers.lightos [None req-9d2efd54-b979-4fa6-9783-498003fc49bd d44e3d263871440b921481f5114c6564 895e16afd2a04ed08c682e2927d1c694 - - default default] Invoking get_snapshot using GET url: /api/v2/projects/default/snapshots/e59eaf46-2846-4798-83db-efac70093897             request.body: {} ssl_verify: False
2026-10-10 03:54:39.403 87 WARNING py.warnings [None req-9d2efd54-b979-4fa6-9783-498003fc49bd d44e3d263871440b921481f5114c6564 895e16afd2a04ed08c682e2927d1c694 - - default default] /var/lib/kolla/venv/lib/python3.12/site-packages/urllib3/connectionpool.py:1110: InsecureRequestWarning: Unverified HTTPS request is being made to host '[LB_IP_ADDRESS]'. Adding certificate verification is strongly advised. See: https://urllib3.readthedocs.io/en/latest/advanced-usage.html#tls-warnings
  warnings.warn(
: NotImplementedError
2026-10-10 03:54:39.506 87 WARNING cinder.quota [None req-9d2efd54-b979-4fa6-9783-498003fc49bd d44e3d263871440b921481f5114c6564 895e16afd2a04ed08c682e2927d1c694 - - default default] Deprecated: Default quota for resource: gigabytes_tempest-GroupSnapshotsTest-volume-type-1745248792 is set by the default quota flag: quota_gigabytes_tempest-GroupSnapshotsTest-volume-type-1745248792, it is now deprecated. Please use the default quota class for default quota.
2026-10-10 03:54:39.506 87 WARNING cinder.quota [None req-9d2efd54-b979-4fa6-9783-498003fc49bd d44e3d263871440b921481f5114c6564 895e16afd2a04ed08c682e2927d1c694 - - default default] Deprecated: Default quota for resource: snapshots_tempest-GroupSnapshotsTest-volume-type-1745248792 is set by the default quota flag: quota_snapshots_tempest-GroupSnapshotsTest-volume-type-1745248792, it is now deprecated. Please use the default quota class for default quota.
2026-10-10 03:54:39.638 87 INFO cinder.volume.manager [None req-a243cc17-e1e3-42a2-ab98-d6091ad7ac62 fae1255cf3ae42eb9b918c386aa7904f 8b391c064886487f909725a222bbc565 - - - -] Retype volume completed successfully.
2026-10-10 03:54:39.668 87 INFO cinder.volume.manager [None req-9d2efd54-b979-4fa6-9783-498003fc49bd d44e3d263871440b921481f5114c6564 895e16afd2a04ed08c682e2927d1c694 - - default default] group_snapshot 02d52573-672e-4a71-8aaa-d9d6f6806d07: deleted successfully
2026-10-10 03:54:40.506 87 INFO cinder.volume.drivers.lightos [None req-41171af8-4b91-4092-a6a0-abf129699321 d44e3d263871440b921481f5114c6564 895e16afd2a04ed08c682e2927d1c694 - - default default] Invoking delete_volume using DELETE url: /api/v2/projects/default/volumes/b5f57914-b4ac-436e-99ec-1c772d740614?             request.body:  ssl_verify: False
2026-10-10 03:54:40.547 87 WARNING py.warnings [None req-41171af8-4b91-4092-a6a0-abf129699321 d44e3d263871440b921481f5114c6564 895e16afd2a04ed08c682e2927d1c694 - - default default] /var/lib/kolla/venv/lib/python3.12/site-packages/urllib3/connectionpool.py:1110: InsecureRequestWarning: Unverified HTTPS request is being made to host '[LB_IP_ADDRESS]'. Adding certificate verification is strongly advised. See: https://urllib3.readthedocs.io/en/latest/advanced-usage.html#tls-warnings
  warnings.warn(
: NotImplementedError
2026-10-10 03:54:40.595 87 INFO cinder.volume.drivers.lightos [None req-41171af8-4b91-4092-a6a0-abf129699321 d44e3d263871440b921481f5114c6564 895e16afd2a04ed08c682e2927d1c694 - - default default] Invoking get_volume using GET url: /api/v2/projects/default/volumes/b5f57914-b4ac-436e-99ec-1c772d740614             request.body: {} ssl_verify: False
2026-10-10 03:54:40.637 87 WARNING py.warnings [None req-41171af8-4b91-4092-a6a0-abf129699321 d44e3d263871440b921481f5114c6564 895e16afd2a04ed08c682e2927d1c694 - - default default] /var/lib/kolla/venv/lib/python3.12/site-packages/urllib3/connectionpool.py:1110: InsecureRequestWarning: Unverified HTTPS request is being made to host '[LB_IP_ADDRESS]'. Adding certificate verification is strongly advised. See: https://urllib3.readthedocs.io/en/latest/advanced-usage.html#tls-warnings
  warnings.warn(
: NotImplementedError
2026-10-10 03:54:40.648 87 INFO cinder.volume.drivers.lightos [None req-41171af8-4b91-4092-a6a0-abf129699321 d44e3d263871440b921481f5114c6564 895e16afd2a04ed08c682e2927d1c694 - - default default] Invoking delete_volume using DELETE url: /api/v2/projects/default/volumes/469f44e0-da68-4607-964f-d02ff45b7d8e?             request.body:  ssl_verify: False
2026-10-10 03:54:40.683 87 WARNING py.warnings [None req-41171af8-4b91-4092-a6a0-abf129699321 d44e3d263871440b921481f5114c6564 895e16afd2a04ed08c682e2927d1c694 - - default default] /var/lib/kolla/venv/lib/python3.12/site-packages/urllib3/connectionpool.py:1110: InsecureRequestWarning: Unverified HTTPS request is being made to host '[LB_IP_ADDRESS]'. Adding certificate verification is strongly advised. See: https://urllib3.readthedocs.io/en/latest/advanced-usage.html#tls-warnings
  warnings.warn(
: NotImplementedError
2026-10-10 03:54:40.705 87 INFO cinder.volume.drivers.lightos [None req-41171af8-4b91-4092-a6a0-abf129699321 d44e3d263871440b921481f5114c6564 895e16afd2a04ed08c682e2927d1c694 - - default default] Invoking get_volume using GET url: /api/v2/projects/default/volumes/469f44e0-da68-4607-964f-d02ff45b7d8e             request.body: {} ssl_verify: False
2026-10-10 03:54:40.777 87 WARNING py.warnings [None req-41171af8-4b91-4092-a6a0-abf129699321 d44e3d263871440b921481f5114c6564 895e16afd2a04ed08c682e2927d1c694 - - default default] /var/lib/kolla/venv/lib/python3.12/site-packages/urllib3/connectionpool.py:1110: InsecureRequestWarning: Unverified HTTPS request is being made to host '[LB_IP_ADDRESS]'. Adding certificate verification is strongly advised. See: https://urllib3.readthedocs.io/en/latest/advanced-usage.html#tls-warnings
  warnings.warn(
: NotImplementedError
2026-10-10 03:54:40.845 87 INFO cinder.volume.drivers.lightos [None req-0250fb09-b26c-400e-83a9-ccf64788c706 fae1255cf3ae42eb9b918c386aa7904f 8b391c064886487f909725a222bbc565 - - default default] Invoking delete_volume using DELETE url: /api/v2/projects/default/volumes/2a760890-407d-46fc-bc3a-c73955eb807f?             request.body:  ssl_verify: False
2026-10-10 03:54:40.900 87 WARNING py.warnings [None req-0250fb09-b26c-400e-83a9-ccf64788c706 fae1255cf3ae42eb9b918c386aa7904f 8b391c064886487f909725a222bbc565 - - default default] /var/lib/kolla/venv/lib/python3.12/site-packages/urllib3/connectionpool.py:1110: InsecureRequestWarning: Unverified HTTPS request is being made to host '[LB_IP_ADDRESS]'. Adding certificate verification is strongly advised. See: https://urllib3.readthedocs.io/en/latest/advanced-usage.html#tls-warnings
  warnings.warn(

2026-10-10 03:54:40.920 87 INFO cinder.volume.drivers.lightos [None req-0250fb09-b26c-400e-83a9-ccf64788c706 fae1255cf3ae42eb9b918c386aa7904f 8b391c064886487f909725a222bbc565 - - default default] Invoking get_volume using GET url: /api/v2/projects/default/volumes/2a760890-407d-46fc-bc3a-c73955eb807f             request.body: {} ssl_verify: False
2026-10-10 03:54:40.959 87 WARNING py.warnings [None req-0250fb09-b26c-400e-83a9-ccf64788c706 fae1255cf3ae42eb9b918c386aa7904f 8b391c064886487f909725a222bbc565 - - default default] /var/lib/kolla/venv/lib/python3.12/site-packages/urllib3/connectionpool.py:1110: InsecureRequestWarning: Unverified HTTPS request is being made to host '[LB_IP_ADDRESS]'. Adding certificate verification is strongly advised. See: https://urllib3.readthedocs.io/en/latest/advanced-usage.html#tls-warnings
  warnings.warn(

2026-10-10 03:54:41.001 87 WARNING cinder.quota [None req-41171af8-4b91-4092-a6a0-abf129699321 d44e3d263871440b921481f5114c6564 895e16afd2a04ed08c682e2927d1c694 - - default default] Deprecated: Default quota for resource: volumes_tempest-GroupSnapshotsTest-volume-type-1745248792 is set by the default quota flag: quota_volumes_tempest-GroupSnapshotsTest-volume-type-1745248792, it is now deprecated. Please use the default quota class for default quota.
2026-10-10 03:54:41.061 87 WARNING cinder.quota [None req-0250fb09-b26c-400e-83a9-ccf64788c706 fae1255cf3ae42eb9b918c386aa7904f 8b391c064886487f909725a222bbc565 - - default default] Deprecated: Default quota for resource: volumes_volume-type-2 is set by the default quota flag: quota_volumes_volume-type-2, it is now deprecated. Please use the default quota class for default quota.
2026-10-10 03:54:41.061 87 WARNING cinder.quota [None req-0250fb09-b26c-400e-83a9-ccf64788c706 fae1255cf3ae42eb9b918c386aa7904f 8b391c064886487f909725a222bbc565 - - default default] Deprecated: Default quota for resource: gigabytes_volume-type-2 is set by the default quota flag: quota_gigabytes_volume-type-2, it is now deprecated. Please use the default quota class for default quota.
2026-10-10 03:54:41.148 87 INFO cinder.volume.manager [None req-0250fb09-b26c-400e-83a9-ccf64788c706 fae1255cf3ae42eb9b918c386aa7904f 8b391c064886487f909725a222bbc565 - - default default] Deleted volume successfully.
2026-10-10 03:54:41.205 87 INFO cinder.volume.manager [None req-41171af8-4b91-4092-a6a0-abf129699321 d44e3d263871440b921481f5114c6564 895e16afd2a04ed08c682e2927d1c694 - - default default] Delete group completed successfully.
2026-10-10 03:54:41.780 87 INFO cinder.volume.manager [None req-699ef538-c02d-449b-9e47-02ad5244b12f e8a23dda9ccf402e8f3ade898c8cac26 0a9529dd9d7b40619e01a8940bdbcc39 - - - -] Group tempest-GroupsV314Test-Group-249121544: creating
2026-10-10 03:54:41.797 87 INFO cinder.volume.manager [None req-699ef538-c02d-449b-9e47-02ad5244b12f e8a23dda9ccf402e8f3ade898c8cac26 0a9529dd9d7b40619e01a8940bdbcc39 - - - -] Group tempest-GroupsV314Test-Group-249121544: created successfully
2026-10-10 03:54:41.806 87 INFO cinder.volume.manager [None req-699ef538-c02d-449b-9e47-02ad5244b12f e8a23dda9ccf402e8f3ade898c8cac26 0a9529dd9d7b40619e01a8940bdbcc39 - - - -] Create group completed successfully.
2026-10-10 03:54:42.046 87 INFO cinder.volume.manager [None req-df412c9b-4cb3-4ead-a087-df6462e08250 d44e3d263871440b921481f5114c6564 895e16afd2a04ed08c682e2927d1c694 - - - -] Group tempest-GroupSnapshotsTest-Group-640344129: creating
2026-10-10 03:54:42.061 87 INFO cinder.volume.manager [None req-df412c9b-4cb3-4ead-a087-df6462e08250 d44e3d263871440b921481f5114c6564 895e16afd2a04ed08c682e2927d1c694 - - - -] Group tempest-GroupSnapshotsTest-Group-640344129: created successfully
2026-10-10 03:54:42.068 87 INFO cinder.volume.manager [None req-df412c9b-4cb3-4ead-a087-df6462e08250 d44e3d263871440b921481f5114c6564 895e16afd2a04ed08c682e2927d1c694 - - - -] Create group completed successfully.
2026-10-10 03:54:43.607 87 INFO cinder.volume.flows.manager.create_volume [None req-ac904d20-837f-4506-bcaf-655d288e67ff e8a23dda9ccf402e8f3ade898c8cac26 0a9529dd9d7b40619e01a8940bdbcc39 - - - -] Volume e066357e-0738-4f14-91ae-44e9cd59031c: being created as raw with specification: {'status': 'creating', 'volume_name': 'vol_e066357e-0738-4f14-91ae-44e9cd59031c', 'volume_size': 1}
2026-10-10 03:54:43.607 87 INFO cinder.volume.drivers.lightos [None req-ac904d20-837f-4506-bcaf-655d288e67ff e8a23dda9ccf402e8f3ade898c8cac26 0a9529dd9d7b40619e01a8940bdbcc39 - - - -] Invoking get_volume_by_name using GET url: /api/v2/projects/default/volumes/?name=vol_e066357e-0738-4f14-91ae-44e9cd59031c             request.body: {} ssl_verify: False
2026-10-10 03:54:43.643 87 WARNING py.warnings [None req-ac904d20-837f-4506-bcaf-655d288e67ff e8a23dda9ccf402e8f3ade898c8cac26 0a9529dd9d7b40619e01a8940bdbcc39 - - - -] /var/lib/kolla/venv/lib/python3.12/site-packages/urllib3/connectionpool.py:1110: InsecureRequestWarning: Unverified HTTPS request is being made to host '[LB_IP_ADDRESS]'. Adding certificate verification is strongly advised. See: https://urllib3.readthedocs.io/en/latest/advanced-usage.html#tls-warnings
  warnings.warn(

2026-10-10 03:54:43.654 87 INFO cinder.volume.drivers.lightos [None req-ac904d20-837f-4506-bcaf-655d288e67ff e8a23dda9ccf402e8f3ade898c8cac26 0a9529dd9d7b40619e01a8940bdbcc39 - - - -] Invoking create_volume using POST url: /api/v2/projects/default/volumes             request.body: {'name': 'vol_e066357e-0738-4f14-91ae-44e9cd59031c', 'size': '1 gib', 'replicaCount': '3', 'compression': 'False', 'acl': {'values': ['ALLOW_NONE']}, 'IPAcl': {'values': ['ALLOW_NONE']}, 'sourceSnapshotUUID': None, 'sourceSnapshotName': None} ssl_verify: False
2026-10-10 03:54:43.691 87 WARNING py.warnings [None req-ac904d20-837f-4506-bcaf-655d288e67ff e8a23dda9ccf402e8f3ade898c8cac26 0a9529dd9d7b40619e01a8940bdbcc39 - - - -] /var/lib/kolla/venv/lib/python3.12/site-packages/urllib3/connectionpool.py:1110: InsecureRequestWarning: Unverified HTTPS request is being made to host '[LB_IP_ADDRESS]'. Adding certificate verification is strongly advised. See: https://urllib3.readthedocs.io/en/latest/advanced-usage.html#tls-warnings
  warnings.warn(

2026-10-10 03:54:43.718 87 INFO cinder.volume.drivers.lightos [None req-ac904d20-837f-4506-bcaf-655d288e67ff e8a23dda9ccf402e8f3ade898c8cac26 0a9529dd9d7b40619e01a8940bdbcc39 - - - -] Invoking get_volume using GET url: /api/v2/projects/default/volumes/7956d7cc-5081-4fa6-9b71-d3d35f22817b             request.body: {} ssl_verify: False
2026-10-10 03:54:43.779 87 WARNING py.warnings [None req-ac904d20-837f-4506-bcaf-655d288e67ff e8a23dda9ccf402e8f3ade898c8cac26 0a9529dd9d7b40619e01a8940bdbcc39 - - - -] /var/lib/kolla/venv/lib/python3.12/site-packages/urllib3/connectionpool.py:1110: InsecureRequestWarning: Unverified HTTPS request is being made to host '[LB_IP_ADDRESS]'. Adding certificate verification is strongly advised. See: https://urllib3.readthedocs.io/en/latest/advanced-usage.html#tls-warnings
  warnings.warn(

2026-10-10 03:54:43.843 87 INFO cinder.volume.flows.manager.create_volume [None req-713259ee-46af-4f08-8e1b-06f057253bae d44e3d263871440b921481f5114c6564 895e16afd2a04ed08c682e2927d1c694 - - - -] Volume fb358a63-4d79-4f98-8f51-f16279f78d70: being created as raw with specification: {'status': 'creating', 'volume_name': 'vol_fb358a63-4d79-4f98-8f51-f16279f78d70', 'volume_size': 1}
2026-10-10 03:54:43.843 87 INFO cinder.volume.drivers.lightos [None req-713259ee-46af-4f08-8e1b-06f057253bae d44e3d263871440b921481f5114c6564 895e16afd2a04ed08c682e2927d1c694 - - - -] Invoking get_volume_by_name using GET url: /api/v2/projects/default/volumes/?name=vol_fb358a63-4d79-4f98-8f51-f16279f78d70             request.body: {} ssl_verify: False
2026-10-10 03:54:43.877 87 WARNING py.warnings [None req-713259ee-46af-4f08-8e1b-06f057253bae d44e3d263871440b921481f5114c6564 895e16afd2a04ed08c682e2927d1c694 - - - -] /var/lib/kolla/venv/lib/python3.12/site-packages/urllib3/connectionpool.py:1110: InsecureRequestWarning: Unverified HTTPS request is being made to host '[LB_IP_ADDRESS]'. Adding certificate verification is strongly advised. See: https://urllib3.readthedocs.io/en/latest/advanced-usage.html#tls-warnings
  warnings.warn(

2026-10-10 03:54:43.884 87 INFO cinder.volume.drivers.lightos [None req-713259ee-46af-4f08-8e1b-06f057253bae d44e3d263871440b921481f5114c6564 895e16afd2a04ed08c682e2927d1c694 - - - -] Invoking create_volume using POST url: /api/v2/projects/default/volumes             request.body: {'name': 'vol_fb358a63-4d79-4f98-8f51-f16279f78d70', 'size': '1 gib', 'replicaCount': '3', 'compression': 'False', 'acl': {'values': ['ALLOW_NONE']}, 'IPAcl': {'values': ['ALLOW_NONE']}, 'sourceSnapshotUUID': None, 'sourceSnapshotName': None} ssl_verify: False
2026-10-10 03:54:43.917 87 WARNING py.warnings [None req-713259ee-46af-4f08-8e1b-06f057253bae d44e3d263871440b921481f5114c6564 895e16afd2a04ed08c682e2927d1c694 - - - -] /var/lib/kolla/venv/lib/python3.12/site-packages/urllib3/connectionpool.py:1110: InsecureRequestWarning: Unverified HTTPS request is being made to host '[LB_IP_ADDRESS]'. Adding certificate verification is strongly advised. See: https://urllib3.readthedocs.io/en/latest/advanced-usage.html#tls-warnings
  warnings.warn(

2026-10-10 03:54:43.936 87 INFO cinder.volume.drivers.lightos [None req-713259ee-46af-4f08-8e1b-06f057253bae d44e3d263871440b921481f5114c6564 895e16afd2a04ed08c682e2927d1c694 - - - -] Invoking get_volume using GET url: /api/v2/projects/default/volumes/dbc228e1-c5da-4ed7-b83c-0683583188d4             request.body: {} ssl_verify: False
2026-10-10 03:54:43.983 87 WARNING py.warnings [None req-713259ee-46af-4f08-8e1b-06f057253bae d44e3d263871440b921481f5114c6564 895e16afd2a04ed08c682e2927d1c694 - - - -] /var/lib/kolla/venv/lib/python3.12/site-packages/urllib3/connectionpool.py:1110: InsecureRequestWarning: Unverified HTTPS request is being made to host '[LB_IP_ADDRESS]'. Adding certificate verification is strongly advised. See: https://urllib3.readthedocs.io/en/latest/advanced-usage.html#tls-warnings
  warnings.warn(

2026-10-10 03:54:44.017 87 INFO cinder.volume.flows.manager.create_volume [None req-713259ee-46af-4f08-8e1b-06f057253bae d44e3d263871440b921481f5114c6564 895e16afd2a04ed08c682e2927d1c694 - - - -] Volume vol_fb358a63-4d79-4f98-8f51-f16279f78d70 (fb358a63-4d79-4f98-8f51-f16279f78d70): created successfully
2026-10-10 03:54:44.026 87 INFO cinder.volume.manager [None req-713259ee-46af-4f08-8e1b-06f057253bae d44e3d263871440b921481f5114c6564 895e16afd2a04ed08c682e2927d1c694 - - - -] Created volume successfully.
2026-10-10 03:54:44.812 87 INFO cinder.volume.drivers.lightos [None req-ac904d20-837f-4506-bcaf-655d288e67ff e8a23dda9ccf402e8f3ade898c8cac26 0a9529dd9d7b40619e01a8940bdbcc39 - - - -] Invoking get_volume using GET url: /api/v2/projects/default/volumes/7956d7cc-5081-4fa6-9b71-d3d35f22817b             request.body: {} ssl_verify: False
2026-10-10 03:54:44.858 87 WARNING py.warnings [None req-ac904d20-837f-4506-bcaf-655d288e67ff e8a23dda9ccf402e8f3ade898c8cac26 0a9529dd9d7b40619e01a8940bdbcc39 - - - -] /var/lib/kolla/venv/lib/python3.12/site-packages/urllib3/connectionpool.py:1110: InsecureRequestWarning: Unverified HTTPS request is being made to host '[LB_IP_ADDRESS]'. Adding certificate verification is strongly advised. See: https://urllib3.readthedocs.io/en/latest/advanced-usage.html#tls-warnings
  warnings.warn(

2026-10-10 03:54:44.893 87 INFO cinder.volume.flows.manager.create_volume [None req-ac904d20-837f-4506-bcaf-655d288e67ff e8a23dda9ccf402e8f3ade898c8cac26 0a9529dd9d7b40619e01a8940bdbcc39 - - - -] Volume vol_e066357e-0738-4f14-91ae-44e9cd59031c (e066357e-0738-4f14-91ae-44e9cd59031c): created successfully
2026-10-10 03:54:44.901 87 INFO cinder.volume.manager [None req-ac904d20-837f-4506-bcaf-655d288e67ff e8a23dda9ccf402e8f3ade898c8cac26 0a9529dd9d7b40619e01a8940bdbcc39 - - - -] Created volume successfully.
2026-10-10 03:54:45.132 87 INFO cinder.volume.manager [None req-9a02d878-6ab0-4144-b265-d8b9362e1dc4 d44e3d263871440b921481f5114c6564 895e16afd2a04ed08c682e2927d1c694 - - default default] GroupSnapshot d8a64dbb-b3ee-4087-8b57-f3973f76e55b: creating.
2026-10-10 03:54:45.168 87 INFO cinder.volume.drivers.lightos [None req-9a02d878-6ab0-4144-b265-d8b9362e1dc4 d44e3d263871440b921481f5114c6564 895e16afd2a04ed08c682e2927d1c694 - - default default] Invoking get_snapshot_by_name using GET url: /api/v2/projects/default/snapshots/?Name=snapshot-5db27beb-92cf-4971-89f0-303356b72464             request.body: {} ssl_verify: False
2026-10-10 03:54:45.203 87 WARNING py.warnings [None req-9a02d878-6ab0-4144-b265-d8b9362e1dc4 d44e3d263871440b921481f5114c6564 895e16afd2a04ed08c682e2927d1c694 - - default default] /var/lib/kolla/venv/lib/python3.12/site-packages/urllib3/connectionpool.py:1110: InsecureRequestWarning: Unverified HTTPS request is being made to host '[LB_IP_ADDRESS]'. Adding certificate verification is strongly advised. See: https://urllib3.readthedocs.io/en/latest/advanced-usage.html#tls-warnings
  warnings.warn(
: NotImplementedError
2026-10-10 03:54:45.217 87 INFO cinder.volume.drivers.lightos [None req-9a02d878-6ab0-4144-b265-d8b9362e1dc4 d44e3d263871440b921481f5114c6564 895e16afd2a04ed08c682e2927d1c694 - - default default] Invoking create_snapshot using POST url: /api/v2/projects/default/snapshots             request.body: {'name': 'snapshot-5db27beb-92cf-4971-89f0-303356b72464', 'sourceVolumeUUID': None, 'sourceVolumeName': 'vol_fb358a63-4d79-4f98-8f51-f16279f78d70'} ssl_verify: False
2026-10-10 03:54:45.259 87 WARNING py.warnings [None req-9a02d878-6ab0-4144-b265-d8b9362e1dc4 d44e3d263871440b921481f5114c6564 895e16afd2a04ed08c682e2927d1c694 - - default default] /var/lib/kolla/venv/lib/python3.12/site-packages/urllib3/connectionpool.py:1110: InsecureRequestWarning: Unverified HTTPS request is being made to host '[LB_IP_ADDRESS]'. Adding certificate verification is strongly advised. See: https://urllib3.readthedocs.io/en/latest/advanced-usage.html#tls-warnings
  warnings.warn(
: NotImplementedError
2026-10-10 03:54:45.291 87 INFO cinder.volume.drivers.lightos [None req-9a02d878-6ab0-4144-b265-d8b9362e1dc4 d44e3d263871440b921481f5114c6564 895e16afd2a04ed08c682e2927d1c694 - - default default] Invoking get_snapshot_by_name using GET url: /api/v2/projects/default/snapshots/?Name=snapshot-5db27beb-92cf-4971-89f0-303356b72464             request.body: {} ssl_verify: False
2026-10-10 03:54:45.333 87 WARNING py.warnings [None req-9a02d878-6ab0-4144-b265-d8b9362e1dc4 d44e3d263871440b921481f5114c6564 895e16afd2a04ed08c682e2927d1c694 - - default default] /var/lib/kolla/venv/lib/python3.12/site-packages/urllib3/connectionpool.py:1110: InsecureRequestWarning: Unverified HTTPS request is being made to host '[LB_IP_ADDRESS]'. Adding certificate verification is strongly advised. See: https://urllib3.readthedocs.io/en/latest/advanced-usage.html#tls-warnings
  warnings.warn(
: NotImplementedError
2026-10-10 03:54:46.412 87 INFO cinder.volume.drivers.lightos [None req-9a02d878-6ab0-4144-b265-d8b9362e1dc4 d44e3d263871440b921481f5114c6564 895e16afd2a04ed08c682e2927d1c694 - - default default] Invoking get_snapshot_by_name using GET url: /api/v2/projects/default/snapshots/?Name=snapshot-5db27beb-92cf-4971-89f0-303356b72464             request.body: {} ssl_verify: False
2026-10-10 03:54:46.460 87 WARNING py.warnings [None req-9a02d878-6ab0-4144-b265-d8b9362e1dc4 d44e3d263871440b921481f5114c6564 895e16afd2a04ed08c682e2927d1c694 - - default default] /var/lib/kolla/venv/lib/python3.12/site-packages/urllib3/connectionpool.py:1110: InsecureRequestWarning: Unverified HTTPS request is being made to host '[LB_IP_ADDRESS]'. Adding certificate verification is strongly advised. See: https://urllib3.readthedocs.io/en/latest/advanced-usage.html#tls-warnings
  warnings.warn(
: NotImplementedError
2026-10-10 03:54:46.513 87 INFO cinder.volume.manager [None req-9a02d878-6ab0-4144-b265-d8b9362e1dc4 d44e3d263871440b921481f5114c6564 895e16afd2a04ed08c682e2927d1c694 - - default default] group_snapshot d8a64dbb-b3ee-4087-8b57-f3973f76e55b: created successfully
2026-10-10 03:54:46.819 87 INFO cinder.volume.drivers.lightos [None req-241fa526-8714-4780-825b-b88114f7568f e8a23dda9ccf402e8f3ade898c8cac26 0a9529dd9d7b40619e01a8940bdbcc39 - - default default] Invoking get_snapshot_by_name using GET url: /api/v2/projects/default/snapshots/?Name=for_clone_cbd70cc9-27a7-42d2-abdb-f51007dc3169             request.body: {} ssl_verify: False
2026-10-10 03:54:46.860 87 WARNING py.warnings [None req-241fa526-8714-4780-825b-b88114f7568f e8a23dda9ccf402e8f3ade898c8cac26 0a9529dd9d7b40619e01a8940bdbcc39 - - default default] /var/lib/kolla/venv/lib/python3.12/site-packages/urllib3/connectionpool.py:1110: InsecureRequestWarning: Unverified HTTPS request is being made to host '[LB_IP_ADDRESS]'. Adding certificate verification is strongly advised. See: https://urllib3.readthedocs.io/en/latest/advanced-usage.html#tls-warnings
  warnings.warn(
: NotImplementedError
2026-10-10 03:54:46.867 87 INFO cinder.volume.drivers.lightos [None req-241fa526-8714-4780-825b-b88114f7568f e8a23dda9ccf402e8f3ade898c8cac26 0a9529dd9d7b40619e01a8940bdbcc39 - - default default] Invoking create_snapshot using POST url: /api/v2/projects/default/snapshots             request.body: {'name': 'for_clone_cbd70cc9-27a7-42d2-abdb-f51007dc3169', 'sourceVolumeUUID': None, 'sourceVolumeName': 'vol_e066357e-0738-4f14-91ae-44e9cd59031c'} ssl_verify: False
2026-10-10 03:54:46.905 87 WARNING py.warnings [None req-241fa526-8714-4780-825b-b88114f7568f e8a23dda9ccf402e8f3ade898c8cac26 0a9529dd9d7b40619e01a8940bdbcc39 - - default default] /var/lib/kolla/venv/lib/python3.12/site-packages/urllib3/connectionpool.py:1110: InsecureRequestWarning: Unverified HTTPS request is being made to host '[LB_IP_ADDRESS]'. Adding certificate verification is strongly advised. See: https://urllib3.readthedocs.io/en/latest/advanced-usage.html#tls-warnings
  warnings.warn(
: NotImplementedError
2026-10-10 03:54:46.935 87 INFO cinder.volume.drivers.lightos [None req-241fa526-8714-4780-825b-b88114f7568f e8a23dda9ccf402e8f3ade898c8cac26 0a9529dd9d7b40619e01a8940bdbcc39 - - default default] Invoking get_snapshot_by_name using GET url: /api/v2/projects/default/snapshots/?Name=for_clone_cbd70cc9-27a7-42d2-abdb-f51007dc3169             request.body: {} ssl_verify: False
2026-10-10 03:54:46.977 87 WARNING py.warnings [None req-241fa526-8714-4780-825b-b88114f7568f e8a23dda9ccf402e8f3ade898c8cac26 0a9529dd9d7b40619e01a8940bdbcc39 - - default default] /var/lib/kolla/venv/lib/python3.12/site-packages/urllib3/connectionpool.py:1110: InsecureRequestWarning: Unverified HTTPS request is being made to host '[LB_IP_ADDRESS]'. Adding certificate verification is strongly advised. See: https://urllib3.readthedocs.io/en/latest/advanced-usage.html#tls-warnings
  warnings.warn(
: NotImplementedError
2026-10-10 03:54:47.416 87 INFO cinder.volume.manager [None req-fadbc582-744a-4760-98ce-c8484c774267 d44e3d263871440b921481f5114c6564 895e16afd2a04ed08c682e2927d1c694 - - default default] group_snapshot d8a64dbb-b3ee-4087-8b57-f3973f76e55b: deleting
2026-10-10 03:54:47.446 87 INFO cinder.volume.drivers.lightos [None req-fadbc582-744a-4760-98ce-c8484c774267 d44e3d263871440b921481f5114c6564 895e16afd2a04ed08c682e2927d1c694 - - default default] Invoking get_snapshot_by_name using GET url: /api/v2/projects/default/snapshots/?Name=snapshot-5db27beb-92cf-4971-89f0-303356b72464             request.body: {} ssl_verify: False
2026-10-10 03:54:47.477 87 WARNING py.warnings [None req-fadbc582-744a-4760-98ce-c8484c774267 d44e3d263871440b921481f5114c6564 895e16afd2a04ed08c682e2927d1c694 - - default default] /var/lib/kolla/venv/lib/python3.12/site-packages/urllib3/connectionpool.py:1110: InsecureRequestWarning: Unverified HTTPS request is being made to host '[LB_IP_ADDRESS]'. Adding certificate verification is strongly advised. See: https://urllib3.readthedocs.io/en/latest/advanced-usage.html#tls-warnings
  warnings.warn(
: NotImplementedError
2026-10-10 03:54:47.487 87 INFO cinder.volume.drivers.lightos [None req-fadbc582-744a-4760-98ce-c8484c774267 d44e3d263871440b921481f5114c6564 895e16afd2a04ed08c682e2927d1c694 - - default default] Invoking delete_snapshot using DELETE url: /api/v2/projects/default/snapshots/fdf9e82e-6979-4515-a7c5-c38e92823303?             request.body:  ssl_verify: False
2026-10-10 03:54:47.525 87 WARNING py.warnings [None req-fadbc582-744a-4760-98ce-c8484c774267 d44e3d263871440b921481f5114c6564 895e16afd2a04ed08c682e2927d1c694 - - default default] /var/lib/kolla/venv/lib/python3.12/site-packages/urllib3/connectionpool.py:1110: InsecureRequestWarning: Unverified HTTPS request is being made to host '[LB_IP_ADDRESS]'. Adding certificate verification is strongly advised. See: https://urllib3.readthedocs.io/en/latest/advanced-usage.html#tls-warnings
  warnings.warn(
: NotImplementedError
2026-10-10 03:54:47.544 87 INFO cinder.volume.drivers.lightos [None req-fadbc582-744a-4760-98ce-c8484c774267 d44e3d263871440b921481f5114c6564 895e16afd2a04ed08c682e2927d1c694 - - default default] Invoking get_snapshot using GET url: /api/v2/projects/default/snapshots/fdf9e82e-6979-4515-a7c5-c38e92823303             request.body: {} ssl_verify: False
2026-10-10 03:54:47.584 87 WARNING py.warnings [None req-fadbc582-744a-4760-98ce-c8484c774267 d44e3d263871440b921481f5114c6564 895e16afd2a04ed08c682e2927d1c694 - - default default] /var/lib/kolla/venv/lib/python3.12/site-packages/urllib3/connectionpool.py:1110: InsecureRequestWarning: Unverified HTTPS request is being made to host '[LB_IP_ADDRESS]'. Adding certificate verification is strongly advised. See: https://urllib3.readthedocs.io/en/latest/advanced-usage.html#tls-warnings
  warnings.warn(
: NotImplementedError
2026-10-10 03:54:47.681 87 WARNING cinder.quota [None req-fadbc582-744a-4760-98ce-c8484c774267 d44e3d263871440b921481f5114c6564 895e16afd2a04ed08c682e2927d1c694 - - default default] Deprecated: Default quota for resource: gigabytes_tempest-GroupSnapshotsTest-volume-type-1169345320 is set by the default quota flag: quota_gigabytes_tempest-GroupSnapshotsTest-volume-type-1169345320, it is now deprecated. Please use the default quota class for default quota.
2026-10-10 03:54:47.681 87 WARNING cinder.quota [None req-fadbc582-744a-4760-98ce-c8484c774267 d44e3d263871440b921481f5114c6564 895e16afd2a04ed08c682e2927d1c694 - - default default] Deprecated: Default quota for resource: snapshots_tempest-GroupSnapshotsTest-volume-type-1169345320 is set by the default quota flag: quota_snapshots_tempest-GroupSnapshotsTest-volume-type-1169345320, it is now deprecated. Please use the default quota class for default quota.
2026-10-10 03:54:47.722 87 INFO cinder.volume.manager [None req-fadbc582-744a-4760-98ce-c8484c774267 d44e3d263871440b921481f5114c6564 895e16afd2a04ed08c682e2927d1c694 - - default default] group_snapshot d8a64dbb-b3ee-4087-8b57-f3973f76e55b: deleted successfully
2026-10-10 03:54:48.034 87 INFO cinder.volume.drivers.lightos [None req-241fa526-8714-4780-825b-b88114f7568f e8a23dda9ccf402e8f3ade898c8cac26 0a9529dd9d7b40619e01a8940bdbcc39 - - default default] Invoking get_snapshot_by_name using GET url: /api/v2/projects/default/snapshots/?Name=for_clone_cbd70cc9-27a7-42d2-abdb-f51007dc3169             request.body: {} ssl_verify: False
2026-10-10 03:54:48.093 87 WARNING py.warnings [None req-241fa526-8714-4780-825b-b88114f7568f e8a23dda9ccf402e8f3ade898c8cac26 0a9529dd9d7b40619e01a8940bdbcc39 - - default default] /var/lib/kolla/venv/lib/python3.12/site-packages/urllib3/connectionpool.py:1110: InsecureRequestWarning: Unverified HTTPS request is being made to host '[LB_IP_ADDRESS]'. Adding certificate verification is strongly advised. See: https://urllib3.readthedocs.io/en/latest/advanced-usage.html#tls-warnings
  warnings.warn(
: NotImplementedError
2026-10-10 03:54:48.129 87 INFO cinder.volume.drivers.lightos [None req-241fa526-8714-4780-825b-b88114f7568f e8a23dda9ccf402e8f3ade898c8cac26 0a9529dd9d7b40619e01a8940bdbcc39 - - default default] Invoking get_volume_by_name using GET url: /api/v2/projects/default/volumes/?name=vol_cbd70cc9-27a7-42d2-abdb-f51007dc3169             request.body: {} ssl_verify: False
2026-10-10 03:54:48.171 87 WARNING py.warnings [None req-241fa526-8714-4780-825b-b88114f7568f e8a23dda9ccf402e8f3ade898c8cac26 0a9529dd9d7b40619e01a8940bdbcc39 - - default default] /var/lib/kolla/venv/lib/python3.12/site-packages/urllib3/connectionpool.py:1110: InsecureRequestWarning: Unverified HTTPS request is being made to host '[LB_IP_ADDRESS]'. Adding certificate verification is strongly advised. See: https://urllib3.readthedocs.io/en/latest/advanced-usage.html#tls-warnings
  warnings.warn(
: NotImplementedError
2026-10-10 03:54:48.182 87 INFO cinder.volume.drivers.lightos [None req-241fa526-8714-4780-825b-b88114f7568f e8a23dda9ccf402e8f3ade898c8cac26 0a9529dd9d7b40619e01a8940bdbcc39 - - default default] Invoking create_volume using POST url: /api/v2/projects/default/volumes             request.body: {'name': 'vol_cbd70cc9-27a7-42d2-abdb-f51007dc3169', 'size': '1 gib', 'replicaCount': '3', 'compression': 'False', 'acl': {'values': ['ALLOW_NONE']}, 'IPAcl': {'values': ['ALLOW_NONE']}, 'sourceSnapshotUUID': None, 'sourceSnapshotName': 'for_clone_cbd70cc9-27a7-42d2-abdb-f51007dc3169'} ssl_verify: False
2026-10-10 03:54:48.222 87 WARNING py.warnings [None req-241fa526-8714-4780-825b-b88114f7568f e8a23dda9ccf402e8f3ade898c8cac26 0a9529dd9d7b40619e01a8940bdbcc39 - - default default] /var/lib/kolla/venv/lib/python3.12/site-packages/urllib3/connectionpool.py:1110: InsecureRequestWarning: Unverified HTTPS request is being made to host '[LB_IP_ADDRESS]'. Adding certificate verification is strongly advised. See: https://urllib3.readthedocs.io/en/latest/advanced-usage.html#tls-warnings
  warnings.warn(
: NotImplementedError
2026-10-10 03:54:48.243 87 INFO cinder.volume.drivers.lightos [None req-241fa526-8714-4780-825b-b88114f7568f e8a23dda9ccf402e8f3ade898c8cac26 0a9529dd9d7b40619e01a8940bdbcc39 - - default default] Invoking get_volume using GET url: /api/v2/projects/default/volumes/e0e6bc7d-5d38-4a18-8885-d1dd9ee8a793             request.body: {} ssl_verify: False
2026-10-10 03:54:48.287 87 WARNING py.warnings [None req-241fa526-8714-4780-825b-b88114f7568f e8a23dda9ccf402e8f3ade898c8cac26 0a9529dd9d7b40619e01a8940bdbcc39 - - default default] /var/lib/kolla/venv/lib/python3.12/site-packages/urllib3/connectionpool.py:1110: InsecureRequestWarning: Unverified HTTPS request is being made to host '[LB_IP_ADDRESS]'. Adding certificate verification is strongly advised. See: https://urllib3.readthedocs.io/en/latest/advanced-usage.html#tls-warnings
  warnings.warn(
: NotImplementedError
2026-10-10 03:54:48.808 87 INFO cinder.volume.drivers.lightos [None req-d3527e51-06f9-44c7-8380-3dc24545787f d44e3d263871440b921481f5114c6564 895e16afd2a04ed08c682e2927d1c694 - - default default] Invoking delete_volume using DELETE url: /api/v2/projects/default/volumes/dbc228e1-c5da-4ed7-b83c-0683583188d4?             request.body:  ssl_verify: False
2026-10-10 03:54:48.848 87 WARNING py.warnings [None req-d3527e51-06f9-44c7-8380-3dc24545787f d44e3d263871440b921481f5114c6564 895e16afd2a04ed08c682e2927d1c694 - - default default] /var/lib/kolla/venv/lib/python3.12/site-packages/urllib3/connectionpool.py:1110: InsecureRequestWarning: Unverified HTTPS request is being made to host '[LB_IP_ADDRESS]'. Adding certificate verification is strongly advised. See: https://urllib3.readthedocs.io/en/latest/advanced-usage.html#tls-warnings
  warnings.warn(
: NotImplementedError
2026-10-10 03:54:48.901 87 INFO cinder.volume.drivers.lightos [None req-d3527e51-06f9-44c7-8380-3dc24545787f d44e3d263871440b921481f5114c6564 895e16afd2a04ed08c682e2927d1c694 - - default default] Invoking get_volume using GET url: /api/v2/projects/default/volumes/dbc228e1-c5da-4ed7-b83c-0683583188d4             request.body: {} ssl_verify: False
2026-10-10 03:54:48.970 87 WARNING py.warnings [None req-d3527e51-06f9-44c7-8380-3dc24545787f d44e3d263871440b921481f5114c6564 895e16afd2a04ed08c682e2927d1c694 - - default default] /var/lib/kolla/venv/lib/python3.12/site-packages/urllib3/connectionpool.py:1110: InsecureRequestWarning: Unverified HTTPS request is being made to host '[LB_IP_ADDRESS]'. Adding certificate verification is strongly advised. See: https://urllib3.readthedocs.io/en/latest/advanced-usage.html#tls-warnings
  warnings.warn(
: NotImplementedError
2026-10-10 03:54:49.126 87 WARNING cinder.quota [None req-d3527e51-06f9-44c7-8380-3dc24545787f d44e3d263871440b921481f5114c6564 895e16afd2a04ed08c682e2927d1c694 - - default default] Deprecated: Default quota for resource: volumes_tempest-GroupSnapshotsTest-volume-type-1169345320 is set by the default quota flag: quota_volumes_tempest-GroupSnapshotsTest-volume-type-1169345320, it is now deprecated. Please use the default quota class for default quota.
2026-10-10 03:54:49.201 87 INFO cinder.volume.manager [None req-d3527e51-06f9-44c7-8380-3dc24545787f d44e3d263871440b921481f5114c6564 895e16afd2a04ed08c682e2927d1c694 - - default default] Delete group completed successfully.
2026-10-10 03:54:49.305 87 INFO cinder.volume.drivers.lightos [None req-241fa526-8714-4780-825b-b88114f7568f e8a23dda9ccf402e8f3ade898c8cac26 0a9529dd9d7b40619e01a8940bdbcc39 - - default default] Invoking get_volume using GET url: /api/v2/projects/default/volumes/e0e6bc7d-5d38-4a18-8885-d1dd9ee8a793             request.body: {} ssl_verify: False
2026-10-10 03:54:49.351 87 WARNING py.warnings [None req-241fa526-8714-4780-825b-b88114f7568f e8a23dda9ccf402e8f3ade898c8cac26 0a9529dd9d7b40619e01a8940bdbcc39 - - default default] /var/lib/kolla/venv/lib/python3.12/site-packages/urllib3/connectionpool.py:1110: InsecureRequestWarning: Unverified HTTPS request is being made to host '[LB_IP_ADDRESS]'. Adding certificate verification is strongly advised. See: https://urllib3.readthedocs.io/en/latest/advanced-usage.html#tls-warnings
  warnings.warn(
: NotImplementedError
2026-10-10 03:54:49.372 87 INFO cinder.volume.drivers.lightos [None req-241fa526-8714-4780-825b-b88114f7568f e8a23dda9ccf402e8f3ade898c8cac26 0a9529dd9d7b40619e01a8940bdbcc39 - - default default] Invoking get_snapshot_by_name using GET url: /api/v2/projects/default/snapshots/?Name=for_clone_cbd70cc9-27a7-42d2-abdb-f51007dc3169             request.body: {} ssl_verify: False
2026-10-10 03:54:49.417 87 WARNING py.warnings [None req-241fa526-8714-4780-825b-b88114f7568f e8a23dda9ccf402e8f3ade898c8cac26 0a9529dd9d7b40619e01a8940bdbcc39 - - default default] /var/lib/kolla/venv/lib/python3.12/site-packages/urllib3/connectionpool.py:1110: InsecureRequestWarning: Unverified HTTPS request is being made to host '[LB_IP_ADDRESS]'. Adding certificate verification is strongly advised. See: https://urllib3.readthedocs.io/en/latest/advanced-usage.html#tls-warnings
  warnings.warn(
: NotImplementedError
2026-10-10 03:54:49.432 87 INFO cinder.volume.drivers.lightos [None req-241fa526-8714-4780-825b-b88114f7568f e8a23dda9ccf402e8f3ade898c8cac26 0a9529dd9d7b40619e01a8940bdbcc39 - - default default] Invoking delete_snapshot using DELETE url: /api/v2/projects/default/snapshots/4d3f56c4-0d86-4b6d-8abf-43d59941d0ea?             request.body:  ssl_verify: False
2026-10-10 03:54:49.478 87 WARNING py.warnings [None req-241fa526-8714-4780-825b-b88114f7568f e8a23dda9ccf402e8f3ade898c8cac26 0a9529dd9d7b40619e01a8940bdbcc39 - - default default] /var/lib/kolla/venv/lib/python3.12/site-packages/urllib3/connectionpool.py:1110: InsecureRequestWarning: Unverified HTTPS request is being made to host '[LB_IP_ADDRESS]'. Adding certificate verification is strongly advised. See: https://urllib3.readthedocs.io/en/latest/advanced-usage.html#tls-warnings
  warnings.warn(
: NotImplementedError
2026-10-10 03:54:49.546 87 INFO cinder.volume.drivers.lightos [None req-241fa526-8714-4780-825b-b88114f7568f e8a23dda9ccf402e8f3ade898c8cac26 0a9529dd9d7b40619e01a8940bdbcc39 - - default default] Invoking get_snapshot using GET url: /api/v2/projects/default/snapshots/4d3f56c4-0d86-4b6d-8abf-43d59941d0ea             request.body: {} ssl_verify: False
2026-10-10 03:54:49.594 87 WARNING py.warnings [None req-241fa526-8714-4780-825b-b88114f7568f e8a23dda9ccf402e8f3ade898c8cac26 0a9529dd9d7b40619e01a8940bdbcc39 - - default default] /var/lib/kolla/venv/lib/python3.12/site-packages/urllib3/connectionpool.py:1110: InsecureRequestWarning: Unverified HTTPS request is being made to host '[LB_IP_ADDRESS]'. Adding certificate verification is strongly advised. See: https://urllib3.readthedocs.io/en/latest/advanced-usage.html#tls-warnings
  warnings.warn(
: NotImplementedError
2026-10-10 03:54:49.650 87 INFO cinder.volume.manager [None req-241fa526-8714-4780-825b-b88114f7568f e8a23dda9ccf402e8f3ade898c8cac26 0a9529dd9d7b40619e01a8940bdbcc39 - - default default] Create group from source-group-51875318-5d76-4566-a5b9-249d119f5d85 completed successfully.
2026-10-10 03:54:50.419 87 INFO cinder.volume.drivers.lightos [None req-79471ecd-8b5c-4400-bd8f-6f9de20a31ad e8a23dda9ccf402e8f3ade898c8cac26 0a9529dd9d7b40619e01a8940bdbcc39 - - default default] Invoking delete_volume using DELETE url: /api/v2/projects/default/volumes/e0e6bc7d-5d38-4a18-8885-d1dd9ee8a793?             request.body:  ssl_verify: False
2026-10-10 03:54:50.455 87 WARNING py.warnings [None req-79471ecd-8b5c-4400-bd8f-6f9de20a31ad e8a23dda9ccf402e8f3ade898c8cac26 0a9529dd9d7b40619e01a8940bdbcc39 - - default default] /var/lib/kolla/venv/lib/python3.12/site-packages/urllib3/connectionpool.py:1110: InsecureRequestWarning: Unverified HTTPS request is being made to host '[LB_IP_ADDRESS]'. Adding certificate verification is strongly advised. See: https://urllib3.readthedocs.io/en/latest/advanced-usage.html#tls-warnings
  warnings.warn(
: NotImplementedError
2026-10-10 03:54:50.496 87 INFO cinder.volume.drivers.lightos [None req-79471ecd-8b5c-4400-bd8f-6f9de20a31ad e8a23dda9ccf402e8f3ade898c8cac26 0a9529dd9d7b40619e01a8940bdbcc39 - - default default] Invoking get_volume using GET url: /api/v2/projects/default/volumes/e0e6bc7d-5d38-4a18-8885-d1dd9ee8a793             request.body: {} ssl_verify: False
2026-10-10 03:54:50.548 87 WARNING py.warnings [None req-79471ecd-8b5c-4400-bd8f-6f9de20a31ad e8a23dda9ccf402e8f3ade898c8cac26 0a9529dd9d7b40619e01a8940bdbcc39 - - default default] /var/lib/kolla/venv/lib/python3.12/site-packages/urllib3/connectionpool.py:1110: InsecureRequestWarning: Unverified HTTPS request is being made to host '[LB_IP_ADDRESS]'. Adding certificate verification is strongly advised. See: https://urllib3.readthedocs.io/en/latest/advanced-usage.html#tls-warnings
  warnings.warn(
: NotImplementedError
2026-10-10 03:54:50.698 87 WARNING cinder.quota [None req-79471ecd-8b5c-4400-bd8f-6f9de20a31ad e8a23dda9ccf402e8f3ade898c8cac26 0a9529dd9d7b40619e01a8940bdbcc39 - - default default] Deprecated: Default quota for resource: volumes_tempest-GroupsV314Test-volume-type-1262413406 is set by the default quota flag: quota_volumes_tempest-GroupsV314Test-volume-type-1262413406, it is now deprecated. Please use the default quota class for default quota.
2026-10-10 03:54:50.698 87 WARNING cinder.quota [None req-79471ecd-8b5c-4400-bd8f-6f9de20a31ad e8a23dda9ccf402e8f3ade898c8cac26 0a9529dd9d7b40619e01a8940bdbcc39 - - default default] Deprecated: Default quota for resource: gigabytes_tempest-GroupsV314Test-volume-type-1262413406 is set by the default quota flag: quota_gigabytes_tempest-GroupsV314Test-volume-type-1262413406, it is now deprecated. Please use the default quota class for default quota.
2026-10-10 03:54:50.763 87 INFO cinder.volume.manager [None req-79471ecd-8b5c-4400-bd8f-6f9de20a31ad e8a23dda9ccf402e8f3ade898c8cac26 0a9529dd9d7b40619e01a8940bdbcc39 - - default default] Delete group completed successfully.
2026-10-10 03:54:51.679 87 INFO cinder.volume.drivers.lightos [None req-cf160545-effd-45b7-937a-001038fd1396 e8a23dda9ccf402e8f3ade898c8cac26 0a9529dd9d7b40619e01a8940bdbcc39 - - default default] Invoking delete_volume using DELETE url: /api/v2/projects/default/volumes/7956d7cc-5081-4fa6-9b71-d3d35f22817b?             request.body:  ssl_verify: False
2026-10-10 03:54:51.715 87 WARNING py.warnings [None req-cf160545-effd-45b7-937a-001038fd1396 e8a23dda9ccf402e8f3ade898c8cac26 0a9529dd9d7b40619e01a8940bdbcc39 - - default default] /var/lib/kolla/venv/lib/python3.12/site-packages/urllib3/connectionpool.py:1110: InsecureRequestWarning: Unverified HTTPS request is being made to host '[LB_IP_ADDRESS]'. Adding certificate verification is strongly advised. See: https://urllib3.readthedocs.io/en/latest/advanced-usage.html#tls-warnings
  warnings.warn(
: NotImplementedError
2026-10-10 03:54:51.927 87 INFO cinder.volume.drivers.lightos [None req-cf160545-effd-45b7-937a-001038fd1396 e8a23dda9ccf402e8f3ade898c8cac26 0a9529dd9d7b40619e01a8940bdbcc39 - - default default] Invoking get_volume using GET url: /api/v2/projects/default/volumes/7956d7cc-5081-4fa6-9b71-d3d35f22817b             request.body: {} ssl_verify: False
2026-10-10 03:54:51.971 87 WARNING py.warnings [None req-cf160545-effd-45b7-937a-001038fd1396 e8a23dda9ccf402e8f3ade898c8cac26 0a9529dd9d7b40619e01a8940bdbcc39 - - default default] /var/lib/kolla/venv/lib/python3.12/site-packages/urllib3/connectionpool.py:1110: InsecureRequestWarning: Unverified HTTPS request is being made to host '[LB_IP_ADDRESS]'. Adding certificate verification is strongly advised. See: https://urllib3.readthedocs.io/en/latest/advanced-usage.html#tls-warnings
  warnings.warn(
: NotImplementedError
2026-10-10 03:54:52.208 87 INFO cinder.volume.manager [None req-cf160545-effd-45b7-937a-001038fd1396 e8a23dda9ccf402e8f3ade898c8cac26 0a9529dd9d7b40619e01a8940bdbcc39 - - default default] Delete group completed successfully.
2026-10-10 03:54:54.986 87 INFO cinder.volume.manager [None req-ce273740-7c58-4a76-b21d-144acb7417c1 d95390681b834fa4aaad3ff46a43bdc7 4caea5bb6e9f4582ae56b7cae70134c0 - - - -] Group tempest-Group1-435776513: creating
2026-10-10 03:54:55.003 87 INFO cinder.volume.manager [None req-ce273740-7c58-4a76-b21d-144acb7417c1 d95390681b834fa4aaad3ff46a43bdc7 4caea5bb6e9f4582ae56b7cae70134c0 - - - -] Group tempest-Group1-435776513: created successfully
2026-10-10 03:54:55.008 87 INFO cinder.volume.manager [None req-ce273740-7c58-4a76-b21d-144acb7417c1 d95390681b834fa4aaad3ff46a43bdc7 4caea5bb6e9f4582ae56b7cae70134c0 - - - -] Create group completed successfully.
2026-10-10 03:54:56.224 87 INFO cinder.volume.manager [None req-2cf59032-54a4-4308-8d0e-d5bf373e7e49 d95390681b834fa4aaad3ff46a43bdc7 4caea5bb6e9f4582ae56b7cae70134c0 - - - -] Group tempest-Group2-283638600: creating
2026-10-10 03:54:56.241 87 INFO cinder.volume.manager [None req-2cf59032-54a4-4308-8d0e-d5bf373e7e49 d95390681b834fa4aaad3ff46a43bdc7 4caea5bb6e9f4582ae56b7cae70134c0 - - - -] Group tempest-Group2-283638600: created successfully
2026-10-10 03:54:56.246 87 INFO cinder.volume.manager [None req-2cf59032-54a4-4308-8d0e-d5bf373e7e49 d95390681b834fa4aaad3ff46a43bdc7 4caea5bb6e9f4582ae56b7cae70134c0 - - - -] Create group completed successfully.
2026-10-10 03:54:57.736 87 INFO cinder.volume.manager [None req-83100ab5-348e-43b3-8020-ebcb6de517dd d567639f27e14560a056e05a51647392 1d79b393e40045e79579516ccab82529 - - - -] Group tempest-GroupsV320Test-Group-395277504: creating
2026-10-10 03:54:57.752 87 INFO cinder.volume.manager [None req-83100ab5-348e-43b3-8020-ebcb6de517dd d567639f27e14560a056e05a51647392 1d79b393e40045e79579516ccab82529 - - - -] Group tempest-GroupsV320Test-Group-395277504: created successfully
2026-10-10 03:54:57.758 87 INFO cinder.volume.manager [None req-83100ab5-348e-43b3-8020-ebcb6de517dd d567639f27e14560a056e05a51647392 1d79b393e40045e79579516ccab82529 - - - -] Create group completed successfully.
2026-10-10 03:54:57.824 87 INFO cinder.volume.flows.manager.create_volume [None req-9dd5879c-ed5c-4021-9f66-c1975de0cc45 d95390681b834fa4aaad3ff46a43bdc7 4caea5bb6e9f4582ae56b7cae70134c0 - - - -] Volume 4e6d9590-ba80-4f0f-b157-e170411748f8: being created as raw with specification: {'status': 'creating', 'volume_name': 'vol_4e6d9590-ba80-4f0f-b157-e170411748f8', 'volume_size': 1}
2026-10-10 03:54:57.824 87 INFO cinder.volume.drivers.lightos [None req-9dd5879c-ed5c-4021-9f66-c1975de0cc45 d95390681b834fa4aaad3ff46a43bdc7 4caea5bb6e9f4582ae56b7cae70134c0 - - - -] Invoking get_volume_by_name using GET url: /api/v2/projects/default/volumes/?name=vol_4e6d9590-ba80-4f0f-b157-e170411748f8             request.body: {} ssl_verify: False
2026-10-10 03:54:57.860 87 WARNING py.warnings [None req-9dd5879c-ed5c-4021-9f66-c1975de0cc45 d95390681b834fa4aaad3ff46a43bdc7 4caea5bb6e9f4582ae56b7cae70134c0 - - - -] /var/lib/kolla/venv/lib/python3.12/site-packages/urllib3/connectionpool.py:1110: InsecureRequestWarning: Unverified HTTPS request is being made to host '[LB_IP_ADDRESS]'. Adding certificate verification is strongly advised. See: https://urllib3.readthedocs.io/en/latest/advanced-usage.html#tls-warnings
  warnings.warn(

2026-10-10 03:54:57.874 87 INFO cinder.volume.drivers.lightos [None req-9dd5879c-ed5c-4021-9f66-c1975de0cc45 d95390681b834fa4aaad3ff46a43bdc7 4caea5bb6e9f4582ae56b7cae70134c0 - - - -] Invoking create_volume using POST url: /api/v2/projects/default/volumes             request.body: {'name': 'vol_4e6d9590-ba80-4f0f-b157-e170411748f8', 'size': '1 gib', 'replicaCount': '3', 'compression': 'False', 'acl': {'values': ['ALLOW_NONE']}, 'IPAcl': {'values': ['ALLOW_NONE']}, 'sourceSnapshotUUID': None, 'sourceSnapshotName': None} ssl_verify: False
2026-10-10 03:54:57.921 87 WARNING py.warnings [None req-9dd5879c-ed5c-4021-9f66-c1975de0cc45 d95390681b834fa4aaad3ff46a43bdc7 4caea5bb6e9f4582ae56b7cae70134c0 - - - -] /var/lib/kolla/venv/lib/python3.12/site-packages/urllib3/connectionpool.py:1110: InsecureRequestWarning: Unverified HTTPS request is being made to host '[LB_IP_ADDRESS]'. Adding certificate verification is strongly advised. See: https://urllib3.readthedocs.io/en/latest/advanced-usage.html#tls-warnings
  warnings.warn(

2026-10-10 03:54:57.949 87 INFO cinder.volume.drivers.lightos [None req-9dd5879c-ed5c-4021-9f66-c1975de0cc45 d95390681b834fa4aaad3ff46a43bdc7 4caea5bb6e9f4582ae56b7cae70134c0 - - - -] Invoking get_volume using GET url: /api/v2/projects/default/volumes/cfa4afdf-c47a-4ee1-9006-ebeb9bcb822f             request.body: {} ssl_verify: False
2026-10-10 03:54:58.006 87 WARNING py.warnings [None req-9dd5879c-ed5c-4021-9f66-c1975de0cc45 d95390681b834fa4aaad3ff46a43bdc7 4caea5bb6e9f4582ae56b7cae70134c0 - - - -] /var/lib/kolla/venv/lib/python3.12/site-packages/urllib3/connectionpool.py:1110: InsecureRequestWarning: Unverified HTTPS request is being made to host '[LB_IP_ADDRESS]'. Adding certificate verification is strongly advised. See: https://urllib3.readthedocs.io/en/latest/advanced-usage.html#tls-warnings
  warnings.warn(

2026-10-10 03:54:58.038 87 INFO cinder.volume.flows.manager.create_volume [None req-9dd5879c-ed5c-4021-9f66-c1975de0cc45 d95390681b834fa4aaad3ff46a43bdc7 4caea5bb6e9f4582ae56b7cae70134c0 - - - -] Volume vol_4e6d9590-ba80-4f0f-b157-e170411748f8 (4e6d9590-ba80-4f0f-b157-e170411748f8): created successfully
2026-10-10 03:54:58.048 87 INFO cinder.volume.manager [None req-9dd5879c-ed5c-4021-9f66-c1975de0cc45 d95390681b834fa4aaad3ff46a43bdc7 4caea5bb6e9f4582ae56b7cae70134c0 - - - -] Created volume successfully.
2026-10-10 03:54:59.296 87 INFO cinder.volume.manager [None req-83c5661b-20df-403d-a0ef-ef48ece196f8 d567639f27e14560a056e05a51647392 1d79b393e40045e79579516ccab82529 - - default default] Delete group completed successfully.
2026-10-10 03:54:59.300 87 INFO cinder.volume.drivers.lightos [None req-46b0f5e5-77ab-4a9f-b667-a3e3a73a1243 d95390681b834fa4aaad3ff46a43bdc7 4caea5bb6e9f4582ae56b7cae70134c0 - - default default] Invoking delete_volume using DELETE url: /api/v2/projects/default/volumes/cfa4afdf-c47a-4ee1-9006-ebeb9bcb822f?             request.body:  ssl_verify: False
2026-10-10 03:54:59.338 87 WARNING py.warnings [None req-46b0f5e5-77ab-4a9f-b667-a3e3a73a1243 d95390681b834fa4aaad3ff46a43bdc7 4caea5bb6e9f4582ae56b7cae70134c0 - - default default] /var/lib/kolla/venv/lib/python3.12/site-packages/urllib3/connectionpool.py:1110: InsecureRequestWarning: Unverified HTTPS request is being made to host '[LB_IP_ADDRESS]'. Adding certificate verification is strongly advised. See: https://urllib3.readthedocs.io/en/latest/advanced-usage.html#tls-warnings
  warnings.warn(
: NotImplementedError
2026-10-10 03:54:59.371 87 INFO cinder.volume.drivers.lightos [None req-46b0f5e5-77ab-4a9f-b667-a3e3a73a1243 d95390681b834fa4aaad3ff46a43bdc7 4caea5bb6e9f4582ae56b7cae70134c0 - - default default] Invoking get_volume using GET url: /api/v2/projects/default/volumes/cfa4afdf-c47a-4ee1-9006-ebeb9bcb822f             request.body: {} ssl_verify: False
2026-10-10 03:54:59.431 87 WARNING py.warnings [None req-46b0f5e5-77ab-4a9f-b667-a3e3a73a1243 d95390681b834fa4aaad3ff46a43bdc7 4caea5bb6e9f4582ae56b7cae70134c0 - - default default] /var/lib/kolla/venv/lib/python3.12/site-packages/urllib3/connectionpool.py:1110: InsecureRequestWarning: Unverified HTTPS request is being made to host '[LB_IP_ADDRESS]'. Adding certificate verification is strongly advised. See: https://urllib3.readthedocs.io/en/latest/advanced-usage.html#tls-warnings
  warnings.warn(
: NotImplementedError
2026-10-10 03:54:59.582 87 WARNING cinder.quota [None req-46b0f5e5-77ab-4a9f-b667-a3e3a73a1243 d95390681b834fa4aaad3ff46a43bdc7 4caea5bb6e9f4582ae56b7cae70134c0 - - default default] Deprecated: Default quota for resource: volumes_tempest-GroupsTest-volume-type-151425734 is set by the default quota flag: quota_volumes_tempest-GroupsTest-volume-type-151425734, it is now deprecated. Please use the default quota class for default quota.
2026-10-10 03:54:59.582 87 WARNING cinder.quota [None req-46b0f5e5-77ab-4a9f-b667-a3e3a73a1243 d95390681b834fa4aaad3ff46a43bdc7 4caea5bb6e9f4582ae56b7cae70134c0 - - default default] Deprecated: Default quota for resource: gigabytes_tempest-GroupsTest-volume-type-151425734 is set by the default quota flag: quota_gigabytes_tempest-GroupsTest-volume-type-151425734, it is now deprecated. Please use the default quota class for default quota.
2026-10-10 03:54:59.653 87 INFO cinder.volume.manager [None req-46b0f5e5-77ab-4a9f-b667-a3e3a73a1243 d95390681b834fa4aaad3ff46a43bdc7 4caea5bb6e9f4582ae56b7cae70134c0 - - default default] Delete group completed successfully.
2026-10-10 03:55:00.595 87 INFO cinder.volume.manager [None req-c284df09-7506-4831-bfe9-35065ab97ce0 d95390681b834fa4aaad3ff46a43bdc7 4caea5bb6e9f4582ae56b7cae70134c0 - - default default] Delete group completed successfully.
2026-10-10 03:55:01.496 87 INFO cinder.volume.flows.manager.create_volume [None req-5aaced37-c191-4144-84d3-1157dd0bdbe4 26d5d4a150b44e29b74fe9576d622819 d3bbeb10ac854aeead5a548bad65ecd4 - - - -] Volume 45f3a0aa-dac5-414b-a217-5874381faf05: being created as raw with specification: {'status': 'creating', 'volume_name': 'vol_45f3a0aa-dac5-414b-a217-5874381faf05', 'volume_size': 1}
2026-10-10 03:55:01.496 87 INFO cinder.volume.drivers.lightos [None req-5aaced37-c191-4144-84d3-1157dd0bdbe4 26d5d4a150b44e29b74fe9576d622819 d3bbeb10ac854aeead5a548bad65ecd4 - - - -] Invoking get_volume_by_name using GET url: /api/v2/projects/default/volumes/?name=vol_45f3a0aa-dac5-414b-a217-5874381faf05             request.body: {} ssl_verify: False
2026-10-10 03:55:01.528 87 WARNING py.warnings [None req-5aaced37-c191-4144-84d3-1157dd0bdbe4 26d5d4a150b44e29b74fe9576d622819 d3bbeb10ac854aeead5a548bad65ecd4 - - - -] /var/lib/kolla/venv/lib/python3.12/site-packages/urllib3/connectionpool.py:1110: InsecureRequestWarning: Unverified HTTPS request is being made to host '[LB_IP_ADDRESS]'. Adding certificate verification is strongly advised. See: https://urllib3.readthedocs.io/en/latest/advanced-usage.html#tls-warnings
  warnings.warn(

2026-10-10 03:55:01.537 87 INFO cinder.volume.drivers.lightos [None req-5aaced37-c191-4144-84d3-1157dd0bdbe4 26d5d4a150b44e29b74fe9576d622819 d3bbeb10ac854aeead5a548bad65ecd4 - - - -] Invoking create_volume using POST url: /api/v2/projects/default/volumes             request.body: {'name': 'vol_45f3a0aa-dac5-414b-a217-5874381faf05', 'size': '1 gib', 'replicaCount': '3', 'compression': 'False', 'acl': {'values': ['ALLOW_NONE']}, 'IPAcl': {'values': ['ALLOW_NONE']}, 'sourceSnapshotUUID': None, 'sourceSnapshotName': None} ssl_verify: False
2026-10-10 03:55:01.575 87 WARNING py.warnings [None req-5aaced37-c191-4144-84d3-1157dd0bdbe4 26d5d4a150b44e29b74fe9576d622819 d3bbeb10ac854aeead5a548bad65ecd4 - - - -] /var/lib/kolla/venv/lib/python3.12/site-packages/urllib3/connectionpool.py:1110: InsecureRequestWarning: Unverified HTTPS request is being made to host '[LB_IP_ADDRESS]'. Adding certificate verification is strongly advised. See: https://urllib3.readthedocs.io/en/latest/advanced-usage.html#tls-warnings
  warnings.warn(

2026-10-10 03:55:01.591 87 INFO cinder.volume.drivers.lightos [None req-5aaced37-c191-4144-84d3-1157dd0bdbe4 26d5d4a150b44e29b74fe9576d622819 d3bbeb10ac854aeead5a548bad65ecd4 - - - -] Invoking get_volume using GET url: /api/v2/projects/default/volumes/26e9ce97-46a9-40c8-9ef6-fd3259a0f611             request.body: {} ssl_verify: False
2026-10-10 03:55:01.634 87 WARNING py.warnings [None req-5aaced37-c191-4144-84d3-1157dd0bdbe4 26d5d4a150b44e29b74fe9576d622819 d3bbeb10ac854aeead5a548bad65ecd4 - - - -] /var/lib/kolla/venv/lib/python3.12/site-packages/urllib3/connectionpool.py:1110: InsecureRequestWarning: Unverified HTTPS request is being made to host '[LB_IP_ADDRESS]'. Adding certificate verification is strongly advised. See: https://urllib3.readthedocs.io/en/latest/advanced-usage.html#tls-warnings
  warnings.warn(

2026-10-10 03:55:01.658 87 INFO cinder.volume.flows.manager.create_volume [None req-5aaced37-c191-4144-84d3-1157dd0bdbe4 26d5d4a150b44e29b74fe9576d622819 d3bbeb10ac854aeead5a548bad65ecd4 - - - -] Volume vol_45f3a0aa-dac5-414b-a217-5874381faf05 (45f3a0aa-dac5-414b-a217-5874381faf05): created successfully
2026-10-10 03:55:01.667 87 INFO cinder.volume.manager [None req-5aaced37-c191-4144-84d3-1157dd0bdbe4 26d5d4a150b44e29b74fe9576d622819 d3bbeb10ac854aeead5a548bad65ecd4 - - - -] Created volume successfully.
2026-10-10 03:55:02.095 87 INFO cinder.volume.manager [None req-0169c7f0-bfe0-47af-99de-724f409cf73e d95390681b834fa4aaad3ff46a43bdc7 4caea5bb6e9f4582ae56b7cae70134c0 - - - -] Group tempest-GroupsTest-Group-158929695: creating
2026-10-10 03:55:02.112 87 INFO cinder.volume.manager [None req-0169c7f0-bfe0-47af-99de-724f409cf73e d95390681b834fa4aaad3ff46a43bdc7 4caea5bb6e9f4582ae56b7cae70134c0 - - - -] Group tempest-GroupsTest-Group-158929695: created successfully
2026-10-10 03:55:02.117 87 INFO cinder.volume.manager [None req-0169c7f0-bfe0-47af-99de-724f409cf73e d95390681b834fa4aaad3ff46a43bdc7 4caea5bb6e9f4582ae56b7cae70134c0 - - - -] Create group completed successfully.
2026-10-10 03:55:03.117 87 INFO cinder.volume.flows.manager.create_volume [None req-2c9e95e5-45aa-436f-90da-4e94a5fbb523 26d5d4a150b44e29b74fe9576d622819 d3bbeb10ac854aeead5a548bad65ecd4 - - - -] Volume da27816a-eff3-4db7-a769-ce05610b5400: being created as raw with specification: {'status': 'creating', 'volume_name': 'vol_da27816a-eff3-4db7-a769-ce05610b5400', 'volume_size': 1}
2026-10-10 03:55:03.117 87 INFO cinder.volume.drivers.lightos [None req-2c9e95e5-45aa-436f-90da-4e94a5fbb523 26d5d4a150b44e29b74fe9576d622819 d3bbeb10ac854aeead5a548bad65ecd4 - - - -] Invoking get_volume_by_name using GET url: /api/v2/projects/default/volumes/?name=vol_da27816a-eff3-4db7-a769-ce05610b5400             request.body: {} ssl_verify: False
2026-10-10 03:55:03.154 87 WARNING py.warnings [None req-2c9e95e5-45aa-436f-90da-4e94a5fbb523 26d5d4a150b44e29b74fe9576d622819 d3bbeb10ac854aeead5a548bad65ecd4 - - - -] /var/lib/kolla/venv/lib/python3.12/site-packages/urllib3/connectionpool.py:1110: InsecureRequestWarning: Unverified HTTPS request is being made to host '[LB_IP_ADDRESS]'. Adding certificate verification is strongly advised. See: https://urllib3.readthedocs.io/en/latest/advanced-usage.html#tls-warnings
  warnings.warn(

2026-10-10 03:55:03.167 87 INFO cinder.volume.drivers.lightos [None req-2c9e95e5-45aa-436f-90da-4e94a5fbb523 26d5d4a150b44e29b74fe9576d622819 d3bbeb10ac854aeead5a548bad65ecd4 - - - -] Invoking create_volume using POST url: /api/v2/projects/default/volumes             request.body: {'name': 'vol_da27816a-eff3-4db7-a769-ce05610b5400', 'size': '1 gib', 'replicaCount': '3', 'compression': 'False', 'acl': {'values': ['ALLOW_NONE']}, 'IPAcl': {'values': ['ALLOW_NONE']}, 'sourceSnapshotUUID': None, 'sourceSnapshotName': None} ssl_verify: False
2026-10-10 03:55:03.211 87 WARNING py.warnings [None req-2c9e95e5-45aa-436f-90da-4e94a5fbb523 26d5d4a150b44e29b74fe9576d622819 d3bbeb10ac854aeead5a548bad65ecd4 - - - -] /var/lib/kolla/venv/lib/python3.12/site-packages/urllib3/connectionpool.py:1110: InsecureRequestWarning: Unverified HTTPS request is being made to host '[LB_IP_ADDRESS]'. Adding certificate verification is strongly advised. See: https://urllib3.readthedocs.io/en/latest/advanced-usage.html#tls-warnings
  warnings.warn(

2026-10-10 03:55:03.250 87 INFO cinder.volume.drivers.lightos [None req-2c9e95e5-45aa-436f-90da-4e94a5fbb523 26d5d4a150b44e29b74fe9576d622819 d3bbeb10ac854aeead5a548bad65ecd4 - - - -] Invoking get_volume using GET url: /api/v2/projects/default/volumes/f3bf0526-36c3-4ab5-a8ea-169ff2bd9095             request.body: {} ssl_verify: False
2026-10-10 03:55:03.299 87 WARNING py.warnings [None req-2c9e95e5-45aa-436f-90da-4e94a5fbb523 26d5d4a150b44e29b74fe9576d622819 d3bbeb10ac854aeead5a548bad65ecd4 - - - -] /var/lib/kolla/venv/lib/python3.12/site-packages/urllib3/connectionpool.py:1110: InsecureRequestWarning: Unverified HTTPS request is being made to host '[LB_IP_ADDRESS]'. Adding certificate verification is strongly advised. See: https://urllib3.readthedocs.io/en/latest/advanced-usage.html#tls-warnings
  warnings.warn(

2026-10-10 03:55:03.339 87 INFO cinder.volume.flows.manager.create_volume [None req-2c9e95e5-45aa-436f-90da-4e94a5fbb523 26d5d4a150b44e29b74fe9576d622819 d3bbeb10ac854aeead5a548bad65ecd4 - - - -] Volume vol_da27816a-eff3-4db7-a769-ce05610b5400 (da27816a-eff3-4db7-a769-ce05610b5400): created successfully
2026-10-10 03:55:03.346 87 INFO cinder.volume.manager [None req-2c9e95e5-45aa-436f-90da-4e94a5fbb523 26d5d4a150b44e29b74fe9576d622819 d3bbeb10ac854aeead5a548bad65ecd4 - - - -] Created volume successfully.
2026-10-10 03:55:03.716 87 INFO cinder.volume.flows.manager.create_volume [None req-9bf0961f-7ba2-4f38-98fa-1ff116376a84 d95390681b834fa4aaad3ff46a43bdc7 4caea5bb6e9f4582ae56b7cae70134c0 - - - -] Volume e4f6d416-16ae-4d2c-9c0f-643b5f9cdebe: being created as raw with specification: {'status': 'creating', 'volume_name': 'vol_e4f6d416-16ae-4d2c-9c0f-643b5f9cdebe', 'volume_size': 1}
2026-10-10 03:55:03.716 87 INFO cinder.volume.drivers.lightos [None req-9bf0961f-7ba2-4f38-98fa-1ff116376a84 d95390681b834fa4aaad3ff46a43bdc7 4caea5bb6e9f4582ae56b7cae70134c0 - - - -] Invoking get_volume_by_name using GET url: /api/v2/projects/default/volumes/?name=vol_e4f6d416-16ae-4d2c-9c0f-643b5f9cdebe             request.body: {} ssl_verify: False
2026-10-10 03:55:03.752 87 WARNING py.warnings [None req-9bf0961f-7ba2-4f38-98fa-1ff116376a84 d95390681b834fa4aaad3ff46a43bdc7 4caea5bb6e9f4582ae56b7cae70134c0 - - - -] /var/lib/kolla/venv/lib/python3.12/site-packages/urllib3/connectionpool.py:1110: InsecureRequestWarning: Unverified HTTPS request is being made to host '[LB_IP_ADDRESS]'. Adding certificate verification is strongly advised. See: https://urllib3.readthedocs.io/en/latest/advanced-usage.html#tls-warnings
  warnings.warn(

2026-10-10 03:55:03.763 87 INFO cinder.volume.drivers.lightos [None req-9bf0961f-7ba2-4f38-98fa-1ff116376a84 d95390681b834fa4aaad3ff46a43bdc7 4caea5bb6e9f4582ae56b7cae70134c0 - - - -] Invoking create_volume using POST url: /api/v2/projects/default/volumes             request.body: {'name': 'vol_e4f6d416-16ae-4d2c-9c0f-643b5f9cdebe', 'size': '1 gib', 'replicaCount': '3', 'compression': 'False', 'acl': {'values': ['ALLOW_NONE']}, 'IPAcl': {'values': ['ALLOW_NONE']}, 'sourceSnapshotUUID': None, 'sourceSnapshotName': None} ssl_verify: False
2026-10-10 03:55:03.806 87 WARNING py.warnings [None req-9bf0961f-7ba2-4f38-98fa-1ff116376a84 d95390681b834fa4aaad3ff46a43bdc7 4caea5bb6e9f4582ae56b7cae70134c0 - - - -] /var/lib/kolla/venv/lib/python3.12/site-packages/urllib3/connectionpool.py:1110: InsecureRequestWarning: Unverified HTTPS request is being made to host '[LB_IP_ADDRESS]'. Adding certificate verification is strongly advised. See: https://urllib3.readthedocs.io/en/latest/advanced-usage.html#tls-warnings
  warnings.warn(

2026-10-10 03:55:03.835 87 INFO cinder.volume.drivers.lightos [None req-9bf0961f-7ba2-4f38-98fa-1ff116376a84 d95390681b834fa4aaad3ff46a43bdc7 4caea5bb6e9f4582ae56b7cae70134c0 - - - -] Invoking get_volume using GET url: /api/v2/projects/default/volumes/33783772-7ccf-4f5b-87a9-5b67c6546d20             request.body: {} ssl_verify: False
2026-10-10 03:55:03.883 87 WARNING py.warnings [None req-9bf0961f-7ba2-4f38-98fa-1ff116376a84 d95390681b834fa4aaad3ff46a43bdc7 4caea5bb6e9f4582ae56b7cae70134c0 - - - -] /var/lib/kolla/venv/lib/python3.12/site-packages/urllib3/connectionpool.py:1110: InsecureRequestWarning: Unverified HTTPS request is being made to host '[LB_IP_ADDRESS]'. Adding certificate verification is strongly advised. See: https://urllib3.readthedocs.io/en/latest/advanced-usage.html#tls-warnings
  warnings.warn(

2026-10-10 03:55:04.740 87 INFO cinder.volume.flows.manager.create_volume [None req-647ed78a-3650-49bf-ad16-8305a5e7aa37 26d5d4a150b44e29b74fe9576d622819 d3bbeb10ac854aeead5a548bad65ecd4 - - - -] Volume 325e249d-c273-42e1-b834-8e794350ed73: being created as raw with specification: {'status': 'creating', 'volume_name': 'vol_325e249d-c273-42e1-b834-8e794350ed73', 'volume_size': 1}
2026-10-10 03:55:04.740 87 INFO cinder.volume.drivers.lightos [None req-647ed78a-3650-49bf-ad16-8305a5e7aa37 26d5d4a150b44e29b74fe9576d622819 d3bbeb10ac854aeead5a548bad65ecd4 - - - -] Invoking get_volume_by_name using GET url: /api/v2/projects/default/volumes/?name=vol_325e249d-c273-42e1-b834-8e794350ed73             request.body: {} ssl_verify: False
2026-10-10 03:55:04.777 87 WARNING py.warnings [None req-647ed78a-3650-49bf-ad16-8305a5e7aa37 26d5d4a150b44e29b74fe9576d622819 d3bbeb10ac854aeead5a548bad65ecd4 - - - -] /var/lib/kolla/venv/lib/python3.12/site-packages/urllib3/connectionpool.py:1110: InsecureRequestWarning: Unverified HTTPS request is being made to host '[LB_IP_ADDRESS]'. Adding certificate verification is strongly advised. See: https://urllib3.readthedocs.io/en/latest/advanced-usage.html#tls-warnings
  warnings.warn(

2026-10-10 03:55:04.788 87 INFO cinder.volume.drivers.lightos [None req-647ed78a-3650-49bf-ad16-8305a5e7aa37 26d5d4a150b44e29b74fe9576d622819 d3bbeb10ac854aeead5a548bad65ecd4 - - - -] Invoking create_volume using POST url: /api/v2/projects/default/volumes             request.body: {'name': 'vol_325e249d-c273-42e1-b834-8e794350ed73', 'size': '1 gib', 'replicaCount': '3', 'compression': 'False', 'acl': {'values': ['ALLOW_NONE']}, 'IPAcl': {'values': ['ALLOW_NONE']}, 'sourceSnapshotUUID': None, 'sourceSnapshotName': None} ssl_verify: False
2026-10-10 03:55:04.831 87 WARNING py.warnings [None req-647ed78a-3650-49bf-ad16-8305a5e7aa37 26d5d4a150b44e29b74fe9576d622819 d3bbeb10ac854aeead5a548bad65ecd4 - - - -] /var/lib/kolla/venv/lib/python3.12/site-packages/urllib3/connectionpool.py:1110: InsecureRequestWarning: Unverified HTTPS request is being made to host '[LB_IP_ADDRESS]'. Adding certificate verification is strongly advised. See: https://urllib3.readthedocs.io/en/latest/advanced-usage.html#tls-warnings
  warnings.warn(

2026-10-10 03:55:04.858 87 INFO cinder.volume.drivers.lightos [None req-647ed78a-3650-49bf-ad16-8305a5e7aa37 26d5d4a150b44e29b74fe9576d622819 d3bbeb10ac854aeead5a548bad65ecd4 - - - -] Invoking get_volume using GET url: /api/v2/projects/default/volumes/a5a73466-caee-4592-853b-3131e3c8a1d0             request.body: {} ssl_verify: False
2026-10-10 03:55:04.903 87 INFO cinder.volume.drivers.lightos [None req-9bf0961f-7ba2-4f38-98fa-1ff116376a84 d95390681b834fa4aaad3ff46a43bdc7 4caea5bb6e9f4582ae56b7cae70134c0 - - - -] Invoking get_volume using GET url: /api/v2/projects/default/volumes/33783772-7ccf-4f5b-87a9-5b67c6546d20             request.body: {} ssl_verify: False
2026-10-10 03:55:04.936 87 WARNING py.warnings [None req-647ed78a-3650-49bf-ad16-8305a5e7aa37 26d5d4a150b44e29b74fe9576d622819 d3bbeb10ac854aeead5a548bad65ecd4 - - - -] /var/lib/kolla/venv/lib/python3.12/site-packages/urllib3/connectionpool.py:1110: InsecureRequestWarning: Unverified HTTPS request is being made to host '[LB_IP_ADDRESS]'. Adding certificate verification is strongly advised. See: https://urllib3.readthedocs.io/en/latest/advanced-usage.html#tls-warnings
  warnings.warn(

2026-10-10 03:55:04.958 87 WARNING py.warnings [None req-9bf0961f-7ba2-4f38-98fa-1ff116376a84 d95390681b834fa4aaad3ff46a43bdc7 4caea5bb6e9f4582ae56b7cae70134c0 - - - -] /var/lib/kolla/venv/lib/python3.12/site-packages/urllib3/connectionpool.py:1110: InsecureRequestWarning: Unverified HTTPS request is being made to host '[LB_IP_ADDRESS]'. Adding certificate verification is strongly advised. See: https://urllib3.readthedocs.io/en/latest/advanced-usage.html#tls-warnings
  warnings.warn(

2026-10-10 03:55:04.984 87 INFO cinder.volume.flows.manager.create_volume [None req-647ed78a-3650-49bf-ad16-8305a5e7aa37 26d5d4a150b44e29b74fe9576d622819 d3bbeb10ac854aeead5a548bad65ecd4 - - - -] Volume vol_325e249d-c273-42e1-b834-8e794350ed73 (325e249d-c273-42e1-b834-8e794350ed73): created successfully
2026-10-10 03:55:04.989 87 INFO cinder.volume.flows.manager.create_volume [None req-9bf0961f-7ba2-4f38-98fa-1ff116376a84 d95390681b834fa4aaad3ff46a43bdc7 4caea5bb6e9f4582ae56b7cae70134c0 - - - -] Volume vol_e4f6d416-16ae-4d2c-9c0f-643b5f9cdebe (e4f6d416-16ae-4d2c-9c0f-643b5f9cdebe): created successfully
2026-10-10 03:55:04.993 87 INFO cinder.volume.manager [None req-647ed78a-3650-49bf-ad16-8305a5e7aa37 26d5d4a150b44e29b74fe9576d622819 d3bbeb10ac854aeead5a548bad65ecd4 - - - -] Created volume successfully.
2026-10-10 03:55:04.996 87 INFO cinder.volume.manager [None req-9bf0961f-7ba2-4f38-98fa-1ff116376a84 d95390681b834fa4aaad3ff46a43bdc7 4caea5bb6e9f4582ae56b7cae70134c0 - - - -] Created volume successfully.
2026-10-10 03:55:06.393 87 INFO cinder.volume.flows.manager.create_volume [None req-e90a95c5-e9cb-4cf7-a71b-6503ae72a975 d95390681b834fa4aaad3ff46a43bdc7 4caea5bb6e9f4582ae56b7cae70134c0 - - - -] Volume b5bd46eb-5be9-40ad-ad70-dfdb3f3885ee: being created as raw with specification: {'status': 'creating', 'volume_name': 'vol_b5bd46eb-5be9-40ad-ad70-dfdb3f3885ee', 'volume_size': 1}
2026-10-10 03:55:06.393 87 INFO cinder.volume.drivers.lightos [None req-e90a95c5-e9cb-4cf7-a71b-6503ae72a975 d95390681b834fa4aaad3ff46a43bdc7 4caea5bb6e9f4582ae56b7cae70134c0 - - - -] Invoking get_volume_by_name using GET url: /api/v2/projects/default/volumes/?name=vol_b5bd46eb-5be9-40ad-ad70-dfdb3f3885ee             request.body: {} ssl_verify: False
2026-10-10 03:55:06.429 87 WARNING py.warnings [None req-e90a95c5-e9cb-4cf7-a71b-6503ae72a975 d95390681b834fa4aaad3ff46a43bdc7 4caea5bb6e9f4582ae56b7cae70134c0 - - - -] /var/lib/kolla/venv/lib/python3.12/site-packages/urllib3/connectionpool.py:1110: InsecureRequestWarning: Unverified HTTPS request is being made to host '[LB_IP_ADDRESS]'. Adding certificate verification is strongly advised. See: https://urllib3.readthedocs.io/en/latest/advanced-usage.html#tls-warnings
  warnings.warn(

2026-10-10 03:55:06.441 87 INFO cinder.volume.drivers.lightos [None req-e90a95c5-e9cb-4cf7-a71b-6503ae72a975 d95390681b834fa4aaad3ff46a43bdc7 4caea5bb6e9f4582ae56b7cae70134c0 - - - -] Invoking create_volume using POST url: /api/v2/projects/default/volumes             request.body: {'name': 'vol_b5bd46eb-5be9-40ad-ad70-dfdb3f3885ee', 'size': '1 gib', 'replicaCount': '3', 'compression': 'False', 'acl': {'values': ['ALLOW_NONE']}, 'IPAcl': {'values': ['ALLOW_NONE']}, 'sourceSnapshotUUID': None, 'sourceSnapshotName': None} ssl_verify: False
2026-10-10 03:55:06.487 87 WARNING py.warnings [None req-e90a95c5-e9cb-4cf7-a71b-6503ae72a975 d95390681b834fa4aaad3ff46a43bdc7 4caea5bb6e9f4582ae56b7cae70134c0 - - - -] /var/lib/kolla/venv/lib/python3.12/site-packages/urllib3/connectionpool.py:1110: InsecureRequestWarning: Unverified HTTPS request is being made to host '[LB_IP_ADDRESS]'. Adding certificate verification is strongly advised. See: https://urllib3.readthedocs.io/en/latest/advanced-usage.html#tls-warnings
  warnings.warn(

2026-10-10 03:55:06.513 87 INFO cinder.volume.drivers.lightos [None req-e90a95c5-e9cb-4cf7-a71b-6503ae72a975 d95390681b834fa4aaad3ff46a43bdc7 4caea5bb6e9f4582ae56b7cae70134c0 - - - -] Invoking get_volume using GET url: /api/v2/projects/default/volumes/be09732c-cb4e-4ec7-b044-0d8909b60f04             request.body: {} ssl_verify: False
2026-10-10 03:55:06.551 87 INFO cinder.volume.flows.manager.create_volume [None req-2e163983-da92-4f51-965b-860dd118f6d4 267bf7130d884801bc7839b44277e6ad 811885016b96445eaa4226d9c698047a - - - -] Volume 00473e0f-4c2c-4f08-889d-50dc10a0ce76: being created as raw with specification: {'status': 'creating', 'volume_name': 'vol_00473e0f-4c2c-4f08-889d-50dc10a0ce76', 'volume_size': 1}
2026-10-10 03:55:06.551 87 INFO cinder.volume.drivers.lightos [None req-2e163983-da92-4f51-965b-860dd118f6d4 267bf7130d884801bc7839b44277e6ad 811885016b96445eaa4226d9c698047a - - - -] Invoking get_volume_by_name using GET url: /api/v2/projects/default/volumes/?name=vol_00473e0f-4c2c-4f08-889d-50dc10a0ce76             request.body: {} ssl_verify: False
2026-10-10 03:55:06.579 87 WARNING py.warnings [None req-e90a95c5-e9cb-4cf7-a71b-6503ae72a975 d95390681b834fa4aaad3ff46a43bdc7 4caea5bb6e9f4582ae56b7cae70134c0 - - - -] /var/lib/kolla/venv/lib/python3.12/site-packages/urllib3/connectionpool.py:1110: InsecureRequestWarning: Unverified HTTPS request is being made to host '[LB_IP_ADDRESS]'. Adding certificate verification is strongly advised. See: https://urllib3.readthedocs.io/en/latest/advanced-usage.html#tls-warnings
  warnings.warn(

2026-10-10 03:55:06.583 87 WARNING py.warnings [None req-2e163983-da92-4f51-965b-860dd118f6d4 267bf7130d884801bc7839b44277e6ad 811885016b96445eaa4226d9c698047a - - - -] /var/lib/kolla/venv/lib/python3.12/site-packages/urllib3/connectionpool.py:1110: InsecureRequestWarning: Unverified HTTPS request is being made to host '[LB_IP_ADDRESS]'. Adding certificate verification is strongly advised. See: https://urllib3.readthedocs.io/en/latest/advanced-usage.html#tls-warnings
  warnings.warn(

2026-10-10 03:55:06.597 87 INFO cinder.volume.drivers.lightos [None req-2e163983-da92-4f51-965b-860dd118f6d4 267bf7130d884801bc7839b44277e6ad 811885016b96445eaa4226d9c698047a - - - -] Invoking create_volume using POST url: /api/v2/projects/default/volumes             request.body: {'name': 'vol_00473e0f-4c2c-4f08-889d-50dc10a0ce76', 'size': '1 gib', 'replicaCount': '3', 'compression': 'False', 'acl': {'values': ['ALLOW_NONE']}, 'IPAcl': {'values': ['ALLOW_NONE']}, 'sourceSnapshotUUID': None, 'sourceSnapshotName': None} ssl_verify: False
2026-10-10 03:55:06.633 87 WARNING py.warnings [None req-2e163983-da92-4f51-965b-860dd118f6d4 267bf7130d884801bc7839b44277e6ad 811885016b96445eaa4226d9c698047a - - - -] /var/lib/kolla/venv/lib/python3.12/site-packages/urllib3/connectionpool.py:1110: InsecureRequestWarning: Unverified HTTPS request is being made to host '[LB_IP_ADDRESS]'. Adding certificate verification is strongly advised. See: https://urllib3.readthedocs.io/en/latest/advanced-usage.html#tls-warnings
  warnings.warn(

2026-10-10 03:55:06.637 87 INFO cinder.volume.flows.manager.create_volume [None req-e90a95c5-e9cb-4cf7-a71b-6503ae72a975 d95390681b834fa4aaad3ff46a43bdc7 4caea5bb6e9f4582ae56b7cae70134c0 - - - -] Volume vol_b5bd46eb-5be9-40ad-ad70-dfdb3f3885ee (b5bd46eb-5be9-40ad-ad70-dfdb3f3885ee): created successfully
2026-10-10 03:55:06.644 87 INFO cinder.volume.manager [None req-e90a95c5-e9cb-4cf7-a71b-6503ae72a975 d95390681b834fa4aaad3ff46a43bdc7 4caea5bb6e9f4582ae56b7cae70134c0 - - - -] Created volume successfully.
2026-10-10 03:55:06.652 87 INFO cinder.volume.drivers.lightos [None req-2e163983-da92-4f51-965b-860dd118f6d4 267bf7130d884801bc7839b44277e6ad 811885016b96445eaa4226d9c698047a - - - -] Invoking get_volume using GET url: /api/v2/projects/default/volumes/aad17ac4-745a-4a9d-8cc8-d8a7e8ed6eb5             request.body: {} ssl_verify: False
2026-10-10 03:55:06.691 87 WARNING py.warnings [None req-2e163983-da92-4f51-965b-860dd118f6d4 267bf7130d884801bc7839b44277e6ad 811885016b96445eaa4226d9c698047a - - - -] /var/lib/kolla/venv/lib/python3.12/site-packages/urllib3/connectionpool.py:1110: InsecureRequestWarning: Unverified HTTPS request is being made to host '[LB_IP_ADDRESS]'. Adding certificate verification is strongly advised. See: https://urllib3.readthedocs.io/en/latest/advanced-usage.html#tls-warnings
  warnings.warn(

2026-10-10 03:55:06.731 87 INFO cinder.volume.flows.manager.create_volume [None req-2e163983-da92-4f51-965b-860dd118f6d4 267bf7130d884801bc7839b44277e6ad 811885016b96445eaa4226d9c698047a - - - -] Volume vol_00473e0f-4c2c-4f08-889d-50dc10a0ce76 (00473e0f-4c2c-4f08-889d-50dc10a0ce76): created successfully
2026-10-10 03:55:06.738 87 INFO cinder.volume.manager [None req-2e163983-da92-4f51-965b-860dd118f6d4 267bf7130d884801bc7839b44277e6ad 811885016b96445eaa4226d9c698047a - - - -] Created volume successfully.
2026-10-10 03:55:07.551 87 INFO cinder.volume.manager [None req-140755ec-4b11-4e8f-9974-cc57e9bf27b5 d95390681b834fa4aaad3ff46a43bdc7 4caea5bb6e9f4582ae56b7cae70134c0 - - default default] Update group completed successfully.
2026-10-10 03:55:07.667 87 INFO cinder.volume.drivers.lightos [None req-36eeb3ca-fcb5-44c2-af03-94dc568eb51d 267bf7130d884801bc7839b44277e6ad 811885016b96445eaa4226d9c698047a - - default default] Invoking delete_volume using DELETE url: /api/v2/projects/default/volumes/aad17ac4-745a-4a9d-8cc8-d8a7e8ed6eb5?             request.body:  ssl_verify: False
2026-10-10 03:55:07.704 87 WARNING py.warnings [None req-36eeb3ca-fcb5-44c2-af03-94dc568eb51d 267bf7130d884801bc7839b44277e6ad 811885016b96445eaa4226d9c698047a - - default default] /var/lib/kolla/venv/lib/python3.12/site-packages/urllib3/connectionpool.py:1110: InsecureRequestWarning: Unverified HTTPS request is being made to host '[LB_IP_ADDRESS]'. Adding certificate verification is strongly advised. See: https://urllib3.readthedocs.io/en/latest/advanced-usage.html#tls-warnings
  warnings.warn(

2026-10-10 03:55:07.767 87 INFO cinder.volume.drivers.lightos [None req-36eeb3ca-fcb5-44c2-af03-94dc568eb51d 267bf7130d884801bc7839b44277e6ad 811885016b96445eaa4226d9c698047a - - default default] Invoking get_volume using GET url: /api/v2/projects/default/volumes/aad17ac4-745a-4a9d-8cc8-d8a7e8ed6eb5             request.body: {} ssl_verify: False
2026-10-10 03:55:07.811 87 WARNING py.warnings [None req-36eeb3ca-fcb5-44c2-af03-94dc568eb51d 267bf7130d884801bc7839b44277e6ad 811885016b96445eaa4226d9c698047a - - default default] /var/lib/kolla/venv/lib/python3.12/site-packages/urllib3/connectionpool.py:1110: InsecureRequestWarning: Unverified HTTPS request is being made to host '[LB_IP_ADDRESS]'. Adding certificate verification is strongly advised. See: https://urllib3.readthedocs.io/en/latest/advanced-usage.html#tls-warnings
  warnings.warn(

2026-10-10 03:55:07.812 87 INFO cinder.volume.drivers.lightos [None req-d4ff5363-4260-4d2d-8c40-0145be6a0322 26d5d4a150b44e29b74fe9576d622819 d3bbeb10ac854aeead5a548bad65ecd4 - - default default] Invoking delete_volume using DELETE url: /api/v2/projects/default/volumes/a5a73466-caee-4592-853b-3131e3c8a1d0?             request.body:  ssl_verify: False
2026-10-10 03:55:07.845 87 WARNING py.warnings [None req-d4ff5363-4260-4d2d-8c40-0145be6a0322 26d5d4a150b44e29b74fe9576d622819 d3bbeb10ac854aeead5a548bad65ecd4 - - default default] /var/lib/kolla/venv/lib/python3.12/site-packages/urllib3/connectionpool.py:1110: InsecureRequestWarning: Unverified HTTPS request is being made to host '[LB_IP_ADDRESS]'. Adding certificate verification is strongly advised. See: https://urllib3.readthedocs.io/en/latest/advanced-usage.html#tls-warnings
  warnings.warn(

2026-10-10 03:55:07.914 87 INFO cinder.volume.drivers.lightos [None req-d4ff5363-4260-4d2d-8c40-0145be6a0322 26d5d4a150b44e29b74fe9576d622819 d3bbeb10ac854aeead5a548bad65ecd4 - - default default] Invoking get_volume using GET url: /api/v2/projects/default/volumes/a5a73466-caee-4592-853b-3131e3c8a1d0             request.body: {} ssl_verify: False
2026-10-10 03:55:07.948 87 WARNING py.warnings [None req-d4ff5363-4260-4d2d-8c40-0145be6a0322 26d5d4a150b44e29b74fe9576d622819 d3bbeb10ac854aeead5a548bad65ecd4 - - default default] /var/lib/kolla/venv/lib/python3.12/site-packages/urllib3/connectionpool.py:1110: InsecureRequestWarning: Unverified HTTPS request is being made to host '[LB_IP_ADDRESS]'. Adding certificate verification is strongly advised. See: https://urllib3.readthedocs.io/en/latest/advanced-usage.html#tls-warnings
  warnings.warn(

2026-10-10 03:55:07.999 87 INFO cinder.volume.manager [None req-36eeb3ca-fcb5-44c2-af03-94dc568eb51d 267bf7130d884801bc7839b44277e6ad 811885016b96445eaa4226d9c698047a - - default default] Deleted volume successfully.
2026-10-10 03:55:08.083 87 INFO cinder.volume.manager [None req-d4ff5363-4260-4d2d-8c40-0145be6a0322 26d5d4a150b44e29b74fe9576d622819 d3bbeb10ac854aeead5a548bad65ecd4 - - default default] Deleted volume successfully.
2026-10-10 03:55:08.805 87 INFO cinder.volume.manager [None req-f9f199a8-df48-4bfb-9690-5142681d8b8c d95390681b834fa4aaad3ff46a43bdc7 4caea5bb6e9f4582ae56b7cae70134c0 - - default default] Update group completed successfully.
2026-10-10 03:55:08.972 87 INFO cinder.volume.drivers.lightos [None req-ad6b295d-036c-4290-b3be-bfe840f4f419 26d5d4a150b44e29b74fe9576d622819 d3bbeb10ac854aeead5a548bad65ecd4 - - default default] Invoking delete_volume using DELETE url: /api/v2/projects/default/volumes/f3bf0526-36c3-4ab5-a8ea-169ff2bd9095?             request.body:  ssl_verify: False
2026-10-10 03:55:09.009 87 WARNING py.warnings [None req-ad6b295d-036c-4290-b3be-bfe840f4f419 26d5d4a150b44e29b74fe9576d622819 d3bbeb10ac854aeead5a548bad65ecd4 - - default default] /var/lib/kolla/venv/lib/python3.12/site-packages/urllib3/connectionpool.py:1110: InsecureRequestWarning: Unverified HTTPS request is being made to host '[LB_IP_ADDRESS]'. Adding certificate verification is strongly advised. See: https://urllib3.readthedocs.io/en/latest/advanced-usage.html#tls-warnings
  warnings.warn(

2026-10-10 03:55:09.040 87 INFO cinder.volume.drivers.lightos [None req-ad6b295d-036c-4290-b3be-bfe840f4f419 26d5d4a150b44e29b74fe9576d622819 d3bbeb10ac854aeead5a548bad65ecd4 - - default default] Invoking get_volume using GET url: /api/v2/projects/default/volumes/f3bf0526-36c3-4ab5-a8ea-169ff2bd9095             request.body: {} ssl_verify: False
2026-10-10 03:55:09.107 87 WARNING py.warnings [None req-ad6b295d-036c-4290-b3be-bfe840f4f419 26d5d4a150b44e29b74fe9576d622819 d3bbeb10ac854aeead5a548bad65ecd4 - - default default] /var/lib/kolla/venv/lib/python3.12/site-packages/urllib3/connectionpool.py:1110: InsecureRequestWarning: Unverified HTTPS request is being made to host '[LB_IP_ADDRESS]'. Adding certificate verification is strongly advised. See: https://urllib3.readthedocs.io/en/latest/advanced-usage.html#tls-warnings
  warnings.warn(

2026-10-10 03:55:09.237 87 INFO cinder.volume.manager [None req-ad6b295d-036c-4290-b3be-bfe840f4f419 26d5d4a150b44e29b74fe9576d622819 d3bbeb10ac854aeead5a548bad65ecd4 - - default default] Deleted volume successfully.
2026-10-10 03:55:10.137 87 INFO cinder.volume.drivers.lightos [None req-fab195f0-3ece-40e0-a824-ace757a2c8e9 d95390681b834fa4aaad3ff46a43bdc7 4caea5bb6e9f4582ae56b7cae70134c0 - - default default] Invoking delete_volume using DELETE url: /api/v2/projects/default/volumes/be09732c-cb4e-4ec7-b044-0d8909b60f04?             request.body:  ssl_verify: False
2026-10-10 03:55:10.172 87 WARNING py.warnings [None req-fab195f0-3ece-40e0-a824-ace757a2c8e9 d95390681b834fa4aaad3ff46a43bdc7 4caea5bb6e9f4582ae56b7cae70134c0 - - default default] /var/lib/kolla/venv/lib/python3.12/site-packages/urllib3/connectionpool.py:1110: InsecureRequestWarning: Unverified HTTPS request is being made to host '[LB_IP_ADDRESS]'. Adding certificate verification is strongly advised. See: https://urllib3.readthedocs.io/en/latest/advanced-usage.html#tls-warnings
  warnings.warn(
: NotImplementedError
2026-10-10 03:55:10.182 87 INFO cinder.volume.drivers.lightos [None req-5df3a007-fe2a-44a3-ac09-ada678919a3d 26d5d4a150b44e29b74fe9576d622819 d3bbeb10ac854aeead5a548bad65ecd4 - - default default] Invoking delete_volume using DELETE url: /api/v2/projects/default/volumes/26e9ce97-46a9-40c8-9ef6-fd3259a0f611?             request.body:  ssl_verify: False
2026-10-10 03:55:10.215 87 INFO cinder.volume.drivers.lightos [None req-fab195f0-3ece-40e0-a824-ace757a2c8e9 d95390681b834fa4aaad3ff46a43bdc7 4caea5bb6e9f4582ae56b7cae70134c0 - - default default] Invoking get_volume using GET url: /api/v2/projects/default/volumes/be09732c-cb4e-4ec7-b044-0d8909b60f04             request.body: {} ssl_verify: False
2026-10-10 03:55:10.244 87 WARNING py.warnings [None req-5df3a007-fe2a-44a3-ac09-ada678919a3d 26d5d4a150b44e29b74fe9576d622819 d3bbeb10ac854aeead5a548bad65ecd4 - - default default] /var/lib/kolla/venv/lib/python3.12/site-packages/urllib3/connectionpool.py:1110: InsecureRequestWarning: Unverified HTTPS request is being made to host '[LB_IP_ADDRESS]'. Adding certificate verification is strongly advised. See: https://urllib3.readthedocs.io/en/latest/advanced-usage.html#tls-warnings
  warnings.warn(

2026-10-10 03:55:10.248 87 WARNING py.warnings [None req-fab195f0-3ece-40e0-a824-ace757a2c8e9 d95390681b834fa4aaad3ff46a43bdc7 4caea5bb6e9f4582ae56b7cae70134c0 - - default default] /var/lib/kolla/venv/lib/python3.12/site-packages/urllib3/connectionpool.py:1110: InsecureRequestWarning: Unverified HTTPS request is being made to host '[LB_IP_ADDRESS]'. Adding certificate verification is strongly advised. See: https://urllib3.readthedocs.io/en/latest/advanced-usage.html#tls-warnings
  warnings.warn(
: NotImplementedError
2026-10-10 03:55:10.266 87 INFO cinder.volume.drivers.lightos [None req-fab195f0-3ece-40e0-a824-ace757a2c8e9 d95390681b834fa4aaad3ff46a43bdc7 4caea5bb6e9f4582ae56b7cae70134c0 - - default default] Invoking delete_volume using DELETE url: /api/v2/projects/default/volumes/33783772-7ccf-4f5b-87a9-5b67c6546d20?             request.body:  ssl_verify: False
2026-10-10 03:55:10.273 87 INFO cinder.volume.drivers.lightos [None req-5df3a007-fe2a-44a3-ac09-ada678919a3d 26d5d4a150b44e29b74fe9576d622819 d3bbeb10ac854aeead5a548bad65ecd4 - - default default] Invoking get_volume using GET url: /api/v2/projects/default/volumes/26e9ce97-46a9-40c8-9ef6-fd3259a0f611             request.body: {} ssl_verify: False
2026-10-10 03:55:10.329 87 WARNING py.warnings [None req-fab195f0-3ece-40e0-a824-ace757a2c8e9 d95390681b834fa4aaad3ff46a43bdc7 4caea5bb6e9f4582ae56b7cae70134c0 - - default default] /var/lib/kolla/venv/lib/python3.12/site-packages/urllib3/connectionpool.py:1110: InsecureRequestWarning: Unverified HTTPS request is being made to host '[LB_IP_ADDRESS]'. Adding certificate verification is strongly advised. See: https://urllib3.readthedocs.io/en/latest/advanced-usage.html#tls-warnings
  warnings.warn(
: NotImplementedError
2026-10-10 03:55:10.338 87 WARNING py.warnings [None req-5df3a007-fe2a-44a3-ac09-ada678919a3d 26d5d4a150b44e29b74fe9576d622819 d3bbeb10ac854aeead5a548bad65ecd4 - - default default] /var/lib/kolla/venv/lib/python3.12/site-packages/urllib3/connectionpool.py:1110: InsecureRequestWarning: Unverified HTTPS request is being made to host '[LB_IP_ADDRESS]'. Adding certificate verification is strongly advised. See: https://urllib3.readthedocs.io/en/latest/advanced-usage.html#tls-warnings
  warnings.warn(

2026-10-10 03:55:10.369 87 INFO cinder.volume.drivers.lightos [None req-fab195f0-3ece-40e0-a824-ace757a2c8e9 d95390681b834fa4aaad3ff46a43bdc7 4caea5bb6e9f4582ae56b7cae70134c0 - - default default] Invoking get_volume using GET url: /api/v2/projects/default/volumes/33783772-7ccf-4f5b-87a9-5b67c6546d20             request.body: {} ssl_verify: False
2026-10-10 03:55:10.408 87 WARNING py.warnings [None req-fab195f0-3ece-40e0-a824-ace757a2c8e9 d95390681b834fa4aaad3ff46a43bdc7 4caea5bb6e9f4582ae56b7cae70134c0 - - default default] /var/lib/kolla/venv/lib/python3.12/site-packages/urllib3/connectionpool.py:1110: InsecureRequestWarning: Unverified HTTPS request is being made to host '[LB_IP_ADDRESS]'. Adding certificate verification is strongly advised. See: https://urllib3.readthedocs.io/en/latest/advanced-usage.html#tls-warnings
  warnings.warn(
: NotImplementedError
2026-10-10 03:55:10.548 87 INFO cinder.volume.manager [None req-5df3a007-fe2a-44a3-ac09-ada678919a3d 26d5d4a150b44e29b74fe9576d622819 d3bbeb10ac854aeead5a548bad65ecd4 - - default default] Deleted volume successfully.
2026-10-10 03:55:10.622 87 WARNING cinder.quota [None req-fab195f0-3ece-40e0-a824-ace757a2c8e9 d95390681b834fa4aaad3ff46a43bdc7 4caea5bb6e9f4582ae56b7cae70134c0 - - default default] Deprecated: Default quota for resource: volumes_tempest-GroupsTest-volume-type-1932324419 is set by the default quota flag: quota_volumes_tempest-GroupsTest-volume-type-1932324419, it is now deprecated. Please use the default quota class for default quota.
2026-10-10 03:55:10.622 87 WARNING cinder.quota [None req-fab195f0-3ece-40e0-a824-ace757a2c8e9 d95390681b834fa4aaad3ff46a43bdc7 4caea5bb6e9f4582ae56b7cae70134c0 - - default default] Deprecated: Default quota for resource: gigabytes_tempest-GroupsTest-volume-type-1932324419 is set by the default quota flag: quota_gigabytes_tempest-GroupsTest-volume-type-1932324419, it is now deprecated. Please use the default quota class for default quota.
2026-10-10 03:55:10.790 87 INFO cinder.volume.manager [None req-fab195f0-3ece-40e0-a824-ace757a2c8e9 d95390681b834fa4aaad3ff46a43bdc7 4caea5bb6e9f4582ae56b7cae70134c0 - - default default] Delete group completed successfully.
2026-10-10 03:55:11.219 87 INFO cinder.volume.flows.manager.create_volume [None req-05372a8d-0134-4b31-b707-9cc6cf0a1a57 9b7bd33f98204b07a88c29852dcd0305 616406250a00425b9e5b5140b431c26f - - - -] Volume 8d0ec326-2517-4980-ac1d-e5842f32e66a: being created as raw with specification: {'status': 'creating', 'volume_name': 'vol_8d0ec326-2517-4980-ac1d-e5842f32e66a', 'volume_size': 1}
2026-10-10 03:55:11.219 87 INFO cinder.volume.drivers.lightos [None req-05372a8d-0134-4b31-b707-9cc6cf0a1a57 9b7bd33f98204b07a88c29852dcd0305 616406250a00425b9e5b5140b431c26f - - - -] Invoking get_volume_by_name using GET url: /api/v2/projects/default/volumes/?name=vol_8d0ec326-2517-4980-ac1d-e5842f32e66a             request.body: {} ssl_verify: False
2026-10-10 03:55:11.256 87 WARNING py.warnings [None req-05372a8d-0134-4b31-b707-9cc6cf0a1a57 9b7bd33f98204b07a88c29852dcd0305 616406250a00425b9e5b5140b431c26f - - - -] /var/lib/kolla/venv/lib/python3.12/site-packages/urllib3/connectionpool.py:1110: InsecureRequestWarning: Unverified HTTPS request is being made to host '[LB_IP_ADDRESS]'. Adding certificate verification is strongly advised. See: https://urllib3.readthedocs.io/en/latest/advanced-usage.html#tls-warnings
  warnings.warn(

2026-10-10 03:55:11.268 87 INFO cinder.volume.drivers.lightos [None req-05372a8d-0134-4b31-b707-9cc6cf0a1a57 9b7bd33f98204b07a88c29852dcd0305 616406250a00425b9e5b5140b431c26f - - - -] Invoking create_volume using POST url: /api/v2/projects/default/volumes             request.body: {'name': 'vol_8d0ec326-2517-4980-ac1d-e5842f32e66a', 'size': '1 gib', 'replicaCount': '3', 'compression': 'False', 'acl': {'values': ['ALLOW_NONE']}, 'IPAcl': {'values': ['ALLOW_NONE']}, 'sourceSnapshotUUID': None, 'sourceSnapshotName': None} ssl_verify: False
2026-10-10 03:55:11.314 87 WARNING py.warnings [None req-05372a8d-0134-4b31-b707-9cc6cf0a1a57 9b7bd33f98204b07a88c29852dcd0305 616406250a00425b9e5b5140b431c26f - - - -] /var/lib/kolla/venv/lib/python3.12/site-packages/urllib3/connectionpool.py:1110: InsecureRequestWarning: Unverified HTTPS request is being made to host '[LB_IP_ADDRESS]'. Adding certificate verification is strongly advised. See: https://urllib3.readthedocs.io/en/latest/advanced-usage.html#tls-warnings
  warnings.warn(

2026-10-10 03:55:11.345 87 INFO cinder.volume.drivers.lightos [None req-05372a8d-0134-4b31-b707-9cc6cf0a1a57 9b7bd33f98204b07a88c29852dcd0305 616406250a00425b9e5b5140b431c26f - - - -] Invoking get_volume using GET url: /api/v2/projects/default/volumes/e8eb1376-a227-4561-8613-79e75b9aaa61             request.body: {} ssl_verify: False
2026-10-10 03:55:11.400 87 WARNING py.warnings [None req-05372a8d-0134-4b31-b707-9cc6cf0a1a57 9b7bd33f98204b07a88c29852dcd0305 616406250a00425b9e5b5140b431c26f - - - -] /var/lib/kolla/venv/lib/python3.12/site-packages/urllib3/connectionpool.py:1110: InsecureRequestWarning: Unverified HTTPS request is being made to host '[LB_IP_ADDRESS]'. Adding certificate verification is strongly advised. See: https://urllib3.readthedocs.io/en/latest/advanced-usage.html#tls-warnings
  warnings.warn(

2026-10-10 03:55:11.460 87 INFO cinder.volume.flows.manager.create_volume [None req-05372a8d-0134-4b31-b707-9cc6cf0a1a57 9b7bd33f98204b07a88c29852dcd0305 616406250a00425b9e5b5140b431c26f - - - -] Volume vol_8d0ec326-2517-4980-ac1d-e5842f32e66a (8d0ec326-2517-4980-ac1d-e5842f32e66a): created successfully
2026-10-10 03:55:11.468 87 INFO cinder.volume.manager [None req-05372a8d-0134-4b31-b707-9cc6cf0a1a57 9b7bd33f98204b07a88c29852dcd0305 616406250a00425b9e5b5140b431c26f - - - -] Created volume successfully.
2026-10-10 03:55:12.453 87 INFO cinder.volume.drivers.lightos [None req-36a396e0-2b5c-43c4-a957-c0eb7deacbdc 9b7bd33f98204b07a88c29852dcd0305 616406250a00425b9e5b5140b431c26f - - - -] Invoking get_snapshot_by_name using GET url: /api/v2/projects/default/snapshots/?Name=snapshot-79778025-dcac-4fd8-82c2-67d3b870dd5d             request.body: {} ssl_verify: False
2026-10-10 03:55:12.492 87 WARNING py.warnings [None req-36a396e0-2b5c-43c4-a957-c0eb7deacbdc 9b7bd33f98204b07a88c29852dcd0305 616406250a00425b9e5b5140b431c26f - - - -] /var/lib/kolla/venv/lib/python3.12/site-packages/urllib3/connectionpool.py:1110: InsecureRequestWarning: Unverified HTTPS request is being made to host '[LB_IP_ADDRESS]'. Adding certificate verification is strongly advised. See: https://urllib3.readthedocs.io/en/latest/advanced-usage.html#tls-warnings
  warnings.warn(

2026-10-10 03:55:12.503 87 INFO cinder.volume.drivers.lightos [None req-36a396e0-2b5c-43c4-a957-c0eb7deacbdc 9b7bd33f98204b07a88c29852dcd0305 616406250a00425b9e5b5140b431c26f - - - -] Invoking create_snapshot using POST url: /api/v2/projects/default/snapshots             request.body: {'name': 'snapshot-79778025-dcac-4fd8-82c2-67d3b870dd5d', 'sourceVolumeUUID': None, 'sourceVolumeName': 'vol_8d0ec326-2517-4980-ac1d-e5842f32e66a'} ssl_verify: False
2026-10-10 03:55:12.546 87 WARNING py.warnings [None req-36a396e0-2b5c-43c4-a957-c0eb7deacbdc 9b7bd33f98204b07a88c29852dcd0305 616406250a00425b9e5b5140b431c26f - - - -] /var/lib/kolla/venv/lib/python3.12/site-packages/urllib3/connectionpool.py:1110: InsecureRequestWarning: Unverified HTTPS request is being made to host '[LB_IP_ADDRESS]'. Adding certificate verification is strongly advised. See: https://urllib3.readthedocs.io/en/latest/advanced-usage.html#tls-warnings
  warnings.warn(

2026-10-10 03:55:12.583 87 INFO cinder.volume.drivers.lightos [None req-36a396e0-2b5c-43c4-a957-c0eb7deacbdc 9b7bd33f98204b07a88c29852dcd0305 616406250a00425b9e5b5140b431c26f - - - -] Invoking get_snapshot_by_name using GET url: /api/v2/projects/default/snapshots/?Name=snapshot-79778025-dcac-4fd8-82c2-67d3b870dd5d             request.body: {} ssl_verify: False
2026-10-10 03:55:12.642 87 WARNING py.warnings [None req-36a396e0-2b5c-43c4-a957-c0eb7deacbdc 9b7bd33f98204b07a88c29852dcd0305 616406250a00425b9e5b5140b431c26f - - - -] /var/lib/kolla/venv/lib/python3.12/site-packages/urllib3/connectionpool.py:1110: InsecureRequestWarning: Unverified HTTPS request is being made to host '[LB_IP_ADDRESS]'. Adding certificate verification is strongly advised. See: https://urllib3.readthedocs.io/en/latest/advanced-usage.html#tls-warnings
  warnings.warn(

2026-10-10 03:55:13.696 87 INFO cinder.volume.drivers.lightos [None req-36a396e0-2b5c-43c4-a957-c0eb7deacbdc 9b7bd33f98204b07a88c29852dcd0305 616406250a00425b9e5b5140b431c26f - - - -] Invoking get_snapshot_by_name using GET url: /api/v2/projects/default/snapshots/?Name=snapshot-79778025-dcac-4fd8-82c2-67d3b870dd5d             request.body: {} ssl_verify: False
2026-10-10 03:55:13.741 87 WARNING py.warnings [None req-36a396e0-2b5c-43c4-a957-c0eb7deacbdc 9b7bd33f98204b07a88c29852dcd0305 616406250a00425b9e5b5140b431c26f - - - -] /var/lib/kolla/venv/lib/python3.12/site-packages/urllib3/connectionpool.py:1110: InsecureRequestWarning: Unverified HTTPS request is being made to host '[LB_IP_ADDRESS]'. Adding certificate verification is strongly advised. See: https://urllib3.readthedocs.io/en/latest/advanced-usage.html#tls-warnings
  warnings.warn(

2026-10-10 03:55:13.775 87 INFO cinder.volume.manager [None req-36a396e0-2b5c-43c4-a957-c0eb7deacbdc 9b7bd33f98204b07a88c29852dcd0305 616406250a00425b9e5b5140b431c26f - - - -] Create snapshot completed successfully
2026-10-10 03:55:15.074 87 INFO cinder.volume.drivers.lightos [None req-2cf265ea-62a3-4f17-a4a7-8cae38519a0a 9b7bd33f98204b07a88c29852dcd0305 616406250a00425b9e5b5140b431c26f - - - -] Invoking get_snapshot_by_name using GET url: /api/v2/projects/default/snapshots/?Name=snapshot-2e21b1fc-3c48-481a-89b6-77cdcf29a7a8             request.body: {} ssl_verify: False
2026-10-10 03:55:15.111 87 WARNING py.warnings [None req-2cf265ea-62a3-4f17-a4a7-8cae38519a0a 9b7bd33f98204b07a88c29852dcd0305 616406250a00425b9e5b5140b431c26f - - - -] /var/lib/kolla/venv/lib/python3.12/site-packages/urllib3/connectionpool.py:1110: InsecureRequestWarning: Unverified HTTPS request is being made to host '[LB_IP_ADDRESS]'. Adding certificate verification is strongly advised. See: https://urllib3.readthedocs.io/en/latest/advanced-usage.html#tls-warnings
  warnings.warn(

2026-10-10 03:55:15.122 87 INFO cinder.volume.drivers.lightos [None req-2cf265ea-62a3-4f17-a4a7-8cae38519a0a 9b7bd33f98204b07a88c29852dcd0305 616406250a00425b9e5b5140b431c26f - - - -] Invoking create_snapshot using POST url: /api/v2/projects/default/snapshots             request.body: {'name': 'snapshot-2e21b1fc-3c48-481a-89b6-77cdcf29a7a8', 'sourceVolumeUUID': None, 'sourceVolumeName': 'vol_8d0ec326-2517-4980-ac1d-e5842f32e66a'} ssl_verify: False
2026-10-10 03:55:15.162 87 WARNING py.warnings [None req-2cf265ea-62a3-4f17-a4a7-8cae38519a0a 9b7bd33f98204b07a88c29852dcd0305 616406250a00425b9e5b5140b431c26f - - - -] /var/lib/kolla/venv/lib/python3.12/site-packages/urllib3/connectionpool.py:1110: InsecureRequestWarning: Unverified HTTPS request is being made to host '[LB_IP_ADDRESS]'. Adding certificate verification is strongly advised. See: https://urllib3.readthedocs.io/en/latest/advanced-usage.html#tls-warnings
  warnings.warn(

2026-10-10 03:55:15.194 87 INFO cinder.volume.drivers.lightos [None req-2cf265ea-62a3-4f17-a4a7-8cae38519a0a 9b7bd33f98204b07a88c29852dcd0305 616406250a00425b9e5b5140b431c26f - - - -] Invoking get_snapshot_by_name using GET url: /api/v2/projects/default/snapshots/?Name=snapshot-2e21b1fc-3c48-481a-89b6-77cdcf29a7a8             request.body: {} ssl_verify: False
2026-10-10 03:55:15.234 87 WARNING py.warnings [None req-2cf265ea-62a3-4f17-a4a7-8cae38519a0a 9b7bd33f98204b07a88c29852dcd0305 616406250a00425b9e5b5140b431c26f - - - -] /var/lib/kolla/venv/lib/python3.12/site-packages/urllib3/connectionpool.py:1110: InsecureRequestWarning: Unverified HTTPS request is being made to host '[LB_IP_ADDRESS]'. Adding certificate verification is strongly advised. See: https://urllib3.readthedocs.io/en/latest/advanced-usage.html#tls-warnings
  warnings.warn(

2026-10-10 03:55:16.269 87 INFO cinder.volume.drivers.lightos [None req-2cf265ea-62a3-4f17-a4a7-8cae38519a0a 9b7bd33f98204b07a88c29852dcd0305 616406250a00425b9e5b5140b431c26f - - - -] Invoking get_snapshot_by_name using GET url: /api/v2/projects/default/snapshots/?Name=snapshot-2e21b1fc-3c48-481a-89b6-77cdcf29a7a8             request.body: {} ssl_verify: False
2026-10-10 03:55:16.318 87 WARNING py.warnings [None req-2cf265ea-62a3-4f17-a4a7-8cae38519a0a 9b7bd33f98204b07a88c29852dcd0305 616406250a00425b9e5b5140b431c26f - - - -] /var/lib/kolla/venv/lib/python3.12/site-packages/urllib3/connectionpool.py:1110: InsecureRequestWarning: Unverified HTTPS request is being made to host '[LB_IP_ADDRESS]'. Adding certificate verification is strongly advised. See: https://urllib3.readthedocs.io/en/latest/advanced-usage.html#tls-warnings
  warnings.warn(

2026-10-10 03:55:16.350 87 INFO cinder.volume.manager [None req-2cf265ea-62a3-4f17-a4a7-8cae38519a0a 9b7bd33f98204b07a88c29852dcd0305 616406250a00425b9e5b5140b431c26f - - - -] Create snapshot completed successfully
2026-10-10 03:55:17.259 87 INFO cinder.volume.drivers.lightos [None req-1cc65507-686b-45b7-9c91-609250561ea3 1fd0b14da1c7453f847b58d7bef453ef d08883c9a5e84228acec0b820a7587a8 - - default default] Invoking get_snapshot_by_name using GET url: /api/v2/projects/default/snapshots/?Name=snapshot-2e21b1fc-3c48-481a-89b6-77cdcf29a7a8             request.body: {} ssl_verify: False
2026-10-10 03:55:17.297 87 WARNING py.warnings [None req-1cc65507-686b-45b7-9c91-609250561ea3 1fd0b14da1c7453f847b58d7bef453ef d08883c9a5e84228acec0b820a7587a8 - - default default] /var/lib/kolla/venv/lib/python3.12/site-packages/urllib3/connectionpool.py:1110: InsecureRequestWarning: Unverified HTTPS request is being made to host '[LB_IP_ADDRESS]'. Adding certificate verification is strongly advised. See: https://urllib3.readthedocs.io/en/latest/advanced-usage.html#tls-warnings
  warnings.warn(

2026-10-10 03:55:17.308 87 INFO cinder.volume.drivers.lightos [None req-1cc65507-686b-45b7-9c91-609250561ea3 1fd0b14da1c7453f847b58d7bef453ef d08883c9a5e84228acec0b820a7587a8 - - default default] Invoking delete_snapshot using DELETE url: /api/v2/projects/default/snapshots/54a9af02-0792-4cde-9832-a314f5ae2ab9?             request.body:  ssl_verify: False
2026-10-10 03:55:17.348 87 WARNING py.warnings [None req-1cc65507-686b-45b7-9c91-609250561ea3 1fd0b14da1c7453f847b58d7bef453ef d08883c9a5e84228acec0b820a7587a8 - - default default] /var/lib/kolla/venv/lib/python3.12/site-packages/urllib3/connectionpool.py:1110: InsecureRequestWarning: Unverified HTTPS request is being made to host '[LB_IP_ADDRESS]'. Adding certificate verification is strongly advised. See: https://urllib3.readthedocs.io/en/latest/advanced-usage.html#tls-warnings
  warnings.warn(

2026-10-10 03:55:17.380 87 INFO cinder.volume.drivers.lightos [None req-1cc65507-686b-45b7-9c91-609250561ea3 1fd0b14da1c7453f847b58d7bef453ef d08883c9a5e84228acec0b820a7587a8 - - default default] Invoking get_snapshot using GET url: /api/v2/projects/default/snapshots/54a9af02-0792-4cde-9832-a314f5ae2ab9             request.body: {} ssl_verify: False
2026-10-10 03:55:17.423 87 WARNING py.warnings [None req-1cc65507-686b-45b7-9c91-609250561ea3 1fd0b14da1c7453f847b58d7bef453ef d08883c9a5e84228acec0b820a7587a8 - - default default] /var/lib/kolla/venv/lib/python3.12/site-packages/urllib3/connectionpool.py:1110: InsecureRequestWarning: Unverified HTTPS request is being made to host '[LB_IP_ADDRESS]'. Adding certificate verification is strongly advised. See: https://urllib3.readthedocs.io/en/latest/advanced-usage.html#tls-warnings
  warnings.warn(

2026-10-10 03:55:17.457 87 INFO cinder.volume.flows.manager.create_volume [None req-6867f7f0-ab3b-4d5b-922f-6a736ec40b51 6ee959418308411db2d05d293a2cce91 de1f87733d84444581437f8cd40c7c58 - - - -] Volume 06b8e786-bdfa-4e1e-ac42-1197db0809e4: being created as raw with specification: {'status': 'creating', 'volume_name': 'vol_06b8e786-bdfa-4e1e-ac42-1197db0809e4', 'volume_size': 1}
2026-10-10 03:55:17.458 87 INFO cinder.volume.drivers.lightos [None req-6867f7f0-ab3b-4d5b-922f-6a736ec40b51 6ee959418308411db2d05d293a2cce91 de1f87733d84444581437f8cd40c7c58 - - - -] Invoking get_volume_by_name using GET url: /api/v2/projects/default/volumes/?name=vol_06b8e786-bdfa-4e1e-ac42-1197db0809e4             request.body: {} ssl_verify: False
2026-10-10 03:55:17.499 87 WARNING py.warnings [None req-6867f7f0-ab3b-4d5b-922f-6a736ec40b51 6ee959418308411db2d05d293a2cce91 de1f87733d84444581437f8cd40c7c58 - - - -] /var/lib/kolla/venv/lib/python3.12/site-packages/urllib3/connectionpool.py:1110: InsecureRequestWarning: Unverified HTTPS request is being made to host '[LB_IP_ADDRESS]'. Adding certificate verification is strongly advised. See: https://urllib3.readthedocs.io/en/latest/advanced-usage.html#tls-warnings
  warnings.warn(

2026-10-10 03:55:17.554 87 INFO cinder.volume.drivers.lightos [None req-6867f7f0-ab3b-4d5b-922f-6a736ec40b51 6ee959418308411db2d05d293a2cce91 de1f87733d84444581437f8cd40c7c58 - - - -] Invoking create_volume using POST url: /api/v2/projects/default/volumes             request.body: {'name': 'vol_06b8e786-bdfa-4e1e-ac42-1197db0809e4', 'size': '1 gib', 'replicaCount': '3', 'compression': 'False', 'acl': {'values': ['ALLOW_NONE']}, 'IPAcl': {'values': ['ALLOW_NONE']}, 'sourceSnapshotUUID': None, 'sourceSnapshotName': None} ssl_verify: False
2026-10-10 03:55:17.587 87 WARNING py.warnings [None req-6867f7f0-ab3b-4d5b-922f-6a736ec40b51 6ee959418308411db2d05d293a2cce91 de1f87733d84444581437f8cd40c7c58 - - - -] /var/lib/kolla/venv/lib/python3.12/site-packages/urllib3/connectionpool.py:1110: InsecureRequestWarning: Unverified HTTPS request is being made to host '[LB_IP_ADDRESS]'. Adding certificate verification is strongly advised. See: https://urllib3.readthedocs.io/en/latest/advanced-usage.html#tls-warnings
  warnings.warn(

2026-10-10 03:55:17.605 87 INFO cinder.volume.drivers.lightos [None req-6867f7f0-ab3b-4d5b-922f-6a736ec40b51 6ee959418308411db2d05d293a2cce91 de1f87733d84444581437f8cd40c7c58 - - - -] Invoking get_volume using GET url: /api/v2/projects/default/volumes/a1394eec-a836-469c-a704-f686456f6b08             request.body: {} ssl_verify: False
2026-10-10 03:55:17.641 87 WARNING py.warnings [None req-6867f7f0-ab3b-4d5b-922f-6a736ec40b51 6ee959418308411db2d05d293a2cce91 de1f87733d84444581437f8cd40c7c58 - - - -] /var/lib/kolla/venv/lib/python3.12/site-packages/urllib3/connectionpool.py:1110: InsecureRequestWarning: Unverified HTTPS request is being made to host '[LB_IP_ADDRESS]'. Adding certificate verification is strongly advised. See: https://urllib3.readthedocs.io/en/latest/advanced-usage.html#tls-warnings
  warnings.warn(

2026-10-10 03:55:17.653 87 INFO cinder.volume.manager [None req-1cc65507-686b-45b7-9c91-609250561ea3 1fd0b14da1c7453f847b58d7bef453ef d08883c9a5e84228acec0b820a7587a8 - - default default] Delete snapshot completed successfully.
2026-10-10 03:55:18.672 87 INFO cinder.volume.drivers.lightos [None req-e3c6c327-9e80-4046-a5c4-3a94f7895014 9b7bd33f98204b07a88c29852dcd0305 616406250a00425b9e5b5140b431c26f - - - -] Invoking get_snapshot_by_name using GET url: /api/v2/projects/default/snapshots/?Name=snapshot-ac493a33-36ec-482b-9e13-34b8a1b62e45             request.body: {} ssl_verify: False
2026-10-10 03:55:18.700 87 INFO cinder.volume.drivers.lightos [None req-6867f7f0-ab3b-4d5b-922f-6a736ec40b51 6ee959418308411db2d05d293a2cce91 de1f87733d84444581437f8cd40c7c58 - - - -] Invoking get_volume using GET url: /api/v2/projects/default/volumes/a1394eec-a836-469c-a704-f686456f6b08             request.body: {} ssl_verify: False
2026-10-10 03:55:18.728 87 WARNING py.warnings [None req-e3c6c327-9e80-4046-a5c4-3a94f7895014 9b7bd33f98204b07a88c29852dcd0305 616406250a00425b9e5b5140b431c26f - - - -] /var/lib/kolla/venv/lib/python3.12/site-packages/urllib3/connectionpool.py:1110: InsecureRequestWarning: Unverified HTTPS request is being made to host '[LB_IP_ADDRESS]'. Adding certificate verification is strongly advised. See: https://urllib3.readthedocs.io/en/latest/advanced-usage.html#tls-warnings
  warnings.warn(

2026-10-10 03:55:18.736 87 WARNING py.warnings [None req-6867f7f0-ab3b-4d5b-922f-6a736ec40b51 6ee959418308411db2d05d293a2cce91 de1f87733d84444581437f8cd40c7c58 - - - -] /var/lib/kolla/venv/lib/python3.12/site-packages/urllib3/connectionpool.py:1110: InsecureRequestWarning: Unverified HTTPS request is being made to host '[LB_IP_ADDRESS]'. Adding certificate verification is strongly advised. See: https://urllib3.readthedocs.io/en/latest/advanced-usage.html#tls-warnings
  warnings.warn(

2026-10-10 03:55:18.741 87 INFO cinder.volume.drivers.lightos [None req-e3c6c327-9e80-4046-a5c4-3a94f7895014 9b7bd33f98204b07a88c29852dcd0305 616406250a00425b9e5b5140b431c26f - - - -] Invoking create_snapshot using POST url: /api/v2/projects/default/snapshots             request.body: {'name': 'snapshot-ac493a33-36ec-482b-9e13-34b8a1b62e45', 'sourceVolumeUUID': None, 'sourceVolumeName': 'vol_8d0ec326-2517-4980-ac1d-e5842f32e66a'} ssl_verify: False
2026-10-10 03:55:18.781 87 WARNING py.warnings [None req-e3c6c327-9e80-4046-a5c4-3a94f7895014 9b7bd33f98204b07a88c29852dcd0305 616406250a00425b9e5b5140b431c26f - - - -] /var/lib/kolla/venv/lib/python3.12/site-packages/urllib3/connectionpool.py:1110: InsecureRequestWarning: Unverified HTTPS request is being made to host '[LB_IP_ADDRESS]'. Adding certificate verification is strongly advised. See: https://urllib3.readthedocs.io/en/latest/advanced-usage.html#tls-warnings
  warnings.warn(

2026-10-10 03:55:18.785 87 INFO cinder.volume.flows.manager.create_volume [None req-6867f7f0-ab3b-4d5b-922f-6a736ec40b51 6ee959418308411db2d05d293a2cce91 de1f87733d84444581437f8cd40c7c58 - - - -] Volume vol_06b8e786-bdfa-4e1e-ac42-1197db0809e4 (06b8e786-bdfa-4e1e-ac42-1197db0809e4): created successfully
2026-10-10 03:55:18.792 87 INFO cinder.volume.manager [None req-6867f7f0-ab3b-4d5b-922f-6a736ec40b51 6ee959418308411db2d05d293a2cce91 de1f87733d84444581437f8cd40c7c58 - - - -] Created volume successfully.
2026-10-10 03:55:18.820 87 INFO cinder.volume.drivers.lightos [None req-e3c6c327-9e80-4046-a5c4-3a94f7895014 9b7bd33f98204b07a88c29852dcd0305 616406250a00425b9e5b5140b431c26f - - - -] Invoking get_snapshot_by_name using GET url: /api/v2/projects/default/snapshots/?Name=snapshot-ac493a33-36ec-482b-9e13-34b8a1b62e45             request.body: {} ssl_verify: False
2026-10-10 03:55:18.868 87 WARNING py.warnings [None req-e3c6c327-9e80-4046-a5c4-3a94f7895014 9b7bd33f98204b07a88c29852dcd0305 616406250a00425b9e5b5140b431c26f - - - -] /var/lib/kolla/venv/lib/python3.12/site-packages/urllib3/connectionpool.py:1110: InsecureRequestWarning: Unverified HTTPS request is being made to host '[LB_IP_ADDRESS]'. Adding certificate verification is strongly advised. See: https://urllib3.readthedocs.io/en/latest/advanced-usage.html#tls-warnings
  warnings.warn(

2026-10-10 03:55:19.940 87 INFO cinder.volume.drivers.lightos [None req-e3c6c327-9e80-4046-a5c4-3a94f7895014 9b7bd33f98204b07a88c29852dcd0305 616406250a00425b9e5b5140b431c26f - - - -] Invoking get_snapshot_by_name using GET url: /api/v2/projects/default/snapshots/?Name=snapshot-ac493a33-36ec-482b-9e13-34b8a1b62e45             request.body: {} ssl_verify: False
2026-10-10 03:55:19.979 87 WARNING py.warnings [None req-e3c6c327-9e80-4046-a5c4-3a94f7895014 9b7bd33f98204b07a88c29852dcd0305 616406250a00425b9e5b5140b431c26f - - - -] /var/lib/kolla/venv/lib/python3.12/site-packages/urllib3/connectionpool.py:1110: InsecureRequestWarning: Unverified HTTPS request is being made to host '[LB_IP_ADDRESS]'. Adding certificate verification is strongly advised. See: https://urllib3.readthedocs.io/en/latest/advanced-usage.html#tls-warnings
  warnings.warn(

2026-10-10 03:55:19.983 87 INFO cinder.volume.drivers.lightos [None req-34858879-4d20-4bdd-aa3f-2973e9a3a724 6ee959418308411db2d05d293a2cce91 de1f87733d84444581437f8cd40c7c58 - - - -] Invoking get_snapshot_by_name using GET url: /api/v2/projects/default/snapshots/?Name=snapshot-a6e01bb2-519b-4d2f-b7f8-c4448f482ed8             request.body: {} ssl_verify: False
2026-10-10 03:55:20.019 87 WARNING py.warnings [None req-34858879-4d20-4bdd-aa3f-2973e9a3a724 6ee959418308411db2d05d293a2cce91 de1f87733d84444581437f8cd40c7c58 - - - -] /var/lib/kolla/venv/lib/python3.12/site-packages/urllib3/connectionpool.py:1110: InsecureRequestWarning: Unverified HTTPS request is being made to host '[LB_IP_ADDRESS]'. Adding certificate verification is strongly advised. See: https://urllib3.readthedocs.io/en/latest/advanced-usage.html#tls-warnings
  warnings.warn(

2026-10-10 03:55:20.025 87 INFO cinder.volume.manager [None req-e3c6c327-9e80-4046-a5c4-3a94f7895014 9b7bd33f98204b07a88c29852dcd0305 616406250a00425b9e5b5140b431c26f - - - -] Create snapshot completed successfully
2026-10-10 03:55:20.027 87 INFO cinder.volume.drivers.lightos [None req-34858879-4d20-4bdd-aa3f-2973e9a3a724 6ee959418308411db2d05d293a2cce91 de1f87733d84444581437f8cd40c7c58 - - - -] Invoking create_snapshot using POST url: /api/v2/projects/default/snapshots             request.body: {'name': 'snapshot-a6e01bb2-519b-4d2f-b7f8-c4448f482ed8', 'sourceVolumeUUID': None, 'sourceVolumeName': 'vol_06b8e786-bdfa-4e1e-ac42-1197db0809e4'} ssl_verify: False
2026-10-10 03:55:20.062 87 WARNING py.warnings [None req-34858879-4d20-4bdd-aa3f-2973e9a3a724 6ee959418308411db2d05d293a2cce91 de1f87733d84444581437f8cd40c7c58 - - - -] /var/lib/kolla/venv/lib/python3.12/site-packages/urllib3/connectionpool.py:1110: InsecureRequestWarning: Unverified HTTPS request is being made to host '[LB_IP_ADDRESS]'. Adding certificate verification is strongly advised. See: https://urllib3.readthedocs.io/en/latest/advanced-usage.html#tls-warnings
  warnings.warn(

2026-10-10 03:55:20.121 87 INFO cinder.volume.drivers.lightos [None req-34858879-4d20-4bdd-aa3f-2973e9a3a724 6ee959418308411db2d05d293a2cce91 de1f87733d84444581437f8cd40c7c58 - - - -] Invoking get_snapshot_by_name using GET url: /api/v2/projects/default/snapshots/?Name=snapshot-a6e01bb2-519b-4d2f-b7f8-c4448f482ed8             request.body: {} ssl_verify: False
2026-10-10 03:55:20.164 87 WARNING py.warnings [None req-34858879-4d20-4bdd-aa3f-2973e9a3a724 6ee959418308411db2d05d293a2cce91 de1f87733d84444581437f8cd40c7c58 - - - -] /var/lib/kolla/venv/lib/python3.12/site-packages/urllib3/connectionpool.py:1110: InsecureRequestWarning: Unverified HTTPS request is being made to host '[LB_IP_ADDRESS]'. Adding certificate verification is strongly advised. See: https://urllib3.readthedocs.io/en/latest/advanced-usage.html#tls-warnings
  warnings.warn(

2026-10-10 03:55:20.842 87 INFO cinder.volume.drivers.lightos [None req-da165189-b797-44fb-9c1a-9d998979a12b 1fd0b14da1c7453f847b58d7bef453ef d08883c9a5e84228acec0b820a7587a8 - - default default] Invoking get_snapshot_by_name using GET url: /api/v2/projects/default/snapshots/?Name=snapshot-ac493a33-36ec-482b-9e13-34b8a1b62e45             request.body: {} ssl_verify: False
2026-10-10 03:55:20.884 87 WARNING py.warnings [None req-da165189-b797-44fb-9c1a-9d998979a12b 1fd0b14da1c7453f847b58d7bef453ef d08883c9a5e84228acec0b820a7587a8 - - default default] /var/lib/kolla/venv/lib/python3.12/site-packages/urllib3/connectionpool.py:1110: InsecureRequestWarning: Unverified HTTPS request is being made to host '[LB_IP_ADDRESS]'. Adding certificate verification is strongly advised. See: https://urllib3.readthedocs.io/en/latest/advanced-usage.html#tls-warnings
  warnings.warn(

2026-10-10 03:55:20.897 87 INFO cinder.volume.drivers.lightos [None req-da165189-b797-44fb-9c1a-9d998979a12b 1fd0b14da1c7453f847b58d7bef453ef d08883c9a5e84228acec0b820a7587a8 - - default default] Invoking delete_snapshot using DELETE url: /api/v2/projects/default/snapshots/b862e1e4-8e89-4ea9-a951-5e563a1923f8?             request.body:  ssl_verify: False
2026-10-10 03:55:20.935 87 WARNING py.warnings [None req-da165189-b797-44fb-9c1a-9d998979a12b 1fd0b14da1c7453f847b58d7bef453ef d08883c9a5e84228acec0b820a7587a8 - - default default] /var/lib/kolla/venv/lib/python3.12/site-packages/urllib3/connectionpool.py:1110: InsecureRequestWarning: Unverified HTTPS request is being made to host '[LB_IP_ADDRESS]'. Adding certificate verification is strongly advised. See: https://urllib3.readthedocs.io/en/latest/advanced-usage.html#tls-warnings
  warnings.warn(

2026-10-10 03:55:20.962 87 INFO cinder.volume.drivers.lightos [None req-da165189-b797-44fb-9c1a-9d998979a12b 1fd0b14da1c7453f847b58d7bef453ef d08883c9a5e84228acec0b820a7587a8 - - default default] Invoking get_snapshot using GET url: /api/v2/projects/default/snapshots/b862e1e4-8e89-4ea9-a951-5e563a1923f8             request.body: {} ssl_verify: False
2026-10-10 03:55:21.006 87 WARNING py.warnings [None req-da165189-b797-44fb-9c1a-9d998979a12b 1fd0b14da1c7453f847b58d7bef453ef d08883c9a5e84228acec0b820a7587a8 - - default default] /var/lib/kolla/venv/lib/python3.12/site-packages/urllib3/connectionpool.py:1110: InsecureRequestWarning: Unverified HTTPS request is being made to host '[LB_IP_ADDRESS]'. Adding certificate verification is strongly advised. See: https://urllib3.readthedocs.io/en/latest/advanced-usage.html#tls-warnings
  warnings.warn(

2026-10-10 03:55:21.137 87 INFO cinder.volume.manager [None req-da165189-b797-44fb-9c1a-9d998979a12b 1fd0b14da1c7453f847b58d7bef453ef d08883c9a5e84228acec0b820a7587a8 - - default default] Delete snapshot completed successfully.
2026-10-10 03:55:21.182 87 INFO cinder.volume.drivers.lightos [None req-34858879-4d20-4bdd-aa3f-2973e9a3a724 6ee959418308411db2d05d293a2cce91 de1f87733d84444581437f8cd40c7c58 - - - -] Invoking get_snapshot_by_name using GET url: /api/v2/projects/default/snapshots/?Name=snapshot-a6e01bb2-519b-4d2f-b7f8-c4448f482ed8             request.body: {} ssl_verify: False
2026-10-10 03:55:21.227 87 WARNING py.warnings [None req-34858879-4d20-4bdd-aa3f-2973e9a3a724 6ee959418308411db2d05d293a2cce91 de1f87733d84444581437f8cd40c7c58 - - - -] /var/lib/kolla/venv/lib/python3.12/site-packages/urllib3/connectionpool.py:1110: InsecureRequestWarning: Unverified HTTPS request is being made to host '[LB_IP_ADDRESS]'. Adding certificate verification is strongly advised. See: https://urllib3.readthedocs.io/en/latest/advanced-usage.html#tls-warnings
  warnings.warn(

2026-10-10 03:55:21.249 87 INFO cinder.volume.manager [None req-34858879-4d20-4bdd-aa3f-2973e9a3a724 6ee959418308411db2d05d293a2cce91 de1f87733d84444581437f8cd40c7c58 - - - -] Create snapshot completed successfully
2026-10-10 03:55:22.254 87 INFO cinder.volume.drivers.lightos [None req-42ccfe80-195f-44de-8975-bc63ea79bec5 9b7bd33f98204b07a88c29852dcd0305 616406250a00425b9e5b5140b431c26f - - - -] Invoking get_snapshot_by_name using GET url: /api/v2/projects/default/snapshots/?Name=snapshot-bb569c84-1ecb-419b-b037-26741cee67bf             request.body: {} ssl_verify: False
2026-10-10 03:55:22.291 87 WARNING py.warnings [None req-42ccfe80-195f-44de-8975-bc63ea79bec5 9b7bd33f98204b07a88c29852dcd0305 616406250a00425b9e5b5140b431c26f - - - -] /var/lib/kolla/venv/lib/python3.12/site-packages/urllib3/connectionpool.py:1110: InsecureRequestWarning: Unverified HTTPS request is being made to host '[LB_IP_ADDRESS]'. Adding certificate verification is strongly advised. See: https://urllib3.readthedocs.io/en/latest/advanced-usage.html#tls-warnings
  warnings.warn(

2026-10-10 03:55:22.293 87 INFO cinder.volume.drivers.lightos [None req-7fa84ef0-d98f-4ac8-91d8-3012088eeb69 6ee959418308411db2d05d293a2cce91 de1f87733d84444581437f8cd40c7c58 - - - -] Invoking get_snapshot_by_name using GET url: /api/v2/projects/default/snapshots/?Name=snapshot-c2471211-71a7-45a1-855d-ab735e87122d             request.body: {} ssl_verify: False
2026-10-10 03:55:22.321 87 INFO cinder.volume.drivers.lightos [None req-42ccfe80-195f-44de-8975-bc63ea79bec5 9b7bd33f98204b07a88c29852dcd0305 616406250a00425b9e5b5140b431c26f - - - -] Invoking create_snapshot using POST url: /api/v2/projects/default/snapshots             request.body: {'name': 'snapshot-bb569c84-1ecb-419b-b037-26741cee67bf', 'sourceVolumeUUID': None, 'sourceVolumeName': 'vol_8d0ec326-2517-4980-ac1d-e5842f32e66a'} ssl_verify: False
2026-10-10 03:55:22.349 87 WARNING py.warnings [None req-7fa84ef0-d98f-4ac8-91d8-3012088eeb69 6ee959418308411db2d05d293a2cce91 de1f87733d84444581437f8cd40c7c58 - - - -] /var/lib/kolla/venv/lib/python3.12/site-packages/urllib3/connectionpool.py:1110: InsecureRequestWarning: Unverified HTTPS request is being made to host '[LB_IP_ADDRESS]'. Adding certificate verification is strongly advised. See: https://urllib3.readthedocs.io/en/latest/advanced-usage.html#tls-warnings
  warnings.warn(

2026-10-10 03:55:22.354 87 WARNING py.warnings [None req-42ccfe80-195f-44de-8975-bc63ea79bec5 9b7bd33f98204b07a88c29852dcd0305 616406250a00425b9e5b5140b431c26f - - - -] /var/lib/kolla/venv/lib/python3.12/site-packages/urllib3/connectionpool.py:1110: InsecureRequestWarning: Unverified HTTPS request is being made to host '[LB_IP_ADDRESS]'. Adding certificate verification is strongly advised. See: https://urllib3.readthedocs.io/en/latest/advanced-usage.html#tls-warnings
  warnings.warn(

2026-10-10 03:55:22.358 87 INFO cinder.volume.drivers.lightos [None req-7fa84ef0-d98f-4ac8-91d8-3012088eeb69 6ee959418308411db2d05d293a2cce91 de1f87733d84444581437f8cd40c7c58 - - - -] Invoking create_snapshot using POST url: /api/v2/projects/default/snapshots             request.body: {'name': 'snapshot-c2471211-71a7-45a1-855d-ab735e87122d', 'sourceVolumeUUID': None, 'sourceVolumeName': 'vol_06b8e786-bdfa-4e1e-ac42-1197db0809e4'} ssl_verify: False
2026-10-10 03:55:22.386 87 INFO cinder.volume.drivers.lightos [None req-42ccfe80-195f-44de-8975-bc63ea79bec5 9b7bd33f98204b07a88c29852dcd0305 616406250a00425b9e5b5140b431c26f - - - -] Invoking get_snapshot_by_name using GET url: /api/v2/projects/default/snapshots/?Name=snapshot-bb569c84-1ecb-419b-b037-26741cee67bf             request.body: {} ssl_verify: False
2026-10-10 03:55:22.414 87 WARNING py.warnings [None req-7fa84ef0-d98f-4ac8-91d8-3012088eeb69 6ee959418308411db2d05d293a2cce91 de1f87733d84444581437f8cd40c7c58 - - - -] /var/lib/kolla/venv/lib/python3.12/site-packages/urllib3/connectionpool.py:1110: InsecureRequestWarning: Unverified HTTPS request is being made to host '[LB_IP_ADDRESS]'. Adding certificate verification is strongly advised. See: https://urllib3.readthedocs.io/en/latest/advanced-usage.html#tls-warnings
  warnings.warn(

2026-10-10 03:55:22.430 87 WARNING py.warnings [None req-42ccfe80-195f-44de-8975-bc63ea79bec5 9b7bd33f98204b07a88c29852dcd0305 616406250a00425b9e5b5140b431c26f - - - -] /var/lib/kolla/venv/lib/python3.12/site-packages/urllib3/connectionpool.py:1110: InsecureRequestWarning: Unverified HTTPS request is being made to host '[LB_IP_ADDRESS]'. Adding certificate verification is strongly advised. See: https://urllib3.readthedocs.io/en/latest/advanced-usage.html#tls-warnings
  warnings.warn(

2026-10-10 03:55:22.516 87 INFO cinder.volume.drivers.lightos [None req-7fa84ef0-d98f-4ac8-91d8-3012088eeb69 6ee959418308411db2d05d293a2cce91 de1f87733d84444581437f8cd40c7c58 - - - -] Invoking get_snapshot_by_name using GET url: /api/v2/projects/default/snapshots/?Name=snapshot-c2471211-71a7-45a1-855d-ab735e87122d             request.body: {} ssl_verify: False
2026-10-10 03:55:22.563 87 WARNING py.warnings [None req-7fa84ef0-d98f-4ac8-91d8-3012088eeb69 6ee959418308411db2d05d293a2cce91 de1f87733d84444581437f8cd40c7c58 - - - -] /var/lib/kolla/venv/lib/python3.12/site-packages/urllib3/connectionpool.py:1110: InsecureRequestWarning: Unverified HTTPS request is being made to host '[LB_IP_ADDRESS]'. Adding certificate verification is strongly advised. See: https://urllib3.readthedocs.io/en/latest/advanced-usage.html#tls-warnings
  warnings.warn(

2026-10-10 03:55:23.456 87 INFO cinder.volume.drivers.lightos [None req-42ccfe80-195f-44de-8975-bc63ea79bec5 9b7bd33f98204b07a88c29852dcd0305 616406250a00425b9e5b5140b431c26f - - - -] Invoking get_snapshot_by_name using GET url: /api/v2/projects/default/snapshots/?Name=snapshot-bb569c84-1ecb-419b-b037-26741cee67bf             request.body: {} ssl_verify: False
2026-10-10 03:55:23.502 87 WARNING py.warnings [None req-42ccfe80-195f-44de-8975-bc63ea79bec5 9b7bd33f98204b07a88c29852dcd0305 616406250a00425b9e5b5140b431c26f - - - -] /var/lib/kolla/venv/lib/python3.12/site-packages/urllib3/connectionpool.py:1110: InsecureRequestWarning: Unverified HTTPS request is being made to host '[LB_IP_ADDRESS]'. Adding certificate verification is strongly advised. See: https://urllib3.readthedocs.io/en/latest/advanced-usage.html#tls-warnings
  warnings.warn(

2026-10-10 03:55:23.546 87 INFO cinder.volume.manager [None req-42ccfe80-195f-44de-8975-bc63ea79bec5 9b7bd33f98204b07a88c29852dcd0305 616406250a00425b9e5b5140b431c26f - - - -] Create snapshot completed successfully
2026-10-10 03:55:23.598 87 INFO cinder.volume.drivers.lightos [None req-7fa84ef0-d98f-4ac8-91d8-3012088eeb69 6ee959418308411db2d05d293a2cce91 de1f87733d84444581437f8cd40c7c58 - - - -] Invoking get_snapshot_by_name using GET url: /api/v2/projects/default/snapshots/?Name=snapshot-c2471211-71a7-45a1-855d-ab735e87122d             request.body: {} ssl_verify: False
2026-10-10 03:55:23.647 87 WARNING py.warnings [None req-7fa84ef0-d98f-4ac8-91d8-3012088eeb69 6ee959418308411db2d05d293a2cce91 de1f87733d84444581437f8cd40c7c58 - - - -] /var/lib/kolla/venv/lib/python3.12/site-packages/urllib3/connectionpool.py:1110: InsecureRequestWarning: Unverified HTTPS request is being made to host '[LB_IP_ADDRESS]'. Adding certificate verification is strongly advised. See: https://urllib3.readthedocs.io/en/latest/advanced-usage.html#tls-warnings
  warnings.warn(

2026-10-10 03:55:23.678 87 INFO cinder.volume.manager [None req-7fa84ef0-d98f-4ac8-91d8-3012088eeb69 6ee959418308411db2d05d293a2cce91 de1f87733d84444581437f8cd40c7c58 - - - -] Create snapshot completed successfully
2026-10-10 03:55:24.415 87 INFO cinder.volume.drivers.lightos [None req-635a26c3-90be-4b81-a941-26b0b9b59638 6ee959418308411db2d05d293a2cce91 de1f87733d84444581437f8cd40c7c58 - - default default] Invoking get_snapshot_by_name using GET url: /api/v2/projects/default/snapshots/?Name=snapshot-a6e01bb2-519b-4d2f-b7f8-c4448f482ed8             request.body: {} ssl_verify: False
2026-10-10 03:55:24.448 87 INFO cinder.volume.drivers.lightos [None req-f07b6e06-bd88-4652-b991-9782179567f1 1fd0b14da1c7453f847b58d7bef453ef d08883c9a5e84228acec0b820a7587a8 - - default default] Invoking get_snapshot_by_name using GET url: /api/v2/projects/default/snapshots/?Name=snapshot-bb569c84-1ecb-419b-b037-26741cee67bf             request.body: {} ssl_verify: False
2026-10-10 03:55:24.477 87 WARNING py.warnings [None req-635a26c3-90be-4b81-a941-26b0b9b59638 6ee959418308411db2d05d293a2cce91 de1f87733d84444581437f8cd40c7c58 - - default default] /var/lib/kolla/venv/lib/python3.12/site-packages/urllib3/connectionpool.py:1110: InsecureRequestWarning: Unverified HTTPS request is being made to host '[LB_IP_ADDRESS]'. Adding certificate verification is strongly advised. See: https://urllib3.readthedocs.io/en/latest/advanced-usage.html#tls-warnings
  warnings.warn(

2026-10-10 03:55:24.485 87 WARNING py.warnings [None req-f07b6e06-bd88-4652-b991-9782179567f1 1fd0b14da1c7453f847b58d7bef453ef d08883c9a5e84228acec0b820a7587a8 - - default default] /var/lib/kolla/venv/lib/python3.12/site-packages/urllib3/connectionpool.py:1110: InsecureRequestWarning: Unverified HTTPS request is being made to host '[LB_IP_ADDRESS]'. Adding certificate verification is strongly advised. See: https://urllib3.readthedocs.io/en/latest/advanced-usage.html#tls-warnings
  warnings.warn(

2026-10-10 03:55:24.511 87 INFO cinder.volume.drivers.lightos [None req-635a26c3-90be-4b81-a941-26b0b9b59638 6ee959418308411db2d05d293a2cce91 de1f87733d84444581437f8cd40c7c58 - - default default] Invoking delete_snapshot using DELETE url: /api/v2/projects/default/snapshots/e59d7258-30a6-431c-82d4-24b3e69d5a96?             request.body:  ssl_verify: False
2026-10-10 03:55:24.549 87 INFO cinder.volume.drivers.lightos [None req-f07b6e06-bd88-4652-b991-9782179567f1 1fd0b14da1c7453f847b58d7bef453ef d08883c9a5e84228acec0b820a7587a8 - - default default] Invoking delete_snapshot using DELETE url: /api/v2/projects/default/snapshots/9d267761-90ce-4e1c-ae76-3031f6925aaf?             request.body:  ssl_verify: False
2026-10-10 03:55:24.577 87 WARNING py.warnings [None req-635a26c3-90be-4b81-a941-26b0b9b59638 6ee959418308411db2d05d293a2cce91 de1f87733d84444581437f8cd40c7c58 - - default default] /var/lib/kolla/venv/lib/python3.12/site-packages/urllib3/connectionpool.py:1110: InsecureRequestWarning: Unverified HTTPS request is being made to host '[LB_IP_ADDRESS]'. Adding certificate verification is strongly advised. See: https://urllib3.readthedocs.io/en/latest/advanced-usage.html#tls-warnings
  warnings.warn(

2026-10-10 03:55:24.581 87 WARNING py.warnings [None req-f07b6e06-bd88-4652-b991-9782179567f1 1fd0b14da1c7453f847b58d7bef453ef d08883c9a5e84228acec0b820a7587a8 - - default default] /var/lib/kolla/venv/lib/python3.12/site-packages/urllib3/connectionpool.py:1110: InsecureRequestWarning: Unverified HTTPS request is being made to host '[LB_IP_ADDRESS]'. Adding certificate verification is strongly advised. See: https://urllib3.readthedocs.io/en/latest/advanced-usage.html#tls-warnings
  warnings.warn(

2026-10-10 03:55:24.601 87 INFO cinder.volume.drivers.lightos [None req-635a26c3-90be-4b81-a941-26b0b9b59638 6ee959418308411db2d05d293a2cce91 de1f87733d84444581437f8cd40c7c58 - - default default] Invoking get_snapshot using GET url: /api/v2/projects/default/snapshots/e59d7258-30a6-431c-82d4-24b3e69d5a96             request.body: {} ssl_verify: False
2026-10-10 03:55:24.639 87 INFO cinder.volume.drivers.lightos [None req-f07b6e06-bd88-4652-b991-9782179567f1 1fd0b14da1c7453f847b58d7bef453ef d08883c9a5e84228acec0b820a7587a8 - - default default] Invoking get_snapshot using GET url: /api/v2/projects/default/snapshots/9d267761-90ce-4e1c-ae76-3031f6925aaf             request.body: {} ssl_verify: False
2026-10-10 03:55:24.667 87 WARNING py.warnings [None req-635a26c3-90be-4b81-a941-26b0b9b59638 6ee959418308411db2d05d293a2cce91 de1f87733d84444581437f8cd40c7c58 - - default default] /var/lib/kolla/venv/lib/python3.12/site-packages/urllib3/connectionpool.py:1110: InsecureRequestWarning: Unverified HTTPS request is being made to host '[LB_IP_ADDRESS]'. Adding certificate verification is strongly advised. See: https://urllib3.readthedocs.io/en/latest/advanced-usage.html#tls-warnings
  warnings.warn(

2026-10-10 03:55:24.676 87 WARNING py.warnings [None req-f07b6e06-bd88-4652-b991-9782179567f1 1fd0b14da1c7453f847b58d7bef453ef d08883c9a5e84228acec0b820a7587a8 - - default default] /var/lib/kolla/venv/lib/python3.12/site-packages/urllib3/connectionpool.py:1110: InsecureRequestWarning: Unverified HTTPS request is being made to host '[LB_IP_ADDRESS]'. Adding certificate verification is strongly advised. See: https://urllib3.readthedocs.io/en/latest/advanced-usage.html#tls-warnings
  warnings.warn(

2026-10-10 03:55:24.834 87 INFO cinder.volume.manager [None req-635a26c3-90be-4b81-a941-26b0b9b59638 6ee959418308411db2d05d293a2cce91 de1f87733d84444581437f8cd40c7c58 - - default default] Delete snapshot completed successfully.
2026-10-10 03:55:24.838 87 INFO cinder.volume.manager [None req-f07b6e06-bd88-4652-b991-9782179567f1 1fd0b14da1c7453f847b58d7bef453ef d08883c9a5e84228acec0b820a7587a8 - - default default] Delete snapshot completed successfully.
2026-10-10 03:55:24.841 87 INFO cinder.volume.drivers.lightos [None req-635a26c3-90be-4b81-a941-26b0b9b59638 6ee959418308411db2d05d293a2cce91 de1f87733d84444581437f8cd40c7c58 - - default default] Invoking get_snapshot_by_name using GET url: /api/v2/projects/default/snapshots/?Name=snapshot-c2471211-71a7-45a1-855d-ab735e87122d             request.body: {} ssl_verify: False
2026-10-10 03:55:24.878 87 WARNING py.warnings [None req-635a26c3-90be-4b81-a941-26b0b9b59638 6ee959418308411db2d05d293a2cce91 de1f87733d84444581437f8cd40c7c58 - - default default] /var/lib/kolla/venv/lib/python3.12/site-packages/urllib3/connectionpool.py:1110: InsecureRequestWarning: Unverified HTTPS request is being made to host '[LB_IP_ADDRESS]'. Adding certificate verification is strongly advised. See: https://urllib3.readthedocs.io/en/latest/advanced-usage.html#tls-warnings
  warnings.warn(

2026-10-10 03:55:24.894 87 INFO cinder.volume.drivers.lightos [None req-635a26c3-90be-4b81-a941-26b0b9b59638 6ee959418308411db2d05d293a2cce91 de1f87733d84444581437f8cd40c7c58 - - default default] Invoking delete_snapshot using DELETE url: /api/v2/projects/default/snapshots/82671ce9-aa34-4262-abb1-270c118ac347?             request.body:  ssl_verify: False
2026-10-10 03:55:24.938 87 WARNING py.warnings [None req-635a26c3-90be-4b81-a941-26b0b9b59638 6ee959418308411db2d05d293a2cce91 de1f87733d84444581437f8cd40c7c58 - - default default] /var/lib/kolla/venv/lib/python3.12/site-packages/urllib3/connectionpool.py:1110: InsecureRequestWarning: Unverified HTTPS request is being made to host '[LB_IP_ADDRESS]'. Adding certificate verification is strongly advised. See: https://urllib3.readthedocs.io/en/latest/advanced-usage.html#tls-warnings
  warnings.warn(

2026-10-10 03:55:24.969 87 INFO cinder.volume.drivers.lightos [None req-635a26c3-90be-4b81-a941-26b0b9b59638 6ee959418308411db2d05d293a2cce91 de1f87733d84444581437f8cd40c7c58 - - default default] Invoking get_snapshot using GET url: /api/v2/projects/default/snapshots/82671ce9-aa34-4262-abb1-270c118ac347             request.body: {} ssl_verify: False
2026-10-10 03:55:25.012 87 WARNING py.warnings [None req-635a26c3-90be-4b81-a941-26b0b9b59638 6ee959418308411db2d05d293a2cce91 de1f87733d84444581437f8cd40c7c58 - - default default] /var/lib/kolla/venv/lib/python3.12/site-packages/urllib3/connectionpool.py:1110: InsecureRequestWarning: Unverified HTTPS request is being made to host '[LB_IP_ADDRESS]'. Adding certificate verification is strongly advised. See: https://urllib3.readthedocs.io/en/latest/advanced-usage.html#tls-warnings
  warnings.warn(

2026-10-10 03:55:25.168 87 INFO cinder.volume.manager [None req-635a26c3-90be-4b81-a941-26b0b9b59638 6ee959418308411db2d05d293a2cce91 de1f87733d84444581437f8cd40c7c58 - - default default] Delete snapshot completed successfully.
2026-10-10 03:55:25.169 87 INFO cinder.volume.drivers.lightos [None req-635a26c3-90be-4b81-a941-26b0b9b59638 6ee959418308411db2d05d293a2cce91 de1f87733d84444581437f8cd40c7c58 - - default default] Invoking delete_volume using DELETE url: /api/v2/projects/default/volumes/a1394eec-a836-469c-a704-f686456f6b08?             request.body:  ssl_verify: False
2026-10-10 03:55:25.206 87 WARNING py.warnings [None req-635a26c3-90be-4b81-a941-26b0b9b59638 6ee959418308411db2d05d293a2cce91 de1f87733d84444581437f8cd40c7c58 - - default default] /var/lib/kolla/venv/lib/python3.12/site-packages/urllib3/connectionpool.py:1110: InsecureRequestWarning: Unverified HTTPS request is being made to host '[LB_IP_ADDRESS]'. Adding certificate verification is strongly advised. See: https://urllib3.readthedocs.io/en/latest/advanced-usage.html#tls-warnings
  warnings.warn(

2026-10-10 03:55:25.227 87 INFO cinder.volume.drivers.lightos [None req-635a26c3-90be-4b81-a941-26b0b9b59638 6ee959418308411db2d05d293a2cce91 de1f87733d84444581437f8cd40c7c58 - - default default] Invoking get_volume using GET url: /api/v2/projects/default/volumes/a1394eec-a836-469c-a704-f686456f6b08             request.body: {} ssl_verify: False
2026-10-10 03:55:25.273 87 WARNING py.warnings [None req-635a26c3-90be-4b81-a941-26b0b9b59638 6ee959418308411db2d05d293a2cce91 de1f87733d84444581437f8cd40c7c58 - - default default] /var/lib/kolla/venv/lib/python3.12/site-packages/urllib3/connectionpool.py:1110: InsecureRequestWarning: Unverified HTTPS request is being made to host '[LB_IP_ADDRESS]'. Adding certificate verification is strongly advised. See: https://urllib3.readthedocs.io/en/latest/advanced-usage.html#tls-warnings
  warnings.warn(

2026-10-10 03:55:25.421 87 INFO cinder.volume.manager [None req-635a26c3-90be-4b81-a941-26b0b9b59638 6ee959418308411db2d05d293a2cce91 de1f87733d84444581437f8cd40c7c58 - - default default] Deleted volume successfully.
2026-10-10 03:55:25.819 87 INFO cinder.volume.drivers.lightos [None req-03e19ab0-c936-42ae-994d-9e05f0a16f4f 9b7bd33f98204b07a88c29852dcd0305 616406250a00425b9e5b5140b431c26f - - - -] Invoking get_snapshot_by_name using GET url: /api/v2/projects/default/snapshots/?Name=snapshot-9f67d3b0-0d25-4f70-897c-0466c0cd690a             request.body: {} ssl_verify: False
2026-10-10 03:55:25.859 87 WARNING py.warnings [None req-03e19ab0-c936-42ae-994d-9e05f0a16f4f 9b7bd33f98204b07a88c29852dcd0305 616406250a00425b9e5b5140b431c26f - - - -] /var/lib/kolla/venv/lib/python3.12/site-packages/urllib3/connectionpool.py:1110: InsecureRequestWarning: Unverified HTTPS request is being made to host '[LB_IP_ADDRESS]'. Adding certificate verification is strongly advised. See: https://urllib3.readthedocs.io/en/latest/advanced-usage.html#tls-warnings
  warnings.warn(

2026-10-10 03:55:25.868 87 INFO cinder.volume.drivers.lightos [None req-03e19ab0-c936-42ae-994d-9e05f0a16f4f 9b7bd33f98204b07a88c29852dcd0305 616406250a00425b9e5b5140b431c26f - - - -] Invoking create_snapshot using POST url: /api/v2/projects/default/snapshots             request.body: {'name': 'snapshot-9f67d3b0-0d25-4f70-897c-0466c0cd690a', 'sourceVolumeUUID': None, 'sourceVolumeName': 'vol_8d0ec326-2517-4980-ac1d-e5842f32e66a'} ssl_verify: False
2026-10-10 03:55:25.907 87 WARNING py.warnings [None req-03e19ab0-c936-42ae-994d-9e05f0a16f4f 9b7bd33f98204b07a88c29852dcd0305 616406250a00425b9e5b5140b431c26f - - - -] /var/lib/kolla/venv/lib/python3.12/site-packages/urllib3/connectionpool.py:1110: InsecureRequestWarning: Unverified HTTPS request is being made to host '[LB_IP_ADDRESS]'. Adding certificate verification is strongly advised. See: https://urllib3.readthedocs.io/en/latest/advanced-usage.html#tls-warnings
  warnings.warn(

2026-10-10 03:55:25.942 87 INFO cinder.volume.drivers.lightos [None req-03e19ab0-c936-42ae-994d-9e05f0a16f4f 9b7bd33f98204b07a88c29852dcd0305 616406250a00425b9e5b5140b431c26f - - - -] Invoking get_snapshot_by_name using GET url: /api/v2/projects/default/snapshots/?Name=snapshot-9f67d3b0-0d25-4f70-897c-0466c0cd690a             request.body: {} ssl_verify: False
2026-10-10 03:55:25.989 87 WARNING py.warnings [None req-03e19ab0-c936-42ae-994d-9e05f0a16f4f 9b7bd33f98204b07a88c29852dcd0305 616406250a00425b9e5b5140b431c26f - - - -] /var/lib/kolla/venv/lib/python3.12/site-packages/urllib3/connectionpool.py:1110: InsecureRequestWarning: Unverified HTTPS request is being made to host '[LB_IP_ADDRESS]'. Adding certificate verification is strongly advised. See: https://urllib3.readthedocs.io/en/latest/advanced-usage.html#tls-warnings
  warnings.warn(

2026-10-10 03:55:26.150 87 INFO cinder.volume.flows.manager.create_volume [None req-2f3cf824-a7b9-488b-abe7-f76dfa91045c 6ee959418308411db2d05d293a2cce91 de1f87733d84444581437f8cd40c7c58 - - - -] Volume 455e2276-bce7-4a94-857c-85e39aeae31e: being created as raw with specification: {'status': 'creating', 'volume_name': 'vol_455e2276-bce7-4a94-857c-85e39aeae31e', 'volume_size': 1}
2026-10-10 03:55:26.150 87 INFO cinder.volume.drivers.lightos [None req-2f3cf824-a7b9-488b-abe7-f76dfa91045c 6ee959418308411db2d05d293a2cce91 de1f87733d84444581437f8cd40c7c58 - - - -] Invoking get_volume_by_name using GET url: /api/v2/projects/default/volumes/?name=vol_455e2276-bce7-4a94-857c-85e39aeae31e             request.body: {} ssl_verify: False
2026-10-10 03:55:26.184 87 WARNING py.warnings [None req-2f3cf824-a7b9-488b-abe7-f76dfa91045c 6ee959418308411db2d05d293a2cce91 de1f87733d84444581437f8cd40c7c58 - - - -] /var/lib/kolla/venv/lib/python3.12/site-packages/urllib3/connectionpool.py:1110: InsecureRequestWarning: Unverified HTTPS request is being made to host '[LB_IP_ADDRESS]'. Adding certificate verification is strongly advised. See: https://urllib3.readthedocs.io/en/latest/advanced-usage.html#tls-warnings
  warnings.warn(

2026-10-10 03:55:26.192 87 INFO cinder.volume.drivers.lightos [None req-2f3cf824-a7b9-488b-abe7-f76dfa91045c 6ee959418308411db2d05d293a2cce91 de1f87733d84444581437f8cd40c7c58 - - - -] Invoking create_volume using POST url: /api/v2/projects/default/volumes             request.body: {'name': 'vol_455e2276-bce7-4a94-857c-85e39aeae31e', 'size': '1 gib', 'replicaCount': '3', 'compression': 'False', 'acl': {'values': ['ALLOW_NONE']}, 'IPAcl': {'values': ['ALLOW_NONE']}, 'sourceSnapshotUUID': None, 'sourceSnapshotName': None} ssl_verify: False
2026-10-10 03:55:26.228 87 WARNING py.warnings [None req-2f3cf824-a7b9-488b-abe7-f76dfa91045c 6ee959418308411db2d05d293a2cce91 de1f87733d84444581437f8cd40c7c58 - - - -] /var/lib/kolla/venv/lib/python3.12/site-packages/urllib3/connectionpool.py:1110: InsecureRequestWarning: Unverified HTTPS request is being made to host '[LB_IP_ADDRESS]'. Adding certificate verification is strongly advised. See: https://urllib3.readthedocs.io/en/latest/advanced-usage.html#tls-warnings
  warnings.warn(

2026-10-10 03:55:26.251 87 INFO cinder.volume.drivers.lightos [None req-2f3cf824-a7b9-488b-abe7-f76dfa91045c 6ee959418308411db2d05d293a2cce91 de1f87733d84444581437f8cd40c7c58 - - - -] Invoking get_volume using GET url: /api/v2/projects/default/volumes/1f6d38cb-58a5-4518-8621-443c3f4e20cf             request.body: {} ssl_verify: False
2026-10-10 03:55:26.301 87 WARNING py.warnings [None req-2f3cf824-a7b9-488b-abe7-f76dfa91045c 6ee959418308411db2d05d293a2cce91 de1f87733d84444581437f8cd40c7c58 - - - -] /var/lib/kolla/venv/lib/python3.12/site-packages/urllib3/connectionpool.py:1110: InsecureRequestWarning: Unverified HTTPS request is being made to host '[LB_IP_ADDRESS]'. Adding certificate verification is strongly advised. See: https://urllib3.readthedocs.io/en/latest/advanced-usage.html#tls-warnings
  warnings.warn(

2026-10-10 03:55:26.338 87 INFO cinder.volume.flows.manager.create_volume [None req-2f3cf824-a7b9-488b-abe7-f76dfa91045c 6ee959418308411db2d05d293a2cce91 de1f87733d84444581437f8cd40c7c58 - - - -] Volume vol_455e2276-bce7-4a94-857c-85e39aeae31e (455e2276-bce7-4a94-857c-85e39aeae31e): created successfully
2026-10-10 03:55:26.346 87 INFO cinder.volume.manager [None req-2f3cf824-a7b9-488b-abe7-f76dfa91045c 6ee959418308411db2d05d293a2cce91 de1f87733d84444581437f8cd40c7c58 - - - -] Created volume successfully.
2026-10-10 03:55:27.048 87 INFO cinder.volume.drivers.lightos [None req-03e19ab0-c936-42ae-994d-9e05f0a16f4f 9b7bd33f98204b07a88c29852dcd0305 616406250a00425b9e5b5140b431c26f - - - -] Invoking get_snapshot_by_name using GET url: /api/v2/projects/default/snapshots/?Name=snapshot-9f67d3b0-0d25-4f70-897c-0466c0cd690a             request.body: {} ssl_verify: False
2026-10-10 03:55:27.095 87 WARNING py.warnings [None req-03e19ab0-c936-42ae-994d-9e05f0a16f4f 9b7bd33f98204b07a88c29852dcd0305 616406250a00425b9e5b5140b431c26f - - - -] /var/lib/kolla/venv/lib/python3.12/site-packages/urllib3/connectionpool.py:1110: InsecureRequestWarning: Unverified HTTPS request is being made to host '[LB_IP_ADDRESS]'. Adding certificate verification is strongly advised. See: https://urllib3.readthedocs.io/en/latest/advanced-usage.html#tls-warnings
  warnings.warn(

2026-10-10 03:55:27.127 87 INFO cinder.volume.manager [None req-03e19ab0-c936-42ae-994d-9e05f0a16f4f 9b7bd33f98204b07a88c29852dcd0305 616406250a00425b9e5b5140b431c26f - - - -] Create snapshot completed successfully
2026-10-10 03:55:27.390 87 INFO cinder.volume.drivers.lightos [None req-236d03f3-1dce-4cdb-956f-f31b45c8fb0b 6ee959418308411db2d05d293a2cce91 de1f87733d84444581437f8cd40c7c58 - - - -] Invoking get_snapshot_by_name using GET url: /api/v2/projects/default/snapshots/?Name=snapshot-1b2e5c71-7667-419c-99ba-14c2bc2303c1             request.body: {} ssl_verify: False
2026-10-10 03:55:27.425 87 WARNING py.warnings [None req-236d03f3-1dce-4cdb-956f-f31b45c8fb0b 6ee959418308411db2d05d293a2cce91 de1f87733d84444581437f8cd40c7c58 - - - -] /var/lib/kolla/venv/lib/python3.12/site-packages/urllib3/connectionpool.py:1110: InsecureRequestWarning: Unverified HTTPS request is being made to host '[LB_IP_ADDRESS]'. Adding certificate verification is strongly advised. See: https://urllib3.readthedocs.io/en/latest/advanced-usage.html#tls-warnings
  warnings.warn(

2026-10-10 03:55:27.436 87 INFO cinder.volume.drivers.lightos [None req-236d03f3-1dce-4cdb-956f-f31b45c8fb0b 6ee959418308411db2d05d293a2cce91 de1f87733d84444581437f8cd40c7c58 - - - -] Invoking create_snapshot using POST url: /api/v2/projects/default/snapshots             request.body: {'name': 'snapshot-1b2e5c71-7667-419c-99ba-14c2bc2303c1', 'sourceVolumeUUID': None, 'sourceVolumeName': 'vol_455e2276-bce7-4a94-857c-85e39aeae31e'} ssl_verify: False
2026-10-10 03:55:27.487 87 WARNING py.warnings [None req-236d03f3-1dce-4cdb-956f-f31b45c8fb0b 6ee959418308411db2d05d293a2cce91 de1f87733d84444581437f8cd40c7c58 - - - -] /var/lib/kolla/venv/lib/python3.12/site-packages/urllib3/connectionpool.py:1110: InsecureRequestWarning: Unverified HTTPS request is being made to host '[LB_IP_ADDRESS]'. Adding certificate verification is strongly advised. See: https://urllib3.readthedocs.io/en/latest/advanced-usage.html#tls-warnings
  warnings.warn(

2026-10-10 03:55:27.529 87 INFO cinder.volume.drivers.lightos [None req-236d03f3-1dce-4cdb-956f-f31b45c8fb0b 6ee959418308411db2d05d293a2cce91 de1f87733d84444581437f8cd40c7c58 - - - -] Invoking get_snapshot_by_name using GET url: /api/v2/projects/default/snapshots/?Name=snapshot-1b2e5c71-7667-419c-99ba-14c2bc2303c1             request.body: {} ssl_verify: False
2026-10-10 03:55:27.573 87 WARNING py.warnings [None req-236d03f3-1dce-4cdb-956f-f31b45c8fb0b 6ee959418308411db2d05d293a2cce91 de1f87733d84444581437f8cd40c7c58 - - - -] /var/lib/kolla/venv/lib/python3.12/site-packages/urllib3/connectionpool.py:1110: InsecureRequestWarning: Unverified HTTPS request is being made to host '[LB_IP_ADDRESS]'. Adding certificate verification is strongly advised. See: https://urllib3.readthedocs.io/en/latest/advanced-usage.html#tls-warnings
  warnings.warn(

2026-10-10 03:55:28.001 87 INFO cinder.volume.drivers.lightos [None req-8a66fba5-bcba-47af-a186-e169088935c3 1fd0b14da1c7453f847b58d7bef453ef d08883c9a5e84228acec0b820a7587a8 - - default default] Invoking get_snapshot_by_name using GET url: /api/v2/projects/default/snapshots/?Name=snapshot-9f67d3b0-0d25-4f70-897c-0466c0cd690a             request.body: {} ssl_verify: False
2026-10-10 03:55:28.042 87 WARNING py.warnings [None req-8a66fba5-bcba-47af-a186-e169088935c3 1fd0b14da1c7453f847b58d7bef453ef d08883c9a5e84228acec0b820a7587a8 - - default default] /var/lib/kolla/venv/lib/python3.12/site-packages/urllib3/connectionpool.py:1110: InsecureRequestWarning: Unverified HTTPS request is being made to host '[LB_IP_ADDRESS]'. Adding certificate verification is strongly advised. See: https://urllib3.readthedocs.io/en/latest/advanced-usage.html#tls-warnings
  warnings.warn(

2026-10-10 03:55:28.057 87 INFO cinder.volume.drivers.lightos [None req-8a66fba5-bcba-47af-a186-e169088935c3 1fd0b14da1c7453f847b58d7bef453ef d08883c9a5e84228acec0b820a7587a8 - - default default] Invoking delete_snapshot using DELETE url: /api/v2/projects/default/snapshots/a39a7d6c-8d8c-43c3-982d-011305bb4888?             request.body:  ssl_verify: False
2026-10-10 03:55:28.100 87 WARNING py.warnings [None req-8a66fba5-bcba-47af-a186-e169088935c3 1fd0b14da1c7453f847b58d7bef453ef d08883c9a5e84228acec0b820a7587a8 - - default default] /var/lib/kolla/venv/lib/python3.12/site-packages/urllib3/connectionpool.py:1110: InsecureRequestWarning: Unverified HTTPS request is being made to host '[LB_IP_ADDRESS]'. Adding certificate verification is strongly advised. See: https://urllib3.readthedocs.io/en/latest/advanced-usage.html#tls-warnings
  warnings.warn(

2026-10-10 03:55:28.121 87 INFO cinder.volume.drivers.lightos [None req-8a66fba5-bcba-47af-a186-e169088935c3 1fd0b14da1c7453f847b58d7bef453ef d08883c9a5e84228acec0b820a7587a8 - - default default] Invoking get_snapshot using GET url: /api/v2/projects/default/snapshots/a39a7d6c-8d8c-43c3-982d-011305bb4888             request.body: {} ssl_verify: False
2026-10-10 03:55:28.162 87 WARNING py.warnings [None req-8a66fba5-bcba-47af-a186-e169088935c3 1fd0b14da1c7453f847b58d7bef453ef d08883c9a5e84228acec0b820a7587a8 - - default default] /var/lib/kolla/venv/lib/python3.12/site-packages/urllib3/connectionpool.py:1110: InsecureRequestWarning: Unverified HTTPS request is being made to host '[LB_IP_ADDRESS]'. Adding certificate verification is strongly advised. See: https://urllib3.readthedocs.io/en/latest/advanced-usage.html#tls-warnings
  warnings.warn(

2026-10-10 03:55:28.297 87 INFO cinder.volume.manager [None req-8a66fba5-bcba-47af-a186-e169088935c3 1fd0b14da1c7453f847b58d7bef453ef d08883c9a5e84228acec0b820a7587a8 - - default default] Delete snapshot completed successfully.
2026-10-10 03:55:28.625 87 INFO cinder.volume.drivers.lightos [None req-236d03f3-1dce-4cdb-956f-f31b45c8fb0b 6ee959418308411db2d05d293a2cce91 de1f87733d84444581437f8cd40c7c58 - - - -] Invoking get_snapshot_by_name using GET url: /api/v2/projects/default/snapshots/?Name=snapshot-1b2e5c71-7667-419c-99ba-14c2bc2303c1             request.body: {} ssl_verify: False
2026-10-10 03:55:28.674 87 WARNING py.warnings [None req-236d03f3-1dce-4cdb-956f-f31b45c8fb0b 6ee959418308411db2d05d293a2cce91 de1f87733d84444581437f8cd40c7c58 - - - -] /var/lib/kolla/venv/lib/python3.12/site-packages/urllib3/connectionpool.py:1110: InsecureRequestWarning: Unverified HTTPS request is being made to host '[LB_IP_ADDRESS]'. Adding certificate verification is strongly advised. See: https://urllib3.readthedocs.io/en/latest/advanced-usage.html#tls-warnings
  warnings.warn(

2026-10-10 03:55:28.719 87 INFO cinder.volume.manager [None req-236d03f3-1dce-4cdb-956f-f31b45c8fb0b 6ee959418308411db2d05d293a2cce91 de1f87733d84444581437f8cd40c7c58 - - - -] Create snapshot completed successfully
2026-10-10 03:55:29.417 87 INFO cinder.volume.drivers.lightos [None req-c3b9ab62-0028-40c6-893b-d64bdc1d44fe 9b7bd33f98204b07a88c29852dcd0305 616406250a00425b9e5b5140b431c26f - - default default] Invoking get_snapshot_by_name using GET url: /api/v2/projects/default/snapshots/?Name=snapshot-79778025-dcac-4fd8-82c2-67d3b870dd5d             request.body: {} ssl_verify: False
2026-10-10 03:55:29.461 87 WARNING py.warnings [None req-c3b9ab62-0028-40c6-893b-d64bdc1d44fe 9b7bd33f98204b07a88c29852dcd0305 616406250a00425b9e5b5140b431c26f - - default default] /var/lib/kolla/venv/lib/python3.12/site-packages/urllib3/connectionpool.py:1110: InsecureRequestWarning: Unverified HTTPS request is being made to host '[LB_IP_ADDRESS]'. Adding certificate verification is strongly advised. See: https://urllib3.readthedocs.io/en/latest/advanced-usage.html#tls-warnings
  warnings.warn(

2026-10-10 03:55:29.473 87 INFO cinder.volume.drivers.lightos [None req-c3b9ab62-0028-40c6-893b-d64bdc1d44fe 9b7bd33f98204b07a88c29852dcd0305 616406250a00425b9e5b5140b431c26f - - default default] Invoking delete_snapshot using DELETE url: /api/v2/projects/default/snapshots/3de549c1-70cf-4ba8-8517-18679719f442?             request.body:  ssl_verify: False
2026-10-10 03:55:29.518 87 WARNING py.warnings [None req-c3b9ab62-0028-40c6-893b-d64bdc1d44fe 9b7bd33f98204b07a88c29852dcd0305 616406250a00425b9e5b5140b431c26f - - default default] /var/lib/kolla/venv/lib/python3.12/site-packages/urllib3/connectionpool.py:1110: InsecureRequestWarning: Unverified HTTPS request is being made to host '[LB_IP_ADDRESS]'. Adding certificate verification is strongly advised. See: https://urllib3.readthedocs.io/en/latest/advanced-usage.html#tls-warnings
  warnings.warn(

2026-10-10 03:55:29.543 87 INFO cinder.volume.drivers.lightos [None req-c3b9ab62-0028-40c6-893b-d64bdc1d44fe 9b7bd33f98204b07a88c29852dcd0305 616406250a00425b9e5b5140b431c26f - - default default] Invoking get_snapshot using GET url: /api/v2/projects/default/snapshots/3de549c1-70cf-4ba8-8517-18679719f442             request.body: {} ssl_verify: False
2026-10-10 03:55:29.593 87 WARNING py.warnings [None req-c3b9ab62-0028-40c6-893b-d64bdc1d44fe 9b7bd33f98204b07a88c29852dcd0305 616406250a00425b9e5b5140b431c26f - - default default] /var/lib/kolla/venv/lib/python3.12/site-packages/urllib3/connectionpool.py:1110: InsecureRequestWarning: Unverified HTTPS request is being made to host '[LB_IP_ADDRESS]'. Adding certificate verification is strongly advised. See: https://urllib3.readthedocs.io/en/latest/advanced-usage.html#tls-warnings
  warnings.warn(

2026-10-10 03:55:29.763 87 INFO cinder.volume.manager [None req-c3b9ab62-0028-40c6-893b-d64bdc1d44fe 9b7bd33f98204b07a88c29852dcd0305 616406250a00425b9e5b5140b431c26f - - default default] Delete snapshot completed successfully.
2026-10-10 03:55:30.025 87 INFO cinder.volume.flows.manager.create_volume [None req-198ddcc4-aeac-4a0c-a5a1-ee22d803074a 6ee959418308411db2d05d293a2cce91 de1f87733d84444581437f8cd40c7c58 - - - -] Volume 4dc21493-ffb3-437b-8d7f-bae3273aa0be: being created as snap with specification: {'status': 'creating', 'volume_name': 'vol_4dc21493-ffb3-437b-8d7f-bae3273aa0be', 'volume_size': 1, 'snapshot_id': '1b2e5c71-7667-419c-99ba-14c2bc2303c1'}
2026-10-10 03:55:30.031 87 INFO cinder.volume.drivers.lightos [None req-198ddcc4-aeac-4a0c-a5a1-ee22d803074a 6ee959418308411db2d05d293a2cce91 de1f87733d84444581437f8cd40c7c58 - - - -] Invoking get_volume_by_name using GET url: /api/v2/projects/default/volumes/?name=vol_4dc21493-ffb3-437b-8d7f-bae3273aa0be             request.body: {} ssl_verify: False
2026-10-10 03:55:30.069 87 WARNING py.warnings [None req-198ddcc4-aeac-4a0c-a5a1-ee22d803074a 6ee959418308411db2d05d293a2cce91 de1f87733d84444581437f8cd40c7c58 - - - -] /var/lib/kolla/venv/lib/python3.12/site-packages/urllib3/connectionpool.py:1110: InsecureRequestWarning: Unverified HTTPS request is being made to host '[LB_IP_ADDRESS]'. Adding certificate verification is strongly advised. See: https://urllib3.readthedocs.io/en/latest/advanced-usage.html#tls-warnings
  warnings.warn(

2026-10-10 03:55:30.083 87 INFO cinder.volume.drivers.lightos [None req-198ddcc4-aeac-4a0c-a5a1-ee22d803074a 6ee959418308411db2d05d293a2cce91 de1f87733d84444581437f8cd40c7c58 - - - -] Invoking create_volume using POST url: /api/v2/projects/default/volumes             request.body: {'name': 'vol_4dc21493-ffb3-437b-8d7f-bae3273aa0be', 'size': '1 gib', 'replicaCount': '3', 'compression': 'False', 'acl': {'values': ['ALLOW_NONE']}, 'IPAcl': {'values': ['ALLOW_NONE']}, 'sourceSnapshotUUID': None, 'sourceSnapshotName': 'snapshot-1b2e5c71-7667-419c-99ba-14c2bc2303c1'} ssl_verify: False
2026-10-10 03:55:30.124 87 WARNING py.warnings [None req-198ddcc4-aeac-4a0c-a5a1-ee22d803074a 6ee959418308411db2d05d293a2cce91 de1f87733d84444581437f8cd40c7c58 - - - -] /var/lib/kolla/venv/lib/python3.12/site-packages/urllib3/connectionpool.py:1110: InsecureRequestWarning: Unverified HTTPS request is being made to host '[LB_IP_ADDRESS]'. Adding certificate verification is strongly advised. See: https://urllib3.readthedocs.io/en/latest/advanced-usage.html#tls-warnings
  warnings.warn(

2026-10-10 03:55:30.145 87 INFO cinder.volume.drivers.lightos [None req-198ddcc4-aeac-4a0c-a5a1-ee22d803074a 6ee959418308411db2d05d293a2cce91 de1f87733d84444581437f8cd40c7c58 - - - -] Invoking get_volume using GET url: /api/v2/projects/default/volumes/28caa03e-06a8-46a2-9a23-35c1abaa15cd             request.body: {} ssl_verify: False
2026-10-10 03:55:30.187 87 WARNING py.warnings [None req-198ddcc4-aeac-4a0c-a5a1-ee22d803074a 6ee959418308411db2d05d293a2cce91 de1f87733d84444581437f8cd40c7c58 - - - -] /var/lib/kolla/venv/lib/python3.12/site-packages/urllib3/connectionpool.py:1110: InsecureRequestWarning: Unverified HTTPS request is being made to host '[LB_IP_ADDRESS]'. Adding certificate verification is strongly advised. See: https://urllib3.readthedocs.io/en/latest/advanced-usage.html#tls-warnings
  warnings.warn(

2026-10-10 03:55:30.598 87 INFO cinder.volume.drivers.lightos [None req-0bda5c65-0130-49d3-824b-8063dfef3f00 9b7bd33f98204b07a88c29852dcd0305 616406250a00425b9e5b5140b431c26f - - default default] Invoking delete_volume using DELETE url: /api/v2/projects/default/volumes/e8eb1376-a227-4561-8613-79e75b9aaa61?             request.body:  ssl_verify: False
2026-10-10 03:55:30.637 87 WARNING py.warnings [None req-0bda5c65-0130-49d3-824b-8063dfef3f00 9b7bd33f98204b07a88c29852dcd0305 616406250a00425b9e5b5140b431c26f - - default default] /var/lib/kolla/venv/lib/python3.12/site-packages/urllib3/connectionpool.py:1110: InsecureRequestWarning: Unverified HTTPS request is being made to host '[LB_IP_ADDRESS]'. Adding certificate verification is strongly advised. See: https://urllib3.readthedocs.io/en/latest/advanced-usage.html#tls-warnings
  warnings.warn(

2026-10-10 03:55:30.663 87 INFO cinder.volume.drivers.lightos [None req-0bda5c65-0130-49d3-824b-8063dfef3f00 9b7bd33f98204b07a88c29852dcd0305 616406250a00425b9e5b5140b431c26f - - default default] Invoking get_volume using GET url: /api/v2/projects/default/volumes/e8eb1376-a227-4561-8613-79e75b9aaa61             request.body: {} ssl_verify: False
2026-10-10 03:55:30.723 87 WARNING py.warnings [None req-0bda5c65-0130-49d3-824b-8063dfef3f00 9b7bd33f98204b07a88c29852dcd0305 616406250a00425b9e5b5140b431c26f - - default default] /var/lib/kolla/venv/lib/python3.12/site-packages/urllib3/connectionpool.py:1110: InsecureRequestWarning: Unverified HTTPS request is being made to host '[LB_IP_ADDRESS]'. Adding certificate verification is strongly advised. See: https://urllib3.readthedocs.io/en/latest/advanced-usage.html#tls-warnings
  warnings.warn(

2026-10-10 03:55:30.862 87 INFO cinder.volume.manager [None req-0bda5c65-0130-49d3-824b-8063dfef3f00 9b7bd33f98204b07a88c29852dcd0305 616406250a00425b9e5b5140b431c26f - - default default] Deleted volume successfully.
2026-10-10 03:55:31.200 87 INFO cinder.volume.drivers.lightos [None req-198ddcc4-aeac-4a0c-a5a1-ee22d803074a 6ee959418308411db2d05d293a2cce91 de1f87733d84444581437f8cd40c7c58 - - - -] Invoking get_volume using GET url: /api/v2/projects/default/volumes/28caa03e-06a8-46a2-9a23-35c1abaa15cd             request.body: {} ssl_verify: False
2026-10-10 03:55:31.246 87 WARNING py.warnings [None req-198ddcc4-aeac-4a0c-a5a1-ee22d803074a 6ee959418308411db2d05d293a2cce91 de1f87733d84444581437f8cd40c7c58 - - - -] /var/lib/kolla/venv/lib/python3.12/site-packages/urllib3/connectionpool.py:1110: InsecureRequestWarning: Unverified HTTPS request is being made to host '[LB_IP_ADDRESS]'. Adding certificate verification is strongly advised. See: https://urllib3.readthedocs.io/en/latest/advanced-usage.html#tls-warnings
  warnings.warn(

2026-10-10 03:55:31.278 87 INFO cinder.volume.flows.manager.create_volume [None req-198ddcc4-aeac-4a0c-a5a1-ee22d803074a 6ee959418308411db2d05d293a2cce91 de1f87733d84444581437f8cd40c7c58 - - - -] Volume vol_4dc21493-ffb3-437b-8d7f-bae3273aa0be (4dc21493-ffb3-437b-8d7f-bae3273aa0be): created successfully
2026-10-10 03:55:31.290 87 INFO cinder.volume.manager [None req-198ddcc4-aeac-4a0c-a5a1-ee22d803074a 6ee959418308411db2d05d293a2cce91 de1f87733d84444581437f8cd40c7c58 - - - -] Created volume successfully.
2026-10-10 03:55:32.246 87 INFO cinder.volume.drivers.lightos [None req-b6372b3c-33a1-4263-9c86-f1ca5496c2fa 6ee959418308411db2d05d293a2cce91 de1f87733d84444581437f8cd40c7c58 - - default default] Invoking get_snapshot_by_name using GET url: /api/v2/projects/default/snapshots/?Name=snapshot-1b2e5c71-7667-419c-99ba-14c2bc2303c1             request.body: {} ssl_verify: False
2026-10-10 03:55:32.279 87 WARNING py.warnings [None req-b6372b3c-33a1-4263-9c86-f1ca5496c2fa 6ee959418308411db2d05d293a2cce91 de1f87733d84444581437f8cd40c7c58 - - default default] /var/lib/kolla/venv/lib/python3.12/site-packages/urllib3/connectionpool.py:1110: InsecureRequestWarning: Unverified HTTPS request is being made to host '[LB_IP_ADDRESS]'. Adding certificate verification is strongly advised. See: https://urllib3.readthedocs.io/en/latest/advanced-usage.html#tls-warnings
  warnings.warn(

2026-10-10 03:55:32.290 87 INFO cinder.volume.drivers.lightos [None req-b6372b3c-33a1-4263-9c86-f1ca5496c2fa 6ee959418308411db2d05d293a2cce91 de1f87733d84444581437f8cd40c7c58 - - default default] Invoking delete_snapshot using DELETE url: /api/v2/projects/default/snapshots/adafa52c-fea9-4cd0-b80c-1c2bd280a08d?             request.body:  ssl_verify: False
2026-10-10 03:55:32.331 87 WARNING py.warnings [None req-b6372b3c-33a1-4263-9c86-f1ca5496c2fa 6ee959418308411db2d05d293a2cce91 de1f87733d84444581437f8cd40c7c58 - - default default] /var/lib/kolla/venv/lib/python3.12/site-packages/urllib3/connectionpool.py:1110: InsecureRequestWarning: Unverified HTTPS request is being made to host '[LB_IP_ADDRESS]'. Adding certificate verification is strongly advised. See: https://urllib3.readthedocs.io/en/latest/advanced-usage.html#tls-warnings
  warnings.warn(

2026-10-10 03:55:32.353 87 INFO cinder.volume.drivers.lightos [None req-b6372b3c-33a1-4263-9c86-f1ca5496c2fa 6ee959418308411db2d05d293a2cce91 de1f87733d84444581437f8cd40c7c58 - - default default] Invoking get_snapshot using GET url: /api/v2/projects/default/snapshots/adafa52c-fea9-4cd0-b80c-1c2bd280a08d             request.body: {} ssl_verify: False
2026-10-10 03:55:32.397 87 WARNING py.warnings [None req-b6372b3c-33a1-4263-9c86-f1ca5496c2fa 6ee959418308411db2d05d293a2cce91 de1f87733d84444581437f8cd40c7c58 - - default default] /var/lib/kolla/venv/lib/python3.12/site-packages/urllib3/connectionpool.py:1110: InsecureRequestWarning: Unverified HTTPS request is being made to host '[LB_IP_ADDRESS]'. Adding certificate verification is strongly advised. See: https://urllib3.readthedocs.io/en/latest/advanced-usage.html#tls-warnings
  warnings.warn(

2026-10-10 03:55:32.552 87 INFO cinder.volume.manager [None req-b6372b3c-33a1-4263-9c86-f1ca5496c2fa 6ee959418308411db2d05d293a2cce91 de1f87733d84444581437f8cd40c7c58 - - default default] Delete snapshot completed successfully.
2026-10-10 03:55:32.553 87 INFO cinder.volume.drivers.lightos [None req-b6372b3c-33a1-4263-9c86-f1ca5496c2fa 6ee959418308411db2d05d293a2cce91 de1f87733d84444581437f8cd40c7c58 - - default default] Invoking delete_volume using DELETE url: /api/v2/projects/default/volumes/1f6d38cb-58a5-4518-8621-443c3f4e20cf?             request.body:  ssl_verify: False
2026-10-10 03:55:32.588 87 WARNING py.warnings [None req-b6372b3c-33a1-4263-9c86-f1ca5496c2fa 6ee959418308411db2d05d293a2cce91 de1f87733d84444581437f8cd40c7c58 - - default default] /var/lib/kolla/venv/lib/python3.12/site-packages/urllib3/connectionpool.py:1110: InsecureRequestWarning: Unverified HTTPS request is being made to host '[LB_IP_ADDRESS]'. Adding certificate verification is strongly advised. See: https://urllib3.readthedocs.io/en/latest/advanced-usage.html#tls-warnings
  warnings.warn(

2026-10-10 03:55:32.607 87 INFO cinder.volume.drivers.lightos [None req-b6372b3c-33a1-4263-9c86-f1ca5496c2fa 6ee959418308411db2d05d293a2cce91 de1f87733d84444581437f8cd40c7c58 - - default default] Invoking get_volume using GET url: /api/v2/projects/default/volumes/1f6d38cb-58a5-4518-8621-443c3f4e20cf             request.body: {} ssl_verify: False
2026-10-10 03:55:32.653 87 WARNING py.warnings [None req-b6372b3c-33a1-4263-9c86-f1ca5496c2fa 6ee959418308411db2d05d293a2cce91 de1f87733d84444581437f8cd40c7c58 - - default default] /var/lib/kolla/venv/lib/python3.12/site-packages/urllib3/connectionpool.py:1110: InsecureRequestWarning: Unverified HTTPS request is being made to host '[LB_IP_ADDRESS]'. Adding certificate verification is strongly advised. See: https://urllib3.readthedocs.io/en/latest/advanced-usage.html#tls-warnings
  warnings.warn(

2026-10-10 03:55:32.804 87 INFO cinder.volume.manager [None req-b6372b3c-33a1-4263-9c86-f1ca5496c2fa 6ee959418308411db2d05d293a2cce91 de1f87733d84444581437f8cd40c7c58 - - default default] Deleted volume successfully.
2026-10-10 03:55:33.538 87 INFO cinder.volume.drivers.lightos [None req-c919041f-097e-4b08-9ae6-3c1a86f325f9 6ee959418308411db2d05d293a2cce91 de1f87733d84444581437f8cd40c7c58 - - default default] Invoking delete_volume using DELETE url: /api/v2/projects/default/volumes/28caa03e-06a8-46a2-9a23-35c1abaa15cd?             request.body:  ssl_verify: False
2026-10-10 03:55:33.577 87 WARNING py.warnings [None req-c919041f-097e-4b08-9ae6-3c1a86f325f9 6ee959418308411db2d05d293a2cce91 de1f87733d84444581437f8cd40c7c58 - - default default] /var/lib/kolla/venv/lib/python3.12/site-packages/urllib3/connectionpool.py:1110: InsecureRequestWarning: Unverified HTTPS request is being made to host '[LB_IP_ADDRESS]'. Adding certificate verification is strongly advised. See: https://urllib3.readthedocs.io/en/latest/advanced-usage.html#tls-warnings
  warnings.warn(

2026-10-10 03:55:33.607 87 INFO cinder.volume.drivers.lightos [None req-c919041f-097e-4b08-9ae6-3c1a86f325f9 6ee959418308411db2d05d293a2cce91 de1f87733d84444581437f8cd40c7c58 - - default default] Invoking get_volume using GET url: /api/v2/projects/default/volumes/28caa03e-06a8-46a2-9a23-35c1abaa15cd             request.body: {} ssl_verify: False
2026-10-10 03:55:33.654 87 WARNING py.warnings [None req-c919041f-097e-4b08-9ae6-3c1a86f325f9 6ee959418308411db2d05d293a2cce91 de1f87733d84444581437f8cd40c7c58 - - default default] /var/lib/kolla/venv/lib/python3.12/site-packages/urllib3/connectionpool.py:1110: InsecureRequestWarning: Unverified HTTPS request is being made to host '[LB_IP_ADDRESS]'. Adding certificate verification is strongly advised. See: https://urllib3.readthedocs.io/en/latest/advanced-usage.html#tls-warnings
  warnings.warn(

2026-10-10 03:55:33.795 87 INFO cinder.volume.manager [None req-c919041f-097e-4b08-9ae6-3c1a86f325f9 6ee959418308411db2d05d293a2cce91 de1f87733d84444581437f8cd40c7c58 - - default default] Deleted volume successfully.
2026-10-10 03:55:36.813 87 INFO cinder.volume.flows.manager.create_volume [None req-e8b9422c-5af7-415f-a901-50bcfe755e76 281d09e92764466aa392c42cedd24768 53983cb63d104f8aac6f7b5091e3b94a - - - -] Volume e8bedde9-409c-41d6-b30d-79efdd3a5200: being created as raw with specification: {'status': 'creating', 'volume_name': 'vol_e8bedde9-409c-41d6-b30d-79efdd3a5200', 'volume_size': 1}
2026-10-10 03:55:36.813 87 INFO cinder.volume.drivers.lightos [None req-e8b9422c-5af7-415f-a901-50bcfe755e76 281d09e92764466aa392c42cedd24768 53983cb63d104f8aac6f7b5091e3b94a - - - -] Invoking get_volume_by_name using GET url: /api/v2/projects/default/volumes/?name=vol_e8bedde9-409c-41d6-b30d-79efdd3a5200             request.body: {} ssl_verify: False
2026-10-10 03:55:36.849 87 WARNING py.warnings [None req-e8b9422c-5af7-415f-a901-50bcfe755e76 281d09e92764466aa392c42cedd24768 53983cb63d104f8aac6f7b5091e3b94a - - - -] /var/lib/kolla/venv/lib/python3.12/site-packages/urllib3/connectionpool.py:1110: InsecureRequestWarning: Unverified HTTPS request is being made to host '[LB_IP_ADDRESS]'. Adding certificate verification is strongly advised. See: https://urllib3.readthedocs.io/en/latest/advanced-usage.html#tls-warnings
  warnings.warn(

2026-10-10 03:55:36.858 87 INFO cinder.volume.drivers.lightos [None req-e8b9422c-5af7-415f-a901-50bcfe755e76 281d09e92764466aa392c42cedd24768 53983cb63d104f8aac6f7b5091e3b94a - - - -] Invoking create_volume using POST url: /api/v2/projects/default/volumes             request.body: {'name': 'vol_e8bedde9-409c-41d6-b30d-79efdd3a5200', 'size': '1 gib', 'replicaCount': '3', 'compression': 'False', 'acl': {'values': ['ALLOW_NONE']}, 'IPAcl': {'values': ['ALLOW_NONE']}, 'sourceSnapshotUUID': None, 'sourceSnapshotName': None} ssl_verify: False
2026-10-10 03:55:36.895 87 WARNING py.warnings [None req-e8b9422c-5af7-415f-a901-50bcfe755e76 281d09e92764466aa392c42cedd24768 53983cb63d104f8aac6f7b5091e3b94a - - - -] /var/lib/kolla/venv/lib/python3.12/site-packages/urllib3/connectionpool.py:1110: InsecureRequestWarning: Unverified HTTPS request is being made to host '[LB_IP_ADDRESS]'. Adding certificate verification is strongly advised. See: https://urllib3.readthedocs.io/en/latest/advanced-usage.html#tls-warnings
  warnings.warn(

2026-10-10 03:55:36.924 87 INFO cinder.volume.drivers.lightos [None req-e8b9422c-5af7-415f-a901-50bcfe755e76 281d09e92764466aa392c42cedd24768 53983cb63d104f8aac6f7b5091e3b94a - - - -] Invoking get_volume using GET url: /api/v2/projects/default/volumes/6630336a-632f-43a5-b070-76bd49ad9060             request.body: {} ssl_verify: False
2026-10-10 03:55:36.976 87 WARNING py.warnings [None req-e8b9422c-5af7-415f-a901-50bcfe755e76 281d09e92764466aa392c42cedd24768 53983cb63d104f8aac6f7b5091e3b94a - - - -] /var/lib/kolla/venv/lib/python3.12/site-packages/urllib3/connectionpool.py:1110: InsecureRequestWarning: Unverified HTTPS request is being made to host '[LB_IP_ADDRESS]'. Adding certificate verification is strongly advised. See: https://urllib3.readthedocs.io/en/latest/advanced-usage.html#tls-warnings
  warnings.warn(

2026-10-10 03:55:37.011 87 INFO cinder.volume.flows.manager.create_volume [None req-e8b9422c-5af7-415f-a901-50bcfe755e76 281d09e92764466aa392c42cedd24768 53983cb63d104f8aac6f7b5091e3b94a - - - -] Volume vol_e8bedde9-409c-41d6-b30d-79efdd3a5200 (e8bedde9-409c-41d6-b30d-79efdd3a5200): created successfully
2026-10-10 03:55:37.019 87 INFO cinder.volume.manager [None req-e8b9422c-5af7-415f-a901-50bcfe755e76 281d09e92764466aa392c42cedd24768 53983cb63d104f8aac6f7b5091e3b94a - - - -] Created volume successfully.
2026-10-10 03:55:37.046 87 INFO cinder.volume.flows.manager.create_volume [None req-19dc0e33-dfa5-48fd-bba4-41f8d7993fb8 80e7845e8bdc471984ee54c54193abbf 250f8fef5bd74e39bda0f0f0d90c74c4 - - - -] Volume d3c6fc94-c4b1-436c-9ef6-816039423fdd: being created as raw with specification: {'status': 'creating', 'volume_name': 'vol_d3c6fc94-c4b1-436c-9ef6-816039423fdd', 'volume_size': 1}
2026-10-10 03:55:37.047 87 INFO cinder.volume.drivers.lightos [None req-19dc0e33-dfa5-48fd-bba4-41f8d7993fb8 80e7845e8bdc471984ee54c54193abbf 250f8fef5bd74e39bda0f0f0d90c74c4 - - - -] Invoking get_volume_by_name using GET url: /api/v2/projects/default/volumes/?name=vol_d3c6fc94-c4b1-436c-9ef6-816039423fdd             request.body: {} ssl_verify: False
2026-10-10 03:55:37.096 87 WARNING py.warnings [None req-19dc0e33-dfa5-48fd-bba4-41f8d7993fb8 80e7845e8bdc471984ee54c54193abbf 250f8fef5bd74e39bda0f0f0d90c74c4 - - - -] /var/lib/kolla/venv/lib/python3.12/site-packages/urllib3/connectionpool.py:1110: InsecureRequestWarning: Unverified HTTPS request is being made to host '[LB_IP_ADDRESS]'. Adding certificate verification is strongly advised. See: https://urllib3.readthedocs.io/en/latest/advanced-usage.html#tls-warnings
  warnings.warn(

2026-10-10 03:55:37.124 87 INFO cinder.volume.drivers.lightos [None req-19dc0e33-dfa5-48fd-bba4-41f8d7993fb8 80e7845e8bdc471984ee54c54193abbf 250f8fef5bd74e39bda0f0f0d90c74c4 - - - -] Invoking create_volume using POST url: /api/v2/projects/default/volumes             request.body: {'name': 'vol_d3c6fc94-c4b1-436c-9ef6-816039423fdd', 'size': '1 gib', 'replicaCount': '3', 'compression': 'False', 'acl': {'values': ['ALLOW_NONE']}, 'IPAcl': {'values': ['ALLOW_NONE']}, 'sourceSnapshotUUID': None, 'sourceSnapshotName': None} ssl_verify: False
2026-10-10 03:55:37.165 87 WARNING py.warnings [None req-19dc0e33-dfa5-48fd-bba4-41f8d7993fb8 80e7845e8bdc471984ee54c54193abbf 250f8fef5bd74e39bda0f0f0d90c74c4 - - - -] /var/lib/kolla/venv/lib/python3.12/site-packages/urllib3/connectionpool.py:1110: InsecureRequestWarning: Unverified HTTPS request is being made to host '[LB_IP_ADDRESS]'. Adding certificate verification is strongly advised. See: https://urllib3.readthedocs.io/en/latest/advanced-usage.html#tls-warnings
  warnings.warn(

2026-10-10 03:55:37.184 87 INFO cinder.volume.drivers.lightos [None req-19dc0e33-dfa5-48fd-bba4-41f8d7993fb8 80e7845e8bdc471984ee54c54193abbf 250f8fef5bd74e39bda0f0f0d90c74c4 - - - -] Invoking get_volume using GET url: /api/v2/projects/default/volumes/9802b27c-63a0-4ff7-96fd-73d641d14a59             request.body: {} ssl_verify: False
2026-10-10 03:55:37.228 87 WARNING py.warnings [None req-19dc0e33-dfa5-48fd-bba4-41f8d7993fb8 80e7845e8bdc471984ee54c54193abbf 250f8fef5bd74e39bda0f0f0d90c74c4 - - - -] /var/lib/kolla/venv/lib/python3.12/site-packages/urllib3/connectionpool.py:1110: InsecureRequestWarning: Unverified HTTPS request is being made to host '[LB_IP_ADDRESS]'. Adding certificate verification is strongly advised. See: https://urllib3.readthedocs.io/en/latest/advanced-usage.html#tls-warnings
  warnings.warn(

2026-10-10 03:55:38.071 87 INFO cinder.volume.drivers.lightos [None req-fb00f852-bf9f-44bc-8e54-372f96346fb3 281d09e92764466aa392c42cedd24768 53983cb63d104f8aac6f7b5091e3b94a - - default default] Invoking delete_volume using DELETE url: /api/v2/projects/default/volumes/6630336a-632f-43a5-b070-76bd49ad9060?             request.body:  ssl_verify: False
2026-10-10 03:55:38.107 87 WARNING py.warnings [None req-fb00f852-bf9f-44bc-8e54-372f96346fb3 281d09e92764466aa392c42cedd24768 53983cb63d104f8aac6f7b5091e3b94a - - default default] /var/lib/kolla/venv/lib/python3.12/site-packages/urllib3/connectionpool.py:1110: InsecureRequestWarning: Unverified HTTPS request is being made to host '[LB_IP_ADDRESS]'. Adding certificate verification is strongly advised. See: https://urllib3.readthedocs.io/en/latest/advanced-usage.html#tls-warnings
  warnings.warn(

2026-10-10 03:55:38.138 87 INFO cinder.volume.drivers.lightos [None req-fb00f852-bf9f-44bc-8e54-372f96346fb3 281d09e92764466aa392c42cedd24768 53983cb63d104f8aac6f7b5091e3b94a - - default default] Invoking get_volume using GET url: /api/v2/projects/default/volumes/6630336a-632f-43a5-b070-76bd49ad9060             request.body: {} ssl_verify: False
2026-10-10 03:55:38.192 87 WARNING py.warnings [None req-fb00f852-bf9f-44bc-8e54-372f96346fb3 281d09e92764466aa392c42cedd24768 53983cb63d104f8aac6f7b5091e3b94a - - default default] /var/lib/kolla/venv/lib/python3.12/site-packages/urllib3/connectionpool.py:1110: InsecureRequestWarning: Unverified HTTPS request is being made to host '[LB_IP_ADDRESS]'. Adding certificate verification is strongly advised. See: https://urllib3.readthedocs.io/en/latest/advanced-usage.html#tls-warnings
  warnings.warn(

2026-10-10 03:55:38.247 87 INFO cinder.volume.drivers.lightos [None req-19dc0e33-dfa5-48fd-bba4-41f8d7993fb8 80e7845e8bdc471984ee54c54193abbf 250f8fef5bd74e39bda0f0f0d90c74c4 - - - -] Invoking get_volume using GET url: /api/v2/projects/default/volumes/9802b27c-63a0-4ff7-96fd-73d641d14a59             request.body: {} ssl_verify: False
2026-10-10 03:55:38.314 87 WARNING py.warnings [None req-19dc0e33-dfa5-48fd-bba4-41f8d7993fb8 80e7845e8bdc471984ee54c54193abbf 250f8fef5bd74e39bda0f0f0d90c74c4 - - - -] /var/lib/kolla/venv/lib/python3.12/site-packages/urllib3/connectionpool.py:1110: InsecureRequestWarning: Unverified HTTPS request is being made to host '[LB_IP_ADDRESS]'. Adding certificate verification is strongly advised. See: https://urllib3.readthedocs.io/en/latest/advanced-usage.html#tls-warnings
  warnings.warn(

2026-10-10 03:55:38.341 87 INFO cinder.volume.flows.manager.create_volume [None req-19dc0e33-dfa5-48fd-bba4-41f8d7993fb8 80e7845e8bdc471984ee54c54193abbf 250f8fef5bd74e39bda0f0f0d90c74c4 - - - -] Volume vol_d3c6fc94-c4b1-436c-9ef6-816039423fdd (d3c6fc94-c4b1-436c-9ef6-816039423fdd): created successfully
2026-10-10 03:55:38.349 87 INFO cinder.volume.manager [None req-19dc0e33-dfa5-48fd-bba4-41f8d7993fb8 80e7845e8bdc471984ee54c54193abbf 250f8fef5bd74e39bda0f0f0d90c74c4 - - - -] Created volume successfully.
2026-10-10 03:55:38.374 87 INFO cinder.volume.manager [None req-fb00f852-bf9f-44bc-8e54-372f96346fb3 281d09e92764466aa392c42cedd24768 53983cb63d104f8aac6f7b5091e3b94a - - default default] Deleted volume successfully.
2026-10-10 03:55:39.626 87 INFO cinder.volume.flows.manager.create_volume [None req-93459f3d-a47d-456c-a9aa-f139dbd166a1 281d09e92764466aa392c42cedd24768 53983cb63d104f8aac6f7b5091e3b94a - - - -] Volume 4da57b9d-c469-4f59-81d2-3d132e2f160a: being created as raw with specification: {'status': 'creating', 'volume_name': 'vol_4da57b9d-c469-4f59-81d2-3d132e2f160a', 'volume_size': 1}
2026-10-10 03:55:39.626 87 INFO cinder.volume.drivers.lightos [None req-93459f3d-a47d-456c-a9aa-f139dbd166a1 281d09e92764466aa392c42cedd24768 53983cb63d104f8aac6f7b5091e3b94a - - - -] Invoking get_volume_by_name using GET url: /api/v2/projects/default/volumes/?name=vol_4da57b9d-c469-4f59-81d2-3d132e2f160a             request.body: {} ssl_verify: False
2026-10-10 03:55:39.664 87 WARNING py.warnings [None req-93459f3d-a47d-456c-a9aa-f139dbd166a1 281d09e92764466aa392c42cedd24768 53983cb63d104f8aac6f7b5091e3b94a - - - -] /var/lib/kolla/venv/lib/python3.12/site-packages/urllib3/connectionpool.py:1110: InsecureRequestWarning: Unverified HTTPS request is being made to host '[LB_IP_ADDRESS]'. Adding certificate verification is strongly advised. See: https://urllib3.readthedocs.io/en/latest/advanced-usage.html#tls-warnings
  warnings.warn(

2026-10-10 03:55:39.675 87 INFO cinder.volume.drivers.lightos [None req-93459f3d-a47d-456c-a9aa-f139dbd166a1 281d09e92764466aa392c42cedd24768 53983cb63d104f8aac6f7b5091e3b94a - - - -] Invoking create_volume using POST url: /api/v2/projects/default/volumes             request.body: {'name': 'vol_4da57b9d-c469-4f59-81d2-3d132e2f160a', 'size': '1 gib', 'replicaCount': '3', 'compression': 'False', 'acl': {'values': ['ALLOW_NONE']}, 'IPAcl': {'values': ['ALLOW_NONE']}, 'sourceSnapshotUUID': None, 'sourceSnapshotName': None} ssl_verify: False
2026-10-10 03:55:39.724 87 WARNING py.warnings [None req-93459f3d-a47d-456c-a9aa-f139dbd166a1 281d09e92764466aa392c42cedd24768 53983cb63d104f8aac6f7b5091e3b94a - - - -] /var/lib/kolla/venv/lib/python3.12/site-packages/urllib3/connectionpool.py:1110: InsecureRequestWarning: Unverified HTTPS request is being made to host '[LB_IP_ADDRESS]'. Adding certificate verification is strongly advised. See: https://urllib3.readthedocs.io/en/latest/advanced-usage.html#tls-warnings
  warnings.warn(

2026-10-10 03:55:39.753 87 INFO cinder.volume.drivers.lightos [None req-93459f3d-a47d-456c-a9aa-f139dbd166a1 281d09e92764466aa392c42cedd24768 53983cb63d104f8aac6f7b5091e3b94a - - - -] Invoking get_volume using GET url: /api/v2/projects/default/volumes/a841b2f4-51a8-4175-9101-fbaa38022460             request.body: {} ssl_verify: False
2026-10-10 03:55:39.808 87 WARNING py.warnings [None req-93459f3d-a47d-456c-a9aa-f139dbd166a1 281d09e92764466aa392c42cedd24768 53983cb63d104f8aac6f7b5091e3b94a - - - -] /var/lib/kolla/venv/lib/python3.12/site-packages/urllib3/connectionpool.py:1110: InsecureRequestWarning: Unverified HTTPS request is being made to host '[LB_IP_ADDRESS]'. Adding certificate verification is strongly advised. See: https://urllib3.readthedocs.io/en/latest/advanced-usage.html#tls-warnings
  warnings.warn(

2026-10-10 03:55:39.850 87 INFO cinder.volume.flows.manager.create_volume [None req-93459f3d-a47d-456c-a9aa-f139dbd166a1 281d09e92764466aa392c42cedd24768 53983cb63d104f8aac6f7b5091e3b94a - - - -] Volume vol_4da57b9d-c469-4f59-81d2-3d132e2f160a (4da57b9d-c469-4f59-81d2-3d132e2f160a): created successfully
2026-10-10 03:55:39.859 87 INFO cinder.volume.manager [None req-93459f3d-a47d-456c-a9aa-f139dbd166a1 281d09e92764466aa392c42cedd24768 53983cb63d104f8aac6f7b5091e3b94a - - - -] Created volume successfully.
2026-10-10 03:55:40.704 87 INFO cinder.volume.flows.manager.create_volume [None req-62df9f83-5b03-447a-a709-4b03cb38cc6d 6849328fbf5a4b5da240833ee4a392eb ab2ed37699bc4d9eb20e0699250a819b - - - -] Volume 97cc2e67-1798-4549-894c-e492b97385ee: being created as raw with specification: {'status': 'creating', 'volume_name': 'vol_97cc2e67-1798-4549-894c-e492b97385ee', 'volume_size': 1}
2026-10-10 03:55:40.704 87 INFO cinder.volume.drivers.lightos [None req-62df9f83-5b03-447a-a709-4b03cb38cc6d 6849328fbf5a4b5da240833ee4a392eb ab2ed37699bc4d9eb20e0699250a819b - - - -] Invoking get_volume_by_name using GET url: /api/v2/projects/default/volumes/?name=vol_97cc2e67-1798-4549-894c-e492b97385ee             request.body: {} ssl_verify: False
2026-10-10 03:55:40.741 87 WARNING py.warnings [None req-62df9f83-5b03-447a-a709-4b03cb38cc6d 6849328fbf5a4b5da240833ee4a392eb ab2ed37699bc4d9eb20e0699250a819b - - - -] /var/lib/kolla/venv/lib/python3.12/site-packages/urllib3/connectionpool.py:1110: InsecureRequestWarning: Unverified HTTPS request is being made to host '[LB_IP_ADDRESS]'. Adding certificate verification is strongly advised. See: https://urllib3.readthedocs.io/en/latest/advanced-usage.html#tls-warnings
  warnings.warn(

2026-10-10 03:55:40.752 87 INFO cinder.volume.drivers.lightos [None req-62df9f83-5b03-447a-a709-4b03cb38cc6d 6849328fbf5a4b5da240833ee4a392eb ab2ed37699bc4d9eb20e0699250a819b - - - -] Invoking create_volume using POST url: /api/v2/projects/default/volumes             request.body: {'name': 'vol_97cc2e67-1798-4549-894c-e492b97385ee', 'size': '1 gib', 'replicaCount': '3', 'compression': 'False', 'acl': {'values': ['ALLOW_NONE']}, 'IPAcl': {'values': ['ALLOW_NONE']}, 'sourceSnapshotUUID': None, 'sourceSnapshotName': None} ssl_verify: False
2026-10-10 03:55:40.796 87 WARNING py.warnings [None req-62df9f83-5b03-447a-a709-4b03cb38cc6d 6849328fbf5a4b5da240833ee4a392eb ab2ed37699bc4d9eb20e0699250a819b - - - -] /var/lib/kolla/venv/lib/python3.12/site-packages/urllib3/connectionpool.py:1110: InsecureRequestWarning: Unverified HTTPS request is being made to host '[LB_IP_ADDRESS]'. Adding certificate verification is strongly advised. See: https://urllib3.readthedocs.io/en/latest/advanced-usage.html#tls-warnings
  warnings.warn(

2026-10-10 03:55:40.827 87 INFO cinder.volume.drivers.lightos [None req-62df9f83-5b03-447a-a709-4b03cb38cc6d 6849328fbf5a4b5da240833ee4a392eb ab2ed37699bc4d9eb20e0699250a819b - - - -] Invoking get_volume using GET url: /api/v2/projects/default/volumes/9c4867ff-8eaf-42e2-9419-983f07175e88             request.body: {} ssl_verify: False
2026-10-10 03:55:40.871 87 WARNING py.warnings [None req-62df9f83-5b03-447a-a709-4b03cb38cc6d 6849328fbf5a4b5da240833ee4a392eb ab2ed37699bc4d9eb20e0699250a819b - - - -] /var/lib/kolla/venv/lib/python3.12/site-packages/urllib3/connectionpool.py:1110: InsecureRequestWarning: Unverified HTTPS request is being made to host '[LB_IP_ADDRESS]'. Adding certificate verification is strongly advised. See: https://urllib3.readthedocs.io/en/latest/advanced-usage.html#tls-warnings
  warnings.warn(

2026-10-10 03:55:41.266 87 INFO cinder.volume.drivers.lightos [None req-e58108bf-b356-4597-92db-5d33a521148b 80e7845e8bdc471984ee54c54193abbf 250f8fef5bd74e39bda0f0f0d90c74c4 - - default default] Invoking delete_volume using DELETE url: /api/v2/projects/default/volumes/9802b27c-63a0-4ff7-96fd-73d641d14a59?             request.body:  ssl_verify: False
2026-10-10 03:55:41.303 87 WARNING py.warnings [None req-e58108bf-b356-4597-92db-5d33a521148b 80e7845e8bdc471984ee54c54193abbf 250f8fef5bd74e39bda0f0f0d90c74c4 - - default default] /var/lib/kolla/venv/lib/python3.12/site-packages/urllib3/connectionpool.py:1110: InsecureRequestWarning: Unverified HTTPS request is being made to host '[LB_IP_ADDRESS]'. Adding certificate verification is strongly advised. See: https://urllib3.readthedocs.io/en/latest/advanced-usage.html#tls-warnings
  warnings.warn(

2026-10-10 03:55:41.334 87 INFO cinder.volume.drivers.lightos [None req-e58108bf-b356-4597-92db-5d33a521148b 80e7845e8bdc471984ee54c54193abbf 250f8fef5bd74e39bda0f0f0d90c74c4 - - default default] Invoking get_volume using GET url: /api/v2/projects/default/volumes/9802b27c-63a0-4ff7-96fd-73d641d14a59             request.body: {} ssl_verify: False
2026-10-10 03:55:41.380 87 WARNING py.warnings [None req-e58108bf-b356-4597-92db-5d33a521148b 80e7845e8bdc471984ee54c54193abbf 250f8fef5bd74e39bda0f0f0d90c74c4 - - default default] /var/lib/kolla/venv/lib/python3.12/site-packages/urllib3/connectionpool.py:1110: InsecureRequestWarning: Unverified HTTPS request is being made to host '[LB_IP_ADDRESS]'. Adding certificate verification is strongly advised. See: https://urllib3.readthedocs.io/en/latest/advanced-usage.html#tls-warnings
  warnings.warn(

2026-10-10 03:55:41.518 87 INFO cinder.volume.manager [None req-e58108bf-b356-4597-92db-5d33a521148b 80e7845e8bdc471984ee54c54193abbf 250f8fef5bd74e39bda0f0f0d90c74c4 - - default default] Deleted volume successfully.
2026-10-10 03:55:41.694 87 INFO cinder.volume.manager [None req-d1064fbb-9a5d-4275-90cf-d4a1f4d6c33a 529c268917434e068874cfba05d933d1 bf189287d2d34fd784e312c4423645e5 - - default default] Transfer volume completed successfully.
2026-10-10 03:55:41.886 87 INFO cinder.volume.drivers.lightos [None req-62df9f83-5b03-447a-a709-4b03cb38cc6d 6849328fbf5a4b5da240833ee4a392eb ab2ed37699bc4d9eb20e0699250a819b - - - -] Invoking get_volume using GET url: /api/v2/projects/default/volumes/9c4867ff-8eaf-42e2-9419-983f07175e88             request.body: {} ssl_verify: False
2026-10-10 03:55:41.935 87 WARNING py.warnings [None req-62df9f83-5b03-447a-a709-4b03cb38cc6d 6849328fbf5a4b5da240833ee4a392eb ab2ed37699bc4d9eb20e0699250a819b - - - -] /var/lib/kolla/venv/lib/python3.12/site-packages/urllib3/connectionpool.py:1110: InsecureRequestWarning: Unverified HTTPS request is being made to host '[LB_IP_ADDRESS]'. Adding certificate verification is strongly advised. See: https://urllib3.readthedocs.io/en/latest/advanced-usage.html#tls-warnings
  warnings.warn(

2026-10-10 03:55:41.967 87 INFO cinder.volume.flows.manager.create_volume [None req-62df9f83-5b03-447a-a709-4b03cb38cc6d 6849328fbf5a4b5da240833ee4a392eb ab2ed37699bc4d9eb20e0699250a819b - - - -] Volume vol_97cc2e67-1798-4549-894c-e492b97385ee (97cc2e67-1798-4549-894c-e492b97385ee): created successfully
2026-10-10 03:55:41.974 87 INFO cinder.volume.manager [None req-62df9f83-5b03-447a-a709-4b03cb38cc6d 6849328fbf5a4b5da240833ee4a392eb ab2ed37699bc4d9eb20e0699250a819b - - - -] Created volume successfully.
2026-10-10 03:55:43.577 87 INFO cinder.volume.manager [None req-6279aac8-3187-46e2-87b3-b57ea5916103 558097ba7c4a473c87bc01a7aa994a8b f79ea653be384596963392b072fb9db4 - - default default] Transfer volume completed successfully.
2026-10-10 03:55:43.625 87 INFO cinder.volume.drivers.lightos [None req-922e0d97-39fb-4332-ad82-a833a0c23a6d 87bb1d073d82450f97e6f91131f97304 5871a24ae27742af9ee9c7b96543d0a4 - - default default] Invoking delete_volume using DELETE url: /api/v2/projects/default/volumes/a841b2f4-51a8-4175-9101-fbaa38022460?             request.body:  ssl_verify: False
2026-10-10 03:55:43.660 87 WARNING py.warnings [None req-922e0d97-39fb-4332-ad82-a833a0c23a6d 87bb1d073d82450f97e6f91131f97304 5871a24ae27742af9ee9c7b96543d0a4 - - default default] /var/lib/kolla/venv/lib/python3.12/site-packages/urllib3/connectionpool.py:1110: InsecureRequestWarning: Unverified HTTPS request is being made to host '[LB_IP_ADDRESS]'. Adding certificate verification is strongly advised. See: https://urllib3.readthedocs.io/en/latest/advanced-usage.html#tls-warnings
  warnings.warn(

2026-10-10 03:55:43.696 87 INFO cinder.volume.drivers.lightos [None req-922e0d97-39fb-4332-ad82-a833a0c23a6d 87bb1d073d82450f97e6f91131f97304 5871a24ae27742af9ee9c7b96543d0a4 - - default default] Invoking get_volume using GET url: /api/v2/projects/default/volumes/a841b2f4-51a8-4175-9101-fbaa38022460             request.body: {} ssl_verify: False
2026-10-10 03:55:43.745 87 WARNING py.warnings [None req-922e0d97-39fb-4332-ad82-a833a0c23a6d 87bb1d073d82450f97e6f91131f97304 5871a24ae27742af9ee9c7b96543d0a4 - - default default] /var/lib/kolla/venv/lib/python3.12/site-packages/urllib3/connectionpool.py:1110: InsecureRequestWarning: Unverified HTTPS request is being made to host '[LB_IP_ADDRESS]'. Adding certificate verification is strongly advised. See: https://urllib3.readthedocs.io/en/latest/advanced-usage.html#tls-warnings
  warnings.warn(

2026-10-10 03:55:43.882 87 INFO cinder.volume.manager [None req-922e0d97-39fb-4332-ad82-a833a0c23a6d 87bb1d073d82450f97e6f91131f97304 5871a24ae27742af9ee9c7b96543d0a4 - - default default] Deleted volume successfully.
2026-10-10 03:55:44.520 87 INFO cinder.volume.drivers.lightos [None req-4ae80b99-4afd-47c9-b09b-149a59fa7f18 319bede5e0674d0d8e7be95d1dd32a74 f11bc72337044081b4aac1c90d180125 - - default default] Invoking delete_volume using DELETE url: /api/v2/projects/default/volumes/9c4867ff-8eaf-42e2-9419-983f07175e88?             request.body:  ssl_verify: False
2026-10-10 03:55:44.558 87 WARNING py.warnings [None req-4ae80b99-4afd-47c9-b09b-149a59fa7f18 319bede5e0674d0d8e7be95d1dd32a74 f11bc72337044081b4aac1c90d180125 - - default default] /var/lib/kolla/venv/lib/python3.12/site-packages/urllib3/connectionpool.py:1110: InsecureRequestWarning: Unverified HTTPS request is being made to host '[LB_IP_ADDRESS]'. Adding certificate verification is strongly advised. See: https://urllib3.readthedocs.io/en/latest/advanced-usage.html#tls-warnings
  warnings.warn(

2026-10-10 03:55:44.587 87 INFO cinder.volume.drivers.lightos [None req-4ae80b99-4afd-47c9-b09b-149a59fa7f18 319bede5e0674d0d8e7be95d1dd32a74 f11bc72337044081b4aac1c90d180125 - - default default] Invoking get_volume using GET url: /api/v2/projects/default/volumes/9c4867ff-8eaf-42e2-9419-983f07175e88             request.body: {} ssl_verify: False
2026-10-10 03:55:44.637 87 WARNING py.warnings [None req-4ae80b99-4afd-47c9-b09b-149a59fa7f18 319bede5e0674d0d8e7be95d1dd32a74 f11bc72337044081b4aac1c90d180125 - - default default] /var/lib/kolla/venv/lib/python3.12/site-packages/urllib3/connectionpool.py:1110: InsecureRequestWarning: Unverified HTTPS request is being made to host '[LB_IP_ADDRESS]'. Adding certificate verification is strongly advised. See: https://urllib3.readthedocs.io/en/latest/advanced-usage.html#tls-warnings
  warnings.warn(

2026-10-10 03:55:44.771 87 INFO cinder.volume.manager [None req-4ae80b99-4afd-47c9-b09b-149a59fa7f18 319bede5e0674d0d8e7be95d1dd32a74 f11bc72337044081b4aac1c90d180125 - - default default] Deleted volume successfully.
2026-10-10 03:55:46.140 87 INFO cinder.volume.flows.manager.create_volume [None req-c31a7ad9-250f-4114-bd7b-5799c642d499 6849328fbf5a4b5da240833ee4a392eb ab2ed37699bc4d9eb20e0699250a819b - - - -] Volume d3176792-1f26-4227-b485-59ff5d414315: being created as raw with specification: {'status': 'creating', 'volume_name': 'vol_d3176792-1f26-4227-b485-59ff5d414315', 'volume_size': 1}
2026-10-10 03:55:46.140 87 INFO cinder.volume.drivers.lightos [None req-c31a7ad9-250f-4114-bd7b-5799c642d499 6849328fbf5a4b5da240833ee4a392eb ab2ed37699bc4d9eb20e0699250a819b - - - -] Invoking get_volume_by_name using GET url: /api/v2/projects/default/volumes/?name=vol_d3176792-1f26-4227-b485-59ff5d414315             request.body: {} ssl_verify: False
2026-10-10 03:55:46.174 87 WARNING py.warnings [None req-c31a7ad9-250f-4114-bd7b-5799c642d499 6849328fbf5a4b5da240833ee4a392eb ab2ed37699bc4d9eb20e0699250a819b - - - -] /var/lib/kolla/venv/lib/python3.12/site-packages/urllib3/connectionpool.py:1110: InsecureRequestWarning: Unverified HTTPS request is being made to host '[LB_IP_ADDRESS]'. Adding certificate verification is strongly advised. See: https://urllib3.readthedocs.io/en/latest/advanced-usage.html#tls-warnings
  warnings.warn(

2026-10-10 03:55:46.181 87 INFO cinder.volume.drivers.lightos [None req-c31a7ad9-250f-4114-bd7b-5799c642d499 6849328fbf5a4b5da240833ee4a392eb ab2ed37699bc4d9eb20e0699250a819b - - - -] Invoking create_volume using POST url: /api/v2/projects/default/volumes             request.body: {'name': 'vol_d3176792-1f26-4227-b485-59ff5d414315', 'size': '1 gib', 'replicaCount': '3', 'compression': 'False', 'acl': {'values': ['ALLOW_NONE']}, 'IPAcl': {'values': ['ALLOW_NONE']}, 'sourceSnapshotUUID': None, 'sourceSnapshotName': None} ssl_verify: False
2026-10-10 03:55:46.214 87 WARNING py.warnings [None req-c31a7ad9-250f-4114-bd7b-5799c642d499 6849328fbf5a4b5da240833ee4a392eb ab2ed37699bc4d9eb20e0699250a819b - - - -] /var/lib/kolla/venv/lib/python3.12/site-packages/urllib3/connectionpool.py:1110: InsecureRequestWarning: Unverified HTTPS request is being made to host '[LB_IP_ADDRESS]'. Adding certificate verification is strongly advised. See: https://urllib3.readthedocs.io/en/latest/advanced-usage.html#tls-warnings
  warnings.warn(

2026-10-10 03:55:46.236 87 INFO cinder.volume.drivers.lightos [None req-c31a7ad9-250f-4114-bd7b-5799c642d499 6849328fbf5a4b5da240833ee4a392eb ab2ed37699bc4d9eb20e0699250a819b - - - -] Invoking get_volume using GET url: /api/v2/projects/default/volumes/4bbd667b-ba10-4962-ac21-465d2edd60cc             request.body: {} ssl_verify: False
2026-10-10 03:55:46.295 87 WARNING py.warnings [None req-c31a7ad9-250f-4114-bd7b-5799c642d499 6849328fbf5a4b5da240833ee4a392eb ab2ed37699bc4d9eb20e0699250a819b - - - -] /var/lib/kolla/venv/lib/python3.12/site-packages/urllib3/connectionpool.py:1110: InsecureRequestWarning: Unverified HTTPS request is being made to host '[LB_IP_ADDRESS]'. Adding certificate verification is strongly advised. See: https://urllib3.readthedocs.io/en/latest/advanced-usage.html#tls-warnings
  warnings.warn(

2026-10-10 03:55:46.343 87 INFO cinder.volume.flows.manager.create_volume [None req-c31a7ad9-250f-4114-bd7b-5799c642d499 6849328fbf5a4b5da240833ee4a392eb ab2ed37699bc4d9eb20e0699250a819b - - - -] Volume vol_d3176792-1f26-4227-b485-59ff5d414315 (d3176792-1f26-4227-b485-59ff5d414315): created successfully
2026-10-10 03:55:46.351 87 INFO cinder.volume.manager [None req-c31a7ad9-250f-4114-bd7b-5799c642d499 6849328fbf5a4b5da240833ee4a392eb ab2ed37699bc4d9eb20e0699250a819b - - - -] Created volume successfully.
2026-10-10 03:55:47.479 87 INFO cinder.volume.drivers.lightos [None req-57782c6e-8226-4ef5-bc6d-7cc56cf7fdf6 319bede5e0674d0d8e7be95d1dd32a74 f11bc72337044081b4aac1c90d180125 - - default default] Invoking delete_volume using DELETE url: /api/v2/projects/default/volumes/4bbd667b-ba10-4962-ac21-465d2edd60cc?             request.body:  ssl_verify: False
2026-10-10 03:55:47.513 87 WARNING py.warnings [None req-57782c6e-8226-4ef5-bc6d-7cc56cf7fdf6 319bede5e0674d0d8e7be95d1dd32a74 f11bc72337044081b4aac1c90d180125 - - default default] /var/lib/kolla/venv/lib/python3.12/site-packages/urllib3/connectionpool.py:1110: InsecureRequestWarning: Unverified HTTPS request is being made to host '[LB_IP_ADDRESS]'. Adding certificate verification is strongly advised. See: https://urllib3.readthedocs.io/en/latest/advanced-usage.html#tls-warnings
  warnings.warn(

2026-10-10 03:55:47.537 87 INFO cinder.volume.drivers.lightos [None req-57782c6e-8226-4ef5-bc6d-7cc56cf7fdf6 319bede5e0674d0d8e7be95d1dd32a74 f11bc72337044081b4aac1c90d180125 - - default default] Invoking get_volume using GET url: /api/v2/projects/default/volumes/4bbd667b-ba10-4962-ac21-465d2edd60cc             request.body: {} ssl_verify: False
2026-10-10 03:55:47.578 87 WARNING py.warnings [None req-57782c6e-8226-4ef5-bc6d-7cc56cf7fdf6 319bede5e0674d0d8e7be95d1dd32a74 f11bc72337044081b4aac1c90d180125 - - default default] /var/lib/kolla/venv/lib/python3.12/site-packages/urllib3/connectionpool.py:1110: InsecureRequestWarning: Unverified HTTPS request is being made to host '[LB_IP_ADDRESS]'. Adding certificate verification is strongly advised. See: https://urllib3.readthedocs.io/en/latest/advanced-usage.html#tls-warnings
  warnings.warn(

2026-10-10 03:55:47.720 87 INFO cinder.volume.manager [None req-57782c6e-8226-4ef5-bc6d-7cc56cf7fdf6 319bede5e0674d0d8e7be95d1dd32a74 f11bc72337044081b4aac1c90d180125 - - default default] Deleted volume successfully.
2026-10-10 03:55:48.405 87 INFO cinder.volume.flows.manager.create_volume [None req-40adb36f-4242-40e3-ac76-f68b5d92737f 1145c86d98c74861a4e345b5d004642d bea9e7a12f5e44bcbbee2eb04fc384a2 - - - -] Volume 8c9b381e-133f-434b-94a4-acdf76636a16: being created as raw with specification: {'status': 'creating', 'volume_name': 'vol_8c9b381e-133f-434b-94a4-acdf76636a16', 'volume_size': 1}
2026-10-10 03:55:48.405 87 INFO cinder.volume.drivers.lightos [None req-40adb36f-4242-40e3-ac76-f68b5d92737f 1145c86d98c74861a4e345b5d004642d bea9e7a12f5e44bcbbee2eb04fc384a2 - - - -] Invoking get_volume_by_name using GET url: /api/v2/projects/default/volumes/?name=vol_8c9b381e-133f-434b-94a4-acdf76636a16             request.body: {} ssl_verify: False
2026-10-10 03:55:48.441 87 WARNING py.warnings [None req-40adb36f-4242-40e3-ac76-f68b5d92737f 1145c86d98c74861a4e345b5d004642d bea9e7a12f5e44bcbbee2eb04fc384a2 - - - -] /var/lib/kolla/venv/lib/python3.12/site-packages/urllib3/connectionpool.py:1110: InsecureRequestWarning: Unverified HTTPS request is being made to host '[LB_IP_ADDRESS]'. Adding certificate verification is strongly advised. See: https://urllib3.readthedocs.io/en/latest/advanced-usage.html#tls-warnings
  warnings.warn(

2026-10-10 03:55:48.450 87 INFO cinder.volume.drivers.lightos [None req-40adb36f-4242-40e3-ac76-f68b5d92737f 1145c86d98c74861a4e345b5d004642d bea9e7a12f5e44bcbbee2eb04fc384a2 - - - -] Invoking create_volume using POST url: /api/v2/projects/default/volumes             request.body: {'name': 'vol_8c9b381e-133f-434b-94a4-acdf76636a16', 'size': '1 gib', 'replicaCount': '3', 'compression': 'False', 'acl': {'values': ['ALLOW_NONE']}, 'IPAcl': {'values': ['ALLOW_NONE']}, 'sourceSnapshotUUID': None, 'sourceSnapshotName': None} ssl_verify: False
2026-10-10 03:55:48.486 87 WARNING py.warnings [None req-40adb36f-4242-40e3-ac76-f68b5d92737f 1145c86d98c74861a4e345b5d004642d bea9e7a12f5e44bcbbee2eb04fc384a2 - - - -] /var/lib/kolla/venv/lib/python3.12/site-packages/urllib3/connectionpool.py:1110: InsecureRequestWarning: Unverified HTTPS request is being made to host '[LB_IP_ADDRESS]'. Adding certificate verification is strongly advised. See: https://urllib3.readthedocs.io/en/latest/advanced-usage.html#tls-warnings
  warnings.warn(

2026-10-10 03:55:48.516 87 INFO cinder.volume.drivers.lightos [None req-40adb36f-4242-40e3-ac76-f68b5d92737f 1145c86d98c74861a4e345b5d004642d bea9e7a12f5e44bcbbee2eb04fc384a2 - - - -] Invoking get_volume using GET url: /api/v2/projects/default/volumes/658966d0-e50e-4b08-b925-1209db890aad             request.body: {} ssl_verify: False
2026-10-10 03:55:48.560 87 WARNING py.warnings [None req-40adb36f-4242-40e3-ac76-f68b5d92737f 1145c86d98c74861a4e345b5d004642d bea9e7a12f5e44bcbbee2eb04fc384a2 - - - -] /var/lib/kolla/venv/lib/python3.12/site-packages/urllib3/connectionpool.py:1110: InsecureRequestWarning: Unverified HTTPS request is being made to host '[LB_IP_ADDRESS]'. Adding certificate verification is strongly advised. See: https://urllib3.readthedocs.io/en/latest/advanced-usage.html#tls-warnings
  warnings.warn(

2026-10-10 03:55:49.589 87 INFO cinder.volume.drivers.lightos [None req-40adb36f-4242-40e3-ac76-f68b5d92737f 1145c86d98c74861a4e345b5d004642d bea9e7a12f5e44bcbbee2eb04fc384a2 - - - -] Invoking get_volume using GET url: /api/v2/projects/default/volumes/658966d0-e50e-4b08-b925-1209db890aad             request.body: {} ssl_verify: False
2026-10-10 03:55:49.635 87 WARNING py.warnings [None req-40adb36f-4242-40e3-ac76-f68b5d92737f 1145c86d98c74861a4e345b5d004642d bea9e7a12f5e44bcbbee2eb04fc384a2 - - - -] /var/lib/kolla/venv/lib/python3.12/site-packages/urllib3/connectionpool.py:1110: InsecureRequestWarning: Unverified HTTPS request is being made to host '[LB_IP_ADDRESS]'. Adding certificate verification is strongly advised. See: https://urllib3.readthedocs.io/en/latest/advanced-usage.html#tls-warnings
  warnings.warn(

2026-10-10 03:55:49.669 87 INFO cinder.volume.flows.manager.create_volume [None req-40adb36f-4242-40e3-ac76-f68b5d92737f 1145c86d98c74861a4e345b5d004642d bea9e7a12f5e44bcbbee2eb04fc384a2 - - - -] Volume vol_8c9b381e-133f-434b-94a4-acdf76636a16 (8c9b381e-133f-434b-94a4-acdf76636a16): created successfully
2026-10-10 03:55:49.679 87 INFO cinder.volume.manager [None req-40adb36f-4242-40e3-ac76-f68b5d92737f 1145c86d98c74861a4e345b5d004642d bea9e7a12f5e44bcbbee2eb04fc384a2 - - - -] Created volume successfully.
2026-10-10 03:55:50.700 87 INFO cinder.volume.drivers.lightos [None req-4bffdbc8-2a08-4c0f-8fac-01db67e18102 1145c86d98c74861a4e345b5d004642d bea9e7a12f5e44bcbbee2eb04fc384a2 - - - -] Invoking get_snapshot_by_name using GET url: /api/v2/projects/default/snapshots/?Name=snapshot-6e75a5c7-e75b-4e3e-bc12-d9fe4ccce6e8             request.body: {} ssl_verify: False
2026-10-10 03:55:50.736 87 WARNING py.warnings [None req-4bffdbc8-2a08-4c0f-8fac-01db67e18102 1145c86d98c74861a4e345b5d004642d bea9e7a12f5e44bcbbee2eb04fc384a2 - - - -] /var/lib/kolla/venv/lib/python3.12/site-packages/urllib3/connectionpool.py:1110: InsecureRequestWarning: Unverified HTTPS request is being made to host '[LB_IP_ADDRESS]'. Adding certificate verification is strongly advised. See: https://urllib3.readthedocs.io/en/latest/advanced-usage.html#tls-warnings
  warnings.warn(

2026-10-10 03:55:50.754 87 INFO cinder.volume.drivers.lightos [None req-4bffdbc8-2a08-4c0f-8fac-01db67e18102 1145c86d98c74861a4e345b5d004642d bea9e7a12f5e44bcbbee2eb04fc384a2 - - - -] Invoking create_snapshot using POST url: /api/v2/projects/default/snapshots             request.body: {'name': 'snapshot-6e75a5c7-e75b-4e3e-bc12-d9fe4ccce6e8', 'sourceVolumeUUID': None, 'sourceVolumeName': 'vol_8c9b381e-133f-434b-94a4-acdf76636a16'} ssl_verify: False
2026-10-10 03:55:50.797 87 WARNING py.warnings [None req-4bffdbc8-2a08-4c0f-8fac-01db67e18102 1145c86d98c74861a4e345b5d004642d bea9e7a12f5e44bcbbee2eb04fc384a2 - - - -] /var/lib/kolla/venv/lib/python3.12/site-packages/urllib3/connectionpool.py:1110: InsecureRequestWarning: Unverified HTTPS request is being made to host '[LB_IP_ADDRESS]'. Adding certificate verification is strongly advised. See: https://urllib3.readthedocs.io/en/latest/advanced-usage.html#tls-warnings
  warnings.warn(

2026-10-10 03:55:50.828 87 INFO cinder.volume.drivers.lightos [None req-4bffdbc8-2a08-4c0f-8fac-01db67e18102 1145c86d98c74861a4e345b5d004642d bea9e7a12f5e44bcbbee2eb04fc384a2 - - - -] Invoking get_snapshot_by_name using GET url: /api/v2/projects/default/snapshots/?Name=snapshot-6e75a5c7-e75b-4e3e-bc12-d9fe4ccce6e8             request.body: {} ssl_verify: False
2026-10-10 03:55:50.873 87 WARNING py.warnings [None req-4bffdbc8-2a08-4c0f-8fac-01db67e18102 1145c86d98c74861a4e345b5d004642d bea9e7a12f5e44bcbbee2eb04fc384a2 - - - -] /var/lib/kolla/venv/lib/python3.12/site-packages/urllib3/connectionpool.py:1110: InsecureRequestWarning: Unverified HTTPS request is being made to host '[LB_IP_ADDRESS]'. Adding certificate verification is strongly advised. See: https://urllib3.readthedocs.io/en/latest/advanced-usage.html#tls-warnings
  warnings.warn(

2026-10-10 03:55:51.204 87 INFO cinder.volume.flows.manager.create_volume [None req-b903ade2-dfd8-4010-aee8-7ea47dcd6e77 a7f3d9d5fb544f49a192f485487d958b 530bbb1402a140fdb0c8f85b07b3581e - - - -] Volume 79c56e78-42c6-431e-8bf4-a40b8b40e411: being created as raw with specification: {'status': 'creating', 'volume_name': 'vol_79c56e78-42c6-431e-8bf4-a40b8b40e411', 'volume_size': 1}
2026-10-10 03:55:51.204 87 INFO cinder.volume.drivers.lightos [None req-b903ade2-dfd8-4010-aee8-7ea47dcd6e77 a7f3d9d5fb544f49a192f485487d958b 530bbb1402a140fdb0c8f85b07b3581e - - - -] Invoking get_volume_by_name using GET url: /api/v2/projects/default/volumes/?name=vol_79c56e78-42c6-431e-8bf4-a40b8b40e411             request.body: {} ssl_verify: False
2026-10-10 03:55:51.238 87 WARNING py.warnings [None req-b903ade2-dfd8-4010-aee8-7ea47dcd6e77 a7f3d9d5fb544f49a192f485487d958b 530bbb1402a140fdb0c8f85b07b3581e - - - -] /var/lib/kolla/venv/lib/python3.12/site-packages/urllib3/connectionpool.py:1110: InsecureRequestWarning: Unverified HTTPS request is being made to host '[LB_IP_ADDRESS]'. Adding certificate verification is strongly advised. See: https://urllib3.readthedocs.io/en/latest/advanced-usage.html#tls-warnings
  warnings.warn(

2026-10-10 03:55:51.245 87 INFO cinder.volume.drivers.lightos [None req-b903ade2-dfd8-4010-aee8-7ea47dcd6e77 a7f3d9d5fb544f49a192f485487d958b 530bbb1402a140fdb0c8f85b07b3581e - - - -] Invoking create_volume using POST url: /api/v2/projects/default/volumes             request.body: {'name': 'vol_79c56e78-42c6-431e-8bf4-a40b8b40e411', 'size': '1 gib', 'replicaCount': '3', 'compression': 'False', 'acl': {'values': ['ALLOW_NONE']}, 'IPAcl': {'values': ['ALLOW_NONE']}, 'sourceSnapshotUUID': None, 'sourceSnapshotName': None} ssl_verify: False
2026-10-10 03:55:51.278 87 WARNING py.warnings [None req-b903ade2-dfd8-4010-aee8-7ea47dcd6e77 a7f3d9d5fb544f49a192f485487d958b 530bbb1402a140fdb0c8f85b07b3581e - - - -] /var/lib/kolla/venv/lib/python3.12/site-packages/urllib3/connectionpool.py:1110: InsecureRequestWarning: Unverified HTTPS request is being made to host '[LB_IP_ADDRESS]'. Adding certificate verification is strongly advised. See: https://urllib3.readthedocs.io/en/latest/advanced-usage.html#tls-warnings
  warnings.warn(

2026-10-10 03:55:51.304 87 INFO cinder.volume.drivers.lightos [None req-b903ade2-dfd8-4010-aee8-7ea47dcd6e77 a7f3d9d5fb544f49a192f485487d958b 530bbb1402a140fdb0c8f85b07b3581e - - - -] Invoking get_volume using GET url: /api/v2/projects/default/volumes/293b7bcc-b10b-4d84-b084-9624ee7fbf62             request.body: {} ssl_verify: False
2026-10-10 03:55:51.363 87 WARNING py.warnings [None req-b903ade2-dfd8-4010-aee8-7ea47dcd6e77 a7f3d9d5fb544f49a192f485487d958b 530bbb1402a140fdb0c8f85b07b3581e - - - -] /var/lib/kolla/venv/lib/python3.12/site-packages/urllib3/connectionpool.py:1110: InsecureRequestWarning: Unverified HTTPS request is being made to host '[LB_IP_ADDRESS]'. Adding certificate verification is strongly advised. See: https://urllib3.readthedocs.io/en/latest/advanced-usage.html#tls-warnings
  warnings.warn(

2026-10-10 03:55:51.401 87 INFO cinder.volume.flows.manager.create_volume [None req-b903ade2-dfd8-4010-aee8-7ea47dcd6e77 a7f3d9d5fb544f49a192f485487d958b 530bbb1402a140fdb0c8f85b07b3581e - - - -] Volume vol_79c56e78-42c6-431e-8bf4-a40b8b40e411 (79c56e78-42c6-431e-8bf4-a40b8b40e411): created successfully
2026-10-10 03:55:51.411 87 INFO cinder.volume.manager [None req-b903ade2-dfd8-4010-aee8-7ea47dcd6e77 a7f3d9d5fb544f49a192f485487d958b 530bbb1402a140fdb0c8f85b07b3581e - - - -] Created volume successfully.
2026-10-10 03:55:51.913 87 INFO cinder.volume.drivers.lightos [None req-4bffdbc8-2a08-4c0f-8fac-01db67e18102 1145c86d98c74861a4e345b5d004642d bea9e7a12f5e44bcbbee2eb04fc384a2 - - - -] Invoking get_snapshot_by_name using GET url: /api/v2/projects/default/snapshots/?Name=snapshot-6e75a5c7-e75b-4e3e-bc12-d9fe4ccce6e8             request.body: {} ssl_verify: False
2026-10-10 03:55:51.960 87 WARNING py.warnings [None req-4bffdbc8-2a08-4c0f-8fac-01db67e18102 1145c86d98c74861a4e345b5d004642d bea9e7a12f5e44bcbbee2eb04fc384a2 - - - -] /var/lib/kolla/venv/lib/python3.12/site-packages/urllib3/connectionpool.py:1110: InsecureRequestWarning: Unverified HTTPS request is being made to host '[LB_IP_ADDRESS]'. Adding certificate verification is strongly advised. See: https://urllib3.readthedocs.io/en/latest/advanced-usage.html#tls-warnings
  warnings.warn(

2026-10-10 03:55:51.991 87 INFO cinder.volume.manager [None req-4bffdbc8-2a08-4c0f-8fac-01db67e18102 1145c86d98c74861a4e345b5d004642d bea9e7a12f5e44bcbbee2eb04fc384a2 - - - -] Create snapshot completed successfully
2026-10-10 03:55:52.434 87 INFO cinder.volume.drivers.lightos [None req-4a1167ba-5c44-42a1-84ac-e4d3415b8965 a7f3d9d5fb544f49a192f485487d958b 530bbb1402a140fdb0c8f85b07b3581e - - default default] Invoking delete_volume using DELETE url: /api/v2/projects/default/volumes/293b7bcc-b10b-4d84-b084-9624ee7fbf62?             request.body:  ssl_verify: False
2026-10-10 03:55:52.473 87 WARNING py.warnings [None req-4a1167ba-5c44-42a1-84ac-e4d3415b8965 a7f3d9d5fb544f49a192f485487d958b 530bbb1402a140fdb0c8f85b07b3581e - - default default] /var/lib/kolla/venv/lib/python3.12/site-packages/urllib3/connectionpool.py:1110: InsecureRequestWarning: Unverified HTTPS request is being made to host '[LB_IP_ADDRESS]'. Adding certificate verification is strongly advised. See: https://urllib3.readthedocs.io/en/latest/advanced-usage.html#tls-warnings
  warnings.warn(

2026-10-10 03:55:52.503 87 INFO cinder.volume.drivers.lightos [None req-4a1167ba-5c44-42a1-84ac-e4d3415b8965 a7f3d9d5fb544f49a192f485487d958b 530bbb1402a140fdb0c8f85b07b3581e - - default default] Invoking get_volume using GET url: /api/v2/projects/default/volumes/293b7bcc-b10b-4d84-b084-9624ee7fbf62             request.body: {} ssl_verify: False
2026-10-10 03:55:52.546 87 WARNING py.warnings [None req-4a1167ba-5c44-42a1-84ac-e4d3415b8965 a7f3d9d5fb544f49a192f485487d958b 530bbb1402a140fdb0c8f85b07b3581e - - default default] /var/lib/kolla/venv/lib/python3.12/site-packages/urllib3/connectionpool.py:1110: InsecureRequestWarning: Unverified HTTPS request is being made to host '[LB_IP_ADDRESS]'. Adding certificate verification is strongly advised. See: https://urllib3.readthedocs.io/en/latest/advanced-usage.html#tls-warnings
  warnings.warn(

2026-10-10 03:55:52.708 87 INFO cinder.volume.manager [None req-4a1167ba-5c44-42a1-84ac-e4d3415b8965 a7f3d9d5fb544f49a192f485487d958b 530bbb1402a140fdb0c8f85b07b3581e - - default default] Deleted volume successfully.
2026-10-10 03:55:53.662 87 INFO cinder.volume.drivers.lightos [None req-593b429c-7c63-45b3-9d9a-5d1e4a4746f5 1145c86d98c74861a4e345b5d004642d bea9e7a12f5e44bcbbee2eb04fc384a2 - - default default] Invoking get_snapshot_by_name using GET url: /api/v2/projects/default/snapshots/?Name=snapshot-6e75a5c7-e75b-4e3e-bc12-d9fe4ccce6e8             request.body: {} ssl_verify: False
2026-10-10 03:55:53.702 87 WARNING py.warnings [None req-593b429c-7c63-45b3-9d9a-5d1e4a4746f5 1145c86d98c74861a4e345b5d004642d bea9e7a12f5e44bcbbee2eb04fc384a2 - - default default] /var/lib/kolla/venv/lib/python3.12/site-packages/urllib3/connectionpool.py:1110: InsecureRequestWarning: Unverified HTTPS request is being made to host '[LB_IP_ADDRESS]'. Adding certificate verification is strongly advised. See: https://urllib3.readthedocs.io/en/latest/advanced-usage.html#tls-warnings
  warnings.warn(

2026-10-10 03:55:53.717 87 INFO cinder.volume.drivers.lightos [None req-593b429c-7c63-45b3-9d9a-5d1e4a4746f5 1145c86d98c74861a4e345b5d004642d bea9e7a12f5e44bcbbee2eb04fc384a2 - - default default] Invoking delete_snapshot using DELETE url: /api/v2/projects/default/snapshots/435673ab-ea44-4484-94a8-45b31960f278?             request.body:  ssl_verify: False
2026-10-10 03:55:53.788 87 WARNING py.warnings [None req-593b429c-7c63-45b3-9d9a-5d1e4a4746f5 1145c86d98c74861a4e345b5d004642d bea9e7a12f5e44bcbbee2eb04fc384a2 - - default default] /var/lib/kolla/venv/lib/python3.12/site-packages/urllib3/connectionpool.py:1110: InsecureRequestWarning: Unverified HTTPS request is being made to host '[LB_IP_ADDRESS]'. Adding certificate verification is strongly advised. See: https://urllib3.readthedocs.io/en/latest/advanced-usage.html#tls-warnings
  warnings.warn(

2026-10-10 03:55:53.921 87 INFO cinder.volume.drivers.lightos [None req-593b429c-7c63-45b3-9d9a-5d1e4a4746f5 1145c86d98c74861a4e345b5d004642d bea9e7a12f5e44bcbbee2eb04fc384a2 - - default default] Invoking get_snapshot using GET url: /api/v2/projects/default/snapshots/435673ab-ea44-4484-94a8-45b31960f278             request.body: {} ssl_verify: False
2026-10-10 03:55:53.963 87 WARNING py.warnings [None req-593b429c-7c63-45b3-9d9a-5d1e4a4746f5 1145c86d98c74861a4e345b5d004642d bea9e7a12f5e44bcbbee2eb04fc384a2 - - default default] /var/lib/kolla/venv/lib/python3.12/site-packages/urllib3/connectionpool.py:1110: InsecureRequestWarning: Unverified HTTPS request is being made to host '[LB_IP_ADDRESS]'. Adding certificate verification is strongly advised. See: https://urllib3.readthedocs.io/en/latest/advanced-usage.html#tls-warnings
  warnings.warn(

2026-10-10 03:55:54.098 87 INFO cinder.volume.manager [None req-593b429c-7c63-45b3-9d9a-5d1e4a4746f5 1145c86d98c74861a4e345b5d004642d bea9e7a12f5e44bcbbee2eb04fc384a2 - - default default] Delete snapshot completed successfully.
2026-10-10 03:55:54.833 87 INFO cinder.volume.drivers.lightos [None req-16fd091d-a2a9-4900-adf0-1caf5f6890bf 1145c86d98c74861a4e345b5d004642d bea9e7a12f5e44bcbbee2eb04fc384a2 - - default default] Invoking delete_volume using DELETE url: /api/v2/projects/default/volumes/658966d0-e50e-4b08-b925-1209db890aad?             request.body:  ssl_verify: False
2026-10-10 03:55:54.869 87 WARNING py.warnings [None req-16fd091d-a2a9-4900-adf0-1caf5f6890bf 1145c86d98c74861a4e345b5d004642d bea9e7a12f5e44bcbbee2eb04fc384a2 - - default default] /var/lib/kolla/venv/lib/python3.12/site-packages/urllib3/connectionpool.py:1110: InsecureRequestWarning: Unverified HTTPS request is being made to host '[LB_IP_ADDRESS]'. Adding certificate verification is strongly advised. See: https://urllib3.readthedocs.io/en/latest/advanced-usage.html#tls-warnings
  warnings.warn(

2026-10-10 03:55:54.897 87 INFO cinder.volume.drivers.lightos [None req-16fd091d-a2a9-4900-adf0-1caf5f6890bf 1145c86d98c74861a4e345b5d004642d bea9e7a12f5e44bcbbee2eb04fc384a2 - - default default] Invoking get_volume using GET url: /api/v2/projects/default/volumes/658966d0-e50e-4b08-b925-1209db890aad             request.body: {} ssl_verify: False
2026-10-10 03:55:54.940 87 WARNING py.warnings [None req-16fd091d-a2a9-4900-adf0-1caf5f6890bf 1145c86d98c74861a4e345b5d004642d bea9e7a12f5e44bcbbee2eb04fc384a2 - - default default] /var/lib/kolla/venv/lib/python3.12/site-packages/urllib3/connectionpool.py:1110: InsecureRequestWarning: Unverified HTTPS request is being made to host '[LB_IP_ADDRESS]'. Adding certificate verification is strongly advised. See: https://urllib3.readthedocs.io/en/latest/advanced-usage.html#tls-warnings
  warnings.warn(

2026-10-10 03:55:55.108 87 INFO cinder.volume.manager [None req-16fd091d-a2a9-4900-adf0-1caf5f6890bf 1145c86d98c74861a4e345b5d004642d bea9e7a12f5e44bcbbee2eb04fc384a2 - - default default] Deleted volume successfully.
2026-10-10 03:55:55.549 87 INFO cinder.volume.flows.manager.create_volume [None req-2ee9faa7-8ea3-43a0-9a69-ef9d1682414f df9d1a3c5d6b4c25b97ced588bb01cfc 58efd116d2c0400ea98fdb88887b4d9b - - - -] Volume 7a6b956b-fe1d-41b5-a481-cdeea2c61dd1: being created as raw with specification: {'status': 'creating', 'volume_name': 'vol_7a6b956b-fe1d-41b5-a481-cdeea2c61dd1', 'volume_size': 1}
2026-10-10 03:55:55.549 87 INFO cinder.volume.drivers.lightos [None req-2ee9faa7-8ea3-43a0-9a69-ef9d1682414f df9d1a3c5d6b4c25b97ced588bb01cfc 58efd116d2c0400ea98fdb88887b4d9b - - - -] Invoking get_volume_by_name using GET url: /api/v2/projects/default/volumes/?name=vol_7a6b956b-fe1d-41b5-a481-cdeea2c61dd1             request.body: {} ssl_verify: False
2026-10-10 03:55:55.584 87 WARNING py.warnings [None req-2ee9faa7-8ea3-43a0-9a69-ef9d1682414f df9d1a3c5d6b4c25b97ced588bb01cfc 58efd116d2c0400ea98fdb88887b4d9b - - - -] /var/lib/kolla/venv/lib/python3.12/site-packages/urllib3/connectionpool.py:1110: InsecureRequestWarning: Unverified HTTPS request is being made to host '[LB_IP_ADDRESS]'. Adding certificate verification is strongly advised. See: https://urllib3.readthedocs.io/en/latest/advanced-usage.html#tls-warnings
  warnings.warn(

2026-10-10 03:55:55.594 87 INFO cinder.volume.drivers.lightos [None req-2ee9faa7-8ea3-43a0-9a69-ef9d1682414f df9d1a3c5d6b4c25b97ced588bb01cfc 58efd116d2c0400ea98fdb88887b4d9b - - - -] Invoking create_volume using POST url: /api/v2/projects/default/volumes             request.body: {'name': 'vol_7a6b956b-fe1d-41b5-a481-cdeea2c61dd1', 'size': '1 gib', 'replicaCount': '3', 'compression': 'False', 'acl': {'values': ['ALLOW_NONE']}, 'IPAcl': {'values': ['ALLOW_NONE']}, 'sourceSnapshotUUID': None, 'sourceSnapshotName': None} ssl_verify: False
2026-10-10 03:55:55.635 87 WARNING py.warnings [None req-2ee9faa7-8ea3-43a0-9a69-ef9d1682414f df9d1a3c5d6b4c25b97ced588bb01cfc 58efd116d2c0400ea98fdb88887b4d9b - - - -] /var/lib/kolla/venv/lib/python3.12/site-packages/urllib3/connectionpool.py:1110: InsecureRequestWarning: Unverified HTTPS request is being made to host '[LB_IP_ADDRESS]'. Adding certificate verification is strongly advised. See: https://urllib3.readthedocs.io/en/latest/advanced-usage.html#tls-warnings
  warnings.warn(

2026-10-10 03:55:55.659 87 INFO cinder.volume.drivers.lightos [None req-2ee9faa7-8ea3-43a0-9a69-ef9d1682414f df9d1a3c5d6b4c25b97ced588bb01cfc 58efd116d2c0400ea98fdb88887b4d9b - - - -] Invoking get_volume using GET url: /api/v2/projects/default/volumes/cee482db-1ea3-49d3-b454-8e5ee35f5e43             request.body: {} ssl_verify: False
2026-10-10 03:55:55.703 87 WARNING py.warnings [None req-2ee9faa7-8ea3-43a0-9a69-ef9d1682414f df9d1a3c5d6b4c25b97ced588bb01cfc 58efd116d2c0400ea98fdb88887b4d9b - - - -] /var/lib/kolla/venv/lib/python3.12/site-packages/urllib3/connectionpool.py:1110: InsecureRequestWarning: Unverified HTTPS request is being made to host '[LB_IP_ADDRESS]'. Adding certificate verification is strongly advised. See: https://urllib3.readthedocs.io/en/latest/advanced-usage.html#tls-warnings
  warnings.warn(

2026-10-10 03:55:55.736 87 INFO cinder.volume.flows.manager.create_volume [None req-2ee9faa7-8ea3-43a0-9a69-ef9d1682414f df9d1a3c5d6b4c25b97ced588bb01cfc 58efd116d2c0400ea98fdb88887b4d9b - - - -] Volume vol_7a6b956b-fe1d-41b5-a481-cdeea2c61dd1 (7a6b956b-fe1d-41b5-a481-cdeea2c61dd1): created successfully
2026-10-10 03:55:55.744 87 INFO cinder.volume.manager [None req-2ee9faa7-8ea3-43a0-9a69-ef9d1682414f df9d1a3c5d6b4c25b97ced588bb01cfc 58efd116d2c0400ea98fdb88887b4d9b - - - -] Created volume successfully.
2026-10-10 03:55:57.454 87 INFO cinder.volume.manager [None req-7084aeb5-ca61-4d2a-a1a1-25d3da4523ca a99f0a5259e94f4bbf24fc27bf8014d7 49d77b187846419cb06bcd9ee1f31217 - - default default] Transfer volume completed successfully.
2026-10-10 03:55:58.439 87 INFO cinder.volume.drivers.lightos [None req-7a9ac405-b099-40e0-adf1-78a098c31dbc 586d29bf132046f58d74ba21a16dc3fc a86923fa41b54e0fba634354a815653c - - default default] Invoking delete_volume using DELETE url: /api/v2/projects/default/volumes/cee482db-1ea3-49d3-b454-8e5ee35f5e43?             request.body:  ssl_verify: False
2026-10-10 03:55:58.475 87 WARNING py.warnings [None req-7a9ac405-b099-40e0-adf1-78a098c31dbc 586d29bf132046f58d74ba21a16dc3fc a86923fa41b54e0fba634354a815653c - - default default] /var/lib/kolla/venv/lib/python3.12/site-packages/urllib3/connectionpool.py:1110: InsecureRequestWarning: Unverified HTTPS request is being made to host '[LB_IP_ADDRESS]'. Adding certificate verification is strongly advised. See: https://urllib3.readthedocs.io/en/latest/advanced-usage.html#tls-warnings
  warnings.warn(

2026-10-10 03:55:58.511 87 INFO cinder.volume.drivers.lightos [None req-7a9ac405-b099-40e0-adf1-78a098c31dbc 586d29bf132046f58d74ba21a16dc3fc a86923fa41b54e0fba634354a815653c - - default default] Invoking get_volume using GET url: /api/v2/projects/default/volumes/cee482db-1ea3-49d3-b454-8e5ee35f5e43             request.body: {} ssl_verify: False
2026-10-10 03:55:58.559 87 WARNING py.warnings [None req-7a9ac405-b099-40e0-adf1-78a098c31dbc 586d29bf132046f58d74ba21a16dc3fc a86923fa41b54e0fba634354a815653c - - default default] /var/lib/kolla/venv/lib/python3.12/site-packages/urllib3/connectionpool.py:1110: InsecureRequestWarning: Unverified HTTPS request is being made to host '[LB_IP_ADDRESS]'. Adding certificate verification is strongly advised. See: https://urllib3.readthedocs.io/en/latest/advanced-usage.html#tls-warnings
  warnings.warn(

2026-10-10 03:55:58.702 87 INFO cinder.volume.manager [None req-7a9ac405-b099-40e0-adf1-78a098c31dbc 586d29bf132046f58d74ba21a16dc3fc a86923fa41b54e0fba634354a815653c - - default default] Deleted volume successfully.
2026-10-10 03:56:00.089 87 INFO cinder.volume.flows.manager.create_volume [None req-3dcaecff-5f18-4686-ac17-9c0af79e92b4 df9d1a3c5d6b4c25b97ced588bb01cfc 58efd116d2c0400ea98fdb88887b4d9b - - - -] Volume 04cc83e4-cb78-49f0-8cce-80a850112bb1: being created as raw with specification: {'status': 'creating', 'volume_name': 'vol_04cc83e4-cb78-49f0-8cce-80a850112bb1', 'volume_size': 1}
2026-10-10 03:56:00.090 87 INFO cinder.volume.drivers.lightos [None req-3dcaecff-5f18-4686-ac17-9c0af79e92b4 df9d1a3c5d6b4c25b97ced588bb01cfc 58efd116d2c0400ea98fdb88887b4d9b - - - -] Invoking get_volume_by_name using GET url: /api/v2/projects/default/volumes/?name=vol_04cc83e4-cb78-49f0-8cce-80a850112bb1             request.body: {} ssl_verify: False
2026-10-10 03:56:00.125 87 WARNING py.warnings [None req-3dcaecff-5f18-4686-ac17-9c0af79e92b4 df9d1a3c5d6b4c25b97ced588bb01cfc 58efd116d2c0400ea98fdb88887b4d9b - - - -] /var/lib/kolla/venv/lib/python3.12/site-packages/urllib3/connectionpool.py:1110: InsecureRequestWarning: Unverified HTTPS request is being made to host '[LB_IP_ADDRESS]'. Adding certificate verification is strongly advised. See: https://urllib3.readthedocs.io/en/latest/advanced-usage.html#tls-warnings
  warnings.warn(

2026-10-10 03:56:00.134 87 INFO cinder.volume.drivers.lightos [None req-3dcaecff-5f18-4686-ac17-9c0af79e92b4 df9d1a3c5d6b4c25b97ced588bb01cfc 58efd116d2c0400ea98fdb88887b4d9b - - - -] Invoking create_volume using POST url: /api/v2/projects/default/volumes             request.body: {'name': 'vol_04cc83e4-cb78-49f0-8cce-80a850112bb1', 'size': '1 gib', 'replicaCount': '3', 'compression': 'False', 'acl': {'values': ['ALLOW_NONE']}, 'IPAcl': {'values': ['ALLOW_NONE']}, 'sourceSnapshotUUID': None, 'sourceSnapshotName': None} ssl_verify: False
2026-10-10 03:56:00.174 87 WARNING py.warnings [None req-3dcaecff-5f18-4686-ac17-9c0af79e92b4 df9d1a3c5d6b4c25b97ced588bb01cfc 58efd116d2c0400ea98fdb88887b4d9b - - - -] /var/lib/kolla/venv/lib/python3.12/site-packages/urllib3/connectionpool.py:1110: InsecureRequestWarning: Unverified HTTPS request is being made to host '[LB_IP_ADDRESS]'. Adding certificate verification is strongly advised. See: https://urllib3.readthedocs.io/en/latest/advanced-usage.html#tls-warnings
  warnings.warn(

2026-10-10 03:56:00.204 87 INFO cinder.volume.drivers.lightos [None req-3dcaecff-5f18-4686-ac17-9c0af79e92b4 df9d1a3c5d6b4c25b97ced588bb01cfc 58efd116d2c0400ea98fdb88887b4d9b - - - -] Invoking get_volume using GET url: /api/v2/projects/default/volumes/7919392e-3836-48f5-94bc-fc039b7e81c8             request.body: {} ssl_verify: False
2026-10-10 03:56:00.248 87 WARNING py.warnings [None req-3dcaecff-5f18-4686-ac17-9c0af79e92b4 df9d1a3c5d6b4c25b97ced588bb01cfc 58efd116d2c0400ea98fdb88887b4d9b - - - -] /var/lib/kolla/venv/lib/python3.12/site-packages/urllib3/connectionpool.py:1110: InsecureRequestWarning: Unverified HTTPS request is being made to host '[LB_IP_ADDRESS]'. Adding certificate verification is strongly advised. See: https://urllib3.readthedocs.io/en/latest/advanced-usage.html#tls-warnings
  warnings.warn(

2026-10-10 03:56:01.277 87 INFO cinder.volume.drivers.lightos [None req-3dcaecff-5f18-4686-ac17-9c0af79e92b4 df9d1a3c5d6b4c25b97ced588bb01cfc 58efd116d2c0400ea98fdb88887b4d9b - - - -] Invoking get_volume using GET url: /api/v2/projects/default/volumes/7919392e-3836-48f5-94bc-fc039b7e81c8             request.body: {} ssl_verify: False
2026-10-10 03:56:01.323 87 WARNING py.warnings [None req-3dcaecff-5f18-4686-ac17-9c0af79e92b4 df9d1a3c5d6b4c25b97ced588bb01cfc 58efd116d2c0400ea98fdb88887b4d9b - - - -] /var/lib/kolla/venv/lib/python3.12/site-packages/urllib3/connectionpool.py:1110: InsecureRequestWarning: Unverified HTTPS request is being made to host '[LB_IP_ADDRESS]'. Adding certificate verification is strongly advised. See: https://urllib3.readthedocs.io/en/latest/advanced-usage.html#tls-warnings
  warnings.warn(

2026-10-10 03:56:01.357 87 INFO cinder.volume.flows.manager.create_volume [None req-3dcaecff-5f18-4686-ac17-9c0af79e92b4 df9d1a3c5d6b4c25b97ced588bb01cfc 58efd116d2c0400ea98fdb88887b4d9b - - - -] Volume vol_04cc83e4-cb78-49f0-8cce-80a850112bb1 (04cc83e4-cb78-49f0-8cce-80a850112bb1): created successfully
2026-10-10 03:56:01.364 87 INFO cinder.volume.manager [None req-3dcaecff-5f18-4686-ac17-9c0af79e92b4 df9d1a3c5d6b4c25b97ced588bb01cfc 58efd116d2c0400ea98fdb88887b4d9b - - - -] Created volume successfully.
2026-10-10 03:56:02.473 87 INFO cinder.volume.drivers.lightos [None req-067fd1a8-da6e-4234-bd5e-974976cb49da 586d29bf132046f58d74ba21a16dc3fc a86923fa41b54e0fba634354a815653c - - default default] Invoking delete_volume using DELETE url: /api/v2/projects/default/volumes/7919392e-3836-48f5-94bc-fc039b7e81c8?             request.body:  ssl_verify: False
2026-10-10 03:56:02.506 87 WARNING py.warnings [None req-067fd1a8-da6e-4234-bd5e-974976cb49da 586d29bf132046f58d74ba21a16dc3fc a86923fa41b54e0fba634354a815653c - - default default] /var/lib/kolla/venv/lib/python3.12/site-packages/urllib3/connectionpool.py:1110: InsecureRequestWarning: Unverified HTTPS request is being made to host '[LB_IP_ADDRESS]'. Adding certificate verification is strongly advised. See: https://urllib3.readthedocs.io/en/latest/advanced-usage.html#tls-warnings
  warnings.warn(

2026-10-10 03:56:02.529 87 INFO cinder.volume.drivers.lightos [None req-067fd1a8-da6e-4234-bd5e-974976cb49da 586d29bf132046f58d74ba21a16dc3fc a86923fa41b54e0fba634354a815653c - - default default] Invoking get_volume using GET url: /api/v2/projects/default/volumes/7919392e-3836-48f5-94bc-fc039b7e81c8             request.body: {} ssl_verify: False
2026-10-10 03:56:02.574 87 WARNING py.warnings [None req-067fd1a8-da6e-4234-bd5e-974976cb49da 586d29bf132046f58d74ba21a16dc3fc a86923fa41b54e0fba634354a815653c - - default default] /var/lib/kolla/venv/lib/python3.12/site-packages/urllib3/connectionpool.py:1110: InsecureRequestWarning: Unverified HTTPS request is being made to host '[LB_IP_ADDRESS]'. Adding certificate verification is strongly advised. See: https://urllib3.readthedocs.io/en/latest/advanced-usage.html#tls-warnings
  warnings.warn(

2026-10-10 03:56:02.736 87 INFO cinder.volume.manager [None req-067fd1a8-da6e-4234-bd5e-974976cb49da 586d29bf132046f58d74ba21a16dc3fc a86923fa41b54e0fba634354a815653c - - default default] Deleted volume successfully.
2026-10-10 03:56:07.734 87 WARNING cinder.image.glance [None req-cfa07fe7-0113-4519-b50d-1ad1a535c5ac d7da35d0d3d34891a1a24ad690f809ce a44bfbcaba70419db20c9ce391b7342c - - - -] Glance method get_image_locations is available but a dedicated [glance] section is required in the cinder configuration file to allow service-to-service communication.: glanceclient.exc.HTTPForbidden: HTTP 403 Forbidden: You are not authorized to complete fetch_image_location action.
2026-10-10 03:56:07.805 87 INFO cinder.volume.flows.manager.create_volume [None req-cfa07fe7-0113-4519-b50d-1ad1a535c5ac d7da35d0d3d34891a1a24ad690f809ce a44bfbcaba70419db20c9ce391b7342c - - - -] Volume 2b32b5be-260a-4d9a-a1e4-e193334ae1b5: being created as image with specification: {'status': 'creating', 'volume_name': 'vol_2b32b5be-260a-4d9a-a1e4-e193334ae1b5', 'volume_size': 1, 'image_id': '545c8ea5-cae4-4d3e-b3ff-02364f54bc85', 'image_location': (None, []), 'image_meta': {'name': 'cirros', 'disk_format': 'qcow2', 'container_format': 'bare', 'visibility': 'public', 'size': 12716032, 'virtual_size': 46137344, 'status': 'active', 'checksum': '443b7623e27ecf03dc9e01ee93f67afe', 'protected': False, 'min_ram': 0, 'min_disk': 0, 'owner': 'fa83639000624d7785ca4a397a2ed070', 'os_hidden': False, 'os_hash_algo': 'sha512', 'os_hash_value': '6513f21e44aa3da349f248188a44bc304a3653a04122d8fb4535423c8e1d14cd6a153f735bb0982e2161b5b5186106570c17a9e58b64dd39390617cd5a350f78', 'id': '545c8ea5-cae4-4d3e-b3ff-02364f54bc85', 'created_at': datetime.datetime(2026, 9, 6, 8, 21, 35, tzinfo=datetime.timezone.utc), 'updated_at': datetime.datetime(2026, 9, 6, 8, 21, 35, tzinfo=datetime.timezone.utc), 'tags': [], 'file': '/v2/images/545c8ea5-cae4-4d3e-b3ff-02364f54bc85/file', 'stores': 'file', 'properties': {'owner_specified.openstack.md5': '', 'owner_specified.openstack.object': 'images/cirros', 'owner_specified.openstack.sha256': ''}}, 'image_service': <cinder.image.glance.GlanceImageService object at 0x72d5cb893e30>}
2026-10-10 03:56:08.020 87 INFO cinder.image.image_utils [None req-cfa07fe7-0113-4519-b50d-1ad1a535c5ac d7da35d0d3d34891a1a24ad690f809ce a44bfbcaba70419db20c9ce391b7342c - - - -] Image download 12.13 MB at 12.13 MB/s
2026-10-10 03:56:08.052 87 INFO oslo.privsep.daemon [None req-cfa07fe7-0113-4519-b50d-1ad1a535c5ac d7da35d0d3d34891a1a24ad690f809ce a44bfbcaba70419db20c9ce391b7342c - - - -] Running privsep helper: ['sudo', 'cinder-rootwrap', '/etc/cinder/rootwrap.conf', 'privsep-helper', '--config-file', '/etc/cinder/cinder.conf', '--privsep_context', 'cinder.privsep.sys_admin_pctxt', '--privsep_sock_path', '/tmp/tmpjk18seif/privsep.sock']
2026-10-10 03:56:08.336 87 WARNING cinder.image.glance [None req-3e4bfe26-ffe7-4313-a874-109cd8784278 cabd19f7c2a8477eb6c7bcb30d0f2946 05108e895a7940fdabc0021871adeb51 - - - -] Glance method get_image_locations is available but a dedicated [glance] section is required in the cinder configuration file to allow service-to-service communication.: glanceclient.exc.HTTPForbidden: HTTP 403 Forbidden: You are not authorized to complete fetch_image_location action.
2026-10-10 03:56:08.400 87 INFO cinder.volume.flows.manager.create_volume [None req-3e4bfe26-ffe7-4313-a874-109cd8784278 cabd19f7c2a8477eb6c7bcb30d0f2946 05108e895a7940fdabc0021871adeb51 - - - -] Volume 8b805969-2c3c-428b-95e0-95ea08b8ae28: being created as image with specification: {'status': 'creating', 'volume_name': 'vol_8b805969-2c3c-428b-95e0-95ea08b8ae28', 'volume_size': 1, 'image_id': '545c8ea5-cae4-4d3e-b3ff-02364f54bc85', 'image_location': (None, []), 'image_meta': {'name': 'cirros', 'disk_format': 'qcow2', 'container_format': 'bare', 'visibility': 'public', 'size': 12716032, 'virtual_size': 46137344, 'status': 'active', 'checksum': '443b7623e27ecf03dc9e01ee93f67afe', 'protected': False, 'min_ram': 0, 'min_disk': 0, 'owner': 'fa83639000624d7785ca4a397a2ed070', 'os_hidden': False, 'os_hash_algo': 'sha512', 'os_hash_value': '6513f21e44aa3da349f248188a44bc304a3653a04122d8fb4535423c8e1d14cd6a153f735bb0982e2161b5b5186106570c17a9e58b64dd39390617cd5a350f78', 'id': '545c8ea5-cae4-4d3e-b3ff-02364f54bc85', 'created_at': datetime.datetime(2026, 9, 6, 8, 21, 35, tzinfo=datetime.timezone.utc), 'updated_at': datetime.datetime(2026, 9, 6, 8, 21, 35, tzinfo=datetime.timezone.utc), 'tags': [], 'file': '/v2/images/545c8ea5-cae4-4d3e-b3ff-02364f54bc85/file', 'stores': 'file', 'properties': {'owner_specified.openstack.md5': '', 'owner_specified.openstack.object': 'images/cirros', 'owner_specified.openstack.sha256': ''}}, 'image_service': <cinder.image.glance.GlanceImageService object at 0x72d5cbd04500>}
2026-10-10 03:56:08.594 87 INFO cinder.image.image_utils [None req-3e4bfe26-ffe7-4313-a874-109cd8784278 cabd19f7c2a8477eb6c7bcb30d0f2946 05108e895a7940fdabc0021871adeb51 - - - -] Image download 12.13 MB at 12.13 MB/s
2026-10-10 03:56:08.822 87 INFO oslo.privsep.daemon [None req-cfa07fe7-0113-4519-b50d-1ad1a535c5ac d7da35d0d3d34891a1a24ad690f809ce a44bfbcaba70419db20c9ce391b7342c - - - -] Spawned new privsep daemon via rootwrap
2026-10-10 03:56:08.681 171 INFO oslo.privsep.daemon [-] privsep daemon starting
2026-10-10 03:56:08.689 171 INFO oslo.privsep.daemon [-] privsep process running with uid/gid: 0/0
2026-10-10 03:56:08.692 171 INFO oslo.privsep.daemon [-] privsep process running with capabilities (eff/prm/inh): CAP_CHOWN|CAP_DAC_OVERRIDE|CAP_DAC_READ_SEARCH|CAP_FOWNER|CAP_NET_ADMIN|CAP_SYS_ADMIN/CAP_CHOWN|CAP_DAC_OVERRIDE|CAP_DAC_READ_SEARCH|CAP_FOWNER|CAP_NET_ADMIN|CAP_SYS_ADMIN/none
2026-10-10 03:56:08.692 171 INFO oslo.privsep.daemon [-] privsep daemon running as pid 171
2026-10-10 03:56:08.829 87 WARNING oslo_privsep.priv_context [None req-3e4bfe26-ffe7-4313-a874-109cd8784278 cabd19f7c2a8477eb6c7bcb30d0f2946 05108e895a7940fdabc0021871adeb51 - - - -] privsep daemon already running
2026-10-10 03:56:09.327 87 INFO cinder.volume.flows.manager.create_volume [None req-18e692e3-8af8-407f-af69-83c5768e05ad 086c073044d44a7cbdc80f7a92220b73 06738d705c3b46b8b74f50600e1cc5de - - - -] Volume 2d178f7e-6dcd-4408-9ad9-07d16c19f6b7: being created as raw with specification: {'status': 'creating', 'volume_name': 'vol_2d178f7e-6dcd-4408-9ad9-07d16c19f6b7', 'volume_size': 1}
2026-10-10 03:56:09.327 87 INFO cinder.volume.drivers.lightos [None req-18e692e3-8af8-407f-af69-83c5768e05ad 086c073044d44a7cbdc80f7a92220b73 06738d705c3b46b8b74f50600e1cc5de - - - -] Invoking get_volume_by_name using GET url: /api/v2/projects/default/volumes/?name=vol_2d178f7e-6dcd-4408-9ad9-07d16c19f6b7             request.body: {} ssl_verify: False
2026-10-10 03:56:09.364 87 WARNING py.warnings [None req-18e692e3-8af8-407f-af69-83c5768e05ad 086c073044d44a7cbdc80f7a92220b73 06738d705c3b46b8b74f50600e1cc5de - - - -] /var/lib/kolla/venv/lib/python3.12/site-packages/urllib3/connectionpool.py:1110: InsecureRequestWarning: Unverified HTTPS request is being made to host '[LB_IP_ADDRESS]'. Adding certificate verification is strongly advised. See: https://urllib3.readthedocs.io/en/latest/advanced-usage.html#tls-warnings
  warnings.warn(

2026-10-10 03:56:09.372 87 INFO cinder.volume.drivers.lightos [None req-18e692e3-8af8-407f-af69-83c5768e05ad 086c073044d44a7cbdc80f7a92220b73 06738d705c3b46b8b74f50600e1cc5de - - - -] Invoking create_volume using POST url: /api/v2/projects/default/volumes             request.body: {'name': 'vol_2d178f7e-6dcd-4408-9ad9-07d16c19f6b7', 'size': '1 gib', 'replicaCount': '3', 'compression': 'False', 'acl': {'values': ['ALLOW_NONE']}, 'IPAcl': {'values': ['ALLOW_NONE']}, 'sourceSnapshotUUID': None, 'sourceSnapshotName': None} ssl_verify: False
2026-10-10 03:56:09.407 87 WARNING py.warnings [None req-18e692e3-8af8-407f-af69-83c5768e05ad 086c073044d44a7cbdc80f7a92220b73 06738d705c3b46b8b74f50600e1cc5de - - - -] /var/lib/kolla/venv/lib/python3.12/site-packages/urllib3/connectionpool.py:1110: InsecureRequestWarning: Unverified HTTPS request is being made to host '[LB_IP_ADDRESS]'. Adding certificate verification is strongly advised. See: https://urllib3.readthedocs.io/en/latest/advanced-usage.html#tls-warnings
  warnings.warn(

2026-10-10 03:56:09.430 87 INFO cinder.volume.drivers.lightos [None req-18e692e3-8af8-407f-af69-83c5768e05ad 086c073044d44a7cbdc80f7a92220b73 06738d705c3b46b8b74f50600e1cc5de - - - -] Invoking get_volume using GET url: /api/v2/projects/default/volumes/e827273f-3997-4976-8acb-8f563ebd297d             request.body: {} ssl_verify: False
2026-10-10 03:56:09.469 87 WARNING py.warnings [None req-18e692e3-8af8-407f-af69-83c5768e05ad 086c073044d44a7cbdc80f7a92220b73 06738d705c3b46b8b74f50600e1cc5de - - - -] /var/lib/kolla/venv/lib/python3.12/site-packages/urllib3/connectionpool.py:1110: InsecureRequestWarning: Unverified HTTPS request is being made to host '[LB_IP_ADDRESS]'. Adding certificate verification is strongly advised. See: https://urllib3.readthedocs.io/en/latest/advanced-usage.html#tls-warnings
  warnings.warn(

2026-10-10 03:56:09.590 87 INFO cinder.volume.drivers.lightos [None req-cfa07fe7-0113-4519-b50d-1ad1a535c5ac d7da35d0d3d34891a1a24ad690f809ce a44bfbcaba70419db20c9ce391b7342c - - - -] Invoking get_volume_by_name using GET url: /api/v2/projects/default/volumes/?name=vol_2b32b5be-260a-4d9a-a1e4-e193334ae1b5             request.body: {} ssl_verify: False
2026-10-10 03:56:09.632 87 INFO cinder.volume.drivers.lightos [None req-3e4bfe26-ffe7-4313-a874-109cd8784278 cabd19f7c2a8477eb6c7bcb30d0f2946 05108e895a7940fdabc0021871adeb51 - - - -] Invoking get_volume_by_name using GET url: /api/v2/projects/default/volumes/?name=vol_8b805969-2c3c-428b-95e0-95ea08b8ae28             request.body: {} ssl_verify: False
2026-10-10 03:56:09.660 87 WARNING py.warnings [None req-cfa07fe7-0113-4519-b50d-1ad1a535c5ac d7da35d0d3d34891a1a24ad690f809ce a44bfbcaba70419db20c9ce391b7342c - - - -] /var/lib/kolla/venv/lib/python3.12/site-packages/urllib3/connectionpool.py:1110: InsecureRequestWarning: Unverified HTTPS request is being made to host '[LB_IP_ADDRESS]'. Adding certificate verification is strongly advised. See: https://urllib3.readthedocs.io/en/latest/advanced-usage.html#tls-warnings
  warnings.warn(

2026-10-10 03:56:09.664 87 WARNING py.warnings [None req-3e4bfe26-ffe7-4313-a874-109cd8784278 cabd19f7c2a8477eb6c7bcb30d0f2946 05108e895a7940fdabc0021871adeb51 - - - -] /var/lib/kolla/venv/lib/python3.12/site-packages/urllib3/connectionpool.py:1110: InsecureRequestWarning: Unverified HTTPS request is being made to host '[LB_IP_ADDRESS]'. Adding certificate verification is strongly advised. See: https://urllib3.readthedocs.io/en/latest/advanced-usage.html#tls-warnings
  warnings.warn(

2026-10-10 03:56:09.669 87 INFO cinder.volume.drivers.lightos [None req-cfa07fe7-0113-4519-b50d-1ad1a535c5ac d7da35d0d3d34891a1a24ad690f809ce a44bfbcaba70419db20c9ce391b7342c - - - -] Invoking create_volume using POST url: /api/v2/projects/default/volumes             request.body: {'name': 'vol_2b32b5be-260a-4d9a-a1e4-e193334ae1b5', 'size': '1 gib', 'replicaCount': '3', 'compression': 'False', 'acl': {'values': ['ALLOW_NONE']}, 'IPAcl': {'values': ['ALLOW_NONE']}, 'sourceSnapshotUUID': None, 'sourceSnapshotName': None} ssl_verify: False
2026-10-10 03:56:09.698 87 INFO cinder.volume.drivers.lightos [None req-3e4bfe26-ffe7-4313-a874-109cd8784278 cabd19f7c2a8477eb6c7bcb30d0f2946 05108e895a7940fdabc0021871adeb51 - - - -] Invoking create_volume using POST url: /api/v2/projects/default/volumes             request.body: {'name': 'vol_8b805969-2c3c-428b-95e0-95ea08b8ae28', 'size': '1 gib', 'replicaCount': '3', 'compression': 'False', 'acl': {'values': ['ALLOW_NONE']}, 'IPAcl': {'values': ['ALLOW_NONE']}, 'sourceSnapshotUUID': None, 'sourceSnapshotName': None} ssl_verify: False
2026-10-10 03:56:09.725 87 WARNING py.warnings [None req-cfa07fe7-0113-4519-b50d-1ad1a535c5ac d7da35d0d3d34891a1a24ad690f809ce a44bfbcaba70419db20c9ce391b7342c - - - -] /var/lib/kolla/venv/lib/python3.12/site-packages/urllib3/connectionpool.py:1110: InsecureRequestWarning: Unverified HTTPS request is being made to host '[LB_IP_ADDRESS]'. Adding certificate verification is strongly advised. See: https://urllib3.readthedocs.io/en/latest/advanced-usage.html#tls-warnings
  warnings.warn(

2026-10-10 03:56:09.730 87 WARNING py.warnings [None req-3e4bfe26-ffe7-4313-a874-109cd8784278 cabd19f7c2a8477eb6c7bcb30d0f2946 05108e895a7940fdabc0021871adeb51 - - - -] /var/lib/kolla/venv/lib/python3.12/site-packages/urllib3/connectionpool.py:1110: InsecureRequestWarning: Unverified HTTPS request is being made to host '[LB_IP_ADDRESS]'. Adding certificate verification is strongly advised. See: https://urllib3.readthedocs.io/en/latest/advanced-usage.html#tls-warnings
  warnings.warn(

2026-10-10 03:56:09.749 87 INFO cinder.volume.drivers.lightos [None req-cfa07fe7-0113-4519-b50d-1ad1a535c5ac d7da35d0d3d34891a1a24ad690f809ce a44bfbcaba70419db20c9ce391b7342c - - - -] Invoking get_volume using GET url: /api/v2/projects/default/volumes/f5d62403-67d1-4edb-81d0-c773c19809a3             request.body: {} ssl_verify: False
2026-10-10 03:56:09.795 87 WARNING py.warnings [None req-cfa07fe7-0113-4519-b50d-1ad1a535c5ac d7da35d0d3d34891a1a24ad690f809ce a44bfbcaba70419db20c9ce391b7342c - - - -] /var/lib/kolla/venv/lib/python3.12/site-packages/urllib3/connectionpool.py:1110: InsecureRequestWarning: Unverified HTTPS request is being made to host '[LB_IP_ADDRESS]'. Adding certificate verification is strongly advised. See: https://urllib3.readthedocs.io/en/latest/advanced-usage.html#tls-warnings
  warnings.warn(

2026-10-10 03:56:09.797 87 INFO cinder.volume.drivers.lightos [None req-3e4bfe26-ffe7-4313-a874-109cd8784278 cabd19f7c2a8477eb6c7bcb30d0f2946 05108e895a7940fdabc0021871adeb51 - - - -] Invoking get_volume using GET url: /api/v2/projects/default/volumes/1562ca4f-281a-4236-b0fa-f11da6fa551a             request.body: {} ssl_verify: False
2026-10-10 03:56:09.833 87 WARNING py.warnings [None req-3e4bfe26-ffe7-4313-a874-109cd8784278 cabd19f7c2a8477eb6c7bcb30d0f2946 05108e895a7940fdabc0021871adeb51 - - - -] /var/lib/kolla/venv/lib/python3.12/site-packages/urllib3/connectionpool.py:1110: InsecureRequestWarning: Unverified HTTPS request is being made to host '[LB_IP_ADDRESS]'. Adding certificate verification is strongly advised. See: https://urllib3.readthedocs.io/en/latest/advanced-usage.html#tls-warnings
  warnings.warn(

2026-10-10 03:56:10.480 87 INFO cinder.volume.drivers.lightos [None req-18e692e3-8af8-407f-af69-83c5768e05ad 086c073044d44a7cbdc80f7a92220b73 06738d705c3b46b8b74f50600e1cc5de - - - -] Invoking get_volume using GET url: /api/v2/projects/default/volumes/e827273f-3997-4976-8acb-8f563ebd297d             request.body: {} ssl_verify: False
2026-10-10 03:56:10.527 87 WARNING py.warnings [None req-18e692e3-8af8-407f-af69-83c5768e05ad 086c073044d44a7cbdc80f7a92220b73 06738d705c3b46b8b74f50600e1cc5de - - - -] /var/lib/kolla/venv/lib/python3.12/site-packages/urllib3/connectionpool.py:1110: InsecureRequestWarning: Unverified HTTPS request is being made to host '[LB_IP_ADDRESS]'. Adding certificate verification is strongly advised. See: https://urllib3.readthedocs.io/en/latest/advanced-usage.html#tls-warnings
  warnings.warn(

2026-10-10 03:56:10.563 87 INFO cinder.volume.flows.manager.create_volume [None req-18e692e3-8af8-407f-af69-83c5768e05ad 086c073044d44a7cbdc80f7a92220b73 06738d705c3b46b8b74f50600e1cc5de - - - -] Volume vol_2d178f7e-6dcd-4408-9ad9-07d16c19f6b7 (2d178f7e-6dcd-4408-9ad9-07d16c19f6b7): created successfully
2026-10-10 03:56:10.571 87 INFO cinder.volume.manager [None req-18e692e3-8af8-407f-af69-83c5768e05ad 086c073044d44a7cbdc80f7a92220b73 06738d705c3b46b8b74f50600e1cc5de - - - -] Created volume successfully.
2026-10-10 03:56:10.827 87 INFO cinder.volume.drivers.lightos [None req-cfa07fe7-0113-4519-b50d-1ad1a535c5ac d7da35d0d3d34891a1a24ad690f809ce a44bfbcaba70419db20c9ce391b7342c - - - -] Invoking get_volume using GET url: /api/v2/projects/default/volumes/f5d62403-67d1-4edb-81d0-c773c19809a3             request.body: {} ssl_verify: False
2026-10-10 03:56:10.866 87 INFO cinder.volume.drivers.lightos [None req-3e4bfe26-ffe7-4313-a874-109cd8784278 cabd19f7c2a8477eb6c7bcb30d0f2946 05108e895a7940fdabc0021871adeb51 - - - -] Invoking get_volume using GET url: /api/v2/projects/default/volumes/1562ca4f-281a-4236-b0fa-f11da6fa551a             request.body: {} ssl_verify: False
2026-10-10 03:56:10.894 87 WARNING py.warnings [None req-cfa07fe7-0113-4519-b50d-1ad1a535c5ac d7da35d0d3d34891a1a24ad690f809ce a44bfbcaba70419db20c9ce391b7342c - - - -] /var/lib/kolla/venv/lib/python3.12/site-packages/urllib3/connectionpool.py:1110: InsecureRequestWarning: Unverified HTTPS request is being made to host '[LB_IP_ADDRESS]'. Adding certificate verification is strongly advised. See: https://urllib3.readthedocs.io/en/latest/advanced-usage.html#tls-warnings
  warnings.warn(

2026-10-10 03:56:10.900 87 WARNING py.warnings [None req-3e4bfe26-ffe7-4313-a874-109cd8784278 cabd19f7c2a8477eb6c7bcb30d0f2946 05108e895a7940fdabc0021871adeb51 - - - -] /var/lib/kolla/venv/lib/python3.12/site-packages/urllib3/connectionpool.py:1110: InsecureRequestWarning: Unverified HTTPS request is being made to host '[LB_IP_ADDRESS]'. Adding certificate verification is strongly advised. See: https://urllib3.readthedocs.io/en/latest/advanced-usage.html#tls-warnings
  warnings.warn(

2026-10-10 03:56:10.936 87 INFO oslo.privsep.daemon [None req-cfa07fe7-0113-4519-b50d-1ad1a535c5ac d7da35d0d3d34891a1a24ad690f809ce a44bfbcaba70419db20c9ce391b7342c - - - -] Running privsep helper: ['sudo', '-E', 'cinder-rootwrap', '/etc/cinder/rootwrap.conf', 'privsep-helper', '--config-file', '/etc/cinder/cinder.conf', '--privsep_context', 'os_brick.privileged.default', '--privsep_sock_path', '/tmp/tmpbo0az0tq/privsep.sock']
2026-10-10 03:56:11.453 87 INFO oslo.privsep.daemon [None req-cfa07fe7-0113-4519-b50d-1ad1a535c5ac d7da35d0d3d34891a1a24ad690f809ce a44bfbcaba70419db20c9ce391b7342c - - - -] Spawned new privsep daemon via rootwrap
2026-10-10 03:56:11.458 87 WARNING oslo_privsep.priv_context [None req-3e4bfe26-ffe7-4313-a874-109cd8784278 cabd19f7c2a8477eb6c7bcb30d0f2946 05108e895a7940fdabc0021871adeb51 - - - -] privsep daemon already running
2026-10-10 03:56:11.604 87 INFO os_brick.initiator.connectors.lightos [None req-cfa07fe7-0113-4519-b50d-1ad1a535c5ac d7da35d0d3d34891a1a24ad690f809ce a44bfbcaba70419db20c9ce391b7342c - - - -] Current host hostNQN nqn.2014-08.org.nvmexpress:uuid:1136ecdd-b326-5080-93cd-b4d75d7810d9 and IP(s) are ['[LB_IP_ADDRESS]', 'fe80::3e47:9a62:83ae:42f6', '[LB_IP_ADDRESS]', 'fe80::1527:3e78:1ef1:1fe7', '[LB_IP_ADDRESS]', 'fd00::a:13:1a:6', 'fe80::5fef:b54a:d77d:fcd4'] 
2026-10-10 03:56:11.605 87 INFO cinder.volume.drivers.lightos [None req-cfa07fe7-0113-4519-b50d-1ad1a535c5ac d7da35d0d3d34891a1a24ad690f809ce a44bfbcaba70419db20c9ce391b7342c - - - -] Current host hostNQN is nqn.2014-08.org.nvmexpress:uuid:1136ecdd-b326-5080-93cd-b4d75d7810d9 and IP(s) are ['[LB_IP_ADDRESS]', 'fe80::3e47:9a62:83ae:42f6', '[LB_IP_ADDRESS]', 'fe80::1527:3e78:1ef1:1fe7', '[LB_IP_ADDRESS]', 'fd00::a:13:1a:6', 'fe80::5fef:b54a:d77d:fcd4']
2026-10-10 03:56:11.605 87 INFO cinder.volume.drivers.lightos [None req-cfa07fe7-0113-4519-b50d-1ad1a535c5ac d7da35d0d3d34891a1a24ad690f809ce a44bfbcaba70419db20c9ce391b7342c - - - -] Invoking get_volume_by_name using GET url: /api/v2/projects/default/volumes/?name=vol_2b32b5be-260a-4d9a-a1e4-e193334ae1b5             request.body: {} ssl_verify: False
2026-10-10 03:56:11.644 87 WARNING py.warnings [None req-cfa07fe7-0113-4519-b50d-1ad1a535c5ac d7da35d0d3d34891a1a24ad690f809ce a44bfbcaba70419db20c9ce391b7342c - - - -] /var/lib/kolla/venv/lib/python3.12/site-packages/urllib3/connectionpool.py:1110: InsecureRequestWarning: Unverified HTTPS request is being made to host '[LB_IP_ADDRESS]'. Adding certificate verification is strongly advised. See: https://urllib3.readthedocs.io/en/latest/advanced-usage.html#tls-warnings
  warnings.warn(

2026-10-10 03:56:11.645 87 INFO os_brick.initiator.connectors.lightos [None req-3e4bfe26-ffe7-4313-a874-109cd8784278 cabd19f7c2a8477eb6c7bcb30d0f2946 05108e895a7940fdabc0021871adeb51 - - - -] Current host hostNQN nqn.2014-08.org.nvmexpress:uuid:1136ecdd-b326-5080-93cd-b4d75d7810d9 and IP(s) are ['[LB_IP_ADDRESS]', 'fe80::3e47:9a62:83ae:42f6', '[LB_IP_ADDRESS]', 'fe80::1527:3e78:1ef1:1fe7', '[LB_IP_ADDRESS]', 'fd00::a:13:1a:6', 'fe80::5fef:b54a:d77d:fcd4'] 
2026-10-10 03:56:11.646 87 INFO cinder.volume.drivers.lightos [None req-3e4bfe26-ffe7-4313-a874-109cd8784278 cabd19f7c2a8477eb6c7bcb30d0f2946 05108e895a7940fdabc0021871adeb51 - - - -] Current host hostNQN is nqn.2014-08.org.nvmexpress:uuid:1136ecdd-b326-5080-93cd-b4d75d7810d9 and IP(s) are ['[LB_IP_ADDRESS]', 'fe80::3e47:9a62:83ae:42f6', '[LB_IP_ADDRESS]', 'fe80::1527:3e78:1ef1:1fe7', '[LB_IP_ADDRESS]', 'fd00::a:13:1a:6', 'fe80::5fef:b54a:d77d:fcd4']
2026-10-10 03:56:11.646 87 INFO cinder.volume.drivers.lightos [None req-3e4bfe26-ffe7-4313-a874-109cd8784278 cabd19f7c2a8477eb6c7bcb30d0f2946 05108e895a7940fdabc0021871adeb51 - - - -] Invoking get_volume_by_name using GET url: /api/v2/projects/default/volumes/?name=vol_8b805969-2c3c-428b-95e0-95ea08b8ae28             request.body: {} ssl_verify: False
2026-10-10 03:56:11.678 87 INFO cinder.volume.drivers.lightos [None req-cfa07fe7-0113-4519-b50d-1ad1a535c5ac d7da35d0d3d34891a1a24ad690f809ce a44bfbcaba70419db20c9ce391b7342c - - - -] Invoking update_volume using PUT url: /api/v2/projects/default/volumes/f5d62403-67d1-4edb-81d0-c773c19809a3             request.body: {'acl': {'values': ['nqn.2014-08.org.nvmexpress:uuid:1136ecdd-b326-5080-93cd-b4d75d7810d9']}, 'IPAcl': {'values': ['fd00::a:13:1a:6', 'fe80::3e47:9a62:83ae:42f6', 'fe80::5fef:b54a:d77d:fcd4', '[LB_IP_ADDRESS]', '[LB_IP_ADDRESS]', '[LB_IP_ADDRESS]', 'fe80::1527:3e78:1ef1:1fe7']}} ssl_verify: False
2026-10-10 03:56:11.707 87 WARNING py.warnings [None req-3e4bfe26-ffe7-4313-a874-109cd8784278 cabd19f7c2a8477eb6c7bcb30d0f2946 05108e895a7940fdabc0021871adeb51 - - - -] /var/lib/kolla/venv/lib/python3.12/site-packages/urllib3/connectionpool.py:1110: InsecureRequestWarning: Unverified HTTPS request is being made to host '[LB_IP_ADDRESS]'. Adding certificate verification is strongly advised. See: https://urllib3.readthedocs.io/en/latest/advanced-usage.html#tls-warnings
  warnings.warn(

2026-10-10 03:56:11.716 87 INFO cinder.volume.drivers.lightos [None req-c8c6e57e-c3c4-47ca-8277-6a4a8bdf179b 086c073044d44a7cbdc80f7a92220b73 06738d705c3b46b8b74f50600e1cc5de - - - -] Invoking get_snapshot_by_name using GET url: /api/v2/projects/default/snapshots/?Name=snapshot-d1adb216-2ff6-4e10-8c8d-8e5f09beaa60             request.body: {} ssl_verify: False
2026-10-10 03:56:11.718 87 WARNING py.warnings [None req-cfa07fe7-0113-4519-b50d-1ad1a535c5ac d7da35d0d3d34891a1a24ad690f809ce a44bfbcaba70419db20c9ce391b7342c - - - -] /var/lib/kolla/venv/lib/python3.12/site-packages/urllib3/connectionpool.py:1110: InsecureRequestWarning: Unverified HTTPS request is being made to host '[LB_IP_ADDRESS]'. Adding certificate verification is strongly advised. See: https://urllib3.readthedocs.io/en/latest/advanced-usage.html#tls-warnings
  warnings.warn(

2026-10-10 03:56:11.746 87 INFO cinder.volume.drivers.lightos [None req-3e4bfe26-ffe7-4313-a874-109cd8784278 cabd19f7c2a8477eb6c7bcb30d0f2946 05108e895a7940fdabc0021871adeb51 - - - -] Invoking update_volume using PUT url: /api/v2/projects/default/volumes/1562ca4f-281a-4236-b0fa-f11da6fa551a             request.body: {'acl': {'values': ['nqn.2014-08.org.nvmexpress:uuid:1136ecdd-b326-5080-93cd-b4d75d7810d9']}, 'IPAcl': {'values': ['fd00::a:13:1a:6', 'fe80::3e47:9a62:83ae:42f6', 'fe80::5fef:b54a:d77d:fcd4', '[LB_IP_ADDRESS]', '[LB_IP_ADDRESS]', '[LB_IP_ADDRESS]', 'fe80::1527:3e78:1ef1:1fe7']}} ssl_verify: False
2026-10-10 03:56:11.778 87 WARNING py.warnings [None req-c8c6e57e-c3c4-47ca-8277-6a4a8bdf179b 086c073044d44a7cbdc80f7a92220b73 06738d705c3b46b8b74f50600e1cc5de - - - -] /var/lib/kolla/venv/lib/python3.12/site-packages/urllib3/connectionpool.py:1110: InsecureRequestWarning: Unverified HTTPS request is being made to host '[LB_IP_ADDRESS]'. Adding certificate verification is strongly advised. See: https://urllib3.readthedocs.io/en/latest/advanced-usage.html#tls-warnings
  warnings.warn(

2026-10-10 03:56:11.780 87 INFO cinder.volume.drivers.lightos [None req-cfa07fe7-0113-4519-b50d-1ad1a535c5ac d7da35d0d3d34891a1a24ad690f809ce a44bfbcaba70419db20c9ce391b7342c - - - -] Invoking get_volume_by_name using GET url: /api/v2/projects/default/volumes/?name=vol_2b32b5be-260a-4d9a-a1e4-e193334ae1b5             request.body: {} ssl_verify: False
2026-10-10 03:56:11.813 87 WARNING py.warnings [None req-3e4bfe26-ffe7-4313-a874-109cd8784278 cabd19f7c2a8477eb6c7bcb30d0f2946 05108e895a7940fdabc0021871adeb51 - - - -] /var/lib/kolla/venv/lib/python3.12/site-packages/urllib3/connectionpool.py:1110: InsecureRequestWarning: Unverified HTTPS request is being made to host '[LB_IP_ADDRESS]'. Adding certificate verification is strongly advised. See: https://urllib3.readthedocs.io/en/latest/advanced-usage.html#tls-warnings
  warnings.warn(

2026-10-10 03:56:11.815 87 INFO cinder.volume.drivers.lightos [None req-c8c6e57e-c3c4-47ca-8277-6a4a8bdf179b 086c073044d44a7cbdc80f7a92220b73 06738d705c3b46b8b74f50600e1cc5de - - - -] Invoking create_snapshot using POST url: /api/v2/projects/default/snapshots             request.body: {'name': 'snapshot-d1adb216-2ff6-4e10-8c8d-8e5f09beaa60', 'sourceVolumeUUID': None, 'sourceVolumeName': 'vol_2d178f7e-6dcd-4408-9ad9-07d16c19f6b7'} ssl_verify: False
2026-10-10 03:56:11.817 87 WARNING py.warnings [None req-cfa07fe7-0113-4519-b50d-1ad1a535c5ac d7da35d0d3d34891a1a24ad690f809ce a44bfbcaba70419db20c9ce391b7342c - - - -] /var/lib/kolla/venv/lib/python3.12/site-packages/urllib3/connectionpool.py:1110: InsecureRequestWarning: Unverified HTTPS request is being made to host '[LB_IP_ADDRESS]'. Adding certificate verification is strongly advised. See: https://urllib3.readthedocs.io/en/latest/advanced-usage.html#tls-warnings
  warnings.warn(

2026-10-10 03:56:11.847 87 INFO cinder.volume.drivers.lightos [None req-3e4bfe26-ffe7-4313-a874-109cd8784278 cabd19f7c2a8477eb6c7bcb30d0f2946 05108e895a7940fdabc0021871adeb51 - - - -] Invoking get_volume_by_name using GET url: /api/v2/projects/default/volumes/?name=vol_8b805969-2c3c-428b-95e0-95ea08b8ae28             request.body: {} ssl_verify: False
2026-10-10 03:56:11.882 87 WARNING py.warnings [None req-c8c6e57e-c3c4-47ca-8277-6a4a8bdf179b 086c073044d44a7cbdc80f7a92220b73 06738d705c3b46b8b74f50600e1cc5de - - - -] /var/lib/kolla/venv/lib/python3.12/site-packages/urllib3/connectionpool.py:1110: InsecureRequestWarning: Unverified HTTPS request is being made to host '[LB_IP_ADDRESS]'. Adding certificate verification is strongly advised. See: https://urllib3.readthedocs.io/en/latest/advanced-usage.html#tls-warnings
  warnings.warn(

2026-10-10 03:56:11.888 87 WARNING py.warnings [None req-3e4bfe26-ffe7-4313-a874-109cd8784278 cabd19f7c2a8477eb6c7bcb30d0f2946 05108e895a7940fdabc0021871adeb51 - - - -] /var/lib/kolla/venv/lib/python3.12/site-packages/urllib3/connectionpool.py:1110: InsecureRequestWarning: Unverified HTTPS request is being made to host '[LB_IP_ADDRESS]'. Adding certificate verification is strongly advised. See: https://urllib3.readthedocs.io/en/latest/advanced-usage.html#tls-warnings
  warnings.warn(

2026-10-10 03:56:11.920 87 INFO cinder.volume.drivers.lightos [None req-c8c6e57e-c3c4-47ca-8277-6a4a8bdf179b 086c073044d44a7cbdc80f7a92220b73 06738d705c3b46b8b74f50600e1cc5de - - - -] Invoking get_snapshot_by_name using GET url: /api/v2/projects/default/snapshots/?Name=snapshot-d1adb216-2ff6-4e10-8c8d-8e5f09beaa60             request.body: {} ssl_verify: False
2026-10-10 03:56:11.966 87 WARNING py.warnings [None req-c8c6e57e-c3c4-47ca-8277-6a4a8bdf179b 086c073044d44a7cbdc80f7a92220b73 06738d705c3b46b8b74f50600e1cc5de - - - -] /var/lib/kolla/venv/lib/python3.12/site-packages/urllib3/connectionpool.py:1110: InsecureRequestWarning: Unverified HTTPS request is being made to host '[LB_IP_ADDRESS]'. Adding certificate verification is strongly advised. See: https://urllib3.readthedocs.io/en/latest/advanced-usage.html#tls-warnings
  warnings.warn(

2026-10-10 03:56:12.850 87 INFO cinder.volume.drivers.lightos [None req-cfa07fe7-0113-4519-b50d-1ad1a535c5ac d7da35d0d3d34891a1a24ad690f809ce a44bfbcaba70419db20c9ce391b7342c - - - -] Invoking get_volume_by_name using GET url: /api/v2/projects/default/volumes/?name=vol_2b32b5be-260a-4d9a-a1e4-e193334ae1b5             request.body: {} ssl_verify: False
2026-10-10 03:56:12.896 87 WARNING py.warnings [None req-cfa07fe7-0113-4519-b50d-1ad1a535c5ac d7da35d0d3d34891a1a24ad690f809ce a44bfbcaba70419db20c9ce391b7342c - - - -] /var/lib/kolla/venv/lib/python3.12/site-packages/urllib3/connectionpool.py:1110: InsecureRequestWarning: Unverified HTTPS request is being made to host '[LB_IP_ADDRESS]'. Adding certificate verification is strongly advised. See: https://urllib3.readthedocs.io/en/latest/advanced-usage.html#tls-warnings
  warnings.warn(

2026-10-10 03:56:12.907 87 INFO cinder.volume.drivers.lightos [None req-3e4bfe26-ffe7-4313-a874-109cd8784278 cabd19f7c2a8477eb6c7bcb30d0f2946 05108e895a7940fdabc0021871adeb51 - - - -] Invoking get_volume_by_name using GET url: /api/v2/projects/default/volumes/?name=vol_8b805969-2c3c-428b-95e0-95ea08b8ae28             request.body: {} ssl_verify: False
2026-10-10 03:56:12.912 87 INFO cinder.volume.drivers.lightos [None req-cfa07fe7-0113-4519-b50d-1ad1a535c5ac d7da35d0d3d34891a1a24ad690f809ce a44bfbcaba70419db20c9ce391b7342c - - - -] Invoking get_volume_by_name using GET url: /api/v2/projects/default/volumes/?name=vol_2b32b5be-260a-4d9a-a1e4-e193334ae1b5             request.body: {} ssl_verify: False
2026-10-10 03:56:12.973 87 WARNING py.warnings [None req-3e4bfe26-ffe7-4313-a874-109cd8784278 cabd19f7c2a8477eb6c7bcb30d0f2946 05108e895a7940fdabc0021871adeb51 - - - -] /var/lib/kolla/venv/lib/python3.12/site-packages/urllib3/connectionpool.py:1110: InsecureRequestWarning: Unverified HTTPS request is being made to host '[LB_IP_ADDRESS]'. Adding certificate verification is strongly advised. See: https://urllib3.readthedocs.io/en/latest/advanced-usage.html#tls-warnings
  warnings.warn(

2026-10-10 03:56:12.981 87 WARNING py.warnings [None req-cfa07fe7-0113-4519-b50d-1ad1a535c5ac d7da35d0d3d34891a1a24ad690f809ce a44bfbcaba70419db20c9ce391b7342c - - - -] /var/lib/kolla/venv/lib/python3.12/site-packages/urllib3/connectionpool.py:1110: InsecureRequestWarning: Unverified HTTPS request is being made to host '[LB_IP_ADDRESS]'. Adding certificate verification is strongly advised. See: https://urllib3.readthedocs.io/en/latest/advanced-usage.html#tls-warnings
  warnings.warn(

2026-10-10 03:56:12.991 87 INFO cinder.volume.drivers.lightos [None req-3e4bfe26-ffe7-4313-a874-109cd8784278 cabd19f7c2a8477eb6c7bcb30d0f2946 05108e895a7940fdabc0021871adeb51 - - - -] Invoking get_volume_by_name using GET url: /api/v2/projects/default/volumes/?name=vol_8b805969-2c3c-428b-95e0-95ea08b8ae28             request.body: {} ssl_verify: False
2026-10-10 03:56:13.026 87 INFO cinder.volume.drivers.lightos [None req-c8c6e57e-c3c4-47ca-8277-6a4a8bdf179b 086c073044d44a7cbdc80f7a92220b73 06738d705c3b46b8b74f50600e1cc5de - - - -] Invoking get_snapshot_by_name using GET url: /api/v2/projects/default/snapshots/?Name=snapshot-d1adb216-2ff6-4e10-8c8d-8e5f09beaa60             request.body: {} ssl_verify: False
2026-10-10 03:56:13.029 87 INFO os_brick.initiator.connectors.lightos [None req-cfa07fe7-0113-4519-b50d-1ad1a535c5ac d7da35d0d3d34891a1a24ad690f809ce a44bfbcaba70419db20c9ce391b7342c - - - -] LIGHTOS: connect_volume called for volume f5d62403-67d1-4edb-81d0-c773c19809a3, connection properties: {'lightos_nodes': {'[LB_IP_ADDRESS]': {'target_portal': '[LB_IP_ADDRESS]', 'target_port': 8009, 'transport_type': 'tcp'}, '[LB_IP_ADDRESS]': {'target_portal': '[LB_IP_ADDRESS]', 'target_port': 8009, 'transport_type': 'tcp'}, '[LB_IP_ADDRESS]': {'target_portal': '[LB_IP_ADDRESS]', 'target_port': 8009, 'transport_type': 'tcp'}}, 'uuid': 'f5d62403-67d1-4edb-81d0-c773c19809a3', 'subsysnqn': 'nqn.2016-01.com.lightbitslabs:uuid:023e92f0-1271-4fe0-9397-657649be716c:suffix', 'encrypted': False, 'enforce_multipath': False}
2026-10-10 03:56:13.056 87 WARNING py.warnings [None req-3e4bfe26-ffe7-4313-a874-109cd8784278 cabd19f7c2a8477eb6c7bcb30d0f2946 05108e895a7940fdabc0021871adeb51 - - - -] /var/lib/kolla/venv/lib/python3.12/site-packages/urllib3/connectionpool.py:1110: InsecureRequestWarning: Unverified HTTPS request is being made to host '[LB_IP_ADDRESS]'. Adding certificate verification is strongly advised. See: https://urllib3.readthedocs.io/en/latest/advanced-usage.html#tls-warnings
  warnings.warn(

2026-10-10 03:56:13.059 87 INFO os_brick.initiator.connectors.lightos [None req-cfa07fe7-0113-4519-b50d-1ad1a535c5ac d7da35d0d3d34891a1a24ad690f809ce a44bfbcaba70419db20c9ce391b7342c - - - -] LIGHTOS: devpath /dev/nvme0n1 detected for uuid f5d62403-67d1-4edb-81d0-c773c19809a3
2026-10-10 03:56:13.066 87 WARNING py.warnings [None req-c8c6e57e-c3c4-47ca-8277-6a4a8bdf179b 086c073044d44a7cbdc80f7a92220b73 06738d705c3b46b8b74f50600e1cc5de - - - -] /var/lib/kolla/venv/lib/python3.12/site-packages/urllib3/connectionpool.py:1110: InsecureRequestWarning: Unverified HTTPS request is being made to host '[LB_IP_ADDRESS]'. Adding certificate verification is strongly advised. See: https://urllib3.readthedocs.io/en/latest/advanced-usage.html#tls-warnings
  warnings.warn(

2026-10-10 03:56:13.100 87 INFO os_brick.initiator.connectors.lightos [None req-3e4bfe26-ffe7-4313-a874-109cd8784278 cabd19f7c2a8477eb6c7bcb30d0f2946 05108e895a7940fdabc0021871adeb51 - - - -] LIGHTOS: connect_volume called for volume 1562ca4f-281a-4236-b0fa-f11da6fa551a, connection properties: {'lightos_nodes': {'[LB_IP_ADDRESS]': {'target_portal': '[LB_IP_ADDRESS]', 'target_port': 8009, 'transport_type': 'tcp'}, '[LB_IP_ADDRESS]': {'target_portal': '[LB_IP_ADDRESS]', 'target_port': 8009, 'transport_type': 'tcp'}, '[LB_IP_ADDRESS]': {'target_portal': '[LB_IP_ADDRESS]', 'target_port': 8009, 'transport_type': 'tcp'}}, 'uuid': '1562ca4f-281a-4236-b0fa-f11da6fa551a', 'subsysnqn': 'nqn.2016-01.com.lightbitslabs:uuid:023e92f0-1271-4fe0-9397-657649be716c:suffix', 'encrypted': False, 'enforce_multipath': False}
2026-10-10 03:56:13.106 87 INFO os_brick.initiator.connectors.lightos [None req-3e4bfe26-ffe7-4313-a874-109cd8784278 cabd19f7c2a8477eb6c7bcb30d0f2946 05108e895a7940fdabc0021871adeb51 - - - -] LIGHTOS: devpath /dev/nvme0n2 detected for uuid 1562ca4f-281a-4236-b0fa-f11da6fa551a
2026-10-10 03:56:13.132 87 INFO cinder.volume.manager [None req-c8c6e57e-c3c4-47ca-8277-6a4a8bdf179b 086c073044d44a7cbdc80f7a92220b73 06738d705c3b46b8b74f50600e1cc5de - - - -] Create snapshot completed successfully
2026-10-10 03:56:14.280 87 INFO cinder.volume.drivers.lightos [None req-de3faee0-28b9-4cb4-9b1d-9d0f9e2b333f 086c073044d44a7cbdc80f7a92220b73 06738d705c3b46b8b74f50600e1cc5de - - default default] Invoking get_snapshot_by_name using GET url: /api/v2/projects/default/snapshots/?Name=snapshot-d1adb216-2ff6-4e10-8c8d-8e5f09beaa60             request.body: {} ssl_verify: False
2026-10-10 03:56:14.324 87 WARNING py.warnings [None req-de3faee0-28b9-4cb4-9b1d-9d0f9e2b333f 086c073044d44a7cbdc80f7a92220b73 06738d705c3b46b8b74f50600e1cc5de - - default default] /var/lib/kolla/venv/lib/python3.12/site-packages/urllib3/connectionpool.py:1110: InsecureRequestWarning: Unverified HTTPS request is being made to host '[LB_IP_ADDRESS]'. Adding certificate verification is strongly advised. See: https://urllib3.readthedocs.io/en/latest/advanced-usage.html#tls-warnings
  warnings.warn(

2026-10-10 03:56:14.336 87 INFO cinder.volume.drivers.lightos [None req-de3faee0-28b9-4cb4-9b1d-9d0f9e2b333f 086c073044d44a7cbdc80f7a92220b73 06738d705c3b46b8b74f50600e1cc5de - - default default] Invoking delete_snapshot using DELETE url: /api/v2/projects/default/snapshots/5bb67a07-4634-43ac-86eb-0b6814a1ae48?             request.body:  ssl_verify: False
2026-10-10 03:56:14.376 87 WARNING py.warnings [None req-de3faee0-28b9-4cb4-9b1d-9d0f9e2b333f 086c073044d44a7cbdc80f7a92220b73 06738d705c3b46b8b74f50600e1cc5de - - default default] /var/lib/kolla/venv/lib/python3.12/site-packages/urllib3/connectionpool.py:1110: InsecureRequestWarning: Unverified HTTPS request is being made to host '[LB_IP_ADDRESS]'. Adding certificate verification is strongly advised. See: https://urllib3.readthedocs.io/en/latest/advanced-usage.html#tls-warnings
  warnings.warn(

2026-10-10 03:56:14.403 87 INFO cinder.volume.drivers.lightos [None req-de3faee0-28b9-4cb4-9b1d-9d0f9e2b333f 086c073044d44a7cbdc80f7a92220b73 06738d705c3b46b8b74f50600e1cc5de - - default default] Invoking get_snapshot using GET url: /api/v2/projects/default/snapshots/5bb67a07-4634-43ac-86eb-0b6814a1ae48             request.body: {} ssl_verify: False
2026-10-10 03:56:14.447 87 WARNING py.warnings [None req-de3faee0-28b9-4cb4-9b1d-9d0f9e2b333f 086c073044d44a7cbdc80f7a92220b73 06738d705c3b46b8b74f50600e1cc5de - - default default] /var/lib/kolla/venv/lib/python3.12/site-packages/urllib3/connectionpool.py:1110: InsecureRequestWarning: Unverified HTTPS request is being made to host '[LB_IP_ADDRESS]'. Adding certificate verification is strongly advised. See: https://urllib3.readthedocs.io/en/latest/advanced-usage.html#tls-warnings
  warnings.warn(

2026-10-10 03:56:14.581 87 INFO cinder.volume.manager [None req-de3faee0-28b9-4cb4-9b1d-9d0f9e2b333f 086c073044d44a7cbdc80f7a92220b73 06738d705c3b46b8b74f50600e1cc5de - - default default] Delete snapshot completed successfully.
2026-10-10 03:56:15.221 87 INFO cinder.image.image_utils [None req-cfa07fe7-0113-4519-b50d-1ad1a535c5ac d7da35d0d3d34891a1a24ad690f809ce a44bfbcaba70419db20c9ce391b7342c - - - -] Converted 44.00 MB image at 44.00 MB/s
2026-10-10 03:56:15.224 87 INFO os_brick.initiator.connectors.lightos [None req-cfa07fe7-0113-4519-b50d-1ad1a535c5ac d7da35d0d3d34891a1a24ad690f809ce a44bfbcaba70419db20c9ce391b7342c - - - -] LIGHTOS: devpath /dev/nvme0n1 detected for uuid f5d62403-67d1-4edb-81d0-c773c19809a3
2026-10-10 03:56:15.239 87 INFO cinder.volume.drivers.lightos [None req-cfa07fe7-0113-4519-b50d-1ad1a535c5ac d7da35d0d3d34891a1a24ad690f809ce a44bfbcaba70419db20c9ce391b7342c - - - -] Invoking get_volume_by_name using GET url: /api/v2/projects/default/volumes/?name=vol_2b32b5be-260a-4d9a-a1e4-e193334ae1b5             request.body: {} ssl_verify: False
2026-10-10 03:56:15.281 87 INFO cinder.image.image_utils [None req-3e4bfe26-ffe7-4313-a874-109cd8784278 cabd19f7c2a8477eb6c7bcb30d0f2946 05108e895a7940fdabc0021871adeb51 - - - -] Converted 44.00 MB image at 44.00 MB/s
2026-10-10 03:56:15.282 87 INFO os_brick.initiator.connectors.lightos [None req-3e4bfe26-ffe7-4313-a874-109cd8784278 cabd19f7c2a8477eb6c7bcb30d0f2946 05108e895a7940fdabc0021871adeb51 - - - -] LIGHTOS: devpath /dev/nvme0n2 detected for uuid 1562ca4f-281a-4236-b0fa-f11da6fa551a
2026-10-10 03:56:15.289 87 WARNING py.warnings [None req-cfa07fe7-0113-4519-b50d-1ad1a535c5ac d7da35d0d3d34891a1a24ad690f809ce a44bfbcaba70419db20c9ce391b7342c - - - -] /var/lib/kolla/venv/lib/python3.12/site-packages/urllib3/connectionpool.py:1110: InsecureRequestWarning: Unverified HTTPS request is being made to host '[LB_IP_ADDRESS]'. Adding certificate verification is strongly advised. See: https://urllib3.readthedocs.io/en/latest/advanced-usage.html#tls-warnings
  warnings.warn(

2026-10-10 03:56:15.294 87 INFO cinder.volume.drivers.lightos [None req-3e4bfe26-ffe7-4313-a874-109cd8784278 cabd19f7c2a8477eb6c7bcb30d0f2946 05108e895a7940fdabc0021871adeb51 - - - -] Invoking get_volume_by_name using GET url: /api/v2/projects/default/volumes/?name=vol_8b805969-2c3c-428b-95e0-95ea08b8ae28             request.body: {} ssl_verify: False
2026-10-10 03:56:15.327 87 INFO cinder.volume.drivers.lightos [None req-cfa07fe7-0113-4519-b50d-1ad1a535c5ac d7da35d0d3d34891a1a24ad690f809ce a44bfbcaba70419db20c9ce391b7342c - - - -] Invoking get_volume_by_name using GET url: /api/v2/projects/default/volumes/?name=vol_2b32b5be-260a-4d9a-a1e4-e193334ae1b5             request.body: {} ssl_verify: False
2026-10-10 03:56:15.356 87 WARNING py.warnings [None req-3e4bfe26-ffe7-4313-a874-109cd8784278 cabd19f7c2a8477eb6c7bcb30d0f2946 05108e895a7940fdabc0021871adeb51 - - - -] /var/lib/kolla/venv/lib/python3.12/site-packages/urllib3/connectionpool.py:1110: InsecureRequestWarning: Unverified HTTPS request is being made to host '[LB_IP_ADDRESS]'. Adding certificate verification is strongly advised. See: https://urllib3.readthedocs.io/en/latest/advanced-usage.html#tls-warnings
  warnings.warn(

2026-10-10 03:56:15.366 87 WARNING py.warnings [None req-cfa07fe7-0113-4519-b50d-1ad1a535c5ac d7da35d0d3d34891a1a24ad690f809ce a44bfbcaba70419db20c9ce391b7342c - - - -] /var/lib/kolla/venv/lib/python3.12/site-packages/urllib3/connectionpool.py:1110: InsecureRequestWarning: Unverified HTTPS request is being made to host '[LB_IP_ADDRESS]'. Adding certificate verification is strongly advised. See: https://urllib3.readthedocs.io/en/latest/advanced-usage.html#tls-warnings
  warnings.warn(

2026-10-10 03:56:15.380 87 INFO cinder.volume.drivers.lightos [None req-3e4bfe26-ffe7-4313-a874-109cd8784278 cabd19f7c2a8477eb6c7bcb30d0f2946 05108e895a7940fdabc0021871adeb51 - - - -] Invoking get_volume_by_name using GET url: /api/v2/projects/default/volumes/?name=vol_8b805969-2c3c-428b-95e0-95ea08b8ae28             request.body: {} ssl_verify: False
2026-10-10 03:56:15.415 87 INFO cinder.volume.drivers.lightos [None req-cfa07fe7-0113-4519-b50d-1ad1a535c5ac d7da35d0d3d34891a1a24ad690f809ce a44bfbcaba70419db20c9ce391b7342c - - - -] Invoking update_volume using PUT url: /api/v2/projects/default/volumes/f5d62403-67d1-4edb-81d0-c773c19809a3             request.body: {'acl': {'values': ['ALLOW_NONE']}, 'IPAcl': {'values': ['ALLOW_NONE']}} ssl_verify: False
2026-10-10 03:56:15.444 87 WARNING py.warnings [None req-3e4bfe26-ffe7-4313-a874-109cd8784278 cabd19f7c2a8477eb6c7bcb30d0f2946 05108e895a7940fdabc0021871adeb51 - - - -] /var/lib/kolla/venv/lib/python3.12/site-packages/urllib3/connectionpool.py:1110: InsecureRequestWarning: Unverified HTTPS request is being made to host '[LB_IP_ADDRESS]'. Adding certificate verification is strongly advised. See: https://urllib3.readthedocs.io/en/latest/advanced-usage.html#tls-warnings
  warnings.warn(

2026-10-10 03:56:15.450 87 WARNING py.warnings [None req-cfa07fe7-0113-4519-b50d-1ad1a535c5ac d7da35d0d3d34891a1a24ad690f809ce a44bfbcaba70419db20c9ce391b7342c - - - -] /var/lib/kolla/venv/lib/python3.12/site-packages/urllib3/connectionpool.py:1110: InsecureRequestWarning: Unverified HTTPS request is being made to host '[LB_IP_ADDRESS]'. Adding certificate verification is strongly advised. See: https://urllib3.readthedocs.io/en/latest/advanced-usage.html#tls-warnings
  warnings.warn(

2026-10-10 03:56:15.461 87 INFO cinder.volume.drivers.lightos [None req-3e4bfe26-ffe7-4313-a874-109cd8784278 cabd19f7c2a8477eb6c7bcb30d0f2946 05108e895a7940fdabc0021871adeb51 - - - -] Invoking update_volume using PUT url: /api/v2/projects/default/volumes/1562ca4f-281a-4236-b0fa-f11da6fa551a             request.body: {'acl': {'values': ['ALLOW_NONE']}, 'IPAcl': {'values': ['ALLOW_NONE']}} ssl_verify: False
2026-10-10 03:56:15.494 87 INFO cinder.volume.drivers.lightos [None req-e26d0550-a273-4adb-89c6-4dc5d3788ca3 086c073044d44a7cbdc80f7a92220b73 06738d705c3b46b8b74f50600e1cc5de - - default default] Invoking delete_volume using DELETE url: /api/v2/projects/default/volumes/e827273f-3997-4976-8acb-8f563ebd297d?             request.body:  ssl_verify: False
2026-10-10 03:56:15.497 87 WARNING py.warnings [None req-3e4bfe26-ffe7-4313-a874-109cd8784278 cabd19f7c2a8477eb6c7bcb30d0f2946 05108e895a7940fdabc0021871adeb51 - - - -] /var/lib/kolla/venv/lib/python3.12/site-packages/urllib3/connectionpool.py:1110: InsecureRequestWarning: Unverified HTTPS request is being made to host '[LB_IP_ADDRESS]'. Adding certificate verification is strongly advised. See: https://urllib3.readthedocs.io/en/latest/advanced-usage.html#tls-warnings
  warnings.warn(

2026-10-10 03:56:15.528 87 INFO cinder.volume.drivers.lightos [None req-cfa07fe7-0113-4519-b50d-1ad1a535c5ac d7da35d0d3d34891a1a24ad690f809ce a44bfbcaba70419db20c9ce391b7342c - - - -] Invoking get_volume_by_name using GET url: /api/v2/projects/default/volumes/?name=vol_2b32b5be-260a-4d9a-a1e4-e193334ae1b5             request.body: {} ssl_verify: False
2026-10-10 03:56:15.557 87 WARNING py.warnings [None req-e26d0550-a273-4adb-89c6-4dc5d3788ca3 086c073044d44a7cbdc80f7a92220b73 06738d705c3b46b8b74f50600e1cc5de - - default default] /var/lib/kolla/venv/lib/python3.12/site-packages/urllib3/connectionpool.py:1110: InsecureRequestWarning: Unverified HTTPS request is being made to host '[LB_IP_ADDRESS]'. Adding certificate verification is strongly advised. See: https://urllib3.readthedocs.io/en/latest/advanced-usage.html#tls-warnings
  warnings.warn(

2026-10-10 03:56:15.559 87 INFO cinder.volume.drivers.lightos [None req-3e4bfe26-ffe7-4313-a874-109cd8784278 cabd19f7c2a8477eb6c7bcb30d0f2946 05108e895a7940fdabc0021871adeb51 - - - -] Invoking get_volume_by_name using GET url: /api/v2/projects/default/volumes/?name=vol_8b805969-2c3c-428b-95e0-95ea08b8ae28             request.body: {} ssl_verify: False
2026-10-10 03:56:15.593 87 WARNING py.warnings [None req-cfa07fe7-0113-4519-b50d-1ad1a535c5ac d7da35d0d3d34891a1a24ad690f809ce a44bfbcaba70419db20c9ce391b7342c - - - -] /var/lib/kolla/venv/lib/python3.12/site-packages/urllib3/connectionpool.py:1110: InsecureRequestWarning: Unverified HTTPS request is being made to host '[LB_IP_ADDRESS]'. Adding certificate verification is strongly advised. See: https://urllib3.readthedocs.io/en/latest/advanced-usage.html#tls-warnings
  warnings.warn(

2026-10-10 03:56:15.599 87 WARNING py.warnings [None req-3e4bfe26-ffe7-4313-a874-109cd8784278 cabd19f7c2a8477eb6c7bcb30d0f2946 05108e895a7940fdabc0021871adeb51 - - - -] /var/lib/kolla/venv/lib/python3.12/site-packages/urllib3/connectionpool.py:1110: InsecureRequestWarning: Unverified HTTPS request is being made to host '[LB_IP_ADDRESS]'. Adding certificate verification is strongly advised. See: https://urllib3.readthedocs.io/en/latest/advanced-usage.html#tls-warnings
  warnings.warn(

2026-10-10 03:56:15.601 87 INFO cinder.volume.drivers.lightos [None req-e26d0550-a273-4adb-89c6-4dc5d3788ca3 086c073044d44a7cbdc80f7a92220b73 06738d705c3b46b8b74f50600e1cc5de - - default default] Invoking get_volume using GET url: /api/v2/projects/default/volumes/e827273f-3997-4976-8acb-8f563ebd297d             request.body: {} ssl_verify: False
2026-10-10 03:56:15.641 87 WARNING py.warnings [None req-e26d0550-a273-4adb-89c6-4dc5d3788ca3 086c073044d44a7cbdc80f7a92220b73 06738d705c3b46b8b74f50600e1cc5de - - default default] /var/lib/kolla/venv/lib/python3.12/site-packages/urllib3/connectionpool.py:1110: InsecureRequestWarning: Unverified HTTPS request is being made to host '[LB_IP_ADDRESS]'. Adding certificate verification is strongly advised. See: https://urllib3.readthedocs.io/en/latest/advanced-usage.html#tls-warnings
  warnings.warn(

2026-10-10 03:56:15.802 87 INFO cinder.volume.manager [None req-e26d0550-a273-4adb-89c6-4dc5d3788ca3 086c073044d44a7cbdc80f7a92220b73 06738d705c3b46b8b74f50600e1cc5de - - default default] Deleted volume successfully.
2026-10-10 03:56:16.631 87 INFO cinder.volume.drivers.lightos [None req-3e4bfe26-ffe7-4313-a874-109cd8784278 cabd19f7c2a8477eb6c7bcb30d0f2946 05108e895a7940fdabc0021871adeb51 - - - -] Invoking get_volume_by_name using GET url: /api/v2/projects/default/volumes/?name=vol_8b805969-2c3c-428b-95e0-95ea08b8ae28             request.body: {} ssl_verify: False
2026-10-10 03:56:16.634 87 INFO cinder.volume.drivers.lightos [None req-cfa07fe7-0113-4519-b50d-1ad1a535c5ac d7da35d0d3d34891a1a24ad690f809ce a44bfbcaba70419db20c9ce391b7342c - - - -] Invoking get_volume_by_name using GET url: /api/v2/projects/default/volumes/?name=vol_2b32b5be-260a-4d9a-a1e4-e193334ae1b5             request.body: {} ssl_verify: False
2026-10-10 03:56:16.698 87 WARNING py.warnings [None req-3e4bfe26-ffe7-4313-a874-109cd8784278 cabd19f7c2a8477eb6c7bcb30d0f2946 05108e895a7940fdabc0021871adeb51 - - - -] /var/lib/kolla/venv/lib/python3.12/site-packages/urllib3/connectionpool.py:1110: InsecureRequestWarning: Unverified HTTPS request is being made to host '[LB_IP_ADDRESS]'. Adding certificate verification is strongly advised. See: https://urllib3.readthedocs.io/en/latest/advanced-usage.html#tls-warnings
  warnings.warn(

2026-10-10 03:56:16.702 87 WARNING py.warnings [None req-cfa07fe7-0113-4519-b50d-1ad1a535c5ac d7da35d0d3d34891a1a24ad690f809ce a44bfbcaba70419db20c9ce391b7342c - - - -] /var/lib/kolla/venv/lib/python3.12/site-packages/urllib3/connectionpool.py:1110: InsecureRequestWarning: Unverified HTTPS request is being made to host '[LB_IP_ADDRESS]'. Adding certificate verification is strongly advised. See: https://urllib3.readthedocs.io/en/latest/advanced-usage.html#tls-warnings
  warnings.warn(

2026-10-10 03:56:16.710 87 INFO cinder.volume.drivers.lightos [None req-3e4bfe26-ffe7-4313-a874-109cd8784278 cabd19f7c2a8477eb6c7bcb30d0f2946 05108e895a7940fdabc0021871adeb51 - - - -] Invoking get_volume_by_name using GET url: /api/v2/projects/default/volumes/?name=vol_8b805969-2c3c-428b-95e0-95ea08b8ae28             request.body: {} ssl_verify: False
2026-10-10 03:56:16.739 87 INFO cinder.volume.drivers.lightos [None req-cfa07fe7-0113-4519-b50d-1ad1a535c5ac d7da35d0d3d34891a1a24ad690f809ce a44bfbcaba70419db20c9ce391b7342c - - - -] Invoking get_volume_by_name using GET url: /api/v2/projects/default/volumes/?name=vol_2b32b5be-260a-4d9a-a1e4-e193334ae1b5             request.body: {} ssl_verify: False
2026-10-10 03:56:16.767 87 WARNING py.warnings [None req-3e4bfe26-ffe7-4313-a874-109cd8784278 cabd19f7c2a8477eb6c7bcb30d0f2946 05108e895a7940fdabc0021871adeb51 - - - -] /var/lib/kolla/venv/lib/python3.12/site-packages/urllib3/connectionpool.py:1110: InsecureRequestWarning: Unverified HTTPS request is being made to host '[LB_IP_ADDRESS]'. Adding certificate verification is strongly advised. See: https://urllib3.readthedocs.io/en/latest/advanced-usage.html#tls-warnings
  warnings.warn(

2026-10-10 03:56:16.772 87 WARNING py.warnings [None req-cfa07fe7-0113-4519-b50d-1ad1a535c5ac d7da35d0d3d34891a1a24ad690f809ce a44bfbcaba70419db20c9ce391b7342c - - - -] /var/lib/kolla/venv/lib/python3.12/site-packages/urllib3/connectionpool.py:1110: InsecureRequestWarning: Unverified HTTPS request is being made to host '[LB_IP_ADDRESS]'. Adding certificate verification is strongly advised. See: https://urllib3.readthedocs.io/en/latest/advanced-usage.html#tls-warnings
  warnings.warn(

2026-10-10 03:56:16.830 87 INFO cinder.volume.flows.manager.create_volume [None req-3e4bfe26-ffe7-4313-a874-109cd8784278 cabd19f7c2a8477eb6c7bcb30d0f2946 05108e895a7940fdabc0021871adeb51 - - - -] Volume vol_8b805969-2c3c-428b-95e0-95ea08b8ae28 (8b805969-2c3c-428b-95e0-95ea08b8ae28): created successfully
2026-10-10 03:56:16.840 87 INFO cinder.volume.manager [None req-3e4bfe26-ffe7-4313-a874-109cd8784278 cabd19f7c2a8477eb6c7bcb30d0f2946 05108e895a7940fdabc0021871adeb51 - - - -] Created volume successfully.
2026-10-10 03:56:16.841 87 INFO cinder.volume.flows.manager.create_volume [None req-cfa07fe7-0113-4519-b50d-1ad1a535c5ac d7da35d0d3d34891a1a24ad690f809ce a44bfbcaba70419db20c9ce391b7342c - - - -] Volume vol_2b32b5be-260a-4d9a-a1e4-e193334ae1b5 (2b32b5be-260a-4d9a-a1e4-e193334ae1b5): created successfully
2026-10-10 03:56:16.848 87 INFO cinder.volume.manager [None req-cfa07fe7-0113-4519-b50d-1ad1a535c5ac d7da35d0d3d34891a1a24ad690f809ce a44bfbcaba70419db20c9ce391b7342c - - - -] Created volume successfully.
2026-10-10 03:56:17.761 87 INFO cinder.volume.flows.manager.create_volume [None req-be7d4ec0-7a4d-4662-be4c-2935614fc50e d7da35d0d3d34891a1a24ad690f809ce a44bfbcaba70419db20c9ce391b7342c - - - -] Volume 0d8985fc-07a1-4c78-81ad-68bac814e193: being created as source_vol with specification: {'status': 'creating', 'volume_name': 'vol_0d8985fc-07a1-4c78-81ad-68bac814e193', 'volume_size': 1, 'source_volid': '2b32b5be-260a-4d9a-a1e4-e193334ae1b5', 'source_volstatus': 'available'}
2026-10-10 03:56:17.767 87 INFO cinder.volume.drivers.lightos [None req-be7d4ec0-7a4d-4662-be4c-2935614fc50e d7da35d0d3d34891a1a24ad690f809ce a44bfbcaba70419db20c9ce391b7342c - - - -] Invoking get_snapshot_by_name using GET url: /api/v2/projects/default/snapshots/?Name=for_clone_0d8985fc-07a1-4c78-81ad-68bac814e193             request.body: {} ssl_verify: False
2026-10-10 03:56:17.805 87 WARNING py.warnings [None req-be7d4ec0-7a4d-4662-be4c-2935614fc50e d7da35d0d3d34891a1a24ad690f809ce a44bfbcaba70419db20c9ce391b7342c - - - -] /var/lib/kolla/venv/lib/python3.12/site-packages/urllib3/connectionpool.py:1110: InsecureRequestWarning: Unverified HTTPS request is being made to host '[LB_IP_ADDRESS]'. Adding certificate verification is strongly advised. See: https://urllib3.readthedocs.io/en/latest/advanced-usage.html#tls-warnings
  warnings.warn(

2026-10-10 03:56:17.817 87 INFO cinder.volume.drivers.lightos [None req-be7d4ec0-7a4d-4662-be4c-2935614fc50e d7da35d0d3d34891a1a24ad690f809ce a44bfbcaba70419db20c9ce391b7342c - - - -] Invoking create_snapshot using POST url: /api/v2/projects/default/snapshots             request.body: {'name': 'for_clone_0d8985fc-07a1-4c78-81ad-68bac814e193', 'sourceVolumeUUID': None, 'sourceVolumeName': 'vol_2b32b5be-260a-4d9a-a1e4-e193334ae1b5'} ssl_verify: False
2026-10-10 03:56:17.863 87 WARNING py.warnings [None req-be7d4ec0-7a4d-4662-be4c-2935614fc50e d7da35d0d3d34891a1a24ad690f809ce a44bfbcaba70419db20c9ce391b7342c - - - -] /var/lib/kolla/venv/lib/python3.12/site-packages/urllib3/connectionpool.py:1110: InsecureRequestWarning: Unverified HTTPS request is being made to host '[LB_IP_ADDRESS]'. Adding certificate verification is strongly advised. See: https://urllib3.readthedocs.io/en/latest/advanced-usage.html#tls-warnings
  warnings.warn(

2026-10-10 03:56:17.915 87 INFO cinder.volume.drivers.lightos [None req-be7d4ec0-7a4d-4662-be4c-2935614fc50e d7da35d0d3d34891a1a24ad690f809ce a44bfbcaba70419db20c9ce391b7342c - - - -] Invoking get_snapshot_by_name using GET url: /api/v2/projects/default/snapshots/?Name=for_clone_0d8985fc-07a1-4c78-81ad-68bac814e193             request.body: {} ssl_verify: False
2026-10-10 03:56:17.966 87 WARNING py.warnings [None req-be7d4ec0-7a4d-4662-be4c-2935614fc50e d7da35d0d3d34891a1a24ad690f809ce a44bfbcaba70419db20c9ce391b7342c - - - -] /var/lib/kolla/venv/lib/python3.12/site-packages/urllib3/connectionpool.py:1110: InsecureRequestWarning: Unverified HTTPS request is being made to host '[LB_IP_ADDRESS]'. Adding certificate verification is strongly advised. See: https://urllib3.readthedocs.io/en/latest/advanced-usage.html#tls-warnings
  warnings.warn(

2026-10-10 03:56:18.057 87 INFO cinder.volume.drivers.lightos [None req-4422d9c8-7604-4022-8369-41348aab9249 cabd19f7c2a8477eb6c7bcb30d0f2946 05108e895a7940fdabc0021871adeb51 - - default default] Invoking delete_volume using DELETE url: /api/v2/projects/default/volumes/1562ca4f-281a-4236-b0fa-f11da6fa551a?             request.body:  ssl_verify: False
2026-10-10 03:56:18.100 87 WARNING py.warnings [None req-4422d9c8-7604-4022-8369-41348aab9249 cabd19f7c2a8477eb6c7bcb30d0f2946 05108e895a7940fdabc0021871adeb51 - - default default] /var/lib/kolla/venv/lib/python3.12/site-packages/urllib3/connectionpool.py:1110: InsecureRequestWarning: Unverified HTTPS request is being made to host '[LB_IP_ADDRESS]'. Adding certificate verification is strongly advised. See: https://urllib3.readthedocs.io/en/latest/advanced-usage.html#tls-warnings
  warnings.warn(

2026-10-10 03:56:18.170 87 INFO cinder.volume.drivers.lightos [None req-4422d9c8-7604-4022-8369-41348aab9249 cabd19f7c2a8477eb6c7bcb30d0f2946 05108e895a7940fdabc0021871adeb51 - - default default] Invoking get_volume using GET url: /api/v2/projects/default/volumes/1562ca4f-281a-4236-b0fa-f11da6fa551a             request.body: {} ssl_verify: False
2026-10-10 03:56:18.217 87 WARNING py.warnings [None req-4422d9c8-7604-4022-8369-41348aab9249 cabd19f7c2a8477eb6c7bcb30d0f2946 05108e895a7940fdabc0021871adeb51 - - default default] /var/lib/kolla/venv/lib/python3.12/site-packages/urllib3/connectionpool.py:1110: InsecureRequestWarning: Unverified HTTPS request is being made to host '[LB_IP_ADDRESS]'. Adding certificate verification is strongly advised. See: https://urllib3.readthedocs.io/en/latest/advanced-usage.html#tls-warnings
  warnings.warn(

2026-10-10 03:56:18.352 87 INFO cinder.volume.manager [None req-4422d9c8-7604-4022-8369-41348aab9249 cabd19f7c2a8477eb6c7bcb30d0f2946 05108e895a7940fdabc0021871adeb51 - - default default] Deleted volume successfully.
2026-10-10 03:56:19.039 87 INFO cinder.volume.drivers.lightos [None req-be7d4ec0-7a4d-4662-be4c-2935614fc50e d7da35d0d3d34891a1a24ad690f809ce a44bfbcaba70419db20c9ce391b7342c - - - -] Invoking get_snapshot_by_name using GET url: /api/v2/projects/default/snapshots/?Name=for_clone_0d8985fc-07a1-4c78-81ad-68bac814e193             request.body: {} ssl_verify: False
2026-10-10 03:56:19.086 87 WARNING py.warnings [None req-be7d4ec0-7a4d-4662-be4c-2935614fc50e d7da35d0d3d34891a1a24ad690f809ce a44bfbcaba70419db20c9ce391b7342c - - - -] /var/lib/kolla/venv/lib/python3.12/site-packages/urllib3/connectionpool.py:1110: InsecureRequestWarning: Unverified HTTPS request is being made to host '[LB_IP_ADDRESS]'. Adding certificate verification is strongly advised. See: https://urllib3.readthedocs.io/en/latest/advanced-usage.html#tls-warnings
  warnings.warn(

2026-10-10 03:56:19.102 87 INFO cinder.volume.drivers.lightos [None req-be7d4ec0-7a4d-4662-be4c-2935614fc50e d7da35d0d3d34891a1a24ad690f809ce a44bfbcaba70419db20c9ce391b7342c - - - -] Invoking get_volume_by_name using GET url: /api/v2/projects/default/volumes/?name=vol_0d8985fc-07a1-4c78-81ad-68bac814e193             request.body: {} ssl_verify: False
2026-10-10 03:56:19.143 87 WARNING py.warnings [None req-be7d4ec0-7a4d-4662-be4c-2935614fc50e d7da35d0d3d34891a1a24ad690f809ce a44bfbcaba70419db20c9ce391b7342c - - - -] /var/lib/kolla/venv/lib/python3.12/site-packages/urllib3/connectionpool.py:1110: InsecureRequestWarning: Unverified HTTPS request is being made to host '[LB_IP_ADDRESS]'. Adding certificate verification is strongly advised. See: https://urllib3.readthedocs.io/en/latest/advanced-usage.html#tls-warnings
  warnings.warn(

2026-10-10 03:56:19.153 87 INFO cinder.volume.drivers.lightos [None req-be7d4ec0-7a4d-4662-be4c-2935614fc50e d7da35d0d3d34891a1a24ad690f809ce a44bfbcaba70419db20c9ce391b7342c - - - -] Invoking create_volume using POST url: /api/v2/projects/default/volumes             request.body: {'name': 'vol_0d8985fc-07a1-4c78-81ad-68bac814e193', 'size': '1 gib', 'replicaCount': '3', 'compression': 'False', 'acl': {'values': ['ALLOW_NONE']}, 'IPAcl': {'values': ['ALLOW_NONE']}, 'sourceSnapshotUUID': None, 'sourceSnapshotName': 'for_clone_0d8985fc-07a1-4c78-81ad-68bac814e193'} ssl_verify: False
2026-10-10 03:56:19.194 87 WARNING py.warnings [None req-be7d4ec0-7a4d-4662-be4c-2935614fc50e d7da35d0d3d34891a1a24ad690f809ce a44bfbcaba70419db20c9ce391b7342c - - - -] /var/lib/kolla/venv/lib/python3.12/site-packages/urllib3/connectionpool.py:1110: InsecureRequestWarning: Unverified HTTPS request is being made to host '[LB_IP_ADDRESS]'. Adding certificate verification is strongly advised. See: https://urllib3.readthedocs.io/en/latest/advanced-usage.html#tls-warnings
  warnings.warn(

2026-10-10 03:56:19.217 87 INFO cinder.volume.drivers.lightos [None req-be7d4ec0-7a4d-4662-be4c-2935614fc50e d7da35d0d3d34891a1a24ad690f809ce a44bfbcaba70419db20c9ce391b7342c - - - -] Invoking get_volume using GET url: /api/v2/projects/default/volumes/fe881d73-0184-42eb-ba10-df41d70a899d             request.body: {} ssl_verify: False
2026-10-10 03:56:19.264 87 WARNING py.warnings [None req-be7d4ec0-7a4d-4662-be4c-2935614fc50e d7da35d0d3d34891a1a24ad690f809ce a44bfbcaba70419db20c9ce391b7342c - - - -] /var/lib/kolla/venv/lib/python3.12/site-packages/urllib3/connectionpool.py:1110: InsecureRequestWarning: Unverified HTTPS request is being made to host '[LB_IP_ADDRESS]'. Adding certificate verification is strongly advised. See: https://urllib3.readthedocs.io/en/latest/advanced-usage.html#tls-warnings
  warnings.warn(

2026-10-10 03:56:20.281 87 INFO cinder.volume.drivers.lightos [None req-be7d4ec0-7a4d-4662-be4c-2935614fc50e d7da35d0d3d34891a1a24ad690f809ce a44bfbcaba70419db20c9ce391b7342c - - - -] Invoking get_volume using GET url: /api/v2/projects/default/volumes/fe881d73-0184-42eb-ba10-df41d70a899d             request.body: {} ssl_verify: False
2026-10-10 03:56:20.329 87 WARNING py.warnings [None req-be7d4ec0-7a4d-4662-be4c-2935614fc50e d7da35d0d3d34891a1a24ad690f809ce a44bfbcaba70419db20c9ce391b7342c - - - -] /var/lib/kolla/venv/lib/python3.12/site-packages/urllib3/connectionpool.py:1110: InsecureRequestWarning: Unverified HTTPS request is being made to host '[LB_IP_ADDRESS]'. Adding certificate verification is strongly advised. See: https://urllib3.readthedocs.io/en/latest/advanced-usage.html#tls-warnings
  warnings.warn(

2026-10-10 03:56:20.343 87 INFO cinder.volume.drivers.lightos [None req-be7d4ec0-7a4d-4662-be4c-2935614fc50e d7da35d0d3d34891a1a24ad690f809ce a44bfbcaba70419db20c9ce391b7342c - - - -] Invoking get_snapshot_by_name using GET url: /api/v2/projects/default/snapshots/?Name=for_clone_0d8985fc-07a1-4c78-81ad-68bac814e193             request.body: {} ssl_verify: False
2026-10-10 03:56:20.386 87 WARNING py.warnings [None req-be7d4ec0-7a4d-4662-be4c-2935614fc50e d7da35d0d3d34891a1a24ad690f809ce a44bfbcaba70419db20c9ce391b7342c - - - -] /var/lib/kolla/venv/lib/python3.12/site-packages/urllib3/connectionpool.py:1110: InsecureRequestWarning: Unverified HTTPS request is being made to host '[LB_IP_ADDRESS]'. Adding certificate verification is strongly advised. See: https://urllib3.readthedocs.io/en/latest/advanced-usage.html#tls-warnings
  warnings.warn(

2026-10-10 03:56:20.403 87 INFO cinder.volume.drivers.lightos [None req-be7d4ec0-7a4d-4662-be4c-2935614fc50e d7da35d0d3d34891a1a24ad690f809ce a44bfbcaba70419db20c9ce391b7342c - - - -] Invoking delete_snapshot using DELETE url: /api/v2/projects/default/snapshots/6f1a7995-5c58-4006-a6ec-62eeaab08eae?             request.body:  ssl_verify: False
2026-10-10 03:56:20.447 87 WARNING py.warnings [None req-be7d4ec0-7a4d-4662-be4c-2935614fc50e d7da35d0d3d34891a1a24ad690f809ce a44bfbcaba70419db20c9ce391b7342c - - - -] /var/lib/kolla/venv/lib/python3.12/site-packages/urllib3/connectionpool.py:1110: InsecureRequestWarning: Unverified HTTPS request is being made to host '[LB_IP_ADDRESS]'. Adding certificate verification is strongly advised. See: https://urllib3.readthedocs.io/en/latest/advanced-usage.html#tls-warnings
  warnings.warn(

2026-10-10 03:56:20.491 87 INFO cinder.volume.drivers.lightos [None req-be7d4ec0-7a4d-4662-be4c-2935614fc50e d7da35d0d3d34891a1a24ad690f809ce a44bfbcaba70419db20c9ce391b7342c - - - -] Invoking get_snapshot using GET url: /api/v2/projects/default/snapshots/6f1a7995-5c58-4006-a6ec-62eeaab08eae             request.body: {} ssl_verify: False
2026-10-10 03:56:20.534 87 WARNING py.warnings [None req-be7d4ec0-7a4d-4662-be4c-2935614fc50e d7da35d0d3d34891a1a24ad690f809ce a44bfbcaba70419db20c9ce391b7342c - - - -] /var/lib/kolla/venv/lib/python3.12/site-packages/urllib3/connectionpool.py:1110: InsecureRequestWarning: Unverified HTTPS request is being made to host '[LB_IP_ADDRESS]'. Adding certificate verification is strongly advised. See: https://urllib3.readthedocs.io/en/latest/advanced-usage.html#tls-warnings
  warnings.warn(

2026-10-10 03:56:20.590 87 INFO cinder.volume.flows.manager.create_volume [None req-be7d4ec0-7a4d-4662-be4c-2935614fc50e d7da35d0d3d34891a1a24ad690f809ce a44bfbcaba70419db20c9ce391b7342c - - - -] Volume vol_0d8985fc-07a1-4c78-81ad-68bac814e193 (0d8985fc-07a1-4c78-81ad-68bac814e193): created successfully
2026-10-10 03:56:20.598 87 INFO cinder.volume.manager [None req-be7d4ec0-7a4d-4662-be4c-2935614fc50e d7da35d0d3d34891a1a24ad690f809ce a44bfbcaba70419db20c9ce391b7342c - - - -] Created volume successfully.
2026-10-10 03:56:21.001 87 INFO cinder.volume.drivers.lightos [None req-92ddcae8-1a79-4405-b299-1eccca3185af d7da35d0d3d34891a1a24ad690f809ce a44bfbcaba70419db20c9ce391b7342c - - default default] Invoking delete_volume using DELETE url: /api/v2/projects/default/volumes/fe881d73-0184-42eb-ba10-df41d70a899d?             request.body:  ssl_verify: False
2026-10-10 03:56:21.037 87 WARNING py.warnings [None req-92ddcae8-1a79-4405-b299-1eccca3185af d7da35d0d3d34891a1a24ad690f809ce a44bfbcaba70419db20c9ce391b7342c - - default default] /var/lib/kolla/venv/lib/python3.12/site-packages/urllib3/connectionpool.py:1110: InsecureRequestWarning: Unverified HTTPS request is being made to host '[LB_IP_ADDRESS]'. Adding certificate verification is strongly advised. See: https://urllib3.readthedocs.io/en/latest/advanced-usage.html#tls-warnings
  warnings.warn(

2026-10-10 03:56:21.123 87 INFO cinder.volume.drivers.lightos [None req-92ddcae8-1a79-4405-b299-1eccca3185af d7da35d0d3d34891a1a24ad690f809ce a44bfbcaba70419db20c9ce391b7342c - - default default] Invoking get_volume using GET url: /api/v2/projects/default/volumes/fe881d73-0184-42eb-ba10-df41d70a899d             request.body: {} ssl_verify: False
2026-10-10 03:56:21.181 87 WARNING py.warnings [None req-92ddcae8-1a79-4405-b299-1eccca3185af d7da35d0d3d34891a1a24ad690f809ce a44bfbcaba70419db20c9ce391b7342c - - default default] /var/lib/kolla/venv/lib/python3.12/site-packages/urllib3/connectionpool.py:1110: InsecureRequestWarning: Unverified HTTPS request is being made to host '[LB_IP_ADDRESS]'. Adding certificate verification is strongly advised. See: https://urllib3.readthedocs.io/en/latest/advanced-usage.html#tls-warnings
  warnings.warn(

2026-10-10 03:56:21.311 87 INFO cinder.volume.manager [None req-92ddcae8-1a79-4405-b299-1eccca3185af d7da35d0d3d34891a1a24ad690f809ce a44bfbcaba70419db20c9ce391b7342c - - default default] Deleted volume successfully.
2026-10-10 03:56:22.188 87 INFO cinder.volume.drivers.lightos [None req-aebbb79c-bdd2-436d-a50e-0a9979dbfa70 d7da35d0d3d34891a1a24ad690f809ce a44bfbcaba70419db20c9ce391b7342c - - default default] Invoking delete_volume using DELETE url: /api/v2/projects/default/volumes/f5d62403-67d1-4edb-81d0-c773c19809a3?             request.body:  ssl_verify: False
2026-10-10 03:56:22.222 87 WARNING py.warnings [None req-aebbb79c-bdd2-436d-a50e-0a9979dbfa70 d7da35d0d3d34891a1a24ad690f809ce a44bfbcaba70419db20c9ce391b7342c - - default default] /var/lib/kolla/venv/lib/python3.12/site-packages/urllib3/connectionpool.py:1110: InsecureRequestWarning: Unverified HTTPS request is being made to host '[LB_IP_ADDRESS]'. Adding certificate verification is strongly advised. See: https://urllib3.readthedocs.io/en/latest/advanced-usage.html#tls-warnings
  warnings.warn(

2026-10-10 03:56:22.248 87 INFO cinder.volume.drivers.lightos [None req-aebbb79c-bdd2-436d-a50e-0a9979dbfa70 d7da35d0d3d34891a1a24ad690f809ce a44bfbcaba70419db20c9ce391b7342c - - default default] Invoking get_volume using GET url: /api/v2/projects/default/volumes/f5d62403-67d1-4edb-81d0-c773c19809a3             request.body: {} ssl_verify: False
2026-10-10 03:56:22.291 87 WARNING py.warnings [None req-aebbb79c-bdd2-436d-a50e-0a9979dbfa70 d7da35d0d3d34891a1a24ad690f809ce a44bfbcaba70419db20c9ce391b7342c - - default default] /var/lib/kolla/venv/lib/python3.12/site-packages/urllib3/connectionpool.py:1110: InsecureRequestWarning: Unverified HTTPS request is being made to host '[LB_IP_ADDRESS]'. Adding certificate verification is strongly advised. See: https://urllib3.readthedocs.io/en/latest/advanced-usage.html#tls-warnings
  warnings.warn(

2026-10-10 03:56:22.457 87 INFO cinder.volume.manager [None req-aebbb79c-bdd2-436d-a50e-0a9979dbfa70 d7da35d0d3d34891a1a24ad690f809ce a44bfbcaba70419db20c9ce391b7342c - - default default] Deleted volume successfully.
2026-10-10 03:56:23.814 87 INFO cinder.volume.flows.manager.create_volume [None req-8a6131f2-6126-4ca2-9f1f-06ed68881520 d7da35d0d3d34891a1a24ad690f809ce a44bfbcaba70419db20c9ce391b7342c - - - -] Volume 2a231213-e310-4f68-bf01-12f1526e22b3: being created as raw with specification: {'status': 'creating', 'volume_name': 'vol_2a231213-e310-4f68-bf01-12f1526e22b3', 'volume_size': 1}
2026-10-10 03:56:23.815 87 INFO cinder.volume.drivers.lightos [None req-8a6131f2-6126-4ca2-9f1f-06ed68881520 d7da35d0d3d34891a1a24ad690f809ce a44bfbcaba70419db20c9ce391b7342c - - - -] Invoking get_volume_by_name using GET url: /api/v2/projects/default/volumes/?name=vol_2a231213-e310-4f68-bf01-12f1526e22b3             request.body: {} ssl_verify: False
2026-10-10 03:56:23.848 87 WARNING py.warnings [None req-8a6131f2-6126-4ca2-9f1f-06ed68881520 d7da35d0d3d34891a1a24ad690f809ce a44bfbcaba70419db20c9ce391b7342c - - - -] /var/lib/kolla/venv/lib/python3.12/site-packages/urllib3/connectionpool.py:1110: InsecureRequestWarning: Unverified HTTPS request is being made to host '[LB_IP_ADDRESS]'. Adding certificate verification is strongly advised. See: https://urllib3.readthedocs.io/en/latest/advanced-usage.html#tls-warnings
  warnings.warn(

2026-10-10 03:56:23.856 87 INFO cinder.volume.drivers.lightos [None req-8a6131f2-6126-4ca2-9f1f-06ed68881520 d7da35d0d3d34891a1a24ad690f809ce a44bfbcaba70419db20c9ce391b7342c - - - -] Invoking create_volume using POST url: /api/v2/projects/default/volumes             request.body: {'name': 'vol_2a231213-e310-4f68-bf01-12f1526e22b3', 'size': '1 gib', 'replicaCount': '3', 'compression': 'False', 'acl': {'values': ['ALLOW_NONE']}, 'IPAcl': {'values': ['ALLOW_NONE']}, 'sourceSnapshotUUID': None, 'sourceSnapshotName': None} ssl_verify: False
2026-10-10 03:56:23.893 87 WARNING py.warnings [None req-8a6131f2-6126-4ca2-9f1f-06ed68881520 d7da35d0d3d34891a1a24ad690f809ce a44bfbcaba70419db20c9ce391b7342c - - - -] /var/lib/kolla/venv/lib/python3.12/site-packages/urllib3/connectionpool.py:1110: InsecureRequestWarning: Unverified HTTPS request is being made to host '[LB_IP_ADDRESS]'. Adding certificate verification is strongly advised. See: https://urllib3.readthedocs.io/en/latest/advanced-usage.html#tls-warnings
  warnings.warn(

2026-10-10 03:56:23.918 87 INFO cinder.volume.drivers.lightos [None req-8a6131f2-6126-4ca2-9f1f-06ed68881520 d7da35d0d3d34891a1a24ad690f809ce a44bfbcaba70419db20c9ce391b7342c - - - -] Invoking get_volume using GET url: /api/v2/projects/default/volumes/5ab0c5ca-55d7-4907-a81f-575dc80e5d25             request.body: {} ssl_verify: False
2026-10-10 03:56:23.957 87 WARNING py.warnings [None req-8a6131f2-6126-4ca2-9f1f-06ed68881520 d7da35d0d3d34891a1a24ad690f809ce a44bfbcaba70419db20c9ce391b7342c - - - -] /var/lib/kolla/venv/lib/python3.12/site-packages/urllib3/connectionpool.py:1110: InsecureRequestWarning: Unverified HTTPS request is being made to host '[LB_IP_ADDRESS]'. Adding certificate verification is strongly advised. See: https://urllib3.readthedocs.io/en/latest/advanced-usage.html#tls-warnings
  warnings.warn(

2026-10-10 03:56:23.997 87 INFO cinder.volume.flows.manager.create_volume [None req-1c232000-e099-4c3c-8de1-4a40c8584dda 0d0bbdeb69fe4f36bc43fcc108769051 636b78169a64454891335937d3996283 - - - -] Volume f05a7281-2a93-481f-b928-4e63dc68bb0a: being created as raw with specification: {'status': 'creating', 'volume_name': 'vol_f05a7281-2a93-481f-b928-4e63dc68bb0a', 'volume_size': 1}
2026-10-10 03:56:23.997 87 INFO cinder.volume.drivers.lightos [None req-1c232000-e099-4c3c-8de1-4a40c8584dda 0d0bbdeb69fe4f36bc43fcc108769051 636b78169a64454891335937d3996283 - - - -] Invoking get_volume_by_name using GET url: /api/v2/projects/default/volumes/?name=vol_f05a7281-2a93-481f-b928-4e63dc68bb0a             request.body: {} ssl_verify: False
2026-10-10 03:56:24.029 87 WARNING py.warnings [None req-1c232000-e099-4c3c-8de1-4a40c8584dda 0d0bbdeb69fe4f36bc43fcc108769051 636b78169a64454891335937d3996283 - - - -] /var/lib/kolla/venv/lib/python3.12/site-packages/urllib3/connectionpool.py:1110: InsecureRequestWarning: Unverified HTTPS request is being made to host '[LB_IP_ADDRESS]'. Adding certificate verification is strongly advised. See: https://urllib3.readthedocs.io/en/latest/advanced-usage.html#tls-warnings
  warnings.warn(

2026-10-10 03:56:24.036 87 INFO cinder.volume.drivers.lightos [None req-1c232000-e099-4c3c-8de1-4a40c8584dda 0d0bbdeb69fe4f36bc43fcc108769051 636b78169a64454891335937d3996283 - - - -] Invoking create_volume using POST url: /api/v2/projects/default/volumes             request.body: {'name': 'vol_f05a7281-2a93-481f-b928-4e63dc68bb0a', 'size': '1 gib', 'replicaCount': '3', 'compression': 'False', 'acl': {'values': ['ALLOW_NONE']}, 'IPAcl': {'values': ['ALLOW_NONE']}, 'sourceSnapshotUUID': None, 'sourceSnapshotName': None} ssl_verify: False
2026-10-10 03:56:24.092 87 WARNING py.warnings [None req-1c232000-e099-4c3c-8de1-4a40c8584dda 0d0bbdeb69fe4f36bc43fcc108769051 636b78169a64454891335937d3996283 - - - -] /var/lib/kolla/venv/lib/python3.12/site-packages/urllib3/connectionpool.py:1110: InsecureRequestWarning: Unverified HTTPS request is being made to host '[LB_IP_ADDRESS]'. Adding certificate verification is strongly advised. See: https://urllib3.readthedocs.io/en/latest/advanced-usage.html#tls-warnings
  warnings.warn(

2026-10-10 03:56:24.116 87 INFO cinder.volume.drivers.lightos [None req-1c232000-e099-4c3c-8de1-4a40c8584dda 0d0bbdeb69fe4f36bc43fcc108769051 636b78169a64454891335937d3996283 - - - -] Invoking get_volume using GET url: /api/v2/projects/default/volumes/aa38a48f-f9d6-433b-a910-754961d67e04             request.body: {} ssl_verify: False
2026-10-10 03:56:24.156 87 WARNING py.warnings [None req-1c232000-e099-4c3c-8de1-4a40c8584dda 0d0bbdeb69fe4f36bc43fcc108769051 636b78169a64454891335937d3996283 - - - -] /var/lib/kolla/venv/lib/python3.12/site-packages/urllib3/connectionpool.py:1110: InsecureRequestWarning: Unverified HTTPS request is being made to host '[LB_IP_ADDRESS]'. Adding certificate verification is strongly advised. See: https://urllib3.readthedocs.io/en/latest/advanced-usage.html#tls-warnings
  warnings.warn(

2026-10-10 03:56:24.979 87 INFO cinder.volume.drivers.lightos [None req-8a6131f2-6126-4ca2-9f1f-06ed68881520 d7da35d0d3d34891a1a24ad690f809ce a44bfbcaba70419db20c9ce391b7342c - - - -] Invoking get_volume using GET url: /api/v2/projects/default/volumes/5ab0c5ca-55d7-4907-a81f-575dc80e5d25             request.body: {} ssl_verify: False
2026-10-10 03:56:25.022 87 WARNING py.warnings [None req-8a6131f2-6126-4ca2-9f1f-06ed68881520 d7da35d0d3d34891a1a24ad690f809ce a44bfbcaba70419db20c9ce391b7342c - - - -] /var/lib/kolla/venv/lib/python3.12/site-packages/urllib3/connectionpool.py:1110: InsecureRequestWarning: Unverified HTTPS request is being made to host '[LB_IP_ADDRESS]'. Adding certificate verification is strongly advised. See: https://urllib3.readthedocs.io/en/latest/advanced-usage.html#tls-warnings
  warnings.warn(

2026-10-10 03:56:25.065 87 INFO cinder.volume.flows.manager.create_volume [None req-8a6131f2-6126-4ca2-9f1f-06ed68881520 d7da35d0d3d34891a1a24ad690f809ce a44bfbcaba70419db20c9ce391b7342c - - - -] Volume vol_2a231213-e310-4f68-bf01-12f1526e22b3 (2a231213-e310-4f68-bf01-12f1526e22b3): created successfully
2026-10-10 03:56:25.074 87 INFO cinder.volume.manager [None req-8a6131f2-6126-4ca2-9f1f-06ed68881520 d7da35d0d3d34891a1a24ad690f809ce a44bfbcaba70419db20c9ce391b7342c - - - -] Created volume successfully.
2026-10-10 03:56:25.175 87 INFO cinder.volume.drivers.lightos [None req-1c232000-e099-4c3c-8de1-4a40c8584dda 0d0bbdeb69fe4f36bc43fcc108769051 636b78169a64454891335937d3996283 - - - -] Invoking get_volume using GET url: /api/v2/projects/default/volumes/aa38a48f-f9d6-433b-a910-754961d67e04             request.body: {} ssl_verify: False
2026-10-10 03:56:25.222 87 WARNING py.warnings [None req-1c232000-e099-4c3c-8de1-4a40c8584dda 0d0bbdeb69fe4f36bc43fcc108769051 636b78169a64454891335937d3996283 - - - -] /var/lib/kolla/venv/lib/python3.12/site-packages/urllib3/connectionpool.py:1110: InsecureRequestWarning: Unverified HTTPS request is being made to host '[LB_IP_ADDRESS]'. Adding certificate verification is strongly advised. See: https://urllib3.readthedocs.io/en/latest/advanced-usage.html#tls-warnings
  warnings.warn(

2026-10-10 03:56:25.251 87 INFO cinder.volume.flows.manager.create_volume [None req-1c232000-e099-4c3c-8de1-4a40c8584dda 0d0bbdeb69fe4f36bc43fcc108769051 636b78169a64454891335937d3996283 - - - -] Volume vol_f05a7281-2a93-481f-b928-4e63dc68bb0a (f05a7281-2a93-481f-b928-4e63dc68bb0a): created successfully
2026-10-10 03:56:25.261 87 INFO cinder.volume.manager [None req-1c232000-e099-4c3c-8de1-4a40c8584dda 0d0bbdeb69fe4f36bc43fcc108769051 636b78169a64454891335937d3996283 - - - -] Created volume successfully.
2026-10-10 03:56:25.463 87 INFO cinder.volume.flows.manager.create_volume [None req-0a59d49e-91bc-41e7-84c9-e682278f97d0 32f5c0c2330f4b678c611bf50c523435 ffbb512d165249c9aec6493b1369f2c2 - - - -] Volume 039582c5-92fa-4607-aa99-575bce84b07a: being created as raw with specification: {'status': 'creating', 'volume_name': 'vol_039582c5-92fa-4607-aa99-575bce84b07a', 'volume_size': 1}
2026-10-10 03:56:25.463 87 INFO cinder.volume.drivers.lightos [None req-0a59d49e-91bc-41e7-84c9-e682278f97d0 32f5c0c2330f4b678c611bf50c523435 ffbb512d165249c9aec6493b1369f2c2 - - - -] Invoking get_volume_by_name using GET url: /api/v2/projects/default/volumes/?name=vol_039582c5-92fa-4607-aa99-575bce84b07a             request.body: {} ssl_verify: False
2026-10-10 03:56:25.498 87 WARNING py.warnings [None req-0a59d49e-91bc-41e7-84c9-e682278f97d0 32f5c0c2330f4b678c611bf50c523435 ffbb512d165249c9aec6493b1369f2c2 - - - -] /var/lib/kolla/venv/lib/python3.12/site-packages/urllib3/connectionpool.py:1110: InsecureRequestWarning: Unverified HTTPS request is being made to host '[LB_IP_ADDRESS]'. Adding certificate verification is strongly advised. See: https://urllib3.readthedocs.io/en/latest/advanced-usage.html#tls-warnings
  warnings.warn(

2026-10-10 03:56:25.509 87 INFO cinder.volume.drivers.lightos [None req-0a59d49e-91bc-41e7-84c9-e682278f97d0 32f5c0c2330f4b678c611bf50c523435 ffbb512d165249c9aec6493b1369f2c2 - - - -] Invoking create_volume using POST url: /api/v2/projects/default/volumes             request.body: {'name': 'vol_039582c5-92fa-4607-aa99-575bce84b07a', 'size': '1 gib', 'replicaCount': '3', 'compression': 'False', 'acl': {'values': ['ALLOW_NONE']}, 'IPAcl': {'values': ['ALLOW_NONE']}, 'sourceSnapshotUUID': None, 'sourceSnapshotName': None} ssl_verify: False
2026-10-10 03:56:25.555 87 WARNING py.warnings [None req-0a59d49e-91bc-41e7-84c9-e682278f97d0 32f5c0c2330f4b678c611bf50c523435 ffbb512d165249c9aec6493b1369f2c2 - - - -] /var/lib/kolla/venv/lib/python3.12/site-packages/urllib3/connectionpool.py:1110: InsecureRequestWarning: Unverified HTTPS request is being made to host '[LB_IP_ADDRESS]'. Adding certificate verification is strongly advised. See: https://urllib3.readthedocs.io/en/latest/advanced-usage.html#tls-warnings
  warnings.warn(

2026-10-10 03:56:25.582 87 INFO cinder.volume.drivers.lightos [None req-0a59d49e-91bc-41e7-84c9-e682278f97d0 32f5c0c2330f4b678c611bf50c523435 ffbb512d165249c9aec6493b1369f2c2 - - - -] Invoking get_volume using GET url: /api/v2/projects/default/volumes/bdde3d79-7b9f-40c4-aee2-14f2c67623fa             request.body: {} ssl_verify: False
2026-10-10 03:56:25.638 87 WARNING py.warnings [None req-0a59d49e-91bc-41e7-84c9-e682278f97d0 32f5c0c2330f4b678c611bf50c523435 ffbb512d165249c9aec6493b1369f2c2 - - - -] /var/lib/kolla/venv/lib/python3.12/site-packages/urllib3/connectionpool.py:1110: InsecureRequestWarning: Unverified HTTPS request is being made to host '[LB_IP_ADDRESS]'. Adding certificate verification is strongly advised. See: https://urllib3.readthedocs.io/en/latest/advanced-usage.html#tls-warnings
  warnings.warn(

2026-10-10 03:56:25.683 87 INFO cinder.volume.flows.manager.create_volume [None req-0a59d49e-91bc-41e7-84c9-e682278f97d0 32f5c0c2330f4b678c611bf50c523435 ffbb512d165249c9aec6493b1369f2c2 - - - -] Volume vol_039582c5-92fa-4607-aa99-575bce84b07a (039582c5-92fa-4607-aa99-575bce84b07a): created successfully
2026-10-10 03:56:25.694 87 INFO cinder.volume.manager [None req-0a59d49e-91bc-41e7-84c9-e682278f97d0 32f5c0c2330f4b678c611bf50c523435 ffbb512d165249c9aec6493b1369f2c2 - - - -] Created volume successfully.
2026-10-10 03:56:26.347 87 INFO cinder.volume.drivers.lightos [None req-331e6c89-34c5-444e-b5d2-55fcfea9d55b 0d0bbdeb69fe4f36bc43fcc108769051 636b78169a64454891335937d3996283 - - default default] Invoking delete_volume using DELETE url: /api/v2/projects/default/volumes/aa38a48f-f9d6-433b-a910-754961d67e04?             request.body:  ssl_verify: False
2026-10-10 03:56:26.382 87 WARNING py.warnings [None req-331e6c89-34c5-444e-b5d2-55fcfea9d55b 0d0bbdeb69fe4f36bc43fcc108769051 636b78169a64454891335937d3996283 - - default default] /var/lib/kolla/venv/lib/python3.12/site-packages/urllib3/connectionpool.py:1110: InsecureRequestWarning: Unverified HTTPS request is being made to host '[LB_IP_ADDRESS]'. Adding certificate verification is strongly advised. See: https://urllib3.readthedocs.io/en/latest/advanced-usage.html#tls-warnings
  warnings.warn(

2026-10-10 03:56:26.412 87 INFO cinder.volume.drivers.lightos [None req-331e6c89-34c5-444e-b5d2-55fcfea9d55b 0d0bbdeb69fe4f36bc43fcc108769051 636b78169a64454891335937d3996283 - - default default] Invoking get_volume using GET url: /api/v2/projects/default/volumes/aa38a48f-f9d6-433b-a910-754961d67e04             request.body: {} ssl_verify: False
2026-10-10 03:56:26.457 87 WARNING py.warnings [None req-331e6c89-34c5-444e-b5d2-55fcfea9d55b 0d0bbdeb69fe4f36bc43fcc108769051 636b78169a64454891335937d3996283 - - default default] /var/lib/kolla/venv/lib/python3.12/site-packages/urllib3/connectionpool.py:1110: InsecureRequestWarning: Unverified HTTPS request is being made to host '[LB_IP_ADDRESS]'. Adding certificate verification is strongly advised. See: https://urllib3.readthedocs.io/en/latest/advanced-usage.html#tls-warnings
  warnings.warn(

2026-10-10 03:56:26.492 87 INFO cinder.volume.flows.manager.create_volume [None req-d59b1ff6-e64b-44b2-98ab-2856102a35bc d7da35d0d3d34891a1a24ad690f809ce a44bfbcaba70419db20c9ce391b7342c - - - -] Volume 51cfbb49-3e06-4100-bd79-737496866468: being created as source_vol with specification: {'status': 'creating', 'volume_name': 'vol_51cfbb49-3e06-4100-bd79-737496866468', 'volume_size': 2, 'source_volid': '2a231213-e310-4f68-bf01-12f1526e22b3', 'source_volstatus': 'available'}
2026-10-10 03:56:26.498 87 INFO cinder.volume.drivers.lightos [None req-d59b1ff6-e64b-44b2-98ab-2856102a35bc d7da35d0d3d34891a1a24ad690f809ce a44bfbcaba70419db20c9ce391b7342c - - - -] Invoking get_snapshot_by_name using GET url: /api/v2/projects/default/snapshots/?Name=for_clone_51cfbb49-3e06-4100-bd79-737496866468             request.body: {} ssl_verify: False
2026-10-10 03:56:26.533 87 WARNING py.warnings [None req-d59b1ff6-e64b-44b2-98ab-2856102a35bc d7da35d0d3d34891a1a24ad690f809ce a44bfbcaba70419db20c9ce391b7342c - - - -] /var/lib/kolla/venv/lib/python3.12/site-packages/urllib3/connectionpool.py:1110: InsecureRequestWarning: Unverified HTTPS request is being made to host '[LB_IP_ADDRESS]'. Adding certificate verification is strongly advised. See: https://urllib3.readthedocs.io/en/latest/advanced-usage.html#tls-warnings
  warnings.warn(

2026-10-10 03:56:26.567 87 INFO cinder.volume.drivers.lightos [None req-d59b1ff6-e64b-44b2-98ab-2856102a35bc d7da35d0d3d34891a1a24ad690f809ce a44bfbcaba70419db20c9ce391b7342c - - - -] Invoking create_snapshot using POST url: /api/v2/projects/default/snapshots             request.body: {'name': 'for_clone_51cfbb49-3e06-4100-bd79-737496866468', 'sourceVolumeUUID': None, 'sourceVolumeName': 'vol_2a231213-e310-4f68-bf01-12f1526e22b3'} ssl_verify: False
2026-10-10 03:56:26.601 87 WARNING py.warnings [None req-d59b1ff6-e64b-44b2-98ab-2856102a35bc d7da35d0d3d34891a1a24ad690f809ce a44bfbcaba70419db20c9ce391b7342c - - - -] /var/lib/kolla/venv/lib/python3.12/site-packages/urllib3/connectionpool.py:1110: InsecureRequestWarning: Unverified HTTPS request is being made to host '[LB_IP_ADDRESS]'. Adding certificate verification is strongly advised. See: https://urllib3.readthedocs.io/en/latest/advanced-usage.html#tls-warnings
  warnings.warn(

2026-10-10 03:56:26.636 87 INFO cinder.volume.drivers.lightos [None req-d59b1ff6-e64b-44b2-98ab-2856102a35bc d7da35d0d3d34891a1a24ad690f809ce a44bfbcaba70419db20c9ce391b7342c - - - -] Invoking get_snapshot_by_name using GET url: /api/v2/projects/default/snapshots/?Name=for_clone_51cfbb49-3e06-4100-bd79-737496866468             request.body: {} ssl_verify: False
2026-10-10 03:56:26.670 87 WARNING py.warnings [None req-d59b1ff6-e64b-44b2-98ab-2856102a35bc d7da35d0d3d34891a1a24ad690f809ce a44bfbcaba70419db20c9ce391b7342c - - - -] /var/lib/kolla/venv/lib/python3.12/site-packages/urllib3/connectionpool.py:1110: InsecureRequestWarning: Unverified HTTPS request is being made to host '[LB_IP_ADDRESS]'. Adding certificate verification is strongly advised. See: https://urllib3.readthedocs.io/en/latest/advanced-usage.html#tls-warnings
  warnings.warn(

2026-10-10 03:56:26.679 87 INFO cinder.volume.manager [None req-331e6c89-34c5-444e-b5d2-55fcfea9d55b 0d0bbdeb69fe4f36bc43fcc108769051 636b78169a64454891335937d3996283 - - default default] Deleted volume successfully.
2026-10-10 03:56:27.515 87 INFO cinder.volume.manager [None req-85913b0a-61f0-4529-bebe-bf7e9e2c2687 c855f95b1e194b2491608b8daebcbe00 075d7e3146474b5da71a44cfbf39a9e4 - - default default] Transfer volume completed successfully.
2026-10-10 03:56:27.694 87 INFO cinder.volume.drivers.lightos [None req-d59b1ff6-e64b-44b2-98ab-2856102a35bc d7da35d0d3d34891a1a24ad690f809ce a44bfbcaba70419db20c9ce391b7342c - - - -] Invoking get_snapshot_by_name using GET url: /api/v2/projects/default/snapshots/?Name=for_clone_51cfbb49-3e06-4100-bd79-737496866468             request.body: {} ssl_verify: False
2026-10-10 03:56:27.742 87 WARNING py.warnings [None req-d59b1ff6-e64b-44b2-98ab-2856102a35bc d7da35d0d3d34891a1a24ad690f809ce a44bfbcaba70419db20c9ce391b7342c - - - -] /var/lib/kolla/venv/lib/python3.12/site-packages/urllib3/connectionpool.py:1110: InsecureRequestWarning: Unverified HTTPS request is being made to host '[LB_IP_ADDRESS]'. Adding certificate verification is strongly advised. See: https://urllib3.readthedocs.io/en/latest/advanced-usage.html#tls-warnings
  warnings.warn(

2026-10-10 03:56:27.757 87 INFO cinder.volume.drivers.lightos [None req-d59b1ff6-e64b-44b2-98ab-2856102a35bc d7da35d0d3d34891a1a24ad690f809ce a44bfbcaba70419db20c9ce391b7342c - - - -] Invoking get_volume_by_name using GET url: /api/v2/projects/default/volumes/?name=vol_51cfbb49-3e06-4100-bd79-737496866468             request.body: {} ssl_verify: False
2026-10-10 03:56:27.803 87 WARNING py.warnings [None req-d59b1ff6-e64b-44b2-98ab-2856102a35bc d7da35d0d3d34891a1a24ad690f809ce a44bfbcaba70419db20c9ce391b7342c - - - -] /var/lib/kolla/venv/lib/python3.12/site-packages/urllib3/connectionpool.py:1110: InsecureRequestWarning: Unverified HTTPS request is being made to host '[LB_IP_ADDRESS]'. Adding certificate verification is strongly advised. See: https://urllib3.readthedocs.io/en/latest/advanced-usage.html#tls-warnings
  warnings.warn(

2026-10-10 03:56:27.815 87 INFO cinder.volume.drivers.lightos [None req-d59b1ff6-e64b-44b2-98ab-2856102a35bc d7da35d0d3d34891a1a24ad690f809ce a44bfbcaba70419db20c9ce391b7342c - - - -] Invoking create_volume using POST url: /api/v2/projects/default/volumes             request.body: {'name': 'vol_51cfbb49-3e06-4100-bd79-737496866468', 'size': '2 gib', 'replicaCount': '3', 'compression': 'False', 'acl': {'values': ['ALLOW_NONE']}, 'IPAcl': {'values': ['ALLOW_NONE']}, 'sourceSnapshotUUID': None, 'sourceSnapshotName': 'for_clone_51cfbb49-3e06-4100-bd79-737496866468'} ssl_verify: False
2026-10-10 03:56:27.862 87 WARNING py.warnings [None req-d59b1ff6-e64b-44b2-98ab-2856102a35bc d7da35d0d3d34891a1a24ad690f809ce a44bfbcaba70419db20c9ce391b7342c - - - -] /var/lib/kolla/venv/lib/python3.12/site-packages/urllib3/connectionpool.py:1110: InsecureRequestWarning: Unverified HTTPS request is being made to host '[LB_IP_ADDRESS]'. Adding certificate verification is strongly advised. See: https://urllib3.readthedocs.io/en/latest/advanced-usage.html#tls-warnings
  warnings.warn(

2026-10-10 03:56:27.904 87 INFO cinder.volume.drivers.lightos [None req-d59b1ff6-e64b-44b2-98ab-2856102a35bc d7da35d0d3d34891a1a24ad690f809ce a44bfbcaba70419db20c9ce391b7342c - - - -] Invoking get_volume using GET url: /api/v2/projects/default/volumes/45dca23a-6bfd-41a7-bd8a-bd67b064bd15             request.body: {} ssl_verify: False
2026-10-10 03:56:27.969 87 WARNING py.warnings [None req-d59b1ff6-e64b-44b2-98ab-2856102a35bc d7da35d0d3d34891a1a24ad690f809ce a44bfbcaba70419db20c9ce391b7342c - - - -] /var/lib/kolla/venv/lib/python3.12/site-packages/urllib3/connectionpool.py:1110: InsecureRequestWarning: Unverified HTTPS request is being made to host '[LB_IP_ADDRESS]'. Adding certificate verification is strongly advised. See: https://urllib3.readthedocs.io/en/latest/advanced-usage.html#tls-warnings
  warnings.warn(

2026-10-10 03:56:27.981 87 INFO cinder.volume.drivers.lightos [None req-d59b1ff6-e64b-44b2-98ab-2856102a35bc d7da35d0d3d34891a1a24ad690f809ce a44bfbcaba70419db20c9ce391b7342c - - - -] Invoking get_snapshot_by_name using GET url: /api/v2/projects/default/snapshots/?Name=for_clone_51cfbb49-3e06-4100-bd79-737496866468             request.body: {} ssl_verify: False
2026-10-10 03:56:28.022 87 WARNING py.warnings [None req-d59b1ff6-e64b-44b2-98ab-2856102a35bc d7da35d0d3d34891a1a24ad690f809ce a44bfbcaba70419db20c9ce391b7342c - - - -] /var/lib/kolla/venv/lib/python3.12/site-packages/urllib3/connectionpool.py:1110: InsecureRequestWarning: Unverified HTTPS request is being made to host '[LB_IP_ADDRESS]'. Adding certificate verification is strongly advised. See: https://urllib3.readthedocs.io/en/latest/advanced-usage.html#tls-warnings
  warnings.warn(

2026-10-10 03:56:28.032 87 INFO cinder.volume.drivers.lightos [None req-d59b1ff6-e64b-44b2-98ab-2856102a35bc d7da35d0d3d34891a1a24ad690f809ce a44bfbcaba70419db20c9ce391b7342c - - - -] Invoking delete_snapshot using DELETE url: /api/v2/projects/default/snapshots/5116e931-a1c3-408d-b8b2-19ac7fa9d06d?             request.body:  ssl_verify: False
2026-10-10 03:56:28.066 87 WARNING py.warnings [None req-d59b1ff6-e64b-44b2-98ab-2856102a35bc d7da35d0d3d34891a1a24ad690f809ce a44bfbcaba70419db20c9ce391b7342c - - - -] /var/lib/kolla/venv/lib/python3.12/site-packages/urllib3/connectionpool.py:1110: InsecureRequestWarning: Unverified HTTPS request is being made to host '[LB_IP_ADDRESS]'. Adding certificate verification is strongly advised. See: https://urllib3.readthedocs.io/en/latest/advanced-usage.html#tls-warnings
  warnings.warn(

2026-10-10 03:56:28.122 87 INFO cinder.volume.drivers.lightos [None req-d59b1ff6-e64b-44b2-98ab-2856102a35bc d7da35d0d3d34891a1a24ad690f809ce a44bfbcaba70419db20c9ce391b7342c - - - -] Invoking get_snapshot using GET url: /api/v2/projects/default/snapshots/5116e931-a1c3-408d-b8b2-19ac7fa9d06d             request.body: {} ssl_verify: False
2026-10-10 03:56:28.163 87 WARNING py.warnings [None req-d59b1ff6-e64b-44b2-98ab-2856102a35bc d7da35d0d3d34891a1a24ad690f809ce a44bfbcaba70419db20c9ce391b7342c - - - -] /var/lib/kolla/venv/lib/python3.12/site-packages/urllib3/connectionpool.py:1110: InsecureRequestWarning: Unverified HTTPS request is being made to host '[LB_IP_ADDRESS]'. Adding certificate verification is strongly advised. See: https://urllib3.readthedocs.io/en/latest/advanced-usage.html#tls-warnings
  warnings.warn(

2026-10-10 03:56:28.193 87 INFO cinder.volume.flows.manager.create_volume [None req-d59b1ff6-e64b-44b2-98ab-2856102a35bc d7da35d0d3d34891a1a24ad690f809ce a44bfbcaba70419db20c9ce391b7342c - - - -] Volume vol_51cfbb49-3e06-4100-bd79-737496866468 (51cfbb49-3e06-4100-bd79-737496866468): created successfully
2026-10-10 03:56:28.201 87 INFO cinder.volume.manager [None req-d59b1ff6-e64b-44b2-98ab-2856102a35bc d7da35d0d3d34891a1a24ad690f809ce a44bfbcaba70419db20c9ce391b7342c - - - -] Created volume successfully.
2026-10-10 03:56:28.497 87 INFO cinder.volume.drivers.lightos [None req-4c7965a5-5606-47e1-b87f-5d2b3f16b4c2 58bc5169a5b24fcf8cedd7f25e648cb5 05b5d62fc83f4f06b83768bec1f0af9b - - default default] Invoking delete_volume using DELETE url: /api/v2/projects/default/volumes/bdde3d79-7b9f-40c4-aee2-14f2c67623fa?             request.body:  ssl_verify: False
2026-10-10 03:56:28.532 87 WARNING py.warnings [None req-4c7965a5-5606-47e1-b87f-5d2b3f16b4c2 58bc5169a5b24fcf8cedd7f25e648cb5 05b5d62fc83f4f06b83768bec1f0af9b - - default default] /var/lib/kolla/venv/lib/python3.12/site-packages/urllib3/connectionpool.py:1110: InsecureRequestWarning: Unverified HTTPS request is being made to host '[LB_IP_ADDRESS]'. Adding certificate verification is strongly advised. See: https://urllib3.readthedocs.io/en/latest/advanced-usage.html#tls-warnings
  warnings.warn(

2026-10-10 03:56:28.558 87 INFO cinder.volume.drivers.lightos [None req-4c7965a5-5606-47e1-b87f-5d2b3f16b4c2 58bc5169a5b24fcf8cedd7f25e648cb5 05b5d62fc83f4f06b83768bec1f0af9b - - default default] Invoking get_volume using GET url: /api/v2/projects/default/volumes/bdde3d79-7b9f-40c4-aee2-14f2c67623fa             request.body: {} ssl_verify: False
2026-10-10 03:56:28.604 87 WARNING py.warnings [None req-4c7965a5-5606-47e1-b87f-5d2b3f16b4c2 58bc5169a5b24fcf8cedd7f25e648cb5 05b5d62fc83f4f06b83768bec1f0af9b - - default default] /var/lib/kolla/venv/lib/python3.12/site-packages/urllib3/connectionpool.py:1110: InsecureRequestWarning: Unverified HTTPS request is being made to host '[LB_IP_ADDRESS]'. Adding certificate verification is strongly advised. See: https://urllib3.readthedocs.io/en/latest/advanced-usage.html#tls-warnings
  warnings.warn(

2026-10-10 03:56:28.723 87 INFO cinder.volume.drivers.lightos [None req-9af64826-0a77-4ba8-8fb7-4eff85b6a7f0 d7da35d0d3d34891a1a24ad690f809ce a44bfbcaba70419db20c9ce391b7342c - - default default] Invoking delete_volume using DELETE url: /api/v2/projects/default/volumes/45dca23a-6bfd-41a7-bd8a-bd67b064bd15?             request.body:  ssl_verify: False
2026-10-10 03:56:28.758 87 WARNING py.warnings [None req-9af64826-0a77-4ba8-8fb7-4eff85b6a7f0 d7da35d0d3d34891a1a24ad690f809ce a44bfbcaba70419db20c9ce391b7342c - - default default] /var/lib/kolla/venv/lib/python3.12/site-packages/urllib3/connectionpool.py:1110: InsecureRequestWarning: Unverified HTTPS request is being made to host '[LB_IP_ADDRESS]'. Adding certificate verification is strongly advised. See: https://urllib3.readthedocs.io/en/latest/advanced-usage.html#tls-warnings
  warnings.warn(

2026-10-10 03:56:28.776 87 INFO cinder.volume.manager [None req-4c7965a5-5606-47e1-b87f-5d2b3f16b4c2 58bc5169a5b24fcf8cedd7f25e648cb5 05b5d62fc83f4f06b83768bec1f0af9b - - default default] Deleted volume successfully.
2026-10-10 03:56:28.787 87 INFO cinder.volume.drivers.lightos [None req-9af64826-0a77-4ba8-8fb7-4eff85b6a7f0 d7da35d0d3d34891a1a24ad690f809ce a44bfbcaba70419db20c9ce391b7342c - - default default] Invoking get_volume using GET url: /api/v2/projects/default/volumes/45dca23a-6bfd-41a7-bd8a-bd67b064bd15             request.body: {} ssl_verify: False
2026-10-10 03:56:28.830 87 WARNING py.warnings [None req-9af64826-0a77-4ba8-8fb7-4eff85b6a7f0 d7da35d0d3d34891a1a24ad690f809ce a44bfbcaba70419db20c9ce391b7342c - - default default] /var/lib/kolla/venv/lib/python3.12/site-packages/urllib3/connectionpool.py:1110: InsecureRequestWarning: Unverified HTTPS request is being made to host '[LB_IP_ADDRESS]'. Adding certificate verification is strongly advised. See: https://urllib3.readthedocs.io/en/latest/advanced-usage.html#tls-warnings
  warnings.warn(

2026-10-10 03:56:28.977 87 INFO cinder.volume.manager [None req-9af64826-0a77-4ba8-8fb7-4eff85b6a7f0 d7da35d0d3d34891a1a24ad690f809ce a44bfbcaba70419db20c9ce391b7342c - - default default] Deleted volume successfully.
2026-10-10 03:56:29.913 87 INFO cinder.volume.drivers.lightos [None req-82f4ec94-217f-4dd4-8b2a-4caac027c68e d7da35d0d3d34891a1a24ad690f809ce a44bfbcaba70419db20c9ce391b7342c - - default default] Invoking delete_volume using DELETE url: /api/v2/projects/default/volumes/5ab0c5ca-55d7-4907-a81f-575dc80e5d25?             request.body:  ssl_verify: False
2026-10-10 03:56:29.949 87 WARNING py.warnings [None req-82f4ec94-217f-4dd4-8b2a-4caac027c68e d7da35d0d3d34891a1a24ad690f809ce a44bfbcaba70419db20c9ce391b7342c - - default default] /var/lib/kolla/venv/lib/python3.12/site-packages/urllib3/connectionpool.py:1110: InsecureRequestWarning: Unverified HTTPS request is being made to host '[LB_IP_ADDRESS]'. Adding certificate verification is strongly advised. See: https://urllib3.readthedocs.io/en/latest/advanced-usage.html#tls-warnings
  warnings.warn(

2026-10-10 03:56:29.979 87 INFO cinder.volume.drivers.lightos [None req-82f4ec94-217f-4dd4-8b2a-4caac027c68e d7da35d0d3d34891a1a24ad690f809ce a44bfbcaba70419db20c9ce391b7342c - - default default] Invoking get_volume using GET url: /api/v2/projects/default/volumes/5ab0c5ca-55d7-4907-a81f-575dc80e5d25             request.body: {} ssl_verify: False
2026-10-10 03:56:30.025 87 WARNING py.warnings [None req-82f4ec94-217f-4dd4-8b2a-4caac027c68e d7da35d0d3d34891a1a24ad690f809ce a44bfbcaba70419db20c9ce391b7342c - - default default] /var/lib/kolla/venv/lib/python3.12/site-packages/urllib3/connectionpool.py:1110: InsecureRequestWarning: Unverified HTTPS request is being made to host '[LB_IP_ADDRESS]'. Adding certificate verification is strongly advised. See: https://urllib3.readthedocs.io/en/latest/advanced-usage.html#tls-warnings
  warnings.warn(

2026-10-10 03:56:30.175 87 INFO cinder.volume.manager [None req-82f4ec94-217f-4dd4-8b2a-4caac027c68e d7da35d0d3d34891a1a24ad690f809ce a44bfbcaba70419db20c9ce391b7342c - - default default] Deleted volume successfully.
2026-10-10 03:56:30.364 87 INFO cinder.volume.flows.manager.create_volume [None req-d9a830bf-8de6-43f8-8755-8be43cb3bb5b 32f5c0c2330f4b678c611bf50c523435 ffbb512d165249c9aec6493b1369f2c2 - - - -] Volume 6457d1ac-dc00-404f-a0e8-067629259812: being created as raw with specification: {'status': 'creating', 'volume_name': 'vol_6457d1ac-dc00-404f-a0e8-067629259812', 'volume_size': 1}
2026-10-10 03:56:30.364 87 INFO cinder.volume.drivers.lightos [None req-d9a830bf-8de6-43f8-8755-8be43cb3bb5b 32f5c0c2330f4b678c611bf50c523435 ffbb512d165249c9aec6493b1369f2c2 - - - -] Invoking get_volume_by_name using GET url: /api/v2/projects/default/volumes/?name=vol_6457d1ac-dc00-404f-a0e8-067629259812             request.body: {} ssl_verify: False
2026-10-10 03:56:30.401 87 WARNING py.warnings [None req-d9a830bf-8de6-43f8-8755-8be43cb3bb5b 32f5c0c2330f4b678c611bf50c523435 ffbb512d165249c9aec6493b1369f2c2 - - - -] /var/lib/kolla/venv/lib/python3.12/site-packages/urllib3/connectionpool.py:1110: InsecureRequestWarning: Unverified HTTPS request is being made to host '[LB_IP_ADDRESS]'. Adding certificate verification is strongly advised. See: https://urllib3.readthedocs.io/en/latest/advanced-usage.html#tls-warnings
  warnings.warn(

2026-10-10 03:56:30.413 87 INFO cinder.volume.drivers.lightos [None req-d9a830bf-8de6-43f8-8755-8be43cb3bb5b 32f5c0c2330f4b678c611bf50c523435 ffbb512d165249c9aec6493b1369f2c2 - - - -] Invoking create_volume using POST url: /api/v2/projects/default/volumes             request.body: {'name': 'vol_6457d1ac-dc00-404f-a0e8-067629259812', 'size': '1 gib', 'replicaCount': '3', 'compression': 'False', 'acl': {'values': ['ALLOW_NONE']}, 'IPAcl': {'values': ['ALLOW_NONE']}, 'sourceSnapshotUUID': None, 'sourceSnapshotName': None} ssl_verify: False
2026-10-10 03:56:30.458 87 WARNING py.warnings [None req-d9a830bf-8de6-43f8-8755-8be43cb3bb5b 32f5c0c2330f4b678c611bf50c523435 ffbb512d165249c9aec6493b1369f2c2 - - - -] /var/lib/kolla/venv/lib/python3.12/site-packages/urllib3/connectionpool.py:1110: InsecureRequestWarning: Unverified HTTPS request is being made to host '[LB_IP_ADDRESS]'. Adding certificate verification is strongly advised. See: https://urllib3.readthedocs.io/en/latest/advanced-usage.html#tls-warnings
  warnings.warn(

2026-10-10 03:56:30.492 87 INFO cinder.volume.drivers.lightos [None req-d9a830bf-8de6-43f8-8755-8be43cb3bb5b 32f5c0c2330f4b678c611bf50c523435 ffbb512d165249c9aec6493b1369f2c2 - - - -] Invoking get_volume using GET url: /api/v2/projects/default/volumes/61c2c1d8-1a34-412e-9f17-544bf7f9b55e             request.body: {} ssl_verify: False
2026-10-10 03:56:30.561 87 WARNING py.warnings [None req-d9a830bf-8de6-43f8-8755-8be43cb3bb5b 32f5c0c2330f4b678c611bf50c523435 ffbb512d165249c9aec6493b1369f2c2 - - - -] /var/lib/kolla/venv/lib/python3.12/site-packages/urllib3/connectionpool.py:1110: InsecureRequestWarning: Unverified HTTPS request is being made to host '[LB_IP_ADDRESS]'. Adding certificate verification is strongly advised. See: https://urllib3.readthedocs.io/en/latest/advanced-usage.html#tls-warnings
  warnings.warn(

2026-10-10 03:56:30.595 87 INFO cinder.volume.flows.manager.create_volume [None req-d9a830bf-8de6-43f8-8755-8be43cb3bb5b 32f5c0c2330f4b678c611bf50c523435 ffbb512d165249c9aec6493b1369f2c2 - - - -] Volume vol_6457d1ac-dc00-404f-a0e8-067629259812 (6457d1ac-dc00-404f-a0e8-067629259812): created successfully
2026-10-10 03:56:30.603 87 INFO cinder.volume.manager [None req-d9a830bf-8de6-43f8-8755-8be43cb3bb5b 32f5c0c2330f4b678c611bf50c523435 ffbb512d165249c9aec6493b1369f2c2 - - - -] Created volume successfully.
2026-10-10 03:56:30.854 87 INFO cinder.volume.flows.manager.create_volume [None req-ae77578d-a018-4301-bec4-88110baa58c9 570846d155da4ae399a04d6bf755fac0 fe618904f4ee421cadded77fce512f74 - - - -] Volume c576d102-9ec6-410a-9610-3b49ea6ccbf1: being created as raw with specification: {'status': 'creating', 'volume_name': 'vol_c576d102-9ec6-410a-9610-3b49ea6ccbf1', 'volume_size': 1}
2026-10-10 03:56:30.854 87 INFO cinder.volume.drivers.lightos [None req-ae77578d-a018-4301-bec4-88110baa58c9 570846d155da4ae399a04d6bf755fac0 fe618904f4ee421cadded77fce512f74 - - - -] Invoking get_volume_by_name using GET url: /api/v2/projects/default/volumes/?name=vol_c576d102-9ec6-410a-9610-3b49ea6ccbf1             request.body: {} ssl_verify: False
2026-10-10 03:56:30.891 87 WARNING py.warnings [None req-ae77578d-a018-4301-bec4-88110baa58c9 570846d155da4ae399a04d6bf755fac0 fe618904f4ee421cadded77fce512f74 - - - -] /var/lib/kolla/venv/lib/python3.12/site-packages/urllib3/connectionpool.py:1110: InsecureRequestWarning: Unverified HTTPS request is being made to host '[LB_IP_ADDRESS]'. Adding certificate verification is strongly advised. See: https://urllib3.readthedocs.io/en/latest/advanced-usage.html#tls-warnings
  warnings.warn(

2026-10-10 03:56:30.902 87 INFO cinder.volume.drivers.lightos [None req-ae77578d-a018-4301-bec4-88110baa58c9 570846d155da4ae399a04d6bf755fac0 fe618904f4ee421cadded77fce512f74 - - - -] Invoking create_volume using POST url: /api/v2/projects/default/volumes             request.body: {'name': 'vol_c576d102-9ec6-410a-9610-3b49ea6ccbf1', 'size': '1 gib', 'replicaCount': '3', 'compression': 'False', 'acl': {'values': ['ALLOW_NONE']}, 'IPAcl': {'values': ['ALLOW_NONE']}, 'sourceSnapshotUUID': None, 'sourceSnapshotName': None} ssl_verify: False
2026-10-10 03:56:30.945 87 WARNING py.warnings [None req-ae77578d-a018-4301-bec4-88110baa58c9 570846d155da4ae399a04d6bf755fac0 fe618904f4ee421cadded77fce512f74 - - - -] /var/lib/kolla/venv/lib/python3.12/site-packages/urllib3/connectionpool.py:1110: InsecureRequestWarning: Unverified HTTPS request is being made to host '[LB_IP_ADDRESS]'. Adding certificate verification is strongly advised. See: https://urllib3.readthedocs.io/en/latest/advanced-usage.html#tls-warnings
  warnings.warn(

2026-10-10 03:56:30.973 87 INFO cinder.volume.drivers.lightos [None req-ae77578d-a018-4301-bec4-88110baa58c9 570846d155da4ae399a04d6bf755fac0 fe618904f4ee421cadded77fce512f74 - - - -] Invoking get_volume using GET url: /api/v2/projects/default/volumes/2ac9a7c2-2105-4508-a6f9-d38367fa87ee             request.body: {} ssl_verify: False
2026-10-10 03:56:31.052 87 WARNING py.warnings [None req-ae77578d-a018-4301-bec4-88110baa58c9 570846d155da4ae399a04d6bf755fac0 fe618904f4ee421cadded77fce512f74 - - - -] /var/lib/kolla/venv/lib/python3.12/site-packages/urllib3/connectionpool.py:1110: InsecureRequestWarning: Unverified HTTPS request is being made to host '[LB_IP_ADDRESS]'. Adding certificate verification is strongly advised. See: https://urllib3.readthedocs.io/en/latest/advanced-usage.html#tls-warnings
  warnings.warn(

2026-10-10 03:56:31.105 87 INFO cinder.volume.flows.manager.create_volume [None req-ae77578d-a018-4301-bec4-88110baa58c9 570846d155da4ae399a04d6bf755fac0 fe618904f4ee421cadded77fce512f74 - - - -] Volume vol_c576d102-9ec6-410a-9610-3b49ea6ccbf1 (c576d102-9ec6-410a-9610-3b49ea6ccbf1): created successfully
2026-10-10 03:56:31.113 87 INFO cinder.volume.manager [None req-ae77578d-a018-4301-bec4-88110baa58c9 570846d155da4ae399a04d6bf755fac0 fe618904f4ee421cadded77fce512f74 - - - -] Created volume successfully.
2026-10-10 03:56:31.690 87 INFO cinder.volume.drivers.lightos [None req-23b3129c-6e8b-4d25-98ba-b428cbcc6a19 58bc5169a5b24fcf8cedd7f25e648cb5 05b5d62fc83f4f06b83768bec1f0af9b - - default default] Invoking delete_volume using DELETE url: /api/v2/projects/default/volumes/61c2c1d8-1a34-412e-9f17-544bf7f9b55e?             request.body:  ssl_verify: False
2026-10-10 03:56:31.723 87 WARNING py.warnings [None req-23b3129c-6e8b-4d25-98ba-b428cbcc6a19 58bc5169a5b24fcf8cedd7f25e648cb5 05b5d62fc83f4f06b83768bec1f0af9b - - default default] /var/lib/kolla/venv/lib/python3.12/site-packages/urllib3/connectionpool.py:1110: InsecureRequestWarning: Unverified HTTPS request is being made to host '[LB_IP_ADDRESS]'. Adding certificate verification is strongly advised. See: https://urllib3.readthedocs.io/en/latest/advanced-usage.html#tls-warnings
  warnings.warn(

2026-10-10 03:56:31.744 87 INFO cinder.volume.drivers.lightos [None req-23b3129c-6e8b-4d25-98ba-b428cbcc6a19 58bc5169a5b24fcf8cedd7f25e648cb5 05b5d62fc83f4f06b83768bec1f0af9b - - default default] Invoking get_volume using GET url: /api/v2/projects/default/volumes/61c2c1d8-1a34-412e-9f17-544bf7f9b55e             request.body: {} ssl_verify: False
2026-10-10 03:56:31.787 87 WARNING py.warnings [None req-23b3129c-6e8b-4d25-98ba-b428cbcc6a19 58bc5169a5b24fcf8cedd7f25e648cb5 05b5d62fc83f4f06b83768bec1f0af9b - - default default] /var/lib/kolla/venv/lib/python3.12/site-packages/urllib3/connectionpool.py:1110: InsecureRequestWarning: Unverified HTTPS request is being made to host '[LB_IP_ADDRESS]'. Adding certificate verification is strongly advised. See: https://urllib3.readthedocs.io/en/latest/advanced-usage.html#tls-warnings
  warnings.warn(

2026-10-10 03:56:31.943 87 INFO cinder.volume.manager [None req-23b3129c-6e8b-4d25-98ba-b428cbcc6a19 58bc5169a5b24fcf8cedd7f25e648cb5 05b5d62fc83f4f06b83768bec1f0af9b - - default default] Deleted volume successfully.
2026-10-10 03:56:32.574 87 INFO cinder.volume.drivers.lightos [None req-6e15acd1-4e98-4cfc-afab-260fbcfd20aa 570846d155da4ae399a04d6bf755fac0 fe618904f4ee421cadded77fce512f74 - - default default] Invoking delete_volume using DELETE url: /api/v2/projects/default/volumes/2ac9a7c2-2105-4508-a6f9-d38367fa87ee?             request.body:  ssl_verify: False
2026-10-10 03:56:32.614 87 WARNING py.warnings [None req-6e15acd1-4e98-4cfc-afab-260fbcfd20aa 570846d155da4ae399a04d6bf755fac0 fe618904f4ee421cadded77fce512f74 - - default default] /var/lib/kolla/venv/lib/python3.12/site-packages/urllib3/connectionpool.py:1110: InsecureRequestWarning: Unverified HTTPS request is being made to host '[LB_IP_ADDRESS]'. Adding certificate verification is strongly advised. See: https://urllib3.readthedocs.io/en/latest/advanced-usage.html#tls-warnings
  warnings.warn(

2026-10-10 03:56:32.650 87 INFO cinder.volume.drivers.lightos [None req-6e15acd1-4e98-4cfc-afab-260fbcfd20aa 570846d155da4ae399a04d6bf755fac0 fe618904f4ee421cadded77fce512f74 - - default default] Invoking get_volume using GET url: /api/v2/projects/default/volumes/2ac9a7c2-2105-4508-a6f9-d38367fa87ee             request.body: {} ssl_verify: False
2026-10-10 03:56:32.696 87 WARNING py.warnings [None req-6e15acd1-4e98-4cfc-afab-260fbcfd20aa 570846d155da4ae399a04d6bf755fac0 fe618904f4ee421cadded77fce512f74 - - default default] /var/lib/kolla/venv/lib/python3.12/site-packages/urllib3/connectionpool.py:1110: InsecureRequestWarning: Unverified HTTPS request is being made to host '[LB_IP_ADDRESS]'. Adding certificate verification is strongly advised. See: https://urllib3.readthedocs.io/en/latest/advanced-usage.html#tls-warnings
  warnings.warn(

2026-10-10 03:56:32.836 87 INFO cinder.volume.manager [None req-6e15acd1-4e98-4cfc-afab-260fbcfd20aa 570846d155da4ae399a04d6bf755fac0 fe618904f4ee421cadded77fce512f74 - - default default] Deleted volume successfully.
2026-10-10 03:56:34.433 87 INFO cinder.volume.flows.manager.create_volume [None req-2c294453-b6b9-4851-a4ab-7be6d90c8d1f c3e19830a4fb4921afcd3822c7332dd6 92c24b2b12cf4a32ac657c075d76bd06 - - - -] Volume a9d3685d-35b6-453b-8f79-7236db5b7a16: being created as raw with specification: {'status': 'creating', 'volume_name': 'vol_a9d3685d-35b6-453b-8f79-7236db5b7a16', 'volume_size': 1}
2026-10-10 03:56:34.434 87 INFO cinder.volume.drivers.lightos [None req-2c294453-b6b9-4851-a4ab-7be6d90c8d1f c3e19830a4fb4921afcd3822c7332dd6 92c24b2b12cf4a32ac657c075d76bd06 - - - -] Invoking get_volume_by_name using GET url: /api/v2/projects/default/volumes/?name=vol_a9d3685d-35b6-453b-8f79-7236db5b7a16             request.body: {} ssl_verify: False
2026-10-10 03:56:34.471 87 WARNING py.warnings [None req-2c294453-b6b9-4851-a4ab-7be6d90c8d1f c3e19830a4fb4921afcd3822c7332dd6 92c24b2b12cf4a32ac657c075d76bd06 - - - -] /var/lib/kolla/venv/lib/python3.12/site-packages/urllib3/connectionpool.py:1110: InsecureRequestWarning: Unverified HTTPS request is being made to host '[LB_IP_ADDRESS]'. Adding certificate verification is strongly advised. See: https://urllib3.readthedocs.io/en/latest/advanced-usage.html#tls-warnings
  warnings.warn(

2026-10-10 03:56:34.495 87 INFO cinder.volume.drivers.lightos [None req-2c294453-b6b9-4851-a4ab-7be6d90c8d1f c3e19830a4fb4921afcd3822c7332dd6 92c24b2b12cf4a32ac657c075d76bd06 - - - -] Invoking create_volume using POST url: /api/v2/projects/default/volumes             request.body: {'name': 'vol_a9d3685d-35b6-453b-8f79-7236db5b7a16', 'size': '1 gib', 'replicaCount': '3', 'compression': 'False', 'acl': {'values': ['ALLOW_NONE']}, 'IPAcl': {'values': ['ALLOW_NONE']}, 'sourceSnapshotUUID': None, 'sourceSnapshotName': None} ssl_verify: False
2026-10-10 03:56:34.538 87 WARNING py.warnings [None req-2c294453-b6b9-4851-a4ab-7be6d90c8d1f c3e19830a4fb4921afcd3822c7332dd6 92c24b2b12cf4a32ac657c075d76bd06 - - - -] /var/lib/kolla/venv/lib/python3.12/site-packages/urllib3/connectionpool.py:1110: InsecureRequestWarning: Unverified HTTPS request is being made to host '[LB_IP_ADDRESS]'. Adding certificate verification is strongly advised. See: https://urllib3.readthedocs.io/en/latest/advanced-usage.html#tls-warnings
  warnings.warn(

2026-10-10 03:56:34.562 87 INFO cinder.volume.drivers.lightos [None req-2c294453-b6b9-4851-a4ab-7be6d90c8d1f c3e19830a4fb4921afcd3822c7332dd6 92c24b2b12cf4a32ac657c075d76bd06 - - - -] Invoking get_volume using GET url: /api/v2/projects/default/volumes/67b4dee7-3d0e-4a71-9903-0e422018ed1c             request.body: {} ssl_verify: False
2026-10-10 03:56:34.608 87 WARNING py.warnings [None req-2c294453-b6b9-4851-a4ab-7be6d90c8d1f c3e19830a4fb4921afcd3822c7332dd6 92c24b2b12cf4a32ac657c075d76bd06 - - - -] /var/lib/kolla/venv/lib/python3.12/site-packages/urllib3/connectionpool.py:1110: InsecureRequestWarning: Unverified HTTPS request is being made to host '[LB_IP_ADDRESS]'. Adding certificate verification is strongly advised. See: https://urllib3.readthedocs.io/en/latest/advanced-usage.html#tls-warnings
  warnings.warn(

2026-10-10 03:56:35.626 87 INFO cinder.volume.drivers.lightos [None req-2c294453-b6b9-4851-a4ab-7be6d90c8d1f c3e19830a4fb4921afcd3822c7332dd6 92c24b2b12cf4a32ac657c075d76bd06 - - - -] Invoking get_volume using GET url: /api/v2/projects/default/volumes/67b4dee7-3d0e-4a71-9903-0e422018ed1c             request.body: {} ssl_verify: False
2026-10-10 03:56:35.672 87 WARNING py.warnings [None req-2c294453-b6b9-4851-a4ab-7be6d90c8d1f c3e19830a4fb4921afcd3822c7332dd6 92c24b2b12cf4a32ac657c075d76bd06 - - - -] /var/lib/kolla/venv/lib/python3.12/site-packages/urllib3/connectionpool.py:1110: InsecureRequestWarning: Unverified HTTPS request is being made to host '[LB_IP_ADDRESS]'. Adding certificate verification is strongly advised. See: https://urllib3.readthedocs.io/en/latest/advanced-usage.html#tls-warnings
  warnings.warn(

2026-10-10 03:56:35.706 87 INFO cinder.volume.flows.manager.create_volume [None req-2c294453-b6b9-4851-a4ab-7be6d90c8d1f c3e19830a4fb4921afcd3822c7332dd6 92c24b2b12cf4a32ac657c075d76bd06 - - - -] Volume vol_a9d3685d-35b6-453b-8f79-7236db5b7a16 (a9d3685d-35b6-453b-8f79-7236db5b7a16): created successfully
2026-10-10 03:56:35.713 87 INFO cinder.volume.manager [None req-2c294453-b6b9-4851-a4ab-7be6d90c8d1f c3e19830a4fb4921afcd3822c7332dd6 92c24b2b12cf4a32ac657c075d76bd06 - - - -] Created volume successfully.
2026-10-10 03:56:36.887 87 INFO cinder.volume.flows.manager.create_volume [None req-cd897386-4070-41e2-ade8-76423633ed36 7d5776f1ba5b4c8498532138a6e17c00 5cdc1f605ff946c5862f6779d0129cc1 - - - -] Volume e8d7e8cb-cd3a-4a8f-b030-566601ba5754: being created as raw with specification: {'status': 'creating', 'volume_name': 'vol_e8d7e8cb-cd3a-4a8f-b030-566601ba5754', 'volume_size': 2}
2026-10-10 03:56:36.887 87 INFO cinder.volume.drivers.lightos [None req-cd897386-4070-41e2-ade8-76423633ed36 7d5776f1ba5b4c8498532138a6e17c00 5cdc1f605ff946c5862f6779d0129cc1 - - - -] Invoking get_volume_by_name using GET url: /api/v2/projects/default/volumes/?name=vol_e8d7e8cb-cd3a-4a8f-b030-566601ba5754             request.body: {} ssl_verify: False
2026-10-10 03:56:36.924 87 WARNING py.warnings [None req-cd897386-4070-41e2-ade8-76423633ed36 7d5776f1ba5b4c8498532138a6e17c00 5cdc1f605ff946c5862f6779d0129cc1 - - - -] /var/lib/kolla/venv/lib/python3.12/site-packages/urllib3/connectionpool.py:1110: InsecureRequestWarning: Unverified HTTPS request is being made to host '[LB_IP_ADDRESS]'. Adding certificate verification is strongly advised. See: https://urllib3.readthedocs.io/en/latest/advanced-usage.html#tls-warnings
  warnings.warn(

2026-10-10 03:56:36.936 87 INFO cinder.volume.drivers.lightos [None req-cd897386-4070-41e2-ade8-76423633ed36 7d5776f1ba5b4c8498532138a6e17c00 5cdc1f605ff946c5862f6779d0129cc1 - - - -] Invoking create_volume using POST url: /api/v2/projects/default/volumes             request.body: {'name': 'vol_e8d7e8cb-cd3a-4a8f-b030-566601ba5754', 'size': '2 gib', 'replicaCount': '3', 'compression': 'False', 'acl': {'values': ['ALLOW_NONE']}, 'IPAcl': {'values': ['ALLOW_NONE']}, 'sourceSnapshotUUID': None, 'sourceSnapshotName': None} ssl_verify: False
2026-10-10 03:56:36.979 87 WARNING py.warnings [None req-cd897386-4070-41e2-ade8-76423633ed36 7d5776f1ba5b4c8498532138a6e17c00 5cdc1f605ff946c5862f6779d0129cc1 - - - -] /var/lib/kolla/venv/lib/python3.12/site-packages/urllib3/connectionpool.py:1110: InsecureRequestWarning: Unverified HTTPS request is being made to host '[LB_IP_ADDRESS]'. Adding certificate verification is strongly advised. See: https://urllib3.readthedocs.io/en/latest/advanced-usage.html#tls-warnings
  warnings.warn(

2026-10-10 03:56:37.006 87 INFO cinder.volume.drivers.lightos [None req-cd897386-4070-41e2-ade8-76423633ed36 7d5776f1ba5b4c8498532138a6e17c00 5cdc1f605ff946c5862f6779d0129cc1 - - - -] Invoking get_volume using GET url: /api/v2/projects/default/volumes/03087cfd-adc5-4572-80ee-6ff0d0b1e1b1             request.body: {} ssl_verify: False
2026-10-10 03:56:37.089 87 WARNING py.warnings [None req-cd897386-4070-41e2-ade8-76423633ed36 7d5776f1ba5b4c8498532138a6e17c00 5cdc1f605ff946c5862f6779d0129cc1 - - - -] /var/lib/kolla/venv/lib/python3.12/site-packages/urllib3/connectionpool.py:1110: InsecureRequestWarning: Unverified HTTPS request is being made to host '[LB_IP_ADDRESS]'. Adding certificate verification is strongly advised. See: https://urllib3.readthedocs.io/en/latest/advanced-usage.html#tls-warnings
  warnings.warn(

2026-10-10 03:56:37.118 87 INFO cinder.volume.flows.manager.create_volume [None req-cd897386-4070-41e2-ade8-76423633ed36 7d5776f1ba5b4c8498532138a6e17c00 5cdc1f605ff946c5862f6779d0129cc1 - - - -] Volume vol_e8d7e8cb-cd3a-4a8f-b030-566601ba5754 (e8d7e8cb-cd3a-4a8f-b030-566601ba5754): created successfully
2026-10-10 03:56:37.126 87 INFO cinder.volume.manager [None req-cd897386-4070-41e2-ade8-76423633ed36 7d5776f1ba5b4c8498532138a6e17c00 5cdc1f605ff946c5862f6779d0129cc1 - - - -] Created volume successfully.
2026-10-10 03:56:37.282 87 INFO cinder.volume.flows.manager.create_volume [None req-ae14f61a-f70d-4971-b366-6bdeae42aabb c3e19830a4fb4921afcd3822c7332dd6 92c24b2b12cf4a32ac657c075d76bd06 - - - -] Volume 87726839-1336-4630-b74b-ec86fb0d2733: being created as raw with specification: {'status': 'creating', 'volume_name': 'vol_87726839-1336-4630-b74b-ec86fb0d2733', 'volume_size': 1}
2026-10-10 03:56:37.282 87 INFO cinder.volume.drivers.lightos [None req-ae14f61a-f70d-4971-b366-6bdeae42aabb c3e19830a4fb4921afcd3822c7332dd6 92c24b2b12cf4a32ac657c075d76bd06 - - - -] Invoking get_volume_by_name using GET url: /api/v2/projects/default/volumes/?name=vol_87726839-1336-4630-b74b-ec86fb0d2733             request.body: {} ssl_verify: False
2026-10-10 03:56:37.320 87 WARNING py.warnings [None req-ae14f61a-f70d-4971-b366-6bdeae42aabb c3e19830a4fb4921afcd3822c7332dd6 92c24b2b12cf4a32ac657c075d76bd06 - - - -] /var/lib/kolla/venv/lib/python3.12/site-packages/urllib3/connectionpool.py:1110: InsecureRequestWarning: Unverified HTTPS request is being made to host '[LB_IP_ADDRESS]'. Adding certificate verification is strongly advised. See: https://urllib3.readthedocs.io/en/latest/advanced-usage.html#tls-warnings
  warnings.warn(

2026-10-10 03:56:37.333 87 INFO cinder.volume.drivers.lightos [None req-ae14f61a-f70d-4971-b366-6bdeae42aabb c3e19830a4fb4921afcd3822c7332dd6 92c24b2b12cf4a32ac657c075d76bd06 - - - -] Invoking create_volume using POST url: /api/v2/projects/default/volumes             request.body: {'name': 'vol_87726839-1336-4630-b74b-ec86fb0d2733', 'size': '1 gib', 'replicaCount': '3', 'compression': 'False', 'acl': {'values': ['ALLOW_NONE']}, 'IPAcl': {'values': ['ALLOW_NONE']}, 'sourceSnapshotUUID': None, 'sourceSnapshotName': None} ssl_verify: False
2026-10-10 03:56:37.377 87 WARNING py.warnings [None req-ae14f61a-f70d-4971-b366-6bdeae42aabb c3e19830a4fb4921afcd3822c7332dd6 92c24b2b12cf4a32ac657c075d76bd06 - - - -] /var/lib/kolla/venv/lib/python3.12/site-packages/urllib3/connectionpool.py:1110: InsecureRequestWarning: Unverified HTTPS request is being made to host '[LB_IP_ADDRESS]'. Adding certificate verification is strongly advised. See: https://urllib3.readthedocs.io/en/latest/advanced-usage.html#tls-warnings
  warnings.warn(

2026-10-10 03:56:37.428 87 INFO cinder.volume.drivers.lightos [None req-ae14f61a-f70d-4971-b366-6bdeae42aabb c3e19830a4fb4921afcd3822c7332dd6 92c24b2b12cf4a32ac657c075d76bd06 - - - -] Invoking get_volume using GET url: /api/v2/projects/default/volumes/056cadc4-ac37-4baf-a4dc-e6eae2b7c1be             request.body: {} ssl_verify: False
2026-10-10 03:56:37.470 87 WARNING py.warnings [None req-ae14f61a-f70d-4971-b366-6bdeae42aabb c3e19830a4fb4921afcd3822c7332dd6 92c24b2b12cf4a32ac657c075d76bd06 - - - -] /var/lib/kolla/venv/lib/python3.12/site-packages/urllib3/connectionpool.py:1110: InsecureRequestWarning: Unverified HTTPS request is being made to host '[LB_IP_ADDRESS]'. Adding certificate verification is strongly advised. See: https://urllib3.readthedocs.io/en/latest/advanced-usage.html#tls-warnings
  warnings.warn(

2026-10-10 03:56:38.097 87 INFO cinder.volume.drivers.lightos [None req-6389f63e-b54c-4fc0-a045-81d703fc1092 7d5776f1ba5b4c8498532138a6e17c00 5cdc1f605ff946c5862f6779d0129cc1 - - default default] Invoking delete_volume using DELETE url: /api/v2/projects/default/volumes/03087cfd-adc5-4572-80ee-6ff0d0b1e1b1?             request.body:  ssl_verify: False
2026-10-10 03:56:38.131 87 WARNING py.warnings [None req-6389f63e-b54c-4fc0-a045-81d703fc1092 7d5776f1ba5b4c8498532138a6e17c00 5cdc1f605ff946c5862f6779d0129cc1 - - default default] /var/lib/kolla/venv/lib/python3.12/site-packages/urllib3/connectionpool.py:1110: InsecureRequestWarning: Unverified HTTPS request is being made to host '[LB_IP_ADDRESS]'. Adding certificate verification is strongly advised. See: https://urllib3.readthedocs.io/en/latest/advanced-usage.html#tls-warnings
  warnings.warn(

2026-10-10 03:56:38.155 87 INFO cinder.volume.drivers.lightos [None req-6389f63e-b54c-4fc0-a045-81d703fc1092 7d5776f1ba5b4c8498532138a6e17c00 5cdc1f605ff946c5862f6779d0129cc1 - - default default] Invoking get_volume using GET url: /api/v2/projects/default/volumes/03087cfd-adc5-4572-80ee-6ff0d0b1e1b1             request.body: {} ssl_verify: False
2026-10-10 03:56:38.196 87 WARNING py.warnings [None req-6389f63e-b54c-4fc0-a045-81d703fc1092 7d5776f1ba5b4c8498532138a6e17c00 5cdc1f605ff946c5862f6779d0129cc1 - - default default] /var/lib/kolla/venv/lib/python3.12/site-packages/urllib3/connectionpool.py:1110: InsecureRequestWarning: Unverified HTTPS request is being made to host '[LB_IP_ADDRESS]'. Adding certificate verification is strongly advised. See: https://urllib3.readthedocs.io/en/latest/advanced-usage.html#tls-warnings
  warnings.warn(

2026-10-10 03:56:38.332 87 INFO cinder.volume.manager [None req-6389f63e-b54c-4fc0-a045-81d703fc1092 7d5776f1ba5b4c8498532138a6e17c00 5cdc1f605ff946c5862f6779d0129cc1 - - default default] Deleted volume successfully.
2026-10-10 03:56:38.483 87 INFO cinder.volume.drivers.lightos [None req-ae14f61a-f70d-4971-b366-6bdeae42aabb c3e19830a4fb4921afcd3822c7332dd6 92c24b2b12cf4a32ac657c075d76bd06 - - - -] Invoking get_volume using GET url: /api/v2/projects/default/volumes/056cadc4-ac37-4baf-a4dc-e6eae2b7c1be             request.body: {} ssl_verify: False
2026-10-10 03:56:38.528 87 WARNING py.warnings [None req-ae14f61a-f70d-4971-b366-6bdeae42aabb c3e19830a4fb4921afcd3822c7332dd6 92c24b2b12cf4a32ac657c075d76bd06 - - - -] /var/lib/kolla/venv/lib/python3.12/site-packages/urllib3/connectionpool.py:1110: InsecureRequestWarning: Unverified HTTPS request is being made to host '[LB_IP_ADDRESS]'. Adding certificate verification is strongly advised. See: https://urllib3.readthedocs.io/en/latest/advanced-usage.html#tls-warnings
  warnings.warn(

2026-10-10 03:56:38.557 87 INFO cinder.volume.flows.manager.create_volume [None req-ae14f61a-f70d-4971-b366-6bdeae42aabb c3e19830a4fb4921afcd3822c7332dd6 92c24b2b12cf4a32ac657c075d76bd06 - - - -] Volume vol_87726839-1336-4630-b74b-ec86fb0d2733 (87726839-1336-4630-b74b-ec86fb0d2733): created successfully
2026-10-10 03:56:38.565 87 INFO cinder.volume.manager [None req-ae14f61a-f70d-4971-b366-6bdeae42aabb c3e19830a4fb4921afcd3822c7332dd6 92c24b2b12cf4a32ac657c075d76bd06 - - - -] Created volume successfully.
2026-10-10 03:56:39.395 87 INFO cinder.volume.flows.manager.create_volume [None req-aef2cceb-6a11-4731-b459-b88c5774c3b1 7c2827f90eec4533ac53bcfca5e23af9 693e133ffb3845a78bcd60aae2b0cf26 - - - -] Volume a89c4ba3-6d7a-443d-b3b4-0c327228ddd2: being created as raw with specification: {'status': 'creating', 'volume_name': 'vol_a89c4ba3-6d7a-443d-b3b4-0c327228ddd2', 'volume_size': 1}
2026-10-10 03:56:39.395 87 INFO cinder.volume.drivers.lightos [None req-aef2cceb-6a11-4731-b459-b88c5774c3b1 7c2827f90eec4533ac53bcfca5e23af9 693e133ffb3845a78bcd60aae2b0cf26 - - - -] Invoking get_volume_by_name using GET url: /api/v2/projects/default/volumes/?name=vol_a89c4ba3-6d7a-443d-b3b4-0c327228ddd2             request.body: {} ssl_verify: False
2026-10-10 03:56:39.431 87 WARNING py.warnings [None req-aef2cceb-6a11-4731-b459-b88c5774c3b1 7c2827f90eec4533ac53bcfca5e23af9 693e133ffb3845a78bcd60aae2b0cf26 - - - -] /var/lib/kolla/venv/lib/python3.12/site-packages/urllib3/connectionpool.py:1110: InsecureRequestWarning: Unverified HTTPS request is being made to host '[LB_IP_ADDRESS]'. Adding certificate verification is strongly advised. See: https://urllib3.readthedocs.io/en/latest/advanced-usage.html#tls-warnings
  warnings.warn(

2026-10-10 03:56:39.454 87 INFO cinder.volume.drivers.lightos [None req-aef2cceb-6a11-4731-b459-b88c5774c3b1 7c2827f90eec4533ac53bcfca5e23af9 693e133ffb3845a78bcd60aae2b0cf26 - - - -] Invoking create_volume using POST url: /api/v2/projects/default/volumes             request.body: {'name': 'vol_a89c4ba3-6d7a-443d-b3b4-0c327228ddd2', 'size': '1 gib', 'replicaCount': '3', 'compression': 'False', 'acl': {'values': ['ALLOW_NONE']}, 'IPAcl': {'values': ['ALLOW_NONE']}, 'sourceSnapshotUUID': None, 'sourceSnapshotName': None} ssl_verify: False
2026-10-10 03:56:39.498 87 WARNING py.warnings [None req-aef2cceb-6a11-4731-b459-b88c5774c3b1 7c2827f90eec4533ac53bcfca5e23af9 693e133ffb3845a78bcd60aae2b0cf26 - - - -] /var/lib/kolla/venv/lib/python3.12/site-packages/urllib3/connectionpool.py:1110: InsecureRequestWarning: Unverified HTTPS request is being made to host '[LB_IP_ADDRESS]'. Adding certificate verification is strongly advised. See: https://urllib3.readthedocs.io/en/latest/advanced-usage.html#tls-warnings
  warnings.warn(

2026-10-10 03:56:39.507 87 INFO cinder.volume.drivers.lightos [None req-61f8a25c-daab-47f8-8468-795a0a1a4beb c3e19830a4fb4921afcd3822c7332dd6 92c24b2b12cf4a32ac657c075d76bd06 - - default default] Invoking delete_volume using DELETE url: /api/v2/projects/default/volumes/056cadc4-ac37-4baf-a4dc-e6eae2b7c1be?             request.body:  ssl_verify: False
2026-10-10 03:56:39.535 87 INFO cinder.volume.drivers.lightos [None req-aef2cceb-6a11-4731-b459-b88c5774c3b1 7c2827f90eec4533ac53bcfca5e23af9 693e133ffb3845a78bcd60aae2b0cf26 - - - -] Invoking get_volume using GET url: /api/v2/projects/default/volumes/91b85f0e-cd8c-454b-9191-9f37ecfb2bc9             request.body: {} ssl_verify: False
2026-10-10 03:56:39.563 87 WARNING py.warnings [None req-61f8a25c-daab-47f8-8468-795a0a1a4beb c3e19830a4fb4921afcd3822c7332dd6 92c24b2b12cf4a32ac657c075d76bd06 - - default default] /var/lib/kolla/venv/lib/python3.12/site-packages/urllib3/connectionpool.py:1110: InsecureRequestWarning: Unverified HTTPS request is being made to host '[LB_IP_ADDRESS]'. Adding certificate verification is strongly advised. See: https://urllib3.readthedocs.io/en/latest/advanced-usage.html#tls-warnings
  warnings.warn(

2026-10-10 03:56:39.572 87 WARNING py.warnings [None req-aef2cceb-6a11-4731-b459-b88c5774c3b1 7c2827f90eec4533ac53bcfca5e23af9 693e133ffb3845a78bcd60aae2b0cf26 - - - -] /var/lib/kolla/venv/lib/python3.12/site-packages/urllib3/connectionpool.py:1110: InsecureRequestWarning: Unverified HTTPS request is being made to host '[LB_IP_ADDRESS]'. Adding certificate verification is strongly advised. See: https://urllib3.readthedocs.io/en/latest/advanced-usage.html#tls-warnings
  warnings.warn(

2026-10-10 03:56:39.605 87 INFO cinder.volume.drivers.lightos [None req-61f8a25c-daab-47f8-8468-795a0a1a4beb c3e19830a4fb4921afcd3822c7332dd6 92c24b2b12cf4a32ac657c075d76bd06 - - default default] Invoking get_volume using GET url: /api/v2/projects/default/volumes/056cadc4-ac37-4baf-a4dc-e6eae2b7c1be             request.body: {} ssl_verify: False
2026-10-10 03:56:39.641 87 WARNING py.warnings [None req-61f8a25c-daab-47f8-8468-795a0a1a4beb c3e19830a4fb4921afcd3822c7332dd6 92c24b2b12cf4a32ac657c075d76bd06 - - default default] /var/lib/kolla/venv/lib/python3.12/site-packages/urllib3/connectionpool.py:1110: InsecureRequestWarning: Unverified HTTPS request is being made to host '[LB_IP_ADDRESS]'. Adding certificate verification is strongly advised. See: https://urllib3.readthedocs.io/en/latest/advanced-usage.html#tls-warnings
  warnings.warn(

2026-10-10 03:56:39.645 87 INFO cinder.volume.flows.manager.create_volume [None req-aef2cceb-6a11-4731-b459-b88c5774c3b1 7c2827f90eec4533ac53bcfca5e23af9 693e133ffb3845a78bcd60aae2b0cf26 - - - -] Volume vol_a89c4ba3-6d7a-443d-b3b4-0c327228ddd2 (a89c4ba3-6d7a-443d-b3b4-0c327228ddd2): created successfully
2026-10-10 03:56:39.654 87 INFO cinder.volume.manager [None req-aef2cceb-6a11-4731-b459-b88c5774c3b1 7c2827f90eec4533ac53bcfca5e23af9 693e133ffb3845a78bcd60aae2b0cf26 - - - -] Created volume successfully.
2026-10-10 03:56:39.785 87 INFO cinder.volume.manager [None req-61f8a25c-daab-47f8-8468-795a0a1a4beb c3e19830a4fb4921afcd3822c7332dd6 92c24b2b12cf4a32ac657c075d76bd06 - - default default] Deleted volume successfully.
2026-10-10 03:56:40.620 87 INFO cinder.volume.drivers.lightos [None req-29d9db2f-bd03-4021-9711-3b0f0dcc7418 c3e19830a4fb4921afcd3822c7332dd6 92c24b2b12cf4a32ac657c075d76bd06 - - default default] Invoking delete_volume using DELETE url: /api/v2/projects/default/volumes/67b4dee7-3d0e-4a71-9903-0e422018ed1c?             request.body:  ssl_verify: False
2026-10-10 03:56:40.658 87 WARNING py.warnings [None req-29d9db2f-bd03-4021-9711-3b0f0dcc7418 c3e19830a4fb4921afcd3822c7332dd6 92c24b2b12cf4a32ac657c075d76bd06 - - default default] /var/lib/kolla/venv/lib/python3.12/site-packages/urllib3/connectionpool.py:1110: InsecureRequestWarning: Unverified HTTPS request is being made to host '[LB_IP_ADDRESS]'. Adding certificate verification is strongly advised. See: https://urllib3.readthedocs.io/en/latest/advanced-usage.html#tls-warnings
  warnings.warn(

2026-10-10 03:56:40.671 87 INFO cinder.volume.drivers.lightos [None req-8cf348e7-e817-4a2e-a0e3-3e3dda7efaed 7c2827f90eec4533ac53bcfca5e23af9 693e133ffb3845a78bcd60aae2b0cf26 - - - -] Invoking get_snapshot_by_name using GET url: /api/v2/projects/default/snapshots/?Name=snapshot-7eb51ea4-8256-4e27-98c8-8ac5c3a73614             request.body: {} ssl_verify: False
2026-10-10 03:56:40.704 87 INFO cinder.volume.drivers.lightos [None req-29d9db2f-bd03-4021-9711-3b0f0dcc7418 c3e19830a4fb4921afcd3822c7332dd6 92c24b2b12cf4a32ac657c075d76bd06 - - default default] Invoking get_volume using GET url: /api/v2/projects/default/volumes/67b4dee7-3d0e-4a71-9903-0e422018ed1c             request.body: {} ssl_verify: False
2026-10-10 03:56:40.733 87 WARNING py.warnings [None req-8cf348e7-e817-4a2e-a0e3-3e3dda7efaed 7c2827f90eec4533ac53bcfca5e23af9 693e133ffb3845a78bcd60aae2b0cf26 - - - -] /var/lib/kolla/venv/lib/python3.12/site-packages/urllib3/connectionpool.py:1110: InsecureRequestWarning: Unverified HTTPS request is being made to host '[LB_IP_ADDRESS]'. Adding certificate verification is strongly advised. See: https://urllib3.readthedocs.io/en/latest/advanced-usage.html#tls-warnings
  warnings.warn(

2026-10-10 03:56:40.741 87 WARNING py.warnings [None req-29d9db2f-bd03-4021-9711-3b0f0dcc7418 c3e19830a4fb4921afcd3822c7332dd6 92c24b2b12cf4a32ac657c075d76bd06 - - default default] /var/lib/kolla/venv/lib/python3.12/site-packages/urllib3/connectionpool.py:1110: InsecureRequestWarning: Unverified HTTPS request is being made to host '[LB_IP_ADDRESS]'. Adding certificate verification is strongly advised. See: https://urllib3.readthedocs.io/en/latest/advanced-usage.html#tls-warnings
  warnings.warn(

2026-10-10 03:56:40.745 87 INFO cinder.volume.drivers.lightos [None req-8cf348e7-e817-4a2e-a0e3-3e3dda7efaed 7c2827f90eec4533ac53bcfca5e23af9 693e133ffb3845a78bcd60aae2b0cf26 - - - -] Invoking create_snapshot using POST url: /api/v2/projects/default/snapshots             request.body: {'name': 'snapshot-7eb51ea4-8256-4e27-98c8-8ac5c3a73614', 'sourceVolumeUUID': None, 'sourceVolumeName': 'vol_a89c4ba3-6d7a-443d-b3b4-0c327228ddd2'} ssl_verify: False
2026-10-10 03:56:40.781 87 WARNING py.warnings [None req-8cf348e7-e817-4a2e-a0e3-3e3dda7efaed 7c2827f90eec4533ac53bcfca5e23af9 693e133ffb3845a78bcd60aae2b0cf26 - - - -] /var/lib/kolla/venv/lib/python3.12/site-packages/urllib3/connectionpool.py:1110: InsecureRequestWarning: Unverified HTTPS request is being made to host '[LB_IP_ADDRESS]'. Adding certificate verification is strongly advised. See: https://urllib3.readthedocs.io/en/latest/advanced-usage.html#tls-warnings
  warnings.warn(

2026-10-10 03:56:40.808 87 INFO cinder.volume.drivers.lightos [None req-8cf348e7-e817-4a2e-a0e3-3e3dda7efaed 7c2827f90eec4533ac53bcfca5e23af9 693e133ffb3845a78bcd60aae2b0cf26 - - - -] Invoking get_snapshot_by_name using GET url: /api/v2/projects/default/snapshots/?Name=snapshot-7eb51ea4-8256-4e27-98c8-8ac5c3a73614             request.body: {} ssl_verify: False
2026-10-10 03:56:40.872 87 WARNING py.warnings [None req-8cf348e7-e817-4a2e-a0e3-3e3dda7efaed 7c2827f90eec4533ac53bcfca5e23af9 693e133ffb3845a78bcd60aae2b0cf26 - - - -] /var/lib/kolla/venv/lib/python3.12/site-packages/urllib3/connectionpool.py:1110: InsecureRequestWarning: Unverified HTTPS request is being made to host '[LB_IP_ADDRESS]'. Adding certificate verification is strongly advised. See: https://urllib3.readthedocs.io/en/latest/advanced-usage.html#tls-warnings
  warnings.warn(

2026-10-10 03:56:40.916 87 INFO cinder.volume.manager [None req-29d9db2f-bd03-4021-9711-3b0f0dcc7418 c3e19830a4fb4921afcd3822c7332dd6 92c24b2b12cf4a32ac657c075d76bd06 - - default default] Deleted volume successfully.
2026-10-10 03:56:41.926 87 INFO cinder.volume.drivers.lightos [None req-8cf348e7-e817-4a2e-a0e3-3e3dda7efaed 7c2827f90eec4533ac53bcfca5e23af9 693e133ffb3845a78bcd60aae2b0cf26 - - - -] Invoking get_snapshot_by_name using GET url: /api/v2/projects/default/snapshots/?Name=snapshot-7eb51ea4-8256-4e27-98c8-8ac5c3a73614             request.body: {} ssl_verify: False
2026-10-10 03:56:41.973 87 WARNING py.warnings [None req-8cf348e7-e817-4a2e-a0e3-3e3dda7efaed 7c2827f90eec4533ac53bcfca5e23af9 693e133ffb3845a78bcd60aae2b0cf26 - - - -] /var/lib/kolla/venv/lib/python3.12/site-packages/urllib3/connectionpool.py:1110: InsecureRequestWarning: Unverified HTTPS request is being made to host '[LB_IP_ADDRESS]'. Adding certificate verification is strongly advised. See: https://urllib3.readthedocs.io/en/latest/advanced-usage.html#tls-warnings
  warnings.warn(

2026-10-10 03:56:42.007 87 INFO cinder.volume.manager [None req-8cf348e7-e817-4a2e-a0e3-3e3dda7efaed 7c2827f90eec4533ac53bcfca5e23af9 693e133ffb3845a78bcd60aae2b0cf26 - - - -] Create snapshot completed successfully
2026-10-10 03:56:42.246 87 INFO cinder.volume.flows.manager.create_volume [None req-02d94e1a-ca59-4e4c-9900-9d4d9fbc27c2 c3e19830a4fb4921afcd3822c7332dd6 92c24b2b12cf4a32ac657c075d76bd06 - - - -] Volume 334965ea-909c-4725-8a94-000bc1489baf: being created as raw with specification: {'status': 'creating', 'volume_name': 'vol_334965ea-909c-4725-8a94-000bc1489baf', 'volume_size': 1}
2026-10-10 03:56:42.247 87 INFO cinder.volume.drivers.lightos [None req-02d94e1a-ca59-4e4c-9900-9d4d9fbc27c2 c3e19830a4fb4921afcd3822c7332dd6 92c24b2b12cf4a32ac657c075d76bd06 - - - -] Invoking get_volume_by_name using GET url: /api/v2/projects/default/volumes/?name=vol_334965ea-909c-4725-8a94-000bc1489baf             request.body: {} ssl_verify: False
2026-10-10 03:56:42.281 87 WARNING py.warnings [None req-02d94e1a-ca59-4e4c-9900-9d4d9fbc27c2 c3e19830a4fb4921afcd3822c7332dd6 92c24b2b12cf4a32ac657c075d76bd06 - - - -] /var/lib/kolla/venv/lib/python3.12/site-packages/urllib3/connectionpool.py:1110: InsecureRequestWarning: Unverified HTTPS request is being made to host '[LB_IP_ADDRESS]'. Adding certificate verification is strongly advised. See: https://urllib3.readthedocs.io/en/latest/advanced-usage.html#tls-warnings
  warnings.warn(

2026-10-10 03:56:42.291 87 INFO cinder.volume.drivers.lightos [None req-02d94e1a-ca59-4e4c-9900-9d4d9fbc27c2 c3e19830a4fb4921afcd3822c7332dd6 92c24b2b12cf4a32ac657c075d76bd06 - - - -] Invoking create_volume using POST url: /api/v2/projects/default/volumes             request.body: {'name': 'vol_334965ea-909c-4725-8a94-000bc1489baf', 'size': '1 gib', 'replicaCount': '3', 'compression': 'False', 'acl': {'values': ['ALLOW_NONE']}, 'IPAcl': {'values': ['ALLOW_NONE']}, 'sourceSnapshotUUID': None, 'sourceSnapshotName': None} ssl_verify: False
2026-10-10 03:56:42.332 87 WARNING py.warnings [None req-02d94e1a-ca59-4e4c-9900-9d4d9fbc27c2 c3e19830a4fb4921afcd3822c7332dd6 92c24b2b12cf4a32ac657c075d76bd06 - - - -] /var/lib/kolla/venv/lib/python3.12/site-packages/urllib3/connectionpool.py:1110: InsecureRequestWarning: Unverified HTTPS request is being made to host '[LB_IP_ADDRESS]'. Adding certificate verification is strongly advised. See: https://urllib3.readthedocs.io/en/latest/advanced-usage.html#tls-warnings
  warnings.warn(

2026-10-10 03:56:42.357 87 INFO cinder.volume.drivers.lightos [None req-02d94e1a-ca59-4e4c-9900-9d4d9fbc27c2 c3e19830a4fb4921afcd3822c7332dd6 92c24b2b12cf4a32ac657c075d76bd06 - - - -] Invoking get_volume using GET url: /api/v2/projects/default/volumes/6129c33e-edef-4737-8f15-cc6b999c00ad             request.body: {} ssl_verify: False
2026-10-10 03:56:42.399 87 WARNING py.warnings [None req-02d94e1a-ca59-4e4c-9900-9d4d9fbc27c2 c3e19830a4fb4921afcd3822c7332dd6 92c24b2b12cf4a32ac657c075d76bd06 - - - -] /var/lib/kolla/venv/lib/python3.12/site-packages/urllib3/connectionpool.py:1110: InsecureRequestWarning: Unverified HTTPS request is being made to host '[LB_IP_ADDRESS]'. Adding certificate verification is strongly advised. See: https://urllib3.readthedocs.io/en/latest/advanced-usage.html#tls-warnings
  warnings.warn(

2026-10-10 03:56:42.514 87 WARNING cinder.image.glance [None req-f8f3048a-4331-4e26-bb16-5933ebc01c6e 4bb618e71b4746fda62f3cea553c94c8 744624ffe6954f998392ffadd587c843 - - - -] Glance method get_image_locations is available but a dedicated [glance] section is required in the cinder configuration file to allow service-to-service communication.: glanceclient.exc.HTTPForbidden: HTTP 403 Forbidden: You are not authorized to complete fetch_image_location action.
2026-10-10 03:56:42.586 87 INFO cinder.volume.flows.manager.create_volume [None req-f8f3048a-4331-4e26-bb16-5933ebc01c6e 4bb618e71b4746fda62f3cea553c94c8 744624ffe6954f998392ffadd587c843 - - - -] Volume 61617ddf-1b7f-4d2f-82c0-bf228888555b: being created as image with specification: {'status': 'creating', 'volume_name': 'vol_61617ddf-1b7f-4d2f-82c0-bf228888555b', 'volume_size': 1, 'image_id': '545c8ea5-cae4-4d3e-b3ff-02364f54bc85', 'image_location': (None, []), 'image_meta': {'name': 'cirros', 'disk_format': 'qcow2', 'container_format': 'bare', 'visibility': 'public', 'size': 12716032, 'virtual_size': 46137344, 'status': 'active', 'checksum': '443b7623e27ecf03dc9e01ee93f67afe', 'protected': False, 'min_ram': 0, 'min_disk': 0, 'owner': 'fa83639000624d7785ca4a397a2ed070', 'os_hidden': False, 'os_hash_algo': 'sha512', 'os_hash_value': '6513f21e44aa3da349f248188a44bc304a3653a04122d8fb4535423c8e1d14cd6a153f735bb0982e2161b5b5186106570c17a9e58b64dd39390617cd5a350f78', 'id': '545c8ea5-cae4-4d3e-b3ff-02364f54bc85', 'created_at': datetime.datetime(2026, 9, 6, 8, 21, 35, tzinfo=datetime.timezone.utc), 'updated_at': datetime.datetime(2026, 9, 6, 8, 21, 35, tzinfo=datetime.timezone.utc), 'tags': [], 'file': '/v2/images/545c8ea5-cae4-4d3e-b3ff-02364f54bc85/file', 'stores': 'file', 'properties': {'owner_specified.openstack.md5': '', 'owner_specified.openstack.object': 'images/cirros', 'owner_specified.openstack.sha256': ''}}, 'image_service': <cinder.image.glance.GlanceImageService object at 0x72d5cba0cf20>}
2026-10-10 03:56:42.781 87 INFO cinder.image.image_utils [None req-f8f3048a-4331-4e26-bb16-5933ebc01c6e 4bb618e71b4746fda62f3cea553c94c8 744624ffe6954f998392ffadd587c843 - - - -] Image download 12.13 MB at 12.13 MB/s
2026-10-10 03:56:42.930 87 INFO cinder.volume.drivers.lightos [None req-9c69170f-797b-41ba-9463-ad4e7d7cb010 7c2827f90eec4533ac53bcfca5e23af9 693e133ffb3845a78bcd60aae2b0cf26 - - - -] Invoking get_snapshot_by_name using GET url: /api/v2/projects/default/snapshots/?Name=snapshot-137ab251-9e2c-4566-aeb5-c61abb8baba3             request.body: {} ssl_verify: False
2026-10-10 03:56:42.969 87 WARNING py.warnings [None req-9c69170f-797b-41ba-9463-ad4e7d7cb010 7c2827f90eec4533ac53bcfca5e23af9 693e133ffb3845a78bcd60aae2b0cf26 - - - -] /var/lib/kolla/venv/lib/python3.12/site-packages/urllib3/connectionpool.py:1110: InsecureRequestWarning: Unverified HTTPS request is being made to host '[LB_IP_ADDRESS]'. Adding certificate verification is strongly advised. See: https://urllib3.readthedocs.io/en/latest/advanced-usage.html#tls-warnings
  warnings.warn(

2026-10-10 03:56:42.981 87 INFO cinder.volume.drivers.lightos [None req-9c69170f-797b-41ba-9463-ad4e7d7cb010 7c2827f90eec4533ac53bcfca5e23af9 693e133ffb3845a78bcd60aae2b0cf26 - - - -] Invoking create_snapshot using POST url: /api/v2/projects/default/snapshots             request.body: {'name': 'snapshot-137ab251-9e2c-4566-aeb5-c61abb8baba3', 'sourceVolumeUUID': None, 'sourceVolumeName': 'vol_a89c4ba3-6d7a-443d-b3b4-0c327228ddd2'} ssl_verify: False
2026-10-10 03:56:43.026 87 WARNING py.warnings [None req-9c69170f-797b-41ba-9463-ad4e7d7cb010 7c2827f90eec4533ac53bcfca5e23af9 693e133ffb3845a78bcd60aae2b0cf26 - - - -] /var/lib/kolla/venv/lib/python3.12/site-packages/urllib3/connectionpool.py:1110: InsecureRequestWarning: Unverified HTTPS request is being made to host '[LB_IP_ADDRESS]'. Adding certificate verification is strongly advised. See: https://urllib3.readthedocs.io/en/latest/advanced-usage.html#tls-warnings
  warnings.warn(

2026-10-10 03:56:43.063 87 INFO cinder.volume.drivers.lightos [None req-9c69170f-797b-41ba-9463-ad4e7d7cb010 7c2827f90eec4533ac53bcfca5e23af9 693e133ffb3845a78bcd60aae2b0cf26 - - - -] Invoking get_snapshot_by_name using GET url: /api/v2/projects/default/snapshots/?Name=snapshot-137ab251-9e2c-4566-aeb5-c61abb8baba3             request.body: {} ssl_verify: False
2026-10-10 03:56:43.110 87 WARNING py.warnings [None req-9c69170f-797b-41ba-9463-ad4e7d7cb010 7c2827f90eec4533ac53bcfca5e23af9 693e133ffb3845a78bcd60aae2b0cf26 - - - -] /var/lib/kolla/venv/lib/python3.12/site-packages/urllib3/connectionpool.py:1110: InsecureRequestWarning: Unverified HTTPS request is being made to host '[LB_IP_ADDRESS]'. Adding certificate verification is strongly advised. See: https://urllib3.readthedocs.io/en/latest/advanced-usage.html#tls-warnings
  warnings.warn(

2026-10-10 03:56:43.439 87 INFO cinder.volume.drivers.lightos [None req-02d94e1a-ca59-4e4c-9900-9d4d9fbc27c2 c3e19830a4fb4921afcd3822c7332dd6 92c24b2b12cf4a32ac657c075d76bd06 - - - -] Invoking get_volume using GET url: /api/v2/projects/default/volumes/6129c33e-edef-4737-8f15-cc6b999c00ad             request.body: {} ssl_verify: False
2026-10-10 03:56:43.488 87 WARNING py.warnings [None req-02d94e1a-ca59-4e4c-9900-9d4d9fbc27c2 c3e19830a4fb4921afcd3822c7332dd6 92c24b2b12cf4a32ac657c075d76bd06 - - - -] /var/lib/kolla/venv/lib/python3.12/site-packages/urllib3/connectionpool.py:1110: InsecureRequestWarning: Unverified HTTPS request is being made to host '[LB_IP_ADDRESS]'. Adding certificate verification is strongly advised. See: https://urllib3.readthedocs.io/en/latest/advanced-usage.html#tls-warnings
  warnings.warn(

2026-10-10 03:56:43.529 87 INFO cinder.volume.flows.manager.create_volume [None req-02d94e1a-ca59-4e4c-9900-9d4d9fbc27c2 c3e19830a4fb4921afcd3822c7332dd6 92c24b2b12cf4a32ac657c075d76bd06 - - - -] Volume vol_334965ea-909c-4725-8a94-000bc1489baf (334965ea-909c-4725-8a94-000bc1489baf): created successfully
2026-10-10 03:56:43.539 87 INFO cinder.volume.manager [None req-02d94e1a-ca59-4e4c-9900-9d4d9fbc27c2 c3e19830a4fb4921afcd3822c7332dd6 92c24b2b12cf4a32ac657c075d76bd06 - - - -] Created volume successfully.
2026-10-10 03:56:43.555 87 INFO cinder.volume.drivers.lightos [None req-f8f3048a-4331-4e26-bb16-5933ebc01c6e 4bb618e71b4746fda62f3cea553c94c8 744624ffe6954f998392ffadd587c843 - - - -] Invoking get_volume_by_name using GET url: /api/v2/projects/default/volumes/?name=vol_61617ddf-1b7f-4d2f-82c0-bf228888555b             request.body: {} ssl_verify: False
2026-10-10 03:56:43.601 87 WARNING py.warnings [None req-f8f3048a-4331-4e26-bb16-5933ebc01c6e 4bb618e71b4746fda62f3cea553c94c8 744624ffe6954f998392ffadd587c843 - - - -] /var/lib/kolla/venv/lib/python3.12/site-packages/urllib3/connectionpool.py:1110: InsecureRequestWarning: Unverified HTTPS request is being made to host '[LB_IP_ADDRESS]'. Adding certificate verification is strongly advised. See: https://urllib3.readthedocs.io/en/latest/advanced-usage.html#tls-warnings
  warnings.warn(

2026-10-10 03:56:43.613 87 INFO cinder.volume.drivers.lightos [None req-f8f3048a-4331-4e26-bb16-5933ebc01c6e 4bb618e71b4746fda62f3cea553c94c8 744624ffe6954f998392ffadd587c843 - - - -] Invoking create_volume using POST url: /api/v2/projects/default/volumes             request.body: {'name': 'vol_61617ddf-1b7f-4d2f-82c0-bf228888555b', 'size': '1 gib', 'replicaCount': '3', 'compression': 'False', 'acl': {'values': ['ALLOW_NONE']}, 'IPAcl': {'values': ['ALLOW_NONE']}, 'sourceSnapshotUUID': None, 'sourceSnapshotName': None} ssl_verify: False
2026-10-10 03:56:43.660 87 WARNING py.warnings [None req-f8f3048a-4331-4e26-bb16-5933ebc01c6e 4bb618e71b4746fda62f3cea553c94c8 744624ffe6954f998392ffadd587c843 - - - -] /var/lib/kolla/venv/lib/python3.12/site-packages/urllib3/connectionpool.py:1110: InsecureRequestWarning: Unverified HTTPS request is being made to host '[LB_IP_ADDRESS]'. Adding certificate verification is strongly advised. See: https://urllib3.readthedocs.io/en/latest/advanced-usage.html#tls-warnings
  warnings.warn(

2026-10-10 03:56:43.690 87 INFO cinder.volume.drivers.lightos [None req-f8f3048a-4331-4e26-bb16-5933ebc01c6e 4bb618e71b4746fda62f3cea553c94c8 744624ffe6954f998392ffadd587c843 - - - -] Invoking get_volume using GET url: /api/v2/projects/default/volumes/e20a4f33-fcda-4712-b0e5-7808b10b9c99             request.body: {} ssl_verify: False
2026-10-10 03:56:43.753 87 WARNING py.warnings [None req-f8f3048a-4331-4e26-bb16-5933ebc01c6e 4bb618e71b4746fda62f3cea553c94c8 744624ffe6954f998392ffadd587c843 - - - -] /var/lib/kolla/venv/lib/python3.12/site-packages/urllib3/connectionpool.py:1110: InsecureRequestWarning: Unverified HTTPS request is being made to host '[LB_IP_ADDRESS]'. Adding certificate verification is strongly advised. See: https://urllib3.readthedocs.io/en/latest/advanced-usage.html#tls-warnings
  warnings.warn(

2026-10-10 03:56:43.850 87 INFO os_brick.initiator.connectors.lightos [None req-f8f3048a-4331-4e26-bb16-5933ebc01c6e 4bb618e71b4746fda62f3cea553c94c8 744624ffe6954f998392ffadd587c843 - - - -] Current host hostNQN nqn.2014-08.org.nvmexpress:uuid:1136ecdd-b326-5080-93cd-b4d75d7810d9 and IP(s) are ['[LB_IP_ADDRESS]', 'fe80::3e47:9a62:83ae:42f6', '[LB_IP_ADDRESS]', 'fe80::1527:3e78:1ef1:1fe7', '[LB_IP_ADDRESS]', 'fd00::a:13:1a:6', 'fe80::5fef:b54a:d77d:fcd4'] 
2026-10-10 03:56:43.851 87 INFO cinder.volume.drivers.lightos [None req-f8f3048a-4331-4e26-bb16-5933ebc01c6e 4bb618e71b4746fda62f3cea553c94c8 744624ffe6954f998392ffadd587c843 - - - -] Current host hostNQN is nqn.2014-08.org.nvmexpress:uuid:1136ecdd-b326-5080-93cd-b4d75d7810d9 and IP(s) are ['[LB_IP_ADDRESS]', 'fe80::3e47:9a62:83ae:42f6', '[LB_IP_ADDRESS]', 'fe80::1527:3e78:1ef1:1fe7', '[LB_IP_ADDRESS]', 'fd00::a:13:1a:6', 'fe80::5fef:b54a:d77d:fcd4']
2026-10-10 03:56:43.852 87 INFO cinder.volume.drivers.lightos [None req-f8f3048a-4331-4e26-bb16-5933ebc01c6e 4bb618e71b4746fda62f3cea553c94c8 744624ffe6954f998392ffadd587c843 - - - -] Invoking get_volume_by_name using GET url: /api/v2/projects/default/volumes/?name=vol_61617ddf-1b7f-4d2f-82c0-bf228888555b             request.body: {} ssl_verify: False
2026-10-10 03:56:43.894 87 WARNING py.warnings [None req-f8f3048a-4331-4e26-bb16-5933ebc01c6e 4bb618e71b4746fda62f3cea553c94c8 744624ffe6954f998392ffadd587c843 - - - -] /var/lib/kolla/venv/lib/python3.12/site-packages/urllib3/connectionpool.py:1110: InsecureRequestWarning: Unverified HTTPS request is being made to host '[LB_IP_ADDRESS]'. Adding certificate verification is strongly advised. See: https://urllib3.readthedocs.io/en/latest/advanced-usage.html#tls-warnings
  warnings.warn(

2026-10-10 03:56:43.907 87 INFO cinder.volume.drivers.lightos [None req-f8f3048a-4331-4e26-bb16-5933ebc01c6e 4bb618e71b4746fda62f3cea553c94c8 744624ffe6954f998392ffadd587c843 - - - -] Invoking update_volume using PUT url: /api/v2/projects/default/volumes/e20a4f33-fcda-4712-b0e5-7808b10b9c99             request.body: {'acl': {'values': ['nqn.2014-08.org.nvmexpress:uuid:1136ecdd-b326-5080-93cd-b4d75d7810d9']}, 'IPAcl': {'values': ['fd00::a:13:1a:6', 'fe80::3e47:9a62:83ae:42f6', 'fe80::5fef:b54a:d77d:fcd4', '[LB_IP_ADDRESS]', '[LB_IP_ADDRESS]', '[LB_IP_ADDRESS]', 'fe80::1527:3e78:1ef1:1fe7']}} ssl_verify: False
2026-10-10 03:56:43.948 87 WARNING py.warnings [None req-f8f3048a-4331-4e26-bb16-5933ebc01c6e 4bb618e71b4746fda62f3cea553c94c8 744624ffe6954f998392ffadd587c843 - - - -] /var/lib/kolla/venv/lib/python3.12/site-packages/urllib3/connectionpool.py:1110: InsecureRequestWarning: Unverified HTTPS request is being made to host '[LB_IP_ADDRESS]'. Adding certificate verification is strongly advised. See: https://urllib3.readthedocs.io/en/latest/advanced-usage.html#tls-warnings
  warnings.warn(

2026-10-10 03:56:43.970 87 INFO cinder.volume.drivers.lightos [None req-f8f3048a-4331-4e26-bb16-5933ebc01c6e 4bb618e71b4746fda62f3cea553c94c8 744624ffe6954f998392ffadd587c843 - - - -] Invoking get_volume_by_name using GET url: /api/v2/projects/default/volumes/?name=vol_61617ddf-1b7f-4d2f-82c0-bf228888555b             request.body: {} ssl_verify: False
2026-10-10 03:56:44.016 87 WARNING py.warnings [None req-f8f3048a-4331-4e26-bb16-5933ebc01c6e 4bb618e71b4746fda62f3cea553c94c8 744624ffe6954f998392ffadd587c843 - - - -] /var/lib/kolla/venv/lib/python3.12/site-packages/urllib3/connectionpool.py:1110: InsecureRequestWarning: Unverified HTTPS request is being made to host '[LB_IP_ADDRESS]'. Adding certificate verification is strongly advised. See: https://urllib3.readthedocs.io/en/latest/advanced-usage.html#tls-warnings
  warnings.warn(

2026-10-10 03:56:44.180 87 INFO cinder.volume.drivers.lightos [None req-9c69170f-797b-41ba-9463-ad4e7d7cb010 7c2827f90eec4533ac53bcfca5e23af9 693e133ffb3845a78bcd60aae2b0cf26 - - - -] Invoking get_snapshot_by_name using GET url: /api/v2/projects/default/snapshots/?Name=snapshot-137ab251-9e2c-4566-aeb5-c61abb8baba3             request.body: {} ssl_verify: False
2026-10-10 03:56:44.224 87 WARNING py.warnings [None req-9c69170f-797b-41ba-9463-ad4e7d7cb010 7c2827f90eec4533ac53bcfca5e23af9 693e133ffb3845a78bcd60aae2b0cf26 - - - -] /var/lib/kolla/venv/lib/python3.12/site-packages/urllib3/connectionpool.py:1110: InsecureRequestWarning: Unverified HTTPS request is being made to host '[LB_IP_ADDRESS]'. Adding certificate verification is strongly advised. See: https://urllib3.readthedocs.io/en/latest/advanced-usage.html#tls-warnings
  warnings.warn(

2026-10-10 03:56:44.258 87 INFO cinder.volume.manager [None req-9c69170f-797b-41ba-9463-ad4e7d7cb010 7c2827f90eec4533ac53bcfca5e23af9 693e133ffb3845a78bcd60aae2b0cf26 - - - -] Create snapshot completed successfully
2026-10-10 03:56:44.878 87 INFO cinder.volume.flows.manager.create_volume [None req-faac87d8-6593-49cb-bb60-013af6422d52 c3e19830a4fb4921afcd3822c7332dd6 92c24b2b12cf4a32ac657c075d76bd06 - - - -] Volume e37e25ec-dbf2-449d-8416-365b859a2c4f: being created as source_vol with specification: {'status': 'creating', 'volume_name': 'vol_e37e25ec-dbf2-449d-8416-365b859a2c4f', 'volume_size': 1, 'source_volid': '334965ea-909c-4725-8a94-000bc1489baf', 'source_volstatus': 'available'}
2026-10-10 03:56:44.885 87 INFO cinder.volume.drivers.lightos [None req-faac87d8-6593-49cb-bb60-013af6422d52 c3e19830a4fb4921afcd3822c7332dd6 92c24b2b12cf4a32ac657c075d76bd06 - - - -] Invoking get_snapshot_by_name using GET url: /api/v2/projects/default/snapshots/?Name=for_clone_e37e25ec-dbf2-449d-8416-365b859a2c4f             request.body: {} ssl_verify: False
2026-10-10 03:56:44.922 87 WARNING py.warnings [None req-faac87d8-6593-49cb-bb60-013af6422d52 c3e19830a4fb4921afcd3822c7332dd6 92c24b2b12cf4a32ac657c075d76bd06 - - - -] /var/lib/kolla/venv/lib/python3.12/site-packages/urllib3/connectionpool.py:1110: InsecureRequestWarning: Unverified HTTPS request is being made to host '[LB_IP_ADDRESS]'. Adding certificate verification is strongly advised. See: https://urllib3.readthedocs.io/en/latest/advanced-usage.html#tls-warnings
  warnings.warn(

2026-10-10 03:56:44.933 87 INFO cinder.volume.drivers.lightos [None req-faac87d8-6593-49cb-bb60-013af6422d52 c3e19830a4fb4921afcd3822c7332dd6 92c24b2b12cf4a32ac657c075d76bd06 - - - -] Invoking create_snapshot using POST url: /api/v2/projects/default/snapshots             request.body: {'name': 'for_clone_e37e25ec-dbf2-449d-8416-365b859a2c4f', 'sourceVolumeUUID': None, 'sourceVolumeName': 'vol_334965ea-909c-4725-8a94-000bc1489baf'} ssl_verify: False
2026-10-10 03:56:44.979 87 WARNING py.warnings [None req-faac87d8-6593-49cb-bb60-013af6422d52 c3e19830a4fb4921afcd3822c7332dd6 92c24b2b12cf4a32ac657c075d76bd06 - - - -] /var/lib/kolla/venv/lib/python3.12/site-packages/urllib3/connectionpool.py:1110: InsecureRequestWarning: Unverified HTTPS request is being made to host '[LB_IP_ADDRESS]'. Adding certificate verification is strongly advised. See: https://urllib3.readthedocs.io/en/latest/advanced-usage.html#tls-warnings
  warnings.warn(

2026-10-10 03:56:45.014 87 INFO cinder.volume.drivers.lightos [None req-faac87d8-6593-49cb-bb60-013af6422d52 c3e19830a4fb4921afcd3822c7332dd6 92c24b2b12cf4a32ac657c075d76bd06 - - - -] Invoking get_snapshot_by_name using GET url: /api/v2/projects/default/snapshots/?Name=for_clone_e37e25ec-dbf2-449d-8416-365b859a2c4f             request.body: {} ssl_verify: False
2026-10-10 03:56:45.051 87 INFO cinder.volume.drivers.lightos [None req-f8f3048a-4331-4e26-bb16-5933ebc01c6e 4bb618e71b4746fda62f3cea553c94c8 744624ffe6954f998392ffadd587c843 - - - -] Invoking get_volume_by_name using GET url: /api/v2/projects/default/volumes/?name=vol_61617ddf-1b7f-4d2f-82c0-bf228888555b             request.body: {} ssl_verify: False
2026-10-10 03:56:45.099 87 WARNING py.warnings [None req-f8f3048a-4331-4e26-bb16-5933ebc01c6e 4bb618e71b4746fda62f3cea553c94c8 744624ffe6954f998392ffadd587c843 - - - -] /var/lib/kolla/venv/lib/python3.12/site-packages/urllib3/connectionpool.py:1110: InsecureRequestWarning: Unverified HTTPS request is being made to host '[LB_IP_ADDRESS]'. Adding certificate verification is strongly advised. See: https://urllib3.readthedocs.io/en/latest/advanced-usage.html#tls-warnings
  warnings.warn(

2026-10-10 03:56:45.104 87 WARNING py.warnings [None req-faac87d8-6593-49cb-bb60-013af6422d52 c3e19830a4fb4921afcd3822c7332dd6 92c24b2b12cf4a32ac657c075d76bd06 - - - -] /var/lib/kolla/venv/lib/python3.12/site-packages/urllib3/connectionpool.py:1110: InsecureRequestWarning: Unverified HTTPS request is being made to host '[LB_IP_ADDRESS]'. Adding certificate verification is strongly advised. See: https://urllib3.readthedocs.io/en/latest/advanced-usage.html#tls-warnings
  warnings.warn(

2026-10-10 03:56:45.169 87 INFO cinder.volume.drivers.lightos [None req-f8f3048a-4331-4e26-bb16-5933ebc01c6e 4bb618e71b4746fda62f3cea553c94c8 744624ffe6954f998392ffadd587c843 - - - -] Invoking get_volume_by_name using GET url: /api/v2/projects/default/volumes/?name=vol_61617ddf-1b7f-4d2f-82c0-bf228888555b             request.body: {} ssl_verify: False
2026-10-10 03:56:45.218 87 WARNING py.warnings [None req-f8f3048a-4331-4e26-bb16-5933ebc01c6e 4bb618e71b4746fda62f3cea553c94c8 744624ffe6954f998392ffadd587c843 - - - -] /var/lib/kolla/venv/lib/python3.12/site-packages/urllib3/connectionpool.py:1110: InsecureRequestWarning: Unverified HTTPS request is being made to host '[LB_IP_ADDRESS]'. Adding certificate verification is strongly advised. See: https://urllib3.readthedocs.io/en/latest/advanced-usage.html#tls-warnings
  warnings.warn(

2026-10-10 03:56:45.223 87 INFO cinder.volume.drivers.lightos [None req-a9e52efc-2c95-4359-bbd6-401d159dfd7d 7c2827f90eec4533ac53bcfca5e23af9 693e133ffb3845a78bcd60aae2b0cf26 - - - -] Invoking get_snapshot_by_name using GET url: /api/v2/projects/default/snapshots/?Name=snapshot-9329567a-287e-4fe5-a621-8994930ca0ab             request.body: {} ssl_verify: False
2026-10-10 03:56:45.252 87 INFO os_brick.initiator.connectors.lightos [None req-f8f3048a-4331-4e26-bb16-5933ebc01c6e 4bb618e71b4746fda62f3cea553c94c8 744624ffe6954f998392ffadd587c843 - - - -] LIGHTOS: connect_volume called for volume e20a4f33-fcda-4712-b0e5-7808b10b9c99, connection properties: {'lightos_nodes': {'[LB_IP_ADDRESS]': {'target_portal': '[LB_IP_ADDRESS]', 'target_port': 8009, 'transport_type': 'tcp'}, '[LB_IP_ADDRESS]': {'target_portal': '[LB_IP_ADDRESS]', 'target_port': 8009, 'transport_type': 'tcp'}, '[LB_IP_ADDRESS]': {'target_portal': '[LB_IP_ADDRESS]', 'target_port': 8009, 'transport_type': 'tcp'}}, 'uuid': 'e20a4f33-fcda-4712-b0e5-7808b10b9c99', 'subsysnqn': 'nqn.2016-01.com.lightbitslabs:uuid:023e92f0-1271-4fe0-9397-657649be716c:suffix', 'encrypted': False, 'enforce_multipath': False}
2026-10-10 03:56:45.255 87 INFO os_brick.initiator.connectors.lightos [None req-f8f3048a-4331-4e26-bb16-5933ebc01c6e 4bb618e71b4746fda62f3cea553c94c8 744624ffe6954f998392ffadd587c843 - - - -] LIGHTOS: devpath /dev/nvme0n1 detected for uuid e20a4f33-fcda-4712-b0e5-7808b10b9c99
2026-10-10 03:56:45.258 87 WARNING py.warnings [None req-a9e52efc-2c95-4359-bbd6-401d159dfd7d 7c2827f90eec4533ac53bcfca5e23af9 693e133ffb3845a78bcd60aae2b0cf26 - - - -] /var/lib/kolla/venv/lib/python3.12/site-packages/urllib3/connectionpool.py:1110: InsecureRequestWarning: Unverified HTTPS request is being made to host '[LB_IP_ADDRESS]'. Adding certificate verification is strongly advised. See: https://urllib3.readthedocs.io/en/latest/advanced-usage.html#tls-warnings
  warnings.warn(

2026-10-10 03:56:45.264 87 INFO cinder.volume.drivers.lightos [None req-a9e52efc-2c95-4359-bbd6-401d159dfd7d 7c2827f90eec4533ac53bcfca5e23af9 693e133ffb3845a78bcd60aae2b0cf26 - - - -] Invoking create_snapshot using POST url: /api/v2/projects/default/snapshots             request.body: {'name': 'snapshot-9329567a-287e-4fe5-a621-8994930ca0ab', 'sourceVolumeUUID': None, 'sourceVolumeName': 'vol_a89c4ba3-6d7a-443d-b3b4-0c327228ddd2'} ssl_verify: False
2026-10-10 03:56:45.303 87 WARNING py.warnings [None req-a9e52efc-2c95-4359-bbd6-401d159dfd7d 7c2827f90eec4533ac53bcfca5e23af9 693e133ffb3845a78bcd60aae2b0cf26 - - - -] /var/lib/kolla/venv/lib/python3.12/site-packages/urllib3/connectionpool.py:1110: InsecureRequestWarning: Unverified HTTPS request is being made to host '[LB_IP_ADDRESS]'. Adding certificate verification is strongly advised. See: https://urllib3.readthedocs.io/en/latest/advanced-usage.html#tls-warnings
  warnings.warn(

2026-10-10 03:56:45.343 87 INFO cinder.volume.drivers.lightos [None req-a9e52efc-2c95-4359-bbd6-401d159dfd7d 7c2827f90eec4533ac53bcfca5e23af9 693e133ffb3845a78bcd60aae2b0cf26 - - - -] Invoking get_snapshot_by_name using GET url: /api/v2/projects/default/snapshots/?Name=snapshot-9329567a-287e-4fe5-a621-8994930ca0ab             request.body: {} ssl_verify: False
2026-10-10 03:56:45.378 87 WARNING py.warnings [None req-a9e52efc-2c95-4359-bbd6-401d159dfd7d 7c2827f90eec4533ac53bcfca5e23af9 693e133ffb3845a78bcd60aae2b0cf26 - - - -] /var/lib/kolla/venv/lib/python3.12/site-packages/urllib3/connectionpool.py:1110: InsecureRequestWarning: Unverified HTTPS request is being made to host '[LB_IP_ADDRESS]'. Adding certificate verification is strongly advised. See: https://urllib3.readthedocs.io/en/latest/advanced-usage.html#tls-warnings
  warnings.warn(

2026-10-10 03:56:46.262 87 INFO cinder.volume.drivers.lightos [None req-faac87d8-6593-49cb-bb60-013af6422d52 c3e19830a4fb4921afcd3822c7332dd6 92c24b2b12cf4a32ac657c075d76bd06 - - - -] Invoking get_snapshot_by_name using GET url: /api/v2/projects/default/snapshots/?Name=for_clone_e37e25ec-dbf2-449d-8416-365b859a2c4f             request.body: {} ssl_verify: False
2026-10-10 03:56:46.311 87 WARNING py.warnings [None req-faac87d8-6593-49cb-bb60-013af6422d52 c3e19830a4fb4921afcd3822c7332dd6 92c24b2b12cf4a32ac657c075d76bd06 - - - -] /var/lib/kolla/venv/lib/python3.12/site-packages/urllib3/connectionpool.py:1110: InsecureRequestWarning: Unverified HTTPS request is being made to host '[LB_IP_ADDRESS]'. Adding certificate verification is strongly advised. See: https://urllib3.readthedocs.io/en/latest/advanced-usage.html#tls-warnings
  warnings.warn(

2026-10-10 03:56:46.325 87 INFO cinder.volume.drivers.lightos [None req-faac87d8-6593-49cb-bb60-013af6422d52 c3e19830a4fb4921afcd3822c7332dd6 92c24b2b12cf4a32ac657c075d76bd06 - - - -] Invoking get_volume_by_name using GET url: /api/v2/projects/default/volumes/?name=vol_e37e25ec-dbf2-449d-8416-365b859a2c4f             request.body: {} ssl_verify: False
2026-10-10 03:56:46.370 87 WARNING py.warnings [None req-faac87d8-6593-49cb-bb60-013af6422d52 c3e19830a4fb4921afcd3822c7332dd6 92c24b2b12cf4a32ac657c075d76bd06 - - - -] /var/lib/kolla/venv/lib/python3.12/site-packages/urllib3/connectionpool.py:1110: InsecureRequestWarning: Unverified HTTPS request is being made to host '[LB_IP_ADDRESS]'. Adding certificate verification is strongly advised. See: https://urllib3.readthedocs.io/en/latest/advanced-usage.html#tls-warnings
  warnings.warn(

2026-10-10 03:56:46.382 87 INFO cinder.volume.drivers.lightos [None req-faac87d8-6593-49cb-bb60-013af6422d52 c3e19830a4fb4921afcd3822c7332dd6 92c24b2b12cf4a32ac657c075d76bd06 - - - -] Invoking create_volume using POST url: /api/v2/projects/default/volumes             request.body: {'name': 'vol_e37e25ec-dbf2-449d-8416-365b859a2c4f', 'size': '1 gib', 'replicaCount': '3', 'compression': 'False', 'acl': {'values': ['ALLOW_NONE']}, 'IPAcl': {'values': ['ALLOW_NONE']}, 'sourceSnapshotUUID': None, 'sourceSnapshotName': 'for_clone_e37e25ec-dbf2-449d-8416-365b859a2c4f'} ssl_verify: False
2026-10-10 03:56:46.415 87 INFO cinder.volume.drivers.lightos [None req-a9e52efc-2c95-4359-bbd6-401d159dfd7d 7c2827f90eec4533ac53bcfca5e23af9 693e133ffb3845a78bcd60aae2b0cf26 - - - -] Invoking get_snapshot_by_name using GET url: /api/v2/projects/default/snapshots/?Name=snapshot-9329567a-287e-4fe5-a621-8994930ca0ab             request.body: {} ssl_verify: False
2026-10-10 03:56:46.451 87 WARNING py.warnings [None req-faac87d8-6593-49cb-bb60-013af6422d52 c3e19830a4fb4921afcd3822c7332dd6 92c24b2b12cf4a32ac657c075d76bd06 - - - -] /var/lib/kolla/venv/lib/python3.12/site-packages/urllib3/connectionpool.py:1110: InsecureRequestWarning: Unverified HTTPS request is being made to host '[LB_IP_ADDRESS]'. Adding certificate verification is strongly advised. See: https://urllib3.readthedocs.io/en/latest/advanced-usage.html#tls-warnings
  warnings.warn(

2026-10-10 03:56:46.458 87 WARNING py.warnings [None req-a9e52efc-2c95-4359-bbd6-401d159dfd7d 7c2827f90eec4533ac53bcfca5e23af9 693e133ffb3845a78bcd60aae2b0cf26 - - - -] /var/lib/kolla/venv/lib/python3.12/site-packages/urllib3/connectionpool.py:1110: InsecureRequestWarning: Unverified HTTPS request is being made to host '[LB_IP_ADDRESS]'. Adding certificate verification is strongly advised. See: https://urllib3.readthedocs.io/en/latest/advanced-usage.html#tls-warnings
  warnings.warn(

2026-10-10 03:56:46.504 87 INFO cinder.volume.drivers.lightos [None req-faac87d8-6593-49cb-bb60-013af6422d52 c3e19830a4fb4921afcd3822c7332dd6 92c24b2b12cf4a32ac657c075d76bd06 - - - -] Invoking get_volume using GET url: /api/v2/projects/default/volumes/f2e5c30d-a1bd-4261-bdb2-1e3192fa2bc5             request.body: {} ssl_verify: False
2026-10-10 03:56:46.546 87 WARNING py.warnings [None req-faac87d8-6593-49cb-bb60-013af6422d52 c3e19830a4fb4921afcd3822c7332dd6 92c24b2b12cf4a32ac657c075d76bd06 - - - -] /var/lib/kolla/venv/lib/python3.12/site-packages/urllib3/connectionpool.py:1110: InsecureRequestWarning: Unverified HTTPS request is being made to host '[LB_IP_ADDRESS]'. Adding certificate verification is strongly advised. See: https://urllib3.readthedocs.io/en/latest/advanced-usage.html#tls-warnings
  warnings.warn(

2026-10-10 03:56:46.552 87 INFO cinder.volume.manager [None req-a9e52efc-2c95-4359-bbd6-401d159dfd7d 7c2827f90eec4533ac53bcfca5e23af9 693e133ffb3845a78bcd60aae2b0cf26 - - - -] Create snapshot completed successfully
2026-10-10 03:56:47.309 87 INFO cinder.image.image_utils [None req-f8f3048a-4331-4e26-bb16-5933ebc01c6e 4bb618e71b4746fda62f3cea553c94c8 744624ffe6954f998392ffadd587c843 - - - -] Converted 44.00 MB image at 44.00 MB/s
2026-10-10 03:56:47.313 87 INFO os_brick.initiator.connectors.lightos [None req-f8f3048a-4331-4e26-bb16-5933ebc01c6e 4bb618e71b4746fda62f3cea553c94c8 744624ffe6954f998392ffadd587c843 - - - -] LIGHTOS: devpath /dev/nvme0n1 detected for uuid e20a4f33-fcda-4712-b0e5-7808b10b9c99
2026-10-10 03:56:47.332 87 INFO cinder.volume.drivers.lightos [None req-f8f3048a-4331-4e26-bb16-5933ebc01c6e 4bb618e71b4746fda62f3cea553c94c8 744624ffe6954f998392ffadd587c843 - - - -] Invoking get_volume_by_name using GET url: /api/v2/projects/default/volumes/?name=vol_61617ddf-1b7f-4d2f-82c0-bf228888555b             request.body: {} ssl_verify: False
2026-10-10 03:56:47.376 87 WARNING py.warnings [None req-f8f3048a-4331-4e26-bb16-5933ebc01c6e 4bb618e71b4746fda62f3cea553c94c8 744624ffe6954f998392ffadd587c843 - - - -] /var/lib/kolla/venv/lib/python3.12/site-packages/urllib3/connectionpool.py:1110: InsecureRequestWarning: Unverified HTTPS request is being made to host '[LB_IP_ADDRESS]'. Adding certificate verification is strongly advised. See: https://urllib3.readthedocs.io/en/latest/advanced-usage.html#tls-warnings
  warnings.warn(

2026-10-10 03:56:47.398 87 INFO cinder.volume.drivers.lightos [None req-f8f3048a-4331-4e26-bb16-5933ebc01c6e 4bb618e71b4746fda62f3cea553c94c8 744624ffe6954f998392ffadd587c843 - - - -] Invoking get_volume_by_name using GET url: /api/v2/projects/default/volumes/?name=vol_61617ddf-1b7f-4d2f-82c0-bf228888555b             request.body: {} ssl_verify: False
2026-10-10 03:56:47.445 87 WARNING py.warnings [None req-f8f3048a-4331-4e26-bb16-5933ebc01c6e 4bb618e71b4746fda62f3cea553c94c8 744624ffe6954f998392ffadd587c843 - - - -] /var/lib/kolla/venv/lib/python3.12/site-packages/urllib3/connectionpool.py:1110: InsecureRequestWarning: Unverified HTTPS request is being made to host '[LB_IP_ADDRESS]'. Adding certificate verification is strongly advised. See: https://urllib3.readthedocs.io/en/latest/advanced-usage.html#tls-warnings
  warnings.warn(

2026-10-10 03:56:47.454 87 INFO cinder.volume.drivers.lightos [None req-f8f3048a-4331-4e26-bb16-5933ebc01c6e 4bb618e71b4746fda62f3cea553c94c8 744624ffe6954f998392ffadd587c843 - - - -] Invoking update_volume using PUT url: /api/v2/projects/default/volumes/e20a4f33-fcda-4712-b0e5-7808b10b9c99             request.body: {'acl': {'values': ['ALLOW_NONE']}, 'IPAcl': {'values': ['ALLOW_NONE']}} ssl_verify: False
2026-10-10 03:56:47.495 87 WARNING py.warnings [None req-f8f3048a-4331-4e26-bb16-5933ebc01c6e 4bb618e71b4746fda62f3cea553c94c8 744624ffe6954f998392ffadd587c843 - - - -] /var/lib/kolla/venv/lib/python3.12/site-packages/urllib3/connectionpool.py:1110: InsecureRequestWarning: Unverified HTTPS request is being made to host '[LB_IP_ADDRESS]'. Adding certificate verification is strongly advised. See: https://urllib3.readthedocs.io/en/latest/advanced-usage.html#tls-warnings
  warnings.warn(

2026-10-10 03:56:47.512 87 INFO cinder.volume.drivers.lightos [None req-f8f3048a-4331-4e26-bb16-5933ebc01c6e 4bb618e71b4746fda62f3cea553c94c8 744624ffe6954f998392ffadd587c843 - - - -] Invoking get_volume_by_name using GET url: /api/v2/projects/default/volumes/?name=vol_61617ddf-1b7f-4d2f-82c0-bf228888555b             request.body: {} ssl_verify: False
2026-10-10 03:56:47.555 87 WARNING py.warnings [None req-f8f3048a-4331-4e26-bb16-5933ebc01c6e 4bb618e71b4746fda62f3cea553c94c8 744624ffe6954f998392ffadd587c843 - - - -] /var/lib/kolla/venv/lib/python3.12/site-packages/urllib3/connectionpool.py:1110: InsecureRequestWarning: Unverified HTTPS request is being made to host '[LB_IP_ADDRESS]'. Adding certificate verification is strongly advised. See: https://urllib3.readthedocs.io/en/latest/advanced-usage.html#tls-warnings
  warnings.warn(

2026-10-10 03:56:47.557 87 INFO cinder.volume.drivers.lightos [None req-faac87d8-6593-49cb-bb60-013af6422d52 c3e19830a4fb4921afcd3822c7332dd6 92c24b2b12cf4a32ac657c075d76bd06 - - - -] Invoking get_volume using GET url: /api/v2/projects/default/volumes/f2e5c30d-a1bd-4261-bdb2-1e3192fa2bc5             request.body: {} ssl_verify: False
2026-10-10 03:56:47.591 87 WARNING py.warnings [None req-faac87d8-6593-49cb-bb60-013af6422d52 c3e19830a4fb4921afcd3822c7332dd6 92c24b2b12cf4a32ac657c075d76bd06 - - - -] /var/lib/kolla/venv/lib/python3.12/site-packages/urllib3/connectionpool.py:1110: InsecureRequestWarning: Unverified HTTPS request is being made to host '[LB_IP_ADDRESS]'. Adding certificate verification is strongly advised. See: https://urllib3.readthedocs.io/en/latest/advanced-usage.html#tls-warnings
  warnings.warn(

2026-10-10 03:56:47.621 87 INFO cinder.volume.drivers.lightos [None req-faac87d8-6593-49cb-bb60-013af6422d52 c3e19830a4fb4921afcd3822c7332dd6 92c24b2b12cf4a32ac657c075d76bd06 - - - -] Invoking get_snapshot_by_name using GET url: /api/v2/projects/default/snapshots/?Name=for_clone_e37e25ec-dbf2-449d-8416-365b859a2c4f             request.body: {} ssl_verify: False
2026-10-10 03:56:47.666 87 WARNING py.warnings [None req-faac87d8-6593-49cb-bb60-013af6422d52 c3e19830a4fb4921afcd3822c7332dd6 92c24b2b12cf4a32ac657c075d76bd06 - - - -] /var/lib/kolla/venv/lib/python3.12/site-packages/urllib3/connectionpool.py:1110: InsecureRequestWarning: Unverified HTTPS request is being made to host '[LB_IP_ADDRESS]'. Adding certificate verification is strongly advised. See: https://urllib3.readthedocs.io/en/latest/advanced-usage.html#tls-warnings
  warnings.warn(

2026-10-10 03:56:47.673 87 INFO cinder.volume.drivers.lightos [None req-faac87d8-6593-49cb-bb60-013af6422d52 c3e19830a4fb4921afcd3822c7332dd6 92c24b2b12cf4a32ac657c075d76bd06 - - - -] Invoking delete_snapshot using DELETE url: /api/v2/projects/default/snapshots/25004486-607e-46ab-97ca-46f6ebd479f0?             request.body:  ssl_verify: False
2026-10-10 03:56:47.708 87 WARNING py.warnings [None req-faac87d8-6593-49cb-bb60-013af6422d52 c3e19830a4fb4921afcd3822c7332dd6 92c24b2b12cf4a32ac657c075d76bd06 - - - -] /var/lib/kolla/venv/lib/python3.12/site-packages/urllib3/connectionpool.py:1110: InsecureRequestWarning: Unverified HTTPS request is being made to host '[LB_IP_ADDRESS]'. Adding certificate verification is strongly advised. See: https://urllib3.readthedocs.io/en/latest/advanced-usage.html#tls-warnings
  warnings.warn(

2026-10-10 03:56:47.729 87 INFO cinder.volume.drivers.lightos [None req-faac87d8-6593-49cb-bb60-013af6422d52 c3e19830a4fb4921afcd3822c7332dd6 92c24b2b12cf4a32ac657c075d76bd06 - - - -] Invoking get_snapshot using GET url: /api/v2/projects/default/snapshots/25004486-607e-46ab-97ca-46f6ebd479f0             request.body: {} ssl_verify: False
2026-10-10 03:56:47.776 87 WARNING py.warnings [None req-faac87d8-6593-49cb-bb60-013af6422d52 c3e19830a4fb4921afcd3822c7332dd6 92c24b2b12cf4a32ac657c075d76bd06 - - - -] /var/lib/kolla/venv/lib/python3.12/site-packages/urllib3/connectionpool.py:1110: InsecureRequestWarning: Unverified HTTPS request is being made to host '[LB_IP_ADDRESS]'. Adding certificate verification is strongly advised. See: https://urllib3.readthedocs.io/en/latest/advanced-usage.html#tls-warnings
  warnings.warn(

2026-10-10 03:56:47.813 87 INFO cinder.volume.flows.manager.create_volume [None req-faac87d8-6593-49cb-bb60-013af6422d52 c3e19830a4fb4921afcd3822c7332dd6 92c24b2b12cf4a32ac657c075d76bd06 - - - -] Volume vol_e37e25ec-dbf2-449d-8416-365b859a2c4f (e37e25ec-dbf2-449d-8416-365b859a2c4f): created successfully
2026-10-10 03:56:47.820 87 INFO cinder.volume.manager [None req-faac87d8-6593-49cb-bb60-013af6422d52 c3e19830a4fb4921afcd3822c7332dd6 92c24b2b12cf4a32ac657c075d76bd06 - - - -] Created volume successfully.
2026-10-10 03:56:47.883 87 INFO cinder.volume.drivers.lightos [None req-f3a26777-f949-4071-8c40-9f24b73d05d7 7c2827f90eec4533ac53bcfca5e23af9 693e133ffb3845a78bcd60aae2b0cf26 - - default default] Invoking get_snapshot_by_name using GET url: /api/v2/projects/default/snapshots/?Name=snapshot-9329567a-287e-4fe5-a621-8994930ca0ab             request.body: {} ssl_verify: False
2026-10-10 03:56:47.920 87 WARNING py.warnings [None req-f3a26777-f949-4071-8c40-9f24b73d05d7 7c2827f90eec4533ac53bcfca5e23af9 693e133ffb3845a78bcd60aae2b0cf26 - - default default] /var/lib/kolla/venv/lib/python3.12/site-packages/urllib3/connectionpool.py:1110: InsecureRequestWarning: Unverified HTTPS request is being made to host '[LB_IP_ADDRESS]'. Adding certificate verification is strongly advised. See: https://urllib3.readthedocs.io/en/latest/advanced-usage.html#tls-warnings
  warnings.warn(

2026-10-10 03:56:47.930 87 INFO cinder.volume.drivers.lightos [None req-f3a26777-f949-4071-8c40-9f24b73d05d7 7c2827f90eec4533ac53bcfca5e23af9 693e133ffb3845a78bcd60aae2b0cf26 - - default default] Invoking delete_snapshot using DELETE url: /api/v2/projects/default/snapshots/1b7a2b12-122d-456c-8a6e-5e7794d93d7f?             request.body:  ssl_verify: False
2026-10-10 03:56:47.968 87 WARNING py.warnings [None req-f3a26777-f949-4071-8c40-9f24b73d05d7 7c2827f90eec4533ac53bcfca5e23af9 693e133ffb3845a78bcd60aae2b0cf26 - - default default] /var/lib/kolla/venv/lib/python3.12/site-packages/urllib3/connectionpool.py:1110: InsecureRequestWarning: Unverified HTTPS request is being made to host '[LB_IP_ADDRESS]'. Adding certificate verification is strongly advised. See: https://urllib3.readthedocs.io/en/latest/advanced-usage.html#tls-warnings
  warnings.warn(

2026-10-10 03:56:47.987 87 INFO cinder.volume.drivers.lightos [None req-f3a26777-f949-4071-8c40-9f24b73d05d7 7c2827f90eec4533ac53bcfca5e23af9 693e133ffb3845a78bcd60aae2b0cf26 - - default default] Invoking get_snapshot using GET url: /api/v2/projects/default/snapshots/1b7a2b12-122d-456c-8a6e-5e7794d93d7f             request.body: {} ssl_verify: False
2026-10-10 03:56:48.028 87 WARNING py.warnings [None req-f3a26777-f949-4071-8c40-9f24b73d05d7 7c2827f90eec4533ac53bcfca5e23af9 693e133ffb3845a78bcd60aae2b0cf26 - - default default] /var/lib/kolla/venv/lib/python3.12/site-packages/urllib3/connectionpool.py:1110: InsecureRequestWarning: Unverified HTTPS request is being made to host '[LB_IP_ADDRESS]'. Adding certificate verification is strongly advised. See: https://urllib3.readthedocs.io/en/latest/advanced-usage.html#tls-warnings
  warnings.warn(

2026-10-10 03:56:48.178 87 INFO cinder.volume.manager [None req-f3a26777-f949-4071-8c40-9f24b73d05d7 7c2827f90eec4533ac53bcfca5e23af9 693e133ffb3845a78bcd60aae2b0cf26 - - default default] Delete snapshot completed successfully.
2026-10-10 03:56:48.589 87 INFO cinder.volume.drivers.lightos [None req-f8f3048a-4331-4e26-bb16-5933ebc01c6e 4bb618e71b4746fda62f3cea553c94c8 744624ffe6954f998392ffadd587c843 - - - -] Invoking get_volume_by_name using GET url: /api/v2/projects/default/volumes/?name=vol_61617ddf-1b7f-4d2f-82c0-bf228888555b             request.body: {} ssl_verify: False
2026-10-10 03:56:48.636 87 WARNING py.warnings [None req-f8f3048a-4331-4e26-bb16-5933ebc01c6e 4bb618e71b4746fda62f3cea553c94c8 744624ffe6954f998392ffadd587c843 - - - -] /var/lib/kolla/venv/lib/python3.12/site-packages/urllib3/connectionpool.py:1110: InsecureRequestWarning: Unverified HTTPS request is being made to host '[LB_IP_ADDRESS]'. Adding certificate verification is strongly advised. See: https://urllib3.readthedocs.io/en/latest/advanced-usage.html#tls-warnings
  warnings.warn(

2026-10-10 03:56:48.653 87 INFO cinder.volume.drivers.lightos [None req-f8f3048a-4331-4e26-bb16-5933ebc01c6e 4bb618e71b4746fda62f3cea553c94c8 744624ffe6954f998392ffadd587c843 - - - -] Invoking get_volume_by_name using GET url: /api/v2/projects/default/volumes/?name=vol_61617ddf-1b7f-4d2f-82c0-bf228888555b             request.body: {} ssl_verify: False
2026-10-10 03:56:48.698 87 WARNING py.warnings [None req-f8f3048a-4331-4e26-bb16-5933ebc01c6e 4bb618e71b4746fda62f3cea553c94c8 744624ffe6954f998392ffadd587c843 - - - -] /var/lib/kolla/venv/lib/python3.12/site-packages/urllib3/connectionpool.py:1110: InsecureRequestWarning: Unverified HTTPS request is being made to host '[LB_IP_ADDRESS]'. Adding certificate verification is strongly advised. See: https://urllib3.readthedocs.io/en/latest/advanced-usage.html#tls-warnings
  warnings.warn(

2026-10-10 03:56:48.784 87 INFO cinder.volume.flows.manager.create_volume [None req-f8f3048a-4331-4e26-bb16-5933ebc01c6e 4bb618e71b4746fda62f3cea553c94c8 744624ffe6954f998392ffadd587c843 - - - -] Volume vol_61617ddf-1b7f-4d2f-82c0-bf228888555b (61617ddf-1b7f-4d2f-82c0-bf228888555b): created successfully
2026-10-10 03:56:48.799 87 INFO cinder.volume.manager [None req-f8f3048a-4331-4e26-bb16-5933ebc01c6e 4bb618e71b4746fda62f3cea553c94c8 744624ffe6954f998392ffadd587c843 - - - -] Created volume successfully.
2026-10-10 03:56:48.812 87 INFO cinder.volume.flows.manager.create_volume [None req-49bf2cef-054d-46cf-a126-a1cf7114136b c3e19830a4fb4921afcd3822c7332dd6 92c24b2b12cf4a32ac657c075d76bd06 - - - -] Volume 7a31b316-1c77-46a4-bda9-dd5983a2d70c: being created as raw with specification: {'status': 'creating', 'volume_name': 'vol_7a31b316-1c77-46a4-bda9-dd5983a2d70c', 'volume_size': 1}
2026-10-10 03:56:48.813 87 INFO cinder.volume.drivers.lightos [None req-49bf2cef-054d-46cf-a126-a1cf7114136b c3e19830a4fb4921afcd3822c7332dd6 92c24b2b12cf4a32ac657c075d76bd06 - - - -] Invoking get_volume_by_name using GET url: /api/v2/projects/default/volumes/?name=vol_7a31b316-1c77-46a4-bda9-dd5983a2d70c             request.body: {} ssl_verify: False
2026-10-10 03:56:48.848 87 WARNING py.warnings [None req-49bf2cef-054d-46cf-a126-a1cf7114136b c3e19830a4fb4921afcd3822c7332dd6 92c24b2b12cf4a32ac657c075d76bd06 - - - -] /var/lib/kolla/venv/lib/python3.12/site-packages/urllib3/connectionpool.py:1110: InsecureRequestWarning: Unverified HTTPS request is being made to host '[LB_IP_ADDRESS]'. Adding certificate verification is strongly advised. See: https://urllib3.readthedocs.io/en/latest/advanced-usage.html#tls-warnings
  warnings.warn(

2026-10-10 03:56:48.860 87 INFO cinder.volume.drivers.lightos [None req-49bf2cef-054d-46cf-a126-a1cf7114136b c3e19830a4fb4921afcd3822c7332dd6 92c24b2b12cf4a32ac657c075d76bd06 - - - -] Invoking create_volume using POST url: /api/v2/projects/default/volumes             request.body: {'name': 'vol_7a31b316-1c77-46a4-bda9-dd5983a2d70c', 'size': '1 gib', 'replicaCount': '3', 'compression': 'False', 'acl': {'values': ['ALLOW_NONE']}, 'IPAcl': {'values': ['ALLOW_NONE']}, 'sourceSnapshotUUID': None, 'sourceSnapshotName': None} ssl_verify: False
2026-10-10 03:56:48.907 87 WARNING py.warnings [None req-49bf2cef-054d-46cf-a126-a1cf7114136b c3e19830a4fb4921afcd3822c7332dd6 92c24b2b12cf4a32ac657c075d76bd06 - - - -] /var/lib/kolla/venv/lib/python3.12/site-packages/urllib3/connectionpool.py:1110: InsecureRequestWarning: Unverified HTTPS request is being made to host '[LB_IP_ADDRESS]'. Adding certificate verification is strongly advised. See: https://urllib3.readthedocs.io/en/latest/advanced-usage.html#tls-warnings
  warnings.warn(

2026-10-10 03:56:48.930 87 INFO cinder.volume.drivers.lightos [None req-49bf2cef-054d-46cf-a126-a1cf7114136b c3e19830a4fb4921afcd3822c7332dd6 92c24b2b12cf4a32ac657c075d76bd06 - - - -] Invoking get_volume using GET url: /api/v2/projects/default/volumes/95687ba6-6e83-4a2f-91e8-ced63fd6b722             request.body: {} ssl_verify: False
2026-10-10 03:56:48.988 87 INFO cinder.volume.drivers.lightos [None req-6f331b53-b8f3-4183-b6e7-efb4aad034eb 7c2827f90eec4533ac53bcfca5e23af9 693e133ffb3845a78bcd60aae2b0cf26 - - default default] Invoking get_snapshot_by_name using GET url: /api/v2/projects/default/snapshots/?Name=snapshot-137ab251-9e2c-4566-aeb5-c61abb8baba3             request.body: {} ssl_verify: False
2026-10-10 03:56:49.023 87 WARNING py.warnings [None req-49bf2cef-054d-46cf-a126-a1cf7114136b c3e19830a4fb4921afcd3822c7332dd6 92c24b2b12cf4a32ac657c075d76bd06 - - - -] /var/lib/kolla/venv/lib/python3.12/site-packages/urllib3/connectionpool.py:1110: InsecureRequestWarning: Unverified HTTPS request is being made to host '[LB_IP_ADDRESS]'. Adding certificate verification is strongly advised. See: https://urllib3.readthedocs.io/en/latest/advanced-usage.html#tls-warnings
  warnings.warn(

2026-10-10 03:56:49.027 87 WARNING py.warnings [None req-6f331b53-b8f3-4183-b6e7-efb4aad034eb 7c2827f90eec4533ac53bcfca5e23af9 693e133ffb3845a78bcd60aae2b0cf26 - - default default] /var/lib/kolla/venv/lib/python3.12/site-packages/urllib3/connectionpool.py:1110: InsecureRequestWarning: Unverified HTTPS request is being made to host '[LB_IP_ADDRESS]'. Adding certificate verification is strongly advised. See: https://urllib3.readthedocs.io/en/latest/advanced-usage.html#tls-warnings
  warnings.warn(

2026-10-10 03:56:49.045 87 INFO cinder.volume.drivers.lightos [None req-6f331b53-b8f3-4183-b6e7-efb4aad034eb 7c2827f90eec4533ac53bcfca5e23af9 693e133ffb3845a78bcd60aae2b0cf26 - - default default] Invoking delete_snapshot using DELETE url: /api/v2/projects/default/snapshots/0238865d-af32-4726-a219-640d72fe7822?             request.body:  ssl_verify: False
2026-10-10 03:56:49.074 87 INFO cinder.volume.flows.manager.create_volume [None req-49bf2cef-054d-46cf-a126-a1cf7114136b c3e19830a4fb4921afcd3822c7332dd6 92c24b2b12cf4a32ac657c075d76bd06 - - - -] Volume vol_7a31b316-1c77-46a4-bda9-dd5983a2d70c (7a31b316-1c77-46a4-bda9-dd5983a2d70c): created successfully
2026-10-10 03:56:49.082 87 INFO cinder.volume.manager [None req-49bf2cef-054d-46cf-a126-a1cf7114136b c3e19830a4fb4921afcd3822c7332dd6 92c24b2b12cf4a32ac657c075d76bd06 - - - -] Created volume successfully.
2026-10-10 03:56:49.086 87 WARNING py.warnings [None req-6f331b53-b8f3-4183-b6e7-efb4aad034eb 7c2827f90eec4533ac53bcfca5e23af9 693e133ffb3845a78bcd60aae2b0cf26 - - default default] /var/lib/kolla/venv/lib/python3.12/site-packages/urllib3/connectionpool.py:1110: InsecureRequestWarning: Unverified HTTPS request is being made to host '[LB_IP_ADDRESS]'. Adding certificate verification is strongly advised. See: https://urllib3.readthedocs.io/en/latest/advanced-usage.html#tls-warnings
  warnings.warn(

2026-10-10 03:56:49.141 87 INFO cinder.volume.drivers.lightos [None req-6f331b53-b8f3-4183-b6e7-efb4aad034eb 7c2827f90eec4533ac53bcfca5e23af9 693e133ffb3845a78bcd60aae2b0cf26 - - default default] Invoking get_snapshot using GET url: /api/v2/projects/default/snapshots/0238865d-af32-4726-a219-640d72fe7822             request.body: {} ssl_verify: False
2026-10-10 03:56:49.183 87 WARNING py.warnings [None req-6f331b53-b8f3-4183-b6e7-efb4aad034eb 7c2827f90eec4533ac53bcfca5e23af9 693e133ffb3845a78bcd60aae2b0cf26 - - default default] /var/lib/kolla/venv/lib/python3.12/site-packages/urllib3/connectionpool.py:1110: InsecureRequestWarning: Unverified HTTPS request is being made to host '[LB_IP_ADDRESS]'. Adding certificate verification is strongly advised. See: https://urllib3.readthedocs.io/en/latest/advanced-usage.html#tls-warnings
  warnings.warn(

2026-10-10 03:56:49.308 87 INFO cinder.volume.manager [None req-6f331b53-b8f3-4183-b6e7-efb4aad034eb 7c2827f90eec4533ac53bcfca5e23af9 693e133ffb3845a78bcd60aae2b0cf26 - - default default] Delete snapshot completed successfully.
2026-10-10 03:56:49.961 87 INFO cinder.volume.drivers.lightos [None req-5588d7ad-81c1-4ce1-bd38-555935711142 c3e19830a4fb4921afcd3822c7332dd6 92c24b2b12cf4a32ac657c075d76bd06 - - default default] Invoking delete_volume using DELETE url: /api/v2/projects/default/volumes/95687ba6-6e83-4a2f-91e8-ced63fd6b722?             request.body:  ssl_verify: False
2026-10-10 03:56:49.998 87 WARNING py.warnings [None req-5588d7ad-81c1-4ce1-bd38-555935711142 c3e19830a4fb4921afcd3822c7332dd6 92c24b2b12cf4a32ac657c075d76bd06 - - default default] /var/lib/kolla/venv/lib/python3.12/site-packages/urllib3/connectionpool.py:1110: InsecureRequestWarning: Unverified HTTPS request is being made to host '[LB_IP_ADDRESS]'. Adding certificate verification is strongly advised. See: https://urllib3.readthedocs.io/en/latest/advanced-usage.html#tls-warnings
  warnings.warn(

2026-10-10 03:56:50.026 87 INFO cinder.volume.drivers.lightos [None req-5588d7ad-81c1-4ce1-bd38-555935711142 c3e19830a4fb4921afcd3822c7332dd6 92c24b2b12cf4a32ac657c075d76bd06 - - default default] Invoking get_volume using GET url: /api/v2/projects/default/volumes/95687ba6-6e83-4a2f-91e8-ced63fd6b722             request.body: {} ssl_verify: False
2026-10-10 03:56:50.069 87 WARNING py.warnings [None req-5588d7ad-81c1-4ce1-bd38-555935711142 c3e19830a4fb4921afcd3822c7332dd6 92c24b2b12cf4a32ac657c075d76bd06 - - default default] /var/lib/kolla/venv/lib/python3.12/site-packages/urllib3/connectionpool.py:1110: InsecureRequestWarning: Unverified HTTPS request is being made to host '[LB_IP_ADDRESS]'. Adding certificate verification is strongly advised. See: https://urllib3.readthedocs.io/en/latest/advanced-usage.html#tls-warnings
  warnings.warn(

2026-10-10 03:56:50.079 87 INFO cinder.volume.drivers.lightos [None req-2c715108-5e23-46ae-8379-40dc12ee124e 7c2827f90eec4533ac53bcfca5e23af9 693e133ffb3845a78bcd60aae2b0cf26 - - default default] Invoking get_snapshot_by_name using GET url: /api/v2/projects/default/snapshots/?Name=snapshot-7eb51ea4-8256-4e27-98c8-8ac5c3a73614             request.body: {} ssl_verify: False
2026-10-10 03:56:50.116 87 WARNING py.warnings [None req-2c715108-5e23-46ae-8379-40dc12ee124e 7c2827f90eec4533ac53bcfca5e23af9 693e133ffb3845a78bcd60aae2b0cf26 - - default default] /var/lib/kolla/venv/lib/python3.12/site-packages/urllib3/connectionpool.py:1110: InsecureRequestWarning: Unverified HTTPS request is being made to host '[LB_IP_ADDRESS]'. Adding certificate verification is strongly advised. See: https://urllib3.readthedocs.io/en/latest/advanced-usage.html#tls-warnings
  warnings.warn(

2026-10-10 03:56:50.141 87 INFO cinder.volume.drivers.lightos [None req-2c715108-5e23-46ae-8379-40dc12ee124e 7c2827f90eec4533ac53bcfca5e23af9 693e133ffb3845a78bcd60aae2b0cf26 - - default default] Invoking delete_snapshot using DELETE url: /api/v2/projects/default/snapshots/e63865d7-d9d7-48f4-9f9d-1af9a007f7f1?             request.body:  ssl_verify: False
2026-10-10 03:56:50.202 87 WARNING py.warnings [None req-2c715108-5e23-46ae-8379-40dc12ee124e 7c2827f90eec4533ac53bcfca5e23af9 693e133ffb3845a78bcd60aae2b0cf26 - - default default] /var/lib/kolla/venv/lib/python3.12/site-packages/urllib3/connectionpool.py:1110: InsecureRequestWarning: Unverified HTTPS request is being made to host '[LB_IP_ADDRESS]'. Adding certificate verification is strongly advised. See: https://urllib3.readthedocs.io/en/latest/advanced-usage.html#tls-warnings
  warnings.warn(

2026-10-10 03:56:50.224 87 INFO cinder.volume.drivers.lightos [None req-2c715108-5e23-46ae-8379-40dc12ee124e 7c2827f90eec4533ac53bcfca5e23af9 693e133ffb3845a78bcd60aae2b0cf26 - - default default] Invoking get_snapshot using GET url: /api/v2/projects/default/snapshots/e63865d7-d9d7-48f4-9f9d-1af9a007f7f1             request.body: {} ssl_verify: False
2026-10-10 03:56:50.259 87 WARNING py.warnings [None req-2c715108-5e23-46ae-8379-40dc12ee124e 7c2827f90eec4533ac53bcfca5e23af9 693e133ffb3845a78bcd60aae2b0cf26 - - default default] /var/lib/kolla/venv/lib/python3.12/site-packages/urllib3/connectionpool.py:1110: InsecureRequestWarning: Unverified HTTPS request is being made to host '[LB_IP_ADDRESS]'. Adding certificate verification is strongly advised. See: https://urllib3.readthedocs.io/en/latest/advanced-usage.html#tls-warnings
  warnings.warn(

2026-10-10 03:56:50.293 87 INFO cinder.volume.manager [None req-5588d7ad-81c1-4ce1-bd38-555935711142 c3e19830a4fb4921afcd3822c7332dd6 92c24b2b12cf4a32ac657c075d76bd06 - - default default] Deleted volume successfully.
2026-10-10 03:56:50.326 87 INFO cinder.volume.drivers.lightos [None req-a6bd7442-b514-47c5-ba3c-bc42abfe0424 4bb618e71b4746fda62f3cea553c94c8 744624ffe6954f998392ffadd587c843 - - - -] Invoking get_volume_by_name using GET url: /api/v2/projects/default/volumes/?name=vol_61617ddf-1b7f-4d2f-82c0-bf228888555b             request.body: {} ssl_verify: False
2026-10-10 03:56:50.389 87 WARNING py.warnings [None req-a6bd7442-b514-47c5-ba3c-bc42abfe0424 4bb618e71b4746fda62f3cea553c94c8 744624ffe6954f998392ffadd587c843 - - - -] /var/lib/kolla/venv/lib/python3.12/site-packages/urllib3/connectionpool.py:1110: InsecureRequestWarning: Unverified HTTPS request is being made to host '[LB_IP_ADDRESS]'. Adding certificate verification is strongly advised. See: https://urllib3.readthedocs.io/en/latest/advanced-usage.html#tls-warnings
  warnings.warn(

2026-10-10 03:56:50.402 87 INFO cinder.volume.drivers.lightos [None req-a6bd7442-b514-47c5-ba3c-bc42abfe0424 4bb618e71b4746fda62f3cea553c94c8 744624ffe6954f998392ffadd587c843 - - - -] Invoking extend_volume using PUT url: /api/v2/projects/default/volumes/e20a4f33-fcda-4712-b0e5-7808b10b9c99             request.body: {'UUID': 'e20a4f33-fcda-4712-b0e5-7808b10b9c99', 'size': '2 gib'} ssl_verify: False
2026-10-10 03:56:50.438 87 WARNING py.warnings [None req-a6bd7442-b514-47c5-ba3c-bc42abfe0424 4bb618e71b4746fda62f3cea553c94c8 744624ffe6954f998392ffadd587c843 - - - -] /var/lib/kolla/venv/lib/python3.12/site-packages/urllib3/connectionpool.py:1110: InsecureRequestWarning: Unverified HTTPS request is being made to host '[LB_IP_ADDRESS]'. Adding certificate verification is strongly advised. See: https://urllib3.readthedocs.io/en/latest/advanced-usage.html#tls-warnings
  warnings.warn(

2026-10-10 03:56:50.458 87 INFO cinder.volume.manager [None req-2c715108-5e23-46ae-8379-40dc12ee124e 7c2827f90eec4533ac53bcfca5e23af9 693e133ffb3845a78bcd60aae2b0cf26 - - default default] Delete snapshot completed successfully.
2026-10-10 03:56:50.464 87 INFO cinder.volume.drivers.lightos [None req-a6bd7442-b514-47c5-ba3c-bc42abfe0424 4bb618e71b4746fda62f3cea553c94c8 744624ffe6954f998392ffadd587c843 - - - -] Successfully extended volume Volume(_name_id=None,admin_metadata={},attach_status='detached',availability_zone='nova',bootable=True,cluster=<?>,cluster_name=None,consistencygroup=<?>,consistencygroup_id=None,created_at=2026-10-10T03:56:42Z,deleted=False,deleted_at=None,display_description=None,display_name='tempest-VolumesExtendTest-Volume-755755302',ec2_id=None,encryption_key_id=None,glance_metadata={checksum='443b7623e27ecf03dc9e01ee93f67afe',container_format='bare',disk_format='qcow2',image_id='545c8ea5-cae4-4d3e-b3ff-02364f54bc85',image_name='cirros',min_disk='0',min_ram='0',owner_specified.openstack.md5='',owner_specified.openstack.object='images/cirros',owner_specified.openstack.sha256='',signature_verified='False',size='12716032'},group=<?>,group_id=None,host='rack11-server81@LIGHTOSvemhmp#vemhmp',id=61617ddf-1b7f-4d2f-82c0-bf228888555b,launched_at=2026-10-10T03:56:48Z,metadata={},migration_status=None,multiattach=False,previous_status='available',project_id='744624ffe6954f998392ffadd587c843',provider_auth=None,provider_geometry=None,provider_id='default e20a4f33-fcda-4712-b0e5-7808b10b9c99',provider_location=None,replication_driver_data=None,replication_extended_status=None,replication_status=None,scheduled_at=2026-10-10T03:56:42Z,service_uuid='a94f8f8b-b6eb-4baa-8155-8e7f9daed813',shared_targets=False,size=1,snapshot_id=None,snapshots=<?>,source_volid=None,status='extending',terminated_at=None,updated_at=2026-10-10T03:56:48Z,use_quota=True,user_id='4bb618e71b4746fda62f3cea553c94c8',volume_attachment=VolumeAttachmentList,volume_type=VolumeType(9e33a27f-87a7-47ac-9d72-59abacd63e10),volume_type_id=9e33a27f-87a7-47ac-9d72-59abacd63e10) project default size:2
2026-10-10 03:56:50.484 87 INFO cinder.volume.manager [None req-a6bd7442-b514-47c5-ba3c-bc42abfe0424 4bb618e71b4746fda62f3cea553c94c8 744624ffe6954f998392ffadd587c843 - - - -] Extend volume completed successfully.
2026-10-10 03:56:51.104 87 INFO cinder.volume.drivers.lightos [None req-7335b357-bb06-4e28-b563-58b62370f846 c3e19830a4fb4921afcd3822c7332dd6 92c24b2b12cf4a32ac657c075d76bd06 - - default default] Invoking delete_volume using DELETE url: /api/v2/projects/default/volumes/f2e5c30d-a1bd-4261-bdb2-1e3192fa2bc5?             request.body:  ssl_verify: False
2026-10-10 03:56:51.140 87 WARNING py.warnings [None req-7335b357-bb06-4e28-b563-58b62370f846 c3e19830a4fb4921afcd3822c7332dd6 92c24b2b12cf4a32ac657c075d76bd06 - - default default] /var/lib/kolla/venv/lib/python3.12/site-packages/urllib3/connectionpool.py:1110: InsecureRequestWarning: Unverified HTTPS request is being made to host '[LB_IP_ADDRESS]'. Adding certificate verification is strongly advised. See: https://urllib3.readthedocs.io/en/latest/advanced-usage.html#tls-warnings
  warnings.warn(

2026-10-10 03:56:51.168 87 INFO cinder.volume.drivers.lightos [None req-7335b357-bb06-4e28-b563-58b62370f846 c3e19830a4fb4921afcd3822c7332dd6 92c24b2b12cf4a32ac657c075d76bd06 - - default default] Invoking get_volume using GET url: /api/v2/projects/default/volumes/f2e5c30d-a1bd-4261-bdb2-1e3192fa2bc5             request.body: {} ssl_verify: False
2026-10-10 03:56:51.226 87 WARNING py.warnings [None req-7335b357-bb06-4e28-b563-58b62370f846 c3e19830a4fb4921afcd3822c7332dd6 92c24b2b12cf4a32ac657c075d76bd06 - - default default] /var/lib/kolla/venv/lib/python3.12/site-packages/urllib3/connectionpool.py:1110: InsecureRequestWarning: Unverified HTTPS request is being made to host '[LB_IP_ADDRESS]'. Adding certificate verification is strongly advised. See: https://urllib3.readthedocs.io/en/latest/advanced-usage.html#tls-warnings
  warnings.warn(

2026-10-10 03:56:51.268 87 INFO cinder.volume.drivers.lightos [None req-15547082-597e-4f51-bda7-0575ee612ea1 7c2827f90eec4533ac53bcfca5e23af9 693e133ffb3845a78bcd60aae2b0cf26 - - default default] Invoking delete_volume using DELETE url: /api/v2/projects/default/volumes/91b85f0e-cd8c-454b-9191-9f37ecfb2bc9?             request.body:  ssl_verify: False
2026-10-10 03:56:51.301 87 WARNING py.warnings [None req-15547082-597e-4f51-bda7-0575ee612ea1 7c2827f90eec4533ac53bcfca5e23af9 693e133ffb3845a78bcd60aae2b0cf26 - - default default] /var/lib/kolla/venv/lib/python3.12/site-packages/urllib3/connectionpool.py:1110: InsecureRequestWarning: Unverified HTTPS request is being made to host '[LB_IP_ADDRESS]'. Adding certificate verification is strongly advised. See: https://urllib3.readthedocs.io/en/latest/advanced-usage.html#tls-warnings
  warnings.warn(

2026-10-10 03:56:51.347 87 INFO cinder.volume.drivers.lightos [None req-15547082-597e-4f51-bda7-0575ee612ea1 7c2827f90eec4533ac53bcfca5e23af9 693e133ffb3845a78bcd60aae2b0cf26 - - default default] Invoking get_volume using GET url: /api/v2/projects/default/volumes/91b85f0e-cd8c-454b-9191-9f37ecfb2bc9             request.body: {} ssl_verify: False
2026-10-10 03:56:51.385 87 WARNING py.warnings [None req-15547082-597e-4f51-bda7-0575ee612ea1 7c2827f90eec4533ac53bcfca5e23af9 693e133ffb3845a78bcd60aae2b0cf26 - - default default] /var/lib/kolla/venv/lib/python3.12/site-packages/urllib3/connectionpool.py:1110: InsecureRequestWarning: Unverified HTTPS request is being made to host '[LB_IP_ADDRESS]'. Adding certificate verification is strongly advised. See: https://urllib3.readthedocs.io/en/latest/advanced-usage.html#tls-warnings
  warnings.warn(

2026-10-10 03:56:51.428 87 INFO cinder.volume.manager [None req-7335b357-bb06-4e28-b563-58b62370f846 c3e19830a4fb4921afcd3822c7332dd6 92c24b2b12cf4a32ac657c075d76bd06 - - default default] Deleted volume successfully.
2026-10-10 03:56:51.510 87 INFO cinder.volume.manager [None req-15547082-597e-4f51-bda7-0575ee612ea1 7c2827f90eec4533ac53bcfca5e23af9 693e133ffb3845a78bcd60aae2b0cf26 - - default default] Deleted volume successfully.
2026-10-10 03:56:51.593 87 INFO cinder.volume.drivers.lightos [None req-8bb772a7-bc6d-4221-a8c0-55c41a1f483e 4bb618e71b4746fda62f3cea553c94c8 744624ffe6954f998392ffadd587c843 - - default default] Invoking delete_volume using DELETE url: /api/v2/projects/default/volumes/e20a4f33-fcda-4712-b0e5-7808b10b9c99?             request.body:  ssl_verify: False
2026-10-10 03:56:51.630 87 WARNING py.warnings [None req-8bb772a7-bc6d-4221-a8c0-55c41a1f483e 4bb618e71b4746fda62f3cea553c94c8 744624ffe6954f998392ffadd587c843 - - default default] /var/lib/kolla/venv/lib/python3.12/site-packages/urllib3/connectionpool.py:1110: InsecureRequestWarning: Unverified HTTPS request is being made to host '[LB_IP_ADDRESS]'. Adding certificate verification is strongly advised. See: https://urllib3.readthedocs.io/en/latest/advanced-usage.html#tls-warnings
  warnings.warn(

2026-10-10 03:56:51.652 87 INFO cinder.volume.drivers.lightos [None req-8bb772a7-bc6d-4221-a8c0-55c41a1f483e 4bb618e71b4746fda62f3cea553c94c8 744624ffe6954f998392ffadd587c843 - - default default] Invoking get_volume using GET url: /api/v2/projects/default/volumes/e20a4f33-fcda-4712-b0e5-7808b10b9c99             request.body: {} ssl_verify: False
2026-10-10 03:56:51.696 87 WARNING py.warnings [None req-8bb772a7-bc6d-4221-a8c0-55c41a1f483e 4bb618e71b4746fda62f3cea553c94c8 744624ffe6954f998392ffadd587c843 - - default default] /var/lib/kolla/venv/lib/python3.12/site-packages/urllib3/connectionpool.py:1110: InsecureRequestWarning: Unverified HTTPS request is being made to host '[LB_IP_ADDRESS]'. Adding certificate verification is strongly advised. See: https://urllib3.readthedocs.io/en/latest/advanced-usage.html#tls-warnings
  warnings.warn(

2026-10-10 03:56:51.865 87 INFO cinder.volume.manager [None req-8bb772a7-bc6d-4221-a8c0-55c41a1f483e 4bb618e71b4746fda62f3cea553c94c8 744624ffe6954f998392ffadd587c843 - - default default] Deleted volume successfully.
2026-10-10 03:56:52.293 87 INFO cinder.volume.drivers.lightos [None req-2507d2f6-639f-46b5-a703-5c56e21e205f c3e19830a4fb4921afcd3822c7332dd6 92c24b2b12cf4a32ac657c075d76bd06 - - default default] Invoking delete_volume using DELETE url: /api/v2/projects/default/volumes/6129c33e-edef-4737-8f15-cc6b999c00ad?             request.body:  ssl_verify: False
2026-10-10 03:56:52.331 87 WARNING py.warnings [None req-2507d2f6-639f-46b5-a703-5c56e21e205f c3e19830a4fb4921afcd3822c7332dd6 92c24b2b12cf4a32ac657c075d76bd06 - - default default] /var/lib/kolla/venv/lib/python3.12/site-packages/urllib3/connectionpool.py:1110: InsecureRequestWarning: Unverified HTTPS request is being made to host '[LB_IP_ADDRESS]'. Adding certificate verification is strongly advised. See: https://urllib3.readthedocs.io/en/latest/advanced-usage.html#tls-warnings
  warnings.warn(

2026-10-10 03:56:52.359 87 INFO cinder.volume.drivers.lightos [None req-2507d2f6-639f-46b5-a703-5c56e21e205f c3e19830a4fb4921afcd3822c7332dd6 92c24b2b12cf4a32ac657c075d76bd06 - - default default] Invoking get_volume using GET url: /api/v2/projects/default/volumes/6129c33e-edef-4737-8f15-cc6b999c00ad             request.body: {} ssl_verify: False
2026-10-10 03:56:52.407 87 WARNING py.warnings [None req-2507d2f6-639f-46b5-a703-5c56e21e205f c3e19830a4fb4921afcd3822c7332dd6 92c24b2b12cf4a32ac657c075d76bd06 - - default default] /var/lib/kolla/venv/lib/python3.12/site-packages/urllib3/connectionpool.py:1110: InsecureRequestWarning: Unverified HTTPS request is being made to host '[LB_IP_ADDRESS]'. Adding certificate verification is strongly advised. See: https://urllib3.readthedocs.io/en/latest/advanced-usage.html#tls-warnings
  warnings.warn(

2026-10-10 03:56:52.550 87 INFO cinder.volume.manager [None req-2507d2f6-639f-46b5-a703-5c56e21e205f c3e19830a4fb4921afcd3822c7332dd6 92c24b2b12cf4a32ac657c075d76bd06 - - default default] Deleted volume successfully.
2026-10-10 03:56:53.403 87 INFO cinder.volume.flows.manager.create_volume [None req-bd7c5f20-994f-40d6-a324-b2fe12212f9f 4bb618e71b4746fda62f3cea553c94c8 744624ffe6954f998392ffadd587c843 - - - -] Volume 488b334c-b255-4d8f-ae3a-99db6038d117: being created as raw with specification: {'status': 'creating', 'volume_name': 'vol_488b334c-b255-4d8f-ae3a-99db6038d117', 'volume_size': 1}
2026-10-10 03:56:53.403 87 INFO cinder.volume.drivers.lightos [None req-bd7c5f20-994f-40d6-a324-b2fe12212f9f 4bb618e71b4746fda62f3cea553c94c8 744624ffe6954f998392ffadd587c843 - - - -] Invoking get_volume_by_name using GET url: /api/v2/projects/default/volumes/?name=vol_488b334c-b255-4d8f-ae3a-99db6038d117             request.body: {} ssl_verify: False
2026-10-10 03:56:53.439 87 WARNING py.warnings [None req-bd7c5f20-994f-40d6-a324-b2fe12212f9f 4bb618e71b4746fda62f3cea553c94c8 744624ffe6954f998392ffadd587c843 - - - -] /var/lib/kolla/venv/lib/python3.12/site-packages/urllib3/connectionpool.py:1110: InsecureRequestWarning: Unverified HTTPS request is being made to host '[LB_IP_ADDRESS]'. Adding certificate verification is strongly advised. See: https://urllib3.readthedocs.io/en/latest/advanced-usage.html#tls-warnings
  warnings.warn(

2026-10-10 03:56:53.452 87 INFO cinder.volume.drivers.lightos [None req-bd7c5f20-994f-40d6-a324-b2fe12212f9f 4bb618e71b4746fda62f3cea553c94c8 744624ffe6954f998392ffadd587c843 - - - -] Invoking create_volume using POST url: /api/v2/projects/default/volumes             request.body: {'name': 'vol_488b334c-b255-4d8f-ae3a-99db6038d117', 'size': '1 gib', 'replicaCount': '3', 'compression': 'False', 'acl': {'values': ['ALLOW_NONE']}, 'IPAcl': {'values': ['ALLOW_NONE']}, 'sourceSnapshotUUID': None, 'sourceSnapshotName': None} ssl_verify: False
2026-10-10 03:56:53.497 87 WARNING py.warnings [None req-bd7c5f20-994f-40d6-a324-b2fe12212f9f 4bb618e71b4746fda62f3cea553c94c8 744624ffe6954f998392ffadd587c843 - - - -] /var/lib/kolla/venv/lib/python3.12/site-packages/urllib3/connectionpool.py:1110: InsecureRequestWarning: Unverified HTTPS request is being made to host '[LB_IP_ADDRESS]'. Adding certificate verification is strongly advised. See: https://urllib3.readthedocs.io/en/latest/advanced-usage.html#tls-warnings
  warnings.warn(

2026-10-10 03:56:53.544 87 INFO cinder.volume.drivers.lightos [None req-bd7c5f20-994f-40d6-a324-b2fe12212f9f 4bb618e71b4746fda62f3cea553c94c8 744624ffe6954f998392ffadd587c843 - - - -] Invoking get_volume using GET url: /api/v2/projects/default/volumes/66cc875a-8dd1-4669-aefa-2c80d71797dc             request.body: {} ssl_verify: False
2026-10-10 03:56:53.592 87 WARNING py.warnings [None req-bd7c5f20-994f-40d6-a324-b2fe12212f9f 4bb618e71b4746fda62f3cea553c94c8 744624ffe6954f998392ffadd587c843 - - - -] /var/lib/kolla/venv/lib/python3.12/site-packages/urllib3/connectionpool.py:1110: InsecureRequestWarning: Unverified HTTPS request is being made to host '[LB_IP_ADDRESS]'. Adding certificate verification is strongly advised. See: https://urllib3.readthedocs.io/en/latest/advanced-usage.html#tls-warnings
  warnings.warn(

2026-10-10 03:56:54.607 87 INFO cinder.volume.drivers.lightos [None req-bd7c5f20-994f-40d6-a324-b2fe12212f9f 4bb618e71b4746fda62f3cea553c94c8 744624ffe6954f998392ffadd587c843 - - - -] Invoking get_volume using GET url: /api/v2/projects/default/volumes/66cc875a-8dd1-4669-aefa-2c80d71797dc             request.body: {} ssl_verify: False
2026-10-10 03:56:54.658 87 WARNING py.warnings [None req-bd7c5f20-994f-40d6-a324-b2fe12212f9f 4bb618e71b4746fda62f3cea553c94c8 744624ffe6954f998392ffadd587c843 - - - -] /var/lib/kolla/venv/lib/python3.12/site-packages/urllib3/connectionpool.py:1110: InsecureRequestWarning: Unverified HTTPS request is being made to host '[LB_IP_ADDRESS]'. Adding certificate verification is strongly advised. See: https://urllib3.readthedocs.io/en/latest/advanced-usage.html#tls-warnings
  warnings.warn(

2026-10-10 03:56:54.693 87 INFO cinder.volume.flows.manager.create_volume [None req-bd7c5f20-994f-40d6-a324-b2fe12212f9f 4bb618e71b4746fda62f3cea553c94c8 744624ffe6954f998392ffadd587c843 - - - -] Volume vol_488b334c-b255-4d8f-ae3a-99db6038d117 (488b334c-b255-4d8f-ae3a-99db6038d117): created successfully
2026-10-10 03:56:54.703 87 INFO cinder.volume.manager [None req-bd7c5f20-994f-40d6-a324-b2fe12212f9f 4bb618e71b4746fda62f3cea553c94c8 744624ffe6954f998392ffadd587c843 - - - -] Created volume successfully.
2026-10-10 03:56:55.686 87 INFO cinder.volume.drivers.lightos [None req-b8f62120-a33d-42a6-91aa-7ee7591349ff 4bb618e71b4746fda62f3cea553c94c8 744624ffe6954f998392ffadd587c843 - - - -] Invoking get_snapshot_by_name using GET url: /api/v2/projects/default/snapshots/?Name=snapshot-08ae1714-5cc4-49b4-9575-a950c47b4f71             request.body: {} ssl_verify: False
2026-10-10 03:56:55.720 87 WARNING py.warnings [None req-b8f62120-a33d-42a6-91aa-7ee7591349ff 4bb618e71b4746fda62f3cea553c94c8 744624ffe6954f998392ffadd587c843 - - - -] /var/lib/kolla/venv/lib/python3.12/site-packages/urllib3/connectionpool.py:1110: InsecureRequestWarning: Unverified HTTPS request is being made to host '[LB_IP_ADDRESS]'. Adding certificate verification is strongly advised. See: https://urllib3.readthedocs.io/en/latest/advanced-usage.html#tls-warnings
  warnings.warn(

2026-10-10 03:56:55.732 87 INFO cinder.volume.drivers.lightos [None req-b8f62120-a33d-42a6-91aa-7ee7591349ff 4bb618e71b4746fda62f3cea553c94c8 744624ffe6954f998392ffadd587c843 - - - -] Invoking create_snapshot using POST url: /api/v2/projects/default/snapshots             request.body: {'name': 'snapshot-08ae1714-5cc4-49b4-9575-a950c47b4f71', 'sourceVolumeUUID': None, 'sourceVolumeName': 'vol_488b334c-b255-4d8f-ae3a-99db6038d117'} ssl_verify: False
2026-10-10 03:56:55.768 87 WARNING py.warnings [None req-b8f62120-a33d-42a6-91aa-7ee7591349ff 4bb618e71b4746fda62f3cea553c94c8 744624ffe6954f998392ffadd587c843 - - - -] /var/lib/kolla/venv/lib/python3.12/site-packages/urllib3/connectionpool.py:1110: InsecureRequestWarning: Unverified HTTPS request is being made to host '[LB_IP_ADDRESS]'. Adding certificate verification is strongly advised. See: https://urllib3.readthedocs.io/en/latest/advanced-usage.html#tls-warnings
  warnings.warn(

2026-10-10 03:56:55.797 87 INFO cinder.volume.flows.manager.create_volume [None req-3ade4fa2-5c2a-471f-9069-5253b50aa381 ae6f6e6b7c754b4cb14cbe9aa62f35b6 705691b909b14f299846ff6a2d589579 - - - -] Volume 4f6eae6d-4724-4572-8022-ddfc418546b4: being created as raw with specification: {'status': 'creating', 'volume_name': 'vol_4f6eae6d-4724-4572-8022-ddfc418546b4', 'volume_size': 2}
2026-10-10 03:56:55.797 87 INFO cinder.volume.drivers.lightos [None req-3ade4fa2-5c2a-471f-9069-5253b50aa381 ae6f6e6b7c754b4cb14cbe9aa62f35b6 705691b909b14f299846ff6a2d589579 - - - -] Invoking get_volume_by_name using GET url: /api/v2/projects/default/volumes/?name=vol_4f6eae6d-4724-4572-8022-ddfc418546b4             request.body: {} ssl_verify: False
2026-10-10 03:56:55.829 87 WARNING py.warnings [None req-3ade4fa2-5c2a-471f-9069-5253b50aa381 ae6f6e6b7c754b4cb14cbe9aa62f35b6 705691b909b14f299846ff6a2d589579 - - - -] /var/lib/kolla/venv/lib/python3.12/site-packages/urllib3/connectionpool.py:1110: InsecureRequestWarning: Unverified HTTPS request is being made to host '[LB_IP_ADDRESS]'. Adding certificate verification is strongly advised. See: https://urllib3.readthedocs.io/en/latest/advanced-usage.html#tls-warnings
  warnings.warn(

2026-10-10 03:56:55.836 87 INFO cinder.volume.drivers.lightos [None req-3ade4fa2-5c2a-471f-9069-5253b50aa381 ae6f6e6b7c754b4cb14cbe9aa62f35b6 705691b909b14f299846ff6a2d589579 - - - -] Invoking create_volume using POST url: /api/v2/projects/default/volumes             request.body: {'name': 'vol_4f6eae6d-4724-4572-8022-ddfc418546b4', 'size': '2 gib', 'replicaCount': '3', 'compression': 'False', 'acl': {'values': ['ALLOW_NONE']}, 'IPAcl': {'values': ['ALLOW_NONE']}, 'sourceSnapshotUUID': None, 'sourceSnapshotName': None} ssl_verify: False
2026-10-10 03:56:55.867 87 WARNING py.warnings [None req-3ade4fa2-5c2a-471f-9069-5253b50aa381 ae6f6e6b7c754b4cb14cbe9aa62f35b6 705691b909b14f299846ff6a2d589579 - - - -] /var/lib/kolla/venv/lib/python3.12/site-packages/urllib3/connectionpool.py:1110: InsecureRequestWarning: Unverified HTTPS request is being made to host '[LB_IP_ADDRESS]'. Adding certificate verification is strongly advised. See: https://urllib3.readthedocs.io/en/latest/advanced-usage.html#tls-warnings
  warnings.warn(

2026-10-10 03:56:55.898 87 INFO cinder.volume.drivers.lightos [None req-3ade4fa2-5c2a-471f-9069-5253b50aa381 ae6f6e6b7c754b4cb14cbe9aa62f35b6 705691b909b14f299846ff6a2d589579 - - - -] Invoking get_volume using GET url: /api/v2/projects/default/volumes/fe49faec-8fa8-4c64-9d5c-58f88d6998de             request.body: {} ssl_verify: False
2026-10-10 03:56:55.936 87 INFO cinder.volume.drivers.lightos [None req-b8f62120-a33d-42a6-91aa-7ee7591349ff 4bb618e71b4746fda62f3cea553c94c8 744624ffe6954f998392ffadd587c843 - - - -] Invoking get_snapshot_by_name using GET url: /api/v2/projects/default/snapshots/?Name=snapshot-08ae1714-5cc4-49b4-9575-a950c47b4f71             request.body: {} ssl_verify: False
2026-10-10 03:56:55.964 87 WARNING py.warnings [None req-3ade4fa2-5c2a-471f-9069-5253b50aa381 ae6f6e6b7c754b4cb14cbe9aa62f35b6 705691b909b14f299846ff6a2d589579 - - - -] /var/lib/kolla/venv/lib/python3.12/site-packages/urllib3/connectionpool.py:1110: InsecureRequestWarning: Unverified HTTPS request is being made to host '[LB_IP_ADDRESS]'. Adding certificate verification is strongly advised. See: https://urllib3.readthedocs.io/en/latest/advanced-usage.html#tls-warnings
  warnings.warn(

2026-10-10 03:56:55.969 87 WARNING py.warnings [None req-b8f62120-a33d-42a6-91aa-7ee7591349ff 4bb618e71b4746fda62f3cea553c94c8 744624ffe6954f998392ffadd587c843 - - - -] /var/lib/kolla/venv/lib/python3.12/site-packages/urllib3/connectionpool.py:1110: InsecureRequestWarning: Unverified HTTPS request is being made to host '[LB_IP_ADDRESS]'. Adding certificate verification is strongly advised. See: https://urllib3.readthedocs.io/en/latest/advanced-usage.html#tls-warnings
  warnings.warn(

2026-10-10 03:56:56.521 87 INFO cinder.volume.flows.manager.create_volume [None req-b3d6c8a0-f875-44f1-b27c-51deaecd0450 29516c943455424fac497955955c1bb0 570c6b610a68464f9441728d1b3a3941 - - - -] Volume 25b2997b-4bce-4c0a-a8d8-e6258b250b22: being created as raw with specification: {'status': 'creating', 'volume_name': 'vol_25b2997b-4bce-4c0a-a8d8-e6258b250b22', 'volume_size': 1}
2026-10-10 03:56:56.521 87 INFO cinder.volume.drivers.lightos [None req-b3d6c8a0-f875-44f1-b27c-51deaecd0450 29516c943455424fac497955955c1bb0 570c6b610a68464f9441728d1b3a3941 - - - -] Invoking get_volume_by_name using GET url: /api/v2/projects/default/volumes/?name=vol_25b2997b-4bce-4c0a-a8d8-e6258b250b22             request.body: {} ssl_verify: False
2026-10-10 03:56:56.557 87 WARNING py.warnings [None req-b3d6c8a0-f875-44f1-b27c-51deaecd0450 29516c943455424fac497955955c1bb0 570c6b610a68464f9441728d1b3a3941 - - - -] /var/lib/kolla/venv/lib/python3.12/site-packages/urllib3/connectionpool.py:1110: InsecureRequestWarning: Unverified HTTPS request is being made to host '[LB_IP_ADDRESS]'. Adding certificate verification is strongly advised. See: https://urllib3.readthedocs.io/en/latest/advanced-usage.html#tls-warnings
  warnings.warn(

2026-10-10 03:56:56.566 87 INFO cinder.volume.drivers.lightos [None req-b3d6c8a0-f875-44f1-b27c-51deaecd0450 29516c943455424fac497955955c1bb0 570c6b610a68464f9441728d1b3a3941 - - - -] Invoking create_volume using POST url: /api/v2/projects/default/volumes             request.body: {'name': 'vol_25b2997b-4bce-4c0a-a8d8-e6258b250b22', 'size': '1 gib', 'replicaCount': '3', 'compression': 'False', 'acl': {'values': ['ALLOW_NONE']}, 'IPAcl': {'values': ['ALLOW_NONE']}, 'sourceSnapshotUUID': None, 'sourceSnapshotName': None} ssl_verify: False
2026-10-10 03:56:56.603 87 WARNING py.warnings [None req-b3d6c8a0-f875-44f1-b27c-51deaecd0450 29516c943455424fac497955955c1bb0 570c6b610a68464f9441728d1b3a3941 - - - -] /var/lib/kolla/venv/lib/python3.12/site-packages/urllib3/connectionpool.py:1110: InsecureRequestWarning: Unverified HTTPS request is being made to host '[LB_IP_ADDRESS]'. Adding certificate verification is strongly advised. See: https://urllib3.readthedocs.io/en/latest/advanced-usage.html#tls-warnings
  warnings.warn(

2026-10-10 03:56:56.631 87 INFO cinder.volume.drivers.lightos [None req-b3d6c8a0-f875-44f1-b27c-51deaecd0450 29516c943455424fac497955955c1bb0 570c6b610a68464f9441728d1b3a3941 - - - -] Invoking get_volume using GET url: /api/v2/projects/default/volumes/e06346f4-cee9-4e81-b607-1ca8d5c66332             request.body: {} ssl_verify: False
2026-10-10 03:56:56.689 87 WARNING py.warnings [None req-b3d6c8a0-f875-44f1-b27c-51deaecd0450 29516c943455424fac497955955c1bb0 570c6b610a68464f9441728d1b3a3941 - - - -] /var/lib/kolla/venv/lib/python3.12/site-packages/urllib3/connectionpool.py:1110: InsecureRequestWarning: Unverified HTTPS request is being made to host '[LB_IP_ADDRESS]'. Adding certificate verification is strongly advised. See: https://urllib3.readthedocs.io/en/latest/advanced-usage.html#tls-warnings
  warnings.warn(

2026-10-10 03:56:56.722 87 INFO cinder.volume.flows.manager.create_volume [None req-b3d6c8a0-f875-44f1-b27c-51deaecd0450 29516c943455424fac497955955c1bb0 570c6b610a68464f9441728d1b3a3941 - - - -] Volume vol_25b2997b-4bce-4c0a-a8d8-e6258b250b22 (25b2997b-4bce-4c0a-a8d8-e6258b250b22): created successfully
2026-10-10 03:56:56.729 87 INFO cinder.volume.manager [None req-b3d6c8a0-f875-44f1-b27c-51deaecd0450 29516c943455424fac497955955c1bb0 570c6b610a68464f9441728d1b3a3941 - - - -] Created volume successfully.
2026-10-10 03:56:56.988 87 INFO cinder.volume.drivers.lightos [None req-3ade4fa2-5c2a-471f-9069-5253b50aa381 ae6f6e6b7c754b4cb14cbe9aa62f35b6 705691b909b14f299846ff6a2d589579 - - - -] Invoking get_volume using GET url: /api/v2/projects/default/volumes/fe49faec-8fa8-4c64-9d5c-58f88d6998de             request.body: {} ssl_verify: False
2026-10-10 03:56:57.027 87 INFO cinder.volume.drivers.lightos [None req-b8f62120-a33d-42a6-91aa-7ee7591349ff 4bb618e71b4746fda62f3cea553c94c8 744624ffe6954f998392ffadd587c843 - - - -] Invoking get_snapshot_by_name using GET url: /api/v2/projects/default/snapshots/?Name=snapshot-08ae1714-5cc4-49b4-9575-a950c47b4f71             request.body: {} ssl_verify: False
2026-10-10 03:56:57.054 87 WARNING py.warnings [None req-3ade4fa2-5c2a-471f-9069-5253b50aa381 ae6f6e6b7c754b4cb14cbe9aa62f35b6 705691b909b14f299846ff6a2d589579 - - - -] /var/lib/kolla/venv/lib/python3.12/site-packages/urllib3/connectionpool.py:1110: InsecureRequestWarning: Unverified HTTPS request is being made to host '[LB_IP_ADDRESS]'. Adding certificate verification is strongly advised. See: https://urllib3.readthedocs.io/en/latest/advanced-usage.html#tls-warnings
  warnings.warn(

2026-10-10 03:56:57.063 87 WARNING py.warnings [None req-b8f62120-a33d-42a6-91aa-7ee7591349ff 4bb618e71b4746fda62f3cea553c94c8 744624ffe6954f998392ffadd587c843 - - - -] /var/lib/kolla/venv/lib/python3.12/site-packages/urllib3/connectionpool.py:1110: InsecureRequestWarning: Unverified HTTPS request is being made to host '[LB_IP_ADDRESS]'. Adding certificate verification is strongly advised. See: https://urllib3.readthedocs.io/en/latest/advanced-usage.html#tls-warnings
  warnings.warn(

2026-10-10 03:56:57.166 87 INFO cinder.volume.flows.manager.create_volume [None req-3ade4fa2-5c2a-471f-9069-5253b50aa381 ae6f6e6b7c754b4cb14cbe9aa62f35b6 705691b909b14f299846ff6a2d589579 - - - -] Volume vol_4f6eae6d-4724-4572-8022-ddfc418546b4 (4f6eae6d-4724-4572-8022-ddfc418546b4): created successfully
2026-10-10 03:56:57.171 87 INFO cinder.volume.manager [None req-b8f62120-a33d-42a6-91aa-7ee7591349ff 4bb618e71b4746fda62f3cea553c94c8 744624ffe6954f998392ffadd587c843 - - - -] Create snapshot completed successfully
2026-10-10 03:56:57.174 87 INFO cinder.volume.manager [None req-3ade4fa2-5c2a-471f-9069-5253b50aa381 ae6f6e6b7c754b4cb14cbe9aa62f35b6 705691b909b14f299846ff6a2d589579 - - - -] Created volume successfully.
2026-10-10 03:56:57.973 87 INFO cinder.volume.drivers.lightos [None req-6112903e-fe3a-42f6-a684-693e56183a79 4bb618e71b4746fda62f3cea553c94c8 744624ffe6954f998392ffadd587c843 - - - -] Invoking get_volume_by_name using GET url: /api/v2/projects/default/volumes/?name=vol_488b334c-b255-4d8f-ae3a-99db6038d117             request.body: {} ssl_verify: False
2026-10-10 03:56:58.017 87 WARNING py.warnings [None req-6112903e-fe3a-42f6-a684-693e56183a79 4bb618e71b4746fda62f3cea553c94c8 744624ffe6954f998392ffadd587c843 - - - -] /var/lib/kolla/venv/lib/python3.12/site-packages/urllib3/connectionpool.py:1110: InsecureRequestWarning: Unverified HTTPS request is being made to host '[LB_IP_ADDRESS]'. Adding certificate verification is strongly advised. See: https://urllib3.readthedocs.io/en/latest/advanced-usage.html#tls-warnings
  warnings.warn(

2026-10-10 03:56:58.032 87 INFO cinder.volume.drivers.lightos [None req-6112903e-fe3a-42f6-a684-693e56183a79 4bb618e71b4746fda62f3cea553c94c8 744624ffe6954f998392ffadd587c843 - - - -] Invoking extend_volume using PUT url: /api/v2/projects/default/volumes/66cc875a-8dd1-4669-aefa-2c80d71797dc             request.body: {'UUID': '66cc875a-8dd1-4669-aefa-2c80d71797dc', 'size': '2 gib'} ssl_verify: False
2026-10-10 03:56:58.111 87 WARNING py.warnings [None req-6112903e-fe3a-42f6-a684-693e56183a79 4bb618e71b4746fda62f3cea553c94c8 744624ffe6954f998392ffadd587c843 - - - -] /var/lib/kolla/venv/lib/python3.12/site-packages/urllib3/connectionpool.py:1110: InsecureRequestWarning: Unverified HTTPS request is being made to host '[LB_IP_ADDRESS]'. Adding certificate verification is strongly advised. See: https://urllib3.readthedocs.io/en/latest/advanced-usage.html#tls-warnings
  warnings.warn(

2026-10-10 03:56:58.132 87 INFO cinder.volume.drivers.lightos [None req-6112903e-fe3a-42f6-a684-693e56183a79 4bb618e71b4746fda62f3cea553c94c8 744624ffe6954f998392ffadd587c843 - - - -] Successfully extended volume Volume(_name_id=None,admin_metadata={},attach_status='detached',availability_zone='nova',bootable=False,cluster=<?>,cluster_name=None,consistencygroup=<?>,consistencygroup_id=None,created_at=2026-10-10T03:56:53Z,deleted=False,deleted_at=None,display_description=None,display_name='tempest-VolumesExtendTest-Volume-1928333013',ec2_id=None,encryption_key_id=None,glance_metadata={},group=<?>,group_id=None,host='rack11-server81@LIGHTOSvemhmp#vemhmp',id=488b334c-b255-4d8f-ae3a-99db6038d117,launched_at=2026-10-10T03:56:54Z,metadata={},migration_status=None,multiattach=False,previous_status='available',project_id='744624ffe6954f998392ffadd587c843',provider_auth=None,provider_geometry=None,provider_id='default 66cc875a-8dd1-4669-aefa-2c80d71797dc',provider_location=None,replication_driver_data=None,replication_extended_status=None,replication_status=None,scheduled_at=2026-10-10T03:56:53Z,service_uuid='a94f8f8b-b6eb-4baa-8155-8e7f9daed813',shared_targets=False,size=1,snapshot_id=None,snapshots=<?>,source_volid=None,status='extending',terminated_at=None,updated_at=2026-10-10T03:56:54Z,use_quota=True,user_id='4bb618e71b4746fda62f3cea553c94c8',volume_attachment=VolumeAttachmentList,volume_type=VolumeType(9e33a27f-87a7-47ac-9d72-59abacd63e10),volume_type_id=9e33a27f-87a7-47ac-9d72-59abacd63e10) project default size:2
2026-10-10 03:56:58.145 87 INFO cinder.volume.flows.manager.create_volume [None req-4b2aa981-b561-4ad7-aaad-580edf6c3dfa 29516c943455424fac497955955c1bb0 570c6b610a68464f9441728d1b3a3941 - - - -] Volume 31bdffb2-986a-45b4-a6b4-573e61a5536d: being created as raw with specification: {'status': 'creating', 'volume_name': 'vol_31bdffb2-986a-45b4-a6b4-573e61a5536d', 'volume_size': 1}
2026-10-10 03:56:58.146 87 INFO cinder.volume.drivers.lightos [None req-4b2aa981-b561-4ad7-aaad-580edf6c3dfa 29516c943455424fac497955955c1bb0 570c6b610a68464f9441728d1b3a3941 - - - -] Invoking get_volume_by_name using GET url: /api/v2/projects/default/volumes/?name=vol_31bdffb2-986a-45b4-a6b4-573e61a5536d             request.body: {} ssl_verify: False
2026-10-10 03:56:58.177 87 WARNING py.warnings [None req-4b2aa981-b561-4ad7-aaad-580edf6c3dfa 29516c943455424fac497955955c1bb0 570c6b610a68464f9441728d1b3a3941 - - - -] /var/lib/kolla/venv/lib/python3.12/site-packages/urllib3/connectionpool.py:1110: InsecureRequestWarning: Unverified HTTPS request is being made to host '[LB_IP_ADDRESS]'. Adding certificate verification is strongly advised. See: https://urllib3.readthedocs.io/en/latest/advanced-usage.html#tls-warnings
  warnings.warn(

2026-10-10 03:56:58.183 87 INFO cinder.volume.drivers.lightos [None req-4b2aa981-b561-4ad7-aaad-580edf6c3dfa 29516c943455424fac497955955c1bb0 570c6b610a68464f9441728d1b3a3941 - - - -] Invoking create_volume using POST url: /api/v2/projects/default/volumes             request.body: {'name': 'vol_31bdffb2-986a-45b4-a6b4-573e61a5536d', 'size': '1 gib', 'replicaCount': '3', 'compression': 'False', 'acl': {'values': ['ALLOW_NONE']}, 'IPAcl': {'values': ['ALLOW_NONE']}, 'sourceSnapshotUUID': None, 'sourceSnapshotName': None} ssl_verify: False
2026-10-10 03:56:58.215 87 WARNING py.warnings [None req-4b2aa981-b561-4ad7-aaad-580edf6c3dfa 29516c943455424fac497955955c1bb0 570c6b610a68464f9441728d1b3a3941 - - - -] /var/lib/kolla/venv/lib/python3.12/site-packages/urllib3/connectionpool.py:1110: InsecureRequestWarning: Unverified HTTPS request is being made to host '[LB_IP_ADDRESS]'. Adding certificate verification is strongly advised. See: https://urllib3.readthedocs.io/en/latest/advanced-usage.html#tls-warnings
  warnings.warn(

2026-10-10 03:56:58.221 87 INFO cinder.volume.manager [None req-6112903e-fe3a-42f6-a684-693e56183a79 4bb618e71b4746fda62f3cea553c94c8 744624ffe6954f998392ffadd587c843 - - - -] Extend volume completed successfully.
2026-10-10 03:56:58.240 87 INFO cinder.volume.drivers.lightos [None req-4b2aa981-b561-4ad7-aaad-580edf6c3dfa 29516c943455424fac497955955c1bb0 570c6b610a68464f9441728d1b3a3941 - - - -] Invoking get_volume using GET url: /api/v2/projects/default/volumes/32f14f97-8b1a-4fe0-a928-71b773381171             request.body: {} ssl_verify: False
2026-10-10 03:56:58.288 87 WARNING py.warnings [None req-4b2aa981-b561-4ad7-aaad-580edf6c3dfa 29516c943455424fac497955955c1bb0 570c6b610a68464f9441728d1b3a3941 - - - -] /var/lib/kolla/venv/lib/python3.12/site-packages/urllib3/connectionpool.py:1110: InsecureRequestWarning: Unverified HTTPS request is being made to host '[LB_IP_ADDRESS]'. Adding certificate verification is strongly advised. See: https://urllib3.readthedocs.io/en/latest/advanced-usage.html#tls-warnings
  warnings.warn(

2026-10-10 03:56:58.297 87 INFO cinder.volume.drivers.lightos [None req-5047c3ef-b36e-4de6-aebd-6ef504e187a9 ae6f6e6b7c754b4cb14cbe9aa62f35b6 705691b909b14f299846ff6a2d589579 - - - -] Invoking get_snapshot_by_name using GET url: /api/v2/projects/default/snapshots/?Name=snapshot-08d9a1f4-c7a0-4d7f-afd2-4c15f2cc6edf             request.body: {} ssl_verify: False
2026-10-10 03:56:58.331 87 WARNING py.warnings [None req-5047c3ef-b36e-4de6-aebd-6ef504e187a9 ae6f6e6b7c754b4cb14cbe9aa62f35b6 705691b909b14f299846ff6a2d589579 - - - -] /var/lib/kolla/venv/lib/python3.12/site-packages/urllib3/connectionpool.py:1110: InsecureRequestWarning: Unverified HTTPS request is being made to host '[LB_IP_ADDRESS]'. Adding certificate verification is strongly advised. See: https://urllib3.readthedocs.io/en/latest/advanced-usage.html#tls-warnings
  warnings.warn(

2026-10-10 03:56:58.338 87 INFO cinder.volume.drivers.lightos [None req-5047c3ef-b36e-4de6-aebd-6ef504e187a9 ae6f6e6b7c754b4cb14cbe9aa62f35b6 705691b909b14f299846ff6a2d589579 - - - -] Invoking create_snapshot using POST url: /api/v2/projects/default/snapshots             request.body: {'name': 'snapshot-08d9a1f4-c7a0-4d7f-afd2-4c15f2cc6edf', 'sourceVolumeUUID': None, 'sourceVolumeName': 'vol_4f6eae6d-4724-4572-8022-ddfc418546b4'} ssl_verify: False
2026-10-10 03:56:58.373 87 WARNING py.warnings [None req-5047c3ef-b36e-4de6-aebd-6ef504e187a9 ae6f6e6b7c754b4cb14cbe9aa62f35b6 705691b909b14f299846ff6a2d589579 - - - -] /var/lib/kolla/venv/lib/python3.12/site-packages/urllib3/connectionpool.py:1110: InsecureRequestWarning: Unverified HTTPS request is being made to host '[LB_IP_ADDRESS]'. Adding certificate verification is strongly advised. See: https://urllib3.readthedocs.io/en/latest/advanced-usage.html#tls-warnings
  warnings.warn(

2026-10-10 03:56:58.402 87 INFO cinder.volume.drivers.lightos [None req-5047c3ef-b36e-4de6-aebd-6ef504e187a9 ae6f6e6b7c754b4cb14cbe9aa62f35b6 705691b909b14f299846ff6a2d589579 - - - -] Invoking get_snapshot_by_name using GET url: /api/v2/projects/default/snapshots/?Name=snapshot-08d9a1f4-c7a0-4d7f-afd2-4c15f2cc6edf             request.body: {} ssl_verify: False
2026-10-10 03:56:58.455 87 WARNING py.warnings [None req-5047c3ef-b36e-4de6-aebd-6ef504e187a9 ae6f6e6b7c754b4cb14cbe9aa62f35b6 705691b909b14f299846ff6a2d589579 - - - -] /var/lib/kolla/venv/lib/python3.12/site-packages/urllib3/connectionpool.py:1110: InsecureRequestWarning: Unverified HTTPS request is being made to host '[LB_IP_ADDRESS]'. Adding certificate verification is strongly advised. See: https://urllib3.readthedocs.io/en/latest/advanced-usage.html#tls-warnings
  warnings.warn(

2026-10-10 03:56:59.159 87 INFO cinder.volume.drivers.lightos [None req-50eeedd0-d573-44cd-bb8b-64144b1791ea 4bb618e71b4746fda62f3cea553c94c8 744624ffe6954f998392ffadd587c843 - - default default] Invoking get_snapshot_by_name using GET url: /api/v2/projects/default/snapshots/?Name=snapshot-08ae1714-5cc4-49b4-9575-a950c47b4f71             request.body: {} ssl_verify: False
2026-10-10 03:56:59.200 87 WARNING py.warnings [None req-50eeedd0-d573-44cd-bb8b-64144b1791ea 4bb618e71b4746fda62f3cea553c94c8 744624ffe6954f998392ffadd587c843 - - default default] /var/lib/kolla/venv/lib/python3.12/site-packages/urllib3/connectionpool.py:1110: InsecureRequestWarning: Unverified HTTPS request is being made to host '[LB_IP_ADDRESS]'. Adding certificate verification is strongly advised. See: https://urllib3.readthedocs.io/en/latest/advanced-usage.html#tls-warnings
  warnings.warn(

2026-10-10 03:56:59.228 87 INFO cinder.volume.drivers.lightos [None req-50eeedd0-d573-44cd-bb8b-64144b1791ea 4bb618e71b4746fda62f3cea553c94c8 744624ffe6954f998392ffadd587c843 - - default default] Invoking delete_snapshot using DELETE url: /api/v2/projects/default/snapshots/5a945f52-e1bf-4949-ba0a-04e9da2c495b?             request.body:  ssl_verify: False
2026-10-10 03:56:59.270 87 WARNING py.warnings [None req-50eeedd0-d573-44cd-bb8b-64144b1791ea 4bb618e71b4746fda62f3cea553c94c8 744624ffe6954f998392ffadd587c843 - - default default] /var/lib/kolla/venv/lib/python3.12/site-packages/urllib3/connectionpool.py:1110: InsecureRequestWarning: Unverified HTTPS request is being made to host '[LB_IP_ADDRESS]'. Adding certificate verification is strongly advised. See: https://urllib3.readthedocs.io/en/latest/advanced-usage.html#tls-warnings
  warnings.warn(

2026-10-10 03:56:59.292 87 INFO cinder.volume.drivers.lightos [None req-50eeedd0-d573-44cd-bb8b-64144b1791ea 4bb618e71b4746fda62f3cea553c94c8 744624ffe6954f998392ffadd587c843 - - default default] Invoking get_snapshot using GET url: /api/v2/projects/default/snapshots/5a945f52-e1bf-4949-ba0a-04e9da2c495b             request.body: {} ssl_verify: False
2026-10-10 03:56:59.328 87 INFO cinder.volume.drivers.lightos [None req-4b2aa981-b561-4ad7-aaad-580edf6c3dfa 29516c943455424fac497955955c1bb0 570c6b610a68464f9441728d1b3a3941 - - - -] Invoking get_volume using GET url: /api/v2/projects/default/volumes/32f14f97-8b1a-4fe0-a928-71b773381171             request.body: {} ssl_verify: False
2026-10-10 03:56:59.356 87 WARNING py.warnings [None req-50eeedd0-d573-44cd-bb8b-64144b1791ea 4bb618e71b4746fda62f3cea553c94c8 744624ffe6954f998392ffadd587c843 - - default default] /var/lib/kolla/venv/lib/python3.12/site-packages/urllib3/connectionpool.py:1110: InsecureRequestWarning: Unverified HTTPS request is being made to host '[LB_IP_ADDRESS]'. Adding certificate verification is strongly advised. See: https://urllib3.readthedocs.io/en/latest/advanced-usage.html#tls-warnings
  warnings.warn(

2026-10-10 03:56:59.365 87 WARNING py.warnings [None req-4b2aa981-b561-4ad7-aaad-580edf6c3dfa 29516c943455424fac497955955c1bb0 570c6b610a68464f9441728d1b3a3941 - - - -] /var/lib/kolla/venv/lib/python3.12/site-packages/urllib3/connectionpool.py:1110: InsecureRequestWarning: Unverified HTTPS request is being made to host '[LB_IP_ADDRESS]'. Adding certificate verification is strongly advised. See: https://urllib3.readthedocs.io/en/latest/advanced-usage.html#tls-warnings
  warnings.warn(

2026-10-10 03:56:59.451 87 INFO cinder.volume.flows.manager.create_volume [None req-4b2aa981-b561-4ad7-aaad-580edf6c3dfa 29516c943455424fac497955955c1bb0 570c6b610a68464f9441728d1b3a3941 - - - -] Volume vol_31bdffb2-986a-45b4-a6b4-573e61a5536d (31bdffb2-986a-45b4-a6b4-573e61a5536d): created successfully
2026-10-10 03:56:59.460 87 INFO cinder.volume.manager [None req-4b2aa981-b561-4ad7-aaad-580edf6c3dfa 29516c943455424fac497955955c1bb0 570c6b610a68464f9441728d1b3a3941 - - - -] Created volume successfully.
2026-10-10 03:56:59.500 87 INFO cinder.volume.drivers.lightos [None req-5047c3ef-b36e-4de6-aebd-6ef504e187a9 ae6f6e6b7c754b4cb14cbe9aa62f35b6 705691b909b14f299846ff6a2d589579 - - - -] Invoking get_snapshot_by_name using GET url: /api/v2/projects/default/snapshots/?Name=snapshot-08d9a1f4-c7a0-4d7f-afd2-4c15f2cc6edf             request.body: {} ssl_verify: False
2026-10-10 03:56:59.535 87 WARNING py.warnings [None req-5047c3ef-b36e-4de6-aebd-6ef504e187a9 ae6f6e6b7c754b4cb14cbe9aa62f35b6 705691b909b14f299846ff6a2d589579 - - - -] /var/lib/kolla/venv/lib/python3.12/site-packages/urllib3/connectionpool.py:1110: InsecureRequestWarning: Unverified HTTPS request is being made to host '[LB_IP_ADDRESS]'. Adding certificate verification is strongly advised. See: https://urllib3.readthedocs.io/en/latest/advanced-usage.html#tls-warnings
  warnings.warn(

2026-10-10 03:56:59.563 87 INFO cinder.volume.manager [None req-5047c3ef-b36e-4de6-aebd-6ef504e187a9 ae6f6e6b7c754b4cb14cbe9aa62f35b6 705691b909b14f299846ff6a2d589579 - - - -] Create snapshot completed successfully
2026-10-10 03:56:59.573 87 INFO cinder.volume.manager [None req-50eeedd0-d573-44cd-bb8b-64144b1791ea 4bb618e71b4746fda62f3cea553c94c8 744624ffe6954f998392ffadd587c843 - - default default] Delete snapshot completed successfully.
2026-10-10 03:57:00.339 87 INFO cinder.volume.drivers.lightos [None req-b5d002f3-1df8-4b69-b373-7d5ac549b208 4bb618e71b4746fda62f3cea553c94c8 744624ffe6954f998392ffadd587c843 - - default default] Invoking delete_volume using DELETE url: /api/v2/projects/default/volumes/66cc875a-8dd1-4669-aefa-2c80d71797dc?             request.body:  ssl_verify: False
2026-10-10 03:57:00.377 87 WARNING py.warnings [None req-b5d002f3-1df8-4b69-b373-7d5ac549b208 4bb618e71b4746fda62f3cea553c94c8 744624ffe6954f998392ffadd587c843 - - default default] /var/lib/kolla/venv/lib/python3.12/site-packages/urllib3/connectionpool.py:1110: InsecureRequestWarning: Unverified HTTPS request is being made to host '[LB_IP_ADDRESS]'. Adding certificate verification is strongly advised. See: https://urllib3.readthedocs.io/en/latest/advanced-usage.html#tls-warnings
  warnings.warn(

2026-10-10 03:57:00.408 87 INFO cinder.volume.drivers.lightos [None req-b5d002f3-1df8-4b69-b373-7d5ac549b208 4bb618e71b4746fda62f3cea553c94c8 744624ffe6954f998392ffadd587c843 - - default default] Invoking get_volume using GET url: /api/v2/projects/default/volumes/66cc875a-8dd1-4669-aefa-2c80d71797dc             request.body: {} ssl_verify: False
2026-10-10 03:57:00.466 87 WARNING py.warnings [None req-b5d002f3-1df8-4b69-b373-7d5ac549b208 4bb618e71b4746fda62f3cea553c94c8 744624ffe6954f998392ffadd587c843 - - default default] /var/lib/kolla/venv/lib/python3.12/site-packages/urllib3/connectionpool.py:1110: InsecureRequestWarning: Unverified HTTPS request is being made to host '[LB_IP_ADDRESS]'. Adding certificate verification is strongly advised. See: https://urllib3.readthedocs.io/en/latest/advanced-usage.html#tls-warnings
  warnings.warn(

2026-10-10 03:57:00.476 87 INFO cinder.volume.drivers.lightos [None req-01924558-77e9-46c3-9c10-4f2f9445f39f ae6f6e6b7c754b4cb14cbe9aa62f35b6 705691b909b14f299846ff6a2d589579 - - default default] Invoking get_snapshot_by_name using GET url: /api/v2/projects/default/snapshots/?Name=snapshot-08d9a1f4-c7a0-4d7f-afd2-4c15f2cc6edf             request.body: {} ssl_verify: False
2026-10-10 03:57:00.515 87 WARNING py.warnings [None req-01924558-77e9-46c3-9c10-4f2f9445f39f ae6f6e6b7c754b4cb14cbe9aa62f35b6 705691b909b14f299846ff6a2d589579 - - default default] /var/lib/kolla/venv/lib/python3.12/site-packages/urllib3/connectionpool.py:1110: InsecureRequestWarning: Unverified HTTPS request is being made to host '[LB_IP_ADDRESS]'. Adding certificate verification is strongly advised. See: https://urllib3.readthedocs.io/en/latest/advanced-usage.html#tls-warnings
  warnings.warn(

2026-10-10 03:57:00.524 87 INFO cinder.volume.drivers.lightos [None req-01924558-77e9-46c3-9c10-4f2f9445f39f ae6f6e6b7c754b4cb14cbe9aa62f35b6 705691b909b14f299846ff6a2d589579 - - default default] Invoking delete_snapshot using DELETE url: /api/v2/projects/default/snapshots/040598a9-631a-487b-b298-f4e945387efd?             request.body:  ssl_verify: False
2026-10-10 03:57:00.559 87 WARNING py.warnings [None req-01924558-77e9-46c3-9c10-4f2f9445f39f ae6f6e6b7c754b4cb14cbe9aa62f35b6 705691b909b14f299846ff6a2d589579 - - default default] /var/lib/kolla/venv/lib/python3.12/site-packages/urllib3/connectionpool.py:1110: InsecureRequestWarning: Unverified HTTPS request is being made to host '[LB_IP_ADDRESS]'. Adding certificate verification is strongly advised. See: https://urllib3.readthedocs.io/en/latest/advanced-usage.html#tls-warnings
  warnings.warn(

2026-10-10 03:57:00.611 87 INFO cinder.volume.drivers.lightos [None req-01924558-77e9-46c3-9c10-4f2f9445f39f ae6f6e6b7c754b4cb14cbe9aa62f35b6 705691b909b14f299846ff6a2d589579 - - default default] Invoking get_snapshot using GET url: /api/v2/projects/default/snapshots/040598a9-631a-487b-b298-f4e945387efd             request.body: {} ssl_verify: False
2026-10-10 03:57:00.644 87 WARNING py.warnings [None req-01924558-77e9-46c3-9c10-4f2f9445f39f ae6f6e6b7c754b4cb14cbe9aa62f35b6 705691b909b14f299846ff6a2d589579 - - default default] /var/lib/kolla/venv/lib/python3.12/site-packages/urllib3/connectionpool.py:1110: InsecureRequestWarning: Unverified HTTPS request is being made to host '[LB_IP_ADDRESS]'. Adding certificate verification is strongly advised. See: https://urllib3.readthedocs.io/en/latest/advanced-usage.html#tls-warnings
  warnings.warn(

2026-10-10 03:57:00.690 87 INFO cinder.volume.manager [None req-b5d002f3-1df8-4b69-b373-7d5ac549b208 4bb618e71b4746fda62f3cea553c94c8 744624ffe6954f998392ffadd587c843 - - default default] Deleted volume successfully.
2026-10-10 03:57:00.764 87 INFO cinder.volume.manager [None req-01924558-77e9-46c3-9c10-4f2f9445f39f ae6f6e6b7c754b4cb14cbe9aa62f35b6 705691b909b14f299846ff6a2d589579 - - default default] Delete snapshot completed successfully.
2026-10-10 03:57:00.832 87 INFO cinder.volume.flows.manager.create_volume [None req-dadeb25c-d99a-49a2-a84f-027330b54863 29516c943455424fac497955955c1bb0 570c6b610a68464f9441728d1b3a3941 - - - -] Volume 3248fd24-999c-4b95-a99f-3a2902899072: being created as raw with specification: {'status': 'creating', 'volume_name': 'vol_3248fd24-999c-4b95-a99f-3a2902899072', 'volume_size': 1}
2026-10-10 03:57:00.832 87 INFO cinder.volume.drivers.lightos [None req-dadeb25c-d99a-49a2-a84f-027330b54863 29516c943455424fac497955955c1bb0 570c6b610a68464f9441728d1b3a3941 - - - -] Invoking get_volume_by_name using GET url: /api/v2/projects/default/volumes/?name=vol_3248fd24-999c-4b95-a99f-3a2902899072             request.body: {} ssl_verify: False
2026-10-10 03:57:00.870 87 WARNING py.warnings [None req-dadeb25c-d99a-49a2-a84f-027330b54863 29516c943455424fac497955955c1bb0 570c6b610a68464f9441728d1b3a3941 - - - -] /var/lib/kolla/venv/lib/python3.12/site-packages/urllib3/connectionpool.py:1110: InsecureRequestWarning: Unverified HTTPS request is being made to host '[LB_IP_ADDRESS]'. Adding certificate verification is strongly advised. See: https://urllib3.readthedocs.io/en/latest/advanced-usage.html#tls-warnings
  warnings.warn(

2026-10-10 03:57:00.883 87 INFO cinder.volume.drivers.lightos [None req-dadeb25c-d99a-49a2-a84f-027330b54863 29516c943455424fac497955955c1bb0 570c6b610a68464f9441728d1b3a3941 - - - -] Invoking create_volume using POST url: /api/v2/projects/default/volumes             request.body: {'name': 'vol_3248fd24-999c-4b95-a99f-3a2902899072', 'size': '1 gib', 'replicaCount': '3', 'compression': 'False', 'acl': {'values': ['ALLOW_NONE']}, 'IPAcl': {'values': ['ALLOW_NONE']}, 'sourceSnapshotUUID': None, 'sourceSnapshotName': None} ssl_verify: False
2026-10-10 03:57:00.924 87 WARNING py.warnings [None req-dadeb25c-d99a-49a2-a84f-027330b54863 29516c943455424fac497955955c1bb0 570c6b610a68464f9441728d1b3a3941 - - - -] /var/lib/kolla/venv/lib/python3.12/site-packages/urllib3/connectionpool.py:1110: InsecureRequestWarning: Unverified HTTPS request is being made to host '[LB_IP_ADDRESS]'. Adding certificate verification is strongly advised. See: https://urllib3.readthedocs.io/en/latest/advanced-usage.html#tls-warnings
  warnings.warn(

2026-10-10 03:57:00.952 87 INFO cinder.volume.drivers.lightos [None req-dadeb25c-d99a-49a2-a84f-027330b54863 29516c943455424fac497955955c1bb0 570c6b610a68464f9441728d1b3a3941 - - - -] Invoking get_volume using GET url: /api/v2/projects/default/volumes/c3a24b79-9ae6-4256-a309-60bb0788158c             request.body: {} ssl_verify: False
2026-10-10 03:57:01.009 87 WARNING py.warnings [None req-dadeb25c-d99a-49a2-a84f-027330b54863 29516c943455424fac497955955c1bb0 570c6b610a68464f9441728d1b3a3941 - - - -] /var/lib/kolla/venv/lib/python3.12/site-packages/urllib3/connectionpool.py:1110: InsecureRequestWarning: Unverified HTTPS request is being made to host '[LB_IP_ADDRESS]'. Adding certificate verification is strongly advised. See: https://urllib3.readthedocs.io/en/latest/advanced-usage.html#tls-warnings
  warnings.warn(

2026-10-10 03:57:01.043 87 INFO cinder.volume.flows.manager.create_volume [None req-dadeb25c-d99a-49a2-a84f-027330b54863 29516c943455424fac497955955c1bb0 570c6b610a68464f9441728d1b3a3941 - - - -] Volume vol_3248fd24-999c-4b95-a99f-3a2902899072 (3248fd24-999c-4b95-a99f-3a2902899072): created successfully
2026-10-10 03:57:01.051 87 INFO cinder.volume.manager [None req-dadeb25c-d99a-49a2-a84f-027330b54863 29516c943455424fac497955955c1bb0 570c6b610a68464f9441728d1b3a3941 - - - -] Created volume successfully.
2026-10-10 03:57:01.654 87 INFO cinder.volume.drivers.lightos [None req-b8cdbe16-4de3-4d8e-a272-3a011bca5dd3 ae6f6e6b7c754b4cb14cbe9aa62f35b6 705691b909b14f299846ff6a2d589579 - - default default] Invoking delete_volume using DELETE url: /api/v2/projects/default/volumes/fe49faec-8fa8-4c64-9d5c-58f88d6998de?             request.body:  ssl_verify: False
2026-10-10 03:57:01.687 87 WARNING py.warnings [None req-b8cdbe16-4de3-4d8e-a272-3a011bca5dd3 ae6f6e6b7c754b4cb14cbe9aa62f35b6 705691b909b14f299846ff6a2d589579 - - default default] /var/lib/kolla/venv/lib/python3.12/site-packages/urllib3/connectionpool.py:1110: InsecureRequestWarning: Unverified HTTPS request is being made to host '[LB_IP_ADDRESS]'. Adding certificate verification is strongly advised. See: https://urllib3.readthedocs.io/en/latest/advanced-usage.html#tls-warnings
  warnings.warn(

2026-10-10 03:57:01.708 87 INFO cinder.volume.drivers.lightos [None req-b8cdbe16-4de3-4d8e-a272-3a011bca5dd3 ae6f6e6b7c754b4cb14cbe9aa62f35b6 705691b909b14f299846ff6a2d589579 - - default default] Invoking get_volume using GET url: /api/v2/projects/default/volumes/fe49faec-8fa8-4c64-9d5c-58f88d6998de             request.body: {} ssl_verify: False
2026-10-10 03:57:01.749 87 WARNING py.warnings [None req-b8cdbe16-4de3-4d8e-a272-3a011bca5dd3 ae6f6e6b7c754b4cb14cbe9aa62f35b6 705691b909b14f299846ff6a2d589579 - - default default] /var/lib/kolla/venv/lib/python3.12/site-packages/urllib3/connectionpool.py:1110: InsecureRequestWarning: Unverified HTTPS request is being made to host '[LB_IP_ADDRESS]'. Adding certificate verification is strongly advised. See: https://urllib3.readthedocs.io/en/latest/advanced-usage.html#tls-warnings
  warnings.warn(

2026-10-10 03:57:01.901 87 INFO cinder.volume.manager [None req-b8cdbe16-4de3-4d8e-a272-3a011bca5dd3 ae6f6e6b7c754b4cb14cbe9aa62f35b6 705691b909b14f299846ff6a2d589579 - - default default] Deleted volume successfully.
2026-10-10 03:57:03.258 87 INFO cinder.volume.drivers.lightos [None req-2bf220f1-23b9-415d-b204-762ec1ff8624 29516c943455424fac497955955c1bb0 570c6b610a68464f9441728d1b3a3941 - - default default] Invoking delete_volume using DELETE url: /api/v2/projects/default/volumes/c3a24b79-9ae6-4256-a309-60bb0788158c?             request.body:  ssl_verify: False
2026-10-10 03:57:03.299 87 WARNING py.warnings [None req-2bf220f1-23b9-415d-b204-762ec1ff8624 29516c943455424fac497955955c1bb0 570c6b610a68464f9441728d1b3a3941 - - default default] /var/lib/kolla/venv/lib/python3.12/site-packages/urllib3/connectionpool.py:1110: InsecureRequestWarning: Unverified HTTPS request is being made to host '[LB_IP_ADDRESS]'. Adding certificate verification is strongly advised. See: https://urllib3.readthedocs.io/en/latest/advanced-usage.html#tls-warnings
  warnings.warn(

2026-10-10 03:57:03.349 87 INFO cinder.volume.drivers.lightos [None req-2bf220f1-23b9-415d-b204-762ec1ff8624 29516c943455424fac497955955c1bb0 570c6b610a68464f9441728d1b3a3941 - - default default] Invoking get_volume using GET url: /api/v2/projects/default/volumes/c3a24b79-9ae6-4256-a309-60bb0788158c             request.body: {} ssl_verify: False
2026-10-10 03:57:03.391 87 WARNING py.warnings [None req-2bf220f1-23b9-415d-b204-762ec1ff8624 29516c943455424fac497955955c1bb0 570c6b610a68464f9441728d1b3a3941 - - default default] /var/lib/kolla/venv/lib/python3.12/site-packages/urllib3/connectionpool.py:1110: InsecureRequestWarning: Unverified HTTPS request is being made to host '[LB_IP_ADDRESS]'. Adding certificate verification is strongly advised. See: https://urllib3.readthedocs.io/en/latest/advanced-usage.html#tls-warnings
  warnings.warn(

2026-10-10 03:57:03.551 87 INFO cinder.volume.manager [None req-2bf220f1-23b9-415d-b204-762ec1ff8624 29516c943455424fac497955955c1bb0 570c6b610a68464f9441728d1b3a3941 - - default default] Deleted volume successfully.
2026-10-10 03:57:04.429 87 INFO cinder.volume.drivers.lightos [None req-2338aba8-6f43-4036-93f8-2e068d1eb507 29516c943455424fac497955955c1bb0 570c6b610a68464f9441728d1b3a3941 - - default default] Invoking delete_volume using DELETE url: /api/v2/projects/default/volumes/32f14f97-8b1a-4fe0-a928-71b773381171?             request.body:  ssl_verify: False
2026-10-10 03:57:04.468 87 WARNING py.warnings [None req-2338aba8-6f43-4036-93f8-2e068d1eb507 29516c943455424fac497955955c1bb0 570c6b610a68464f9441728d1b3a3941 - - default default] /var/lib/kolla/venv/lib/python3.12/site-packages/urllib3/connectionpool.py:1110: InsecureRequestWarning: Unverified HTTPS request is being made to host '[LB_IP_ADDRESS]'. Adding certificate verification is strongly advised. See: https://urllib3.readthedocs.io/en/latest/advanced-usage.html#tls-warnings
  warnings.warn(

2026-10-10 03:57:04.503 87 INFO cinder.volume.drivers.lightos [None req-2338aba8-6f43-4036-93f8-2e068d1eb507 29516c943455424fac497955955c1bb0 570c6b610a68464f9441728d1b3a3941 - - default default] Invoking get_volume using GET url: /api/v2/projects/default/volumes/32f14f97-8b1a-4fe0-a928-71b773381171             request.body: {} ssl_verify: False
2026-10-10 03:57:04.558 87 WARNING py.warnings [None req-2338aba8-6f43-4036-93f8-2e068d1eb507 29516c943455424fac497955955c1bb0 570c6b610a68464f9441728d1b3a3941 - - default default] /var/lib/kolla/venv/lib/python3.12/site-packages/urllib3/connectionpool.py:1110: InsecureRequestWarning: Unverified HTTPS request is being made to host '[LB_IP_ADDRESS]'. Adding certificate verification is strongly advised. See: https://urllib3.readthedocs.io/en/latest/advanced-usage.html#tls-warnings
  warnings.warn(

2026-10-10 03:57:04.698 87 INFO cinder.volume.manager [None req-2338aba8-6f43-4036-93f8-2e068d1eb507 29516c943455424fac497955955c1bb0 570c6b610a68464f9441728d1b3a3941 - - default default] Deleted volume successfully.
2026-10-10 03:57:05.082 87 INFO cinder.volume.flows.manager.create_volume [None req-a1d39602-ed41-4b7f-9551-4d70c68a946e 35107e5c86bd489e97d975f19da3787f 0ba97284e8324345a0e2697d44c26272 - - - -] Volume d6461c55-8da5-49b4-8aa4-16e6e8021c5c: being created as raw with specification: {'status': 'creating', 'volume_name': 'vol_d6461c55-8da5-49b4-8aa4-16e6e8021c5c', 'volume_size': 1}
2026-10-10 03:57:05.082 87 INFO cinder.volume.drivers.lightos [None req-a1d39602-ed41-4b7f-9551-4d70c68a946e 35107e5c86bd489e97d975f19da3787f 0ba97284e8324345a0e2697d44c26272 - - - -] Invoking get_volume_by_name using GET url: /api/v2/projects/default/volumes/?name=vol_d6461c55-8da5-49b4-8aa4-16e6e8021c5c             request.body: {} ssl_verify: False
2026-10-10 03:57:05.127 87 WARNING py.warnings [None req-a1d39602-ed41-4b7f-9551-4d70c68a946e 35107e5c86bd489e97d975f19da3787f 0ba97284e8324345a0e2697d44c26272 - - - -] /var/lib/kolla/venv/lib/python3.12/site-packages/urllib3/connectionpool.py:1110: InsecureRequestWarning: Unverified HTTPS request is being made to host '[LB_IP_ADDRESS]'. Adding certificate verification is strongly advised. See: https://urllib3.readthedocs.io/en/latest/advanced-usage.html#tls-warnings
  warnings.warn(

2026-10-10 03:57:05.166 87 INFO cinder.volume.drivers.lightos [None req-a1d39602-ed41-4b7f-9551-4d70c68a946e 35107e5c86bd489e97d975f19da3787f 0ba97284e8324345a0e2697d44c26272 - - - -] Invoking create_volume using POST url: /api/v2/projects/default/volumes             request.body: {'name': 'vol_d6461c55-8da5-49b4-8aa4-16e6e8021c5c', 'size': '1 gib', 'replicaCount': '3', 'compression': 'False', 'acl': {'values': ['ALLOW_NONE']}, 'IPAcl': {'values': ['ALLOW_NONE']}, 'sourceSnapshotUUID': None, 'sourceSnapshotName': None} ssl_verify: False
2026-10-10 03:57:05.208 87 WARNING py.warnings [None req-a1d39602-ed41-4b7f-9551-4d70c68a946e 35107e5c86bd489e97d975f19da3787f 0ba97284e8324345a0e2697d44c26272 - - - -] /var/lib/kolla/venv/lib/python3.12/site-packages/urllib3/connectionpool.py:1110: InsecureRequestWarning: Unverified HTTPS request is being made to host '[LB_IP_ADDRESS]'. Adding certificate verification is strongly advised. See: https://urllib3.readthedocs.io/en/latest/advanced-usage.html#tls-warnings
  warnings.warn(

2026-10-10 03:57:05.227 87 INFO cinder.volume.drivers.lightos [None req-a1d39602-ed41-4b7f-9551-4d70c68a946e 35107e5c86bd489e97d975f19da3787f 0ba97284e8324345a0e2697d44c26272 - - - -] Invoking get_volume using GET url: /api/v2/projects/default/volumes/34201293-34ee-4da1-9a0e-549d0ad4eb83             request.body: {} ssl_verify: False
2026-10-10 03:57:05.273 87 WARNING py.warnings [None req-a1d39602-ed41-4b7f-9551-4d70c68a946e 35107e5c86bd489e97d975f19da3787f 0ba97284e8324345a0e2697d44c26272 - - - -] /var/lib/kolla/venv/lib/python3.12/site-packages/urllib3/connectionpool.py:1110: InsecureRequestWarning: Unverified HTTPS request is being made to host '[LB_IP_ADDRESS]'. Adding certificate verification is strongly advised. See: https://urllib3.readthedocs.io/en/latest/advanced-usage.html#tls-warnings
  warnings.warn(

2026-10-10 03:57:05.617 87 INFO cinder.volume.drivers.lightos [None req-b24b6884-7984-40d2-961c-434989c08d1f 29516c943455424fac497955955c1bb0 570c6b610a68464f9441728d1b3a3941 - - default default] Invoking delete_volume using DELETE url: /api/v2/projects/default/volumes/e06346f4-cee9-4e81-b607-1ca8d5c66332?             request.body:  ssl_verify: False
2026-10-10 03:57:05.653 87 WARNING py.warnings [None req-b24b6884-7984-40d2-961c-434989c08d1f 29516c943455424fac497955955c1bb0 570c6b610a68464f9441728d1b3a3941 - - default default] /var/lib/kolla/venv/lib/python3.12/site-packages/urllib3/connectionpool.py:1110: InsecureRequestWarning: Unverified HTTPS request is being made to host '[LB_IP_ADDRESS]'. Adding certificate verification is strongly advised. See: https://urllib3.readthedocs.io/en/latest/advanced-usage.html#tls-warnings
  warnings.warn(

2026-10-10 03:57:05.683 87 INFO cinder.volume.drivers.lightos [None req-b24b6884-7984-40d2-961c-434989c08d1f 29516c943455424fac497955955c1bb0 570c6b610a68464f9441728d1b3a3941 - - default default] Invoking get_volume using GET url: /api/v2/projects/default/volumes/e06346f4-cee9-4e81-b607-1ca8d5c66332             request.body: {} ssl_verify: False
2026-10-10 03:57:05.728 87 WARNING py.warnings [None req-b24b6884-7984-40d2-961c-434989c08d1f 29516c943455424fac497955955c1bb0 570c6b610a68464f9441728d1b3a3941 - - default default] /var/lib/kolla/venv/lib/python3.12/site-packages/urllib3/connectionpool.py:1110: InsecureRequestWarning: Unverified HTTPS request is being made to host '[LB_IP_ADDRESS]'. Adding certificate verification is strongly advised. See: https://urllib3.readthedocs.io/en/latest/advanced-usage.html#tls-warnings
  warnings.warn(

2026-10-10 03:57:05.863 87 INFO cinder.volume.manager [None req-b24b6884-7984-40d2-961c-434989c08d1f 29516c943455424fac497955955c1bb0 570c6b610a68464f9441728d1b3a3941 - - default default] Deleted volume successfully.
2026-10-10 03:57:06.297 87 INFO cinder.volume.drivers.lightos [None req-a1d39602-ed41-4b7f-9551-4d70c68a946e 35107e5c86bd489e97d975f19da3787f 0ba97284e8324345a0e2697d44c26272 - - - -] Invoking get_volume using GET url: /api/v2/projects/default/volumes/34201293-34ee-4da1-9a0e-549d0ad4eb83             request.body: {} ssl_verify: False
2026-10-10 03:57:06.340 87 WARNING py.warnings [None req-a1d39602-ed41-4b7f-9551-4d70c68a946e 35107e5c86bd489e97d975f19da3787f 0ba97284e8324345a0e2697d44c26272 - - - -] /var/lib/kolla/venv/lib/python3.12/site-packages/urllib3/connectionpool.py:1110: InsecureRequestWarning: Unverified HTTPS request is being made to host '[LB_IP_ADDRESS]'. Adding certificate verification is strongly advised. See: https://urllib3.readthedocs.io/en/latest/advanced-usage.html#tls-warnings
  warnings.warn(

2026-10-10 03:57:06.371 87 INFO cinder.volume.flows.manager.create_volume [None req-a1d39602-ed41-4b7f-9551-4d70c68a946e 35107e5c86bd489e97d975f19da3787f 0ba97284e8324345a0e2697d44c26272 - - - -] Volume vol_d6461c55-8da5-49b4-8aa4-16e6e8021c5c (d6461c55-8da5-49b4-8aa4-16e6e8021c5c): created successfully
2026-10-10 03:57:06.378 87 INFO cinder.volume.manager [None req-a1d39602-ed41-4b7f-9551-4d70c68a946e 35107e5c86bd489e97d975f19da3787f 0ba97284e8324345a0e2697d44c26272 - - - -] Created volume successfully.
2026-10-10 03:57:30.799 87 INFO cinder.volume.drivers.lightos [None req-32c49745-b80d-46f6-b5fe-98a32d895d1c 35107e5c86bd489e97d975f19da3787f 0ba97284e8324345a0e2697d44c26272 - - default default] Invoking delete_volume using DELETE url: /api/v2/projects/default/volumes/34201293-34ee-4da1-9a0e-549d0ad4eb83?             request.body:  ssl_verify: False
2026-10-10 03:57:30.834 87 WARNING py.warnings [None req-32c49745-b80d-46f6-b5fe-98a32d895d1c 35107e5c86bd489e97d975f19da3787f 0ba97284e8324345a0e2697d44c26272 - - default default] /var/lib/kolla/venv/lib/python3.12/site-packages/urllib3/connectionpool.py:1110: InsecureRequestWarning: Unverified HTTPS request is being made to host '[LB_IP_ADDRESS]'. Adding certificate verification is strongly advised. See: https://urllib3.readthedocs.io/en/latest/advanced-usage.html#tls-warnings
  warnings.warn(

2026-10-10 03:57:30.896 87 INFO cinder.volume.drivers.lightos [None req-32c49745-b80d-46f6-b5fe-98a32d895d1c 35107e5c86bd489e97d975f19da3787f 0ba97284e8324345a0e2697d44c26272 - - default default] Invoking get_volume using GET url: /api/v2/projects/default/volumes/34201293-34ee-4da1-9a0e-549d0ad4eb83             request.body: {} ssl_verify: False
2026-10-10 03:57:30.944 87 WARNING py.warnings [None req-32c49745-b80d-46f6-b5fe-98a32d895d1c 35107e5c86bd489e97d975f19da3787f 0ba97284e8324345a0e2697d44c26272 - - default default] /var/lib/kolla/venv/lib/python3.12/site-packages/urllib3/connectionpool.py:1110: InsecureRequestWarning: Unverified HTTPS request is being made to host '[LB_IP_ADDRESS]'. Adding certificate verification is strongly advised. See: https://urllib3.readthedocs.io/en/latest/advanced-usage.html#tls-warnings
  warnings.warn(

2026-10-10 03:57:31.094 87 INFO cinder.volume.manager [None req-32c49745-b80d-46f6-b5fe-98a32d895d1c 35107e5c86bd489e97d975f19da3787f 0ba97284e8324345a0e2697d44c26272 - - default default] Deleted volume successfully.
2026-10-10 03:57:38.609 87 INFO cinder.volume.flows.manager.create_volume [None req-e7413cbc-9e61-48a5-9da9-6c5800d756f4 46c752ee28ab48fcbe0a38fc0d6fbe62 717c5454254d409eb83cb2335a446330 - - - -] Volume 0b09b508-ca34-494c-8521-d8b9ea7a7e5a: being created as raw with specification: {'status': 'creating', 'volume_name': 'vol_0b09b508-ca34-494c-8521-d8b9ea7a7e5a', 'volume_size': 1}
2026-10-10 03:57:38.610 87 INFO cinder.volume.drivers.lightos [None req-e7413cbc-9e61-48a5-9da9-6c5800d756f4 46c752ee28ab48fcbe0a38fc0d6fbe62 717c5454254d409eb83cb2335a446330 - - - -] Invoking get_volume_by_name using GET url: /api/v2/projects/default/volumes/?name=vol_0b09b508-ca34-494c-8521-d8b9ea7a7e5a             request.body: {} ssl_verify: False
2026-10-10 03:57:38.647 87 WARNING py.warnings [None req-e7413cbc-9e61-48a5-9da9-6c5800d756f4 46c752ee28ab48fcbe0a38fc0d6fbe62 717c5454254d409eb83cb2335a446330 - - - -] /var/lib/kolla/venv/lib/python3.12/site-packages/urllib3/connectionpool.py:1110: InsecureRequestWarning: Unverified HTTPS request is being made to host '[LB_IP_ADDRESS]'. Adding certificate verification is strongly advised. See: https://urllib3.readthedocs.io/en/latest/advanced-usage.html#tls-warnings
  warnings.warn(

2026-10-10 03:57:38.659 87 INFO cinder.volume.drivers.lightos [None req-e7413cbc-9e61-48a5-9da9-6c5800d756f4 46c752ee28ab48fcbe0a38fc0d6fbe62 717c5454254d409eb83cb2335a446330 - - - -] Invoking create_volume using POST url: /api/v2/projects/default/volumes             request.body: {'name': 'vol_0b09b508-ca34-494c-8521-d8b9ea7a7e5a', 'size': '1 gib', 'replicaCount': '3', 'compression': 'False', 'acl': {'values': ['ALLOW_NONE']}, 'IPAcl': {'values': ['ALLOW_NONE']}, 'sourceSnapshotUUID': None, 'sourceSnapshotName': None} ssl_verify: False
2026-10-10 03:57:38.702 87 INFO cinder.volume.flows.manager.create_volume [None req-9643b2cf-9680-4e31-a779-5574784133bf 9637bddc21684272a0375312eebe6176 a59fa68e712649b1922045270f3798c5 - - - -] Volume f48ce903-a71d-4ae5-bad6-fe4fdf9c34ee: being created as raw with specification: {'status': 'creating', 'volume_name': 'vol_f48ce903-a71d-4ae5-bad6-fe4fdf9c34ee', 'volume_size': 1}
2026-10-10 03:57:38.702 87 INFO cinder.volume.drivers.lightos [None req-9643b2cf-9680-4e31-a779-5574784133bf 9637bddc21684272a0375312eebe6176 a59fa68e712649b1922045270f3798c5 - - - -] Invoking get_volume_by_name using GET url: /api/v2/projects/default/volumes/?name=vol_f48ce903-a71d-4ae5-bad6-fe4fdf9c34ee             request.body: {} ssl_verify: False
2026-10-10 03:57:38.704 87 WARNING py.warnings [None req-e7413cbc-9e61-48a5-9da9-6c5800d756f4 46c752ee28ab48fcbe0a38fc0d6fbe62 717c5454254d409eb83cb2335a446330 - - - -] /var/lib/kolla/venv/lib/python3.12/site-packages/urllib3/connectionpool.py:1110: InsecureRequestWarning: Unverified HTTPS request is being made to host '[LB_IP_ADDRESS]'. Adding certificate verification is strongly advised. See: https://urllib3.readthedocs.io/en/latest/advanced-usage.html#tls-warnings
  warnings.warn(

2026-10-10 03:57:38.747 87 WARNING py.warnings [None req-9643b2cf-9680-4e31-a779-5574784133bf 9637bddc21684272a0375312eebe6176 a59fa68e712649b1922045270f3798c5 - - - -] /var/lib/kolla/venv/lib/python3.12/site-packages/urllib3/connectionpool.py:1110: InsecureRequestWarning: Unverified HTTPS request is being made to host '[LB_IP_ADDRESS]'. Adding certificate verification is strongly advised. See: https://urllib3.readthedocs.io/en/latest/advanced-usage.html#tls-warnings
  warnings.warn(

2026-10-10 03:57:38.762 87 INFO cinder.volume.flows.manager.create_volume [None req-ea2494c0-e492-4f4c-ae84-4f16431f615b 09003f1dd3d640689c73a3d479937109 a0a67d83a171496b9976b81e9b2932f6 - - - -] Volume c8124163-4a9c-4e2c-b98e-e483445a5af9: being created as raw with specification: {'status': 'creating', 'volume_name': 'vol_c8124163-4a9c-4e2c-b98e-e483445a5af9', 'volume_size': 1}
2026-10-10 03:57:38.762 87 INFO cinder.volume.drivers.lightos [None req-ea2494c0-e492-4f4c-ae84-4f16431f615b 09003f1dd3d640689c73a3d479937109 a0a67d83a171496b9976b81e9b2932f6 - - - -] Invoking get_volume_by_name using GET url: /api/v2/projects/default/volumes/?name=vol_c8124163-4a9c-4e2c-b98e-e483445a5af9             request.body: {} ssl_verify: False
2026-10-10 03:57:38.764 87 INFO cinder.volume.drivers.lightos [None req-9643b2cf-9680-4e31-a779-5574784133bf 9637bddc21684272a0375312eebe6176 a59fa68e712649b1922045270f3798c5 - - - -] Invoking create_volume using POST url: /api/v2/projects/default/volumes             request.body: {'name': 'vol_f48ce903-a71d-4ae5-bad6-fe4fdf9c34ee', 'size': '1 gib', 'replicaCount': '3', 'compression': 'False', 'acl': {'values': ['ALLOW_NONE']}, 'IPAcl': {'values': ['ALLOW_NONE']}, 'sourceSnapshotUUID': None, 'sourceSnapshotName': None} ssl_verify: False
2026-10-10 03:57:38.766 87 INFO cinder.volume.drivers.lightos [None req-e7413cbc-9e61-48a5-9da9-6c5800d756f4 46c752ee28ab48fcbe0a38fc0d6fbe62 717c5454254d409eb83cb2335a446330 - - - -] Invoking get_volume using GET url: /api/v2/projects/default/volumes/df9c051b-8a2a-47be-93da-693a239263c6             request.body: {} ssl_verify: False
2026-10-10 03:57:38.820 87 WARNING py.warnings [None req-ea2494c0-e492-4f4c-ae84-4f16431f615b 09003f1dd3d640689c73a3d479937109 a0a67d83a171496b9976b81e9b2932f6 - - - -] /var/lib/kolla/venv/lib/python3.12/site-packages/urllib3/connectionpool.py:1110: InsecureRequestWarning: Unverified HTTPS request is being made to host '[LB_IP_ADDRESS]'. Adding certificate verification is strongly advised. See: https://urllib3.readthedocs.io/en/latest/advanced-usage.html#tls-warnings
  warnings.warn(

2026-10-10 03:57:38.847 87 INFO cinder.volume.drivers.lightos [None req-ea2494c0-e492-4f4c-ae84-4f16431f615b 09003f1dd3d640689c73a3d479937109 a0a67d83a171496b9976b81e9b2932f6 - - - -] Invoking create_volume using POST url: /api/v2/projects/default/volumes             request.body: {'name': 'vol_c8124163-4a9c-4e2c-b98e-e483445a5af9', 'size': '1 gib', 'replicaCount': '3', 'compression': 'False', 'acl': {'values': ['ALLOW_NONE']}, 'IPAcl': {'values': ['ALLOW_NONE']}, 'sourceSnapshotUUID': None, 'sourceSnapshotName': None} ssl_verify: False
2026-10-10 03:57:38.849 87 WARNING py.warnings [None req-9643b2cf-9680-4e31-a779-5574784133bf 9637bddc21684272a0375312eebe6176 a59fa68e712649b1922045270f3798c5 - - - -] /var/lib/kolla/venv/lib/python3.12/site-packages/urllib3/connectionpool.py:1110: InsecureRequestWarning: Unverified HTTPS request is being made to host '[LB_IP_ADDRESS]'. Adding certificate verification is strongly advised. See: https://urllib3.readthedocs.io/en/latest/advanced-usage.html#tls-warnings
  warnings.warn(

2026-10-10 03:57:38.851 87 WARNING py.warnings [None req-e7413cbc-9e61-48a5-9da9-6c5800d756f4 46c752ee28ab48fcbe0a38fc0d6fbe62 717c5454254d409eb83cb2335a446330 - - - -] /var/lib/kolla/venv/lib/python3.12/site-packages/urllib3/connectionpool.py:1110: InsecureRequestWarning: Unverified HTTPS request is being made to host '[LB_IP_ADDRESS]'. Adding certificate verification is strongly advised. See: https://urllib3.readthedocs.io/en/latest/advanced-usage.html#tls-warnings
  warnings.warn(

2026-10-10 03:57:38.882 87 WARNING py.warnings [None req-ea2494c0-e492-4f4c-ae84-4f16431f615b 09003f1dd3d640689c73a3d479937109 a0a67d83a171496b9976b81e9b2932f6 - - - -] /var/lib/kolla/venv/lib/python3.12/site-packages/urllib3/connectionpool.py:1110: InsecureRequestWarning: Unverified HTTPS request is being made to host '[LB_IP_ADDRESS]'. Adding certificate verification is strongly advised. See: https://urllib3.readthedocs.io/en/latest/advanced-usage.html#tls-warnings
  warnings.warn(

2026-10-10 03:57:38.892 87 INFO cinder.volume.flows.manager.create_volume [None req-e7413cbc-9e61-48a5-9da9-6c5800d756f4 46c752ee28ab48fcbe0a38fc0d6fbe62 717c5454254d409eb83cb2335a446330 - - - -] Volume vol_0b09b508-ca34-494c-8521-d8b9ea7a7e5a (0b09b508-ca34-494c-8521-d8b9ea7a7e5a): created successfully
2026-10-10 03:57:38.899 87 INFO cinder.volume.manager [None req-e7413cbc-9e61-48a5-9da9-6c5800d756f4 46c752ee28ab48fcbe0a38fc0d6fbe62 717c5454254d409eb83cb2335a446330 - - - -] Created volume successfully.
2026-10-10 03:57:38.901 87 INFO cinder.volume.drivers.lightos [None req-9643b2cf-9680-4e31-a779-5574784133bf 9637bddc21684272a0375312eebe6176 a59fa68e712649b1922045270f3798c5 - - - -] Invoking get_volume using GET url: /api/v2/projects/default/volumes/d19baa98-19ab-47db-b5b4-663cffba2826             request.body: {} ssl_verify: False
2026-10-10 03:57:38.968 87 INFO cinder.volume.drivers.lightos [None req-ea2494c0-e492-4f4c-ae84-4f16431f615b 09003f1dd3d640689c73a3d479937109 a0a67d83a171496b9976b81e9b2932f6 - - - -] Invoking get_volume using GET url: /api/v2/projects/default/volumes/103f6e4a-8c6d-421d-8850-46233101bf5c             request.body: {} ssl_verify: False
2026-10-10 03:57:39.004 87 WARNING py.warnings [None req-9643b2cf-9680-4e31-a779-5574784133bf 9637bddc21684272a0375312eebe6176 a59fa68e712649b1922045270f3798c5 - - - -] /var/lib/kolla/venv/lib/python3.12/site-packages/urllib3/connectionpool.py:1110: InsecureRequestWarning: Unverified HTTPS request is being made to host '[LB_IP_ADDRESS]'. Adding certificate verification is strongly advised. See: https://urllib3.readthedocs.io/en/latest/advanced-usage.html#tls-warnings
  warnings.warn(

2026-10-10 03:57:39.013 87 WARNING py.warnings [None req-ea2494c0-e492-4f4c-ae84-4f16431f615b 09003f1dd3d640689c73a3d479937109 a0a67d83a171496b9976b81e9b2932f6 - - - -] /var/lib/kolla/venv/lib/python3.12/site-packages/urllib3/connectionpool.py:1110: InsecureRequestWarning: Unverified HTTPS request is being made to host '[LB_IP_ADDRESS]'. Adding certificate verification is strongly advised. See: https://urllib3.readthedocs.io/en/latest/advanced-usage.html#tls-warnings
  warnings.warn(

2026-10-10 03:57:39.067 87 INFO cinder.volume.flows.manager.create_volume [None req-3dfd6c7a-f0f9-4933-8571-6a9e78fa1004 46c752ee28ab48fcbe0a38fc0d6fbe62 717c5454254d409eb83cb2335a446330 - - - -] Volume d59a9838-923e-4a24-9174-d671e6cd32fc: being created as raw with specification: {'status': 'creating', 'volume_name': 'vol_d59a9838-923e-4a24-9174-d671e6cd32fc', 'volume_size': 1}
2026-10-10 03:57:39.067 87 INFO cinder.volume.drivers.lightos [None req-3dfd6c7a-f0f9-4933-8571-6a9e78fa1004 46c752ee28ab48fcbe0a38fc0d6fbe62 717c5454254d409eb83cb2335a446330 - - - -] Invoking get_volume_by_name using GET url: /api/v2/projects/default/volumes/?name=vol_d59a9838-923e-4a24-9174-d671e6cd32fc             request.body: {} ssl_verify: False
2026-10-10 03:57:39.095 87 INFO cinder.volume.flows.manager.create_volume [None req-ea2494c0-e492-4f4c-ae84-4f16431f615b 09003f1dd3d640689c73a3d479937109 a0a67d83a171496b9976b81e9b2932f6 - - - -] Volume vol_c8124163-4a9c-4e2c-b98e-e483445a5af9 (c8124163-4a9c-4e2c-b98e-e483445a5af9): created successfully
2026-10-10 03:57:39.099 87 WARNING py.warnings [None req-3dfd6c7a-f0f9-4933-8571-6a9e78fa1004 46c752ee28ab48fcbe0a38fc0d6fbe62 717c5454254d409eb83cb2335a446330 - - - -] /var/lib/kolla/venv/lib/python3.12/site-packages/urllib3/connectionpool.py:1110: InsecureRequestWarning: Unverified HTTPS request is being made to host '[LB_IP_ADDRESS]'. Adding certificate verification is strongly advised. See: https://urllib3.readthedocs.io/en/latest/advanced-usage.html#tls-warnings
  warnings.warn(

2026-10-10 03:57:39.100 87 INFO cinder.volume.flows.manager.create_volume [None req-9643b2cf-9680-4e31-a779-5574784133bf 9637bddc21684272a0375312eebe6176 a59fa68e712649b1922045270f3798c5 - - - -] Volume vol_f48ce903-a71d-4ae5-bad6-fe4fdf9c34ee (f48ce903-a71d-4ae5-bad6-fe4fdf9c34ee): created successfully
2026-10-10 03:57:39.105 87 INFO cinder.volume.drivers.lightos [None req-3dfd6c7a-f0f9-4933-8571-6a9e78fa1004 46c752ee28ab48fcbe0a38fc0d6fbe62 717c5454254d409eb83cb2335a446330 - - - -] Invoking create_volume using POST url: /api/v2/projects/default/volumes             request.body: {'name': 'vol_d59a9838-923e-4a24-9174-d671e6cd32fc', 'size': '1 gib', 'replicaCount': '3', 'compression': 'False', 'acl': {'values': ['ALLOW_NONE']}, 'IPAcl': {'values': ['ALLOW_NONE']}, 'sourceSnapshotUUID': None, 'sourceSnapshotName': None} ssl_verify: False
2026-10-10 03:57:39.133 87 INFO cinder.volume.manager [None req-9643b2cf-9680-4e31-a779-5574784133bf 9637bddc21684272a0375312eebe6176 a59fa68e712649b1922045270f3798c5 - - - -] Created volume successfully.
2026-10-10 03:57:39.133 87 INFO cinder.volume.manager [None req-ea2494c0-e492-4f4c-ae84-4f16431f615b 09003f1dd3d640689c73a3d479937109 a0a67d83a171496b9976b81e9b2932f6 - - - -] Created volume successfully.
2026-10-10 03:57:39.137 87 WARNING py.warnings [None req-3dfd6c7a-f0f9-4933-8571-6a9e78fa1004 46c752ee28ab48fcbe0a38fc0d6fbe62 717c5454254d409eb83cb2335a446330 - - - -] /var/lib/kolla/venv/lib/python3.12/site-packages/urllib3/connectionpool.py:1110: InsecureRequestWarning: Unverified HTTPS request is being made to host '[LB_IP_ADDRESS]'. Adding certificate verification is strongly advised. See: https://urllib3.readthedocs.io/en/latest/advanced-usage.html#tls-warnings
  warnings.warn(

2026-10-10 03:57:39.156 87 INFO cinder.volume.drivers.lightos [None req-3dfd6c7a-f0f9-4933-8571-6a9e78fa1004 46c752ee28ab48fcbe0a38fc0d6fbe62 717c5454254d409eb83cb2335a446330 - - - -] Invoking get_volume using GET url: /api/v2/projects/default/volumes/e33a60b1-7bb2-4d68-bccf-ff4ae2951771             request.body: {} ssl_verify: False
2026-10-10 03:57:39.200 87 WARNING py.warnings [None req-3dfd6c7a-f0f9-4933-8571-6a9e78fa1004 46c752ee28ab48fcbe0a38fc0d6fbe62 717c5454254d409eb83cb2335a446330 - - - -] /var/lib/kolla/venv/lib/python3.12/site-packages/urllib3/connectionpool.py:1110: InsecureRequestWarning: Unverified HTTPS request is being made to host '[LB_IP_ADDRESS]'. Adding certificate verification is strongly advised. See: https://urllib3.readthedocs.io/en/latest/advanced-usage.html#tls-warnings
  warnings.warn(

2026-10-10 03:57:39.499 87 INFO cinder.volume.flows.manager.create_volume [None req-34924cd0-0c25-45ee-9eb4-6dd7280247e7 46c752ee28ab48fcbe0a38fc0d6fbe62 717c5454254d409eb83cb2335a446330 - - - -] Volume 730a575f-bf79-49dc-90e2-5059b9aca222: being created as raw with specification: {'status': 'creating', 'volume_name': 'vol_730a575f-bf79-49dc-90e2-5059b9aca222', 'volume_size': 1}
2026-10-10 03:57:39.499 87 INFO cinder.volume.drivers.lightos [None req-34924cd0-0c25-45ee-9eb4-6dd7280247e7 46c752ee28ab48fcbe0a38fc0d6fbe62 717c5454254d409eb83cb2335a446330 - - - -] Invoking get_volume_by_name using GET url: /api/v2/projects/default/volumes/?name=vol_730a575f-bf79-49dc-90e2-5059b9aca222             request.body: {} ssl_verify: False
2026-10-10 03:57:39.535 87 WARNING py.warnings [None req-34924cd0-0c25-45ee-9eb4-6dd7280247e7 46c752ee28ab48fcbe0a38fc0d6fbe62 717c5454254d409eb83cb2335a446330 - - - -] /var/lib/kolla/venv/lib/python3.12/site-packages/urllib3/connectionpool.py:1110: InsecureRequestWarning: Unverified HTTPS request is being made to host '[LB_IP_ADDRESS]'. Adding certificate verification is strongly advised. See: https://urllib3.readthedocs.io/en/latest/advanced-usage.html#tls-warnings
  warnings.warn(

2026-10-10 03:57:39.546 87 INFO cinder.volume.drivers.lightos [None req-34924cd0-0c25-45ee-9eb4-6dd7280247e7 46c752ee28ab48fcbe0a38fc0d6fbe62 717c5454254d409eb83cb2335a446330 - - - -] Invoking create_volume using POST url: /api/v2/projects/default/volumes             request.body: {'name': 'vol_730a575f-bf79-49dc-90e2-5059b9aca222', 'size': '1 gib', 'replicaCount': '3', 'compression': 'False', 'acl': {'values': ['ALLOW_NONE']}, 'IPAcl': {'values': ['ALLOW_NONE']}, 'sourceSnapshotUUID': None, 'sourceSnapshotName': None} ssl_verify: False
2026-10-10 03:57:39.589 87 WARNING py.warnings [None req-34924cd0-0c25-45ee-9eb4-6dd7280247e7 46c752ee28ab48fcbe0a38fc0d6fbe62 717c5454254d409eb83cb2335a446330 - - - -] /var/lib/kolla/venv/lib/python3.12/site-packages/urllib3/connectionpool.py:1110: InsecureRequestWarning: Unverified HTTPS request is being made to host '[LB_IP_ADDRESS]'. Adding certificate verification is strongly advised. See: https://urllib3.readthedocs.io/en/latest/advanced-usage.html#tls-warnings
  warnings.warn(

2026-10-10 03:57:39.616 87 INFO cinder.volume.drivers.lightos [None req-34924cd0-0c25-45ee-9eb4-6dd7280247e7 46c752ee28ab48fcbe0a38fc0d6fbe62 717c5454254d409eb83cb2335a446330 - - - -] Invoking get_volume using GET url: /api/v2/projects/default/volumes/4fc02cb1-0152-4952-abed-82c6ac7c1500             request.body: {} ssl_verify: False
2026-10-10 03:57:39.673 87 WARNING py.warnings [None req-34924cd0-0c25-45ee-9eb4-6dd7280247e7 46c752ee28ab48fcbe0a38fc0d6fbe62 717c5454254d409eb83cb2335a446330 - - - -] /var/lib/kolla/venv/lib/python3.12/site-packages/urllib3/connectionpool.py:1110: InsecureRequestWarning: Unverified HTTPS request is being made to host '[LB_IP_ADDRESS]'. Adding certificate verification is strongly advised. See: https://urllib3.readthedocs.io/en/latest/advanced-usage.html#tls-warnings
  warnings.warn(

2026-10-10 03:57:39.713 87 INFO cinder.volume.flows.manager.create_volume [None req-34924cd0-0c25-45ee-9eb4-6dd7280247e7 46c752ee28ab48fcbe0a38fc0d6fbe62 717c5454254d409eb83cb2335a446330 - - - -] Volume vol_730a575f-bf79-49dc-90e2-5059b9aca222 (730a575f-bf79-49dc-90e2-5059b9aca222): created successfully
2026-10-10 03:57:39.720 87 INFO cinder.volume.manager [None req-34924cd0-0c25-45ee-9eb4-6dd7280247e7 46c752ee28ab48fcbe0a38fc0d6fbe62 717c5454254d409eb83cb2335a446330 - - - -] Created volume successfully.
2026-10-10 03:57:39.970 87 INFO cinder.volume.drivers.lightos [None req-4cdc0b57-b8c6-4b45-a9b7-4fa029c03213 09003f1dd3d640689c73a3d479937109 a0a67d83a171496b9976b81e9b2932f6 - - - -] Invoking get_snapshot_by_name using GET url: /api/v2/projects/default/snapshots/?Name=snapshot-edcffebe-de53-41da-85c3-0de4a00c16c5             request.body: {} ssl_verify: False
2026-10-10 03:57:40.009 87 WARNING py.warnings [None req-4cdc0b57-b8c6-4b45-a9b7-4fa029c03213 09003f1dd3d640689c73a3d479937109 a0a67d83a171496b9976b81e9b2932f6 - - - -] /var/lib/kolla/venv/lib/python3.12/site-packages/urllib3/connectionpool.py:1110: InsecureRequestWarning: Unverified HTTPS request is being made to host '[LB_IP_ADDRESS]'. Adding certificate verification is strongly advised. See: https://urllib3.readthedocs.io/en/latest/advanced-usage.html#tls-warnings
  warnings.warn(

2026-10-10 03:57:40.017 87 INFO cinder.volume.drivers.lightos [None req-4cdc0b57-b8c6-4b45-a9b7-4fa029c03213 09003f1dd3d640689c73a3d479937109 a0a67d83a171496b9976b81e9b2932f6 - - - -] Invoking create_snapshot using POST url: /api/v2/projects/default/snapshots             request.body: {'name': 'snapshot-edcffebe-de53-41da-85c3-0de4a00c16c5', 'sourceVolumeUUID': None, 'sourceVolumeName': 'vol_c8124163-4a9c-4e2c-b98e-e483445a5af9'} ssl_verify: False
2026-10-10 03:57:40.030 87 INFO cinder.volume.flows.manager.create_volume [None req-03d56000-fd34-4c80-b3a4-40a4d59f5140 46c752ee28ab48fcbe0a38fc0d6fbe62 717c5454254d409eb83cb2335a446330 - - - -] Volume 4d9fbf8f-a402-4596-b46d-0eb7f5203957: being created as raw with specification: {'status': 'creating', 'volume_name': 'vol_4d9fbf8f-a402-4596-b46d-0eb7f5203957', 'volume_size': 1}
2026-10-10 03:57:40.031 87 INFO cinder.volume.drivers.lightos [None req-03d56000-fd34-4c80-b3a4-40a4d59f5140 46c752ee28ab48fcbe0a38fc0d6fbe62 717c5454254d409eb83cb2335a446330 - - - -] Invoking get_volume_by_name using GET url: /api/v2/projects/default/volumes/?name=vol_4d9fbf8f-a402-4596-b46d-0eb7f5203957             request.body: {} ssl_verify: False
2026-10-10 03:57:40.085 87 WARNING py.warnings [None req-4cdc0b57-b8c6-4b45-a9b7-4fa029c03213 09003f1dd3d640689c73a3d479937109 a0a67d83a171496b9976b81e9b2932f6 - - - -] /var/lib/kolla/venv/lib/python3.12/site-packages/urllib3/connectionpool.py:1110: InsecureRequestWarning: Unverified HTTPS request is being made to host '[LB_IP_ADDRESS]'. Adding certificate verification is strongly advised. See: https://urllib3.readthedocs.io/en/latest/advanced-usage.html#tls-warnings
  warnings.warn(

2026-10-10 03:57:40.102 87 WARNING py.warnings [None req-03d56000-fd34-4c80-b3a4-40a4d59f5140 46c752ee28ab48fcbe0a38fc0d6fbe62 717c5454254d409eb83cb2335a446330 - - - -] /var/lib/kolla/venv/lib/python3.12/site-packages/urllib3/connectionpool.py:1110: InsecureRequestWarning: Unverified HTTPS request is being made to host '[LB_IP_ADDRESS]'. Adding certificate verification is strongly advised. See: https://urllib3.readthedocs.io/en/latest/advanced-usage.html#tls-warnings
  warnings.warn(

2026-10-10 03:57:40.109 87 INFO cinder.volume.drivers.lightos [None req-03d56000-fd34-4c80-b3a4-40a4d59f5140 46c752ee28ab48fcbe0a38fc0d6fbe62 717c5454254d409eb83cb2335a446330 - - - -] Invoking create_volume using POST url: /api/v2/projects/default/volumes             request.body: {'name': 'vol_4d9fbf8f-a402-4596-b46d-0eb7f5203957', 'size': '1 gib', 'replicaCount': '3', 'compression': 'False', 'acl': {'values': ['ALLOW_NONE']}, 'IPAcl': {'values': ['ALLOW_NONE']}, 'sourceSnapshotUUID': None, 'sourceSnapshotName': None} ssl_verify: False
2026-10-10 03:57:40.138 87 INFO cinder.volume.drivers.lightos [None req-4cdc0b57-b8c6-4b45-a9b7-4fa029c03213 09003f1dd3d640689c73a3d479937109 a0a67d83a171496b9976b81e9b2932f6 - - - -] Invoking get_snapshot_by_name using GET url: /api/v2/projects/default/snapshots/?Name=snapshot-edcffebe-de53-41da-85c3-0de4a00c16c5             request.body: {} ssl_verify: False
2026-10-10 03:57:40.166 87 WARNING py.warnings [None req-03d56000-fd34-4c80-b3a4-40a4d59f5140 46c752ee28ab48fcbe0a38fc0d6fbe62 717c5454254d409eb83cb2335a446330 - - - -] /var/lib/kolla/venv/lib/python3.12/site-packages/urllib3/connectionpool.py:1110: InsecureRequestWarning: Unverified HTTPS request is being made to host '[LB_IP_ADDRESS]'. Adding certificate verification is strongly advised. See: https://urllib3.readthedocs.io/en/latest/advanced-usage.html#tls-warnings
  warnings.warn(

2026-10-10 03:57:40.171 87 WARNING py.warnings [None req-4cdc0b57-b8c6-4b45-a9b7-4fa029c03213 09003f1dd3d640689c73a3d479937109 a0a67d83a171496b9976b81e9b2932f6 - - - -] /var/lib/kolla/venv/lib/python3.12/site-packages/urllib3/connectionpool.py:1110: InsecureRequestWarning: Unverified HTTPS request is being made to host '[LB_IP_ADDRESS]'. Adding certificate verification is strongly advised. See: https://urllib3.readthedocs.io/en/latest/advanced-usage.html#tls-warnings
  warnings.warn(

2026-10-10 03:57:40.202 87 INFO cinder.volume.flows.manager.create_volume [None req-1e566b8b-05af-40c7-aade-45b5bc8a1736 9637bddc21684272a0375312eebe6176 a59fa68e712649b1922045270f3798c5 - - - -] Volume e111efdd-0f45-46c1-97c3-0c4bccf0c53d: being created as raw with specification: {'status': 'creating', 'volume_name': 'vol_e111efdd-0f45-46c1-97c3-0c4bccf0c53d', 'volume_size': 1}
2026-10-10 03:57:40.202 87 INFO cinder.volume.drivers.lightos [None req-1e566b8b-05af-40c7-aade-45b5bc8a1736 9637bddc21684272a0375312eebe6176 a59fa68e712649b1922045270f3798c5 - - - -] Invoking get_volume_by_name using GET url: /api/v2/projects/default/volumes/?name=vol_e111efdd-0f45-46c1-97c3-0c4bccf0c53d             request.body: {} ssl_verify: False
2026-10-10 03:57:40.204 87 INFO cinder.volume.drivers.lightos [None req-03d56000-fd34-4c80-b3a4-40a4d59f5140 46c752ee28ab48fcbe0a38fc0d6fbe62 717c5454254d409eb83cb2335a446330 - - - -] Invoking get_volume using GET url: /api/v2/projects/default/volumes/96f59db5-42ee-452c-be63-e4fa8fa9fa1d             request.body: {} ssl_verify: False
2026-10-10 03:57:40.257 87 INFO cinder.volume.drivers.lightos [None req-3dfd6c7a-f0f9-4933-8571-6a9e78fa1004 46c752ee28ab48fcbe0a38fc0d6fbe62 717c5454254d409eb83cb2335a446330 - - - -] Invoking get_volume using GET url: /api/v2/projects/default/volumes/e33a60b1-7bb2-4d68-bccf-ff4ae2951771             request.body: {} ssl_verify: False
2026-10-10 03:57:40.285 87 WARNING py.warnings [None req-1e566b8b-05af-40c7-aade-45b5bc8a1736 9637bddc21684272a0375312eebe6176 a59fa68e712649b1922045270f3798c5 - - - -] /var/lib/kolla/venv/lib/python3.12/site-packages/urllib3/connectionpool.py:1110: InsecureRequestWarning: Unverified HTTPS request is being made to host '[LB_IP_ADDRESS]'. Adding certificate verification is strongly advised. See: https://urllib3.readthedocs.io/en/latest/advanced-usage.html#tls-warnings
  warnings.warn(

2026-10-10 03:57:40.287 87 WARNING py.warnings [None req-03d56000-fd34-4c80-b3a4-40a4d59f5140 46c752ee28ab48fcbe0a38fc0d6fbe62 717c5454254d409eb83cb2335a446330 - - - -] /var/lib/kolla/venv/lib/python3.12/site-packages/urllib3/connectionpool.py:1110: InsecureRequestWarning: Unverified HTTPS request is being made to host '[LB_IP_ADDRESS]'. Adding certificate verification is strongly advised. See: https://urllib3.readthedocs.io/en/latest/advanced-usage.html#tls-warnings
  warnings.warn(

2026-10-10 03:57:40.299 87 WARNING py.warnings [None req-3dfd6c7a-f0f9-4933-8571-6a9e78fa1004 46c752ee28ab48fcbe0a38fc0d6fbe62 717c5454254d409eb83cb2335a446330 - - - -] /var/lib/kolla/venv/lib/python3.12/site-packages/urllib3/connectionpool.py:1110: InsecureRequestWarning: Unverified HTTPS request is being made to host '[LB_IP_ADDRESS]'. Adding certificate verification is strongly advised. See: https://urllib3.readthedocs.io/en/latest/advanced-usage.html#tls-warnings
  warnings.warn(

2026-10-10 03:57:40.315 87 INFO cinder.volume.drivers.lightos [None req-1e566b8b-05af-40c7-aade-45b5bc8a1736 9637bddc21684272a0375312eebe6176 a59fa68e712649b1922045270f3798c5 - - - -] Invoking create_volume using POST url: /api/v2/projects/default/volumes             request.body: {'name': 'vol_e111efdd-0f45-46c1-97c3-0c4bccf0c53d', 'size': '1 gib', 'replicaCount': '3', 'compression': 'False', 'acl': {'values': ['ALLOW_NONE']}, 'IPAcl': {'values': ['ALLOW_NONE']}, 'sourceSnapshotUUID': None, 'sourceSnapshotName': None} ssl_verify: False
2026-10-10 03:57:40.383 87 WARNING py.warnings [None req-1e566b8b-05af-40c7-aade-45b5bc8a1736 9637bddc21684272a0375312eebe6176 a59fa68e712649b1922045270f3798c5 - - - -] /var/lib/kolla/venv/lib/python3.12/site-packages/urllib3/connectionpool.py:1110: InsecureRequestWarning: Unverified HTTPS request is being made to host '[LB_IP_ADDRESS]'. Adding certificate verification is strongly advised. See: https://urllib3.readthedocs.io/en/latest/advanced-usage.html#tls-warnings
  warnings.warn(

2026-10-10 03:57:40.411 87 INFO cinder.volume.flows.manager.create_volume [None req-03d56000-fd34-4c80-b3a4-40a4d59f5140 46c752ee28ab48fcbe0a38fc0d6fbe62 717c5454254d409eb83cb2335a446330 - - - -] Volume vol_4d9fbf8f-a402-4596-b46d-0eb7f5203957 (4d9fbf8f-a402-4596-b46d-0eb7f5203957): created successfully
2026-10-10 03:57:40.416 87 INFO cinder.volume.drivers.lightos [None req-1e566b8b-05af-40c7-aade-45b5bc8a1736 9637bddc21684272a0375312eebe6176 a59fa68e712649b1922045270f3798c5 - - - -] Invoking get_volume using GET url: /api/v2/projects/default/volumes/c77e7913-0743-4961-808f-9b3b3b5a2193             request.body: {} ssl_verify: False
2026-10-10 03:57:40.446 87 INFO cinder.volume.flows.manager.create_volume [None req-3dfd6c7a-f0f9-4933-8571-6a9e78fa1004 46c752ee28ab48fcbe0a38fc0d6fbe62 717c5454254d409eb83cb2335a446330 - - - -] Volume vol_d59a9838-923e-4a24-9174-d671e6cd32fc (d59a9838-923e-4a24-9174-d671e6cd32fc): created successfully
2026-10-10 03:57:40.451 87 INFO cinder.volume.manager [None req-03d56000-fd34-4c80-b3a4-40a4d59f5140 46c752ee28ab48fcbe0a38fc0d6fbe62 717c5454254d409eb83cb2335a446330 - - - -] Created volume successfully.
2026-10-10 03:57:40.454 87 INFO cinder.volume.manager [None req-3dfd6c7a-f0f9-4933-8571-6a9e78fa1004 46c752ee28ab48fcbe0a38fc0d6fbe62 717c5454254d409eb83cb2335a446330 - - - -] Created volume successfully.
2026-10-10 03:57:40.484 87 INFO cinder.volume.flows.manager.create_volume [None req-211d2639-1225-4ace-bfa5-e175774b2ae1 46c752ee28ab48fcbe0a38fc0d6fbe62 717c5454254d409eb83cb2335a446330 - - - -] Volume 58b691c8-2f5c-454a-97f8-d79fbcfec0d6: being created as raw with specification: {'status': 'creating', 'volume_name': 'vol_58b691c8-2f5c-454a-97f8-d79fbcfec0d6', 'volume_size': 1}
2026-10-10 03:57:40.484 87 INFO cinder.volume.drivers.lightos [None req-211d2639-1225-4ace-bfa5-e175774b2ae1 46c752ee28ab48fcbe0a38fc0d6fbe62 717c5454254d409eb83cb2335a446330 - - - -] Invoking get_volume_by_name using GET url: /api/v2/projects/default/volumes/?name=vol_58b691c8-2f5c-454a-97f8-d79fbcfec0d6             request.body: {} ssl_verify: False
2026-10-10 03:57:40.486 87 WARNING py.warnings [None req-1e566b8b-05af-40c7-aade-45b5bc8a1736 9637bddc21684272a0375312eebe6176 a59fa68e712649b1922045270f3798c5 - - - -] /var/lib/kolla/venv/lib/python3.12/site-packages/urllib3/connectionpool.py:1110: InsecureRequestWarning: Unverified HTTPS request is being made to host '[LB_IP_ADDRESS]'. Adding certificate verification is strongly advised. See: https://urllib3.readthedocs.io/en/latest/advanced-usage.html#tls-warnings
  warnings.warn(

2026-10-10 03:57:40.517 87 WARNING py.warnings [None req-211d2639-1225-4ace-bfa5-e175774b2ae1 46c752ee28ab48fcbe0a38fc0d6fbe62 717c5454254d409eb83cb2335a446330 - - - -] /var/lib/kolla/venv/lib/python3.12/site-packages/urllib3/connectionpool.py:1110: InsecureRequestWarning: Unverified HTTPS request is being made to host '[LB_IP_ADDRESS]'. Adding certificate verification is strongly advised. See: https://urllib3.readthedocs.io/en/latest/advanced-usage.html#tls-warnings
  warnings.warn(

2026-10-10 03:57:40.524 87 INFO cinder.volume.drivers.lightos [None req-211d2639-1225-4ace-bfa5-e175774b2ae1 46c752ee28ab48fcbe0a38fc0d6fbe62 717c5454254d409eb83cb2335a446330 - - - -] Invoking create_volume using POST url: /api/v2/projects/default/volumes             request.body: {'name': 'vol_58b691c8-2f5c-454a-97f8-d79fbcfec0d6', 'size': '1 gib', 'replicaCount': '3', 'compression': 'False', 'acl': {'values': ['ALLOW_NONE']}, 'IPAcl': {'values': ['ALLOW_NONE']}, 'sourceSnapshotUUID': None, 'sourceSnapshotName': None} ssl_verify: False
2026-10-10 03:57:40.553 87 INFO cinder.volume.flows.manager.create_volume [None req-1e566b8b-05af-40c7-aade-45b5bc8a1736 9637bddc21684272a0375312eebe6176 a59fa68e712649b1922045270f3798c5 - - - -] Volume vol_e111efdd-0f45-46c1-97c3-0c4bccf0c53d (e111efdd-0f45-46c1-97c3-0c4bccf0c53d): created successfully
2026-10-10 03:57:40.557 87 WARNING py.warnings [None req-211d2639-1225-4ace-bfa5-e175774b2ae1 46c752ee28ab48fcbe0a38fc0d6fbe62 717c5454254d409eb83cb2335a446330 - - - -] /var/lib/kolla/venv/lib/python3.12/site-packages/urllib3/connectionpool.py:1110: InsecureRequestWarning: Unverified HTTPS request is being made to host '[LB_IP_ADDRESS]'. Adding certificate verification is strongly advised. See: https://urllib3.readthedocs.io/en/latest/advanced-usage.html#tls-warnings
  warnings.warn(

2026-10-10 03:57:40.561 87 INFO cinder.volume.manager [None req-1e566b8b-05af-40c7-aade-45b5bc8a1736 9637bddc21684272a0375312eebe6176 a59fa68e712649b1922045270f3798c5 - - - -] Created volume successfully.
2026-10-10 03:57:40.581 87 INFO cinder.volume.drivers.lightos [None req-211d2639-1225-4ace-bfa5-e175774b2ae1 46c752ee28ab48fcbe0a38fc0d6fbe62 717c5454254d409eb83cb2335a446330 - - - -] Invoking get_volume using GET url: /api/v2/projects/default/volumes/58273ad4-3cb7-49a2-aa3d-e7dfa752455f             request.body: {} ssl_verify: False
2026-10-10 03:57:40.631 87 WARNING py.warnings [None req-211d2639-1225-4ace-bfa5-e175774b2ae1 46c752ee28ab48fcbe0a38fc0d6fbe62 717c5454254d409eb83cb2335a446330 - - - -] /var/lib/kolla/venv/lib/python3.12/site-packages/urllib3/connectionpool.py:1110: InsecureRequestWarning: Unverified HTTPS request is being made to host '[LB_IP_ADDRESS]'. Adding certificate verification is strongly advised. See: https://urllib3.readthedocs.io/en/latest/advanced-usage.html#tls-warnings
  warnings.warn(

2026-10-10 03:57:40.663 87 INFO cinder.volume.flows.manager.create_volume [None req-211d2639-1225-4ace-bfa5-e175774b2ae1 46c752ee28ab48fcbe0a38fc0d6fbe62 717c5454254d409eb83cb2335a446330 - - - -] Volume vol_58b691c8-2f5c-454a-97f8-d79fbcfec0d6 (58b691c8-2f5c-454a-97f8-d79fbcfec0d6): created successfully
2026-10-10 03:57:40.678 87 INFO cinder.volume.manager [None req-211d2639-1225-4ace-bfa5-e175774b2ae1 46c752ee28ab48fcbe0a38fc0d6fbe62 717c5454254d409eb83cb2335a446330 - - - -] Created volume successfully.
2026-10-10 03:57:40.692 87 INFO cinder.volume.flows.manager.create_volume [None req-35a7696f-3321-4c9d-a1f9-abde1476c2c5 9637bddc21684272a0375312eebe6176 a59fa68e712649b1922045270f3798c5 - - - -] Volume 72261fa9-9d10-4a48-aee1-0846aea93cff: being created as raw with specification: {'status': 'creating', 'volume_name': 'vol_72261fa9-9d10-4a48-aee1-0846aea93cff', 'volume_size': 1}
2026-10-10 03:57:40.692 87 INFO cinder.volume.drivers.lightos [None req-35a7696f-3321-4c9d-a1f9-abde1476c2c5 9637bddc21684272a0375312eebe6176 a59fa68e712649b1922045270f3798c5 - - - -] Invoking get_volume_by_name using GET url: /api/v2/projects/default/volumes/?name=vol_72261fa9-9d10-4a48-aee1-0846aea93cff             request.body: {} ssl_verify: False
2026-10-10 03:57:40.727 87 WARNING py.warnings [None req-35a7696f-3321-4c9d-a1f9-abde1476c2c5 9637bddc21684272a0375312eebe6176 a59fa68e712649b1922045270f3798c5 - - - -] /var/lib/kolla/venv/lib/python3.12/site-packages/urllib3/connectionpool.py:1110: InsecureRequestWarning: Unverified HTTPS request is being made to host '[LB_IP_ADDRESS]'. Adding certificate verification is strongly advised. See: https://urllib3.readthedocs.io/en/latest/advanced-usage.html#tls-warnings
  warnings.warn(

2026-10-10 03:57:40.735 87 INFO cinder.volume.drivers.lightos [None req-35a7696f-3321-4c9d-a1f9-abde1476c2c5 9637bddc21684272a0375312eebe6176 a59fa68e712649b1922045270f3798c5 - - - -] Invoking create_volume using POST url: /api/v2/projects/default/volumes             request.body: {'name': 'vol_72261fa9-9d10-4a48-aee1-0846aea93cff', 'size': '1 gib', 'replicaCount': '3', 'compression': 'False', 'acl': {'values': ['ALLOW_NONE']}, 'IPAcl': {'values': ['ALLOW_NONE']}, 'sourceSnapshotUUID': None, 'sourceSnapshotName': None} ssl_verify: False
2026-10-10 03:57:40.769 87 WARNING py.warnings [None req-35a7696f-3321-4c9d-a1f9-abde1476c2c5 9637bddc21684272a0375312eebe6176 a59fa68e712649b1922045270f3798c5 - - - -] /var/lib/kolla/venv/lib/python3.12/site-packages/urllib3/connectionpool.py:1110: InsecureRequestWarning: Unverified HTTPS request is being made to host '[LB_IP_ADDRESS]'. Adding certificate verification is strongly advised. See: https://urllib3.readthedocs.io/en/latest/advanced-usage.html#tls-warnings
  warnings.warn(

2026-10-10 03:57:40.792 87 INFO cinder.volume.drivers.lightos [None req-35a7696f-3321-4c9d-a1f9-abde1476c2c5 9637bddc21684272a0375312eebe6176 a59fa68e712649b1922045270f3798c5 - - - -] Invoking get_volume using GET url: /api/v2/projects/default/volumes/8bba25eb-47ac-4b6f-868f-9610344477e9             request.body: {} ssl_verify: False
2026-10-10 03:57:40.834 87 WARNING py.warnings [None req-35a7696f-3321-4c9d-a1f9-abde1476c2c5 9637bddc21684272a0375312eebe6176 a59fa68e712649b1922045270f3798c5 - - - -] /var/lib/kolla/venv/lib/python3.12/site-packages/urllib3/connectionpool.py:1110: InsecureRequestWarning: Unverified HTTPS request is being made to host '[LB_IP_ADDRESS]'. Adding certificate verification is strongly advised. See: https://urllib3.readthedocs.io/en/latest/advanced-usage.html#tls-warnings
  warnings.warn(

2026-10-10 03:57:40.873 87 INFO cinder.volume.flows.manager.create_volume [None req-35a7696f-3321-4c9d-a1f9-abde1476c2c5 9637bddc21684272a0375312eebe6176 a59fa68e712649b1922045270f3798c5 - - - -] Volume vol_72261fa9-9d10-4a48-aee1-0846aea93cff (72261fa9-9d10-4a48-aee1-0846aea93cff): created successfully
2026-10-10 03:57:40.882 87 INFO cinder.volume.manager [None req-35a7696f-3321-4c9d-a1f9-abde1476c2c5 9637bddc21684272a0375312eebe6176 a59fa68e712649b1922045270f3798c5 - - - -] Created volume successfully.
2026-10-10 03:57:41.130 87 INFO cinder.volume.flows.manager.create_volume [None req-3afa996a-5b27-48a4-b376-fa19bf1de297 9637bddc21684272a0375312eebe6176 a59fa68e712649b1922045270f3798c5 - - - -] Volume b0f91443-c23a-4cd6-9bea-d0a16c7a90e7: being created as raw with specification: {'status': 'creating', 'volume_name': 'vol_b0f91443-c23a-4cd6-9bea-d0a16c7a90e7', 'volume_size': 1}
2026-10-10 03:57:41.130 87 INFO cinder.volume.drivers.lightos [None req-3afa996a-5b27-48a4-b376-fa19bf1de297 9637bddc21684272a0375312eebe6176 a59fa68e712649b1922045270f3798c5 - - - -] Invoking get_volume_by_name using GET url: /api/v2/projects/default/volumes/?name=vol_b0f91443-c23a-4cd6-9bea-d0a16c7a90e7             request.body: {} ssl_verify: False
2026-10-10 03:57:41.162 87 WARNING py.warnings [None req-3afa996a-5b27-48a4-b376-fa19bf1de297 9637bddc21684272a0375312eebe6176 a59fa68e712649b1922045270f3798c5 - - - -] /var/lib/kolla/venv/lib/python3.12/site-packages/urllib3/connectionpool.py:1110: InsecureRequestWarning: Unverified HTTPS request is being made to host '[LB_IP_ADDRESS]'. Adding certificate verification is strongly advised. See: https://urllib3.readthedocs.io/en/latest/advanced-usage.html#tls-warnings
  warnings.warn(

2026-10-10 03:57:41.169 87 INFO cinder.volume.drivers.lightos [None req-3afa996a-5b27-48a4-b376-fa19bf1de297 9637bddc21684272a0375312eebe6176 a59fa68e712649b1922045270f3798c5 - - - -] Invoking create_volume using POST url: /api/v2/projects/default/volumes             request.body: {'name': 'vol_b0f91443-c23a-4cd6-9bea-d0a16c7a90e7', 'size': '1 gib', 'replicaCount': '3', 'compression': 'False', 'acl': {'values': ['ALLOW_NONE']}, 'IPAcl': {'values': ['ALLOW_NONE']}, 'sourceSnapshotUUID': None, 'sourceSnapshotName': None} ssl_verify: False
2026-10-10 03:57:41.202 87 WARNING py.warnings [None req-3afa996a-5b27-48a4-b376-fa19bf1de297 9637bddc21684272a0375312eebe6176 a59fa68e712649b1922045270f3798c5 - - - -] /var/lib/kolla/venv/lib/python3.12/site-packages/urllib3/connectionpool.py:1110: InsecureRequestWarning: Unverified HTTPS request is being made to host '[LB_IP_ADDRESS]'. Adding certificate verification is strongly advised. See: https://urllib3.readthedocs.io/en/latest/advanced-usage.html#tls-warnings
  warnings.warn(

2026-10-10 03:57:41.223 87 INFO cinder.volume.drivers.lightos [None req-3afa996a-5b27-48a4-b376-fa19bf1de297 9637bddc21684272a0375312eebe6176 a59fa68e712649b1922045270f3798c5 - - - -] Invoking get_volume using GET url: /api/v2/projects/default/volumes/8e5f1623-c08e-4759-9ce7-4289060067bd             request.body: {} ssl_verify: False
2026-10-10 03:57:41.263 87 WARNING py.warnings [None req-3afa996a-5b27-48a4-b376-fa19bf1de297 9637bddc21684272a0375312eebe6176 a59fa68e712649b1922045270f3798c5 - - - -] /var/lib/kolla/venv/lib/python3.12/site-packages/urllib3/connectionpool.py:1110: InsecureRequestWarning: Unverified HTTPS request is being made to host '[LB_IP_ADDRESS]'. Adding certificate verification is strongly advised. See: https://urllib3.readthedocs.io/en/latest/advanced-usage.html#tls-warnings
  warnings.warn(

2026-10-10 03:57:41.290 87 INFO cinder.volume.drivers.lightos [None req-4cdc0b57-b8c6-4b45-a9b7-4fa029c03213 09003f1dd3d640689c73a3d479937109 a0a67d83a171496b9976b81e9b2932f6 - - - -] Invoking get_snapshot_by_name using GET url: /api/v2/projects/default/snapshots/?Name=snapshot-edcffebe-de53-41da-85c3-0de4a00c16c5             request.body: {} ssl_verify: False
2026-10-10 03:57:41.331 87 WARNING py.warnings [None req-4cdc0b57-b8c6-4b45-a9b7-4fa029c03213 09003f1dd3d640689c73a3d479937109 a0a67d83a171496b9976b81e9b2932f6 - - - -] /var/lib/kolla/venv/lib/python3.12/site-packages/urllib3/connectionpool.py:1110: InsecureRequestWarning: Unverified HTTPS request is being made to host '[LB_IP_ADDRESS]'. Adding certificate verification is strongly advised. See: https://urllib3.readthedocs.io/en/latest/advanced-usage.html#tls-warnings
  warnings.warn(

2026-10-10 03:57:41.356 87 INFO cinder.volume.manager [None req-4cdc0b57-b8c6-4b45-a9b7-4fa029c03213 09003f1dd3d640689c73a3d479937109 a0a67d83a171496b9976b81e9b2932f6 - - - -] Create snapshot completed successfully
2026-10-10 03:57:41.630 87 INFO cinder.volume.flows.manager.create_volume [None req-c9c0022b-3fea-4625-a09e-1ff9e173046e 9637bddc21684272a0375312eebe6176 a59fa68e712649b1922045270f3798c5 - - - -] Volume 7f850962-ca8f-4e32-a32e-d5d346ac6591: being created as raw with specification: {'status': 'creating', 'volume_name': 'vol_7f850962-ca8f-4e32-a32e-d5d346ac6591', 'volume_size': 1}
2026-10-10 03:57:41.630 87 INFO cinder.volume.drivers.lightos [None req-c9c0022b-3fea-4625-a09e-1ff9e173046e 9637bddc21684272a0375312eebe6176 a59fa68e712649b1922045270f3798c5 - - - -] Invoking get_volume_by_name using GET url: /api/v2/projects/default/volumes/?name=vol_7f850962-ca8f-4e32-a32e-d5d346ac6591             request.body: {} ssl_verify: False
2026-10-10 03:57:41.667 87 WARNING py.warnings [None req-c9c0022b-3fea-4625-a09e-1ff9e173046e 9637bddc21684272a0375312eebe6176 a59fa68e712649b1922045270f3798c5 - - - -] /var/lib/kolla/venv/lib/python3.12/site-packages/urllib3/connectionpool.py:1110: InsecureRequestWarning: Unverified HTTPS request is being made to host '[LB_IP_ADDRESS]'. Adding certificate verification is strongly advised. See: https://urllib3.readthedocs.io/en/latest/advanced-usage.html#tls-warnings
  warnings.warn(

2026-10-10 03:57:41.678 87 INFO cinder.volume.drivers.lightos [None req-c9c0022b-3fea-4625-a09e-1ff9e173046e 9637bddc21684272a0375312eebe6176 a59fa68e712649b1922045270f3798c5 - - - -] Invoking create_volume using POST url: /api/v2/projects/default/volumes             request.body: {'name': 'vol_7f850962-ca8f-4e32-a32e-d5d346ac6591', 'size': '1 gib', 'replicaCount': '3', 'compression': 'False', 'acl': {'values': ['ALLOW_NONE']}, 'IPAcl': {'values': ['ALLOW_NONE']}, 'sourceSnapshotUUID': None, 'sourceSnapshotName': None} ssl_verify: False
2026-10-10 03:57:41.727 87 WARNING py.warnings [None req-c9c0022b-3fea-4625-a09e-1ff9e173046e 9637bddc21684272a0375312eebe6176 a59fa68e712649b1922045270f3798c5 - - - -] /var/lib/kolla/venv/lib/python3.12/site-packages/urllib3/connectionpool.py:1110: InsecureRequestWarning: Unverified HTTPS request is being made to host '[LB_IP_ADDRESS]'. Adding certificate verification is strongly advised. See: https://urllib3.readthedocs.io/en/latest/advanced-usage.html#tls-warnings
  warnings.warn(

2026-10-10 03:57:41.741 87 INFO cinder.volume.drivers.lightos [None req-bd5eef9c-95b0-4262-bf92-3d2bf6b4e666 46c752ee28ab48fcbe0a38fc0d6fbe62 717c5454254d409eb83cb2335a446330 - - default default] Invoking delete_volume using DELETE url: /api/v2/projects/default/volumes/58273ad4-3cb7-49a2-aa3d-e7dfa752455f?             request.body:  ssl_verify: False
2026-10-10 03:57:41.771 87 INFO cinder.volume.drivers.lightos [None req-c9c0022b-3fea-4625-a09e-1ff9e173046e 9637bddc21684272a0375312eebe6176 a59fa68e712649b1922045270f3798c5 - - - -] Invoking get_volume using GET url: /api/v2/projects/default/volumes/749c3f61-53ae-4bfd-b376-7e7a2688c547             request.body: {} ssl_verify: False
2026-10-10 03:57:41.800 87 WARNING py.warnings [None req-bd5eef9c-95b0-4262-bf92-3d2bf6b4e666 46c752ee28ab48fcbe0a38fc0d6fbe62 717c5454254d409eb83cb2335a446330 - - default default] /var/lib/kolla/venv/lib/python3.12/site-packages/urllib3/connectionpool.py:1110: InsecureRequestWarning: Unverified HTTPS request is being made to host '[LB_IP_ADDRESS]'. Adding certificate verification is strongly advised. See: https://urllib3.readthedocs.io/en/latest/advanced-usage.html#tls-warnings
  warnings.warn(

2026-10-10 03:57:41.819 87 WARNING py.warnings [None req-c9c0022b-3fea-4625-a09e-1ff9e173046e 9637bddc21684272a0375312eebe6176 a59fa68e712649b1922045270f3798c5 - - - -] /var/lib/kolla/venv/lib/python3.12/site-packages/urllib3/connectionpool.py:1110: InsecureRequestWarning: Unverified HTTPS request is being made to host '[LB_IP_ADDRESS]'. Adding certificate verification is strongly advised. See: https://urllib3.readthedocs.io/en/latest/advanced-usage.html#tls-warnings
  warnings.warn(

2026-10-10 03:57:41.863 87 INFO cinder.volume.flows.manager.create_volume [None req-c9c0022b-3fea-4625-a09e-1ff9e173046e 9637bddc21684272a0375312eebe6176 a59fa68e712649b1922045270f3798c5 - - - -] Volume vol_7f850962-ca8f-4e32-a32e-d5d346ac6591 (7f850962-ca8f-4e32-a32e-d5d346ac6591): created successfully
2026-10-10 03:57:41.871 87 INFO cinder.volume.manager [None req-c9c0022b-3fea-4625-a09e-1ff9e173046e 9637bddc21684272a0375312eebe6176 a59fa68e712649b1922045270f3798c5 - - - -] Created volume successfully.
2026-10-10 03:57:41.877 87 INFO cinder.volume.drivers.lightos [None req-bd5eef9c-95b0-4262-bf92-3d2bf6b4e666 46c752ee28ab48fcbe0a38fc0d6fbe62 717c5454254d409eb83cb2335a446330 - - default default] Invoking get_volume using GET url: /api/v2/projects/default/volumes/58273ad4-3cb7-49a2-aa3d-e7dfa752455f             request.body: {} ssl_verify: False
2026-10-10 03:57:41.915 87 WARNING py.warnings [None req-bd5eef9c-95b0-4262-bf92-3d2bf6b4e666 46c752ee28ab48fcbe0a38fc0d6fbe62 717c5454254d409eb83cb2335a446330 - - default default] /var/lib/kolla/venv/lib/python3.12/site-packages/urllib3/connectionpool.py:1110: InsecureRequestWarning: Unverified HTTPS request is being made to host '[LB_IP_ADDRESS]'. Adding certificate verification is strongly advised. See: https://urllib3.readthedocs.io/en/latest/advanced-usage.html#tls-warnings
  warnings.warn(

2026-10-10 03:57:42.094 87 INFO cinder.volume.flows.manager.create_volume [None req-9e30b2aa-6595-4f7a-8ef3-cc62f6d6194c 9637bddc21684272a0375312eebe6176 a59fa68e712649b1922045270f3798c5 - - - -] Volume cea7350d-f7bb-4eb9-b14f-3bb741f4c6ef: being created as raw with specification: {'status': 'creating', 'volume_name': 'vol_cea7350d-f7bb-4eb9-b14f-3bb741f4c6ef', 'volume_size': 1}
2026-10-10 03:57:42.094 87 INFO cinder.volume.drivers.lightos [None req-9e30b2aa-6595-4f7a-8ef3-cc62f6d6194c 9637bddc21684272a0375312eebe6176 a59fa68e712649b1922045270f3798c5 - - - -] Invoking get_volume_by_name using GET url: /api/v2/projects/default/volumes/?name=vol_cea7350d-f7bb-4eb9-b14f-3bb741f4c6ef             request.body: {} ssl_verify: False
2026-10-10 03:57:42.128 87 WARNING py.warnings [None req-9e30b2aa-6595-4f7a-8ef3-cc62f6d6194c 9637bddc21684272a0375312eebe6176 a59fa68e712649b1922045270f3798c5 - - - -] /var/lib/kolla/venv/lib/python3.12/site-packages/urllib3/connectionpool.py:1110: InsecureRequestWarning: Unverified HTTPS request is being made to host '[LB_IP_ADDRESS]'. Adding certificate verification is strongly advised. See: https://urllib3.readthedocs.io/en/latest/advanced-usage.html#tls-warnings
  warnings.warn(

2026-10-10 03:57:42.135 87 INFO cinder.volume.drivers.lightos [None req-9e30b2aa-6595-4f7a-8ef3-cc62f6d6194c 9637bddc21684272a0375312eebe6176 a59fa68e712649b1922045270f3798c5 - - - -] Invoking create_volume using POST url: /api/v2/projects/default/volumes             request.body: {'name': 'vol_cea7350d-f7bb-4eb9-b14f-3bb741f4c6ef', 'size': '1 gib', 'replicaCount': '3', 'compression': 'False', 'acl': {'values': ['ALLOW_NONE']}, 'IPAcl': {'values': ['ALLOW_NONE']}, 'sourceSnapshotUUID': None, 'sourceSnapshotName': None} ssl_verify: False
2026-10-10 03:57:42.137 87 INFO cinder.volume.manager [None req-bd5eef9c-95b0-4262-bf92-3d2bf6b4e666 46c752ee28ab48fcbe0a38fc0d6fbe62 717c5454254d409eb83cb2335a446330 - - default default] Deleted volume successfully.
2026-10-10 03:57:42.169 87 WARNING py.warnings [None req-9e30b2aa-6595-4f7a-8ef3-cc62f6d6194c 9637bddc21684272a0375312eebe6176 a59fa68e712649b1922045270f3798c5 - - - -] /var/lib/kolla/venv/lib/python3.12/site-packages/urllib3/connectionpool.py:1110: InsecureRequestWarning: Unverified HTTPS request is being made to host '[LB_IP_ADDRESS]'. Adding certificate verification is strongly advised. See: https://urllib3.readthedocs.io/en/latest/advanced-usage.html#tls-warnings
  warnings.warn(

2026-10-10 03:57:42.189 87 INFO cinder.volume.drivers.lightos [None req-9e30b2aa-6595-4f7a-8ef3-cc62f6d6194c 9637bddc21684272a0375312eebe6176 a59fa68e712649b1922045270f3798c5 - - - -] Invoking get_volume using GET url: /api/v2/projects/default/volumes/aa1e8060-e100-4f6a-b2d1-caa46881a3ac             request.body: {} ssl_verify: False
2026-10-10 03:57:42.240 87 WARNING py.warnings [None req-9e30b2aa-6595-4f7a-8ef3-cc62f6d6194c 9637bddc21684272a0375312eebe6176 a59fa68e712649b1922045270f3798c5 - - - -] /var/lib/kolla/venv/lib/python3.12/site-packages/urllib3/connectionpool.py:1110: InsecureRequestWarning: Unverified HTTPS request is being made to host '[LB_IP_ADDRESS]'. Adding certificate verification is strongly advised. See: https://urllib3.readthedocs.io/en/latest/advanced-usage.html#tls-warnings
  warnings.warn(

2026-10-10 03:57:42.277 87 INFO cinder.volume.flows.manager.create_volume [None req-9e30b2aa-6595-4f7a-8ef3-cc62f6d6194c 9637bddc21684272a0375312eebe6176 a59fa68e712649b1922045270f3798c5 - - - -] Volume vol_cea7350d-f7bb-4eb9-b14f-3bb741f4c6ef (cea7350d-f7bb-4eb9-b14f-3bb741f4c6ef): created successfully
2026-10-10 03:57:42.288 87 INFO cinder.volume.drivers.lightos [None req-3afa996a-5b27-48a4-b376-fa19bf1de297 9637bddc21684272a0375312eebe6176 a59fa68e712649b1922045270f3798c5 - - - -] Invoking get_volume using GET url: /api/v2/projects/default/volumes/8e5f1623-c08e-4759-9ce7-4289060067bd             request.body: {} ssl_verify: False
2026-10-10 03:57:42.320 87 INFO cinder.volume.manager [None req-9e30b2aa-6595-4f7a-8ef3-cc62f6d6194c 9637bddc21684272a0375312eebe6176 a59fa68e712649b1922045270f3798c5 - - - -] Created volume successfully.
2026-10-10 03:57:42.324 87 WARNING py.warnings [None req-3afa996a-5b27-48a4-b376-fa19bf1de297 9637bddc21684272a0375312eebe6176 a59fa68e712649b1922045270f3798c5 - - - -] /var/lib/kolla/venv/lib/python3.12/site-packages/urllib3/connectionpool.py:1110: InsecureRequestWarning: Unverified HTTPS request is being made to host '[LB_IP_ADDRESS]'. Adding certificate verification is strongly advised. See: https://urllib3.readthedocs.io/en/latest/advanced-usage.html#tls-warnings
  warnings.warn(

2026-10-10 03:57:42.350 87 INFO cinder.volume.flows.manager.create_volume [None req-3afa996a-5b27-48a4-b376-fa19bf1de297 9637bddc21684272a0375312eebe6176 a59fa68e712649b1922045270f3798c5 - - - -] Volume vol_b0f91443-c23a-4cd6-9bea-d0a16c7a90e7 (b0f91443-c23a-4cd6-9bea-d0a16c7a90e7): created successfully
2026-10-10 03:57:42.358 87 INFO cinder.volume.manager [None req-3afa996a-5b27-48a4-b376-fa19bf1de297 9637bddc21684272a0375312eebe6176 a59fa68e712649b1922045270f3798c5 - - - -] Created volume successfully.
2026-10-10 03:57:42.553 87 INFO cinder.volume.flows.manager.create_volume [None req-ec9ed5a6-eff1-4aec-af05-b15731dc47a6 09003f1dd3d640689c73a3d479937109 a0a67d83a171496b9976b81e9b2932f6 - - - -] Volume e00883ad-ffc6-44bd-802d-fd5375a809a7: being created as raw with specification: {'status': 'creating', 'volume_name': 'vol_e00883ad-ffc6-44bd-802d-fd5375a809a7', 'volume_size': 1}
2026-10-10 03:57:42.553 87 INFO cinder.volume.drivers.lightos [None req-ec9ed5a6-eff1-4aec-af05-b15731dc47a6 09003f1dd3d640689c73a3d479937109 a0a67d83a171496b9976b81e9b2932f6 - - - -] Invoking get_volume_by_name using GET url: /api/v2/projects/default/volumes/?name=vol_e00883ad-ffc6-44bd-802d-fd5375a809a7             request.body: {} ssl_verify: False
2026-10-10 03:57:42.590 87 WARNING py.warnings [None req-ec9ed5a6-eff1-4aec-af05-b15731dc47a6 09003f1dd3d640689c73a3d479937109 a0a67d83a171496b9976b81e9b2932f6 - - - -] /var/lib/kolla/venv/lib/python3.12/site-packages/urllib3/connectionpool.py:1110: InsecureRequestWarning: Unverified HTTPS request is being made to host '[LB_IP_ADDRESS]'. Adding certificate verification is strongly advised. See: https://urllib3.readthedocs.io/en/latest/advanced-usage.html#tls-warnings
  warnings.warn(

2026-10-10 03:57:42.601 87 INFO cinder.volume.drivers.lightos [None req-ec9ed5a6-eff1-4aec-af05-b15731dc47a6 09003f1dd3d640689c73a3d479937109 a0a67d83a171496b9976b81e9b2932f6 - - - -] Invoking create_volume using POST url: /api/v2/projects/default/volumes             request.body: {'name': 'vol_e00883ad-ffc6-44bd-802d-fd5375a809a7', 'size': '1 gib', 'replicaCount': '3', 'compression': 'False', 'acl': {'values': ['ALLOW_NONE']}, 'IPAcl': {'values': ['ALLOW_NONE']}, 'sourceSnapshotUUID': None, 'sourceSnapshotName': None} ssl_verify: False
2026-10-10 03:57:42.646 87 WARNING py.warnings [None req-ec9ed5a6-eff1-4aec-af05-b15731dc47a6 09003f1dd3d640689c73a3d479937109 a0a67d83a171496b9976b81e9b2932f6 - - - -] /var/lib/kolla/venv/lib/python3.12/site-packages/urllib3/connectionpool.py:1110: InsecureRequestWarning: Unverified HTTPS request is being made to host '[LB_IP_ADDRESS]'. Adding certificate verification is strongly advised. See: https://urllib3.readthedocs.io/en/latest/advanced-usage.html#tls-warnings
  warnings.warn(

2026-10-10 03:57:42.672 87 INFO cinder.volume.drivers.lightos [None req-ec9ed5a6-eff1-4aec-af05-b15731dc47a6 09003f1dd3d640689c73a3d479937109 a0a67d83a171496b9976b81e9b2932f6 - - - -] Invoking get_volume using GET url: /api/v2/projects/default/volumes/745666ff-b962-4181-af09-2c2b9fcb5f5a             request.body: {} ssl_verify: False
2026-10-10 03:57:42.724 87 WARNING py.warnings [None req-ec9ed5a6-eff1-4aec-af05-b15731dc47a6 09003f1dd3d640689c73a3d479937109 a0a67d83a171496b9976b81e9b2932f6 - - - -] /var/lib/kolla/venv/lib/python3.12/site-packages/urllib3/connectionpool.py:1110: InsecureRequestWarning: Unverified HTTPS request is being made to host '[LB_IP_ADDRESS]'. Adding certificate verification is strongly advised. See: https://urllib3.readthedocs.io/en/latest/advanced-usage.html#tls-warnings
  warnings.warn(

2026-10-10 03:57:42.762 87 INFO cinder.volume.flows.manager.create_volume [None req-ec9ed5a6-eff1-4aec-af05-b15731dc47a6 09003f1dd3d640689c73a3d479937109 a0a67d83a171496b9976b81e9b2932f6 - - - -] Volume vol_e00883ad-ffc6-44bd-802d-fd5375a809a7 (e00883ad-ffc6-44bd-802d-fd5375a809a7): created successfully
2026-10-10 03:57:42.770 87 INFO cinder.volume.manager [None req-ec9ed5a6-eff1-4aec-af05-b15731dc47a6 09003f1dd3d640689c73a3d479937109 a0a67d83a171496b9976b81e9b2932f6 - - - -] Created volume successfully.
2026-10-10 03:57:42.871 87 INFO cinder.volume.drivers.lightos [None req-88ea6e81-1c0a-4913-8973-5a5d96a9716f 46c752ee28ab48fcbe0a38fc0d6fbe62 717c5454254d409eb83cb2335a446330 - - default default] Invoking delete_volume using DELETE url: /api/v2/projects/default/volumes/96f59db5-42ee-452c-be63-e4fa8fa9fa1d?             request.body:  ssl_verify: False
2026-10-10 03:57:42.907 87 WARNING py.warnings [None req-88ea6e81-1c0a-4913-8973-5a5d96a9716f 46c752ee28ab48fcbe0a38fc0d6fbe62 717c5454254d409eb83cb2335a446330 - - default default] /var/lib/kolla/venv/lib/python3.12/site-packages/urllib3/connectionpool.py:1110: InsecureRequestWarning: Unverified HTTPS request is being made to host '[LB_IP_ADDRESS]'. Adding certificate verification is strongly advised. See: https://urllib3.readthedocs.io/en/latest/advanced-usage.html#tls-warnings
  warnings.warn(

2026-10-10 03:57:42.932 87 INFO cinder.volume.drivers.lightos [None req-88ea6e81-1c0a-4913-8973-5a5d96a9716f 46c752ee28ab48fcbe0a38fc0d6fbe62 717c5454254d409eb83cb2335a446330 - - default default] Invoking get_volume using GET url: /api/v2/projects/default/volumes/96f59db5-42ee-452c-be63-e4fa8fa9fa1d             request.body: {} ssl_verify: False
2026-10-10 03:57:42.976 87 WARNING py.warnings [None req-88ea6e81-1c0a-4913-8973-5a5d96a9716f 46c752ee28ab48fcbe0a38fc0d6fbe62 717c5454254d409eb83cb2335a446330 - - default default] /var/lib/kolla/venv/lib/python3.12/site-packages/urllib3/connectionpool.py:1110: InsecureRequestWarning: Unverified HTTPS request is being made to host '[LB_IP_ADDRESS]'. Adding certificate verification is strongly advised. See: https://urllib3.readthedocs.io/en/latest/advanced-usage.html#tls-warnings
  warnings.warn(

2026-10-10 03:57:43.006 87 INFO cinder.volume.flows.manager.create_volume [None req-d849902d-3aa9-4d0d-936c-b214aa88b17d 09003f1dd3d640689c73a3d479937109 a0a67d83a171496b9976b81e9b2932f6 - - - -] Volume 146255ec-ad9e-43d4-9715-c4283f673e3b: being created as raw with specification: {'status': 'creating', 'volume_name': 'vol_146255ec-ad9e-43d4-9715-c4283f673e3b', 'volume_size': 1}
2026-10-10 03:57:43.006 87 INFO cinder.volume.drivers.lightos [None req-d849902d-3aa9-4d0d-936c-b214aa88b17d 09003f1dd3d640689c73a3d479937109 a0a67d83a171496b9976b81e9b2932f6 - - - -] Invoking get_volume_by_name using GET url: /api/v2/projects/default/volumes/?name=vol_146255ec-ad9e-43d4-9715-c4283f673e3b             request.body: {} ssl_verify: False
2026-10-10 03:57:43.040 87 WARNING py.warnings [None req-d849902d-3aa9-4d0d-936c-b214aa88b17d 09003f1dd3d640689c73a3d479937109 a0a67d83a171496b9976b81e9b2932f6 - - - -] /var/lib/kolla/venv/lib/python3.12/site-packages/urllib3/connectionpool.py:1110: InsecureRequestWarning: Unverified HTTPS request is being made to host '[LB_IP_ADDRESS]'. Adding certificate verification is strongly advised. See: https://urllib3.readthedocs.io/en/latest/advanced-usage.html#tls-warnings
  warnings.warn(

2026-10-10 03:57:43.047 87 INFO cinder.volume.drivers.lightos [None req-d849902d-3aa9-4d0d-936c-b214aa88b17d 09003f1dd3d640689c73a3d479937109 a0a67d83a171496b9976b81e9b2932f6 - - - -] Invoking create_volume using POST url: /api/v2/projects/default/volumes             request.body: {'name': 'vol_146255ec-ad9e-43d4-9715-c4283f673e3b', 'size': '1 gib', 'replicaCount': '3', 'compression': 'False', 'acl': {'values': ['ALLOW_NONE']}, 'IPAcl': {'values': ['ALLOW_NONE']}, 'sourceSnapshotUUID': None, 'sourceSnapshotName': None} ssl_verify: False
2026-10-10 03:57:43.122 87 WARNING py.warnings [None req-d849902d-3aa9-4d0d-936c-b214aa88b17d 09003f1dd3d640689c73a3d479937109 a0a67d83a171496b9976b81e9b2932f6 - - - -] /var/lib/kolla/venv/lib/python3.12/site-packages/urllib3/connectionpool.py:1110: InsecureRequestWarning: Unverified HTTPS request is being made to host '[LB_IP_ADDRESS]'. Adding certificate verification is strongly advised. See: https://urllib3.readthedocs.io/en/latest/advanced-usage.html#tls-warnings
  warnings.warn(

2026-10-10 03:57:43.140 87 INFO cinder.volume.drivers.lightos [None req-d849902d-3aa9-4d0d-936c-b214aa88b17d 09003f1dd3d640689c73a3d479937109 a0a67d83a171496b9976b81e9b2932f6 - - - -] Invoking get_volume using GET url: /api/v2/projects/default/volumes/6ede66d3-2b44-4648-b2af-2d00a052cd43             request.body: {} ssl_verify: False
2026-10-10 03:57:43.175 87 WARNING py.warnings [None req-d849902d-3aa9-4d0d-936c-b214aa88b17d 09003f1dd3d640689c73a3d479937109 a0a67d83a171496b9976b81e9b2932f6 - - - -] /var/lib/kolla/venv/lib/python3.12/site-packages/urllib3/connectionpool.py:1110: InsecureRequestWarning: Unverified HTTPS request is being made to host '[LB_IP_ADDRESS]'. Adding certificate verification is strongly advised. See: https://urllib3.readthedocs.io/en/latest/advanced-usage.html#tls-warnings
  warnings.warn(

2026-10-10 03:57:43.203 87 INFO cinder.volume.manager [None req-88ea6e81-1c0a-4913-8973-5a5d96a9716f 46c752ee28ab48fcbe0a38fc0d6fbe62 717c5454254d409eb83cb2335a446330 - - default default] Deleted volume successfully.
2026-10-10 03:57:43.384 87 INFO cinder.volume.drivers.lightos [None req-a743afc1-0e30-4626-b25f-299c19a59b46 9637bddc21684272a0375312eebe6176 a59fa68e712649b1922045270f3798c5 - - default default] Invoking delete_volume using DELETE url: /api/v2/projects/default/volumes/aa1e8060-e100-4f6a-b2d1-caa46881a3ac?             request.body:  ssl_verify: False
2026-10-10 03:57:43.427 87 WARNING py.warnings [None req-a743afc1-0e30-4626-b25f-299c19a59b46 9637bddc21684272a0375312eebe6176 a59fa68e712649b1922045270f3798c5 - - default default] /var/lib/kolla/venv/lib/python3.12/site-packages/urllib3/connectionpool.py:1110: InsecureRequestWarning: Unverified HTTPS request is being made to host '[LB_IP_ADDRESS]'. Adding certificate verification is strongly advised. See: https://urllib3.readthedocs.io/en/latest/advanced-usage.html#tls-warnings
  warnings.warn(

2026-10-10 03:57:43.443 87 INFO cinder.volume.flows.manager.create_volume [None req-d5f1e025-6d8b-4fd4-b8ed-588ba41d0318 09003f1dd3d640689c73a3d479937109 a0a67d83a171496b9976b81e9b2932f6 - - - -] Volume e044a865-0f4c-4cd7-b8d0-4ca6c03710ca: being created as raw with specification: {'status': 'creating', 'volume_name': 'vol_e044a865-0f4c-4cd7-b8d0-4ca6c03710ca', 'volume_size': 1}
2026-10-10 03:57:43.443 87 INFO cinder.volume.drivers.lightos [None req-d5f1e025-6d8b-4fd4-b8ed-588ba41d0318 09003f1dd3d640689c73a3d479937109 a0a67d83a171496b9976b81e9b2932f6 - - - -] Invoking get_volume_by_name using GET url: /api/v2/projects/default/volumes/?name=vol_e044a865-0f4c-4cd7-b8d0-4ca6c03710ca             request.body: {} ssl_verify: False
2026-10-10 03:57:43.472 87 INFO cinder.volume.drivers.lightos [None req-a743afc1-0e30-4626-b25f-299c19a59b46 9637bddc21684272a0375312eebe6176 a59fa68e712649b1922045270f3798c5 - - default default] Invoking get_volume using GET url: /api/v2/projects/default/volumes/aa1e8060-e100-4f6a-b2d1-caa46881a3ac             request.body: {} ssl_verify: False
2026-10-10 03:57:43.500 87 WARNING py.warnings [None req-d5f1e025-6d8b-4fd4-b8ed-588ba41d0318 09003f1dd3d640689c73a3d479937109 a0a67d83a171496b9976b81e9b2932f6 - - - -] /var/lib/kolla/venv/lib/python3.12/site-packages/urllib3/connectionpool.py:1110: InsecureRequestWarning: Unverified HTTPS request is being made to host '[LB_IP_ADDRESS]'. Adding certificate verification is strongly advised. See: https://urllib3.readthedocs.io/en/latest/advanced-usage.html#tls-warnings
  warnings.warn(

2026-10-10 03:57:43.537 87 WARNING py.warnings [None req-a743afc1-0e30-4626-b25f-299c19a59b46 9637bddc21684272a0375312eebe6176 a59fa68e712649b1922045270f3798c5 - - default default] /var/lib/kolla/venv/lib/python3.12/site-packages/urllib3/connectionpool.py:1110: InsecureRequestWarning: Unverified HTTPS request is being made to host '[LB_IP_ADDRESS]'. Adding certificate verification is strongly advised. See: https://urllib3.readthedocs.io/en/latest/advanced-usage.html#tls-warnings
  warnings.warn(

2026-10-10 03:57:43.552 87 INFO cinder.volume.drivers.lightos [None req-d5f1e025-6d8b-4fd4-b8ed-588ba41d0318 09003f1dd3d640689c73a3d479937109 a0a67d83a171496b9976b81e9b2932f6 - - - -] Invoking create_volume using POST url: /api/v2/projects/default/volumes             request.body: {'name': 'vol_e044a865-0f4c-4cd7-b8d0-4ca6c03710ca', 'size': '1 gib', 'replicaCount': '3', 'compression': 'False', 'acl': {'values': ['ALLOW_NONE']}, 'IPAcl': {'values': ['ALLOW_NONE']}, 'sourceSnapshotUUID': None, 'sourceSnapshotName': None} ssl_verify: False
2026-10-10 03:57:43.593 87 WARNING py.warnings [None req-d5f1e025-6d8b-4fd4-b8ed-588ba41d0318 09003f1dd3d640689c73a3d479937109 a0a67d83a171496b9976b81e9b2932f6 - - - -] /var/lib/kolla/venv/lib/python3.12/site-packages/urllib3/connectionpool.py:1110: InsecureRequestWarning: Unverified HTTPS request is being made to host '[LB_IP_ADDRESS]'. Adding certificate verification is strongly advised. See: https://urllib3.readthedocs.io/en/latest/advanced-usage.html#tls-warnings
  warnings.warn(

2026-10-10 03:57:43.613 87 INFO cinder.volume.drivers.lightos [None req-d5f1e025-6d8b-4fd4-b8ed-588ba41d0318 09003f1dd3d640689c73a3d479937109 a0a67d83a171496b9976b81e9b2932f6 - - - -] Invoking get_volume using GET url: /api/v2/projects/default/volumes/25b35558-1b99-486f-8716-a32e49232110             request.body: {} ssl_verify: False
2026-10-10 03:57:43.675 87 WARNING py.warnings [None req-d5f1e025-6d8b-4fd4-b8ed-588ba41d0318 09003f1dd3d640689c73a3d479937109 a0a67d83a171496b9976b81e9b2932f6 - - - -] /var/lib/kolla/venv/lib/python3.12/site-packages/urllib3/connectionpool.py:1110: InsecureRequestWarning: Unverified HTTPS request is being made to host '[LB_IP_ADDRESS]'. Adding certificate verification is strongly advised. See: https://urllib3.readthedocs.io/en/latest/advanced-usage.html#tls-warnings
  warnings.warn(

2026-10-10 03:57:43.699 87 INFO cinder.volume.flows.manager.create_volume [None req-d5f1e025-6d8b-4fd4-b8ed-588ba41d0318 09003f1dd3d640689c73a3d479937109 a0a67d83a171496b9976b81e9b2932f6 - - - -] Volume vol_e044a865-0f4c-4cd7-b8d0-4ca6c03710ca (e044a865-0f4c-4cd7-b8d0-4ca6c03710ca): created successfully
2026-10-10 03:57:43.706 87 INFO cinder.volume.manager [None req-d5f1e025-6d8b-4fd4-b8ed-588ba41d0318 09003f1dd3d640689c73a3d479937109 a0a67d83a171496b9976b81e9b2932f6 - - - -] Created volume successfully.
2026-10-10 03:57:43.734 87 INFO cinder.volume.manager [None req-a743afc1-0e30-4626-b25f-299c19a59b46 9637bddc21684272a0375312eebe6176 a59fa68e712649b1922045270f3798c5 - - default default] Deleted volume successfully.
2026-10-10 03:57:43.860 87 INFO cinder.volume.flows.manager.create_volume [None req-e46ba4c6-c83e-40cc-979f-f0345be5d5e7 09003f1dd3d640689c73a3d479937109 a0a67d83a171496b9976b81e9b2932f6 - - - -] Volume 1232f812-831e-4b2b-a5dc-239a74e9a29a: being created as raw with specification: {'status': 'creating', 'volume_name': 'vol_1232f812-831e-4b2b-a5dc-239a74e9a29a', 'volume_size': 1}
2026-10-10 03:57:43.860 87 INFO cinder.volume.drivers.lightos [None req-e46ba4c6-c83e-40cc-979f-f0345be5d5e7 09003f1dd3d640689c73a3d479937109 a0a67d83a171496b9976b81e9b2932f6 - - - -] Invoking get_volume_by_name using GET url: /api/v2/projects/default/volumes/?name=vol_1232f812-831e-4b2b-a5dc-239a74e9a29a             request.body: {} ssl_verify: False
2026-10-10 03:57:43.897 87 WARNING py.warnings [None req-e46ba4c6-c83e-40cc-979f-f0345be5d5e7 09003f1dd3d640689c73a3d479937109 a0a67d83a171496b9976b81e9b2932f6 - - - -] /var/lib/kolla/venv/lib/python3.12/site-packages/urllib3/connectionpool.py:1110: InsecureRequestWarning: Unverified HTTPS request is being made to host '[LB_IP_ADDRESS]'. Adding certificate verification is strongly advised. See: https://urllib3.readthedocs.io/en/latest/advanced-usage.html#tls-warnings
  warnings.warn(

2026-10-10 03:57:43.906 87 INFO cinder.volume.drivers.lightos [None req-e46ba4c6-c83e-40cc-979f-f0345be5d5e7 09003f1dd3d640689c73a3d479937109 a0a67d83a171496b9976b81e9b2932f6 - - - -] Invoking create_volume using POST url: /api/v2/projects/default/volumes             request.body: {'name': 'vol_1232f812-831e-4b2b-a5dc-239a74e9a29a', 'size': '1 gib', 'replicaCount': '3', 'compression': 'False', 'acl': {'values': ['ALLOW_NONE']}, 'IPAcl': {'values': ['ALLOW_NONE']}, 'sourceSnapshotUUID': None, 'sourceSnapshotName': None} ssl_verify: False
2026-10-10 03:57:43.944 87 WARNING py.warnings [None req-e46ba4c6-c83e-40cc-979f-f0345be5d5e7 09003f1dd3d640689c73a3d479937109 a0a67d83a171496b9976b81e9b2932f6 - - - -] /var/lib/kolla/venv/lib/python3.12/site-packages/urllib3/connectionpool.py:1110: InsecureRequestWarning: Unverified HTTPS request is being made to host '[LB_IP_ADDRESS]'. Adding certificate verification is strongly advised. See: https://urllib3.readthedocs.io/en/latest/advanced-usage.html#tls-warnings
  warnings.warn(

2026-10-10 03:57:43.971 87 INFO cinder.volume.drivers.lightos [None req-e46ba4c6-c83e-40cc-979f-f0345be5d5e7 09003f1dd3d640689c73a3d479937109 a0a67d83a171496b9976b81e9b2932f6 - - - -] Invoking get_volume using GET url: /api/v2/projects/default/volumes/d8fcd621-3b68-4941-b4ca-833c84321820             request.body: {} ssl_verify: False
2026-10-10 03:57:44.023 87 INFO cinder.volume.drivers.lightos [None req-e7e043fb-0847-471d-85db-726892539bcf 46c752ee28ab48fcbe0a38fc0d6fbe62 717c5454254d409eb83cb2335a446330 - - default default] Invoking delete_volume using DELETE url: /api/v2/projects/default/volumes/4fc02cb1-0152-4952-abed-82c6ac7c1500?             request.body:  ssl_verify: False
2026-10-10 03:57:44.051 87 WARNING py.warnings [None req-e46ba4c6-c83e-40cc-979f-f0345be5d5e7 09003f1dd3d640689c73a3d479937109 a0a67d83a171496b9976b81e9b2932f6 - - - -] /var/lib/kolla/venv/lib/python3.12/site-packages/urllib3/connectionpool.py:1110: InsecureRequestWarning: Unverified HTTPS request is being made to host '[LB_IP_ADDRESS]'. Adding certificate verification is strongly advised. See: https://urllib3.readthedocs.io/en/latest/advanced-usage.html#tls-warnings
  warnings.warn(

2026-10-10 03:57:44.057 87 WARNING py.warnings [None req-e7e043fb-0847-471d-85db-726892539bcf 46c752ee28ab48fcbe0a38fc0d6fbe62 717c5454254d409eb83cb2335a446330 - - default default] /var/lib/kolla/venv/lib/python3.12/site-packages/urllib3/connectionpool.py:1110: InsecureRequestWarning: Unverified HTTPS request is being made to host '[LB_IP_ADDRESS]'. Adding certificate verification is strongly advised. See: https://urllib3.readthedocs.io/en/latest/advanced-usage.html#tls-warnings
  warnings.warn(

2026-10-10 03:57:44.082 87 INFO cinder.volume.flows.manager.create_volume [None req-e46ba4c6-c83e-40cc-979f-f0345be5d5e7 09003f1dd3d640689c73a3d479937109 a0a67d83a171496b9976b81e9b2932f6 - - - -] Volume vol_1232f812-831e-4b2b-a5dc-239a74e9a29a (1232f812-831e-4b2b-a5dc-239a74e9a29a): created successfully
2026-10-10 03:57:44.090 87 INFO cinder.volume.manager [None req-e46ba4c6-c83e-40cc-979f-f0345be5d5e7 09003f1dd3d640689c73a3d479937109 a0a67d83a171496b9976b81e9b2932f6 - - - -] Created volume successfully.
2026-10-10 03:57:44.096 87 INFO cinder.volume.drivers.lightos [None req-e7e043fb-0847-471d-85db-726892539bcf 46c752ee28ab48fcbe0a38fc0d6fbe62 717c5454254d409eb83cb2335a446330 - - default default] Invoking get_volume using GET url: /api/v2/projects/default/volumes/4fc02cb1-0152-4952-abed-82c6ac7c1500             request.body: {} ssl_verify: False
2026-10-10 03:57:44.127 87 WARNING py.warnings [None req-e7e043fb-0847-471d-85db-726892539bcf 46c752ee28ab48fcbe0a38fc0d6fbe62 717c5454254d409eb83cb2335a446330 - - default default] /var/lib/kolla/venv/lib/python3.12/site-packages/urllib3/connectionpool.py:1110: InsecureRequestWarning: Unverified HTTPS request is being made to host '[LB_IP_ADDRESS]'. Adding certificate verification is strongly advised. See: https://urllib3.readthedocs.io/en/latest/advanced-usage.html#tls-warnings
  warnings.warn(

2026-10-10 03:57:44.191 87 INFO cinder.volume.drivers.lightos [None req-d849902d-3aa9-4d0d-936c-b214aa88b17d 09003f1dd3d640689c73a3d479937109 a0a67d83a171496b9976b81e9b2932f6 - - - -] Invoking get_volume using GET url: /api/v2/projects/default/volumes/6ede66d3-2b44-4648-b2af-2d00a052cd43             request.body: {} ssl_verify: False
2026-10-10 03:57:44.234 87 WARNING py.warnings [None req-d849902d-3aa9-4d0d-936c-b214aa88b17d 09003f1dd3d640689c73a3d479937109 a0a67d83a171496b9976b81e9b2932f6 - - - -] /var/lib/kolla/venv/lib/python3.12/site-packages/urllib3/connectionpool.py:1110: InsecureRequestWarning: Unverified HTTPS request is being made to host '[LB_IP_ADDRESS]'. Adding certificate verification is strongly advised. See: https://urllib3.readthedocs.io/en/latest/advanced-usage.html#tls-warnings
  warnings.warn(

2026-10-10 03:57:44.256 87 INFO cinder.volume.flows.manager.create_volume [None req-d849902d-3aa9-4d0d-936c-b214aa88b17d 09003f1dd3d640689c73a3d479937109 a0a67d83a171496b9976b81e9b2932f6 - - - -] Volume vol_146255ec-ad9e-43d4-9715-c4283f673e3b (146255ec-ad9e-43d4-9715-c4283f673e3b): created successfully
2026-10-10 03:57:44.263 87 INFO cinder.volume.manager [None req-d849902d-3aa9-4d0d-936c-b214aa88b17d 09003f1dd3d640689c73a3d479937109 a0a67d83a171496b9976b81e9b2932f6 - - - -] Created volume successfully.
2026-10-10 03:57:44.336 87 INFO cinder.volume.flows.manager.create_volume [None req-386be7be-5e36-40c3-97d6-847c3ea52b87 09003f1dd3d640689c73a3d479937109 a0a67d83a171496b9976b81e9b2932f6 - - - -] Volume 1d6a5c52-1bf6-4592-8a39-2d142b1a83fa: being created as raw with specification: {'status': 'creating', 'volume_name': 'vol_1d6a5c52-1bf6-4592-8a39-2d142b1a83fa', 'volume_size': 1}
2026-10-10 03:57:44.337 87 INFO cinder.volume.drivers.lightos [None req-386be7be-5e36-40c3-97d6-847c3ea52b87 09003f1dd3d640689c73a3d479937109 a0a67d83a171496b9976b81e9b2932f6 - - - -] Invoking get_volume_by_name using GET url: /api/v2/projects/default/volumes/?name=vol_1d6a5c52-1bf6-4592-8a39-2d142b1a83fa             request.body: {} ssl_verify: False
2026-10-10 03:57:44.371 87 WARNING py.warnings [None req-386be7be-5e36-40c3-97d6-847c3ea52b87 09003f1dd3d640689c73a3d479937109 a0a67d83a171496b9976b81e9b2932f6 - - - -] /var/lib/kolla/venv/lib/python3.12/site-packages/urllib3/connectionpool.py:1110: InsecureRequestWarning: Unverified HTTPS request is being made to host '[LB_IP_ADDRESS]'. Adding certificate verification is strongly advised. See: https://urllib3.readthedocs.io/en/latest/advanced-usage.html#tls-warnings
  warnings.warn(

2026-10-10 03:57:44.383 87 INFO cinder.volume.drivers.lightos [None req-386be7be-5e36-40c3-97d6-847c3ea52b87 09003f1dd3d640689c73a3d479937109 a0a67d83a171496b9976b81e9b2932f6 - - - -] Invoking create_volume using POST url: /api/v2/projects/default/volumes             request.body: {'name': 'vol_1d6a5c52-1bf6-4592-8a39-2d142b1a83fa', 'size': '1 gib', 'replicaCount': '3', 'compression': 'False', 'acl': {'values': ['ALLOW_NONE']}, 'IPAcl': {'values': ['ALLOW_NONE']}, 'sourceSnapshotUUID': None, 'sourceSnapshotName': None} ssl_verify: False
2026-10-10 03:57:44.416 87 WARNING py.warnings [None req-386be7be-5e36-40c3-97d6-847c3ea52b87 09003f1dd3d640689c73a3d479937109 a0a67d83a171496b9976b81e9b2932f6 - - - -] /var/lib/kolla/venv/lib/python3.12/site-packages/urllib3/connectionpool.py:1110: InsecureRequestWarning: Unverified HTTPS request is being made to host '[LB_IP_ADDRESS]'. Adding certificate verification is strongly advised. See: https://urllib3.readthedocs.io/en/latest/advanced-usage.html#tls-warnings
  warnings.warn(

2026-10-10 03:57:44.420 87 INFO cinder.volume.manager [None req-e7e043fb-0847-471d-85db-726892539bcf 46c752ee28ab48fcbe0a38fc0d6fbe62 717c5454254d409eb83cb2335a446330 - - default default] Deleted volume successfully.
2026-10-10 03:57:44.436 87 INFO cinder.volume.drivers.lightos [None req-386be7be-5e36-40c3-97d6-847c3ea52b87 09003f1dd3d640689c73a3d479937109 a0a67d83a171496b9976b81e9b2932f6 - - - -] Invoking get_volume using GET url: /api/v2/projects/default/volumes/37aee20e-1db7-4288-9b76-921dfb7311ef             request.body: {} ssl_verify: False
2026-10-10 03:57:44.476 87 WARNING py.warnings [None req-386be7be-5e36-40c3-97d6-847c3ea52b87 09003f1dd3d640689c73a3d479937109 a0a67d83a171496b9976b81e9b2932f6 - - - -] /var/lib/kolla/venv/lib/python3.12/site-packages/urllib3/connectionpool.py:1110: InsecureRequestWarning: Unverified HTTPS request is being made to host '[LB_IP_ADDRESS]'. Adding certificate verification is strongly advised. See: https://urllib3.readthedocs.io/en/latest/advanced-usage.html#tls-warnings
  warnings.warn(

2026-10-10 03:57:44.523 87 INFO cinder.volume.drivers.lightos [None req-a5b69bfa-6ba0-4ab0-905b-ff0180c3580c 9637bddc21684272a0375312eebe6176 a59fa68e712649b1922045270f3798c5 - - default default] Invoking delete_volume using DELETE url: /api/v2/projects/default/volumes/749c3f61-53ae-4bfd-b376-7e7a2688c547?             request.body:  ssl_verify: False
2026-10-10 03:57:44.556 87 WARNING py.warnings [None req-a5b69bfa-6ba0-4ab0-905b-ff0180c3580c 9637bddc21684272a0375312eebe6176 a59fa68e712649b1922045270f3798c5 - - default default] /var/lib/kolla/venv/lib/python3.12/site-packages/urllib3/connectionpool.py:1110: InsecureRequestWarning: Unverified HTTPS request is being made to host '[LB_IP_ADDRESS]'. Adding certificate verification is strongly advised. See: https://urllib3.readthedocs.io/en/latest/advanced-usage.html#tls-warnings
  warnings.warn(

2026-10-10 03:57:44.580 87 INFO cinder.volume.drivers.lightos [None req-a5b69bfa-6ba0-4ab0-905b-ff0180c3580c 9637bddc21684272a0375312eebe6176 a59fa68e712649b1922045270f3798c5 - - default default] Invoking get_volume using GET url: /api/v2/projects/default/volumes/749c3f61-53ae-4bfd-b376-7e7a2688c547             request.body: {} ssl_verify: False
2026-10-10 03:57:44.625 87 WARNING py.warnings [None req-a5b69bfa-6ba0-4ab0-905b-ff0180c3580c 9637bddc21684272a0375312eebe6176 a59fa68e712649b1922045270f3798c5 - - default default] /var/lib/kolla/venv/lib/python3.12/site-packages/urllib3/connectionpool.py:1110: InsecureRequestWarning: Unverified HTTPS request is being made to host '[LB_IP_ADDRESS]'. Adding certificate verification is strongly advised. See: https://urllib3.readthedocs.io/en/latest/advanced-usage.html#tls-warnings
  warnings.warn(

2026-10-10 03:57:44.769 87 INFO cinder.volume.manager [None req-a5b69bfa-6ba0-4ab0-905b-ff0180c3580c 9637bddc21684272a0375312eebe6176 a59fa68e712649b1922045270f3798c5 - - default default] Deleted volume successfully.
2026-10-10 03:57:45.142 87 INFO cinder.volume.drivers.lightos [None req-f6a149c1-ac6a-482c-a7f0-22463208765f 46c752ee28ab48fcbe0a38fc0d6fbe62 717c5454254d409eb83cb2335a446330 - - default default] Invoking delete_volume using DELETE url: /api/v2/projects/default/volumes/e33a60b1-7bb2-4d68-bccf-ff4ae2951771?             request.body:  ssl_verify: False
2026-10-10 03:57:45.178 87 WARNING py.warnings [None req-f6a149c1-ac6a-482c-a7f0-22463208765f 46c752ee28ab48fcbe0a38fc0d6fbe62 717c5454254d409eb83cb2335a446330 - - default default] /var/lib/kolla/venv/lib/python3.12/site-packages/urllib3/connectionpool.py:1110: InsecureRequestWarning: Unverified HTTPS request is being made to host '[LB_IP_ADDRESS]'. Adding certificate verification is strongly advised. See: https://urllib3.readthedocs.io/en/latest/advanced-usage.html#tls-warnings
  warnings.warn(

2026-10-10 03:57:45.202 87 INFO cinder.volume.drivers.lightos [None req-f6a149c1-ac6a-482c-a7f0-22463208765f 46c752ee28ab48fcbe0a38fc0d6fbe62 717c5454254d409eb83cb2335a446330 - - default default] Invoking get_volume using GET url: /api/v2/projects/default/volumes/e33a60b1-7bb2-4d68-bccf-ff4ae2951771             request.body: {} ssl_verify: False
2026-10-10 03:57:45.245 87 WARNING py.warnings [None req-f6a149c1-ac6a-482c-a7f0-22463208765f 46c752ee28ab48fcbe0a38fc0d6fbe62 717c5454254d409eb83cb2335a446330 - - default default] /var/lib/kolla/venv/lib/python3.12/site-packages/urllib3/connectionpool.py:1110: InsecureRequestWarning: Unverified HTTPS request is being made to host '[LB_IP_ADDRESS]'. Adding certificate verification is strongly advised. See: https://urllib3.readthedocs.io/en/latest/advanced-usage.html#tls-warnings
  warnings.warn(

2026-10-10 03:57:45.396 87 INFO cinder.volume.manager [None req-f6a149c1-ac6a-482c-a7f0-22463208765f 46c752ee28ab48fcbe0a38fc0d6fbe62 717c5454254d409eb83cb2335a446330 - - default default] Deleted volume successfully.
2026-10-10 03:57:45.487 87 INFO cinder.volume.drivers.lightos [None req-386be7be-5e36-40c3-97d6-847c3ea52b87 09003f1dd3d640689c73a3d479937109 a0a67d83a171496b9976b81e9b2932f6 - - - -] Invoking get_volume using GET url: /api/v2/projects/default/volumes/37aee20e-1db7-4288-9b76-921dfb7311ef             request.body: {} ssl_verify: False
2026-10-10 03:57:45.534 87 WARNING py.warnings [None req-386be7be-5e36-40c3-97d6-847c3ea52b87 09003f1dd3d640689c73a3d479937109 a0a67d83a171496b9976b81e9b2932f6 - - - -] /var/lib/kolla/venv/lib/python3.12/site-packages/urllib3/connectionpool.py:1110: InsecureRequestWarning: Unverified HTTPS request is being made to host '[LB_IP_ADDRESS]'. Adding certificate verification is strongly advised. See: https://urllib3.readthedocs.io/en/latest/advanced-usage.html#tls-warnings
  warnings.warn(

2026-10-10 03:57:45.564 87 INFO cinder.volume.flows.manager.create_volume [None req-386be7be-5e36-40c3-97d6-847c3ea52b87 09003f1dd3d640689c73a3d479937109 a0a67d83a171496b9976b81e9b2932f6 - - - -] Volume vol_1d6a5c52-1bf6-4592-8a39-2d142b1a83fa (1d6a5c52-1bf6-4592-8a39-2d142b1a83fa): created successfully
2026-10-10 03:57:45.571 87 INFO cinder.volume.manager [None req-386be7be-5e36-40c3-97d6-847c3ea52b87 09003f1dd3d640689c73a3d479937109 a0a67d83a171496b9976b81e9b2932f6 - - - -] Created volume successfully.
2026-10-10 03:57:45.662 87 INFO cinder.volume.drivers.lightos [None req-366a47e3-9aa4-4147-9402-af739f5d917c 9637bddc21684272a0375312eebe6176 a59fa68e712649b1922045270f3798c5 - - default default] Invoking delete_volume using DELETE url: /api/v2/projects/default/volumes/8e5f1623-c08e-4759-9ce7-4289060067bd?             request.body:  ssl_verify: False
2026-10-10 03:57:45.695 87 WARNING py.warnings [None req-366a47e3-9aa4-4147-9402-af739f5d917c 9637bddc21684272a0375312eebe6176 a59fa68e712649b1922045270f3798c5 - - default default] /var/lib/kolla/venv/lib/python3.12/site-packages/urllib3/connectionpool.py:1110: InsecureRequestWarning: Unverified HTTPS request is being made to host '[LB_IP_ADDRESS]'. Adding certificate verification is strongly advised. See: https://urllib3.readthedocs.io/en/latest/advanced-usage.html#tls-warnings
  warnings.warn(

2026-10-10 03:57:45.726 87 INFO cinder.volume.drivers.lightos [None req-366a47e3-9aa4-4147-9402-af739f5d917c 9637bddc21684272a0375312eebe6176 a59fa68e712649b1922045270f3798c5 - - default default] Invoking get_volume using GET url: /api/v2/projects/default/volumes/8e5f1623-c08e-4759-9ce7-4289060067bd             request.body: {} ssl_verify: False
2026-10-10 03:57:45.767 87 WARNING py.warnings [None req-366a47e3-9aa4-4147-9402-af739f5d917c 9637bddc21684272a0375312eebe6176 a59fa68e712649b1922045270f3798c5 - - default default] /var/lib/kolla/venv/lib/python3.12/site-packages/urllib3/connectionpool.py:1110: InsecureRequestWarning: Unverified HTTPS request is being made to host '[LB_IP_ADDRESS]'. Adding certificate verification is strongly advised. See: https://urllib3.readthedocs.io/en/latest/advanced-usage.html#tls-warnings
  warnings.warn(

2026-10-10 03:57:45.827 87 INFO cinder.volume.drivers.lightos [None req-c2f2ea1b-6fff-4e22-8914-dcdf9c39117e 09003f1dd3d640689c73a3d479937109 a0a67d83a171496b9976b81e9b2932f6 - - default default] Invoking delete_volume using DELETE url: /api/v2/projects/default/volumes/37aee20e-1db7-4288-9b76-921dfb7311ef?             request.body:  ssl_verify: False
2026-10-10 03:57:45.884 87 WARNING py.warnings [None req-c2f2ea1b-6fff-4e22-8914-dcdf9c39117e 09003f1dd3d640689c73a3d479937109 a0a67d83a171496b9976b81e9b2932f6 - - default default] /var/lib/kolla/venv/lib/python3.12/site-packages/urllib3/connectionpool.py:1110: InsecureRequestWarning: Unverified HTTPS request is being made to host '[LB_IP_ADDRESS]'. Adding certificate verification is strongly advised. See: https://urllib3.readthedocs.io/en/latest/advanced-usage.html#tls-warnings
  warnings.warn(

2026-10-10 03:57:45.941 87 INFO cinder.volume.manager [None req-366a47e3-9aa4-4147-9402-af739f5d917c 9637bddc21684272a0375312eebe6176 a59fa68e712649b1922045270f3798c5 - - default default] Deleted volume successfully.
2026-10-10 03:57:45.945 87 INFO cinder.volume.drivers.lightos [None req-c2f2ea1b-6fff-4e22-8914-dcdf9c39117e 09003f1dd3d640689c73a3d479937109 a0a67d83a171496b9976b81e9b2932f6 - - default default] Invoking get_volume using GET url: /api/v2/projects/default/volumes/37aee20e-1db7-4288-9b76-921dfb7311ef             request.body: {} ssl_verify: False
2026-10-10 03:57:45.982 87 WARNING py.warnings [None req-c2f2ea1b-6fff-4e22-8914-dcdf9c39117e 09003f1dd3d640689c73a3d479937109 a0a67d83a171496b9976b81e9b2932f6 - - default default] /var/lib/kolla/venv/lib/python3.12/site-packages/urllib3/connectionpool.py:1110: InsecureRequestWarning: Unverified HTTPS request is being made to host '[LB_IP_ADDRESS]'. Adding certificate verification is strongly advised. See: https://urllib3.readthedocs.io/en/latest/advanced-usage.html#tls-warnings
  warnings.warn(

2026-10-10 03:57:46.145 87 INFO cinder.volume.manager [None req-c2f2ea1b-6fff-4e22-8914-dcdf9c39117e 09003f1dd3d640689c73a3d479937109 a0a67d83a171496b9976b81e9b2932f6 - - default default] Deleted volume successfully.
2026-10-10 03:57:46.281 87 INFO cinder.volume.drivers.lightos [None req-ec8b5160-47b9-4ed7-ba65-b226cd2996ac 46c752ee28ab48fcbe0a38fc0d6fbe62 717c5454254d409eb83cb2335a446330 - - default default] Invoking delete_volume using DELETE url: /api/v2/projects/default/volumes/df9c051b-8a2a-47be-93da-693a239263c6?             request.body:  ssl_verify: False
2026-10-10 03:57:46.314 87 WARNING py.warnings [None req-ec8b5160-47b9-4ed7-ba65-b226cd2996ac 46c752ee28ab48fcbe0a38fc0d6fbe62 717c5454254d409eb83cb2335a446330 - - default default] /var/lib/kolla/venv/lib/python3.12/site-packages/urllib3/connectionpool.py:1110: InsecureRequestWarning: Unverified HTTPS request is being made to host '[LB_IP_ADDRESS]'. Adding certificate verification is strongly advised. See: https://urllib3.readthedocs.io/en/latest/advanced-usage.html#tls-warnings
  warnings.warn(

2026-10-10 03:57:46.342 87 INFO cinder.volume.drivers.lightos [None req-ec8b5160-47b9-4ed7-ba65-b226cd2996ac 46c752ee28ab48fcbe0a38fc0d6fbe62 717c5454254d409eb83cb2335a446330 - - default default] Invoking get_volume using GET url: /api/v2/projects/default/volumes/df9c051b-8a2a-47be-93da-693a239263c6             request.body: {} ssl_verify: False
2026-10-10 03:57:46.384 87 WARNING py.warnings [None req-ec8b5160-47b9-4ed7-ba65-b226cd2996ac 46c752ee28ab48fcbe0a38fc0d6fbe62 717c5454254d409eb83cb2335a446330 - - default default] /var/lib/kolla/venv/lib/python3.12/site-packages/urllib3/connectionpool.py:1110: InsecureRequestWarning: Unverified HTTPS request is being made to host '[LB_IP_ADDRESS]'. Adding certificate verification is strongly advised. See: https://urllib3.readthedocs.io/en/latest/advanced-usage.html#tls-warnings
  warnings.warn(

2026-10-10 03:57:46.524 87 INFO cinder.volume.manager [None req-ec8b5160-47b9-4ed7-ba65-b226cd2996ac 46c752ee28ab48fcbe0a38fc0d6fbe62 717c5454254d409eb83cb2335a446330 - - default default] Deleted volume successfully.
2026-10-10 03:57:46.801 87 INFO cinder.volume.drivers.lightos [None req-5db9a4f1-9690-410a-9f02-867d6379ceb7 9637bddc21684272a0375312eebe6176 a59fa68e712649b1922045270f3798c5 - - default default] Invoking delete_volume using DELETE url: /api/v2/projects/default/volumes/8bba25eb-47ac-4b6f-868f-9610344477e9?             request.body:  ssl_verify: False
2026-10-10 03:57:46.834 87 WARNING py.warnings [None req-5db9a4f1-9690-410a-9f02-867d6379ceb7 9637bddc21684272a0375312eebe6176 a59fa68e712649b1922045270f3798c5 - - default default] /var/lib/kolla/venv/lib/python3.12/site-packages/urllib3/connectionpool.py:1110: InsecureRequestWarning: Unverified HTTPS request is being made to host '[LB_IP_ADDRESS]'. Adding certificate verification is strongly advised. See: https://urllib3.readthedocs.io/en/latest/advanced-usage.html#tls-warnings
  warnings.warn(

2026-10-10 03:57:46.873 87 INFO cinder.volume.drivers.lightos [None req-5db9a4f1-9690-410a-9f02-867d6379ceb7 9637bddc21684272a0375312eebe6176 a59fa68e712649b1922045270f3798c5 - - default default] Invoking get_volume using GET url: /api/v2/projects/default/volumes/8bba25eb-47ac-4b6f-868f-9610344477e9             request.body: {} ssl_verify: False
2026-10-10 03:57:46.914 87 WARNING py.warnings [None req-5db9a4f1-9690-410a-9f02-867d6379ceb7 9637bddc21684272a0375312eebe6176 a59fa68e712649b1922045270f3798c5 - - default default] /var/lib/kolla/venv/lib/python3.12/site-packages/urllib3/connectionpool.py:1110: InsecureRequestWarning: Unverified HTTPS request is being made to host '[LB_IP_ADDRESS]'. Adding certificate verification is strongly advised. See: https://urllib3.readthedocs.io/en/latest/advanced-usage.html#tls-warnings
  warnings.warn(

2026-10-10 03:57:46.958 87 INFO cinder.volume.drivers.lightos [None req-1c616fea-ab9b-4f99-bb62-7cb8566bb910 09003f1dd3d640689c73a3d479937109 a0a67d83a171496b9976b81e9b2932f6 - - default default] Invoking delete_volume using DELETE url: /api/v2/projects/default/volumes/d8fcd621-3b68-4941-b4ca-833c84321820?             request.body:  ssl_verify: False
2026-10-10 03:57:47.014 87 WARNING py.warnings [None req-1c616fea-ab9b-4f99-bb62-7cb8566bb910 09003f1dd3d640689c73a3d479937109 a0a67d83a171496b9976b81e9b2932f6 - - default default] /var/lib/kolla/venv/lib/python3.12/site-packages/urllib3/connectionpool.py:1110: InsecureRequestWarning: Unverified HTTPS request is being made to host '[LB_IP_ADDRESS]'. Adding certificate verification is strongly advised. See: https://urllib3.readthedocs.io/en/latest/advanced-usage.html#tls-warnings
  warnings.warn(

2026-10-10 03:57:47.050 87 INFO cinder.volume.drivers.lightos [None req-1c616fea-ab9b-4f99-bb62-7cb8566bb910 09003f1dd3d640689c73a3d479937109 a0a67d83a171496b9976b81e9b2932f6 - - default default] Invoking get_volume using GET url: /api/v2/projects/default/volumes/d8fcd621-3b68-4941-b4ca-833c84321820             request.body: {} ssl_verify: False
2026-10-10 03:57:47.084 87 WARNING py.warnings [None req-1c616fea-ab9b-4f99-bb62-7cb8566bb910 09003f1dd3d640689c73a3d479937109 a0a67d83a171496b9976b81e9b2932f6 - - default default] /var/lib/kolla/venv/lib/python3.12/site-packages/urllib3/connectionpool.py:1110: InsecureRequestWarning: Unverified HTTPS request is being made to host '[LB_IP_ADDRESS]'. Adding certificate verification is strongly advised. See: https://urllib3.readthedocs.io/en/latest/advanced-usage.html#tls-warnings
  warnings.warn(

2026-10-10 03:57:47.101 87 INFO cinder.volume.manager [None req-5db9a4f1-9690-410a-9f02-867d6379ceb7 9637bddc21684272a0375312eebe6176 a59fa68e712649b1922045270f3798c5 - - default default] Deleted volume successfully.
2026-10-10 03:57:47.219 87 INFO cinder.volume.manager [None req-1c616fea-ab9b-4f99-bb62-7cb8566bb910 09003f1dd3d640689c73a3d479937109 a0a67d83a171496b9976b81e9b2932f6 - - default default] Deleted volume successfully.
2026-10-10 03:57:47.932 87 INFO cinder.volume.drivers.lightos [None req-25b36408-7841-437e-a314-e3b3365d061f 9637bddc21684272a0375312eebe6176 a59fa68e712649b1922045270f3798c5 - - default default] Invoking delete_volume using DELETE url: /api/v2/projects/default/volumes/c77e7913-0743-4961-808f-9b3b3b5a2193?             request.body:  ssl_verify: False
2026-10-10 03:57:47.969 87 WARNING py.warnings [None req-25b36408-7841-437e-a314-e3b3365d061f 9637bddc21684272a0375312eebe6176 a59fa68e712649b1922045270f3798c5 - - default default] /var/lib/kolla/venv/lib/python3.12/site-packages/urllib3/connectionpool.py:1110: InsecureRequestWarning: Unverified HTTPS request is being made to host '[LB_IP_ADDRESS]'. Adding certificate verification is strongly advised. See: https://urllib3.readthedocs.io/en/latest/advanced-usage.html#tls-warnings
  warnings.warn(

2026-10-10 03:57:47.996 87 INFO cinder.volume.drivers.lightos [None req-25b36408-7841-437e-a314-e3b3365d061f 9637bddc21684272a0375312eebe6176 a59fa68e712649b1922045270f3798c5 - - default default] Invoking get_volume using GET url: /api/v2/projects/default/volumes/c77e7913-0743-4961-808f-9b3b3b5a2193             request.body: {} ssl_verify: False
2026-10-10 03:57:48.061 87 WARNING py.warnings [None req-25b36408-7841-437e-a314-e3b3365d061f 9637bddc21684272a0375312eebe6176 a59fa68e712649b1922045270f3798c5 - - default default] /var/lib/kolla/venv/lib/python3.12/site-packages/urllib3/connectionpool.py:1110: InsecureRequestWarning: Unverified HTTPS request is being made to host '[LB_IP_ADDRESS]'. Adding certificate verification is strongly advised. See: https://urllib3.readthedocs.io/en/latest/advanced-usage.html#tls-warnings
  warnings.warn(

2026-10-10 03:57:48.091 87 INFO cinder.volume.drivers.lightos [None req-639a0183-ce1e-4cc7-a887-512980d87520 09003f1dd3d640689c73a3d479937109 a0a67d83a171496b9976b81e9b2932f6 - - default default] Invoking delete_volume using DELETE url: /api/v2/projects/default/volumes/25b35558-1b99-486f-8716-a32e49232110?             request.body:  ssl_verify: False
2026-10-10 03:57:48.139 87 WARNING py.warnings [None req-639a0183-ce1e-4cc7-a887-512980d87520 09003f1dd3d640689c73a3d479937109 a0a67d83a171496b9976b81e9b2932f6 - - default default] /var/lib/kolla/venv/lib/python3.12/site-packages/urllib3/connectionpool.py:1110: InsecureRequestWarning: Unverified HTTPS request is being made to host '[LB_IP_ADDRESS]'. Adding certificate verification is strongly advised. See: https://urllib3.readthedocs.io/en/latest/advanced-usage.html#tls-warnings
  warnings.warn(

2026-10-10 03:57:48.185 87 INFO cinder.volume.drivers.lightos [None req-639a0183-ce1e-4cc7-a887-512980d87520 09003f1dd3d640689c73a3d479937109 a0a67d83a171496b9976b81e9b2932f6 - - default default] Invoking get_volume using GET url: /api/v2/projects/default/volumes/25b35558-1b99-486f-8716-a32e49232110             request.body: {} ssl_verify: False
2026-10-10 03:57:48.224 87 WARNING py.warnings [None req-639a0183-ce1e-4cc7-a887-512980d87520 09003f1dd3d640689c73a3d479937109 a0a67d83a171496b9976b81e9b2932f6 - - default default] /var/lib/kolla/venv/lib/python3.12/site-packages/urllib3/connectionpool.py:1110: InsecureRequestWarning: Unverified HTTPS request is being made to host '[LB_IP_ADDRESS]'. Adding certificate verification is strongly advised. See: https://urllib3.readthedocs.io/en/latest/advanced-usage.html#tls-warnings
  warnings.warn(

2026-10-10 03:57:48.355 87 INFO cinder.volume.manager [None req-25b36408-7841-437e-a314-e3b3365d061f 9637bddc21684272a0375312eebe6176 a59fa68e712649b1922045270f3798c5 - - default default] Deleted volume successfully.
2026-10-10 03:57:48.391 87 INFO cinder.volume.manager [None req-639a0183-ce1e-4cc7-a887-512980d87520 09003f1dd3d640689c73a3d479937109 a0a67d83a171496b9976b81e9b2932f6 - - default default] Deleted volume successfully.
2026-10-10 03:57:49.069 87 INFO cinder.volume.drivers.lightos [None req-bfc62c55-5e98-472e-8f29-3d9e44966141 9637bddc21684272a0375312eebe6176 a59fa68e712649b1922045270f3798c5 - - default default] Invoking delete_volume using DELETE url: /api/v2/projects/default/volumes/d19baa98-19ab-47db-b5b4-663cffba2826?             request.body:  ssl_verify: False
2026-10-10 03:57:49.105 87 WARNING py.warnings [None req-bfc62c55-5e98-472e-8f29-3d9e44966141 9637bddc21684272a0375312eebe6176 a59fa68e712649b1922045270f3798c5 - - default default] /var/lib/kolla/venv/lib/python3.12/site-packages/urllib3/connectionpool.py:1110: InsecureRequestWarning: Unverified HTTPS request is being made to host '[LB_IP_ADDRESS]'. Adding certificate verification is strongly advised. See: https://urllib3.readthedocs.io/en/latest/advanced-usage.html#tls-warnings
  warnings.warn(

2026-10-10 03:57:49.128 87 INFO cinder.volume.drivers.lightos [None req-bfc62c55-5e98-472e-8f29-3d9e44966141 9637bddc21684272a0375312eebe6176 a59fa68e712649b1922045270f3798c5 - - default default] Invoking get_volume using GET url: /api/v2/projects/default/volumes/d19baa98-19ab-47db-b5b4-663cffba2826             request.body: {} ssl_verify: False
2026-10-10 03:57:49.169 87 WARNING py.warnings [None req-bfc62c55-5e98-472e-8f29-3d9e44966141 9637bddc21684272a0375312eebe6176 a59fa68e712649b1922045270f3798c5 - - default default] /var/lib/kolla/venv/lib/python3.12/site-packages/urllib3/connectionpool.py:1110: InsecureRequestWarning: Unverified HTTPS request is being made to host '[LB_IP_ADDRESS]'. Adding certificate verification is strongly advised. See: https://urllib3.readthedocs.io/en/latest/advanced-usage.html#tls-warnings
  warnings.warn(

2026-10-10 03:57:49.226 87 INFO cinder.volume.drivers.lightos [None req-8f6582ea-30c3-47a2-92b7-39ed9b9058c4 09003f1dd3d640689c73a3d479937109 a0a67d83a171496b9976b81e9b2932f6 - - default default] Invoking delete_volume using DELETE url: /api/v2/projects/default/volumes/6ede66d3-2b44-4648-b2af-2d00a052cd43?             request.body:  ssl_verify: False
2026-10-10 03:57:49.259 87 WARNING py.warnings [None req-8f6582ea-30c3-47a2-92b7-39ed9b9058c4 09003f1dd3d640689c73a3d479937109 a0a67d83a171496b9976b81e9b2932f6 - - default default] /var/lib/kolla/venv/lib/python3.12/site-packages/urllib3/connectionpool.py:1110: InsecureRequestWarning: Unverified HTTPS request is being made to host '[LB_IP_ADDRESS]'. Adding certificate verification is strongly advised. See: https://urllib3.readthedocs.io/en/latest/advanced-usage.html#tls-warnings
  warnings.warn(

2026-10-10 03:57:49.302 87 INFO cinder.volume.drivers.lightos [None req-8f6582ea-30c3-47a2-92b7-39ed9b9058c4 09003f1dd3d640689c73a3d479937109 a0a67d83a171496b9976b81e9b2932f6 - - default default] Invoking get_volume using GET url: /api/v2/projects/default/volumes/6ede66d3-2b44-4648-b2af-2d00a052cd43             request.body: {} ssl_verify: False
2026-10-10 03:57:49.338 87 WARNING py.warnings [None req-8f6582ea-30c3-47a2-92b7-39ed9b9058c4 09003f1dd3d640689c73a3d479937109 a0a67d83a171496b9976b81e9b2932f6 - - default default] /var/lib/kolla/venv/lib/python3.12/site-packages/urllib3/connectionpool.py:1110: InsecureRequestWarning: Unverified HTTPS request is being made to host '[LB_IP_ADDRESS]'. Adding certificate verification is strongly advised. See: https://urllib3.readthedocs.io/en/latest/advanced-usage.html#tls-warnings
  warnings.warn(

2026-10-10 03:57:49.387 87 INFO cinder.volume.manager [None req-bfc62c55-5e98-472e-8f29-3d9e44966141 9637bddc21684272a0375312eebe6176 a59fa68e712649b1922045270f3798c5 - - default default] Deleted volume successfully.
2026-10-10 03:57:49.498 87 INFO cinder.volume.manager [None req-8f6582ea-30c3-47a2-92b7-39ed9b9058c4 09003f1dd3d640689c73a3d479937109 a0a67d83a171496b9976b81e9b2932f6 - - default default] Deleted volume successfully.
2026-10-10 03:57:50.357 87 INFO cinder.volume.drivers.lightos [None req-6f481477-0476-4dc4-8a66-bb84fbe88791 09003f1dd3d640689c73a3d479937109 a0a67d83a171496b9976b81e9b2932f6 - - default default] Invoking delete_volume using DELETE url: /api/v2/projects/default/volumes/745666ff-b962-4181-af09-2c2b9fcb5f5a?             request.body:  ssl_verify: False
2026-10-10 03:57:50.396 87 WARNING py.warnings [None req-6f481477-0476-4dc4-8a66-bb84fbe88791 09003f1dd3d640689c73a3d479937109 a0a67d83a171496b9976b81e9b2932f6 - - default default] /var/lib/kolla/venv/lib/python3.12/site-packages/urllib3/connectionpool.py:1110: InsecureRequestWarning: Unverified HTTPS request is being made to host '[LB_IP_ADDRESS]'. Adding certificate verification is strongly advised. See: https://urllib3.readthedocs.io/en/latest/advanced-usage.html#tls-warnings
  warnings.warn(

2026-10-10 03:57:50.430 87 INFO cinder.volume.drivers.lightos [None req-6f481477-0476-4dc4-8a66-bb84fbe88791 09003f1dd3d640689c73a3d479937109 a0a67d83a171496b9976b81e9b2932f6 - - default default] Invoking get_volume using GET url: /api/v2/projects/default/volumes/745666ff-b962-4181-af09-2c2b9fcb5f5a             request.body: {} ssl_verify: False
2026-10-10 03:57:50.486 87 WARNING py.warnings [None req-6f481477-0476-4dc4-8a66-bb84fbe88791 09003f1dd3d640689c73a3d479937109 a0a67d83a171496b9976b81e9b2932f6 - - default default] /var/lib/kolla/venv/lib/python3.12/site-packages/urllib3/connectionpool.py:1110: InsecureRequestWarning: Unverified HTTPS request is being made to host '[LB_IP_ADDRESS]'. Adding certificate verification is strongly advised. See: https://urllib3.readthedocs.io/en/latest/advanced-usage.html#tls-warnings
  warnings.warn(

2026-10-10 03:57:50.641 87 INFO cinder.volume.manager [None req-6f481477-0476-4dc4-8a66-bb84fbe88791 09003f1dd3d640689c73a3d479937109 a0a67d83a171496b9976b81e9b2932f6 - - default default] Deleted volume successfully.
2026-10-10 03:57:50.831 87 INFO cinder.volume.flows.manager.create_volume [None req-02fb5a77-133d-4153-b24b-599e0352dc6b e535b7fa02524cee8d09b2967ac24cad 3e9f7715ad7c423c8e08fc3998719644 - - - -] Volume 04c08a54-bf59-422f-ac9d-b6751556df68: being created as raw with specification: {'status': 'creating', 'volume_name': 'vol_04c08a54-bf59-422f-ac9d-b6751556df68', 'volume_size': 1}
2026-10-10 03:57:50.831 87 INFO cinder.volume.drivers.lightos [None req-02fb5a77-133d-4153-b24b-599e0352dc6b e535b7fa02524cee8d09b2967ac24cad 3e9f7715ad7c423c8e08fc3998719644 - - - -] Invoking get_volume_by_name using GET url: /api/v2/projects/default/volumes/?name=vol_04c08a54-bf59-422f-ac9d-b6751556df68             request.body: {} ssl_verify: False
2026-10-10 03:57:50.866 87 WARNING py.warnings [None req-02fb5a77-133d-4153-b24b-599e0352dc6b e535b7fa02524cee8d09b2967ac24cad 3e9f7715ad7c423c8e08fc3998719644 - - - -] /var/lib/kolla/venv/lib/python3.12/site-packages/urllib3/connectionpool.py:1110: InsecureRequestWarning: Unverified HTTPS request is being made to host '[LB_IP_ADDRESS]'. Adding certificate verification is strongly advised. See: https://urllib3.readthedocs.io/en/latest/advanced-usage.html#tls-warnings
  warnings.warn(

2026-10-10 03:57:50.875 87 INFO cinder.volume.drivers.lightos [None req-02fb5a77-133d-4153-b24b-599e0352dc6b e535b7fa02524cee8d09b2967ac24cad 3e9f7715ad7c423c8e08fc3998719644 - - - -] Invoking create_volume using POST url: /api/v2/projects/default/volumes             request.body: {'name': 'vol_04c08a54-bf59-422f-ac9d-b6751556df68', 'size': '1 gib', 'replicaCount': '3', 'compression': 'False', 'acl': {'values': ['ALLOW_NONE']}, 'IPAcl': {'values': ['ALLOW_NONE']}, 'sourceSnapshotUUID': None, 'sourceSnapshotName': None} ssl_verify: False
2026-10-10 03:57:50.913 87 WARNING py.warnings [None req-02fb5a77-133d-4153-b24b-599e0352dc6b e535b7fa02524cee8d09b2967ac24cad 3e9f7715ad7c423c8e08fc3998719644 - - - -] /var/lib/kolla/venv/lib/python3.12/site-packages/urllib3/connectionpool.py:1110: InsecureRequestWarning: Unverified HTTPS request is being made to host '[LB_IP_ADDRESS]'. Adding certificate verification is strongly advised. See: https://urllib3.readthedocs.io/en/latest/advanced-usage.html#tls-warnings
  warnings.warn(

2026-10-10 03:57:50.938 87 INFO cinder.volume.drivers.lightos [None req-02fb5a77-133d-4153-b24b-599e0352dc6b e535b7fa02524cee8d09b2967ac24cad 3e9f7715ad7c423c8e08fc3998719644 - - - -] Invoking get_volume using GET url: /api/v2/projects/default/volumes/ff160196-5700-40ed-826c-2640343b5c93             request.body: {} ssl_verify: False
2026-10-10 03:57:50.991 87 WARNING py.warnings [None req-02fb5a77-133d-4153-b24b-599e0352dc6b e535b7fa02524cee8d09b2967ac24cad 3e9f7715ad7c423c8e08fc3998719644 - - - -] /var/lib/kolla/venv/lib/python3.12/site-packages/urllib3/connectionpool.py:1110: InsecureRequestWarning: Unverified HTTPS request is being made to host '[LB_IP_ADDRESS]'. Adding certificate verification is strongly advised. See: https://urllib3.readthedocs.io/en/latest/advanced-usage.html#tls-warnings
  warnings.warn(

2026-10-10 03:57:51.019 87 INFO cinder.volume.flows.manager.create_volume [None req-02fb5a77-133d-4153-b24b-599e0352dc6b e535b7fa02524cee8d09b2967ac24cad 3e9f7715ad7c423c8e08fc3998719644 - - - -] Volume vol_04c08a54-bf59-422f-ac9d-b6751556df68 (04c08a54-bf59-422f-ac9d-b6751556df68): created successfully
2026-10-10 03:57:51.026 87 INFO cinder.volume.manager [None req-02fb5a77-133d-4153-b24b-599e0352dc6b e535b7fa02524cee8d09b2967ac24cad 3e9f7715ad7c423c8e08fc3998719644 - - - -] Created volume successfully.
2026-10-10 03:57:51.460 87 INFO cinder.volume.drivers.lightos [None req-6de13aab-adb4-409f-aefd-2c21c7b7ce79 09003f1dd3d640689c73a3d479937109 a0a67d83a171496b9976b81e9b2932f6 - - default default] Invoking get_snapshot_by_name using GET url: /api/v2/projects/default/snapshots/?Name=snapshot-edcffebe-de53-41da-85c3-0de4a00c16c5             request.body: {} ssl_verify: False
2026-10-10 03:57:51.501 87 WARNING py.warnings [None req-6de13aab-adb4-409f-aefd-2c21c7b7ce79 09003f1dd3d640689c73a3d479937109 a0a67d83a171496b9976b81e9b2932f6 - - default default] /var/lib/kolla/venv/lib/python3.12/site-packages/urllib3/connectionpool.py:1110: InsecureRequestWarning: Unverified HTTPS request is being made to host '[LB_IP_ADDRESS]'. Adding certificate verification is strongly advised. See: https://urllib3.readthedocs.io/en/latest/advanced-usage.html#tls-warnings
  warnings.warn(

2026-10-10 03:57:51.517 87 INFO cinder.volume.drivers.lightos [None req-6de13aab-adb4-409f-aefd-2c21c7b7ce79 09003f1dd3d640689c73a3d479937109 a0a67d83a171496b9976b81e9b2932f6 - - default default] Invoking delete_snapshot using DELETE url: /api/v2/projects/default/snapshots/bfe1b371-3199-479a-b383-61728dbcac83?             request.body:  ssl_verify: False
2026-10-10 03:57:51.560 87 WARNING py.warnings [None req-6de13aab-adb4-409f-aefd-2c21c7b7ce79 09003f1dd3d640689c73a3d479937109 a0a67d83a171496b9976b81e9b2932f6 - - default default] /var/lib/kolla/venv/lib/python3.12/site-packages/urllib3/connectionpool.py:1110: InsecureRequestWarning: Unverified HTTPS request is being made to host '[LB_IP_ADDRESS]'. Adding certificate verification is strongly advised. See: https://urllib3.readthedocs.io/en/latest/advanced-usage.html#tls-warnings
  warnings.warn(

2026-10-10 03:57:51.588 87 INFO cinder.volume.drivers.lightos [None req-6de13aab-adb4-409f-aefd-2c21c7b7ce79 09003f1dd3d640689c73a3d479937109 a0a67d83a171496b9976b81e9b2932f6 - - default default] Invoking get_snapshot using GET url: /api/v2/projects/default/snapshots/bfe1b371-3199-479a-b383-61728dbcac83             request.body: {} ssl_verify: False
2026-10-10 03:57:51.630 87 WARNING py.warnings [None req-6de13aab-adb4-409f-aefd-2c21c7b7ce79 09003f1dd3d640689c73a3d479937109 a0a67d83a171496b9976b81e9b2932f6 - - default default] /var/lib/kolla/venv/lib/python3.12/site-packages/urllib3/connectionpool.py:1110: InsecureRequestWarning: Unverified HTTPS request is being made to host '[LB_IP_ADDRESS]'. Adding certificate verification is strongly advised. See: https://urllib3.readthedocs.io/en/latest/advanced-usage.html#tls-warnings
  warnings.warn(

2026-10-10 03:57:51.775 87 INFO cinder.volume.manager [None req-6de13aab-adb4-409f-aefd-2c21c7b7ce79 09003f1dd3d640689c73a3d479937109 a0a67d83a171496b9976b81e9b2932f6 - - default default] Delete snapshot completed successfully.
2026-10-10 03:57:52.584 87 INFO cinder.volume.drivers.lightos [None req-b29599b1-aa2f-4185-87e5-f820e2cac3fa 09003f1dd3d640689c73a3d479937109 a0a67d83a171496b9976b81e9b2932f6 - - default default] Invoking delete_volume using DELETE url: /api/v2/projects/default/volumes/103f6e4a-8c6d-421d-8850-46233101bf5c?             request.body:  ssl_verify: False
2026-10-10 03:57:52.624 87 WARNING py.warnings [None req-b29599b1-aa2f-4185-87e5-f820e2cac3fa 09003f1dd3d640689c73a3d479937109 a0a67d83a171496b9976b81e9b2932f6 - - default default] /var/lib/kolla/venv/lib/python3.12/site-packages/urllib3/connectionpool.py:1110: InsecureRequestWarning: Unverified HTTPS request is being made to host '[LB_IP_ADDRESS]'. Adding certificate verification is strongly advised. See: https://urllib3.readthedocs.io/en/latest/advanced-usage.html#tls-warnings
  warnings.warn(

2026-10-10 03:57:52.685 87 INFO cinder.volume.flows.manager.create_volume [None req-77cf3d0e-41f2-4f3d-adb9-ab696e62aa1a e535b7fa02524cee8d09b2967ac24cad 3e9f7715ad7c423c8e08fc3998719644 - - - -] Volume 5c3d14a1-0cb1-42f2-869a-faf3b62a4eac: being created as raw with specification: {'status': 'creating', 'volume_name': 'vol_5c3d14a1-0cb1-42f2-869a-faf3b62a4eac', 'volume_size': 1}
2026-10-10 03:57:52.685 87 INFO cinder.volume.drivers.lightos [None req-77cf3d0e-41f2-4f3d-adb9-ab696e62aa1a e535b7fa02524cee8d09b2967ac24cad 3e9f7715ad7c423c8e08fc3998719644 - - - -] Invoking get_volume_by_name using GET url: /api/v2/projects/default/volumes/?name=vol_5c3d14a1-0cb1-42f2-869a-faf3b62a4eac             request.body: {} ssl_verify: False
2026-10-10 03:57:52.687 87 INFO cinder.volume.drivers.lightos [None req-b29599b1-aa2f-4185-87e5-f820e2cac3fa 09003f1dd3d640689c73a3d479937109 a0a67d83a171496b9976b81e9b2932f6 - - default default] Invoking get_volume using GET url: /api/v2/projects/default/volumes/103f6e4a-8c6d-421d-8850-46233101bf5c             request.body: {} ssl_verify: False
2026-10-10 03:57:52.742 87 WARNING py.warnings [None req-b29599b1-aa2f-4185-87e5-f820e2cac3fa 09003f1dd3d640689c73a3d479937109 a0a67d83a171496b9976b81e9b2932f6 - - default default] /var/lib/kolla/venv/lib/python3.12/site-packages/urllib3/connectionpool.py:1110: InsecureRequestWarning: Unverified HTTPS request is being made to host '[LB_IP_ADDRESS]'. Adding certificate verification is strongly advised. See: https://urllib3.readthedocs.io/en/latest/advanced-usage.html#tls-warnings
  warnings.warn(

2026-10-10 03:57:52.758 87 WARNING py.warnings [None req-77cf3d0e-41f2-4f3d-adb9-ab696e62aa1a e535b7fa02524cee8d09b2967ac24cad 3e9f7715ad7c423c8e08fc3998719644 - - - -] /var/lib/kolla/venv/lib/python3.12/site-packages/urllib3/connectionpool.py:1110: InsecureRequestWarning: Unverified HTTPS request is being made to host '[LB_IP_ADDRESS]'. Adding certificate verification is strongly advised. See: https://urllib3.readthedocs.io/en/latest/advanced-usage.html#tls-warnings
  warnings.warn(

2026-10-10 03:57:52.784 87 INFO cinder.volume.drivers.lightos [None req-77cf3d0e-41f2-4f3d-adb9-ab696e62aa1a e535b7fa02524cee8d09b2967ac24cad 3e9f7715ad7c423c8e08fc3998719644 - - - -] Invoking create_volume using POST url: /api/v2/projects/default/volumes             request.body: {'name': 'vol_5c3d14a1-0cb1-42f2-869a-faf3b62a4eac', 'size': '1 gib', 'replicaCount': '3', 'compression': 'False', 'acl': {'values': ['ALLOW_NONE']}, 'IPAcl': {'values': ['ALLOW_NONE']}, 'sourceSnapshotUUID': None, 'sourceSnapshotName': None} ssl_verify: False
2026-10-10 03:57:52.823 87 WARNING py.warnings [None req-77cf3d0e-41f2-4f3d-adb9-ab696e62aa1a e535b7fa02524cee8d09b2967ac24cad 3e9f7715ad7c423c8e08fc3998719644 - - - -] /var/lib/kolla/venv/lib/python3.12/site-packages/urllib3/connectionpool.py:1110: InsecureRequestWarning: Unverified HTTPS request is being made to host '[LB_IP_ADDRESS]'. Adding certificate verification is strongly advised. See: https://urllib3.readthedocs.io/en/latest/advanced-usage.html#tls-warnings
  warnings.warn(

2026-10-10 03:57:52.842 87 INFO cinder.volume.drivers.lightos [None req-77cf3d0e-41f2-4f3d-adb9-ab696e62aa1a e535b7fa02524cee8d09b2967ac24cad 3e9f7715ad7c423c8e08fc3998719644 - - - -] Invoking get_volume using GET url: /api/v2/projects/default/volumes/01413610-29d1-4697-8dc2-26c7a2de76d1             request.body: {} ssl_verify: False
2026-10-10 03:57:52.906 87 WARNING py.warnings [None req-77cf3d0e-41f2-4f3d-adb9-ab696e62aa1a e535b7fa02524cee8d09b2967ac24cad 3e9f7715ad7c423c8e08fc3998719644 - - - -] /var/lib/kolla/venv/lib/python3.12/site-packages/urllib3/connectionpool.py:1110: InsecureRequestWarning: Unverified HTTPS request is being made to host '[LB_IP_ADDRESS]'. Adding certificate verification is strongly advised. See: https://urllib3.readthedocs.io/en/latest/advanced-usage.html#tls-warnings
  warnings.warn(

2026-10-10 03:57:52.944 87 INFO cinder.volume.flows.manager.create_volume [None req-77cf3d0e-41f2-4f3d-adb9-ab696e62aa1a e535b7fa02524cee8d09b2967ac24cad 3e9f7715ad7c423c8e08fc3998719644 - - - -] Volume vol_5c3d14a1-0cb1-42f2-869a-faf3b62a4eac (5c3d14a1-0cb1-42f2-869a-faf3b62a4eac): created successfully
2026-10-10 03:57:52.952 87 INFO cinder.volume.manager [None req-77cf3d0e-41f2-4f3d-adb9-ab696e62aa1a e535b7fa02524cee8d09b2967ac24cad 3e9f7715ad7c423c8e08fc3998719644 - - - -] Created volume successfully.
2026-10-10 03:57:52.970 87 INFO cinder.volume.manager [None req-b29599b1-aa2f-4185-87e5-f820e2cac3fa 09003f1dd3d640689c73a3d479937109 a0a67d83a171496b9976b81e9b2932f6 - - default default] Deleted volume successfully.
2026-10-10 03:57:53.988 87 INFO cinder.volume.drivers.lightos [None req-3532d982-a8da-461b-a312-156672a568d1 e535b7fa02524cee8d09b2967ac24cad 3e9f7715ad7c423c8e08fc3998719644 - - - -] Invoking get_snapshot_by_name using GET url: /api/v2/projects/default/snapshots/?Name=snapshot-67768a2f-0db3-476a-ab82-b284c92662bf             request.body: {} ssl_verify: False
2026-10-10 03:57:54.035 87 WARNING py.warnings [None req-3532d982-a8da-461b-a312-156672a568d1 e535b7fa02524cee8d09b2967ac24cad 3e9f7715ad7c423c8e08fc3998719644 - - - -] /var/lib/kolla/venv/lib/python3.12/site-packages/urllib3/connectionpool.py:1110: InsecureRequestWarning: Unverified HTTPS request is being made to host '[LB_IP_ADDRESS]'. Adding certificate verification is strongly advised. See: https://urllib3.readthedocs.io/en/latest/advanced-usage.html#tls-warnings
  warnings.warn(

2026-10-10 03:57:54.047 87 INFO cinder.volume.drivers.lightos [None req-3532d982-a8da-461b-a312-156672a568d1 e535b7fa02524cee8d09b2967ac24cad 3e9f7715ad7c423c8e08fc3998719644 - - - -] Invoking create_snapshot using POST url: /api/v2/projects/default/snapshots             request.body: {'name': 'snapshot-67768a2f-0db3-476a-ab82-b284c92662bf', 'sourceVolumeUUID': None, 'sourceVolumeName': 'vol_5c3d14a1-0cb1-42f2-869a-faf3b62a4eac'} ssl_verify: False
2026-10-10 03:57:54.100 87 WARNING py.warnings [None req-3532d982-a8da-461b-a312-156672a568d1 e535b7fa02524cee8d09b2967ac24cad 3e9f7715ad7c423c8e08fc3998719644 - - - -] /var/lib/kolla/venv/lib/python3.12/site-packages/urllib3/connectionpool.py:1110: InsecureRequestWarning: Unverified HTTPS request is being made to host '[LB_IP_ADDRESS]'. Adding certificate verification is strongly advised. See: https://urllib3.readthedocs.io/en/latest/advanced-usage.html#tls-warnings
  warnings.warn(

2026-10-10 03:57:54.140 87 INFO cinder.volume.drivers.lightos [None req-3532d982-a8da-461b-a312-156672a568d1 e535b7fa02524cee8d09b2967ac24cad 3e9f7715ad7c423c8e08fc3998719644 - - - -] Invoking get_snapshot_by_name using GET url: /api/v2/projects/default/snapshots/?Name=snapshot-67768a2f-0db3-476a-ab82-b284c92662bf             request.body: {} ssl_verify: False
2026-10-10 03:57:54.183 87 WARNING py.warnings [None req-3532d982-a8da-461b-a312-156672a568d1 e535b7fa02524cee8d09b2967ac24cad 3e9f7715ad7c423c8e08fc3998719644 - - - -] /var/lib/kolla/venv/lib/python3.12/site-packages/urllib3/connectionpool.py:1110: InsecureRequestWarning: Unverified HTTPS request is being made to host '[LB_IP_ADDRESS]'. Adding certificate verification is strongly advised. See: https://urllib3.readthedocs.io/en/latest/advanced-usage.html#tls-warnings
  warnings.warn(

2026-10-10 03:57:55.199 87 INFO cinder.volume.drivers.lightos [None req-3532d982-a8da-461b-a312-156672a568d1 e535b7fa02524cee8d09b2967ac24cad 3e9f7715ad7c423c8e08fc3998719644 - - - -] Invoking get_snapshot_by_name using GET url: /api/v2/projects/default/snapshots/?Name=snapshot-67768a2f-0db3-476a-ab82-b284c92662bf             request.body: {} ssl_verify: False
2026-10-10 03:57:55.246 87 WARNING py.warnings [None req-3532d982-a8da-461b-a312-156672a568d1 e535b7fa02524cee8d09b2967ac24cad 3e9f7715ad7c423c8e08fc3998719644 - - - -] /var/lib/kolla/venv/lib/python3.12/site-packages/urllib3/connectionpool.py:1110: InsecureRequestWarning: Unverified HTTPS request is being made to host '[LB_IP_ADDRESS]'. Adding certificate verification is strongly advised. See: https://urllib3.readthedocs.io/en/latest/advanced-usage.html#tls-warnings
  warnings.warn(

2026-10-10 03:57:55.279 87 INFO cinder.volume.manager [None req-3532d982-a8da-461b-a312-156672a568d1 e535b7fa02524cee8d09b2967ac24cad 3e9f7715ad7c423c8e08fc3998719644 - - - -] Create snapshot completed successfully
2026-10-10 03:57:56.131 87 INFO cinder.volume.drivers.lightos [None req-8507e499-beac-406d-9d64-da7881f647da e535b7fa02524cee8d09b2967ac24cad 3e9f7715ad7c423c8e08fc3998719644 - - default default] Invoking get_snapshot_by_name using GET url: /api/v2/projects/default/snapshots/?Name=snapshot-67768a2f-0db3-476a-ab82-b284c92662bf             request.body: {} ssl_verify: False
2026-10-10 03:57:56.170 87 WARNING py.warnings [None req-8507e499-beac-406d-9d64-da7881f647da e535b7fa02524cee8d09b2967ac24cad 3e9f7715ad7c423c8e08fc3998719644 - - default default] /var/lib/kolla/venv/lib/python3.12/site-packages/urllib3/connectionpool.py:1110: InsecureRequestWarning: Unverified HTTPS request is being made to host '[LB_IP_ADDRESS]'. Adding certificate verification is strongly advised. See: https://urllib3.readthedocs.io/en/latest/advanced-usage.html#tls-warnings
  warnings.warn(

2026-10-10 03:57:56.180 87 INFO cinder.volume.drivers.lightos [None req-8507e499-beac-406d-9d64-da7881f647da e535b7fa02524cee8d09b2967ac24cad 3e9f7715ad7c423c8e08fc3998719644 - - default default] Invoking delete_snapshot using DELETE url: /api/v2/projects/default/snapshots/a3ce2e9f-087e-4f5e-99ad-1c82609c0dcb?             request.body:  ssl_verify: False
2026-10-10 03:57:56.221 87 WARNING py.warnings [None req-8507e499-beac-406d-9d64-da7881f647da e535b7fa02524cee8d09b2967ac24cad 3e9f7715ad7c423c8e08fc3998719644 - - default default] /var/lib/kolla/venv/lib/python3.12/site-packages/urllib3/connectionpool.py:1110: InsecureRequestWarning: Unverified HTTPS request is being made to host '[LB_IP_ADDRESS]'. Adding certificate verification is strongly advised. See: https://urllib3.readthedocs.io/en/latest/advanced-usage.html#tls-warnings
  warnings.warn(

2026-10-10 03:57:56.263 87 INFO cinder.volume.drivers.lightos [None req-8507e499-beac-406d-9d64-da7881f647da e535b7fa02524cee8d09b2967ac24cad 3e9f7715ad7c423c8e08fc3998719644 - - default default] Invoking get_snapshot using GET url: /api/v2/projects/default/snapshots/a3ce2e9f-087e-4f5e-99ad-1c82609c0dcb             request.body: {} ssl_verify: False
2026-10-10 03:57:56.305 87 WARNING py.warnings [None req-8507e499-beac-406d-9d64-da7881f647da e535b7fa02524cee8d09b2967ac24cad 3e9f7715ad7c423c8e08fc3998719644 - - default default] /var/lib/kolla/venv/lib/python3.12/site-packages/urllib3/connectionpool.py:1110: InsecureRequestWarning: Unverified HTTPS request is being made to host '[LB_IP_ADDRESS]'. Adding certificate verification is strongly advised. See: https://urllib3.readthedocs.io/en/latest/advanced-usage.html#tls-warnings
  warnings.warn(

2026-10-10 03:57:56.449 87 INFO cinder.volume.manager [None req-8507e499-beac-406d-9d64-da7881f647da e535b7fa02524cee8d09b2967ac24cad 3e9f7715ad7c423c8e08fc3998719644 - - default default] Delete snapshot completed successfully.
2026-10-10 03:57:57.257 87 INFO cinder.volume.drivers.lightos [None req-a4ea5ae9-7722-4a6a-9a71-361340e9273e e535b7fa02524cee8d09b2967ac24cad 3e9f7715ad7c423c8e08fc3998719644 - - default default] Invoking delete_volume using DELETE url: /api/v2/projects/default/volumes/01413610-29d1-4697-8dc2-26c7a2de76d1?             request.body:  ssl_verify: False
2026-10-10 03:57:57.294 87 WARNING py.warnings [None req-a4ea5ae9-7722-4a6a-9a71-361340e9273e e535b7fa02524cee8d09b2967ac24cad 3e9f7715ad7c423c8e08fc3998719644 - - default default] /var/lib/kolla/venv/lib/python3.12/site-packages/urllib3/connectionpool.py:1110: InsecureRequestWarning: Unverified HTTPS request is being made to host '[LB_IP_ADDRESS]'. Adding certificate verification is strongly advised. See: https://urllib3.readthedocs.io/en/latest/advanced-usage.html#tls-warnings
  warnings.warn(

2026-10-10 03:57:57.348 87 INFO cinder.volume.drivers.lightos [None req-a4ea5ae9-7722-4a6a-9a71-361340e9273e e535b7fa02524cee8d09b2967ac24cad 3e9f7715ad7c423c8e08fc3998719644 - - default default] Invoking get_volume using GET url: /api/v2/projects/default/volumes/01413610-29d1-4697-8dc2-26c7a2de76d1             request.body: {} ssl_verify: False
2026-10-10 03:57:57.391 87 WARNING py.warnings [None req-a4ea5ae9-7722-4a6a-9a71-361340e9273e e535b7fa02524cee8d09b2967ac24cad 3e9f7715ad7c423c8e08fc3998719644 - - default default] /var/lib/kolla/venv/lib/python3.12/site-packages/urllib3/connectionpool.py:1110: InsecureRequestWarning: Unverified HTTPS request is being made to host '[LB_IP_ADDRESS]'. Adding certificate verification is strongly advised. See: https://urllib3.readthedocs.io/en/latest/advanced-usage.html#tls-warnings
  warnings.warn(

2026-10-10 03:57:57.550 87 INFO cinder.volume.manager [None req-a4ea5ae9-7722-4a6a-9a71-361340e9273e e535b7fa02524cee8d09b2967ac24cad 3e9f7715ad7c423c8e08fc3998719644 - - default default] Deleted volume successfully.
2026-10-10 03:57:58.394 87 INFO cinder.volume.drivers.lightos [None req-8dac21ba-e7e6-4b80-b37a-e54de19d7257 e535b7fa02524cee8d09b2967ac24cad 3e9f7715ad7c423c8e08fc3998719644 - - default default] Invoking delete_volume using DELETE url: /api/v2/projects/default/volumes/ff160196-5700-40ed-826c-2640343b5c93?             request.body:  ssl_verify: False
2026-10-10 03:57:58.430 87 WARNING py.warnings [None req-8dac21ba-e7e6-4b80-b37a-e54de19d7257 e535b7fa02524cee8d09b2967ac24cad 3e9f7715ad7c423c8e08fc3998719644 - - default default] /var/lib/kolla/venv/lib/python3.12/site-packages/urllib3/connectionpool.py:1110: InsecureRequestWarning: Unverified HTTPS request is being made to host '[LB_IP_ADDRESS]'. Adding certificate verification is strongly advised. See: https://urllib3.readthedocs.io/en/latest/advanced-usage.html#tls-warnings
  warnings.warn(

2026-10-10 03:57:58.458 87 INFO cinder.volume.drivers.lightos [None req-8dac21ba-e7e6-4b80-b37a-e54de19d7257 e535b7fa02524cee8d09b2967ac24cad 3e9f7715ad7c423c8e08fc3998719644 - - default default] Invoking get_volume using GET url: /api/v2/projects/default/volumes/ff160196-5700-40ed-826c-2640343b5c93             request.body: {} ssl_verify: False
2026-10-10 03:57:58.518 87 WARNING py.warnings [None req-8dac21ba-e7e6-4b80-b37a-e54de19d7257 e535b7fa02524cee8d09b2967ac24cad 3e9f7715ad7c423c8e08fc3998719644 - - default default] /var/lib/kolla/venv/lib/python3.12/site-packages/urllib3/connectionpool.py:1110: InsecureRequestWarning: Unverified HTTPS request is being made to host '[LB_IP_ADDRESS]'. Adding certificate verification is strongly advised. See: https://urllib3.readthedocs.io/en/latest/advanced-usage.html#tls-warnings
  warnings.warn(

2026-10-10 03:57:58.667 87 INFO cinder.volume.manager [None req-8dac21ba-e7e6-4b80-b37a-e54de19d7257 e535b7fa02524cee8d09b2967ac24cad 3e9f7715ad7c423c8e08fc3998719644 - - default default] Deleted volume successfully.
